replica,receita_alt3,receita_alt2,margem_alt3_sem_piso_pr09_4,margem_alt3_com_piso_pr09_4,margem_alt3_sem_piso_pr09_5,margem_alt3_com_piso_pr09_5,margem_alt3_sem_piso_frota_nec,margem_alt3_sem_piso_frota_banda,margem_alt3_com_piso_frota_nec,margem_alt2_sem_piso_slide14_pap,margem_alt2_sem_piso_frota_nec
1,2082.5583333333334,240.04166666666663,-479.36041666666665,475.0,-583.4883333333333,180.0,41.2791666666667,41.2791666666667,1950.0,-919.9861111111111,-879.9791666666667
2,2063.7166666666667,314.41666666666663,-484.0708333333333,475.0,-587.2566666666667,180.0,31.85833333333335,31.85833333333335,1950.0,-895.1944444444445,-842.7916666666667
3,1650.3083333333332,224.29166666666663,-587.4229166666667,475.0,-669.9383333333334,180.0,-174.84583333333342,-174.84583333333342,1950.0,-925.2361111111111,-887.8541666666667
4,1876.35,291.6666666666667,-530.9125,475.0,-624.73,180.0,-61.825000000000045,-61.825000000000045,1950.0,-902.7777777777778,-854.1666666666666
5,1960.0583333333332,315.875,-509.9854166666667,475.0,-607.9883333333333,180.0,-19.970833333333417,-19.970833333333417,1950.0,-894.7083333333334,-842.0625
6,1911.1166666666668,268.9166666666667,-522.2208333333333,475.0,-617.7766666666666,180.0,-44.441666666666606,-44.441666666666606,1950.0,-910.3611111111111,-865.5416666666666
7,1799.9333333333332,264.8333333333333,-550.0166666666667,475.0,-640.0133333333333,180.0,-100.03333333333342,-100.03333333333342,1950.0,-911.7222222222222,-867.5833333333334
8,1740.6083333333331,261.0416666666667,-564.8479166666667,475.0,-651.8783333333333,180.0,-129.69583333333344,-129.69583333333344,1950.0,-912.9861111111111,-869.4791666666666
9,1781.4416666666666,242.375,-554.6395833333333,475.0,-643.7116666666667,180.0,-109.2791666666667,-109.2791666666667,1950.0,-919.2083333333334,-878.8125
10,1895.5416666666667,318.7916666666667,-526.1145833333333,475.0,-620.8916666666667,180.0,-52.22916666666663,-52.22916666666663,1950.0,-893.7361111111111,-840.6041666666666
11,1696.2749999999996,296.04166666666663,-575.9312500000001,475.0,-660.7450000000001,180.0,-151.86250000000018,-151.86250000000018,1950.0,-901.3194444444445,-851.9791666666667
12,1912.8666666666668,270.6666666666667,-521.7833333333333,475.0,-617.4266666666666,180.0,-43.566666666666606,-43.566666666666606,1950.0,-909.7777777777778,-864.6666666666666
13,1609.3583333333331,209.125,-597.6604166666667,475.0,-678.1283333333333,180.0,-195.32083333333344,-195.32083333333344,1950.0,-930.2916666666666,-895.4375
14,2426.7833333333333,338.3333333333333,-393.3041666666667,475.0,-514.6433333333333,180.0,213.39166666666665,213.39166666666665,1950.0,-887.2222222222222,-830.8333333333334
15,1593.725,227.20833333333331,-601.56875,475.0,-681.255,180.0,-203.13750000000005,-203.13750000000005,1950.0,-924.2638888888889,-886.3958333333334
16,1770.5916666666665,219.625,-557.3520833333334,475.0,-645.8816666666667,180.0,-114.70416666666677,-114.70416666666677,1950.0,-926.7916666666666,-890.1875
17,2016.0,310.33333333333337,-496.0,475.0,-596.8,180.0,8.0,8.0,1950.0,-896.5555555555555,-844.8333333333333
18,1964.0833333333333,268.33333333333337,-508.9791666666667,475.0,-607.1833333333334,180.0,-17.95833333333337,-17.95833333333337,1950.0,-910.5555555555555,-865.8333333333333
19,1878.625,301.875,-530.34375,475.0,-624.275,180.0,-60.6875,-60.6875,1950.0,-899.375,-849.0625
20,1826.5916666666667,265.70833333333337,-543.3520833333333,475.0,-634.6816666666666,180.0,-86.70416666666665,-86.70416666666665,1950.0,-911.4305555555555,-867.1458333333333
21,1678.775,278.5416666666667,-580.30625,475.0,-664.245,180.0,-160.61249999999995,-160.61249999999995,1950.0,-907.1527777777778,-860.7291666666666
22,1236.55,211.16666666666663,-690.8625,475.0,-752.69,180.0,-381.725,-381.725,1950.0,-929.6111111111111,-894.4166666666667
23,1687.35,281.1666666666667,-578.1625,475.0,-662.53,180.0,-156.32500000000005,-156.32500000000005,1950.0,-906.2777777777778,-859.4166666666666
24,1486.275,195.125,-628.43125,475.0,-702.745,180.0,-256.86249999999995,-256.86249999999995,1950.0,-934.9583333333334,-902.4375
25,1861.125,264.54166666666663,-534.71875,475.0,-627.775,180.0,-69.4375,-69.4375,1950.0,-911.8194444444445,-867.7291666666667
26,1667.6916666666666,247.625,-583.0770833333333,475.0,-666.4616666666667,180.0,-166.1541666666667,-166.1541666666667,1950.0,-917.4583333333334,-876.1875
27,2036.5333333333333,285.25,-490.8666666666667,475.0,-592.6933333333334,180.0,18.26666666666665,18.26666666666665,1950.0,-904.9166666666666,-857.375
28,1549.0416666666663,220.2083333333333,-612.7395833333335,475.0,-690.1916666666667,180.0,-225.47916666666686,-225.47916666666686,1950.0,-926.5972222222223,-889.8958333333334
29,1522.5583333333332,265.125,-619.3604166666667,475.0,-695.4883333333333,180.0,-238.72083333333342,-238.72083333333342,1950.0,-911.625,-867.4375
30,1054.0833333333333,221.08333333333331,-736.4791666666667,475.0,-789.1833333333334,180.0,-472.95833333333337,-472.95833333333337,1950.0,-926.3055555555555,-889.4583333333334
31,1864.4500000000005,291.6666666666667,-533.8874999999998,475.0,-627.1099999999999,180.0,-67.77499999999975,-67.77499999999975,1950.0,-902.7777777777778,-854.1666666666666
32,2141.5333333333333,251.41666666666663,-464.6166666666667,475.0,-571.6933333333334,180.0,70.76666666666665,70.76666666666665,1950.0,-916.1944444444445,-874.2916666666667
33,1497.4166666666663,257.83333333333337,-625.6458333333335,475.0,-700.5166666666668,180.0,-251.29166666666686,-251.29166666666686,1950.0,-914.0555555555555,-871.0833333333333
34,1601.9499999999998,247.33333333333331,-599.5125,475.0,-679.61,180.0,-199.0250000000001,-199.0250000000001,1950.0,-917.5555555555555,-876.3333333333334
35,1536.0916666666667,203.29166666666663,-615.9770833333333,475.0,-692.7816666666666,180.0,-231.95416666666665,-231.95416666666665,1950.0,-932.2361111111111,-898.3541666666667
36,1908.2,266.0,-522.95,475.0,-618.36,180.0,-45.89999999999998,-45.89999999999998,1950.0,-911.3333333333334,-867.0
37,2079.4083333333333,318.20833333333337,-480.1479166666667,475.0,-584.1183333333333,180.0,39.70416666666665,39.70416666666665,1950.0,-893.9305555555555,-840.8958333333333
38,1429.75,180.25,-642.5625,475.0,-714.05,180.0,-285.125,-285.125,1950.0,-939.9166666666666,-909.875
39,2114.175,295.4583333333333,-471.45624999999995,475.0,-577.165,180.0,57.08750000000009,57.08750000000009,1950.0,-901.5138888888889,-852.2708333333334
40,2464.0,341.83333333333337,-384.0,475.0,-507.2,180.0,232.0,232.0,1950.0,-886.0555555555555,-829.0833333333333
41,1735.0666666666666,225.75,-566.2333333333333,475.0,-652.9866666666667,180.0,-132.4666666666667,-132.4666666666667,1950.0,-924.75,-887.125
42,1681.3416666666665,219.625,-579.6645833333334,475.0,-663.7316666666667,180.0,-159.32916666666677,-159.32916666666677,1950.0,-926.7916666666666,-890.1875
43,1765.2833333333333,271.8333333333333,-558.6791666666667,475.0,-646.9433333333334,180.0,-117.35833333333335,-117.35833333333335,1950.0,-909.3888888888889,-864.0833333333334
44,2425.325,326.9583333333333,-393.66875000000005,475.0,-514.9350000000001,180.0,212.6624999999999,212.6624999999999,1950.0,-891.0138888888889,-836.5208333333334
45,2026.2666666666664,243.25,-493.4333333333334,475.0,-594.7466666666667,180.0,13.133333333333212,13.133333333333212,1950.0,-918.9166666666666,-878.375
46,2251.1416666666664,289.625,-437.2145833333334,475.0,-549.7716666666668,180.0,125.57083333333321,125.57083333333321,1950.0,-903.4583333333334,-855.1875
47,1878.1583333333333,285.54166666666663,-530.4604166666667,475.0,-624.3683333333333,180.0,-60.92083333333335,-60.92083333333335,1950.0,-904.8194444444445,-857.2291666666667
48,1875.9416666666664,227.79166666666663,-531.0145833333333,475.0,-624.8116666666667,180.0,-62.02916666666681,-62.02916666666681,1950.0,-924.0694444444445,-886.1041666666667
49,1485.1083333333331,233.625,-628.7229166666667,475.0,-702.9783333333334,180.0,-257.44583333333344,-257.44583333333344,1950.0,-922.125,-883.1875
50,1622.1916666666666,271.5416666666667,-594.4520833333333,475.0,-675.5616666666667,180.0,-188.9041666666667,-188.9041666666667,1950.0,-909.4861111111111,-864.2291666666666
51,1996.225,312.375,-500.94375,475.0,-600.755,180.0,-1.8875000000000455,-1.8875000000000455,1950.0,-895.875,-843.8125
52,1928.85,314.41666666666663,-517.7875,475.0,-614.23,180.0,-35.575000000000045,-35.575000000000045,1950.0,-895.1944444444445,-842.7916666666667
53,1429.8666666666668,224.0,-642.5333333333333,475.0,-714.0266666666666,180.0,-285.0666666666666,-285.0666666666666,1950.0,-925.3333333333334,-888.0
54,1459.675,216.125,-635.08125,475.0,-708.065,180.0,-270.1625,-270.1625,1950.0,-927.9583333333334,-891.9375
55,1907.5,211.75,-523.125,475.0,-618.5,180.0,-46.25,-46.25,1950.0,-929.4166666666666,-894.125
56,1862.4083333333333,259.875,-534.3979166666667,475.0,-627.5183333333333,180.0,-68.79583333333335,-68.79583333333335,1950.0,-913.375,-870.0625
57,1755.425,234.20833333333331,-561.14375,475.0,-648.915,180.0,-122.28750000000002,-122.28750000000002,1950.0,-921.9305555555555,-882.8958333333334
58,2097.55,338.3333333333333,-475.61249999999995,475.0,-580.49,180.0,48.77500000000009,48.77500000000009,1950.0,-887.2222222222222,-830.8333333333334
59,2237.6666666666665,264.25,-440.58333333333337,475.0,-552.4666666666667,180.0,118.83333333333326,118.83333333333326,1950.0,-911.9166666666666,-867.875
60,2003.3416666666667,283.7916666666667,-499.1645833333333,475.0,-599.3316666666667,180.0,1.6708333333333485,1.6708333333333485,1950.0,-905.4027777777778,-858.1041666666666
61,1793.2833333333333,250.25,-551.6791666666667,475.0,-641.3433333333334,180.0,-103.35833333333335,-103.35833333333335,1950.0,-916.5833333333334,-874.875
62,1761.6083333333331,242.375,-559.5979166666667,475.0,-647.6783333333334,180.0,-119.19583333333344,-119.19583333333344,1950.0,-919.2083333333334,-878.8125
63,1896.475,262.2083333333333,-525.88125,475.0,-620.705,180.0,-51.762500000000045,-51.762500000000045,1950.0,-912.5972222222222,-868.8958333333334
64,1824.1416666666669,229.54166666666663,-543.9645833333333,475.0,-635.1716666666666,180.0,-87.92916666666656,-87.92916666666656,1950.0,-923.4861111111111,-885.2291666666667
65,2127.1250000000005,302.45833333333337,-468.2187499999999,475.0,-574.5749999999999,180.0,63.56250000000023,63.56250000000023,1950.0,-899.1805555555555,-848.7708333333333
66,1915.4916666666663,283.2083333333333,-521.1270833333334,475.0,-616.9016666666668,180.0,-42.25416666666683,-42.25416666666683,1950.0,-905.5972222222222,-858.3958333333334
67,1987.825,286.125,-503.04375,475.0,-602.435,180.0,-6.087499999999977,-6.087499999999977,1950.0,-904.625,-856.9375
68,1318.625,217.875,-670.34375,475.0,-736.275,180.0,-340.6875,-340.6875,1950.0,-927.375,-891.0625
69,1760.5583333333332,284.9583333333333,-559.8604166666667,475.0,-647.8883333333333,180.0,-119.72083333333342,-119.72083333333342,1950.0,-905.0138888888889,-857.5208333333334
70,1710.2166666666665,248.5,-572.4458333333334,475.0,-657.9566666666667,180.0,-144.89166666666677,-144.89166666666677,1950.0,-917.1666666666666,-875.75
71,2181.7833333333333,321.4166666666667,-454.5541666666667,475.0,-563.6433333333333,180.0,90.89166666666665,90.89166666666665,1950.0,-892.8611111111111,-839.2916666666666
72,2047.9083333333333,237.125,-488.0229166666667,475.0,-590.4183333333333,180.0,23.95416666666665,23.95416666666665,1950.0,-920.9583333333334,-881.4375
73,1590.5166666666664,273.58333333333337,-602.3708333333334,475.0,-681.8966666666668,180.0,-204.7416666666668,-204.7416666666668,1950.0,-908.8055555555555,-863.2083333333333
74,1753.6166666666666,329.5833333333333,-561.5958333333333,475.0,-649.2766666666666,180.0,-123.19166666666672,-123.19166666666672,1950.0,-890.1388888888889,-835.2083333333334
75,2247.3499999999995,305.6666666666667,-438.16250000000014,475.0,-550.5300000000001,180.0,123.67499999999973,123.67499999999973,1950.0,-898.1111111111111,-847.1666666666666
76,2021.3083333333332,307.70833333333337,-494.6729166666667,475.0,-595.7383333333333,180.0,10.654166666666583,10.654166666666583,1950.0,-897.4305555555555,-846.1458333333333
77,2025.2166666666667,275.9166666666667,-493.6958333333333,475.0,-594.9566666666667,180.0,12.608333333333348,12.608333333333348,1950.0,-908.0277777777778,-862.0416666666666
78,1805.9416666666664,266.875,-548.5145833333333,475.0,-638.8116666666667,180.0,-97.02916666666681,-97.02916666666681,1950.0,-911.0416666666666,-866.5625
79,1843.3916666666669,278.5416666666667,-539.1520833333333,475.0,-631.3216666666666,180.0,-78.30416666666656,-78.30416666666656,1950.0,-907.1527777777778,-860.7291666666666
80,2229.5583333333334,307.70833333333337,-442.61041666666665,475.0,-554.0883333333334,180.0,114.7791666666667,114.7791666666667,1950.0,-897.4305555555555,-846.1458333333333
81,1510.1916666666666,258.7083333333333,-622.4520833333333,475.0,-697.9616666666667,180.0,-244.9041666666667,-244.9041666666667,1950.0,-913.7638888888889,-870.6458333333334
82,1729.9916666666668,276.20833333333337,-567.5020833333333,475.0,-654.0016666666667,180.0,-135.0041666666666,-135.0041666666666,1950.0,-907.9305555555555,-861.8958333333333
83,1681.1666666666663,263.08333333333337,-579.7083333333335,475.0,-663.7666666666668,180.0,-159.41666666666686,-159.41666666666686,1950.0,-912.3055555555555,-868.4583333333333
84,1333.6166666666668,217.0,-666.5958333333333,475.0,-733.2766666666666,180.0,-333.1916666666666,-333.1916666666666,1950.0,-927.6666666666666,-891.5
85,1721.8833333333332,299.83333333333337,-569.5291666666667,475.0,-655.6233333333333,180.0,-139.0583333333334,-139.0583333333334,1950.0,-900.0555555555555,-850.0833333333333
86,1957.4333333333332,224.0,-510.6416666666667,475.0,-608.5133333333333,180.0,-21.283333333333417,-21.283333333333417,1950.0,-925.3333333333334,-888.0
87,1769.1333333333332,287.5833333333333,-557.7166666666667,475.0,-646.1733333333334,180.0,-115.4333333333334,-115.4333333333334,1950.0,-904.1388888888889,-856.2083333333334
88,1454.6,197.16666666666669,-636.35,475.0,-709.08,180.0,-272.70000000000005,-272.70000000000005,1950.0,-934.2777777777778,-901.4166666666666
89,1492.225,264.54166666666663,-626.94375,475.0,-701.5550000000001,180.0,-253.88750000000005,-253.88750000000005,1950.0,-911.8194444444445,-867.7291666666667
90,2028.6583333333333,326.9583333333333,-492.8354166666667,475.0,-594.2683333333333,180.0,14.329166666666652,14.329166666666652,1950.0,-891.0138888888889,-836.5208333333334
91,2038.1666666666663,292.8333333333333,-490.4583333333334,475.0,-592.3666666666668,180.0,19.083333333333144,19.083333333333144,1950.0,-902.3888888888889,-853.5833333333334
92,1975.4,307.4166666666667,-506.15,475.0,-604.92,180.0,-12.299999999999955,-12.299999999999955,1950.0,-897.5277777777778,-846.2916666666666
93,1966.5333333333333,304.5,-508.3666666666667,475.0,-606.6933333333334,180.0,-16.73333333333335,-16.73333333333335,1950.0,-898.5,-847.75
94,1548.1083333333331,227.20833333333331,-612.9729166666667,475.0,-690.3783333333333,180.0,-225.94583333333344,-225.94583333333344,1950.0,-924.2638888888889,-886.3958333333334
95,1789.1416666666664,273.875,-552.7145833333334,475.0,-642.1716666666667,180.0,-105.42916666666679,-105.42916666666679,1950.0,-908.7083333333334,-863.0625
96,1970.5583333333332,286.70833333333337,-507.3604166666667,475.0,-605.8883333333333,180.0,-14.720833333333417,-14.720833333333417,1950.0,-904.4305555555555,-856.6458333333333
97,2046.625,340.9583333333333,-488.34375,475.0,-590.675,180.0,23.3125,23.3125,1950.0,-886.3472222222222,-829.5208333333334
98,2068.325,356.7083333333333,-482.91875000000005,475.0,-586.335,180.0,34.16249999999991,34.16249999999991,1950.0,-881.0972222222222,-821.6458333333334
99,1612.6833333333332,285.8333333333333,-596.8291666666667,475.0,-677.4633333333334,180.0,-193.65833333333342,-193.65833333333342,1950.0,-904.7222222222222,-857.0833333333334
100,1932.2916666666667,266.2916666666667,-516.9270833333333,475.0,-613.5416666666666,180.0,-33.85416666666663,-33.85416666666663,1950.0,-911.2361111111111,-866.8541666666666
101,1777.825,224.875,-555.54375,475.0,-644.435,180.0,-111.08749999999998,-111.08749999999998,1950.0,-925.0416666666666,-887.5625
102,2059.6916666666666,312.375,-485.07708333333335,475.0,-588.0616666666667,180.0,29.845833333333303,29.845833333333303,1950.0,-895.875,-843.8125
103,1962.45,330.16666666666663,-509.3875,475.0,-607.51,180.0,-18.774999999999977,-18.774999999999977,1950.0,-889.9444444444445,-834.9166666666667
104,2007.8333333333333,322.0,-498.0416666666667,475.0,-598.4333333333334,180.0,3.9166666666666288,3.9166666666666288,1950.0,-892.6666666666666,-839.0
105,1628.6666666666663,220.5,-592.8333333333335,475.0,-674.2666666666668,180.0,-185.66666666666686,-185.66666666666686,1950.0,-926.5,-889.75
106,2079.2916666666665,333.95833333333337,-480.17708333333337,475.0,-584.1416666666667,180.0,39.64583333333326,39.64583333333326,1950.0,-888.6805555555555,-833.0208333333333
107,1778.2916666666663,270.95833333333337,-555.4270833333335,475.0,-644.3416666666667,180.0,-110.85416666666686,-110.85416666666686,1950.0,-909.6805555555555,-864.5208333333333
108,1699.1916666666664,298.9583333333333,-575.2020833333333,475.0,-660.1616666666667,180.0,-150.4041666666668,-150.4041666666668,1950.0,-900.3472222222222,-850.5208333333334
109,2194.5,300.4166666666667,-451.375,475.0,-561.1,180.0,97.25,97.25,1950.0,-899.8611111111111,-849.7916666666666
110,1958.425,288.4583333333333,-510.39375,475.0,-608.315,180.0,-20.787500000000023,-20.787500000000023,1950.0,-903.8472222222222,-855.7708333333334
111,1715.4083333333333,281.45833333333337,-571.1479166666667,475.0,-656.9183333333333,180.0,-142.29583333333335,-142.29583333333335,1950.0,-906.1805555555555,-859.2708333333333
112,2150.6916666666666,314.125,-462.32708333333335,475.0,-569.8616666666667,180.0,75.3458333333333,75.3458333333333,1950.0,-895.2916666666666,-842.9375
113,1295.4083333333333,198.625,-676.1479166666667,475.0,-740.9183333333333,180.0,-352.29583333333335,-352.29583333333335,1950.0,-933.7916666666666,-900.6875
114,2225.125,291.375,-443.71875,475.0,-554.975,180.0,112.5625,112.5625,1950.0,-902.875,-854.3125
115,1589.6416666666669,262.7916666666667,-602.5895833333333,475.0,-682.0716666666666,180.0,-205.17916666666656,-205.17916666666656,1950.0,-912.4027777777778,-868.6041666666666
116,1880.8416666666667,280.29166666666663,-529.7895833333333,475.0,-623.8316666666667,180.0,-59.57916666666665,-59.57916666666665,1950.0,-906.5694444444445,-859.8541666666667
117,1770.4166666666667,243.25,-557.3958333333333,475.0,-645.9166666666666,180.0,-114.79166666666663,-114.79166666666663,1950.0,-918.9166666666666,-878.375
118,1437.625,247.625,-640.59375,475.0,-712.475,180.0,-281.1875,-281.1875,1950.0,-917.4583333333334,-876.1875
119,2052.8083333333334,329.2916666666667,-486.79791666666665,475.0,-589.4383333333333,180.0,26.404166666666697,26.404166666666697,1950.0,-890.2361111111111,-835.3541666666666
120,1384.3083333333332,206.20833333333331,-653.9229166666667,475.0,-723.1383333333333,180.0,-307.8458333333334,-307.8458333333334,1950.0,-931.2638888888889,-896.8958333333334
121,2020.9,352.9166666666667,-494.775,475.0,-595.8199999999999,180.0,10.450000000000045,10.450000000000045,1950.0,-882.3611111111111,-823.5416666666666
122,1594.6583333333333,220.2083333333333,-601.3354166666667,475.0,-681.0683333333334,180.0,-202.67083333333335,-202.67083333333335,1950.0,-926.5972222222223,-889.8958333333334
123,1512.2916666666667,203.29166666666663,-621.9270833333333,475.0,-697.5416666666666,180.0,-243.85416666666663,-243.85416666666663,1950.0,-932.2361111111111,-898.3541666666667
124,1987.125,291.375,-503.21875,475.0,-602.575,180.0,-6.4375,-6.4375,1950.0,-902.875,-854.3125
125,2067.2166666666667,288.16666666666663,-483.1958333333333,475.0,-586.5566666666666,180.0,33.60833333333335,33.60833333333335,1950.0,-903.9444444444445,-855.9166666666667
126,1677.4333333333332,291.0833333333333,-580.6416666666667,475.0,-664.5133333333333,180.0,-161.28333333333342,-161.28333333333342,1950.0,-902.9722222222222,-854.4583333333334
127,1763.5916666666667,222.54166666666663,-559.1020833333333,475.0,-647.2816666666666,180.0,-118.20416666666665,-118.20416666666665,1950.0,-925.8194444444445,-888.7291666666667
128,1929.725,315.2916666666667,-517.56875,475.0,-614.0550000000001,180.0,-35.137500000000045,-35.137500000000045,1950.0,-894.9027777777778,-842.3541666666666
129,1616.9416666666664,246.4583333333333,-595.7645833333333,475.0,-676.6116666666667,180.0,-191.5291666666668,-191.5291666666668,1950.0,-917.8472222222223,-876.7708333333334
130,1695.4583333333337,227.79166666666663,-576.1354166666665,475.0,-660.9083333333333,180.0,-152.27083333333314,-152.27083333333314,1950.0,-924.0694444444445,-886.1041666666667
131,1711.0333333333333,247.33333333333331,-572.2416666666667,475.0,-657.7933333333333,180.0,-144.48333333333335,-144.48333333333335,1950.0,-917.5555555555555,-876.3333333333334
132,1513.575,258.125,-621.60625,475.0,-697.285,180.0,-243.21249999999998,-243.21249999999998,1950.0,-913.9583333333334,-870.9375
133,1938.7666666666664,314.41666666666663,-515.3083333333334,475.0,-612.2466666666667,180.0,-30.616666666666788,-30.616666666666788,1950.0,-895.1944444444445,-842.7916666666667
134,2199.925,361.375,-450.01874999999995,475.0,-560.015,180.0,99.96250000000009,99.96250000000009,1950.0,-879.5416666666666,-819.3125
135,1967.7583333333332,268.0416666666667,-508.0604166666667,475.0,-606.4483333333334,180.0,-16.120833333333394,-16.120833333333394,1950.0,-910.6527777777778,-865.9791666666666
136,1184.4583333333337,192.79166666666663,-703.8854166666665,475.0,-763.1083333333332,180.0,-407.77083333333314,-407.77083333333314,1950.0,-935.7361111111111,-903.6041666666667
137,1782.4333333333332,277.0833333333333,-554.3916666666667,475.0,-643.5133333333333,180.0,-108.78333333333342,-108.78333333333342,1950.0,-907.6388888888889,-861.4583333333334
138,1722.1166666666668,288.16666666666663,-569.4708333333333,475.0,-655.5766666666666,180.0,-138.9416666666666,-138.9416666666666,1950.0,-903.9444444444445,-855.9166666666667
139,1662.3833333333332,220.5,-584.4041666666667,475.0,-667.5233333333333,180.0,-168.8083333333334,-168.8083333333334,1950.0,-926.5,-889.75
140,1522.2083333333337,252.875,-619.4479166666665,475.0,-695.5583333333333,180.0,-238.89583333333314,-238.89583333333314,1950.0,-915.7083333333334,-873.5625
141,1804.7166666666667,293.41666666666663,-548.8208333333333,475.0,-639.0566666666666,180.0,-97.64166666666665,-97.64166666666665,1950.0,-902.1944444444445,-853.2916666666667
142,2158.8,270.6666666666667,-460.29999999999995,475.0,-568.24,180.0,79.40000000000009,79.40000000000009,1950.0,-909.7777777777778,-864.6666666666666
143,1434.3,210.58333333333331,-641.425,475.0,-713.14,180.0,-282.85,-282.85,1950.0,-929.8055555555555,-894.7083333333334
144,2222.616666666667,312.6666666666667,-444.3458333333333,475.0,-555.4766666666667,180.0,111.3083333333334,111.3083333333334,1950.0,-895.7777777777778,-843.6666666666666
145,1820.233333333333,241.5,-544.9416666666668,475.0,-635.9533333333334,180.0,-89.88333333333355,-89.88333333333355,1950.0,-919.5,-879.25
146,1777.475,272.125,-555.63125,475.0,-644.505,180.0,-111.26250000000005,-111.26250000000005,1950.0,-909.2916666666666,-863.9375
147,1650.0166666666669,263.6666666666667,-587.4958333333333,475.0,-669.9966666666667,180.0,-174.99166666666656,-174.99166666666656,1950.0,-912.1111111111111,-868.1666666666666
148,2107.4666666666662,288.75,-473.13333333333344,475.0,-578.5066666666668,180.0,53.73333333333312,53.73333333333312,1950.0,-903.75,-855.625
149,2201.7916666666665,268.0416666666667,-449.55208333333337,475.0,-559.6416666666667,180.0,100.89583333333326,100.89583333333326,1950.0,-910.6527777777778,-865.9791666666666
150,2124.383333333333,345.3333333333333,-468.9041666666667,475.0,-575.1233333333333,180.0,62.191666666666606,62.191666666666606,1950.0,-884.8888888888889,-827.3333333333334
151,1368.2666666666669,180.25,-657.9333333333333,475.0,-726.3466666666666,180.0,-315.86666666666656,-315.86666666666656,1950.0,-939.9166666666666,-909.875
152,2651.0166666666664,352.33333333333337,-337.2458333333334,475.0,-469.79666666666674,180.0,325.5083333333332,325.5083333333332,1950.0,-882.5555555555555,-823.8333333333333
153,1611.6333333333332,239.16666666666669,-597.0916666666667,475.0,-677.6733333333334,180.0,-194.1833333333334,-194.1833333333334,1950.0,-920.2777777777778,-880.4166666666666
154,1783.8333333333333,266.5833333333333,-554.0416666666667,475.0,-643.2333333333333,180.0,-108.08333333333337,-108.08333333333337,1950.0,-911.1388888888889,-866.7083333333334
155,1711.6166666666668,277.66666666666663,-572.0958333333333,475.0,-657.6766666666666,180.0,-144.1916666666666,-144.1916666666666,1950.0,-907.4444444444445,-861.1666666666667
156,1702.6916666666666,252.875,-574.3270833333333,475.0,-659.4616666666667,180.0,-148.6541666666667,-148.6541666666667,1950.0,-915.7083333333334,-873.5625
157,1644.2999999999995,261.91666666666663,-588.9250000000002,475.0,-671.1400000000001,180.0,-177.85000000000025,-177.85000000000025,1950.0,-912.6944444444445,-869.0416666666667
158,1909.8916666666664,295.4583333333333,-522.5270833333334,475.0,-618.0216666666668,180.0,-45.05416666666679,-45.05416666666679,1950.0,-901.5138888888889,-852.2708333333334
159,2174.7833333333333,294.58333333333337,-456.3041666666667,475.0,-565.0433333333333,180.0,87.39166666666665,87.39166666666665,1950.0,-901.8055555555555,-852.7083333333333
160,1753.9666666666667,272.41666666666663,-561.5083333333333,475.0,-649.2066666666667,180.0,-123.01666666666665,-123.01666666666665,1950.0,-909.1944444444445,-863.7916666666667
161,1506.2833333333333,231.0,-623.4291666666667,475.0,-698.7433333333333,180.0,-246.85833333333335,-246.85833333333335,1950.0,-923.0,-884.5
162,1570.3916666666669,263.375,-607.4020833333333,475.0,-685.9216666666666,180.0,-214.80416666666656,-214.80416666666656,1950.0,-912.2083333333334,-868.3125
163,1486.3916666666664,238.875,-628.4020833333334,475.0,-702.7216666666667,180.0,-256.8041666666668,-256.8041666666668,1950.0,-920.375,-880.5625
164,1734.8916666666669,229.54166666666663,-566.2770833333333,475.0,-653.0216666666666,180.0,-132.55416666666656,-132.55416666666656,1950.0,-923.4861111111111,-885.2291666666667
165,2069.958333333333,314.7083333333333,-482.51041666666674,475.0,-586.0083333333334,180.0,34.979166666666515,34.979166666666515,1950.0,-895.0972222222222,-842.6458333333334
166,1730.7499999999998,233.3333333333333,-567.3125,475.0,-653.85,180.0,-134.6250000000001,-134.6250000000001,1950.0,-922.2222222222223,-883.3333333333334
167,1513.1083333333331,192.20833333333331,-621.7229166666667,475.0,-697.3783333333333,180.0,-243.44583333333344,-243.44583333333344,1950.0,-935.9305555555555,-903.8958333333334
168,1840.65,252.0,-539.8375,475.0,-631.87,180.0,-79.67499999999995,-79.67499999999995,1950.0,-916.0,-874.0
169,1196.3583333333336,212.625,-700.9104166666666,475.0,-760.7283333333332,180.0,-401.8208333333332,-401.8208333333332,1950.0,-929.125,-893.6875
170,1712.4333333333332,236.83333333333331,-571.8916666666667,475.0,-657.5133333333333,180.0,-143.78333333333342,-143.78333333333342,1950.0,-921.0555555555555,-881.5833333333334
171,2295.358333333333,339.7916666666667,-426.1604166666667,475.0,-540.9283333333334,180.0,147.67916666666656,147.67916666666656,1950.0,-886.7361111111111,-830.1041666666666
172,1732.85,237.41666666666663,-566.7875,475.0,-653.4300000000001,180.0,-133.57500000000005,-133.57500000000005,1950.0,-920.8611111111111,-881.2916666666667
173,1870.108333333333,301.29166666666663,-532.4729166666668,475.0,-625.9783333333335,180.0,-64.94583333333355,-64.94583333333355,1950.0,-899.5694444444445,-849.3541666666667
174,1422.225,224.29166666666663,-644.44375,475.0,-715.5550000000001,180.0,-288.88750000000005,-288.88750000000005,1950.0,-925.2361111111111,-887.8541666666667
175,1320.6083333333331,198.04166666666663,-669.8479166666667,475.0,-735.8783333333333,180.0,-339.69583333333344,-339.69583333333344,1950.0,-933.9861111111111,-900.9791666666667
176,1539.3583333333331,268.0416666666667,-615.1604166666667,475.0,-692.1283333333333,180.0,-230.32083333333344,-230.32083333333344,1950.0,-910.6527777777778,-865.9791666666666
177,1603.9916666666666,249.375,-599.0020833333333,475.0,-679.2016666666667,180.0,-198.00416666666672,-198.00416666666672,1950.0,-916.875,-875.3125
178,1976.7416666666663,265.125,-505.8145833333334,475.0,-604.6516666666668,180.0,-11.629166666666833,-11.629166666666833,1950.0,-911.625,-867.4375
179,1335.1916666666666,242.375,-666.2020833333333,475.0,-732.9616666666667,180.0,-332.4041666666667,-332.4041666666667,1950.0,-919.2083333333334,-878.8125
180,2142.8166666666666,266.5833333333333,-464.29583333333335,475.0,-571.4366666666667,180.0,71.4083333333333,71.4083333333333,1950.0,-911.1388888888889,-866.7083333333334
181,2221.2166666666662,283.5,-444.69583333333344,475.0,-555.7566666666668,180.0,110.60833333333312,110.60833333333312,1950.0,-905.5,-858.25
182,1611.6916666666664,241.2083333333333,-597.0770833333333,475.0,-677.6616666666667,180.0,-194.1541666666668,-194.1541666666668,1950.0,-919.5972222222223,-879.3958333333334
183,1828.5166666666669,273.58333333333337,-542.8708333333333,475.0,-634.2966666666666,180.0,-85.74166666666656,-85.74166666666656,1950.0,-908.8055555555555,-863.2083333333333
184,1993.425,293.7083333333333,-501.64375,475.0,-601.315,180.0,-3.2875000000000227,-3.2875000000000227,1950.0,-902.0972222222222,-853.1458333333334
185,1696.6833333333332,270.6666666666667,-575.8291666666667,475.0,-660.6633333333334,180.0,-151.65833333333342,-151.65833333333342,1950.0,-909.7777777777778,-864.6666666666666
186,1998.325,366.0416666666667,-500.41875,475.0,-600.335,180.0,-0.8374999999999773,-0.8374999999999773,1950.0,-877.9861111111111,-816.9791666666666
187,2197.9416666666666,282.0416666666667,-450.51458333333335,475.0,-560.4116666666666,180.0,98.9708333333333,98.9708333333333,1950.0,-905.9861111111111,-858.9791666666666
188,1693.9416666666666,254.04166666666663,-576.5145833333333,475.0,-661.2116666666667,180.0,-153.0291666666667,-153.0291666666667,1950.0,-915.3194444444445,-872.9791666666667
189,2281.825,312.375,-429.54375000000005,475.0,-543.635,180.0,140.9124999999999,140.9124999999999,1950.0,-895.875,-843.8125
190,2379.9416666666666,335.125,-405.01458333333335,475.0,-524.0116666666667,180.0,189.9708333333333,189.9708333333333,1950.0,-888.2916666666666,-832.4375
191,1436.925,282.625,-640.76875,475.0,-712.615,180.0,-281.5375,-281.5375,1950.0,-905.7916666666666,-858.6875
192,1504.0666666666666,272.41666666666663,-623.9833333333333,475.0,-699.1866666666667,180.0,-247.9666666666667,-247.9666666666667,1950.0,-909.1944444444445,-863.7916666666667
193,1901.2000000000005,239.16666666666669,-524.6999999999998,475.0,-619.7599999999999,180.0,-49.39999999999975,-49.39999999999975,1950.0,-920.2777777777778,-880.4166666666666
194,1846.8333333333333,240.33333333333331,-538.2916666666667,475.0,-630.6333333333333,180.0,-76.58333333333337,-76.58333333333337,1950.0,-919.8888888888889,-879.8333333333334
195,1765.1666666666667,228.0833333333333,-558.7083333333333,475.0,-646.9666666666667,180.0,-117.41666666666663,-117.41666666666663,1950.0,-923.9722222222223,-885.9583333333334
196,2048.608333333333,340.9583333333333,-487.8479166666667,475.0,-590.2783333333334,180.0,24.30416666666656,24.30416666666656,1950.0,-886.3472222222222,-829.5208333333334
197,2395.575,317.04166666666663,-401.10625000000005,475.0,-520.885,180.0,197.7874999999999,197.7874999999999,1950.0,-894.3194444444445,-841.4791666666667
198,1439.7833333333333,184.33333333333331,-640.0541666666667,475.0,-712.0433333333333,180.0,-280.10833333333335,-280.10833333333335,1950.0,-938.5555555555555,-907.8333333333334
199,2085.708333333333,290.79166666666663,-478.57291666666674,475.0,-582.8583333333333,180.0,42.854166666666515,42.854166666666515,1950.0,-903.0694444444445,-854.6041666666667
200,1795.9666666666665,235.08333333333331,-551.0083333333334,475.0,-640.8066666666667,180.0,-102.01666666666677,-102.01666666666677,1950.0,-921.6388888888889,-882.4583333333334
201,1844.15,255.5,-538.9625,475.0,-631.17,180.0,-77.92499999999995,-77.92499999999995,1950.0,-914.8333333333334,-872.25
202,2083.491666666667,312.375,-479.1270833333333,475.0,-583.3016666666666,180.0,41.745833333333394,41.745833333333394,1950.0,-895.875,-843.8125
203,1430.975,223.125,-642.25625,475.0,-713.8050000000001,180.0,-284.51250000000005,-284.51250000000005,1950.0,-925.625,-888.4375
204,2231.366666666667,291.6666666666667,-442.1583333333333,475.0,-553.7266666666667,180.0,115.6833333333334,115.6833333333334,1950.0,-902.7777777777778,-854.1666666666666
205,1748.25,270.6666666666667,-562.9375,475.0,-650.35,180.0,-125.875,-125.875,1950.0,-909.7777777777778,-864.6666666666666
206,1803.4916666666668,210.875,-549.1270833333333,475.0,-639.3016666666666,180.0,-98.2541666666666,-98.2541666666666,1950.0,-929.7083333333334,-894.5625
207,1482.25,232.75,-629.4375,475.0,-703.55,180.0,-258.875,-258.875,1950.0,-922.4166666666666,-883.625
208,2048.9,291.6666666666667,-487.775,475.0,-590.22,180.0,24.450000000000045,24.450000000000045,1950.0,-902.7777777777778,-854.1666666666666
209,2215.0333333333333,324.91666666666663,-446.2416666666667,475.0,-556.9933333333333,180.0,107.51666666666665,107.51666666666665,1950.0,-891.6944444444445,-837.5416666666667
210,1831.608333333333,242.95833333333331,-542.0979166666668,475.0,-633.6783333333334,180.0,-84.19583333333355,-84.19583333333355,1950.0,-919.0138888888889,-878.5208333333334
211,2121.116666666667,310.33333333333337,-469.7208333333333,475.0,-575.7766666666666,180.0,60.558333333333394,60.558333333333394,1950.0,-896.5555555555555,-844.8333333333333
212,1673.525,243.54166666666663,-581.61875,475.0,-665.295,180.0,-163.23749999999995,-163.23749999999995,1950.0,-918.8194444444445,-878.2291666666667
213,1501.0333333333333,255.5,-624.7416666666667,475.0,-699.7933333333333,180.0,-249.48333333333335,-249.48333333333335,1950.0,-914.8333333333334,-872.25
214,2073.05,313.8333333333333,-481.73749999999995,475.0,-585.39,180.0,36.52500000000009,36.52500000000009,1950.0,-895.3888888888889,-843.0833333333334
215,1294.2416666666666,207.375,-676.4395833333333,475.0,-741.1516666666666,180.0,-352.8791666666667,-352.8791666666667,1950.0,-930.875,-896.3125
216,2029.125,273.875,-492.71875,475.0,-594.175,180.0,14.5625,14.5625,1950.0,-908.7083333333334,-863.0625
217,1777.125,269.79166666666663,-555.71875,475.0,-644.575,180.0,-111.4375,-111.4375,1950.0,-910.0694444444445,-865.1041666666667
218,1935.2083333333333,338.625,-516.1979166666667,475.0,-612.9583333333334,180.0,-32.39583333333337,-32.39583333333337,1950.0,-887.125,-830.6875
219,1849.05,238.5833333333333,-537.7375,475.0,-630.19,180.0,-75.47500000000002,-75.47500000000002,1950.0,-920.4722222222223,-880.7083333333334
220,1767.2666666666664,261.91666666666663,-558.1833333333334,475.0,-646.5466666666667,180.0,-116.36666666666679,-116.36666666666679,1950.0,-912.6944444444445,-869.0416666666667
221,1245.4166666666663,184.33333333333331,-688.6458333333335,475.0,-750.9166666666667,180.0,-377.29166666666686,-377.29166666666686,1950.0,-938.5555555555555,-907.8333333333334
222,1429.6916666666666,247.625,-642.5770833333333,475.0,-714.0616666666667,180.0,-285.1541666666667,-285.1541666666667,1950.0,-917.4583333333334,-876.1875
223,1803.2,260.1666666666667,-549.2,475.0,-639.36,180.0,-98.39999999999998,-98.39999999999998,1950.0,-913.2777777777778,-869.9166666666666
224,1809.675,238.875,-547.58125,475.0,-638.065,180.0,-95.16250000000002,-95.16250000000002,1950.0,-920.375,-880.5625
225,2010.3416666666665,300.7083333333333,-497.4145833333334,475.0,-597.9316666666667,180.0,5.170833333333235,5.170833333333235,1950.0,-899.7638888888889,-849.6458333333334
226,2135.175,306.54166666666663,-466.20624999999995,475.0,-572.9649999999999,180.0,67.58750000000009,67.58750000000009,1950.0,-897.8194444444445,-846.7291666666667
227,1921.85,317.3333333333333,-519.5375,475.0,-615.63,180.0,-39.075000000000045,-39.075000000000045,1950.0,-894.2222222222222,-841.3333333333334
228,2002.175,282.625,-499.45625,475.0,-599.565,180.0,1.0874999999999773,1.0874999999999773,1950.0,-905.7916666666666,-858.6875
229,1448.475,220.79166666666669,-637.88125,475.0,-710.3050000000001,180.0,-275.76250000000005,-275.76250000000005,1950.0,-926.4027777777778,-889.6041666666666
230,1637.475,241.2083333333333,-590.63125,475.0,-672.505,180.0,-181.26250000000005,-181.26250000000005,1950.0,-919.5972222222223,-879.3958333333334
231,1354.5583333333332,196.29166666666663,-661.3604166666667,475.0,-729.0883333333334,180.0,-322.7208333333334,-322.7208333333334,1950.0,-934.5694444444445,-901.8541666666667
232,1999.608333333333,272.125,-500.0979166666668,475.0,-600.0783333333334,180.0,-0.19583333333355313,-0.19583333333355313,1950.0,-909.2916666666666,-863.9375
233,1575.7,191.3333333333333,-606.075,475.0,-684.86,180.0,-212.14999999999998,-212.14999999999998,1950.0,-936.2222222222223,-904.3333333333334
234,1953.7,242.08333333333331,-511.575,475.0,-609.26,180.0,-23.149999999999977,-23.149999999999977,1950.0,-919.3055555555555,-878.9583333333334
235,2003.75,317.9166666666667,-499.0625,475.0,-599.25,180.0,1.875,1.875,1950.0,-894.0277777777778,-841.0416666666666
236,2293.375,339.7916666666667,-426.65625,475.0,-541.325,180.0,146.6875,146.6875,1950.0,-886.7361111111111,-830.1041666666666
237,2074.9166666666665,319.66666666666663,-481.27083333333337,475.0,-585.0166666666667,180.0,37.45833333333326,37.45833333333326,1950.0,-893.4444444444445,-840.1666666666667
238,1723.1666666666667,255.5,-569.2083333333333,475.0,-655.3666666666667,180.0,-138.41666666666663,-138.41666666666663,1950.0,-914.8333333333334,-872.25
239,1652.8166666666666,312.0833333333333,-586.7958333333333,475.0,-669.4366666666667,180.0,-173.5916666666667,-173.5916666666667,1950.0,-895.9722222222222,-843.9583333333334
240,1932.1166666666668,280.0,-516.9708333333333,475.0,-613.5766666666666,180.0,-33.941666666666606,-33.941666666666606,1950.0,-906.6666666666666,-860.0
241,1952.3,262.5,-511.925,475.0,-609.54,180.0,-23.850000000000023,-23.850000000000023,1950.0,-912.5,-868.75
242,1564.7333333333331,263.6666666666667,-608.8166666666667,475.0,-687.0533333333334,180.0,-217.63333333333344,-217.63333333333344,1950.0,-912.1111111111111,-868.1666666666666
243,1657.0166666666669,201.25,-585.7458333333333,475.0,-668.5966666666666,180.0,-171.49166666666656,-171.49166666666656,1950.0,-932.9166666666666,-899.375
244,2285.4416666666666,280.29166666666663,-428.63958333333335,475.0,-542.9116666666666,180.0,142.7208333333333,142.7208333333333,1950.0,-906.5694444444445,-859.8541666666667
245,1541.8666666666666,207.0833333333333,-614.5333333333333,475.0,-691.6266666666667,180.0,-229.06666666666672,-229.06666666666672,1950.0,-930.9722222222223,-896.4583333333334
246,1751.1083333333331,251.7083333333333,-562.2229166666667,475.0,-649.7783333333334,180.0,-124.44583333333344,-124.44583333333344,1950.0,-916.0972222222223,-874.1458333333334
247,1516.025,224.875,-620.99375,475.0,-696.795,180.0,-241.98749999999995,-241.98749999999995,1950.0,-925.0416666666666,-887.5625
248,1669.4416666666666,239.45833333333331,-582.6395833333333,475.0,-666.1116666666667,180.0,-165.2791666666667,-165.2791666666667,1950.0,-920.1805555555555,-880.2708333333334
249,2048.958333333333,303.625,-487.76041666666674,475.0,-590.2083333333334,180.0,24.479166666666515,24.479166666666515,1950.0,-898.7916666666666,-848.1875
250,1526.525,205.625,-618.36875,475.0,-694.6949999999999,180.0,-236.73749999999995,-236.73749999999995,1950.0,-931.4583333333334,-897.1875
251,1633.1,266.5833333333333,-591.725,475.0,-673.38,180.0,-183.45000000000005,-183.45000000000005,1950.0,-911.1388888888889,-866.7083333333334
252,1974.0583333333327,290.2083333333333,-506.4854166666668,475.0,-605.1883333333335,180.0,-12.970833333333644,-12.970833333333644,1950.0,-903.2638888888889,-854.8958333333334
253,1539.5916666666667,296.04166666666663,-615.1020833333333,475.0,-692.0816666666667,180.0,-230.20416666666665,-230.20416666666665,1950.0,-901.3194444444445,-851.9791666666667
254,2253.0083333333337,285.54166666666663,-436.7479166666666,475.0,-549.3983333333333,180.0,126.50416666666683,126.50416666666683,1950.0,-904.8194444444445,-857.2291666666667
255,1630.0083333333332,297.20833333333337,-592.4979166666667,475.0,-673.9983333333333,180.0,-184.9958333333334,-184.9958333333334,1950.0,-900.9305555555555,-851.3958333333333
256,1789.3166666666666,260.1666666666667,-552.6708333333333,475.0,-642.1366666666667,180.0,-105.3416666666667,-105.3416666666667,1950.0,-913.2777777777778,-869.9166666666666
257,2057.125,291.95833333333337,-485.71875,475.0,-588.575,180.0,28.5625,28.5625,1950.0,-902.6805555555555,-854.0208333333333
258,2078.825,248.20833333333331,-480.29375000000005,475.0,-584.235,180.0,39.41249999999991,39.41249999999991,1950.0,-917.2638888888889,-875.8958333333334
259,1229.3166666666666,205.91666666666663,-692.6708333333333,475.0,-754.1366666666667,180.0,-385.3416666666667,-385.3416666666667,1950.0,-931.3611111111111,-897.0416666666667
260,1832.6,327.25,-541.85,475.0,-633.48,180.0,-83.70000000000005,-83.70000000000005,1950.0,-890.9166666666666,-836.375
261,1565.375,236.54166666666669,-608.65625,475.0,-686.925,180.0,-217.3125,-217.3125,1950.0,-921.1527777777778,-881.7291666666666
262,1593.375,304.2083333333333,-601.65625,475.0,-681.325,180.0,-203.3125,-203.3125,1950.0,-898.5972222222222,-847.8958333333334
263,1651.2416666666668,276.7916666666667,-587.1895833333333,475.0,-669.7516666666667,180.0,-174.3791666666666,-174.3791666666666,1950.0,-907.7361111111111,-861.6041666666666
264,2251.083333333333,317.3333333333333,-437.22916666666674,475.0,-549.7833333333334,180.0,125.54166666666652,125.54166666666652,1950.0,-894.2222222222222,-841.3333333333334
265,1964.8416666666667,334.5416666666667,-508.7895833333333,475.0,-607.0316666666666,180.0,-17.57916666666665,-17.57916666666665,1950.0,-888.4861111111111,-832.7291666666666
266,2394.4666666666667,327.8333333333333,-401.3833333333333,475.0,-521.1066666666667,180.0,197.23333333333335,197.23333333333335,1950.0,-890.7222222222222,-836.0833333333334
267,2326.508333333333,309.4583333333333,-418.3729166666667,475.0,-534.6983333333334,180.0,163.2541666666666,163.2541666666666,1950.0,-896.8472222222222,-845.2708333333334
268,2128.4083333333333,287.875,-467.8979166666667,475.0,-574.3183333333334,180.0,64.20416666666665,64.20416666666665,1950.0,-904.0416666666666,-856.0625
269,1420.7666666666669,212.91666666666669,-644.8083333333333,475.0,-715.8466666666666,180.0,-289.61666666666656,-289.61666666666656,1950.0,-929.0277777777778,-893.5416666666666
270,1859.4916666666663,256.9583333333333,-535.1270833333334,475.0,-628.1016666666667,180.0,-70.25416666666683,-70.25416666666683,1950.0,-914.3472222222222,-871.5208333333334
271,1498.7,302.75,-625.325,475.0,-700.26,180.0,-250.64999999999998,-250.64999999999998,1950.0,-899.0833333333334,-848.625
272,1508.9083333333335,184.04166666666669,-622.7729166666666,475.0,-698.2183333333332,180.0,-245.54583333333323,-245.54583333333323,1950.0,-938.6527777777778,-907.9791666666666
273,2391.4916666666663,342.7083333333333,-402.1270833333334,475.0,-521.7016666666667,180.0,195.74583333333317,195.74583333333317,1950.0,-885.7638888888889,-828.6458333333334
274,1576.575,241.79166666666669,-605.85625,475.0,-684.685,180.0,-211.71249999999998,-211.71249999999998,1950.0,-919.4027777777778,-879.1041666666666
275,2132.1416666666664,299.5416666666667,-466.9645833333334,475.0,-573.5716666666667,180.0,66.07083333333321,66.07083333333321,1950.0,-900.1527777777778,-850.2291666666666
276,1542.45,227.5,-614.3875,475.0,-691.51,180.0,-228.77499999999998,-228.77499999999998,1950.0,-924.1666666666666,-886.25
277,1943.1416666666664,239.45833333333331,-514.2145833333334,475.0,-611.3716666666667,180.0,-28.429166666666788,-28.429166666666788,1950.0,-920.1805555555555,-880.2708333333334
278,2461.55,345.3333333333333,-384.61249999999995,475.0,-507.68999999999994,180.0,230.7750000000001,230.7750000000001,1950.0,-884.8888888888889,-827.3333333333334
279,1946.0583333333332,282.0416666666667,-513.4854166666667,475.0,-610.7883333333334,180.0,-26.970833333333417,-26.970833333333417,1950.0,-905.9861111111111,-858.9791666666666
280,2346.808333333333,266.2916666666667,-413.29791666666677,475.0,-530.6383333333334,180.0,173.40416666666647,173.40416666666647,1950.0,-911.2361111111111,-866.8541666666666
281,2105.8916666666664,303.0416666666667,-473.5270833333334,475.0,-578.8216666666667,180.0,52.94583333333321,52.94583333333321,1950.0,-898.9861111111111,-848.4791666666666
282,1703.3916666666669,257.5416666666667,-574.1520833333333,475.0,-659.3216666666666,180.0,-148.30416666666656,-148.30416666666656,1950.0,-914.1527777777778,-871.2291666666666
283,2166.2666666666664,303.91666666666663,-458.4333333333334,475.0,-566.7466666666667,180.0,83.13333333333321,83.13333333333321,1950.0,-898.6944444444445,-848.0416666666667
284,2022.9416666666664,315.2916666666667,-494.2645833333334,475.0,-595.4116666666667,180.0,11.47083333333319,11.47083333333319,1950.0,-894.9027777777778,-842.3541666666666
285,1474.1416666666669,236.54166666666669,-631.4645833333333,475.0,-705.1716666666666,180.0,-262.92916666666656,-262.92916666666656,1950.0,-921.1527777777778,-881.7291666666666
286,1758.6916666666666,289.0416666666667,-560.3270833333333,475.0,-648.2616666666667,180.0,-120.6541666666667,-120.6541666666667,1950.0,-903.6527777777778,-855.4791666666666
287,1755.7166666666667,264.25,-561.0708333333333,475.0,-648.8566666666667,180.0,-122.14166666666665,-122.14166666666665,1950.0,-911.9166666666666,-867.875
288,1844.7916666666667,268.0416666666667,-538.8020833333333,475.0,-631.0416666666666,180.0,-77.60416666666663,-77.60416666666663,1950.0,-910.6527777777778,-865.9791666666666
289,1916.3666666666668,284.08333333333337,-520.9083333333333,475.0,-616.7266666666667,180.0,-41.816666666666606,-41.816666666666606,1950.0,-905.3055555555555,-857.9583333333333
290,2053.1583333333333,291.95833333333337,-486.7104166666667,475.0,-589.3683333333333,180.0,26.57916666666665,26.57916666666665,1950.0,-902.6805555555555,-854.0208333333333
291,2020.0833333333333,284.6666666666667,-494.9791666666667,475.0,-595.9833333333333,180.0,10.041666666666629,10.041666666666629,1950.0,-905.1111111111111,-857.6666666666666
292,1806.7,243.8333333333333,-548.325,475.0,-638.66,180.0,-96.64999999999998,-96.64999999999998,1950.0,-918.7222222222223,-878.0833333333334
293,1933.5166666666664,329.0,-516.6208333333334,475.0,-613.2966666666667,180.0,-33.24166666666679,-33.24166666666679,1950.0,-890.3333333333334,-835.5
294,1692.6583333333333,228.95833333333331,-576.8354166666667,475.0,-661.4683333333334,180.0,-153.67083333333335,-153.67083333333335,1950.0,-923.6805555555555,-885.5208333333334
295,1431.6750000000002,297.20833333333337,-642.08125,475.0,-713.665,180.0,-284.1624999999999,-284.1624999999999,1950.0,-900.9305555555555,-851.3958333333333
296,1563.1583333333333,228.375,-609.2104166666667,475.0,-687.3683333333333,180.0,-218.42083333333335,-218.42083333333335,1950.0,-923.875,-885.8125
297,1833.9416666666664,275.04166666666663,-541.5145833333333,475.0,-633.2116666666667,180.0,-83.02916666666681,-83.02916666666681,1950.0,-908.3194444444445,-862.4791666666667
298,1722.2333333333331,302.1666666666667,-569.4416666666667,475.0,-655.5533333333334,180.0,-138.88333333333344,-138.88333333333344,1950.0,-899.2777777777778,-848.9166666666666
299,2298.5666666666666,283.5,-425.35833333333335,475.0,-540.2866666666666,180.0,149.2833333333333,149.2833333333333,1950.0,-905.5,-858.25
300,2028.4833333333331,271.25,-492.8791666666667,475.0,-594.3033333333334,180.0,14.24166666666656,14.24166666666656,1950.0,-909.5833333333334,-864.375
301,2594.491666666667,337.4583333333333,-351.3770833333333,475.0,-481.1016666666667,180.0,297.2458333333334,297.2458333333334,1950.0,-887.5138888888889,-831.2708333333334
302,2099.0666666666666,262.5,-475.23333333333335,475.0,-580.1866666666667,180.0,49.5333333333333,49.5333333333333,1950.0,-912.5,-868.75
303,1790.1916666666666,270.95833333333337,-552.4520833333333,475.0,-641.9616666666667,180.0,-104.9041666666667,-104.9041666666667,1950.0,-909.6805555555555,-864.5208333333333
304,1481.9583333333333,242.375,-629.5104166666667,475.0,-703.6083333333333,180.0,-259.02083333333337,-259.02083333333337,1950.0,-919.2083333333334,-878.8125
305,2015.9416666666664,268.625,-496.0145833333334,475.0,-596.8116666666667,180.0,7.970833333333189,7.970833333333189,1950.0,-910.4583333333334,-865.6875
306,2046.3333333333333,291.0833333333333,-488.4166666666667,475.0,-590.7333333333333,180.0,23.16666666666663,23.16666666666663,1950.0,-902.9722222222222,-854.4583333333334
307,1822.5666666666664,224.0,-544.3583333333333,475.0,-635.4866666666667,180.0,-88.71666666666681,-88.71666666666681,1950.0,-925.3333333333334,-888.0
308,1801.5083333333328,290.2083333333333,-549.6229166666668,475.0,-639.6983333333335,180.0,-99.24583333333362,-99.24583333333362,1950.0,-903.2638888888889,-854.8958333333334
309,1623.5916666666667,280.875,-594.1020833333333,475.0,-675.2816666666666,180.0,-188.20416666666665,-188.20416666666665,1950.0,-906.375,-859.5625
310,2177.7,287.5833333333333,-455.57500000000005,475.0,-564.46,180.0,88.84999999999991,88.84999999999991,1950.0,-904.1388888888889,-856.2083333333334
311,1948.8,328.4166666666667,-512.8,475.0,-610.24,180.0,-25.600000000000023,-25.600000000000023,1950.0,-890.5277777777778,-835.7916666666666
312,1529.675,226.625,-617.58125,475.0,-694.065,180.0,-235.16250000000002,-235.16250000000002,1950.0,-924.4583333333334,-886.6875
313,2206.866666666667,277.0833333333333,-448.2833333333333,475.0,-558.6266666666667,180.0,103.4333333333334,103.4333333333334,1950.0,-907.6388888888889,-861.4583333333334
314,1834.175,293.125,-541.45625,475.0,-633.165,180.0,-82.91250000000002,-82.91250000000002,1950.0,-902.2916666666666,-853.4375
315,2041.55,331.9166666666667,-489.6125,475.0,-591.69,180.0,20.774999999999977,20.774999999999977,1950.0,-889.3611111111111,-834.0416666666666
316,1733.1416666666664,237.70833333333331,-566.7145833333334,475.0,-653.3716666666667,180.0,-133.4291666666668,-133.4291666666668,1950.0,-920.7638888888889,-881.1458333333334
317,1925.2916666666667,279.125,-518.6770833333333,475.0,-614.9416666666666,180.0,-37.35416666666663,-37.35416666666663,1950.0,-906.9583333333334,-860.4375
318,2120.7666666666664,258.4166666666667,-469.8083333333334,475.0,-575.8466666666667,180.0,60.38333333333321,60.38333333333321,1950.0,-913.8611111111111,-870.7916666666666
319,1621.3750000000002,262.7916666666667,-594.65625,475.0,-675.7249999999999,180.0,-189.3124999999999,-189.3124999999999,1950.0,-912.4027777777778,-868.6041666666666
320,1409.0416666666667,238.875,-647.7395833333333,475.0,-718.1916666666666,180.0,-295.47916666666663,-295.47916666666663,1950.0,-920.375,-880.5625
321,1897.1166666666663,264.8333333333333,-525.7208333333334,475.0,-620.5766666666667,180.0,-51.44166666666683,-51.44166666666683,1950.0,-911.7222222222222,-867.5833333333334
322,2282.2916666666665,338.625,-429.42708333333337,475.0,-543.5416666666667,180.0,141.14583333333326,141.14583333333326,1950.0,-887.125,-830.6875
323,1956.15,288.16666666666663,-510.9625,475.0,-608.77,180.0,-21.924999999999955,-21.924999999999955,1950.0,-903.9444444444445,-855.9166666666667
324,1883.35,268.9166666666667,-529.1625,475.0,-623.33,180.0,-58.325000000000045,-58.325000000000045,1950.0,-910.3611111111111,-865.5416666666666
325,1316.35,177.91666666666666,-670.9125,475.0,-736.73,180.0,-341.82500000000005,-341.82500000000005,1950.0,-940.6944444444445,-911.0416666666666
326,1768.9,249.66666666666669,-557.775,475.0,-646.22,180.0,-115.54999999999995,-115.54999999999995,1950.0,-916.7777777777778,-875.1666666666666
327,1405.0166666666669,226.91666666666663,-648.7458333333333,475.0,-718.9966666666667,180.0,-297.49166666666656,-297.49166666666656,1950.0,-924.3611111111111,-886.5416666666667
328,1731.8583333333331,212.625,-567.0354166666667,475.0,-653.6283333333333,180.0,-134.07083333333344,-134.07083333333344,1950.0,-929.125,-893.6875
329,1520.2833333333335,225.16666666666663,-619.9291666666666,475.0,-695.9433333333333,180.0,-239.85833333333323,-239.85833333333323,1950.0,-924.9444444444445,-887.4166666666667
330,1960.175,329.875,-509.95625,475.0,-607.965,180.0,-19.912500000000023,-19.912500000000023,1950.0,-890.0416666666666,-835.0625
331,1357.8833333333332,233.3333333333333,-660.5291666666667,475.0,-728.4233333333334,180.0,-321.0583333333334,-321.0583333333334,1950.0,-922.2222222222223,-883.3333333333334
332,1523.9,242.66666666666663,-619.025,475.0,-695.22,180.0,-238.04999999999995,-238.04999999999995,1950.0,-919.1111111111111,-878.6666666666667
333,1952.358333333333,264.54166666666663,-511.9104166666668,475.0,-609.5283333333334,180.0,-23.820833333333553,-23.820833333333553,1950.0,-911.8194444444445,-867.7291666666667
334,1492.1666666666663,282.3333333333333,-626.9583333333335,475.0,-701.5666666666667,180.0,-253.91666666666686,-253.91666666666686,1950.0,-905.8888888888889,-858.8333333333334
335,1802.85,218.16666666666669,-549.2875,475.0,-639.4300000000001,180.0,-98.57500000000005,-98.57500000000005,1950.0,-927.2777777777778,-890.9166666666666
336,1790.3666666666668,227.5,-552.4083333333333,475.0,-641.9266666666666,180.0,-104.8166666666666,-104.8166666666666,1950.0,-924.1666666666666,-886.25
337,2015.7666666666664,232.75,-496.0583333333334,475.0,-596.8466666666667,180.0,7.883333333333212,7.883333333333212,1950.0,-922.4166666666666,-883.625
338,1874.1916666666664,255.79166666666663,-531.4520833333333,475.0,-625.1616666666667,180.0,-62.90416666666681,-62.90416666666681,1950.0,-914.7361111111111,-872.1041666666667
339,1830.0916666666667,289.0416666666667,-542.4770833333333,475.0,-633.9816666666667,180.0,-84.95416666666665,-84.95416666666665,1950.0,-903.6527777777778,-855.4791666666666
340,1684.025,263.9583333333333,-578.99375,475.0,-663.1949999999999,180.0,-157.98749999999995,-157.98749999999995,1950.0,-912.0138888888889,-868.0208333333334
341,1974.9333333333332,320.83333333333337,-506.2666666666667,475.0,-605.0133333333333,180.0,-12.533333333333417,-12.533333333333417,1950.0,-893.0555555555555,-839.5833333333333
342,1418.1999999999998,242.08333333333331,-645.45,475.0,-716.36,180.0,-290.9000000000001,-290.9000000000001,1950.0,-919.3055555555555,-878.9583333333334
343,2013.025,335.125,-496.74375,475.0,-597.395,180.0,6.5125000000000455,6.5125000000000455,1950.0,-888.2916666666666,-832.4375
344,2258.141666666667,346.2083333333333,-435.4645833333333,475.0,-548.3716666666667,180.0,129.07083333333344,129.07083333333344,1950.0,-884.5972222222222,-826.8958333333334
345,2514.2833333333333,366.3333333333333,-371.4291666666667,475.0,-497.1433333333333,180.0,257.14166666666665,257.14166666666665,1950.0,-877.8888888888889,-816.8333333333334
346,1717.1583333333335,233.625,-570.7104166666666,475.0,-656.5683333333333,180.0,-141.42083333333323,-141.42083333333323,1950.0,-922.125,-883.1875
347,1700.9416666666666,270.95833333333337,-574.7645833333333,475.0,-659.8116666666667,180.0,-149.5291666666667,-149.5291666666667,1950.0,-909.6805555555555,-864.5208333333333
348,1742.125,284.375,-564.46875,475.0,-651.575,180.0,-128.9375,-128.9375,1950.0,-905.2083333333334,-857.8125
349,1864.275,315.2916666666667,-533.93125,475.0,-627.145,180.0,-67.86249999999995,-67.86249999999995,1950.0,-894.9027777777778,-842.3541666666666
350,1803.3166666666664,274.1666666666667,-549.1708333333333,475.0,-639.3366666666667,180.0,-98.34166666666681,-98.34166666666681,1950.0,-908.6111111111111,-862.9166666666666
351,1712.025,212.625,-571.99375,475.0,-657.595,180.0,-143.98749999999995,-143.98749999999995,1950.0,-929.125,-893.6875
352,1912.8083333333327,228.95833333333331,-521.7979166666669,475.0,-617.4383333333335,180.0,-43.595833333333644,-43.595833333333644,1950.0,-923.6805555555555,-885.5208333333334
353,1822.3916666666669,277.375,-544.4020833333333,475.0,-635.5216666666666,180.0,-88.80416666666656,-88.80416666666656,1950.0,-907.5416666666666,-861.3125
354,2015.825,284.375,-496.04375,475.0,-596.835,180.0,7.912500000000023,7.912500000000023,1950.0,-905.2083333333334,-857.8125
355,2330.883333333333,303.91666666666663,-417.2791666666667,475.0,-533.8233333333334,180.0,165.4416666666666,165.4416666666666,1950.0,-898.6944444444445,-848.0416666666667
356,2214.333333333333,350.0,-446.41666666666674,475.0,-557.1333333333334,180.0,107.16666666666652,107.16666666666652,1950.0,-883.3333333333334,-825.0
357,1921.5583333333332,277.375,-519.6104166666667,475.0,-615.6883333333334,180.0,-39.22083333333342,-39.22083333333342,1950.0,-907.5416666666666,-861.3125
358,2063.833333333333,358.1666666666667,-484.04166666666674,475.0,-587.2333333333333,180.0,31.916666666666515,31.916666666666515,1950.0,-880.6111111111111,-820.9166666666666
359,1989.6333333333328,299.83333333333337,-502.5916666666668,475.0,-602.0733333333335,180.0,-5.183333333333621,-5.183333333333621,1950.0,-900.0555555555555,-850.0833333333333
360,1811.483333333333,312.0833333333333,-547.1291666666668,475.0,-637.7033333333334,180.0,-94.25833333333355,-94.25833333333355,1950.0,-895.9722222222222,-843.9583333333334
361,1449.9333333333332,242.08333333333331,-637.5166666666667,475.0,-710.0133333333333,180.0,-275.0333333333334,-275.0333333333334,1950.0,-919.3055555555555,-878.9583333333334
362,1785.7000000000005,302.1666666666667,-553.5749999999998,475.0,-642.8599999999999,180.0,-107.14999999999975,-107.14999999999975,1950.0,-899.2777777777778,-848.9166666666666
363,2072.991666666667,331.625,-481.7520833333333,475.0,-585.4016666666666,180.0,36.495833333333394,36.495833333333394,1950.0,-889.4583333333334,-834.1875
364,1483.7666666666664,226.33333333333331,-629.0583333333334,475.0,-703.2466666666667,180.0,-258.1166666666668,-258.1166666666668,1950.0,-924.5555555555555,-886.8333333333334
365,2536.7416666666663,329.2916666666667,-365.8145833333334,475.0,-492.65166666666676,180.0,268.37083333333317,268.37083333333317,1950.0,-890.2361111111111,-835.3541666666666
366,2002.6416666666664,259.29166666666663,-499.3395833333334,475.0,-599.4716666666667,180.0,1.320833333333212,1.320833333333212,1950.0,-913.5694444444445,-870.3541666666667
367,2329.833333333333,356.41666666666663,-417.54166666666674,475.0,-534.0333333333334,180.0,164.91666666666652,164.91666666666652,1950.0,-881.1944444444445,-821.7916666666667
368,1951.0166666666664,267.16666666666663,-512.2458333333334,475.0,-609.7966666666667,180.0,-24.491666666666788,-24.491666666666788,1950.0,-910.9444444444445,-866.4166666666667
369,2452.041666666667,359.625,-386.98958333333326,475.0,-509.5916666666666,180.0,226.02083333333348,226.02083333333348,1950.0,-880.125,-820.1875
370,1651.65,231.58333333333331,-587.0875,475.0,-669.67,180.0,-174.17499999999995,-174.17499999999995,1950.0,-922.8055555555555,-884.2083333333334
371,2113.241666666667,262.7916666666667,-471.6895833333333,475.0,-577.3516666666667,180.0,56.620833333333394,56.620833333333394,1950.0,-912.4027777777778,-868.6041666666666
372,1619.3916666666664,213.20833333333331,-595.1520833333334,475.0,-676.1216666666667,180.0,-190.3041666666668,-190.3041666666668,1950.0,-928.9305555555555,-893.3958333333334
373,2045.575,294.2916666666667,-488.60625,475.0,-590.885,180.0,22.787500000000023,22.787500000000023,1950.0,-901.9027777777778,-852.8541666666666
374,2087.2249999999995,324.0416666666667,-478.19375000000014,475.0,-582.5550000000001,180.0,43.61249999999973,43.61249999999973,1950.0,-891.9861111111111,-837.9791666666666
375,1845.9583333333333,269.2083333333333,-538.5104166666667,475.0,-630.8083333333334,180.0,-77.02083333333337,-77.02083333333337,1950.0,-910.2638888888889,-865.3958333333334
376,1624.1166666666668,219.91666666666663,-593.9708333333333,475.0,-675.1766666666666,180.0,-187.9416666666666,-187.9416666666666,1950.0,-926.6944444444445,-890.0416666666667
377,1826.0083333333332,245.29166666666663,-543.4979166666667,475.0,-634.7983333333334,180.0,-86.9958333333334,-86.9958333333334,1950.0,-918.2361111111111,-877.3541666666667
378,1731.1583333333333,307.125,-567.2104166666667,475.0,-653.7683333333333,180.0,-134.42083333333335,-134.42083333333335,1950.0,-897.625,-846.4375
379,1608.8333333333333,270.0833333333333,-597.7916666666667,475.0,-678.2333333333333,180.0,-195.58333333333337,-195.58333333333337,1950.0,-909.9722222222222,-864.9583333333334
380,1836.8,256.0833333333333,-540.8,475.0,-632.64,180.0,-81.60000000000002,-81.60000000000002,1950.0,-914.6388888888889,-871.9583333333334
381,1522.9666666666667,309.16666666666663,-619.2583333333333,475.0,-695.4066666666666,180.0,-238.51666666666665,-238.51666666666665,1950.0,-896.9444444444445,-845.4166666666667
382,2379.65,285.25,-405.0875,475.0,-524.0699999999999,180.0,189.82500000000005,189.82500000000005,1950.0,-904.9166666666666,-857.375
383,1908.0833333333333,271.8333333333333,-522.9791666666667,475.0,-618.3833333333333,180.0,-45.95833333333337,-45.95833333333337,1950.0,-909.3888888888889,-864.0833333333334
384,2441.8916666666664,311.79166666666663,-389.5270833333334,475.0,-511.6216666666667,180.0,220.9458333333332,220.9458333333332,1950.0,-896.0694444444445,-844.1041666666667
385,1706.1333333333334,274.1666666666667,-573.4666666666667,475.0,-658.7733333333333,180.0,-146.93333333333328,-146.93333333333328,1950.0,-908.6111111111111,-862.9166666666666
386,1735.4166666666663,257.83333333333337,-566.1458333333335,475.0,-652.9166666666667,180.0,-132.29166666666686,-132.29166666666686,1950.0,-914.0555555555555,-871.0833333333333
387,2151.45,310.9166666666667,-462.13750000000005,475.0,-569.71,180.0,75.72499999999991,75.72499999999991,1950.0,-896.3611111111111,-844.5416666666666
388,1858.4416666666664,319.375,-535.3895833333333,475.0,-628.3116666666667,180.0,-70.77916666666681,-70.77916666666681,1950.0,-893.5416666666666,-840.3125
389,2358.708333333333,365.45833333333337,-410.32291666666674,475.0,-528.2583333333334,180.0,179.35416666666652,179.35416666666652,1950.0,-878.1805555555555,-817.2708333333333
390,1560.7666666666669,253.75,-609.8083333333333,475.0,-687.8466666666666,180.0,-219.61666666666656,-219.61666666666656,1950.0,-915.4166666666666,-873.125
391,1597.4583333333337,248.79166666666663,-600.6354166666665,475.0,-680.5083333333332,180.0,-201.27083333333314,-201.27083333333314,1950.0,-917.0694444444445,-875.6041666666667
392,1816.4416666666664,217.875,-545.8895833333333,475.0,-636.7116666666667,180.0,-91.77916666666681,-91.77916666666681,1950.0,-927.375,-891.0625
393,1903.5916666666667,312.95833333333337,-524.1020833333333,475.0,-619.2816666666666,180.0,-48.20416666666665,-48.20416666666665,1950.0,-895.6805555555555,-843.5208333333333
394,1544.1999999999998,278.83333333333337,-613.95,475.0,-691.1600000000001,180.0,-227.9000000000001,-227.9000000000001,1950.0,-907.0555555555555,-860.5833333333333
395,1513.225,265.70833333333337,-621.69375,475.0,-697.355,180.0,-243.38750000000005,-243.38750000000005,1950.0,-911.4305555555555,-867.1458333333333
396,2081.625,326.375,-479.59375,475.0,-583.675,180.0,40.8125,40.8125,1950.0,-891.2083333333334,-836.8125
397,1993.3666666666663,301.5833333333333,-501.6583333333334,475.0,-601.3266666666667,180.0,-3.3166666666668334,-3.3166666666668334,1950.0,-899.4722222222222,-849.2083333333334
398,1651.5333333333333,277.0833333333333,-587.1166666666667,475.0,-669.6933333333334,180.0,-174.23333333333335,-174.23333333333335,1950.0,-907.6388888888889,-861.4583333333334
399,1487.325,241.79166666666669,-628.16875,475.0,-702.535,180.0,-256.3375,-256.3375,1950.0,-919.4027777777778,-879.1041666666666
400,1599.4416666666666,248.79166666666663,-600.1395833333333,475.0,-680.1116666666667,180.0,-200.2791666666667,-200.2791666666667,1950.0,-917.0694444444445,-875.6041666666667
401,1851.325,258.7083333333333,-537.16875,475.0,-629.735,180.0,-74.33749999999998,-74.33749999999998,1950.0,-913.7638888888889,-870.6458333333334
402,1992.375,256.9583333333333,-501.90625,475.0,-601.525,180.0,-3.8125,-3.8125,1950.0,-914.3472222222222,-871.5208333333334
403,1671.1333333333332,278.83333333333337,-582.2166666666667,475.0,-665.7733333333333,180.0,-164.4333333333334,-164.4333333333334,1950.0,-907.0555555555555,-860.5833333333333
404,1582.0,292.8333333333333,-604.5,475.0,-683.6,180.0,-209.0,-209.0,1950.0,-902.3888888888889,-853.5833333333334
405,2120.241666666667,299.5416666666667,-469.9395833333333,475.0,-575.9516666666666,180.0,60.120833333333394,60.120833333333394,1950.0,-900.1527777777778,-850.2291666666666
406,1598.6833333333332,281.75,-600.3291666666667,475.0,-680.2633333333333,180.0,-200.65833333333342,-200.65833333333342,1950.0,-906.0833333333334,-859.125
407,2350.483333333333,305.6666666666667,-412.3791666666667,475.0,-529.9033333333334,180.0,175.24166666666656,175.24166666666656,1950.0,-898.1111111111111,-847.1666666666666
408,2267.1249999999995,343.29166666666663,-433.2187500000001,475.0,-546.575,180.0,133.56249999999977,133.56249999999977,1950.0,-885.5694444444445,-828.3541666666667
409,1479.975,252.29166666666669,-630.00625,475.0,-704.005,180.0,-260.01250000000005,-260.01250000000005,1950.0,-915.9027777777778,-873.8541666666666
410,1840.7083333333333,254.04166666666663,-539.8229166666667,475.0,-631.8583333333333,180.0,-79.64583333333337,-79.64583333333337,1950.0,-915.3194444444445,-872.9791666666667
411,1689.275,298.9583333333333,-577.68125,475.0,-662.145,180.0,-155.36249999999995,-155.36249999999995,1950.0,-900.3472222222222,-850.5208333333334
412,1572.4916666666666,207.95833333333331,-606.8770833333333,475.0,-685.5016666666667,180.0,-213.75416666666672,-213.75416666666672,1950.0,-930.6805555555555,-896.0208333333334
413,1509.6083333333331,208.54166666666663,-622.5979166666667,475.0,-698.0783333333334,180.0,-245.19583333333344,-245.19583333333344,1950.0,-930.4861111111111,-895.7291666666667
414,1658.3000000000002,246.16666666666663,-585.425,475.0,-668.3399999999999,180.0,-170.8499999999999,-170.8499999999999,1950.0,-917.9444444444445,-876.9166666666667
415,2181.083333333333,316.75,-454.72916666666674,475.0,-563.7833333333334,180.0,90.54166666666652,90.54166666666652,1950.0,-894.4166666666666,-841.625
416,1834.875,248.20833333333331,-541.28125,475.0,-633.025,180.0,-82.5625,-82.5625,1950.0,-917.2638888888889,-875.8958333333334
417,1585.0916666666665,202.70833333333331,-603.7270833333334,475.0,-682.9816666666667,180.0,-207.45416666666677,-207.45416666666677,1950.0,-932.4305555555555,-898.6458333333334
418,1902.3666666666668,309.75,-524.4083333333333,475.0,-619.5266666666666,180.0,-48.816666666666606,-48.816666666666606,1950.0,-896.75,-845.125
419,2541.583333333333,350.0,-364.60416666666674,475.0,-491.6833333333334,180.0,270.7916666666665,270.7916666666665,1950.0,-883.3333333333334,-825.0
420,1561.7,276.5,-609.575,475.0,-687.66,180.0,-219.14999999999998,-219.14999999999998,1950.0,-907.8333333333334,-861.75
421,1554.4666666666667,211.75,-611.3833333333333,475.0,-689.1066666666667,180.0,-222.76666666666665,-222.76666666666665,1950.0,-929.4166666666666,-894.125
422,1855.35,250.83333333333331,-536.1625,475.0,-628.9300000000001,180.0,-72.32500000000005,-72.32500000000005,1950.0,-916.3888888888889,-874.5833333333334
423,1799.7583333333334,298.375,-550.0604166666667,475.0,-640.0483333333333,180.0,-100.12083333333328,-100.12083333333328,1950.0,-900.5416666666666,-850.8125
424,1922.375,276.20833333333337,-519.40625,475.0,-615.525,180.0,-38.8125,-38.8125,1950.0,-907.9305555555555,-861.8958333333333
425,1388.1,219.91666666666663,-652.975,475.0,-722.38,180.0,-305.95000000000005,-305.95000000000005,1950.0,-926.6944444444445,-890.0416666666667
426,2310.583333333333,307.4166666666667,-422.35416666666674,475.0,-537.8833333333334,180.0,155.29166666666652,155.29166666666652,1950.0,-897.5277777777778,-846.2916666666666
427,2186.5666666666666,310.33333333333337,-453.35833333333335,475.0,-562.6866666666667,180.0,93.2833333333333,93.2833333333333,1950.0,-896.5555555555555,-844.8333333333333
428,1940.1666666666663,284.08333333333337,-514.9583333333335,475.0,-611.9666666666667,180.0,-29.916666666666856,-29.916666666666856,1950.0,-905.3055555555555,-857.9583333333333
429,1733.2,279.4166666666667,-566.7,475.0,-653.36,180.0,-133.39999999999998,-133.39999999999998,1950.0,-906.8611111111111,-860.2916666666666
430,2073.516666666667,320.25,-481.6208333333333,475.0,-585.2966666666666,180.0,36.75833333333344,36.75833333333344,1950.0,-893.25,-839.875
431,1711.15,271.25,-572.2125,475.0,-657.77,180.0,-144.42499999999995,-144.42499999999995,1950.0,-909.5833333333334,-864.375
432,1839.1333333333328,298.0833333333333,-540.2166666666668,475.0,-632.1733333333334,180.0,-80.43333333333362,-80.43333333333362,1950.0,-900.6388888888889,-850.9583333333334
433,2005.0333333333333,372.75,-498.7416666666667,475.0,-598.9933333333333,180.0,2.5166666666666515,2.5166666666666515,1950.0,-875.75,-813.625
434,2282.991666666667,353.2083333333333,-429.2520833333333,475.0,-543.4016666666666,180.0,141.4958333333334,141.4958333333334,1950.0,-882.2638888888889,-823.3958333333334
435,2075.2666666666664,302.1666666666667,-481.1833333333334,475.0,-584.9466666666667,180.0,37.63333333333321,37.63333333333321,1950.0,-899.2777777777778,-848.9166666666666
436,1983.5666666666664,256.0833333333333,-504.1083333333334,475.0,-603.2866666666667,180.0,-8.21666666666681,-8.21666666666681,1950.0,-914.6388888888889,-871.9583333333334
437,1847.0666666666664,298.0833333333333,-538.2333333333333,475.0,-630.5866666666667,180.0,-76.46666666666681,-76.46666666666681,1950.0,-900.6388888888889,-850.9583333333334
438,2579.4416666666666,356.125,-355.13958333333335,475.0,-484.1116666666667,180.0,289.7208333333333,289.7208333333333,1950.0,-881.2916666666666,-821.9375
439,1938.9416666666664,270.95833333333337,-515.2645833333333,475.0,-612.2116666666667,180.0,-30.52916666666681,-30.52916666666681,1950.0,-909.6805555555555,-864.5208333333333
440,1363.8916666666664,225.4583333333333,-659.0270833333334,475.0,-727.2216666666667,180.0,-318.0541666666668,-318.0541666666668,1950.0,-924.8472222222223,-887.2708333333334
441,1689.275,249.375,-577.68125,475.0,-662.145,180.0,-155.36249999999995,-155.36249999999995,1950.0,-916.875,-875.3125
442,1624.9333333333332,278.25,-593.7666666666667,475.0,-675.0133333333333,180.0,-187.53333333333342,-187.53333333333342,1950.0,-907.25,-860.875
443,1782.55,301.0,-554.3625,475.0,-643.49,180.0,-108.72500000000002,-108.72500000000002,1950.0,-899.6666666666666,-849.5
444,1758.1666666666667,240.91666666666663,-560.4583333333333,475.0,-648.3666666666667,180.0,-120.91666666666663,-120.91666666666663,1950.0,-919.6944444444445,-879.5416666666667
445,2187.908333333333,317.625,-453.0229166666668,475.0,-562.4183333333334,180.0,93.95416666666642,93.95416666666642,1950.0,-894.125,-841.1875
446,1962.275,343.875,-509.43125,475.0,-607.545,180.0,-18.862499999999955,-18.862499999999955,1950.0,-885.375,-828.0625
447,1619.9166666666667,251.41666666666663,-595.0208333333333,475.0,-676.0166666666667,180.0,-190.04166666666663,-190.04166666666663,1950.0,-916.1944444444445,-874.2916666666667
448,1521.3333333333333,222.25,-619.6666666666667,475.0,-695.7333333333333,180.0,-239.33333333333337,-239.33333333333337,1950.0,-925.9166666666666,-888.875
449,2300.083333333333,306.8333333333333,-424.97916666666674,475.0,-539.9833333333333,180.0,150.04166666666652,150.04166666666652,1950.0,-897.7222222222222,-846.5833333333334
450,1648.7916666666667,200.95833333333331,-587.8020833333333,475.0,-670.2416666666667,180.0,-175.60416666666663,-175.60416666666663,1950.0,-933.0138888888889,-899.5208333333334
451,1669.4416666666666,259.29166666666663,-582.6395833333333,475.0,-666.1116666666667,180.0,-165.2791666666667,-165.2791666666667,1950.0,-913.5694444444445,-870.3541666666667
452,1261.0499999999995,245.58333333333331,-684.7375000000002,475.0,-747.7900000000001,180.0,-369.47500000000025,-369.47500000000025,1950.0,-918.1388888888889,-877.2083333333334
453,1951.0750000000005,289.0416666666667,-512.2312499999998,475.0,-609.7849999999999,180.0,-24.46249999999975,-24.46249999999975,1950.0,-903.6527777777778,-855.4791666666666
454,1662.6166666666666,238.5833333333333,-584.3458333333333,475.0,-667.4766666666667,180.0,-168.69166666666672,-168.69166666666672,1950.0,-920.4722222222223,-880.7083333333334
455,1116.9666666666667,151.08333333333334,-720.7583333333333,475.0,-776.6066666666667,180.0,-441.51666666666665,-441.51666666666665,1950.0,-949.6388888888889,-924.4583333333334
456,1512.4666666666667,239.16666666666669,-621.8833333333333,475.0,-697.5066666666667,180.0,-243.76666666666665,-243.76666666666665,1950.0,-920.2777777777778,-880.4166666666666
457,1812.0083333333332,320.5416666666667,-546.9979166666667,475.0,-637.5983333333334,180.0,-93.9958333333334,-93.9958333333334,1950.0,-893.1527777777778,-839.7291666666666
458,1855.4666666666667,264.8333333333333,-536.1333333333333,475.0,-628.9066666666666,180.0,-72.26666666666665,-72.26666666666665,1950.0,-911.7222222222222,-867.5833333333334
459,1050.8166666666666,136.5,-737.2958333333333,475.0,-789.8366666666667,180.0,-474.5916666666667,-474.5916666666667,1950.0,-954.5,-931.75
460,1063.0083333333334,196.29166666666663,-734.2479166666667,475.0,-787.3983333333333,180.0,-468.4958333333333,-468.4958333333333,1950.0,-934.5694444444445,-901.8541666666667
461,2086.4083333333333,265.70833333333337,-478.3979166666667,475.0,-582.7183333333334,180.0,43.20416666666665,43.20416666666665,1950.0,-911.4305555555555,-867.1458333333333
462,1971.1416666666669,287.2916666666667,-507.2145833333333,475.0,-605.7716666666666,180.0,-14.42916666666656,-14.42916666666656,1950.0,-904.2361111111111,-856.3541666666666
463,1311.5666666666666,268.33333333333337,-672.1083333333333,475.0,-737.6866666666667,180.0,-344.2166666666667,-344.2166666666667,1950.0,-910.5555555555555,-865.8333333333333
464,2285.733333333333,340.0833333333333,-428.5666666666667,475.0,-542.8533333333334,180.0,142.86666666666656,142.86666666666656,1950.0,-886.6388888888889,-829.9583333333334
465,1563.8583333333331,272.7083333333333,-609.0354166666667,475.0,-687.2283333333334,180.0,-218.07083333333344,-218.07083333333344,1950.0,-909.0972222222222,-863.6458333333334
466,1960.6416666666664,266.875,-509.8395833333334,475.0,-607.8716666666667,180.0,-19.679166666666788,-19.679166666666788,1950.0,-911.0416666666666,-866.5625
467,2242.6833333333334,310.9166666666667,-439.32916666666665,475.0,-551.4633333333334,180.0,121.3416666666667,121.3416666666667,1950.0,-896.3611111111111,-844.5416666666666
468,1848.4666666666667,257.83333333333337,-537.8833333333333,475.0,-630.3066666666666,180.0,-75.76666666666665,-75.76666666666665,1950.0,-914.0555555555555,-871.0833333333333
469,1900.733333333333,252.58333333333331,-524.8166666666668,475.0,-619.8533333333335,180.0,-49.63333333333355,-49.63333333333355,1950.0,-915.8055555555555,-873.7083333333334
470,1890.058333333333,285.54166666666663,-527.4854166666668,475.0,-621.9883333333335,180.0,-54.97083333333353,-54.97083333333353,1950.0,-904.8194444444445,-857.2291666666667
471,1582.5833333333337,224.0,-604.3541666666665,475.0,-683.4833333333332,180.0,-208.70833333333314,-208.70833333333314,1950.0,-925.3333333333334,-888.0
472,2223.608333333333,317.625,-444.0979166666667,475.0,-555.2783333333334,180.0,111.80416666666656,111.80416666666656,1950.0,-894.125,-841.1875
473,1666.4083333333333,242.375,-583.3979166666667,475.0,-666.7183333333334,180.0,-166.79583333333335,-166.79583333333335,1950.0,-919.2083333333334,-878.8125
474,1302.8749999999998,162.45833333333331,-674.28125,475.0,-739.4250000000001,180.0,-348.5625000000001,-348.5625000000001,1950.0,-945.8472222222222,-918.7708333333334
475,1404.9583333333337,205.04166666666669,-648.7604166666665,475.0,-719.0083333333332,180.0,-297.52083333333314,-297.52083333333314,1950.0,-931.6527777777778,-897.4791666666666
476,1719.1416666666669,233.625,-570.2145833333333,475.0,-656.1716666666666,180.0,-140.42916666666656,-140.42916666666656,1950.0,-922.125,-883.1875
477,1384.4833333333331,222.25,-653.8791666666667,475.0,-723.1033333333334,180.0,-307.75833333333344,-307.75833333333344,1950.0,-925.9166666666666,-888.875
478,2145.383333333333,316.75,-463.6541666666667,475.0,-570.9233333333334,180.0,72.6916666666666,72.6916666666666,1950.0,-894.4166666666666,-841.625
479,2432.675,306.54166666666663,-391.83124999999995,475.0,-513.4649999999999,180.0,216.3375000000001,216.3375000000001,1950.0,-897.8194444444445,-846.7291666666667
480,1767.0333333333333,253.75,-558.2416666666667,475.0,-646.5933333333334,180.0,-116.48333333333335,-116.48333333333335,1950.0,-915.4166666666666,-873.125
481,1811.775,242.95833333333331,-547.05625,475.0,-637.645,180.0,-94.11249999999995,-94.11249999999995,1950.0,-919.0138888888889,-878.5208333333334
482,2143.3416666666667,284.9583333333333,-464.1645833333333,475.0,-571.3316666666667,180.0,71.67083333333335,71.67083333333335,1950.0,-905.0138888888889,-857.5208333333334
483,1640.8000000000002,228.66666666666669,-589.8,475.0,-671.8399999999999,180.0,-179.5999999999999,-179.5999999999999,1950.0,-923.7777777777778,-885.6666666666666
484,1869.7,247.33333333333331,-532.575,475.0,-626.06,180.0,-65.14999999999998,-65.14999999999998,1950.0,-917.5555555555555,-876.3333333333334
485,2034.4333333333332,301.0,-491.3916666666667,475.0,-593.1133333333333,180.0,17.216666666666583,17.216666666666583,1950.0,-899.6666666666666,-849.5
486,1687.9333333333332,252.0,-578.0166666666667,475.0,-662.4133333333334,180.0,-156.03333333333342,-156.03333333333342,1950.0,-916.0,-874.0
487,1482.6583333333335,247.04166666666669,-629.3354166666666,475.0,-703.4683333333332,180.0,-258.67083333333323,-258.67083333333323,1950.0,-917.6527777777778,-876.4791666666666
488,1540.4083333333333,185.79166666666663,-614.8979166666667,475.0,-691.9183333333333,180.0,-229.79583333333335,-229.79583333333335,1950.0,-938.0694444444445,-907.1041666666667
489,1811.308333333333,296.04166666666663,-547.1729166666668,475.0,-637.7383333333335,180.0,-94.34583333333353,-94.34583333333353,1950.0,-901.3194444444445,-851.9791666666667
490,1532.475,245.29166666666663,-616.88125,475.0,-693.505,180.0,-233.76250000000005,-233.76250000000005,1950.0,-918.2361111111111,-877.3541666666667
491,1999.9583333333333,343.875,-500.0104166666667,475.0,-600.0083333333333,180.0,-0.02083333333337123,-0.02083333333337123,1950.0,-885.375,-828.0625
492,1947.6916666666664,259.875,-513.0770833333333,475.0,-610.4616666666667,180.0,-26.15416666666681,-26.15416666666681,1950.0,-913.375,-870.0625
493,2232.708333333333,318.7916666666667,-441.82291666666674,475.0,-553.4583333333334,180.0,116.35416666666652,116.35416666666652,1950.0,-893.7361111111111,-840.6041666666666
494,1963.7916666666667,317.625,-509.0520833333333,475.0,-607.2416666666667,180.0,-18.10416666666663,-18.10416666666663,1950.0,-894.125,-841.1875
495,1594.0166666666669,237.41666666666663,-601.4958333333333,475.0,-681.1966666666666,180.0,-202.99166666666656,-202.99166666666656,1950.0,-920.8611111111111,-881.2916666666667
496,1341.55,217.0,-664.6125,475.0,-731.69,180.0,-329.225,-329.225,1950.0,-927.6666666666666,-891.5
497,1578.5,249.66666666666669,-605.375,475.0,-684.3,180.0,-210.75,-210.75,1950.0,-916.7777777777778,-875.1666666666666
498,2121.233333333333,294.58333333333337,-469.6916666666667,475.0,-575.7533333333333,180.0,60.61666666666656,60.61666666666656,1950.0,-901.8055555555555,-852.7083333333333
499,2014.075,242.95833333333331,-496.48125,475.0,-597.185,180.0,7.037500000000023,7.037500000000023,1950.0,-919.0138888888889,-878.5208333333334
500,1755.0166666666669,249.66666666666669,-561.2458333333333,475.0,-648.9966666666667,180.0,-122.49166666666656,-122.49166666666656,1950.0,-916.7777777777778,-875.1666666666666
501,1765.5749999999998,232.45833333333331,-558.60625,475.0,-646.885,180.0,-117.21250000000009,-117.21250000000009,1950.0,-922.5138888888889,-883.7708333333334
502,2086.116666666667,275.3333333333333,-478.4708333333333,475.0,-582.7766666666666,180.0,43.058333333333394,43.058333333333394,1950.0,-908.2222222222222,-862.3333333333334
503,1612.45,238.0,-596.8875,475.0,-677.51,180.0,-193.77499999999998,-193.77499999999998,1950.0,-920.6666666666666,-881.0
504,2512.5916666666662,376.5416666666667,-371.85208333333344,475.0,-497.48166666666674,180.0,256.2958333333331,256.2958333333331,1950.0,-874.4861111111111,-811.7291666666666
505,1379.1166666666668,153.41666666666666,-655.2208333333333,475.0,-724.1766666666666,180.0,-310.4416666666666,-310.4416666666666,1950.0,-948.8611111111111,-923.2916666666666
506,2346.925,319.9583333333333,-413.26874999999995,475.0,-530.615,180.0,173.4625000000001,173.4625000000001,1950.0,-893.3472222222222,-840.0208333333334
507,1980.2416666666663,268.625,-504.9395833333334,475.0,-603.9516666666667,180.0,-9.879166666666833,-9.879166666666833,1950.0,-910.4583333333334,-865.6875
508,1982.1083333333331,294.2916666666667,-504.4729166666667,475.0,-603.5783333333334,180.0,-8.94583333333344,-8.94583333333344,1950.0,-901.9027777777778,-852.8541666666666
509,1674.4,244.41666666666669,-581.4,475.0,-665.12,180.0,-162.79999999999995,-162.79999999999995,1950.0,-918.5277777777778,-877.7916666666666
510,2011.9166666666667,296.3333333333333,-497.0208333333333,475.0,-597.6166666666667,180.0,5.958333333333371,5.958333333333371,1950.0,-901.2222222222222,-851.8333333333334
511,1950.7833333333333,288.75,-512.3041666666667,475.0,-609.8433333333334,180.0,-24.60833333333335,-24.60833333333335,1950.0,-903.75,-855.625
512,1850.1,285.25,-537.475,475.0,-629.98,180.0,-74.95000000000005,-74.95000000000005,1950.0,-904.9166666666666,-857.375
513,2360.458333333333,317.625,-409.88541666666674,475.0,-527.9083333333334,180.0,180.22916666666652,180.22916666666652,1950.0,-894.125,-841.1875
514,2481.2666666666664,321.4166666666667,-379.6833333333334,475.0,-503.7466666666667,180.0,240.6333333333332,240.6333333333332,1950.0,-892.8611111111111,-839.2916666666666
515,1984.733333333333,267.16666666666663,-503.8166666666668,475.0,-603.0533333333334,180.0,-7.633333333333553,-7.633333333333553,1950.0,-910.9444444444445,-866.4166666666667
516,2256.625,303.0416666666667,-435.84375,475.0,-548.675,180.0,128.3125,128.3125,1950.0,-898.9861111111111,-848.4791666666666
517,1533.9916666666668,219.04166666666663,-616.5020833333333,475.0,-693.2016666666666,180.0,-233.0041666666666,-233.0041666666666,1950.0,-926.9861111111111,-890.4791666666667
518,1623.7083333333333,225.4583333333333,-594.0729166666667,475.0,-675.2583333333333,180.0,-188.14583333333337,-188.14583333333337,1950.0,-924.8472222222223,-887.2708333333334
519,1873.55,282.91666666666663,-531.6125,475.0,-625.29,180.0,-63.22500000000002,-63.22500000000002,1950.0,-905.6944444444445,-858.5416666666667
520,1649.6666666666667,221.66666666666663,-587.5833333333333,475.0,-670.0666666666666,180.0,-175.16666666666663,-175.16666666666663,1950.0,-926.1111111111111,-889.1666666666667
521,1732.5,245.0,-566.875,475.0,-653.5,180.0,-133.75,-133.75,1950.0,-918.3333333333334,-877.5
522,1601.775,211.45833333333331,-599.55625,475.0,-679.645,180.0,-199.11249999999995,-199.11249999999995,1950.0,-929.5138888888889,-894.2708333333334
523,2188.9,332.5,-452.775,475.0,-562.22,180.0,94.45000000000005,94.45000000000005,1950.0,-889.1666666666666,-833.75
524,1694.9916666666666,251.125,-576.2520833333333,475.0,-661.0016666666667,180.0,-152.50416666666672,-152.50416666666672,1950.0,-916.2916666666666,-874.4375
525,2058.4666666666662,329.0,-485.38333333333344,475.0,-588.3066666666667,180.0,29.23333333333312,29.23333333333312,1950.0,-890.3333333333334,-835.5
526,2085.241666666667,333.95833333333337,-478.6895833333333,475.0,-582.9516666666666,180.0,42.620833333333394,42.620833333333394,1950.0,-888.6805555555555,-833.0208333333333
527,2011.3333333333333,285.8333333333333,-497.1666666666667,475.0,-597.7333333333333,180.0,5.666666666666629,5.666666666666629,1950.0,-904.7222222222222,-857.0833333333334
528,2317.175,319.9583333333333,-420.70624999999995,475.0,-536.5649999999999,180.0,158.5875000000001,158.5875000000001,1950.0,-893.3472222222222,-840.0208333333334
529,1425.0833333333333,235.08333333333331,-643.7291666666667,475.0,-714.9833333333333,180.0,-287.45833333333337,-287.45833333333337,1950.0,-921.6388888888889,-882.4583333333334
530,2091.075,270.375,-477.23125000000005,475.0,-581.7850000000001,180.0,45.53749999999991,45.53749999999991,1950.0,-909.875,-864.8125
531,1974.4083333333333,262.7916666666667,-506.3979166666667,475.0,-605.1183333333333,180.0,-12.795833333333348,-12.795833333333348,1950.0,-912.4027777777778,-868.6041666666666
532,1767.3833333333332,295.75,-558.1541666666667,475.0,-646.5233333333333,180.0,-116.3083333333334,-116.3083333333334,1950.0,-901.4166666666666,-852.125
533,1994.1833333333327,290.5,-501.4541666666668,475.0,-601.1633333333334,180.0,-2.908333333333644,-2.908333333333644,1950.0,-903.1666666666666,-854.75
534,2503.958333333333,352.0416666666667,-374.01041666666674,475.0,-499.20833333333337,180.0,251.97916666666652,251.97916666666652,1950.0,-882.6527777777778,-823.9791666666666
535,1801.3333333333337,264.25,-549.6666666666665,475.0,-639.7333333333332,180.0,-99.33333333333314,-99.33333333333314,1950.0,-911.9166666666666,-867.875
536,1437.3916666666664,189.875,-640.6520833333334,475.0,-712.5216666666668,180.0,-281.3041666666668,-281.3041666666668,1950.0,-936.7083333333334,-905.0625
537,2573.7250000000004,284.9583333333333,-356.5687499999999,475.0,-485.2549999999999,180.0,286.8625000000002,286.8625000000002,1950.0,-905.0138888888889,-857.5208333333334
538,2120.708333333333,236.54166666666669,-469.82291666666674,475.0,-575.8583333333333,180.0,60.354166666666515,60.354166666666515,1950.0,-921.1527777777778,-881.7291666666666
539,1755.6,230.41666666666663,-561.1,475.0,-648.88,180.0,-122.20000000000005,-122.20000000000005,1950.0,-923.1944444444445,-884.7916666666667
540,1506.8666666666666,261.3333333333333,-623.2833333333333,475.0,-698.6266666666667,180.0,-246.56666666666672,-246.56666666666672,1950.0,-912.8888888888889,-869.3333333333334
541,2059.3416666666667,280.29166666666663,-485.1645833333333,475.0,-588.1316666666667,180.0,29.67083333333335,29.67083333333335,1950.0,-906.5694444444445,-859.8541666666667
542,1712.1999999999998,268.33333333333337,-571.95,475.0,-657.5600000000001,180.0,-143.9000000000001,-143.9000000000001,1950.0,-910.5555555555555,-865.8333333333333
543,1789.9583333333333,292.5416666666667,-552.5104166666667,475.0,-642.0083333333333,180.0,-105.02083333333337,-105.02083333333337,1950.0,-902.4861111111111,-853.7291666666666
544,2044.233333333333,267.16666666666663,-488.9416666666668,475.0,-591.1533333333334,180.0,22.116666666666447,22.116666666666447,1950.0,-910.9444444444445,-866.4166666666667
545,2139.3749999999995,304.7916666666667,-465.1562500000001,475.0,-572.1250000000001,180.0,69.68749999999977,69.68749999999977,1950.0,-898.4027777777778,-847.6041666666666
546,1807.8666666666668,304.5,-548.0333333333333,475.0,-638.4266666666666,180.0,-96.0666666666666,-96.0666666666666,1950.0,-898.5,-847.75
547,1639.3416666666667,247.04166666666669,-590.1645833333333,475.0,-672.1316666666667,180.0,-180.32916666666665,-180.32916666666665,1950.0,-917.6527777777778,-876.4791666666666
548,1900.5583333333327,286.125,-524.8604166666669,475.0,-619.8883333333334,180.0,-49.720833333333644,-49.720833333333644,1950.0,-904.625,-856.9375
549,1887.55,257.25,-528.1125,475.0,-622.49,180.0,-56.22500000000002,-56.22500000000002,1950.0,-914.25,-871.375
550,1764.4083333333333,251.125,-558.8979166666667,475.0,-647.1183333333333,180.0,-117.79583333333335,-117.79583333333335,1950.0,-916.2916666666666,-874.4375
551,1724.975,229.54166666666663,-568.75625,475.0,-655.005,180.0,-137.51250000000005,-137.51250000000005,1950.0,-923.4861111111111,-885.2291666666667
552,1438.0333333333333,281.75,-640.4916666666667,475.0,-712.3933333333333,180.0,-280.98333333333335,-280.98333333333335,1950.0,-906.0833333333334,-859.125
553,2238.6583333333333,289.0416666666667,-440.3354166666667,475.0,-552.2683333333333,180.0,119.32916666666665,119.32916666666665,1950.0,-903.6527777777778,-855.4791666666666
554,1700.5333333333333,266.5833333333333,-574.8666666666667,475.0,-659.8933333333333,180.0,-149.73333333333335,-149.73333333333335,1950.0,-911.1388888888889,-866.7083333333334
555,2110.5583333333334,307.70833333333337,-472.36041666666665,475.0,-577.8883333333333,180.0,55.2791666666667,55.2791666666667,1950.0,-897.4305555555555,-846.1458333333333
556,1942.5,326.08333333333337,-514.375,475.0,-611.5,180.0,-28.75,-28.75,1950.0,-891.3055555555555,-836.9583333333333
557,1941.7416666666668,279.7083333333333,-514.5645833333333,475.0,-611.6516666666666,180.0,-29.129166666666606,-29.129166666666606,1950.0,-906.7638888888889,-860.1458333333334
558,2225.475,273.875,-443.63125,475.0,-554.905,180.0,112.73749999999995,112.73749999999995,1950.0,-908.7083333333334,-863.0625
559,1411.0833333333333,181.41666666666669,-647.2291666666667,475.0,-717.7833333333333,180.0,-294.45833333333337,-294.45833333333337,1950.0,-939.5277777777778,-909.2916666666666
560,2186.0416666666665,311.79166666666663,-453.48958333333337,475.0,-562.7916666666667,180.0,93.02083333333326,93.02083333333326,1950.0,-896.0694444444445,-844.1041666666667
561,2101.983333333333,334.8333333333333,-474.5041666666667,475.0,-579.6033333333334,180.0,50.99166666666656,50.99166666666656,1950.0,-888.3888888888889,-832.5833333333334
562,1638.875,240.625,-590.28125,475.0,-672.225,180.0,-180.5625,-180.5625,1950.0,-919.7916666666666,-879.6875
563,1543.2666666666669,216.41666666666663,-614.1833333333333,475.0,-691.3466666666666,180.0,-228.36666666666656,-228.36666666666656,1950.0,-927.8611111111111,-891.7916666666667
564,2145.4416666666666,289.0416666666667,-463.63958333333335,475.0,-570.9116666666666,180.0,72.7208333333333,72.7208333333333,1950.0,-903.6527777777778,-855.4791666666666
565,1996.05,276.5,-500.9875,475.0,-600.79,180.0,-1.9750000000000227,-1.9750000000000227,1950.0,-907.8333333333334,-861.75
566,1152.9583333333337,220.79166666666669,-711.7604166666665,475.0,-769.4083333333333,180.0,-423.52083333333314,-423.52083333333314,1950.0,-926.4027777777778,-889.6041666666666
567,1826.0083333333328,265.125,-543.4979166666668,475.0,-634.7983333333334,180.0,-86.99583333333362,-86.99583333333362,1950.0,-911.625,-867.4375
568,1992.4333333333332,268.9166666666667,-501.8916666666667,475.0,-601.5133333333333,180.0,-3.7833333333334167,-3.7833333333334167,1950.0,-910.3611111111111,-865.5416666666666
569,1967.7583333333328,277.9583333333333,-508.0604166666668,475.0,-606.4483333333335,180.0,-16.12083333333362,-16.12083333333362,1950.0,-907.3472222222222,-861.0208333333334
570,1679.0083333333332,256.9583333333333,-580.2479166666667,475.0,-664.1983333333334,180.0,-160.4958333333334,-160.4958333333334,1950.0,-914.3472222222222,-871.5208333333334
571,1430.275,208.54166666666663,-642.43125,475.0,-713.9449999999999,180.0,-284.86249999999995,-284.86249999999995,1950.0,-930.4861111111111,-895.7291666666667
572,1472.275,210.875,-631.93125,475.0,-705.545,180.0,-263.86249999999995,-263.86249999999995,1950.0,-929.7083333333334,-894.5625
573,2052.983333333333,275.9166666666667,-486.7541666666667,475.0,-589.4033333333334,180.0,26.49166666666656,26.49166666666656,1950.0,-908.0277777777778,-862.0416666666666
574,1935.9666666666667,256.0833333333333,-516.0083333333333,475.0,-612.8066666666666,180.0,-32.01666666666665,-32.01666666666665,1950.0,-914.6388888888889,-871.9583333333334
575,1858.5583333333332,283.7916666666667,-535.3604166666667,475.0,-628.2883333333334,180.0,-70.72083333333342,-70.72083333333342,1950.0,-905.4027777777778,-858.1041666666666
576,1716.9249999999995,255.20833333333331,-570.7687500000002,475.0,-656.6150000000001,180.0,-141.53750000000025,-141.53750000000025,1950.0,-914.9305555555555,-872.3958333333334
577,2217.1916666666666,291.375,-445.70208333333335,475.0,-556.5616666666667,180.0,108.5958333333333,108.5958333333333,1950.0,-902.875,-854.3125
578,2034.4333333333327,291.0833333333333,-491.3916666666668,475.0,-593.1133333333335,180.0,17.216666666666356,17.216666666666356,1950.0,-902.9722222222222,-854.4583333333334
579,2168.775,272.7083333333333,-457.80625,475.0,-566.245,180.0,84.38750000000005,84.38750000000005,1950.0,-909.0972222222222,-863.6458333333334
580,1830.4416666666664,212.04166666666663,-542.3895833333333,475.0,-633.9116666666667,180.0,-84.77916666666681,-84.77916666666681,1950.0,-929.3194444444445,-893.9791666666667
581,1702.75,225.16666666666663,-574.3125,475.0,-659.45,180.0,-148.625,-148.625,1950.0,-924.9444444444445,-887.4166666666667
582,2356.725,315.875,-410.81875,475.0,-528.655,180.0,178.36249999999995,178.36249999999995,1950.0,-894.7083333333334,-842.0625
583,2491.883333333333,306.25,-377.0291666666667,475.0,-501.62333333333333,180.0,245.9416666666666,245.9416666666666,1950.0,-897.9166666666666,-846.875
584,1792.875,315.2916666666667,-551.78125,475.0,-641.425,180.0,-103.5625,-103.5625,1950.0,-894.9027777777778,-842.3541666666666
585,2134.5333333333333,323.75,-466.3666666666667,475.0,-573.0933333333334,180.0,67.26666666666665,67.26666666666665,1950.0,-892.0833333333334,-838.125
586,2240.2916666666665,266.875,-439.92708333333337,475.0,-551.9416666666667,180.0,120.14583333333326,120.14583333333326,1950.0,-911.0416666666666,-866.5625
587,1853.1333333333328,282.3333333333333,-536.7166666666668,475.0,-629.3733333333334,180.0,-73.43333333333362,-73.43333333333362,1950.0,-905.8888888888889,-858.8333333333334
588,2150.108333333333,263.9583333333333,-462.4729166666667,475.0,-569.9783333333334,180.0,75.05416666666656,75.05416666666656,1950.0,-912.0138888888889,-868.0208333333334
589,1921.5,225.75,-519.625,475.0,-615.7,180.0,-39.25,-39.25,1950.0,-924.75,-887.125
590,1381.8,287.0,-654.55,475.0,-723.64,180.0,-309.1,-309.1,1950.0,-904.3333333333334,-856.5
591,1409.3916666666669,211.45833333333331,-647.6520833333333,475.0,-718.1216666666667,180.0,-295.30416666666656,-295.30416666666656,1950.0,-929.5138888888889,-894.2708333333334
592,2120.7666666666664,268.33333333333337,-469.8083333333334,475.0,-575.8466666666667,180.0,60.38333333333321,60.38333333333321,1950.0,-910.5555555555555,-865.8333333333333
593,1715.8166666666666,246.16666666666663,-571.0458333333333,475.0,-656.8366666666667,180.0,-142.0916666666667,-142.0916666666667,1950.0,-917.9444444444445,-876.9166666666667
594,1870.6333333333328,299.83333333333337,-532.3416666666668,475.0,-625.8733333333334,180.0,-64.68333333333362,-64.68333333333362,1950.0,-900.0555555555555,-850.0833333333333
595,1390.9,228.66666666666669,-652.275,475.0,-721.8199999999999,180.0,-304.54999999999995,-304.54999999999995,1950.0,-923.7777777777778,-885.6666666666666
596,2260.9999999999995,337.1666666666667,-434.7500000000001,475.0,-547.8000000000001,180.0,130.49999999999977,130.49999999999977,1950.0,-887.6111111111111,-831.4166666666666
597,2371.0750000000003,332.2083333333333,-407.23124999999993,475.0,-525.785,180.0,185.53750000000014,185.53750000000014,1950.0,-889.2638888888889,-833.8958333333334
598,1872.6166666666668,260.1666666666667,-531.8458333333333,475.0,-625.4766666666667,180.0,-63.691666666666606,-63.691666666666606,1950.0,-913.2777777777778,-869.9166666666666
599,2181.491666666667,331.0416666666667,-454.6270833333333,475.0,-563.7016666666666,180.0,90.7458333333334,90.7458333333334,1950.0,-889.6527777777778,-834.4791666666666
600,1615.0749999999998,260.45833333333337,-596.23125,475.0,-676.985,180.0,-192.4625000000001,-192.4625000000001,1950.0,-913.1805555555555,-869.7708333333333
601,1931.4166666666663,245.58333333333331,-517.1458333333335,475.0,-613.7166666666667,180.0,-34.291666666666856,-34.291666666666856,1950.0,-918.1388888888889,-877.2083333333334
602,1789.3166666666664,240.33333333333331,-552.6708333333333,475.0,-642.1366666666668,180.0,-105.34166666666681,-105.34166666666681,1950.0,-919.8888888888889,-879.8333333333334
603,1555.2833333333335,230.41666666666663,-611.1791666666666,475.0,-688.9433333333333,180.0,-222.35833333333323,-222.35833333333323,1950.0,-923.1944444444445,-884.7916666666667
604,1627.4416666666666,237.125,-593.1395833333333,475.0,-674.5116666666667,180.0,-186.2791666666667,-186.2791666666667,1950.0,-920.9583333333334,-881.4375
605,1930.3083333333327,236.54166666666669,-517.4229166666669,475.0,-613.9383333333335,180.0,-34.845833333333644,-34.845833333333644,1950.0,-921.1527777777778,-881.7291666666666
606,2039.9166666666663,314.41666666666663,-490.0208333333334,475.0,-592.0166666666668,180.0,19.958333333333144,19.958333333333144,1950.0,-895.1944444444445,-842.7916666666667
607,2097.55,288.75,-475.61249999999995,475.0,-580.49,180.0,48.77500000000009,48.77500000000009,1950.0,-903.75,-855.625
608,972.5916666666668,155.45833333333334,-756.8520833333333,475.0,-805.4816666666666,180.0,-513.7041666666667,-513.7041666666667,1950.0,-948.1805555555555,-922.2708333333334
609,1766.3333333333333,259.0,-558.4166666666667,475.0,-646.7333333333333,180.0,-116.83333333333337,-116.83333333333337,1950.0,-913.6666666666666,-870.5
610,2299.0916666666667,311.79166666666663,-425.2270833333333,475.0,-540.1816666666666,180.0,149.54583333333335,149.54583333333335,1950.0,-896.0694444444445,-844.1041666666667
611,2172.216666666667,294.0,-456.9458333333332,475.0,-565.5566666666666,180.0,86.10833333333358,86.10833333333358,1950.0,-902.0,-853.0
612,2155.825,305.375,-461.04375000000005,475.0,-568.835,180.0,77.91249999999991,77.91249999999991,1950.0,-898.2083333333334,-847.3125
613,1069.1916666666666,144.95833333333334,-732.7020833333333,475.0,-786.1616666666666,180.0,-465.4041666666667,-465.4041666666667,1950.0,-951.6805555555555,-927.5208333333334
614,1658.4166666666663,250.25,-585.3958333333335,475.0,-668.3166666666667,180.0,-170.79166666666686,-170.79166666666686,1950.0,-916.5833333333334,-874.875
615,1824.7833333333333,291.6666666666667,-543.8041666666667,475.0,-635.0433333333333,180.0,-87.60833333333335,-87.60833333333335,1950.0,-902.7777777777778,-854.1666666666666
616,1494.6166666666668,209.41666666666663,-626.3458333333333,475.0,-701.0766666666666,180.0,-252.6916666666666,-252.6916666666666,1950.0,-930.1944444444445,-895.2916666666667
617,1915.8416666666665,275.625,-521.0395833333334,475.0,-616.8316666666667,180.0,-42.079166666666765,-42.079166666666765,1950.0,-908.125,-862.1875
618,1583.925,251.125,-604.01875,475.0,-683.215,180.0,-208.03750000000002,-208.03750000000002,1950.0,-916.2916666666666,-874.4375
619,1954.8083333333327,251.125,-511.2979166666668,475.0,-609.0383333333334,180.0,-22.595833333333644,-22.595833333333644,1950.0,-916.2916666666666,-874.4375
620,2370.7833333333333,292.25,-407.3041666666667,475.0,-525.8433333333334,180.0,185.39166666666665,185.39166666666665,1950.0,-902.5833333333334,-853.875
621,1252.5333333333335,215.25,-686.8666666666666,475.0,-749.4933333333333,180.0,-373.73333333333323,-373.73333333333323,1950.0,-928.25,-892.375
622,2076.2,285.25,-480.95000000000005,475.0,-584.76,180.0,38.09999999999991,38.09999999999991,1950.0,-904.9166666666666,-857.375
623,1970.6166666666668,239.16666666666669,-507.3458333333333,475.0,-605.8766666666667,180.0,-14.691666666666606,-14.691666666666606,1950.0,-920.2777777777778,-880.4166666666666
624,1801.625,294.2916666666667,-549.59375,475.0,-639.675,180.0,-99.1875,-99.1875,1950.0,-901.9027777777778,-852.8541666666666
625,1584.625,265.70833333333337,-603.84375,475.0,-683.075,180.0,-207.6875,-207.6875,1950.0,-911.4305555555555,-867.1458333333333
626,2195.958333333333,291.95833333333337,-451.01041666666674,475.0,-560.8083333333334,180.0,97.97916666666652,97.97916666666652,1950.0,-902.6805555555555,-854.0208333333333
627,2023.233333333333,256.0833333333333,-494.1916666666668,475.0,-595.3533333333335,180.0,11.616666666666447,11.616666666666447,1950.0,-914.6388888888889,-871.9583333333334
628,1567.3583333333331,226.625,-608.1604166666667,475.0,-686.5283333333334,180.0,-216.32083333333344,-216.32083333333344,1950.0,-924.4583333333334,-886.6875
629,1694.0583333333334,228.375,-576.4854166666667,475.0,-661.1883333333333,180.0,-152.9708333333333,-152.9708333333333,1950.0,-923.875,-885.8125
630,1766.5083333333334,265.125,-558.3729166666667,475.0,-646.6983333333333,180.0,-116.74583333333328,-116.74583333333328,1950.0,-911.625,-867.4375
631,2109.45,328.4166666666667,-472.63750000000005,475.0,-578.11,180.0,54.72499999999991,54.72499999999991,1950.0,-890.5277777777778,-835.7916666666666
632,1619.7416666666666,195.70833333333331,-595.0645833333333,475.0,-676.0516666666667,180.0,-190.12916666666672,-190.12916666666672,1950.0,-934.7638888888889,-902.1458333333334
633,2035.075,323.45833333333337,-491.23125,475.0,-592.985,180.0,17.537500000000023,17.537500000000023,1950.0,-892.1805555555555,-838.2708333333333
634,1972.6583333333333,310.625,-506.8354166666667,475.0,-605.4683333333334,180.0,-13.670833333333348,-13.670833333333348,1950.0,-896.4583333333334,-844.6875
635,2052.4,275.3333333333333,-486.9,475.0,-589.52,180.0,26.200000000000045,26.200000000000045,1950.0,-908.2222222222222,-862.3333333333334
636,2038.05,288.75,-490.4875,475.0,-592.39,180.0,19.024999999999977,19.024999999999977,1950.0,-903.75,-855.625
637,2033.85,310.33333333333337,-491.5375,475.0,-593.23,180.0,16.924999999999955,16.924999999999955,1950.0,-896.5555555555555,-844.8333333333333
638,1611.575,247.04166666666669,-597.10625,475.0,-677.685,180.0,-194.21249999999998,-194.21249999999998,1950.0,-917.6527777777778,-876.4791666666666
639,1576.5166666666664,259.5833333333333,-605.8708333333334,475.0,-684.6966666666667,180.0,-211.7416666666668,-211.7416666666668,1950.0,-913.4722222222222,-870.2083333333334
640,2026.733333333333,279.4166666666667,-493.3166666666668,475.0,-594.6533333333334,180.0,13.366666666666447,13.366666666666447,1950.0,-906.8611111111111,-860.2916666666666
641,1889.0083333333332,308.2916666666667,-527.7479166666667,475.0,-622.1983333333334,180.0,-55.495833333333394,-55.495833333333394,1950.0,-897.2361111111111,-845.8541666666666
642,2390.325,381.20833333333337,-402.41875000000005,475.0,-521.9350000000001,180.0,195.1624999999999,195.1624999999999,1950.0,-872.9305555555555,-809.3958333333333
643,1918.175,228.375,-520.45625,475.0,-616.365,180.0,-40.91250000000002,-40.91250000000002,1950.0,-923.875,-885.8125
644,1791.0083333333332,309.4583333333333,-552.2479166666667,475.0,-641.7983333333334,180.0,-104.4958333333334,-104.4958333333334,1950.0,-896.8472222222222,-845.2708333333334
645,1817.7833333333333,245.0,-545.5541666666667,475.0,-636.4433333333334,180.0,-91.10833333333335,-91.10833333333335,1950.0,-918.3333333333334,-877.5
646,1942.3833333333328,302.1666666666667,-514.4041666666668,475.0,-611.5233333333334,180.0,-28.80833333333362,-28.80833333333362,1950.0,-899.2777777777778,-848.9166666666666
647,1696.1583333333333,291.95833333333337,-575.9604166666667,475.0,-660.7683333333333,180.0,-151.92083333333335,-151.92083333333335,1950.0,-902.6805555555555,-854.0208333333333
648,2440.025,345.625,-389.99375,475.0,-511.995,180.0,220.01250000000005,220.01250000000005,1950.0,-884.7916666666666,-827.1875
649,1834.5833333333333,267.75,-541.3541666666667,475.0,-633.0833333333334,180.0,-82.70833333333337,-82.70833333333337,1950.0,-910.75,-866.125
650,1774.7333333333331,275.3333333333333,-556.3166666666667,475.0,-645.0533333333334,180.0,-112.63333333333344,-112.63333333333344,1950.0,-908.2222222222222,-862.3333333333334
651,1440.1916666666666,258.125,-639.9520833333333,475.0,-711.9616666666667,180.0,-279.9041666666667,-279.9041666666667,1950.0,-913.9583333333334,-870.9375
652,2029.9416666666664,342.125,-492.5145833333334,475.0,-594.0116666666668,180.0,14.97083333333319,14.97083333333319,1950.0,-885.9583333333334,-828.9375
653,2154.425,296.04166666666663,-461.39374999999995,475.0,-569.115,180.0,77.21250000000009,77.21250000000009,1950.0,-901.3194444444445,-851.9791666666667
654,1603.875,225.4583333333333,-599.03125,475.0,-679.225,180.0,-198.0625,-198.0625,1950.0,-924.8472222222223,-887.2708333333334
655,1708.0000000000002,260.1666666666667,-573.0,475.0,-658.4,180.0,-145.9999999999999,-145.9999999999999,1950.0,-913.2777777777778,-869.9166666666666
656,1535.625,206.79166666666663,-616.09375,475.0,-692.875,180.0,-232.1875,-232.1875,1950.0,-931.0694444444445,-896.6041666666667
657,1753.3833333333332,242.08333333333331,-561.6541666666667,475.0,-649.3233333333334,180.0,-123.3083333333334,-123.3083333333334,1950.0,-919.3055555555555,-878.9583333333334
658,1723.8666666666668,240.33333333333331,-569.0333333333333,475.0,-655.2266666666667,180.0,-138.0666666666666,-138.0666666666666,1950.0,-919.8888888888889,-879.8333333333334
659,2120.9416666666666,324.0416666666667,-469.76458333333335,475.0,-575.8116666666667,180.0,60.4708333333333,60.4708333333333,1950.0,-891.9861111111111,-837.9791666666666
660,2006.8416666666665,267.4583333333333,-498.2895833333334,475.0,-598.6316666666667,180.0,3.420833333333235,3.420833333333235,1950.0,-910.8472222222222,-866.2708333333334
661,2086.116666666667,285.25,-478.4708333333333,475.0,-582.7766666666666,180.0,43.058333333333394,43.058333333333394,1950.0,-904.9166666666666,-857.375
662,1487.0333333333335,162.16666666666666,-628.2416666666666,475.0,-702.5933333333332,180.0,-256.48333333333323,-256.48333333333323,1950.0,-945.9444444444445,-918.9166666666666
663,1869.7583333333328,219.625,-532.5604166666668,475.0,-626.0483333333334,180.0,-65.12083333333362,-65.12083333333362,1950.0,-926.7916666666666,-890.1875
664,1762.8916666666669,287.2916666666667,-559.2770833333333,475.0,-647.4216666666666,180.0,-118.55416666666656,-118.55416666666656,1950.0,-904.2361111111111,-856.3541666666666
665,2066.866666666667,275.9166666666667,-483.2833333333333,475.0,-586.6266666666667,180.0,33.433333333333394,33.433333333333394,1950.0,-908.0277777777778,-862.0416666666666
666,1422.1083333333331,220.2083333333333,-644.4729166666667,475.0,-715.5783333333334,180.0,-288.94583333333344,-288.94583333333344,1950.0,-926.5972222222223,-889.8958333333334
667,2282.0583333333334,330.4583333333333,-429.48541666666665,475.0,-543.5883333333334,180.0,141.0291666666667,141.0291666666667,1950.0,-889.8472222222222,-834.7708333333334
668,1745.2166666666667,253.75,-563.6958333333333,475.0,-650.9566666666667,180.0,-127.39166666666665,-127.39166666666665,1950.0,-915.4166666666666,-873.125
669,1779.6916666666666,250.54166666666663,-555.0770833333333,475.0,-644.0616666666667,180.0,-110.1541666666667,-110.1541666666667,1950.0,-916.4861111111111,-874.7291666666667
670,1587.7166666666667,254.91666666666669,-603.0708333333333,475.0,-682.4566666666667,180.0,-206.14166666666665,-206.14166666666665,1950.0,-915.0277777777778,-872.5416666666666
671,1612.975,246.4583333333333,-596.75625,475.0,-677.405,180.0,-193.51250000000005,-193.51250000000005,1950.0,-917.8472222222223,-876.7708333333334
672,2051.9333333333334,328.4166666666667,-487.01666666666665,475.0,-589.6133333333333,180.0,25.966666666666697,25.966666666666697,1950.0,-890.5277777777778,-835.7916666666666
673,1305.7333333333331,222.8333333333333,-673.5666666666667,475.0,-738.8533333333334,180.0,-347.13333333333344,-347.13333333333344,1950.0,-925.7222222222223,-888.5833333333334
674,1968.808333333333,364.2916666666666,-507.79791666666677,475.0,-606.2383333333335,180.0,-15.59583333333353,-15.59583333333353,1950.0,-878.5694444444445,-817.8541666666667
675,1543.15,232.16666666666663,-614.2125,475.0,-691.37,180.0,-228.42499999999995,-228.42499999999995,1950.0,-922.6111111111111,-883.9166666666667
676,1858.2083333333333,311.2083333333333,-535.4479166666667,475.0,-628.3583333333333,180.0,-70.89583333333337,-70.89583333333337,1950.0,-896.2638888888889,-844.3958333333334
677,1273.0666666666666,279.4166666666667,-681.7333333333333,475.0,-745.3866666666667,180.0,-363.4666666666667,-363.4666666666667,1950.0,-906.8611111111111,-860.2916666666666
678,1624.5833333333337,275.9166666666667,-593.8541666666665,475.0,-675.0833333333333,180.0,-187.70833333333314,-187.70833333333314,1950.0,-908.0277777777778,-862.0416666666666
679,1561.0,261.91666666666663,-609.75,475.0,-687.8,180.0,-219.5,-219.5,1950.0,-912.6944444444445,-869.0416666666667
680,2127.3583333333336,280.875,-468.1604166666666,475.0,-574.5283333333333,180.0,63.67916666666679,63.67916666666679,1950.0,-906.375,-859.5625
681,1806.9916666666668,234.20833333333331,-548.2520833333333,475.0,-638.6016666666667,180.0,-96.5041666666666,-96.5041666666666,1950.0,-921.9305555555555,-882.8958333333334
682,1944.1333333333328,343.5833333333333,-513.9666666666668,475.0,-611.1733333333334,180.0,-27.93333333333362,-27.93333333333362,1950.0,-885.4722222222222,-828.2083333333334
683,1428.525,256.375,-642.86875,475.0,-714.295,180.0,-285.73749999999995,-285.73749999999995,1950.0,-914.5416666666666,-871.8125
684,2219.0583333333334,326.9583333333333,-445.23541666666665,475.0,-556.1883333333333,180.0,109.5291666666667,109.5291666666667,1950.0,-891.0138888888889,-836.5208333333334
685,2433.3166666666666,309.16666666666663,-391.67083333333335,475.0,-513.3366666666667,180.0,216.6583333333333,216.6583333333333,1950.0,-896.9444444444445,-845.4166666666667
686,1900.6166666666668,268.33333333333337,-524.8458333333333,475.0,-619.8766666666667,180.0,-49.691666666666606,-49.691666666666606,1950.0,-910.5555555555555,-865.8333333333333
687,2339.5166666666664,298.66666666666663,-415.1208333333334,475.0,-532.0966666666667,180.0,169.7583333333332,169.7583333333332,1950.0,-900.4444444444445,-850.6666666666667
688,2107.525,290.79166666666663,-473.11875,475.0,-578.495,180.0,53.762500000000045,53.762500000000045,1950.0,-903.0694444444445,-854.6041666666667
689,1978.375,262.7916666666667,-505.40625,475.0,-604.325,180.0,-10.8125,-10.8125,1950.0,-912.4027777777778,-868.6041666666666
690,1518.8833333333334,285.25,-620.2791666666667,475.0,-696.2233333333334,180.0,-240.55833333333328,-240.55833333333328,1950.0,-904.9166666666666,-857.375
691,1639.3416666666667,276.7916666666667,-590.1645833333333,475.0,-672.1316666666667,180.0,-180.32916666666665,-180.32916666666665,1950.0,-907.7361111111111,-861.6041666666666
692,1107.05,210.58333333333331,-723.2375,475.0,-778.59,180.0,-446.475,-446.475,1950.0,-929.8055555555555,-894.7083333333334
693,1510.5416666666667,201.54166666666663,-622.3645833333333,475.0,-697.8916666666667,180.0,-244.72916666666663,-244.72916666666663,1950.0,-932.8194444444445,-899.2291666666667
694,1616.475,259.875,-595.88125,475.0,-676.705,180.0,-191.76250000000005,-191.76250000000005,1950.0,-913.375,-870.0625
695,1449.2916666666667,189.875,-637.6770833333333,475.0,-710.1416666666667,180.0,-275.35416666666663,-275.35416666666663,1950.0,-936.7083333333334,-905.0625
696,1101.8583333333331,227.20833333333331,-724.5354166666667,475.0,-779.6283333333333,180.0,-449.07083333333344,-449.07083333333344,1950.0,-924.2638888888889,-886.3958333333334
697,1856.108333333333,267.4583333333333,-535.9729166666668,475.0,-628.7783333333334,180.0,-71.94583333333355,-71.94583333333355,1950.0,-910.8472222222222,-866.2708333333334
698,1833.4166666666663,236.83333333333331,-541.6458333333335,475.0,-633.3166666666667,180.0,-83.29166666666686,-83.29166666666686,1950.0,-921.0555555555555,-881.5833333333334
699,2012.9083333333333,301.29166666666663,-496.7729166666667,475.0,-597.4183333333333,180.0,6.4541666666666515,6.4541666666666515,1950.0,-899.5694444444445,-849.3541666666667
700,1666.4083333333333,242.375,-583.3979166666667,475.0,-666.7183333333334,180.0,-166.79583333333335,-166.79583333333335,1950.0,-919.2083333333334,-878.8125
701,2249.858333333333,333.95833333333337,-437.5354166666667,475.0,-550.0283333333334,180.0,124.92916666666656,124.92916666666656,1950.0,-888.6805555555555,-833.0208333333333
702,1544.7833333333335,239.75,-613.8041666666666,475.0,-691.0433333333333,180.0,-227.60833333333323,-227.60833333333323,1950.0,-920.0833333333334,-880.125
703,1498.7,223.41666666666669,-625.325,475.0,-700.26,180.0,-250.64999999999998,-250.64999999999998,1950.0,-925.5277777777778,-888.2916666666666
704,2098.25,293.41666666666663,-475.4375,475.0,-580.35,180.0,49.125,49.125,1950.0,-902.1944444444445,-853.2916666666667
705,2226.2333333333336,330.16666666666663,-443.4416666666666,475.0,-554.7533333333333,180.0,113.11666666666679,113.11666666666679,1950.0,-889.9444444444445,-834.9166666666667
706,1858.4416666666664,240.04166666666663,-535.3895833333333,475.0,-628.3116666666667,180.0,-70.77916666666681,-70.77916666666681,1950.0,-919.9861111111111,-879.9791666666667
707,1732.2083333333333,274.4583333333333,-566.9479166666667,475.0,-653.5583333333334,180.0,-133.89583333333337,-133.89583333333337,1950.0,-908.5138888888889,-862.7708333333334
708,2157.8083333333334,275.625,-460.54791666666665,475.0,-568.4383333333333,180.0,78.9041666666667,78.9041666666667,1950.0,-908.125,-862.1875
709,1526.7583333333334,213.79166666666663,-618.3104166666667,475.0,-694.6483333333333,180.0,-236.62083333333328,-236.62083333333328,1950.0,-928.7361111111111,-893.1041666666667
710,2347.4500000000003,308.5833333333333,-413.13749999999993,475.0,-530.51,180.0,173.72500000000014,173.72500000000014,1950.0,-897.1388888888889,-845.7083333333334
711,2134.65,288.16666666666663,-466.3375,475.0,-573.0699999999999,180.0,67.32500000000005,67.32500000000005,1950.0,-903.9444444444445,-855.9166666666667
712,1904.4666666666667,234.5,-523.8833333333333,475.0,-619.1066666666667,180.0,-47.76666666666665,-47.76666666666665,1950.0,-921.8333333333334,-882.75
713,1565.9,274.75,-608.525,475.0,-686.8199999999999,180.0,-217.04999999999995,-217.04999999999995,1950.0,-908.4166666666666,-862.625
714,2132.141666666667,249.95833333333331,-466.9645833333333,475.0,-573.5716666666666,180.0,66.07083333333344,66.07083333333344,1950.0,-916.6805555555555,-875.0208333333334
715,2071.1249999999995,325.7916666666667,-482.2187500000001,475.0,-585.7750000000001,180.0,35.56249999999977,35.56249999999977,1950.0,-891.4027777777778,-837.1041666666666
716,1969.3333333333333,343.0,-507.6666666666667,475.0,-606.1333333333333,180.0,-15.333333333333371,-15.333333333333371,1950.0,-885.6666666666666,-828.5
717,1617.4083333333335,223.125,-595.6479166666666,475.0,-676.5183333333333,180.0,-191.29583333333323,-191.29583333333323,1950.0,-925.625,-888.4375
718,1945.8250000000005,283.7916666666667,-513.5437499999998,475.0,-610.8349999999999,180.0,-27.08749999999975,-27.08749999999975,1950.0,-905.4027777777778,-858.1041666666666
719,2061.325,329.875,-484.66875000000005,475.0,-587.735,180.0,30.66249999999991,30.66249999999991,1950.0,-890.0416666666666,-835.0625
720,1779.575,315.875,-555.10625,475.0,-644.085,180.0,-110.21249999999998,-110.21249999999998,1950.0,-894.7083333333334,-842.0625
721,1455.4166666666663,225.75,-636.1458333333335,475.0,-708.9166666666667,180.0,-272.29166666666686,-272.29166666666686,1950.0,-924.75,-887.125
722,1851.2666666666664,266.5833333333333,-537.1833333333334,475.0,-629.7466666666667,180.0,-74.36666666666679,-74.36666666666679,1950.0,-911.1388888888889,-866.7083333333334
723,1820.0,292.8333333333333,-545.0,475.0,-636.0,180.0,-90.0,-90.0,1950.0,-902.3888888888889,-853.5833333333334
724,2403.1,332.5,-399.225,475.0,-519.38,180.0,201.54999999999995,201.54999999999995,1950.0,-889.1666666666666,-833.75
725,1568.35,251.41666666666663,-607.9125,475.0,-686.33,180.0,-215.82500000000005,-215.82500000000005,1950.0,-916.1944444444445,-874.2916666666667
726,1778.1166666666666,245.0,-555.4708333333333,475.0,-644.3766666666667,180.0,-110.94166666666672,-110.94166666666672,1950.0,-918.3333333333334,-877.5
727,1451.0416666666663,211.45833333333331,-637.2395833333335,475.0,-709.7916666666667,180.0,-274.47916666666686,-274.47916666666686,1950.0,-929.5138888888889,-894.2708333333334
728,2105.1916666666666,288.4583333333333,-473.70208333333335,475.0,-578.9616666666667,180.0,52.5958333333333,52.5958333333333,1950.0,-903.8472222222222,-855.7708333333334
729,1962.5666666666664,324.3333333333333,-509.3583333333334,475.0,-607.4866666666667,180.0,-18.71666666666681,-18.71666666666681,1950.0,-891.8888888888889,-837.8333333333334
730,2312.508333333333,295.4583333333333,-421.8729166666667,475.0,-537.4983333333333,180.0,156.2541666666666,156.2541666666666,1950.0,-901.5138888888889,-852.2708333333334
731,2096.675,258.125,-475.83124999999995,475.0,-580.665,180.0,48.33750000000009,48.33750000000009,1950.0,-913.9583333333334,-870.9375
732,1939.525,241.79166666666669,-515.11875,475.0,-612.095,180.0,-30.237499999999955,-30.237499999999955,1950.0,-919.4027777777778,-879.1041666666666
733,1298.6166666666666,201.8333333333333,-675.3458333333333,475.0,-740.2766666666666,180.0,-350.6916666666667,-350.6916666666667,1950.0,-932.7222222222223,-899.0833333333334
734,2006.608333333333,269.2083333333333,-498.3479166666668,475.0,-598.6783333333334,180.0,3.304166666666447,3.304166666666447,1950.0,-910.2638888888889,-865.3958333333334
735,2097.258333333333,338.04166666666663,-475.6854166666667,475.0,-580.5483333333334,180.0,48.629166666666606,48.629166666666606,1950.0,-887.3194444444445,-830.9791666666667
736,1628.8416666666665,246.4583333333333,-592.7895833333334,475.0,-674.2316666666667,180.0,-185.57916666666677,-185.57916666666677,1950.0,-917.8472222222223,-876.7708333333334
737,2282.0,328.4166666666667,-429.5,475.0,-543.6,180.0,141.0,141.0,1950.0,-890.5277777777778,-835.7916666666666
738,1856.2833333333333,233.91666666666669,-535.9291666666667,475.0,-628.7433333333333,180.0,-71.85833333333335,-71.85833333333335,1950.0,-922.0277777777778,-883.0416666666666
739,1942.9083333333333,320.5416666666667,-514.2729166666667,475.0,-611.4183333333333,180.0,-28.54583333333335,-28.54583333333335,1950.0,-893.1527777777778,-839.7291666666666
740,2184.175,315.875,-453.95624999999995,475.0,-563.165,180.0,92.08750000000009,92.08750000000009,1950.0,-894.7083333333334,-842.0625
741,1593.3166666666666,292.25,-601.6708333333333,475.0,-681.3366666666667,180.0,-203.3416666666667,-203.3416666666667,1950.0,-902.5833333333334,-853.875
742,1591.5666666666666,310.33333333333337,-602.1083333333333,475.0,-681.6866666666667,180.0,-204.2166666666667,-204.2166666666667,1950.0,-896.5555555555555,-844.8333333333333
743,1879.85,265.4166666666667,-530.0375,475.0,-624.03,180.0,-60.075000000000045,-60.075000000000045,1950.0,-911.5277777777778,-867.2916666666666
744,1974.9916666666668,243.54166666666663,-506.2520833333333,475.0,-605.0016666666667,180.0,-12.504166666666606,-12.504166666666606,1950.0,-918.8194444444445,-878.2291666666667
745,1925.9333333333332,281.75,-518.5166666666667,475.0,-614.8133333333334,180.0,-37.03333333333342,-37.03333333333342,1950.0,-906.0833333333334,-859.125
746,2117.383333333333,318.5,-470.6541666666667,475.0,-576.5233333333333,180.0,58.691666666666606,58.691666666666606,1950.0,-893.8333333333334,-840.75
747,1434.5333333333333,238.5833333333333,-641.3666666666667,475.0,-713.0933333333334,180.0,-282.73333333333335,-282.73333333333335,1950.0,-920.4722222222223,-880.7083333333334
748,1712.2000000000005,228.66666666666669,-571.9499999999998,475.0,-657.56,180.0,-143.89999999999975,-143.89999999999975,1950.0,-923.7777777777778,-885.6666666666666
749,2189.775,323.45833333333337,-452.55625,475.0,-562.045,180.0,94.88750000000005,94.88750000000005,1950.0,-892.1805555555555,-838.2708333333333
750,1681.6916666666666,251.7083333333333,-579.5770833333333,475.0,-663.6616666666666,180.0,-159.1541666666667,-159.1541666666667,1950.0,-916.0972222222223,-874.1458333333334
751,2201.383333333333,283.5,-449.6541666666667,475.0,-559.7233333333334,180.0,100.6916666666666,100.6916666666666,1950.0,-905.5,-858.25
752,1870.1083333333331,261.625,-532.4729166666667,475.0,-625.9783333333334,180.0,-64.94583333333344,-64.94583333333344,1950.0,-912.7916666666666,-869.1875
753,2085.358333333333,318.20833333333337,-478.6604166666667,475.0,-582.9283333333334,180.0,42.67916666666656,42.67916666666656,1950.0,-893.9305555555555,-840.8958333333333
754,1977.675,287.875,-505.58125,475.0,-604.465,180.0,-11.162500000000023,-11.162500000000023,1950.0,-904.0416666666666,-856.0625
755,2163.175,294.875,-459.20624999999995,475.0,-567.365,180.0,81.58750000000009,81.58750000000009,1950.0,-901.7083333333334,-852.5625
756,2572.266666666667,372.75,-356.9333333333333,475.0,-485.5466666666666,180.0,286.13333333333344,286.13333333333344,1950.0,-875.75,-813.625
757,1774.2666666666664,259.0,-556.4333333333334,475.0,-645.1466666666668,180.0,-112.86666666666679,-112.86666666666679,1950.0,-913.6666666666666,-870.5
758,2184.0,319.66666666666663,-454.0,475.0,-563.2,180.0,92.0,92.0,1950.0,-893.4444444444445,-840.1666666666667
759,2111.491666666667,300.7083333333333,-472.1270833333333,475.0,-577.7016666666666,180.0,55.745833333333394,55.745833333333394,1950.0,-899.7638888888889,-849.6458333333334
760,1323.875,203.29166666666663,-669.03125,475.0,-735.225,180.0,-338.0625,-338.0625,1950.0,-932.2361111111111,-898.3541666666667
761,1893.0916666666667,282.625,-526.7270833333333,475.0,-621.3816666666667,180.0,-53.45416666666665,-53.45416666666665,1950.0,-905.7916666666666,-858.6875
762,1636.425,234.20833333333331,-590.89375,475.0,-672.715,180.0,-181.78750000000002,-181.78750000000002,1950.0,-921.9305555555555,-882.8958333333334
763,1581.475,234.79166666666663,-604.63125,475.0,-683.705,180.0,-209.26250000000005,-209.26250000000005,1950.0,-921.7361111111111,-882.6041666666667
764,1723.9833333333331,254.3333333333333,-569.0041666666667,475.0,-655.2033333333334,180.0,-138.00833333333344,-138.00833333333344,1950.0,-915.2222222222223,-872.8333333333334
765,2165.508333333333,326.9583333333333,-458.6229166666667,475.0,-566.8983333333333,180.0,82.7541666666666,82.7541666666666,1950.0,-891.0138888888889,-836.5208333333334
766,1476.5916666666667,203.29166666666663,-630.8520833333333,475.0,-704.6816666666666,180.0,-261.70416666666665,-261.70416666666665,1950.0,-932.2361111111111,-898.3541666666667
767,2265.7833333333333,286.4166666666667,-433.5541666666667,475.0,-546.8433333333334,180.0,132.89166666666665,132.89166666666665,1950.0,-904.5277777777778,-856.7916666666666
768,2201.383333333333,303.3333333333333,-449.6541666666667,475.0,-559.7233333333334,180.0,100.6916666666666,100.6916666666666,1950.0,-898.8888888888889,-848.3333333333334
769,1651.475,265.125,-587.13125,475.0,-669.705,180.0,-174.26250000000005,-174.26250000000005,1950.0,-911.625,-867.4375
770,1767.5583333333332,232.45833333333331,-558.1104166666667,475.0,-646.4883333333333,180.0,-116.22083333333342,-116.22083333333342,1950.0,-922.5138888888889,-883.7708333333334
771,1849.575,326.375,-537.60625,475.0,-630.085,180.0,-75.21249999999998,-75.21249999999998,1950.0,-891.2083333333334,-836.8125
772,2314.3750000000005,311.2083333333333,-421.4062499999999,475.0,-537.1249999999999,180.0,157.18750000000023,157.18750000000023,1950.0,-896.2638888888889,-844.3958333333334
773,1853.5416666666667,276.7916666666667,-536.6145833333333,475.0,-629.2916666666666,180.0,-73.22916666666663,-73.22916666666663,1950.0,-907.7361111111111,-861.6041666666666
774,2159.6166666666663,289.33333333333337,-460.0958333333334,475.0,-568.0766666666667,180.0,79.80833333333317,79.80833333333317,1950.0,-903.5555555555555,-855.3333333333333
775,2165.216666666667,287.0,-458.6958333333332,475.0,-566.9566666666666,180.0,82.60833333333358,82.60833333333358,1950.0,-904.3333333333334,-856.5
776,1781.2666666666664,285.8333333333333,-554.6833333333334,475.0,-643.7466666666667,180.0,-109.36666666666679,-109.36666666666679,1950.0,-904.7222222222222,-857.0833333333334
777,1890.2916666666667,273.875,-527.4270833333333,475.0,-621.9416666666666,180.0,-54.85416666666663,-54.85416666666663,1950.0,-908.7083333333334,-863.0625
778,1520.8083333333334,243.54166666666663,-619.7979166666667,475.0,-695.8383333333334,180.0,-239.5958333333333,-239.5958333333333,1950.0,-918.8194444444445,-878.2291666666667
779,2105.1916666666666,268.625,-473.70208333333335,475.0,-578.9616666666667,180.0,52.5958333333333,52.5958333333333,1950.0,-910.4583333333334,-865.6875
780,1636.1916666666666,315.2916666666667,-590.9520833333333,475.0,-672.7616666666667,180.0,-181.9041666666667,-181.9041666666667,1950.0,-894.9027777777778,-842.3541666666666
781,1940.108333333333,262.2083333333333,-514.9729166666668,475.0,-611.9783333333335,180.0,-29.945833333333553,-29.945833333333553,1950.0,-912.5972222222222,-868.8958333333334
782,2404.5583333333334,304.2083333333333,-398.86041666666665,475.0,-519.0883333333334,180.0,202.2791666666667,202.2791666666667,1950.0,-898.5972222222222,-847.8958333333334
783,2252.1916666666666,316.4583333333333,-436.95208333333335,475.0,-549.5616666666667,180.0,126.0958333333333,126.0958333333333,1950.0,-894.5138888888889,-841.7708333333334
784,2098.775,321.7083333333333,-475.30625,475.0,-580.245,180.0,49.387500000000045,49.387500000000045,1950.0,-892.7638888888889,-839.1458333333334
785,1975.5166666666664,281.75,-506.1208333333334,475.0,-604.8966666666668,180.0,-12.241666666666788,-12.241666666666788,1950.0,-906.0833333333334,-859.125
786,1591.275,240.625,-602.18125,475.0,-681.745,180.0,-204.36249999999995,-204.36249999999995,1950.0,-919.7916666666666,-879.6875
787,1507.45,222.25,-623.1375,475.0,-698.51,180.0,-246.27499999999998,-246.27499999999998,1950.0,-925.9166666666666,-888.875
788,1463.0,213.5,-634.25,475.0,-707.4,180.0,-268.5,-268.5,1950.0,-928.8333333333334,-893.25
789,1462.825,266.875,-634.29375,475.0,-707.435,180.0,-268.5875,-268.5875,1950.0,-911.0416666666666,-866.5625
790,2027.1416666666664,323.45833333333337,-493.2145833333334,475.0,-594.5716666666667,180.0,13.570833333333212,13.570833333333212,1950.0,-892.1805555555555,-838.2708333333333
791,2286.958333333333,303.625,-428.26041666666674,475.0,-542.6083333333333,180.0,143.47916666666652,143.47916666666652,1950.0,-898.7916666666666,-848.1875
792,1842.108333333333,263.375,-539.4729166666668,475.0,-631.5783333333334,180.0,-78.94583333333355,-78.94583333333355,1950.0,-912.2083333333334,-868.3125
793,1767.9666666666667,256.66666666666663,-558.0083333333333,475.0,-646.4066666666666,180.0,-116.01666666666665,-116.01666666666665,1950.0,-914.4444444444445,-871.6666666666667
794,1981.7,280.0,-504.575,475.0,-603.66,180.0,-9.149999999999977,-9.149999999999977,1950.0,-906.6666666666666,-860.0
795,1797.1333333333334,275.9166666666667,-550.7166666666667,475.0,-640.5733333333333,180.0,-101.43333333333328,-101.43333333333328,1950.0,-908.0277777777778,-862.0416666666666
796,1896.5916666666667,296.04166666666663,-525.8520833333333,475.0,-620.6816666666666,180.0,-51.70416666666665,-51.70416666666665,1950.0,-901.3194444444445,-851.9791666666667
797,1916.95,274.75,-520.7625,475.0,-616.61,180.0,-41.52499999999998,-41.52499999999998,1950.0,-908.4166666666666,-862.625
798,1759.4500000000005,275.9166666666667,-560.1374999999998,475.0,-648.1099999999999,180.0,-120.27499999999975,-120.27499999999975,1950.0,-908.0277777777778,-862.0416666666666
799,1818.8916666666669,244.125,-545.2770833333333,475.0,-636.2216666666666,180.0,-90.55416666666656,-90.55416666666656,1950.0,-918.625,-877.9375
800,1362.025,239.45833333333331,-659.49375,475.0,-727.595,180.0,-318.98749999999995,-318.98749999999995,1950.0,-920.1805555555555,-880.2708333333334
801,2155.3,326.6666666666667,-461.17499999999995,475.0,-568.9399999999999,180.0,77.65000000000009,77.65000000000009,1950.0,-891.1111111111111,-836.6666666666666
802,1994.475,310.625,-501.38125,475.0,-601.105,180.0,-2.7625000000000455,-2.7625000000000455,1950.0,-896.4583333333334,-844.6875
803,1976.8,277.0833333333333,-505.8,475.0,-604.64,180.0,-11.600000000000023,-11.600000000000023,1950.0,-907.6388888888889,-861.4583333333334
804,1735.4166666666663,277.66666666666663,-566.1458333333335,475.0,-652.9166666666667,180.0,-132.29166666666686,-132.29166666666686,1950.0,-907.4444444444445,-861.1666666666667
805,1554.9916666666668,269.79166666666663,-611.2520833333333,475.0,-689.0016666666667,180.0,-222.5041666666666,-222.5041666666666,1950.0,-910.0694444444445,-865.1041666666667
806,1748.2500000000002,300.4166666666667,-562.9375,475.0,-650.3499999999999,180.0,-125.87499999999989,-125.87499999999989,1950.0,-899.8611111111111,-849.7916666666666
807,1700.5333333333333,256.66666666666663,-574.8666666666667,475.0,-659.8933333333333,180.0,-149.73333333333335,-149.73333333333335,1950.0,-914.4444444444445,-871.6666666666667
808,1971.4333333333332,238.0,-507.1416666666667,475.0,-605.7133333333334,180.0,-14.283333333333417,-14.283333333333417,1950.0,-920.6666666666666,-881.0
809,1518.5333333333335,223.41666666666669,-620.3666666666666,475.0,-696.2933333333333,180.0,-240.73333333333323,-240.73333333333323,1950.0,-925.5277777777778,-888.2916666666666
810,2069.025,321.7083333333333,-482.74375,475.0,-586.1949999999999,180.0,34.512500000000045,34.512500000000045,1950.0,-892.7638888888889,-839.1458333333334
811,2080.1666666666665,334.8333333333333,-479.95833333333337,475.0,-583.9666666666667,180.0,40.08333333333326,40.08333333333326,1950.0,-888.3888888888889,-832.5833333333334
812,1453.0833333333333,223.41666666666669,-636.7291666666667,475.0,-709.3833333333333,180.0,-273.45833333333337,-273.45833333333337,1950.0,-925.5277777777778,-888.2916666666666
813,2060.45,279.4166666666667,-484.88750000000005,475.0,-587.9100000000001,180.0,30.22499999999991,30.22499999999991,1950.0,-906.8611111111111,-860.2916666666666
814,1817.8416666666667,217.29166666666663,-545.5395833333333,475.0,-636.4316666666666,180.0,-91.07916666666665,-91.07916666666665,1950.0,-927.5694444444445,-891.3541666666667
815,1366.9833333333331,165.08333333333331,-658.2541666666667,475.0,-726.6033333333334,180.0,-316.50833333333344,-316.50833333333344,1950.0,-944.9722222222222,-917.4583333333334
816,1547.7,232.75,-613.075,475.0,-690.46,180.0,-226.14999999999998,-226.14999999999998,1950.0,-922.4166666666666,-883.625
817,1267.2333333333331,224.0,-683.1916666666667,475.0,-746.5533333333334,180.0,-366.38333333333344,-366.38333333333344,1950.0,-925.3333333333334,-888.0
818,1610.2333333333331,249.66666666666669,-597.4416666666667,475.0,-677.9533333333334,180.0,-194.88333333333344,-194.88333333333344,1950.0,-916.7777777777778,-875.1666666666666
819,2219.8749999999995,296.04166666666663,-445.0312500000001,475.0,-556.0250000000001,180.0,109.93749999999977,109.93749999999977,1950.0,-901.3194444444445,-851.9791666666667
820,1959.65,261.91666666666663,-510.0875,475.0,-608.0699999999999,180.0,-20.174999999999955,-20.174999999999955,1950.0,-912.6944444444445,-869.0416666666667
821,2114.758333333333,305.9583333333333,-471.3104166666667,475.0,-577.0483333333334,180.0,57.379166666666606,57.379166666666606,1950.0,-898.0138888888889,-847.0208333333334
822,1365.6416666666669,217.29166666666663,-658.5895833333333,475.0,-726.8716666666667,180.0,-317.17916666666656,-317.17916666666656,1950.0,-927.5694444444445,-891.3541666666667
823,2361.508333333333,344.45833333333337,-409.6229166666667,475.0,-527.6983333333334,180.0,180.7541666666666,180.7541666666666,1950.0,-885.1805555555555,-827.7708333333333
824,1723.4,283.5,-569.15,475.0,-655.3199999999999,180.0,-138.29999999999995,-138.29999999999995,1950.0,-905.5,-858.25
825,1839.3666666666668,276.5,-540.1583333333333,475.0,-632.1266666666667,180.0,-80.3166666666666,-80.3166666666666,1950.0,-907.8333333333334,-861.75
826,1857.975,243.54166666666663,-535.50625,475.0,-628.405,180.0,-71.01250000000005,-71.01250000000005,1950.0,-918.8194444444445,-878.2291666666667
827,2187.675,279.7083333333333,-453.08124999999995,475.0,-562.4649999999999,180.0,93.83750000000009,93.83750000000009,1950.0,-906.7638888888889,-860.1458333333334
828,1818.8333333333333,311.5,-545.2916666666667,475.0,-636.2333333333333,180.0,-90.58333333333337,-90.58333333333337,1950.0,-896.1666666666666,-844.25
829,1828.6333333333328,257.83333333333337,-542.8416666666668,475.0,-634.2733333333334,180.0,-85.68333333333362,-85.68333333333362,1950.0,-914.0555555555555,-871.0833333333333
830,1968.6333333333328,298.66666666666663,-507.8416666666668,475.0,-606.2733333333334,180.0,-15.683333333333621,-15.683333333333621,1950.0,-900.4444444444445,-850.6666666666667
831,1960.8166666666664,273.0,-509.7958333333334,475.0,-607.8366666666667,180.0,-19.59166666666681,-19.59166666666681,1950.0,-909.0,-863.5
832,1912.3416666666667,232.45833333333331,-521.9145833333333,475.0,-617.5316666666666,180.0,-43.82916666666665,-43.82916666666665,1950.0,-922.5138888888889,-883.7708333333334
833,2085.183333333333,272.41666666666663,-478.70416666666677,475.0,-582.9633333333334,180.0,42.59166666666647,42.59166666666647,1950.0,-909.1944444444445,-863.7916666666667
834,1793.6333333333332,262.5,-551.5916666666667,475.0,-641.2733333333333,180.0,-103.1833333333334,-103.1833333333334,1950.0,-912.5,-868.75
835,1712.1416666666669,325.7916666666667,-571.9645833333333,475.0,-657.5716666666666,180.0,-143.92916666666656,-143.92916666666656,1950.0,-891.4027777777778,-837.1041666666666
836,1898.6333333333328,238.5833333333333,-525.3416666666668,475.0,-620.2733333333334,180.0,-50.68333333333362,-50.68333333333362,1950.0,-920.4722222222223,-880.7083333333334
837,1614.7833333333333,329.5833333333333,-596.3041666666667,475.0,-677.0433333333333,180.0,-192.60833333333335,-192.60833333333335,1950.0,-890.1388888888889,-835.2083333333334
838,2624.9416666666666,342.125,-343.76458333333335,475.0,-475.01166666666666,180.0,312.4708333333333,312.4708333333333,1950.0,-885.9583333333334,-828.9375
839,1528.7416666666668,203.875,-617.8145833333333,475.0,-694.2516666666667,180.0,-235.6291666666666,-235.6291666666666,1950.0,-932.0416666666666,-898.0625
840,2082.9666666666662,264.25,-479.25833333333344,475.0,-583.4066666666668,180.0,41.48333333333312,41.48333333333312,1950.0,-911.9166666666666,-867.875
841,1919.4583333333333,223.70833333333331,-520.1354166666667,475.0,-616.1083333333333,180.0,-40.27083333333337,-40.27083333333337,1950.0,-925.4305555555555,-888.1458333333334
842,1823.5,266.5833333333333,-544.125,475.0,-635.3,180.0,-88.25,-88.25,1950.0,-911.1388888888889,-866.7083333333334
843,2164.75,270.6666666666667,-458.8125,475.0,-567.05,180.0,82.375,82.375,1950.0,-909.7777777777778,-864.6666666666666
844,1898.9833333333331,270.6666666666667,-525.2541666666667,475.0,-620.2033333333334,180.0,-50.50833333333344,-50.50833333333344,1950.0,-909.7777777777778,-864.6666666666666
845,1976.0416666666667,270.375,-505.9895833333333,475.0,-604.7916666666666,180.0,-11.979166666666629,-11.979166666666629,1950.0,-909.875,-864.8125
846,1458.5083333333332,274.4583333333333,-635.3729166666667,475.0,-708.2983333333334,180.0,-270.7458333333334,-270.7458333333334,1950.0,-908.5138888888889,-862.7708333333334
847,1720.3083333333334,333.95833333333337,-569.9229166666667,475.0,-655.9383333333333,180.0,-139.8458333333333,-139.8458333333333,1950.0,-888.6805555555555,-833.0208333333333
848,1816.7916666666663,309.4583333333333,-545.8020833333335,475.0,-636.6416666666668,180.0,-91.60416666666686,-91.60416666666686,1950.0,-896.8472222222222,-845.2708333333334
849,1719.8416666666665,248.20833333333331,-570.0395833333334,475.0,-656.0316666666668,180.0,-140.07916666666677,-140.07916666666677,1950.0,-917.2638888888889,-875.8958333333334
850,2201.4416666666666,325.2083333333333,-449.63958333333335,475.0,-559.7116666666667,180.0,100.7208333333333,100.7208333333333,1950.0,-891.5972222222222,-837.3958333333334
851,2077.133333333333,268.33333333333337,-480.7166666666667,475.0,-584.5733333333334,180.0,38.566666666666606,38.566666666666606,1950.0,-910.5555555555555,-865.8333333333333
852,2232.125,288.4583333333333,-441.96875,475.0,-553.575,180.0,116.0625,116.0625,1950.0,-903.8472222222222,-855.7708333333334
853,1698.3166666666666,218.75,-575.4208333333333,475.0,-660.3366666666667,180.0,-150.8416666666667,-150.8416666666667,1950.0,-927.0833333333334,-890.625
854,1762.8333333333337,225.75,-559.2916666666665,475.0,-647.4333333333333,180.0,-118.58333333333314,-118.58333333333314,1950.0,-924.75,-887.125
855,1617.2333333333331,256.66666666666663,-595.6916666666667,475.0,-676.5533333333334,180.0,-191.38333333333344,-191.38333333333344,1950.0,-914.4444444444445,-871.6666666666667
856,1976.1,242.66666666666663,-505.975,475.0,-604.78,180.0,-11.950000000000045,-11.950000000000045,1950.0,-919.1111111111111,-878.6666666666667
857,1929.9583333333333,323.45833333333337,-517.5104166666667,475.0,-614.0083333333333,180.0,-35.02083333333337,-35.02083333333337,1950.0,-892.1805555555555,-838.2708333333333
858,1641.7333333333331,221.66666666666663,-589.5666666666667,475.0,-671.6533333333334,180.0,-179.13333333333344,-179.13333333333344,1950.0,-926.1111111111111,-889.1666666666667
859,2359.9333333333334,259.5833333333333,-410.01666666666665,475.0,-528.0133333333333,180.0,179.9666666666667,179.9666666666667,1950.0,-913.4722222222222,-870.2083333333334
860,2080.166666666667,255.5,-479.95833333333326,475.0,-583.9666666666666,180.0,40.083333333333485,40.083333333333485,1950.0,-914.8333333333334,-872.25
861,1480.7333333333331,219.33333333333331,-629.8166666666667,475.0,-703.8533333333334,180.0,-259.63333333333344,-259.63333333333344,1950.0,-926.8888888888889,-890.3333333333334
862,2105.425,286.70833333333337,-473.64374999999995,475.0,-578.915,180.0,52.71250000000009,52.71250000000009,1950.0,-904.4305555555555,-856.6458333333333
863,1734.6583333333335,251.125,-566.3354166666666,475.0,-653.0683333333333,180.0,-132.67083333333323,-132.67083333333323,1950.0,-916.2916666666666,-874.4375
864,1943.55,273.58333333333337,-514.1125,475.0,-611.29,180.0,-28.225000000000023,-28.225000000000023,1950.0,-908.8055555555555,-863.2083333333333
865,1668.275,317.625,-582.93125,475.0,-666.345,180.0,-165.86249999999995,-165.86249999999995,1950.0,-894.125,-841.1875
866,2346.516666666667,325.5,-413.3708333333333,475.0,-530.6966666666666,180.0,173.25833333333344,173.25833333333344,1950.0,-891.5,-837.25
867,1985.8416666666665,256.375,-503.5395833333334,475.0,-602.8316666666667,180.0,-7.079166666666765,-7.079166666666765,1950.0,-914.5416666666666,-871.8125
868,2112.541666666667,337.4583333333333,-471.86458333333326,475.0,-577.4916666666666,180.0,56.270833333333485,56.270833333333485,1950.0,-887.5138888888889,-831.2708333333334
869,1730.3416666666665,288.4583333333333,-567.4145833333334,475.0,-653.9316666666667,180.0,-134.82916666666677,-134.82916666666677,1950.0,-903.8472222222222,-855.7708333333334
870,2211.4166666666665,337.1666666666667,-447.14583333333337,475.0,-557.7166666666667,180.0,105.70833333333326,105.70833333333326,1950.0,-887.6111111111111,-831.4166666666666
871,1943.608333333333,285.54166666666663,-514.0979166666668,475.0,-611.2783333333334,180.0,-28.195833333333553,-28.195833333333553,1950.0,-904.8194444444445,-857.2291666666667
872,1792.933333333333,277.66666666666663,-551.7666666666668,475.0,-641.4133333333334,180.0,-103.53333333333353,-103.53333333333353,1950.0,-907.4444444444445,-861.1666666666667
873,2202.958333333333,398.125,-449.26041666666674,475.0,-559.4083333333334,180.0,101.47916666666652,101.47916666666652,1950.0,-867.2916666666666,-800.9375
874,2030.8166666666664,293.41666666666663,-492.2958333333334,475.0,-593.8366666666667,180.0,15.40833333333319,15.40833333333319,1950.0,-902.1944444444445,-853.2916666666667
875,2014.6583333333333,342.7083333333333,-496.3354166666667,475.0,-597.0683333333334,180.0,7.3291666666666515,7.3291666666666515,1950.0,-885.7638888888889,-828.6458333333334
876,1954.4,266.5833333333333,-511.4,475.0,-609.12,180.0,-22.799999999999955,-22.799999999999955,1950.0,-911.1388888888889,-866.7083333333334
877,2070.1916666666666,322.875,-482.45208333333335,475.0,-585.9616666666667,180.0,35.0958333333333,35.0958333333333,1950.0,-892.375,-838.5625
878,1349.7166666666667,185.5,-662.5708333333333,475.0,-730.0566666666666,180.0,-325.14166666666665,-325.14166666666665,1950.0,-938.1666666666666,-907.25
879,1577.5083333333332,224.875,-605.6229166666667,475.0,-684.4983333333333,180.0,-211.2458333333334,-211.2458333333334,1950.0,-925.0416666666666,-887.5625
880,1644.7083333333333,246.4583333333333,-588.8229166666667,475.0,-671.0583333333334,180.0,-177.64583333333337,-177.64583333333337,1950.0,-917.8472222222223,-876.7708333333334
881,1867.8333333333333,281.1666666666667,-533.0416666666667,475.0,-626.4333333333334,180.0,-66.08333333333337,-66.08333333333337,1950.0,-906.2777777777778,-859.4166666666666
882,2040.033333333333,259.0,-489.99166666666673,475.0,-591.9933333333333,180.0,20.016666666666538,20.016666666666538,1950.0,-913.6666666666666,-870.5
883,2090.491666666667,249.95833333333331,-477.3770833333333,475.0,-581.9016666666666,180.0,45.245833333333394,45.245833333333394,1950.0,-916.6805555555555,-875.0208333333334
884,1520.4,239.16666666666669,-619.9,475.0,-695.92,180.0,-239.79999999999995,-239.79999999999995,1950.0,-920.2777777777778,-880.4166666666666
885,1781.0916666666667,279.7083333333333,-554.7270833333333,475.0,-643.7816666666666,180.0,-109.45416666666665,-109.45416666666665,1950.0,-906.7638888888889,-860.1458333333334
886,1627.2083333333333,219.04166666666663,-593.1979166666667,475.0,-674.5583333333334,180.0,-186.39583333333337,-186.39583333333337,1950.0,-926.9861111111111,-890.4791666666667
887,1929.025,310.625,-517.74375,475.0,-614.1949999999999,180.0,-35.487499999999955,-35.487499999999955,1950.0,-896.4583333333334,-844.6875
888,1959.125,293.125,-510.21875,475.0,-608.175,180.0,-20.4375,-20.4375,1950.0,-902.2916666666666,-853.4375
889,1380.75,220.5,-654.8125,475.0,-723.85,180.0,-309.625,-309.625,1950.0,-926.5,-889.75
890,1878.5083333333332,377.125,-530.3729166666667,475.0,-624.2983333333334,180.0,-60.745833333333394,-60.745833333333394,1950.0,-874.2916666666666,-811.4375
891,1812.2416666666663,298.9583333333333,-546.9395833333334,475.0,-637.5516666666667,180.0,-93.87916666666683,-93.87916666666683,1950.0,-900.3472222222222,-850.5208333333334
892,2031.925,312.375,-492.01875,475.0,-593.615,180.0,15.962499999999977,15.962499999999977,1950.0,-895.875,-843.8125
893,2070.366666666667,299.25,-482.4083333333333,475.0,-585.9266666666666,180.0,35.183333333333394,35.183333333333394,1950.0,-900.25,-850.375
894,1820.1166666666668,296.9166666666667,-544.9708333333333,475.0,-635.9766666666667,180.0,-89.9416666666666,-89.9416666666666,1950.0,-901.0277777777778,-851.5416666666666
895,2060.916666666667,355.25,-484.77083333333326,475.0,-587.8166666666666,180.0,30.458333333333485,30.458333333333485,1950.0,-881.5833333333334,-822.375
896,1491.2333333333331,190.16666666666663,-627.1916666666667,475.0,-701.7533333333333,180.0,-254.38333333333344,-254.38333333333344,1950.0,-936.6111111111111,-904.9166666666667
897,1937.6583333333333,295.4583333333333,-515.5854166666667,475.0,-612.4683333333334,180.0,-31.17083333333335,-31.17083333333335,1950.0,-901.5138888888889,-852.2708333333334
898,2015.4166666666663,319.66666666666663,-496.1458333333334,475.0,-596.9166666666667,180.0,7.708333333333144,7.708333333333144,1950.0,-893.4444444444445,-840.1666666666667
899,1629.3666666666668,245.0,-592.6583333333333,475.0,-674.1266666666667,180.0,-185.3166666666666,-185.3166666666666,1950.0,-918.3333333333334,-877.5
900,2035.4833333333331,317.9166666666667,-491.1291666666667,475.0,-592.9033333333334,180.0,17.74166666666656,17.74166666666656,1950.0,-894.0277777777778,-841.0416666666666
901,1794.5083333333332,253.45833333333331,-551.3729166666667,475.0,-641.0983333333334,180.0,-102.7458333333334,-102.7458333333334,1950.0,-915.5138888888889,-873.2708333333334
902,2200.3916666666664,308.2916666666667,-449.9020833333334,475.0,-559.9216666666667,180.0,100.19583333333321,100.19583333333321,1950.0,-897.2361111111111,-845.8541666666666
903,1554.525,223.70833333333331,-611.36875,475.0,-689.095,180.0,-222.73749999999995,-222.73749999999995,1950.0,-925.4305555555555,-888.1458333333334
904,1765.4,256.0833333333333,-558.65,475.0,-646.92,180.0,-117.29999999999995,-117.29999999999995,1950.0,-914.6388888888889,-871.9583333333334
905,2358.475,307.70833333333337,-410.38125,475.0,-528.3050000000001,180.0,179.23749999999995,179.23749999999995,1950.0,-897.4305555555555,-846.1458333333333
906,1730.6916666666666,231.29166666666669,-567.3270833333333,475.0,-653.8616666666667,180.0,-134.6541666666667,-134.6541666666667,1950.0,-922.9027777777778,-884.3541666666666
907,2262.9833333333336,297.5,-434.2541666666666,475.0,-547.4033333333333,180.0,131.4916666666668,131.4916666666668,1950.0,-900.8333333333334,-851.25
908,2162.358333333333,345.625,-459.4104166666667,475.0,-567.5283333333334,180.0,81.17916666666656,81.17916666666656,1950.0,-884.7916666666666,-827.1875
909,2267.7666666666664,326.08333333333337,-433.0583333333334,475.0,-546.4466666666667,180.0,133.8833333333332,133.8833333333332,1950.0,-891.3055555555555,-836.9583333333333
910,930.0666666666666,164.5,-767.4833333333333,475.0,-813.9866666666667,180.0,-534.9666666666667,-534.9666666666667,1950.0,-945.1666666666666,-917.75
911,2079.758333333333,320.5416666666667,-480.0604166666667,475.0,-584.0483333333334,180.0,39.879166666666606,39.879166666666606,1950.0,-893.1527777777778,-839.7291666666666
912,2013.725,280.29166666666663,-496.56875,475.0,-597.255,180.0,6.8624999999999545,6.8624999999999545,1950.0,-906.5694444444445,-859.8541666666667
913,1531.1916666666666,240.04166666666663,-617.2020833333333,475.0,-693.7616666666667,180.0,-234.4041666666667,-234.4041666666667,1950.0,-919.9861111111111,-879.9791666666667
914,2006.9,329.0,-498.275,475.0,-598.62,180.0,3.4500000000000455,3.4500000000000455,1950.0,-890.3333333333334,-835.5
915,1907.2666666666669,263.08333333333337,-523.1833333333333,475.0,-618.5466666666666,180.0,-46.36666666666656,-46.36666666666656,1950.0,-912.3055555555555,-868.4583333333333
916,1550.9666666666667,257.83333333333337,-612.2583333333333,475.0,-689.8066666666666,180.0,-224.51666666666665,-224.51666666666665,1950.0,-914.0555555555555,-871.0833333333333
917,2173.9666666666667,305.6666666666667,-456.5083333333333,475.0,-565.2066666666667,180.0,86.98333333333335,86.98333333333335,1950.0,-898.1111111111111,-847.1666666666666
918,1502.4916666666666,227.20833333333331,-624.3770833333333,475.0,-699.5016666666667,180.0,-248.75416666666672,-248.75416666666672,1950.0,-924.2638888888889,-886.3958333333334
919,1921.85,277.66666666666663,-519.5375,475.0,-615.63,180.0,-39.075000000000045,-39.075000000000045,1950.0,-907.4444444444445,-861.1666666666667
920,1747.2,233.91666666666669,-563.2,475.0,-650.56,180.0,-126.39999999999998,-126.39999999999998,1950.0,-922.0277777777778,-883.0416666666666
921,1946.4083333333333,314.125,-513.3979166666667,475.0,-610.7183333333334,180.0,-26.79583333333335,-26.79583333333335,1950.0,-895.2916666666666,-842.9375
922,2020.025,292.5416666666667,-494.99375,475.0,-595.995,180.0,10.012500000000045,10.012500000000045,1950.0,-902.4861111111111,-853.7291666666666
923,1678.8916666666664,322.29166666666663,-580.2770833333334,475.0,-664.2216666666667,180.0,-160.5541666666668,-160.5541666666668,1950.0,-892.5694444444445,-838.8541666666667
924,1745.9166666666667,228.66666666666669,-563.5208333333333,475.0,-650.8166666666666,180.0,-127.04166666666663,-127.04166666666663,1950.0,-923.7777777777778,-885.6666666666666
925,1926.9833333333331,268.9166666666667,-518.2541666666667,475.0,-614.6033333333334,180.0,-36.50833333333344,-36.50833333333344,1950.0,-910.3611111111111,-865.5416666666666
926,1955.6833333333327,252.0,-511.0791666666668,475.0,-608.8633333333335,180.0,-22.158333333333644,-22.158333333333644,1950.0,-916.0,-874.0
927,1567.125,238.29166666666663,-608.21875,475.0,-686.575,180.0,-216.4375,-216.4375,1950.0,-920.5694444444445,-880.8541666666667
928,1902.775,333.95833333333337,-524.30625,475.0,-619.4449999999999,180.0,-48.612499999999955,-48.612499999999955,1950.0,-888.6805555555555,-833.0208333333333
929,2333.916666666667,350.5833333333333,-416.52083333333326,475.0,-533.2166666666666,180.0,166.95833333333348,166.95833333333348,1950.0,-883.1388888888889,-824.7083333333334
930,1503.6,216.41666666666663,-624.1,475.0,-699.28,180.0,-248.20000000000005,-248.20000000000005,1950.0,-927.8611111111111,-891.7916666666667
931,1802.3833333333328,291.0833333333333,-549.4041666666668,475.0,-639.5233333333334,180.0,-98.80833333333362,-98.80833333333362,1950.0,-902.9722222222222,-854.4583333333334
932,2249.1,327.25,-437.725,475.0,-550.1800000000001,180.0,124.54999999999995,124.54999999999995,1950.0,-890.9166666666666,-836.375
933,2009.8166666666664,252.58333333333331,-497.5458333333334,475.0,-598.0366666666667,180.0,4.908333333333189,4.908333333333189,1950.0,-915.8055555555555,-873.7083333333334
934,2119.483333333333,253.16666666666663,-470.1291666666667,475.0,-576.1033333333334,180.0,59.74166666666656,59.74166666666656,1950.0,-915.6111111111111,-873.4166666666667
935,1611.4,240.91666666666663,-597.15,475.0,-677.72,180.0,-194.29999999999995,-194.29999999999995,1950.0,-919.6944444444445,-879.5416666666667
936,2305.858333333333,290.79166666666663,-423.5354166666667,475.0,-538.8283333333334,180.0,152.92916666666656,152.92916666666656,1950.0,-903.0694444444445,-854.6041666666667
937,1562.75,224.0,-609.3125,475.0,-687.45,180.0,-218.625,-218.625,1950.0,-925.3333333333334,-888.0
938,2127.7666666666664,315.0,-468.0583333333334,475.0,-574.4466666666667,180.0,63.88333333333321,63.88333333333321,1950.0,-895.0,-842.5
939,1968.9833333333331,281.1666666666667,-507.7541666666667,475.0,-606.2033333333334,180.0,-15.50833333333344,-15.50833333333344,1950.0,-906.2777777777778,-859.4166666666666
940,2096.5,311.5,-475.875,475.0,-580.7,180.0,48.25,48.25,1950.0,-896.1666666666666,-844.25
941,2131.5583333333334,269.2083333333333,-467.11041666666665,475.0,-573.6883333333333,180.0,65.7791666666667,65.7791666666667,1950.0,-910.2638888888889,-865.3958333333334
942,1508.15,236.83333333333331,-622.9625,475.0,-698.37,180.0,-245.92499999999995,-245.92499999999995,1950.0,-921.0555555555555,-881.5833333333334
943,1611.7499999999998,292.8333333333333,-597.0625,475.0,-677.6500000000001,180.0,-194.1250000000001,-194.1250000000001,1950.0,-902.3888888888889,-853.5833333333334
944,2113.183333333333,300.4166666666667,-471.70416666666677,475.0,-577.3633333333335,180.0,56.59166666666647,56.59166666666647,1950.0,-899.8611111111111,-849.7916666666666
945,1720.6,274.75,-569.85,475.0,-655.88,180.0,-139.70000000000005,-139.70000000000005,1950.0,-908.4166666666666,-862.625
946,2285.325,296.04166666666663,-428.66875000000005,475.0,-542.9350000000001,180.0,142.6624999999999,142.6624999999999,1950.0,-901.3194444444445,-851.9791666666667
947,2172.333333333333,268.33333333333337,-456.91666666666674,475.0,-565.5333333333334,180.0,86.16666666666652,86.16666666666652,1950.0,-910.5555555555555,-865.8333333333333
948,2248.3416666666667,320.5416666666667,-437.9145833333333,475.0,-550.3316666666667,180.0,124.17083333333335,124.17083333333335,1950.0,-893.1527777777778,-839.7291666666666
949,2075.9083333333333,314.7083333333333,-481.0229166666667,475.0,-584.8183333333334,180.0,37.95416666666665,37.95416666666665,1950.0,-895.0972222222222,-842.6458333333334
950,1921.0916666666665,300.7083333333333,-519.7270833333334,475.0,-615.7816666666668,180.0,-39.454166666666765,-39.454166666666765,1950.0,-899.7638888888889,-849.6458333333334
951,1767.0916666666665,216.125,-558.2270833333334,475.0,-646.5816666666667,180.0,-116.45416666666677,-116.45416666666677,1950.0,-927.9583333333334,-891.9375
952,1964.6666666666663,308.5833333333333,-508.8333333333334,475.0,-607.0666666666667,180.0,-17.666666666666856,-17.666666666666856,1950.0,-897.1388888888889,-845.7083333333334
953,2208.266666666667,365.75,-447.9333333333333,475.0,-558.3466666666666,180.0,104.13333333333344,104.13333333333344,1950.0,-878.0833333333334,-817.125
954,2132.3750000000005,307.70833333333337,-466.9062499999999,475.0,-573.5249999999999,180.0,66.18750000000023,66.18750000000023,1950.0,-897.4305555555555,-846.1458333333333
955,1987.125,321.125,-503.21875,475.0,-602.575,180.0,-6.4375,-6.4375,1950.0,-892.9583333333334,-839.4375
956,2347.45,278.83333333333337,-413.13750000000005,475.0,-530.51,180.0,173.7249999999999,173.7249999999999,1950.0,-907.0555555555555,-860.5833333333333
957,2098.891666666667,276.20833333333337,-475.2770833333333,475.0,-580.2216666666666,180.0,49.44583333333344,49.44583333333344,1950.0,-907.9305555555555,-861.8958333333333
958,2034.8416666666665,305.375,-491.2895833333334,475.0,-593.0316666666668,180.0,17.420833333333235,17.420833333333235,1950.0,-898.2083333333334,-847.3125
959,1823.2083333333333,216.70833333333331,-544.1979166666667,475.0,-635.3583333333333,180.0,-88.39583333333337,-88.39583333333337,1950.0,-927.7638888888889,-891.6458333333334
960,1588.5333333333333,253.75,-602.8666666666667,475.0,-682.2933333333333,180.0,-205.73333333333335,-205.73333333333335,1950.0,-915.4166666666666,-873.125
961,2132.3166666666666,295.75,-466.92083333333335,475.0,-573.5366666666666,180.0,66.1583333333333,66.1583333333333,1950.0,-901.4166666666666,-852.125
962,2163.8166666666666,327.25,-459.04583333333335,475.0,-567.2366666666667,180.0,81.9083333333333,81.9083333333333,1950.0,-890.9166666666666,-836.375
963,2397.325,338.625,-400.66875000000005,475.0,-520.5350000000001,180.0,198.6624999999999,198.6624999999999,1950.0,-887.125,-830.6875
964,2150.458333333333,305.9583333333333,-462.38541666666674,475.0,-569.9083333333334,180.0,75.22916666666652,75.22916666666652,1950.0,-898.0138888888889,-847.0208333333334
965,1554.35,247.33333333333331,-611.4125,475.0,-689.13,180.0,-222.82500000000005,-222.82500000000005,1950.0,-917.5555555555555,-876.3333333333334
966,2085.9416666666666,338.625,-478.51458333333335,475.0,-582.8116666666667,180.0,42.9708333333333,42.9708333333333,1950.0,-887.125,-830.6875
967,2000.075,268.625,-499.98125,475.0,-599.985,180.0,0.03750000000002274,0.03750000000002274,1950.0,-910.4583333333334,-865.6875
968,1556.7999999999995,293.41666666666663,-610.8000000000002,475.0,-688.6400000000001,180.0,-221.60000000000025,-221.60000000000025,1950.0,-902.1944444444445,-853.2916666666667
969,2393.65,338.9166666666667,-401.5875,475.0,-521.27,180.0,196.82500000000005,196.82500000000005,1950.0,-887.0277777777778,-830.5416666666666
970,1565.2583333333332,212.625,-608.6854166666667,475.0,-686.9483333333334,180.0,-217.3708333333334,-217.3708333333334,1950.0,-929.125,-893.6875
971,2262.75,329.0,-434.3125,475.0,-547.45,180.0,131.375,131.375,1950.0,-890.3333333333334,-835.5
972,2278.5,344.75,-430.375,475.0,-544.3,180.0,139.25,139.25,1950.0,-885.0833333333334,-827.625
973,1908.4916666666668,276.20833333333337,-522.8770833333333,475.0,-618.3016666666666,180.0,-45.754166666666606,-45.754166666666606,1950.0,-907.9305555555555,-861.8958333333333
974,1684.9,235.08333333333331,-578.775,475.0,-663.02,180.0,-157.54999999999995,-157.54999999999995,1950.0,-921.6388888888889,-882.4583333333334
975,2054.0916666666667,314.7083333333333,-486.4770833333333,475.0,-589.1816666666666,180.0,27.04583333333335,27.04583333333335,1950.0,-895.0972222222222,-842.6458333333334
976,1769.8916666666664,274.4583333333333,-557.5270833333334,475.0,-646.0216666666668,180.0,-115.05416666666679,-115.05416666666679,1950.0,-908.5138888888889,-862.7708333333334
977,1949.0916666666667,289.0416666666667,-512.7270833333333,475.0,-610.1816666666666,180.0,-25.45416666666665,-25.45416666666665,1950.0,-903.6527777777778,-855.4791666666666
978,1834.9333333333327,309.75,-541.2666666666669,475.0,-633.0133333333334,180.0,-82.53333333333364,-82.53333333333364,1950.0,-896.75,-845.125
979,2310.7,311.5,-422.32500000000005,475.0,-537.86,180.0,155.3499999999999,155.3499999999999,1950.0,-896.1666666666666,-844.25
980,2041.9583333333333,266.875,-489.5104166666667,475.0,-591.6083333333333,180.0,20.97916666666663,20.97916666666663,1950.0,-911.0416666666666,-866.5625
981,1742.0666666666666,262.5,-564.4833333333333,475.0,-651.5866666666667,180.0,-128.9666666666667,-128.9666666666667,1950.0,-912.5,-868.75
982,1867.075,264.54166666666663,-533.23125,475.0,-626.585,180.0,-66.46249999999998,-66.46249999999998,1950.0,-911.8194444444445,-867.7291666666667
983,2036.5333333333333,285.25,-490.8666666666667,475.0,-592.6933333333334,180.0,18.26666666666665,18.26666666666665,1950.0,-904.9166666666666,-857.375
984,2299.5,326.08333333333337,-425.125,475.0,-540.1,180.0,149.75,149.75,1950.0,-891.3055555555555,-836.9583333333333
985,1265.7166666666667,230.41666666666663,-683.5708333333333,475.0,-746.8566666666667,180.0,-367.14166666666665,-367.14166666666665,1950.0,-923.1944444444445,-884.7916666666667
986,1688.8666666666666,235.08333333333331,-577.7833333333333,475.0,-662.2266666666667,180.0,-155.56666666666672,-155.56666666666672,1950.0,-921.6388888888889,-882.4583333333334
987,1599.4416666666666,298.375,-600.1395833333333,475.0,-680.1116666666667,180.0,-200.2791666666667,-200.2791666666667,1950.0,-900.5416666666666,-850.8125
988,1454.8333333333333,225.16666666666663,-636.2916666666667,475.0,-709.0333333333333,180.0,-272.58333333333337,-272.58333333333337,1950.0,-924.9444444444445,-887.4166666666667
989,1754.025,304.2083333333333,-561.49375,475.0,-649.1949999999999,180.0,-122.98749999999995,-122.98749999999995,1950.0,-898.5972222222222,-847.8958333333334
990,2156.6416666666664,324.0416666666667,-460.8395833333334,475.0,-568.6716666666667,180.0,78.32083333333321,78.32083333333321,1950.0,-891.9861111111111,-837.9791666666666
991,2121.408333333333,340.375,-469.6479166666668,475.0,-575.7183333333335,180.0,60.704166666666424,60.704166666666424,1950.0,-886.5416666666666,-829.8125
992,2002.5833333333333,326.6666666666667,-499.3541666666667,475.0,-599.4833333333333,180.0,1.2916666666666288,1.2916666666666288,1950.0,-891.1111111111111,-836.6666666666666
993,1972.1916666666664,333.95833333333337,-506.9520833333334,475.0,-605.5616666666667,180.0,-13.90416666666681,-13.90416666666681,1950.0,-888.6805555555555,-833.0208333333333
994,1541.4,270.0833333333333,-614.65,475.0,-691.72,180.0,-229.29999999999995,-229.29999999999995,1950.0,-909.9722222222222,-864.9583333333334
995,2505.3,329.5833333333333,-373.67499999999995,475.0,-498.93999999999994,180.0,252.6500000000001,252.6500000000001,1950.0,-890.1388888888889,-835.2083333333334
996,2075.9083333333333,314.7083333333333,-481.0229166666667,475.0,-584.8183333333334,180.0,37.95416666666665,37.95416666666665,1950.0,-895.0972222222222,-842.6458333333334
997,1572.4333333333332,245.58333333333331,-606.8916666666667,475.0,-685.5133333333333,180.0,-213.78333333333342,-213.78333333333342,1950.0,-918.1388888888889,-877.2083333333334
998,1745.3916666666664,249.95833333333331,-563.6520833333334,475.0,-650.9216666666667,180.0,-127.30416666666679,-127.30416666666679,1950.0,-916.6805555555555,-875.0208333333334
999,1730.1083333333331,270.375,-567.4729166666667,475.0,-653.9783333333334,180.0,-134.94583333333344,-134.94583333333344,1950.0,-909.875,-864.8125
1000,2145.383333333333,257.25,-463.6541666666667,475.0,-570.9233333333334,180.0,72.6916666666666,72.6916666666666,1950.0,-914.25,-871.375
1001,1480.7333333333331,259.0,-629.8166666666667,475.0,-703.8533333333334,180.0,-259.63333333333344,-259.63333333333344,1950.0,-913.6666666666666,-870.5
1002,2175.5999999999995,233.91666666666669,-456.10000000000014,475.0,-564.8800000000001,180.0,87.79999999999973,87.79999999999973,1950.0,-922.0277777777778,-883.0416666666666
1003,1754.6666666666667,287.0,-561.3333333333333,475.0,-649.0666666666666,180.0,-122.66666666666663,-122.66666666666663,1950.0,-904.3333333333334,-856.5
1004,2065.291666666667,290.2083333333333,-483.67708333333326,475.0,-586.9416666666666,180.0,32.645833333333485,32.645833333333485,1950.0,-903.2638888888889,-854.8958333333334
1005,1550.7333333333331,249.66666666666669,-612.3166666666667,475.0,-689.8533333333334,180.0,-224.63333333333344,-224.63333333333344,1950.0,-916.7777777777778,-875.1666666666666
1006,2052.925,283.7916666666667,-486.76874999999995,475.0,-589.415,180.0,26.46250000000009,26.46250000000009,1950.0,-905.4027777777778,-858.1041666666666
1007,2158.2166666666667,299.83333333333337,-460.4458333333333,475.0,-568.3566666666667,180.0,79.10833333333335,79.10833333333335,1950.0,-900.0555555555555,-850.0833333333333
1008,1313.4333333333334,184.91666666666663,-671.6416666666667,475.0,-737.3133333333333,180.0,-343.2833333333333,-343.2833333333333,1950.0,-938.3611111111111,-907.5416666666667
1009,1810.4333333333332,324.91666666666663,-547.3916666666667,475.0,-637.9133333333334,180.0,-94.78333333333342,-94.78333333333342,1950.0,-891.6944444444445,-837.5416666666667
1010,1714.8833333333332,263.08333333333337,-571.2791666666667,475.0,-657.0233333333333,180.0,-142.5583333333334,-142.5583333333334,1950.0,-912.3055555555555,-868.4583333333333
1011,2312.741666666667,373.0416666666667,-421.8145833333333,475.0,-537.4516666666666,180.0,156.3708333333334,156.3708333333334,1950.0,-875.6527777777778,-813.4791666666666
1012,2057.3583333333336,359.625,-485.6604166666666,475.0,-588.5283333333333,180.0,28.679166666666788,28.679166666666788,1950.0,-880.125,-820.1875
1013,1888.6,254.3333333333333,-527.85,475.0,-622.28,180.0,-55.700000000000045,-55.700000000000045,1950.0,-915.2222222222223,-872.8333333333334
1014,1849.225,284.375,-537.69375,475.0,-630.155,180.0,-75.38750000000005,-75.38750000000005,1950.0,-905.2083333333334,-857.8125
1015,2361.333333333333,348.25,-409.66666666666674,475.0,-527.7333333333333,180.0,180.66666666666652,180.66666666666652,1950.0,-883.9166666666666,-825.875
1016,1936.8416666666667,306.54166666666663,-515.7895833333333,475.0,-612.6316666666667,180.0,-31.57916666666665,-31.57916666666665,1950.0,-897.8194444444445,-846.7291666666667
1017,2310.525,325.2083333333333,-422.36875,475.0,-537.895,180.0,155.26250000000005,155.26250000000005,1950.0,-891.5972222222222,-837.3958333333334
1018,2174.083333333333,319.66666666666663,-456.47916666666674,475.0,-565.1833333333334,180.0,87.04166666666652,87.04166666666652,1950.0,-893.4444444444445,-840.1666666666667
1019,1693.9999999999998,285.8333333333333,-576.5,475.0,-661.2,180.0,-153.0000000000001,-153.0000000000001,1950.0,-904.7222222222222,-857.0833333333334
1020,1819.9416666666664,280.875,-545.0145833333333,475.0,-636.0116666666668,180.0,-90.02916666666681,-90.02916666666681,1950.0,-906.375,-859.5625
1021,2374.1083333333336,319.375,-406.4729166666666,475.0,-525.1783333333333,180.0,187.0541666666668,187.0541666666668,1950.0,-893.5416666666666,-840.3125
1022,1611.4,240.91666666666663,-597.15,475.0,-677.72,180.0,-194.29999999999995,-194.29999999999995,1950.0,-919.6944444444445,-879.5416666666667
1023,2159.5,315.0,-460.125,475.0,-568.1,180.0,79.75,79.75,1950.0,-895.0,-842.5
1024,1575.6416666666669,308.2916666666667,-606.0895833333333,475.0,-684.8716666666667,180.0,-212.17916666666656,-212.17916666666656,1950.0,-897.2361111111111,-845.8541666666666
1025,1653.8083333333332,267.4583333333333,-586.5479166666667,475.0,-669.2383333333333,180.0,-173.09583333333342,-173.09583333333342,1950.0,-910.8472222222222,-866.2708333333334
1026,2271.091666666667,303.625,-432.2270833333332,475.0,-545.7816666666665,180.0,135.54583333333358,135.54583333333358,1950.0,-898.7916666666666,-848.1875
1027,1919.6916666666664,281.45833333333337,-520.0770833333333,475.0,-616.0616666666667,180.0,-40.15416666666681,-40.15416666666681,1950.0,-906.1805555555555,-859.2708333333333
1028,1552.075,237.125,-611.98125,475.0,-689.585,180.0,-223.96249999999998,-223.96249999999998,1950.0,-920.9583333333334,-881.4375
1029,1696.625,308.2916666666667,-575.84375,475.0,-660.675,180.0,-151.6875,-151.6875,1950.0,-897.2361111111111,-845.8541666666666
1030,2296.291666666667,312.95833333333337,-425.92708333333326,475.0,-540.7416666666666,180.0,148.14583333333348,148.14583333333348,1950.0,-895.6805555555555,-843.5208333333333
1031,1450.5166666666669,242.66666666666663,-637.3708333333333,475.0,-709.8966666666666,180.0,-274.74166666666656,-274.74166666666656,1950.0,-919.1111111111111,-878.6666666666667
1032,1922.0833333333333,275.9166666666667,-519.4791666666667,475.0,-615.5833333333334,180.0,-38.95833333333337,-38.95833333333337,1950.0,-908.0277777777778,-862.0416666666666
1033,2000.0166666666664,306.25,-499.9958333333334,475.0,-599.9966666666667,180.0,0.008333333333212067,0.008333333333212067,1950.0,-897.9166666666666,-846.875
1034,1996.925,257.5416666666667,-500.76875,475.0,-600.615,180.0,-1.5375000000000227,-1.5375000000000227,1950.0,-914.1527777777778,-871.2291666666666
1035,2094.866666666667,323.75,-476.2833333333333,475.0,-581.0266666666666,180.0,47.433333333333394,47.433333333333394,1950.0,-892.0833333333334,-838.125
1036,2077.7166666666662,278.83333333333337,-480.57083333333344,475.0,-584.4566666666667,180.0,38.85833333333312,38.85833333333312,1950.0,-907.0555555555555,-860.5833333333333
1037,1419.0166666666664,250.83333333333331,-645.2458333333334,475.0,-716.1966666666667,180.0,-290.4916666666668,-290.4916666666668,1950.0,-916.3888888888889,-874.5833333333334
1038,2131.325,280.875,-467.16875000000005,475.0,-573.735,180.0,65.66249999999991,65.66249999999991,1950.0,-906.375,-859.5625
1039,1987.358333333333,349.125,-503.1604166666668,475.0,-602.5283333333334,180.0,-6.320833333333553,-6.320833333333553,1950.0,-883.625,-825.4375
1040,1463.0,273.0,-634.25,475.0,-707.4,180.0,-268.5,-268.5,1950.0,-909.0,-863.5
1041,1836.3916666666664,321.125,-540.9020833333334,475.0,-632.7216666666667,180.0,-81.80416666666679,-81.80416666666679,1950.0,-892.9583333333334,-839.4375
1042,1818.8333333333333,311.5,-545.2916666666667,475.0,-636.2333333333333,180.0,-90.58333333333337,-90.58333333333337,1950.0,-896.1666666666666,-844.25
1043,1765.6916666666666,236.54166666666669,-558.5770833333333,475.0,-646.8616666666667,180.0,-117.1541666666667,-117.1541666666667,1950.0,-921.1527777777778,-881.7291666666666
1044,1980.5916666666667,290.79166666666663,-504.8520833333333,475.0,-603.8816666666667,180.0,-9.704166666666652,-9.704166666666652,1950.0,-903.0694444444445,-854.6041666666667
1045,1962.6833333333332,298.66666666666663,-509.3291666666667,475.0,-607.4633333333334,180.0,-18.658333333333417,-18.658333333333417,1950.0,-900.4444444444445,-850.6666666666667
1046,1408.9833333333331,256.66666666666663,-647.7541666666667,475.0,-718.2033333333334,180.0,-295.50833333333344,-295.50833333333344,1950.0,-914.4444444444445,-871.6666666666667
1047,1911.7,219.91666666666663,-522.075,475.0,-617.66,180.0,-44.14999999999998,-44.14999999999998,1950.0,-926.6944444444445,-890.0416666666667
1048,1845.725,251.125,-538.56875,475.0,-630.855,180.0,-77.13750000000005,-77.13750000000005,1950.0,-916.2916666666666,-874.4375
1049,1293.0750000000005,265.70833333333337,-676.7312499999998,475.0,-741.3849999999999,180.0,-353.46249999999975,-353.46249999999975,1950.0,-911.4305555555555,-867.1458333333333
1050,1736.875,229.54166666666663,-565.78125,475.0,-652.625,180.0,-131.5625,-131.5625,1950.0,-923.4861111111111,-885.2291666666667
1051,1285.9,232.75,-678.525,475.0,-742.8199999999999,180.0,-357.04999999999995,-357.04999999999995,1950.0,-922.4166666666666,-883.625
1052,2236.15,340.0833333333333,-440.9625,475.0,-552.77,180.0,118.07500000000005,118.07500000000005,1950.0,-886.6388888888889,-829.9583333333334
1053,2172.508333333333,314.125,-456.8729166666667,475.0,-565.4983333333333,180.0,86.2541666666666,86.2541666666666,1950.0,-895.2916666666666,-842.9375
1054,1402.5083333333334,258.125,-649.3729166666667,475.0,-719.4983333333333,180.0,-298.7458333333333,-298.7458333333333,1950.0,-913.9583333333334,-870.9375
1055,945.0,141.75,-763.75,475.0,-811.0,180.0,-527.5,-527.5,1950.0,-952.75,-929.125
1056,2014.075,292.5416666666667,-496.48125,475.0,-597.185,180.0,7.037500000000023,7.037500000000023,1950.0,-902.4861111111111,-853.7291666666666
1057,2259.7166666666667,331.9166666666667,-435.0708333333333,475.0,-548.0566666666666,180.0,129.85833333333335,129.85833333333335,1950.0,-889.3611111111111,-834.0416666666666
1058,1686.0666666666666,275.9166666666667,-578.4833333333333,475.0,-662.7866666666666,180.0,-156.9666666666667,-156.9666666666667,1950.0,-908.0277777777778,-862.0416666666666
1059,2235.6833333333334,303.91666666666663,-441.07916666666665,475.0,-552.8633333333333,180.0,117.8416666666667,117.8416666666667,1950.0,-898.6944444444445,-848.0416666666667
1060,2285.15,299.83333333333337,-428.7125,475.0,-542.97,180.0,142.57500000000005,142.57500000000005,1950.0,-900.0555555555555,-850.0833333333333
1061,2034.6083333333331,277.375,-491.3479166666667,475.0,-593.0783333333334,180.0,17.30416666666656,17.30416666666656,1950.0,-907.5416666666666,-861.3125
1062,1808.3916666666669,263.375,-547.9020833333333,475.0,-638.3216666666666,180.0,-95.80416666666656,-95.80416666666656,1950.0,-912.2083333333334,-868.3125
1063,1923.95,321.4166666666667,-519.0125,475.0,-615.21,180.0,-38.02499999999998,-38.02499999999998,1950.0,-892.8611111111111,-839.2916666666666
1064,1688.9833333333331,288.75,-577.7541666666667,475.0,-662.2033333333334,180.0,-155.50833333333344,-155.50833333333344,1950.0,-903.75,-855.625
1065,2247.4666666666667,329.5833333333333,-438.1333333333333,475.0,-550.5066666666667,180.0,123.73333333333335,123.73333333333335,1950.0,-890.1388888888889,-835.2083333333334
1066,1710.2166666666667,268.33333333333337,-572.4458333333333,475.0,-657.9566666666667,180.0,-144.89166666666665,-144.89166666666665,1950.0,-910.5555555555555,-865.8333333333333
1067,2443.1166666666663,295.1666666666667,-389.2208333333334,475.0,-511.3766666666667,180.0,221.55833333333317,221.55833333333317,1950.0,-901.6111111111111,-852.4166666666666
1068,1776.8916666666664,251.7083333333333,-555.7770833333334,475.0,-644.6216666666667,180.0,-111.55416666666679,-111.55416666666679,1950.0,-916.0972222222223,-874.1458333333334
1069,1565.375,256.375,-608.65625,475.0,-686.925,180.0,-217.3125,-217.3125,1950.0,-914.5416666666666,-871.8125
1070,1808.1,253.16666666666663,-547.975,475.0,-638.38,180.0,-95.95000000000005,-95.95000000000005,1950.0,-915.6111111111111,-873.4166666666667
1071,1733.4333333333334,247.91666666666663,-566.6416666666667,475.0,-653.3133333333333,180.0,-133.2833333333333,-133.2833333333333,1950.0,-917.3611111111111,-876.0416666666667
1072,1800.8083333333334,255.79166666666663,-549.7979166666667,475.0,-639.8383333333334,180.0,-99.5958333333333,-99.5958333333333,1950.0,-914.7361111111111,-872.1041666666667
1073,1550.3833333333332,247.33333333333331,-612.4041666666667,475.0,-689.9233333333334,180.0,-224.8083333333334,-224.8083333333334,1950.0,-917.5555555555555,-876.3333333333334
1074,1724.7999999999995,282.91666666666663,-568.8000000000002,475.0,-655.0400000000001,180.0,-137.60000000000025,-137.60000000000025,1950.0,-905.6944444444445,-858.5416666666667
1075,1537.4916666666666,202.70833333333331,-615.6270833333333,475.0,-692.5016666666667,180.0,-231.25416666666672,-231.25416666666672,1950.0,-932.4305555555555,-898.6458333333334
1076,1778.9333333333334,293.41666666666663,-555.2666666666667,475.0,-644.2133333333334,180.0,-110.5333333333333,-110.5333333333333,1950.0,-902.1944444444445,-853.2916666666667
1077,2007.95,276.5,-498.0125,475.0,-598.41,180.0,3.9750000000000227,3.9750000000000227,1950.0,-907.8333333333334,-861.75
1078,1553.1250000000002,194.54166666666669,-611.71875,475.0,-689.375,180.0,-223.4374999999999,-223.4374999999999,1950.0,-935.1527777777778,-902.7291666666666
1079,2003.6916666666664,296.04166666666663,-499.0770833333334,475.0,-599.2616666666668,180.0,1.8458333333331893,1.8458333333331893,1950.0,-901.3194444444445,-851.9791666666667
1080,1833.8833333333332,332.5,-541.5291666666667,475.0,-633.2233333333334,180.0,-83.0583333333334,-83.0583333333334,1950.0,-889.1666666666666,-833.75
1081,1934.858333333333,286.70833333333337,-516.2854166666668,475.0,-613.0283333333334,180.0,-32.57083333333355,-32.57083333333355,1950.0,-904.4305555555555,-856.6458333333333
1082,2216.2,336.0,-445.95000000000005,475.0,-556.76,180.0,108.09999999999991,108.09999999999991,1950.0,-888.0,-832.0
1083,2075.0333333333333,264.25,-481.2416666666667,475.0,-584.9933333333333,180.0,37.51666666666665,37.51666666666665,1950.0,-911.9166666666666,-867.875
1084,2108.866666666667,278.25,-472.7833333333333,475.0,-578.2266666666667,180.0,54.433333333333394,54.433333333333394,1950.0,-907.25,-860.875
1085,1521.975,205.04166666666669,-619.50625,475.0,-695.605,180.0,-239.01250000000005,-239.01250000000005,1950.0,-931.6527777777778,-897.4791666666666
1086,1525.65,284.08333333333337,-618.5875,475.0,-694.87,180.0,-237.17499999999995,-237.17499999999995,1950.0,-905.3055555555555,-857.9583333333333
1087,1601.5416666666667,242.95833333333331,-599.6145833333333,475.0,-679.6916666666666,180.0,-199.22916666666663,-199.22916666666663,1950.0,-919.0138888888889,-878.5208333333334
1088,1798.9416666666666,240.04166666666663,-550.2645833333333,475.0,-640.2116666666667,180.0,-100.5291666666667,-100.5291666666667,1950.0,-919.9861111111111,-879.9791666666667
1089,1974.175,324.0416666666667,-506.45625,475.0,-605.165,180.0,-12.912500000000023,-12.912500000000023,1950.0,-891.9861111111111,-837.9791666666666
1090,1910.125,254.04166666666663,-522.46875,475.0,-617.975,180.0,-44.9375,-44.9375,1950.0,-915.3194444444445,-872.9791666666667
1091,2072.6416666666664,269.79166666666663,-481.8395833333334,475.0,-585.4716666666667,180.0,36.32083333333321,36.32083333333321,1950.0,-910.0694444444445,-865.1041666666667
1092,1722.1749999999995,260.45833333333337,-569.4562500000002,475.0,-655.565,180.0,-138.91250000000025,-138.91250000000025,1950.0,-913.1805555555555,-869.7708333333333
1093,1907.2666666666664,282.91666666666663,-523.1833333333334,475.0,-618.5466666666667,180.0,-46.36666666666679,-46.36666666666679,1950.0,-905.6944444444445,-858.5416666666667
1094,2026.2666666666669,292.8333333333333,-493.4333333333333,475.0,-594.7466666666667,180.0,13.13333333333344,13.13333333333344,1950.0,-902.3888888888889,-853.5833333333334
1095,1732.6166666666668,239.16666666666669,-566.8458333333333,475.0,-653.4766666666667,180.0,-133.6916666666666,-133.6916666666666,1950.0,-920.2777777777778,-880.4166666666666
1096,1890.1166666666668,228.0833333333333,-527.4708333333333,475.0,-621.9766666666667,180.0,-54.941666666666606,-54.941666666666606,1950.0,-923.9722222222223,-885.9583333333334
1097,2096.733333333333,280.0,-475.8166666666667,475.0,-580.6533333333334,180.0,48.36666666666656,48.36666666666656,1950.0,-906.6666666666666,-860.0
1098,1839.0166666666664,234.5,-540.2458333333334,475.0,-632.1966666666667,180.0,-80.49166666666679,-80.49166666666679,1950.0,-921.8333333333334,-882.75
1099,2091.1916666666666,333.95833333333337,-477.20208333333335,475.0,-581.7616666666667,180.0,45.5958333333333,45.5958333333333,1950.0,-888.6805555555555,-833.0208333333333
1100,1485.05,241.5,-628.7375,475.0,-702.99,180.0,-257.475,-257.475,1950.0,-919.5,-879.25
1101,1659.0583333333332,312.375,-585.2354166666667,475.0,-668.1883333333334,180.0,-170.47083333333342,-170.47083333333342,1950.0,-895.875,-843.8125
1102,2041.025,273.875,-489.74375,475.0,-591.795,180.0,20.512500000000045,20.512500000000045,1950.0,-908.7083333333334,-863.0625
1103,1640.5083333333334,238.29166666666663,-589.8729166666667,475.0,-671.8983333333333,180.0,-179.74583333333328,-179.74583333333328,1950.0,-920.5694444444445,-880.8541666666667
1104,1554.2916666666667,284.9583333333333,-611.4270833333333,475.0,-689.1416666666667,180.0,-222.85416666666663,-222.85416666666663,1950.0,-905.0138888888889,-857.5208333333334
1105,2025.8,306.25,-493.55,475.0,-594.84,180.0,12.899999999999977,12.899999999999977,1950.0,-897.9166666666666,-846.875
1106,2383.0916666666662,356.125,-404.22708333333344,475.0,-523.3816666666668,180.0,191.54583333333312,191.54583333333312,1950.0,-881.2916666666666,-821.9375
1107,1560.9416666666664,249.95833333333331,-609.7645833333333,475.0,-687.8116666666667,180.0,-219.5291666666668,-219.5291666666668,1950.0,-916.6805555555555,-875.0208333333334
1108,1891.6333333333328,330.75,-527.0916666666668,475.0,-621.6733333333334,180.0,-54.18333333333362,-54.18333333333362,1950.0,-889.75,-834.625
1109,1679.825,255.79166666666663,-580.04375,475.0,-664.035,180.0,-160.08749999999998,-160.08749999999998,1950.0,-914.7361111111111,-872.1041666666667
1110,2082.208333333333,267.4583333333333,-479.44791666666674,475.0,-583.5583333333334,180.0,41.104166666666515,41.104166666666515,1950.0,-910.8472222222222,-866.2708333333334
1111,1977.2083333333333,271.5416666666667,-505.6979166666667,475.0,-604.5583333333334,180.0,-11.395833333333371,-11.395833333333371,1950.0,-909.4861111111111,-864.2291666666666
1112,2125.55,306.8333333333333,-468.61249999999995,475.0,-574.89,180.0,62.77500000000009,62.77500000000009,1950.0,-897.7222222222222,-846.5833333333334
1113,1600.7249999999997,263.9583333333333,-599.8187500000001,475.0,-679.855,180.0,-199.63750000000016,-199.63750000000016,1950.0,-912.0138888888889,-868.0208333333334
1114,1520.8666666666668,235.66666666666663,-619.7833333333333,475.0,-695.8266666666666,180.0,-239.5666666666666,-239.5666666666666,1950.0,-921.4444444444445,-882.1666666666667
1115,1208.6666666666663,177.33333333333334,-697.8333333333335,475.0,-758.2666666666668,180.0,-395.66666666666686,-395.66666666666686,1950.0,-940.8888888888889,-911.3333333333334
1116,1560.125,231.29166666666669,-609.96875,475.0,-687.975,180.0,-219.9375,-219.9375,1950.0,-922.9027777777778,-884.3541666666666
1117,2003.1666666666663,327.25,-499.2083333333334,475.0,-599.3666666666668,180.0,1.5833333333331439,1.5833333333331439,1950.0,-890.9166666666666,-836.375
1118,2267.5916666666662,329.875,-433.10208333333344,475.0,-546.4816666666668,180.0,133.79583333333312,133.79583333333312,1950.0,-890.0416666666666,-835.0625
1119,1958.483333333333,290.5,-510.3791666666668,475.0,-608.3033333333334,180.0,-20.758333333333553,-20.758333333333553,1950.0,-903.1666666666666,-854.75
1120,1795.3833333333332,303.91666666666663,-551.1541666666667,475.0,-640.9233333333334,180.0,-102.3083333333334,-102.3083333333334,1950.0,-898.6944444444445,-848.0416666666667
1121,2301.833333333333,308.5833333333333,-424.54166666666674,475.0,-539.6333333333334,180.0,150.91666666666652,150.91666666666652,1950.0,-897.1388888888889,-845.7083333333334
1122,2198.7,318.5,-450.32500000000005,475.0,-560.26,180.0,99.34999999999991,99.34999999999991,1950.0,-893.8333333333334,-840.75
1123,2060.45,299.25,-484.88750000000005,475.0,-587.9100000000001,180.0,30.22499999999991,30.22499999999991,1950.0,-900.25,-850.375
1124,1724.2166666666665,282.3333333333333,-568.9458333333334,475.0,-655.1566666666668,180.0,-137.89166666666677,-137.89166666666677,1950.0,-905.8888888888889,-858.8333333333334
1125,2172.7416666666663,302.45833333333337,-456.8145833333334,475.0,-565.4516666666667,180.0,86.37083333333317,86.37083333333317,1950.0,-899.1805555555555,-848.7708333333333
1126,2091.833333333333,306.8333333333333,-477.04166666666674,475.0,-581.6333333333334,180.0,45.916666666666515,45.916666666666515,1950.0,-897.7222222222222,-846.5833333333334
1127,1744.225,298.375,-563.94375,475.0,-651.155,180.0,-127.88750000000005,-127.88750000000005,1950.0,-900.5416666666666,-850.8125
1128,1521.625,212.625,-619.59375,475.0,-695.675,180.0,-239.1875,-239.1875,1950.0,-929.125,-893.6875
1129,1686.7083333333333,288.4583333333333,-578.3229166666667,475.0,-662.6583333333333,180.0,-156.64583333333337,-156.64583333333337,1950.0,-903.8472222222222,-855.7708333333334
1130,1805.125,248.20833333333331,-548.71875,475.0,-638.975,180.0,-97.4375,-97.4375,1950.0,-917.2638888888889,-875.8958333333334
1131,1768.3166666666666,249.0833333333333,-557.9208333333333,475.0,-646.3366666666667,180.0,-115.8416666666667,-115.8416666666667,1950.0,-916.9722222222223,-875.4583333333334
1132,2124.9666666666667,296.3333333333333,-468.7583333333333,475.0,-575.0066666666667,180.0,62.48333333333335,62.48333333333335,1950.0,-901.2222222222222,-851.8333333333334
1133,1918.9333333333327,264.8333333333333,-520.2666666666669,475.0,-616.2133333333335,180.0,-40.533333333333644,-40.533333333333644,1950.0,-911.7222222222222,-867.5833333333334
1134,1671.95,238.0,-582.0125,475.0,-665.61,180.0,-164.02499999999998,-164.02499999999998,1950.0,-920.6666666666666,-881.0
1135,2003.75,278.25,-499.0625,475.0,-599.25,180.0,1.875,1.875,1950.0,-907.25,-860.875
1136,2064.7666666666664,232.16666666666663,-483.8083333333334,475.0,-587.0466666666667,180.0,32.38333333333321,32.38333333333321,1950.0,-922.6111111111111,-883.9166666666667
1137,1867.3666666666663,264.8333333333333,-533.1583333333334,475.0,-626.5266666666668,180.0,-66.31666666666683,-66.31666666666683,1950.0,-911.7222222222222,-867.5833333333334
1138,1351.0583333333332,192.79166666666663,-662.2354166666667,475.0,-729.7883333333334,180.0,-324.4708333333334,-324.4708333333334,1950.0,-935.7361111111111,-903.6041666666667
1139,2608.7250000000004,319.9583333333333,-347.8187499999999,475.0,-478.2549999999999,180.0,304.3625000000002,304.3625000000002,1950.0,-893.3472222222222,-840.0208333333334
1140,2065.175,296.04166666666663,-483.70624999999995,475.0,-586.9649999999999,180.0,32.58750000000009,32.58750000000009,1950.0,-901.3194444444445,-851.9791666666667
1141,1987.825,296.04166666666663,-503.04375,475.0,-602.435,180.0,-6.087499999999977,-6.087499999999977,1950.0,-901.3194444444445,-851.9791666666667
1142,1861.5916666666667,231.29166666666669,-534.6020833333333,475.0,-627.6816666666666,180.0,-69.20416666666665,-69.20416666666665,1950.0,-922.9027777777778,-884.3541666666666
1143,2032.9166666666667,297.5,-491.7708333333333,475.0,-593.4166666666666,180.0,16.45833333333337,16.45833333333337,1950.0,-900.8333333333334,-851.25
1144,1737.9833333333331,258.4166666666667,-565.5041666666667,475.0,-652.4033333333334,180.0,-131.00833333333344,-131.00833333333344,1950.0,-913.8611111111111,-870.7916666666666
1145,1558.725,261.625,-610.31875,475.0,-688.255,180.0,-220.63750000000005,-220.63750000000005,1950.0,-912.7916666666666,-869.1875
1146,1929.2,257.25,-517.7,475.0,-614.16,180.0,-35.39999999999998,-35.39999999999998,1950.0,-914.25,-871.375
1147,2354.0416666666665,321.125,-411.48958333333337,475.0,-529.1916666666667,180.0,177.02083333333326,177.02083333333326,1950.0,-892.9583333333334,-839.4375
1148,1640.5083333333334,208.54166666666663,-589.8729166666667,475.0,-671.8983333333333,180.0,-179.74583333333328,-179.74583333333328,1950.0,-930.4861111111111,-895.7291666666667
1149,2002.525,275.04166666666663,-499.36875,475.0,-599.495,180.0,1.2625000000000455,1.2625000000000455,1950.0,-908.3194444444445,-862.4791666666667
1150,2067.275,260.45833333333337,-483.18125,475.0,-586.545,180.0,33.637500000000045,33.637500000000045,1950.0,-913.1805555555555,-869.7708333333333
1151,1939.5833333333333,283.5,-515.1041666666667,475.0,-612.0833333333334,180.0,-30.20833333333337,-30.20833333333337,1950.0,-905.5,-858.25
1152,1957.375,301.29166666666663,-510.65625,475.0,-608.525,180.0,-21.3125,-21.3125,1950.0,-899.5694444444445,-849.3541666666667
1153,2192.166666666667,298.0833333333333,-451.95833333333326,475.0,-561.5666666666666,180.0,96.08333333333348,96.08333333333348,1950.0,-900.6388888888889,-850.9583333333334
1154,1732.2666666666664,256.66666666666663,-566.9333333333334,475.0,-653.5466666666667,180.0,-133.8666666666668,-133.8666666666668,1950.0,-914.4444444444445,-871.6666666666667
1155,1748.3083333333332,233.04166666666663,-562.9229166666667,475.0,-650.3383333333334,180.0,-125.84583333333342,-125.84583333333342,1950.0,-922.3194444444445,-883.4791666666667
1156,2009.175,259.875,-497.70625,475.0,-598.165,180.0,4.587499999999977,4.587499999999977,1950.0,-913.375,-870.0625
1157,1701.2916666666667,342.7083333333333,-574.6770833333333,475.0,-659.7416666666667,180.0,-149.35416666666663,-149.35416666666663,1950.0,-885.7638888888889,-828.6458333333334
1158,1516.9,265.4166666666667,-620.775,475.0,-696.62,180.0,-241.54999999999995,-241.54999999999995,1950.0,-911.5277777777778,-867.2916666666666
1159,2322.6,261.91666666666663,-419.35,475.0,-535.48,180.0,161.29999999999995,161.29999999999995,1950.0,-912.6944444444445,-869.0416666666667
1160,1723.8666666666666,270.0833333333333,-569.0333333333333,475.0,-655.2266666666667,180.0,-138.06666666666672,-138.06666666666672,1950.0,-909.9722222222222,-864.9583333333334
1161,1599.2083333333333,270.375,-600.1979166666667,475.0,-680.1583333333333,180.0,-200.39583333333337,-200.39583333333337,1950.0,-909.875,-864.8125
1162,1620.5583333333334,254.04166666666663,-594.8604166666667,475.0,-675.8883333333333,180.0,-189.7208333333333,-189.7208333333333,1950.0,-915.3194444444445,-872.9791666666667
1163,1397.4916666666666,241.2083333333333,-650.6270833333333,475.0,-720.5016666666667,180.0,-301.2541666666667,-301.2541666666667,1950.0,-919.5972222222223,-879.3958333333334
1164,1533.2916666666667,184.625,-616.6770833333333,475.0,-693.3416666666667,180.0,-233.35416666666663,-233.35416666666663,1950.0,-938.4583333333334,-907.6875
1165,2400.5916666666667,314.125,-399.8520833333333,475.0,-519.8816666666667,180.0,200.29583333333335,200.29583333333335,1950.0,-895.2916666666666,-842.9375
1166,2123.858333333333,307.125,-469.0354166666667,475.0,-575.2283333333334,180.0,61.92916666666656,61.92916666666656,1950.0,-897.625,-846.4375
1167,1816.85,252.0,-545.7875,475.0,-636.63,180.0,-91.57500000000005,-91.57500000000005,1950.0,-916.0,-874.0
1168,1753.9666666666665,282.3333333333333,-561.5083333333334,475.0,-649.2066666666667,180.0,-123.01666666666677,-123.01666666666677,1950.0,-905.8888888888889,-858.8333333333334
1169,1810.9,252.0,-547.275,475.0,-637.8199999999999,180.0,-94.54999999999995,-94.54999999999995,1950.0,-916.0,-874.0
1170,1728.5916666666667,227.20833333333331,-567.8520833333333,475.0,-654.2816666666666,180.0,-135.70416666666665,-135.70416666666665,1950.0,-924.2638888888889,-886.3958333333334
1171,1401.3416666666665,197.45833333333331,-649.6645833333334,475.0,-719.7316666666667,180.0,-299.32916666666677,-299.32916666666677,1950.0,-934.1805555555555,-901.2708333333334
1172,1571.9083333333333,286.70833333333337,-607.0229166666667,475.0,-685.6183333333333,180.0,-214.04583333333335,-214.04583333333335,1950.0,-904.4305555555555,-856.6458333333333
1173,2387.408333333333,318.7916666666667,-403.1479166666668,475.0,-522.5183333333334,180.0,193.70416666666642,193.70416666666642,1950.0,-893.7361111111111,-840.6041666666666
1174,2039.7416666666663,288.4583333333333,-490.0645833333334,475.0,-592.0516666666667,180.0,19.870833333333167,19.870833333333167,1950.0,-903.8472222222222,-855.7708333333334
1175,1709.5166666666664,283.5,-572.6208333333334,475.0,-658.0966666666667,180.0,-145.2416666666668,-145.2416666666668,1950.0,-905.5,-858.25
1176,2025.1,271.8333333333333,-493.725,475.0,-594.98,180.0,12.549999999999955,12.549999999999955,1950.0,-909.3888888888889,-864.0833333333334
1177,1613.0333333333333,268.33333333333337,-596.7416666666667,475.0,-677.3933333333333,180.0,-193.48333333333335,-193.48333333333335,1950.0,-910.5555555555555,-865.8333333333333
1178,1682.625,254.625,-579.34375,475.0,-663.475,180.0,-158.6875,-158.6875,1950.0,-915.125,-872.6875
1179,1459.2666666666664,211.75,-635.1833333333334,475.0,-708.1466666666668,180.0,-270.3666666666668,-270.3666666666668,1950.0,-929.4166666666666,-894.125
1180,1765.3416666666665,293.7083333333333,-558.6645833333334,475.0,-646.9316666666667,180.0,-117.32916666666677,-117.32916666666677,1950.0,-902.0972222222222,-853.1458333333334
1181,2461.6666666666665,349.4166666666667,-384.58333333333337,475.0,-507.6666666666667,180.0,230.83333333333326,230.83333333333326,1950.0,-883.5277777777778,-825.2916666666666
1182,1914.3833333333328,264.25,-521.4041666666668,475.0,-617.1233333333334,180.0,-42.80833333333362,-42.80833333333362,1950.0,-911.9166666666666,-867.875
1183,2242.9166666666665,309.16666666666663,-439.27083333333337,475.0,-551.4166666666667,180.0,121.45833333333326,121.45833333333326,1950.0,-896.9444444444445,-845.4166666666667
1184,1345.4,173.25,-663.65,475.0,-730.92,180.0,-327.29999999999995,-327.29999999999995,1950.0,-942.25,-913.375
1185,1773.5666666666666,254.3333333333333,-556.6083333333333,475.0,-645.2866666666666,180.0,-113.2166666666667,-113.2166666666667,1950.0,-915.2222222222223,-872.8333333333334
1186,2085.416666666667,310.33333333333337,-478.64583333333326,475.0,-582.9166666666666,180.0,42.708333333333485,42.708333333333485,1950.0,-896.5555555555555,-844.8333333333333
1187,2110.7916666666665,266.2916666666667,-472.30208333333337,475.0,-577.8416666666667,180.0,55.39583333333326,55.39583333333326,1950.0,-911.2361111111111,-866.8541666666666
1188,1670.9,290.5,-582.275,475.0,-665.8199999999999,180.0,-164.54999999999995,-164.54999999999995,1950.0,-903.1666666666666,-854.75
1189,1434.125,194.54166666666669,-641.46875,475.0,-713.175,180.0,-282.9375,-282.9375,1950.0,-935.1527777777778,-902.7291666666666
1190,1744.6333333333332,302.75,-563.8416666666667,475.0,-651.0733333333334,180.0,-127.6833333333334,-127.6833333333334,1950.0,-899.0833333333334,-848.625
1191,2310.466666666667,343.0,-422.3833333333332,475.0,-537.9066666666665,180.0,155.23333333333358,155.23333333333358,1950.0,-885.6666666666666,-828.5
1192,1450.8083333333332,242.95833333333331,-637.2979166666667,475.0,-709.8383333333334,180.0,-274.5958333333334,-274.5958333333334,1950.0,-919.0138888888889,-878.5208333333334
1193,2244.7833333333333,295.1666666666667,-438.8041666666667,475.0,-551.0433333333333,180.0,122.39166666666665,122.39166666666665,1950.0,-901.6111111111111,-852.4166666666666
1194,1830.0916666666667,318.7916666666667,-542.4770833333333,475.0,-633.9816666666667,180.0,-84.95416666666665,-84.95416666666665,1950.0,-893.7361111111111,-840.6041666666666
1195,1590.6333333333332,218.16666666666669,-602.3416666666667,475.0,-681.8733333333333,180.0,-204.6833333333334,-204.6833333333334,1950.0,-927.2777777777778,-890.9166666666666
1196,1927.3333333333333,301.0,-518.1666666666667,475.0,-614.5333333333333,180.0,-36.33333333333337,-36.33333333333337,1950.0,-899.6666666666666,-849.5
1197,2089.5583333333334,316.4583333333333,-477.61041666666665,475.0,-582.0883333333334,180.0,44.7791666666667,44.7791666666667,1950.0,-894.5138888888889,-841.7708333333334
1198,1928.9083333333333,256.9583333333333,-517.7729166666667,475.0,-614.2183333333334,180.0,-35.54583333333335,-35.54583333333335,1950.0,-914.3472222222222,-871.5208333333334
1199,2085.5333333333333,284.6666666666667,-478.6166666666667,475.0,-582.8933333333333,180.0,42.76666666666665,42.76666666666665,1950.0,-905.1111111111111,-857.6666666666666
1200,2055.9,338.3333333333333,-486.025,475.0,-588.8199999999999,180.0,27.950000000000045,27.950000000000045,1950.0,-887.2222222222222,-830.8333333333334
1201,1930.5416666666667,304.2083333333333,-517.3645833333333,475.0,-613.8916666666667,180.0,-34.72916666666663,-34.72916666666663,1950.0,-898.5972222222222,-847.8958333333334
1202,2571.333333333333,359.9166666666667,-357.16666666666674,475.0,-485.73333333333335,180.0,285.6666666666665,285.6666666666665,1950.0,-880.0277777777778,-820.0416666666666
1203,1741.3666666666668,327.25,-564.6583333333333,475.0,-651.7266666666667,180.0,-129.3166666666666,-129.3166666666666,1950.0,-890.9166666666666,-836.375
1204,1030.2833333333333,151.66666666666666,-742.4291666666667,475.0,-793.9433333333334,180.0,-484.85833333333335,-484.85833333333335,1950.0,-949.4444444444445,-924.1666666666666
1205,2030.0583333333327,247.04166666666669,-492.4854166666668,475.0,-593.9883333333335,180.0,15.029166666666356,15.029166666666356,1950.0,-917.6527777777778,-876.4791666666666
1206,2171.866666666667,331.33333333333337,-457.0333333333333,475.0,-565.6266666666667,180.0,85.9333333333334,85.9333333333334,1950.0,-889.5555555555555,-834.3333333333333
1207,1734.7166666666667,233.3333333333333,-566.3208333333333,475.0,-653.0566666666666,180.0,-132.64166666666665,-132.64166666666665,1950.0,-922.2222222222223,-883.3333333333334
1208,2081.0416666666665,286.125,-479.73958333333337,475.0,-583.7916666666667,180.0,40.52083333333326,40.52083333333326,1950.0,-904.625,-856.9375
1209,1818.0166666666669,253.16666666666663,-545.4958333333333,475.0,-636.3966666666666,180.0,-90.99166666666656,-90.99166666666656,1950.0,-915.6111111111111,-873.4166666666667
1210,1933.5750000000005,271.5416666666667,-516.6062499999998,475.0,-613.2849999999999,180.0,-33.21249999999975,-33.21249999999975,1950.0,-909.4861111111111,-864.2291666666666
1211,1795.85,270.6666666666667,-551.0375,475.0,-640.83,180.0,-102.07500000000005,-102.07500000000005,1950.0,-909.7777777777778,-864.6666666666666
1212,1859.2,266.5833333333333,-535.2,475.0,-628.16,180.0,-70.39999999999998,-70.39999999999998,1950.0,-911.1388888888889,-866.7083333333334
1213,1603.525,203.29166666666663,-599.11875,475.0,-679.295,180.0,-198.23749999999995,-198.23749999999995,1950.0,-932.2361111111111,-898.3541666666667
1214,2088.6833333333334,285.8333333333333,-477.82916666666665,475.0,-582.2633333333333,180.0,44.3416666666667,44.3416666666667,1950.0,-904.7222222222222,-857.0833333333334
1215,1765.8083333333332,250.54166666666663,-558.5479166666667,475.0,-646.8383333333334,180.0,-117.09583333333342,-117.09583333333342,1950.0,-916.4861111111111,-874.7291666666667
1216,1713.075,239.45833333333331,-571.73125,475.0,-657.385,180.0,-143.46249999999998,-143.46249999999998,1950.0,-920.1805555555555,-880.2708333333334
1217,2246.241666666667,366.0416666666667,-438.4395833333333,475.0,-550.7516666666667,180.0,123.1208333333334,123.1208333333334,1950.0,-877.9861111111111,-816.9791666666666
1218,1819.9416666666664,330.4583333333333,-545.0145833333333,475.0,-636.0116666666668,180.0,-90.02916666666681,-90.02916666666681,1950.0,-889.8472222222222,-834.7708333333334
1219,1826.7666666666664,261.91666666666663,-543.3083333333334,475.0,-634.6466666666668,180.0,-86.61666666666679,-86.61666666666679,1950.0,-912.6944444444445,-869.0416666666667
1220,1757.4083333333333,244.125,-560.6479166666667,475.0,-648.5183333333333,180.0,-121.29583333333335,-121.29583333333335,1950.0,-918.625,-877.9375
1221,1670.6666666666663,262.5,-582.3333333333335,475.0,-665.8666666666668,180.0,-164.66666666666686,-164.66666666666686,1950.0,-912.5,-868.75
1222,1889.0666666666664,260.75,-527.7333333333333,475.0,-622.1866666666667,180.0,-55.46666666666681,-55.46666666666681,1950.0,-913.0833333333334,-869.625
1223,1601.4833333333331,260.75,-599.6291666666667,475.0,-679.7033333333334,180.0,-199.25833333333344,-199.25833333333344,1950.0,-913.0833333333334,-869.625
1224,2033.3833333333328,323.75,-491.6541666666668,475.0,-593.3233333333335,180.0,16.69166666666638,16.69166666666638,1950.0,-892.0833333333334,-838.125
1225,1767.0333333333335,263.6666666666667,-558.2416666666666,475.0,-646.5933333333332,180.0,-116.48333333333323,-116.48333333333323,1950.0,-912.1111111111111,-868.1666666666666
1226,1788.9083333333333,235.9583333333333,-552.7729166666667,475.0,-642.2183333333334,180.0,-105.54583333333335,-105.54583333333335,1950.0,-921.3472222222223,-882.0208333333334
1227,1565.6666666666667,226.91666666666663,-608.5833333333333,475.0,-686.8666666666667,180.0,-217.16666666666663,-217.16666666666663,1950.0,-924.3611111111111,-886.5416666666667
1228,1747.7833333333335,244.41666666666669,-563.0541666666666,475.0,-650.4433333333333,180.0,-126.10833333333323,-126.10833333333323,1950.0,-918.5277777777778,-877.7916666666666
1229,2048.3166666666666,310.9166666666667,-487.92083333333335,475.0,-590.3366666666667,180.0,24.158333333333303,24.158333333333303,1950.0,-896.3611111111111,-844.5416666666666
1230,1911.9333333333327,228.0833333333333,-522.0166666666669,475.0,-617.6133333333335,180.0,-44.033333333333644,-44.033333333333644,1950.0,-923.9722222222223,-885.9583333333334
1231,1777.2416666666668,293.7083333333333,-555.6895833333333,475.0,-644.5516666666666,180.0,-111.3791666666666,-111.3791666666666,1950.0,-902.0972222222222,-853.1458333333334
1232,2062.375,287.2916666666667,-484.40625,475.0,-587.525,180.0,31.1875,31.1875,1950.0,-904.2361111111111,-856.3541666666666
1233,2315.366666666667,316.1666666666667,-421.1583333333333,475.0,-536.9266666666666,180.0,157.6833333333334,157.6833333333334,1950.0,-894.6111111111111,-841.9166666666666
1234,1565.6083333333331,244.70833333333331,-608.5979166666667,475.0,-686.8783333333333,180.0,-217.19583333333344,-217.19583333333344,1950.0,-918.4305555555555,-877.6458333333334
1235,2116.391666666667,293.7083333333333,-470.9020833333333,475.0,-576.7216666666666,180.0,58.19583333333344,58.19583333333344,1950.0,-902.0972222222222,-853.1458333333334
1236,1682.975,276.7916666666667,-579.25625,475.0,-663.405,180.0,-158.51250000000005,-158.51250000000005,1950.0,-907.7361111111111,-861.6041666666666
1237,2030.2916666666663,275.04166666666663,-492.4270833333334,475.0,-593.9416666666667,180.0,15.145833333333144,15.145833333333144,1950.0,-908.3194444444445,-862.4791666666667
1238,1773.2166666666665,301.5833333333333,-556.6958333333334,475.0,-645.3566666666667,180.0,-113.39166666666677,-113.39166666666677,1950.0,-899.4722222222222,-849.2083333333334
1239,2054.0916666666662,255.20833333333331,-486.47708333333344,475.0,-589.1816666666667,180.0,27.04583333333312,27.04583333333312,1950.0,-914.9305555555555,-872.3958333333334
1240,2021.8333333333333,296.3333333333333,-494.5416666666667,475.0,-595.6333333333333,180.0,10.916666666666629,10.916666666666629,1950.0,-901.2222222222222,-851.8333333333334
1241,1061.025,136.79166666666669,-734.74375,475.0,-787.795,180.0,-469.48749999999995,-469.48749999999995,1950.0,-954.4027777777778,-931.6041666666666
1242,1617.4083333333335,233.04166666666663,-595.6479166666666,475.0,-676.5183333333333,180.0,-191.29583333333323,-191.29583333333323,1950.0,-922.3194444444445,-883.4791666666667
1243,2178.75,314.41666666666663,-455.3125,475.0,-564.25,180.0,89.375,89.375,1950.0,-895.1944444444445,-842.7916666666667
1244,1854.4166666666667,247.91666666666663,-536.3958333333333,475.0,-629.1166666666667,180.0,-72.79166666666663,-72.79166666666663,1950.0,-917.3611111111111,-876.0416666666667
1245,1493.3333333333337,233.91666666666669,-626.6666666666665,475.0,-701.3333333333333,180.0,-253.33333333333314,-253.33333333333314,1950.0,-922.0277777777778,-883.0416666666666
1246,1656.9583333333337,298.375,-585.7604166666665,475.0,-668.6083333333332,180.0,-171.52083333333314,-171.52083333333314,1950.0,-900.5416666666666,-850.8125
1247,1684.55,252.58333333333331,-578.8625,475.0,-663.09,180.0,-157.72500000000002,-157.72500000000002,1950.0,-915.8055555555555,-873.7083333333334
1248,1301.2416666666668,254.04166666666663,-674.6895833333333,475.0,-739.7516666666667,180.0,-349.3791666666666,-349.3791666666666,1950.0,-915.3194444444445,-872.9791666666667
1249,1765.5166666666664,250.25,-558.6208333333334,475.0,-646.8966666666668,180.0,-117.24166666666679,-117.24166666666679,1950.0,-916.5833333333334,-874.875
1250,2065.991666666667,225.4583333333333,-483.5020833333333,475.0,-586.8016666666666,180.0,32.995833333333394,32.995833333333394,1950.0,-924.8472222222223,-887.2708333333334
1251,1428.35,250.25,-642.9125,475.0,-714.33,180.0,-285.82500000000005,-285.82500000000005,1950.0,-916.5833333333334,-874.875
1252,2012.5583333333327,269.2083333333333,-496.8604166666668,475.0,-597.4883333333335,180.0,6.279166666666356,6.279166666666356,1950.0,-910.2638888888889,-865.3958333333334
1253,1996.3416666666667,276.7916666666667,-500.9145833333333,475.0,-600.7316666666667,180.0,-1.8291666666666515,-1.8291666666666515,1950.0,-907.7361111111111,-861.6041666666666
1254,1829.9166666666663,263.08333333333337,-542.5208333333335,475.0,-634.0166666666668,180.0,-85.04166666666686,-85.04166666666686,1950.0,-912.3055555555555,-868.4583333333333
1255,1322.475,223.70833333333331,-669.38125,475.0,-735.505,180.0,-338.76250000000005,-338.76250000000005,1950.0,-925.4305555555555,-888.1458333333334
1256,1956.2666666666664,282.3333333333333,-510.9333333333334,475.0,-608.7466666666667,180.0,-21.866666666666788,-21.866666666666788,1950.0,-905.8888888888889,-858.8333333333334
1257,1792.0583333333332,296.625,-551.9854166666667,475.0,-641.5883333333334,180.0,-103.97083333333342,-103.97083333333342,1950.0,-901.125,-851.6875
1258,2771.883333333333,328.4166666666667,-307.0291666666667,475.0,-445.62333333333333,180.0,385.9416666666666,385.9416666666666,1950.0,-890.5277777777778,-835.7916666666666
1259,1320.0833333333333,189.58333333333331,-669.9791666666667,475.0,-735.9833333333333,180.0,-339.95833333333337,-339.95833333333337,1950.0,-936.8055555555555,-905.2083333333334
1260,1862.6416666666669,297.7916666666667,-534.3395833333333,475.0,-627.4716666666666,180.0,-68.67916666666656,-68.67916666666656,1950.0,-900.7361111111111,-851.1041666666666
1261,1957.1416666666664,263.375,-510.7145833333334,475.0,-608.5716666666667,180.0,-21.429166666666788,-21.429166666666788,1950.0,-912.2083333333334,-868.3125
1262,2090.025,283.2083333333333,-477.49375,475.0,-581.995,180.0,45.012500000000045,45.012500000000045,1950.0,-905.5972222222222,-858.3958333333334
1263,1212.8666666666668,165.66666666666669,-696.7833333333333,475.0,-757.4266666666666,180.0,-393.5666666666666,-393.5666666666666,1950.0,-944.7777777777778,-917.1666666666666
1264,1938.0083333333328,297.7916666666667,-515.4979166666668,475.0,-612.3983333333334,180.0,-30.99583333333362,-30.99583333333362,1950.0,-900.7361111111111,-851.1041666666666
1265,1801.858333333333,272.7083333333333,-549.5354166666668,475.0,-639.6283333333334,180.0,-99.07083333333355,-99.07083333333355,1950.0,-909.0972222222222,-863.6458333333334
1266,1954.8666666666663,233.3333333333333,-511.2833333333334,475.0,-609.0266666666668,180.0,-22.566666666666833,-22.566666666666833,1950.0,-922.2222222222223,-883.3333333333334
1267,1886.675,315.875,-528.33125,475.0,-622.665,180.0,-56.66250000000002,-56.66250000000002,1950.0,-894.7083333333334,-842.0625
1268,2231.133333333333,293.41666666666663,-442.2166666666667,475.0,-553.7733333333333,180.0,115.5666666666666,115.5666666666666,1950.0,-902.1944444444445,-853.2916666666667
1269,1640.8583333333331,220.79166666666669,-589.7854166666667,475.0,-671.8283333333334,180.0,-179.57083333333344,-179.57083333333344,1950.0,-926.4027777777778,-889.6041666666666
1270,1710.8583333333331,280.875,-572.2854166666667,475.0,-657.8283333333334,180.0,-144.57083333333344,-144.57083333333344,1950.0,-906.375,-859.5625
1271,1751.1666666666663,273.58333333333337,-562.2083333333335,475.0,-649.7666666666668,180.0,-124.41666666666686,-124.41666666666686,1950.0,-908.8055555555555,-863.2083333333333
1272,1683.6166666666668,249.66666666666669,-579.0958333333333,475.0,-663.2766666666666,180.0,-158.1916666666666,-158.1916666666666,1950.0,-916.7777777777778,-875.1666666666666
1273,2095.0416666666665,260.45833333333337,-476.23958333333337,475.0,-580.9916666666667,180.0,47.52083333333326,47.52083333333326,1950.0,-913.1805555555555,-869.7708333333333
1274,2180.325,310.0416666666667,-454.91875000000005,475.0,-563.9350000000001,180.0,90.16249999999991,90.16249999999991,1950.0,-896.6527777777778,-844.9791666666666
1275,2276.1083333333336,290.79166666666663,-430.9729166666666,475.0,-544.7783333333333,180.0,138.0541666666668,138.0541666666668,1950.0,-903.0694444444445,-854.6041666666667
1276,2486.8083333333334,287.2916666666667,-378.29791666666665,475.0,-502.6383333333333,180.0,243.4041666666667,243.4041666666667,1950.0,-904.2361111111111,-856.3541666666666
1277,1310.4,227.5,-672.4,475.0,-737.92,180.0,-344.79999999999995,-344.79999999999995,1950.0,-924.1666666666666,-886.25
1278,1948.5083333333332,248.79166666666663,-512.8729166666667,475.0,-610.2983333333334,180.0,-25.745833333333394,-25.745833333333394,1950.0,-917.0694444444445,-875.6041666666667
1279,1492.4,221.08333333333331,-626.9,475.0,-701.52,180.0,-253.79999999999995,-253.79999999999995,1950.0,-926.3055555555555,-889.4583333333334
1280,1489.3083333333334,291.375,-627.6729166666667,475.0,-702.1383333333333,180.0,-255.3458333333333,-255.3458333333333,1950.0,-902.875,-854.3125
1281,2223.6083333333336,327.54166666666663,-444.0979166666666,475.0,-555.2783333333333,180.0,111.80416666666679,111.80416666666679,1950.0,-890.8194444444445,-836.2291666666667
1282,1842.4583333333333,255.79166666666663,-539.3854166666667,475.0,-631.5083333333333,180.0,-78.77083333333337,-78.77083333333337,1950.0,-914.7361111111111,-872.1041666666667
1283,1768.2000000000005,284.6666666666667,-557.9499999999998,475.0,-646.3599999999999,180.0,-115.89999999999975,-115.89999999999975,1950.0,-905.1111111111111,-857.6666666666666
1284,1671.6583333333335,257.5416666666667,-582.0854166666666,475.0,-665.6683333333333,180.0,-164.17083333333323,-164.17083333333323,1950.0,-914.1527777777778,-871.2291666666666
1285,1544.9,233.91666666666669,-613.775,475.0,-691.02,180.0,-227.54999999999995,-227.54999999999995,1950.0,-922.0277777777778,-883.0416666666666
1286,1840.3583333333331,331.0416666666667,-539.9104166666667,475.0,-631.9283333333334,180.0,-79.82083333333344,-79.82083333333344,1950.0,-889.6527777777778,-834.4791666666666
1287,2274.125,310.625,-431.46875,475.0,-545.175,180.0,137.0625,137.0625,1950.0,-896.4583333333334,-844.6875
1288,2256.1,354.0833333333333,-435.975,475.0,-548.78,180.0,128.04999999999995,128.04999999999995,1950.0,-881.9722222222222,-822.9583333333334
1289,2072.6416666666664,289.625,-481.8395833333334,475.0,-585.4716666666667,180.0,36.32083333333321,36.32083333333321,1950.0,-903.4583333333334,-855.1875
1290,1752.8583333333331,283.2083333333333,-561.7854166666667,475.0,-649.4283333333334,180.0,-123.57083333333344,-123.57083333333344,1950.0,-905.5972222222222,-858.3958333333334
1291,1762.1916666666666,242.95833333333331,-559.4520833333333,475.0,-647.5616666666667,180.0,-118.9041666666667,-118.9041666666667,1950.0,-919.0138888888889,-878.5208333333334
1292,1852.8416666666667,252.29166666666669,-536.7895833333333,475.0,-629.4316666666666,180.0,-73.57916666666665,-73.57916666666665,1950.0,-915.9027777777778,-873.8541666666666
1293,2209.841666666667,242.375,-447.5395833333332,475.0,-558.0316666666665,180.0,104.92083333333358,104.92083333333358,1950.0,-919.2083333333334,-878.8125
1294,2064.7666666666664,301.5833333333333,-483.8083333333334,475.0,-587.0466666666667,180.0,32.38333333333321,32.38333333333321,1950.0,-899.4722222222222,-849.2083333333334
1295,1758.5166666666664,282.91666666666663,-560.3708333333334,475.0,-648.2966666666667,180.0,-120.74166666666679,-120.74166666666679,1950.0,-905.6944444444445,-858.5416666666667
1296,1404.0833333333337,224.0,-648.9791666666665,475.0,-719.1833333333333,180.0,-297.95833333333314,-297.95833333333314,1950.0,-925.3333333333334,-888.0
1297,1409.0416666666663,179.375,-647.7395833333335,475.0,-718.1916666666667,180.0,-295.47916666666686,-295.47916666666686,1950.0,-940.2083333333334,-910.3125
1298,1876.7583333333328,256.375,-530.8104166666668,475.0,-624.6483333333334,180.0,-61.62083333333362,-61.62083333333362,1950.0,-914.5416666666666,-871.8125
1299,2192.9833333333336,346.5,-451.7541666666666,475.0,-561.4033333333333,180.0,96.49166666666679,96.49166666666679,1950.0,-884.5,-826.75
1300,1575.2916666666667,236.54166666666669,-606.1770833333333,475.0,-684.9416666666666,180.0,-212.35416666666663,-212.35416666666663,1950.0,-921.1527777777778,-881.7291666666666
1301,2102.858333333333,276.20833333333337,-474.2854166666667,475.0,-579.4283333333334,180.0,51.42916666666656,51.42916666666656,1950.0,-907.9305555555555,-861.8958333333333
1302,2300.958333333333,307.70833333333337,-424.76041666666674,475.0,-539.8083333333334,180.0,150.47916666666652,150.47916666666652,1950.0,-897.4305555555555,-846.1458333333333
1303,1759.8583333333331,270.375,-560.0354166666667,475.0,-648.0283333333334,180.0,-120.07083333333344,-120.07083333333344,1950.0,-909.875,-864.8125
1304,1890.6416666666669,266.2916666666667,-527.3395833333333,475.0,-621.8716666666667,180.0,-54.67916666666656,-54.67916666666656,1950.0,-911.2361111111111,-866.8541666666666
1305,1925.35,310.9166666666667,-518.6625,475.0,-614.9300000000001,180.0,-37.325000000000045,-37.325000000000045,1950.0,-896.3611111111111,-844.5416666666666
1306,1967.2916666666667,350.875,-508.1770833333333,475.0,-606.5416666666666,180.0,-16.35416666666663,-16.35416666666663,1950.0,-883.0416666666666,-824.5625
1307,1890.5833333333333,254.3333333333333,-527.3541666666667,475.0,-621.8833333333333,180.0,-54.70833333333337,-54.70833333333337,1950.0,-915.2222222222223,-872.8333333333334
1308,2078.008333333333,279.125,-480.4979166666667,475.0,-584.3983333333333,180.0,39.004166666666606,39.004166666666606,1950.0,-906.9583333333334,-860.4375
1309,1586.5500000000002,273.58333333333337,-603.3625,475.0,-682.6899999999999,180.0,-206.7249999999999,-206.7249999999999,1950.0,-908.8055555555555,-863.2083333333333
1310,2109.858333333333,332.79166666666663,-472.5354166666667,475.0,-578.0283333333334,180.0,54.92916666666656,54.92916666666656,1950.0,-889.0694444444445,-833.6041666666667
1311,1656.9,236.83333333333331,-585.775,475.0,-668.62,180.0,-171.54999999999995,-171.54999999999995,1950.0,-921.0555555555555,-881.5833333333334
1312,2126.6583333333333,276.20833333333337,-468.3354166666667,475.0,-574.6683333333333,180.0,63.32916666666665,63.32916666666665,1950.0,-907.9305555555555,-861.8958333333333
1313,1736.6416666666664,241.2083333333333,-565.8395833333334,475.0,-652.6716666666667,180.0,-131.6791666666668,-131.6791666666668,1950.0,-919.5972222222223,-879.3958333333334
1314,1756.5333333333333,243.25,-560.8666666666667,475.0,-648.6933333333334,180.0,-121.73333333333335,-121.73333333333335,1950.0,-918.9166666666666,-878.375
1315,1765.6916666666666,246.4583333333333,-558.5770833333333,475.0,-646.8616666666667,180.0,-117.1541666666667,-117.1541666666667,1950.0,-917.8472222222223,-876.7708333333334
1316,1835.1666666666667,228.66666666666669,-541.2083333333333,475.0,-632.9666666666667,180.0,-82.41666666666663,-82.41666666666663,1950.0,-923.7777777777778,-885.6666666666666
1317,1993.4833333333331,365.1666666666667,-501.6291666666667,475.0,-601.3033333333334,180.0,-3.2583333333334394,-3.2583333333334394,1950.0,-878.2777777777778,-817.4166666666666
1318,1951.95,280.0,-512.0125,475.0,-609.61,180.0,-24.024999999999977,-24.024999999999977,1950.0,-906.6666666666666,-860.0
1319,1815.5666666666664,217.0,-546.1083333333333,475.0,-636.8866666666668,180.0,-92.21666666666681,-92.21666666666681,1950.0,-927.6666666666666,-891.5
1320,1726.4333333333332,290.5,-568.3916666666667,475.0,-654.7133333333334,180.0,-136.78333333333342,-136.78333333333342,1950.0,-903.1666666666666,-854.75
1321,1768.0833333333333,250.83333333333331,-557.9791666666667,475.0,-646.3833333333333,180.0,-115.95833333333337,-115.95833333333337,1950.0,-916.3888888888889,-874.5833333333334
1322,2152.208333333333,317.625,-461.94791666666674,475.0,-569.5583333333334,180.0,76.10416666666652,76.10416666666652,1950.0,-894.125,-841.1875
1323,1874.7166666666667,244.41666666666669,-531.3208333333333,475.0,-625.0566666666666,180.0,-62.64166666666665,-62.64166666666665,1950.0,-918.5277777777778,-877.7916666666666
1324,1842.8083333333327,248.20833333333331,-539.2979166666669,475.0,-631.4383333333335,180.0,-78.59583333333364,-78.59583333333364,1950.0,-917.2638888888889,-875.8958333333334
1325,2202.8416666666662,265.125,-449.28958333333344,475.0,-559.4316666666667,180.0,101.42083333333312,101.42083333333312,1950.0,-911.625,-867.4375
1326,2101.166666666667,296.3333333333333,-474.70833333333326,475.0,-579.7666666666667,180.0,50.583333333333485,50.583333333333485,1950.0,-901.2222222222222,-851.8333333333334
1327,1911.525,273.2916666666667,-522.11875,475.0,-617.6949999999999,180.0,-44.237499999999955,-44.237499999999955,1950.0,-908.9027777777778,-863.3541666666666
1328,1910.416666666667,284.08333333333337,-522.3958333333333,475.0,-617.9166666666666,180.0,-44.791666666666515,-44.791666666666515,1950.0,-905.3055555555555,-857.9583333333333
1329,1368.0333333333333,211.75,-657.9916666666667,475.0,-726.3933333333333,180.0,-315.98333333333335,-315.98333333333335,1950.0,-929.4166666666666,-894.125
1330,1362.9583333333333,202.70833333333331,-659.2604166666667,475.0,-727.4083333333333,180.0,-318.52083333333337,-318.52083333333337,1950.0,-932.4305555555555,-898.6458333333334
1331,1981.233333333333,273.58333333333337,-504.6916666666668,475.0,-603.7533333333334,180.0,-9.383333333333553,-9.383333333333553,1950.0,-908.8055555555555,-863.2083333333333
1332,2117.0916666666667,288.4583333333333,-470.7270833333333,475.0,-576.5816666666667,180.0,58.54583333333335,58.54583333333335,1950.0,-903.8472222222222,-855.7708333333334
1333,1985.025,257.5416666666667,-503.74375,475.0,-602.995,180.0,-7.4874999999999545,-7.4874999999999545,1950.0,-914.1527777777778,-871.2291666666666
1334,1710.625,272.7083333333333,-572.34375,475.0,-657.875,180.0,-144.6875,-144.6875,1950.0,-909.0972222222222,-863.6458333333334
1335,1610.8166666666666,220.5,-597.2958333333333,475.0,-677.8366666666667,180.0,-194.5916666666667,-194.5916666666667,1950.0,-926.5,-889.75
1336,1388.5083333333332,214.375,-652.8729166666667,475.0,-722.2983333333334,180.0,-305.7458333333334,-305.7458333333334,1950.0,-928.5416666666666,-892.8125
1337,1704.9666666666667,213.5,-573.7583333333333,475.0,-659.0066666666667,180.0,-147.51666666666665,-147.51666666666665,1950.0,-928.8333333333334,-893.25
1338,1821.575,228.95833333333331,-544.60625,475.0,-635.685,180.0,-89.21249999999998,-89.21249999999998,1950.0,-923.6805555555555,-885.5208333333334
1339,1438.5,218.75,-640.375,475.0,-712.3,180.0,-280.75,-280.75,1950.0,-927.0833333333334,-890.625
1340,1878.275,240.04166666666663,-530.43125,475.0,-624.345,180.0,-60.862499999999955,-60.862499999999955,1950.0,-919.9861111111111,-879.9791666666667
1341,2162.65,306.25,-459.3375,475.0,-567.47,180.0,81.32500000000005,81.32500000000005,1950.0,-897.9166666666666,-846.875
1342,1889.0666666666664,280.5833333333333,-527.7333333333333,475.0,-622.1866666666667,180.0,-55.46666666666681,-55.46666666666681,1950.0,-906.4722222222222,-859.7083333333334
1343,1599.5,250.83333333333331,-600.125,475.0,-680.1,180.0,-200.25,-200.25,1950.0,-916.3888888888889,-874.5833333333334
1344,1986.6,253.16666666666663,-503.35,475.0,-602.6800000000001,180.0,-6.7000000000000455,-6.7000000000000455,1950.0,-915.6111111111111,-873.4166666666667
1345,1883.0583333333327,298.375,-529.2354166666669,475.0,-623.3883333333334,180.0,-58.470833333333644,-58.470833333333644,1950.0,-900.5416666666666,-850.8125
1346,2269.9833333333336,304.5,-432.5041666666666,475.0,-546.0033333333333,180.0,134.9916666666668,134.9916666666668,1950.0,-898.5,-847.75
1347,1744.05,232.75,-563.9875,475.0,-651.19,180.0,-127.97500000000002,-127.97500000000002,1950.0,-922.4166666666666,-883.625
1348,1785.875,268.625,-553.53125,475.0,-642.825,180.0,-107.0625,-107.0625,1950.0,-910.4583333333334,-865.6875
1349,2064.3583333333336,277.375,-483.9104166666666,475.0,-587.1283333333333,180.0,32.17916666666679,32.17916666666679,1950.0,-907.5416666666666,-861.3125
1350,1524.3666666666668,239.16666666666669,-618.9083333333333,475.0,-695.1266666666667,180.0,-237.8166666666666,-237.8166666666666,1950.0,-920.2777777777778,-880.4166666666666
1351,2053.8,294.58333333333337,-486.54999999999995,475.0,-589.24,180.0,26.90000000000009,26.90000000000009,1950.0,-901.8055555555555,-852.7083333333333
1352,2158.2166666666662,270.0833333333333,-460.44583333333344,475.0,-568.3566666666668,180.0,79.10833333333312,79.10833333333312,1950.0,-909.9722222222222,-864.9583333333334
1353,1557.9083333333333,242.95833333333331,-610.5229166666667,475.0,-688.4183333333333,180.0,-221.04583333333335,-221.04583333333335,1950.0,-919.0138888888889,-878.5208333333334
1354,1515.5583333333332,248.20833333333331,-621.1104166666667,475.0,-696.8883333333333,180.0,-242.22083333333342,-242.22083333333342,1950.0,-917.2638888888889,-875.8958333333334
1355,2280.25,346.5,-429.9375,475.0,-543.95,180.0,140.125,140.125,1950.0,-884.5,-826.75
1356,1600.025,229.54166666666663,-599.99375,475.0,-679.995,180.0,-199.98749999999995,-199.98749999999995,1950.0,-923.4861111111111,-885.2291666666667
1357,1761.7833333333333,298.0833333333333,-559.5541666666667,475.0,-647.6433333333333,180.0,-119.10833333333335,-119.10833333333335,1950.0,-900.6388888888889,-850.9583333333334
1358,1798.3583333333331,289.0416666666667,-550.4104166666667,475.0,-640.3283333333334,180.0,-100.82083333333344,-100.82083333333344,1950.0,-903.6527777777778,-855.4791666666666
1359,1740.025,240.625,-564.99375,475.0,-651.995,180.0,-129.98749999999995,-129.98749999999995,1950.0,-919.7916666666666,-879.6875
1360,1564.5,215.83333333333331,-608.875,475.0,-687.1,180.0,-217.75,-217.75,1950.0,-928.0555555555555,-892.0833333333334
1361,1953.525,325.2083333333333,-511.61875,475.0,-609.295,180.0,-23.237499999999955,-23.237499999999955,1950.0,-891.5972222222222,-837.3958333333334
1362,1968.225,274.4583333333333,-507.94375,475.0,-606.355,180.0,-15.887500000000045,-15.887500000000045,1950.0,-908.5138888888889,-862.7708333333334
1363,1824.6083333333331,315.2916666666667,-543.8479166666667,475.0,-635.0783333333334,180.0,-87.69583333333344,-87.69583333333344,1950.0,-894.9027777777778,-842.3541666666666
1364,1488.2000000000005,272.41666666666663,-627.9499999999998,475.0,-702.3599999999999,180.0,-255.89999999999975,-255.89999999999975,1950.0,-909.1944444444445,-863.7916666666667
1365,1563.5083333333334,240.625,-609.1229166666667,475.0,-687.2983333333333,180.0,-218.24583333333328,-218.24583333333328,1950.0,-919.7916666666666,-879.6875
1366,2254.116666666667,274.75,-436.4708333333333,475.0,-549.1766666666666,180.0,127.0583333333334,127.0583333333334,1950.0,-908.4166666666666,-862.625
1367,2231.25,327.25,-442.1875,475.0,-553.75,180.0,115.625,115.625,1950.0,-890.9166666666666,-836.375
1368,1936.2,303.91666666666663,-515.95,475.0,-612.76,180.0,-31.899999999999977,-31.899999999999977,1950.0,-898.6944444444445,-848.0416666666667
1369,1516.0833333333337,256.66666666666663,-620.9791666666665,475.0,-696.7833333333333,180.0,-241.95833333333314,-241.95833333333314,1950.0,-914.4444444444445,-871.6666666666667
1370,1519.0000000000002,249.66666666666669,-620.25,475.0,-696.1999999999999,180.0,-240.4999999999999,-240.4999999999999,1950.0,-916.7777777777778,-875.1666666666666
1371,1448.3583333333331,226.625,-637.9104166666667,475.0,-710.3283333333334,180.0,-275.82083333333344,-275.82083333333344,1950.0,-924.4583333333334,-886.6875
1372,1372.4666666666667,238.0,-656.8833333333333,475.0,-725.5066666666667,180.0,-313.76666666666665,-313.76666666666665,1950.0,-920.6666666666666,-881.0
1373,977.6666666666669,214.08333333333331,-755.5833333333333,475.0,-804.4666666666667,180.0,-511.1666666666666,-511.1666666666666,1950.0,-928.6388888888889,-892.9583333333334
1374,1931.5333333333333,319.0833333333333,-517.1166666666667,475.0,-613.6933333333334,180.0,-34.23333333333335,-34.23333333333335,1950.0,-893.6388888888889,-840.4583333333334
1375,1971.2,219.91666666666663,-507.2,475.0,-605.76,180.0,-14.399999999999977,-14.399999999999977,1950.0,-926.6944444444445,-890.0416666666667
1376,1867.8333333333333,281.1666666666667,-533.0416666666667,475.0,-626.4333333333334,180.0,-66.08333333333337,-66.08333333333337,1950.0,-906.2777777777778,-859.4166666666666
1377,1930.5416666666667,284.375,-517.3645833333333,475.0,-613.8916666666667,180.0,-34.72916666666663,-34.72916666666663,1950.0,-905.2083333333334,-857.8125
1378,1796.025,326.375,-550.99375,475.0,-640.795,180.0,-101.98749999999995,-101.98749999999995,1950.0,-891.2083333333334,-836.8125
1379,1423.3333333333333,213.5,-644.1666666666667,475.0,-715.3333333333334,180.0,-288.33333333333337,-288.33333333333337,1950.0,-928.8333333333334,-893.25
1380,1967.7,295.75,-508.075,475.0,-606.46,180.0,-16.149999999999977,-16.149999999999977,1950.0,-901.4166666666666,-852.125
1381,1749.7083333333337,282.0416666666667,-562.5729166666665,475.0,-650.0583333333333,180.0,-125.14583333333314,-125.14583333333314,1950.0,-905.9861111111111,-858.9791666666666
1382,2079.0583333333334,256.375,-480.23541666666665,475.0,-584.1883333333333,180.0,39.5291666666667,39.5291666666667,1950.0,-914.5416666666666,-871.8125
1383,1917.5333333333333,275.3333333333333,-520.6166666666667,475.0,-616.4933333333333,180.0,-41.23333333333335,-41.23333333333335,1950.0,-908.2222222222222,-862.3333333333334
1384,1742.9416666666664,253.45833333333331,-564.2645833333333,475.0,-651.4116666666667,180.0,-128.5291666666668,-128.5291666666668,1950.0,-915.5138888888889,-873.2708333333334
1385,1981.5833333333333,246.16666666666663,-504.6041666666667,475.0,-603.6833333333334,180.0,-9.208333333333371,-9.208333333333371,1950.0,-917.9444444444445,-876.9166666666667
1386,1753.4416666666664,204.4583333333333,-561.6395833333333,475.0,-649.3116666666667,180.0,-123.27916666666681,-123.27916666666681,1950.0,-931.8472222222223,-897.7708333333334
1387,1738.3916666666669,272.7083333333333,-565.4020833333333,475.0,-652.3216666666666,180.0,-130.80416666666656,-130.80416666666656,1950.0,-909.0972222222222,-863.6458333333334
1388,1475.25,225.75,-631.1875,475.0,-704.95,180.0,-262.375,-262.375,1950.0,-924.75,-887.125
1389,1908.55,308.0,-522.8625,475.0,-618.29,180.0,-45.72500000000002,-45.72500000000002,1950.0,-897.3333333333334,-846.0
1390,1462.2416666666668,246.4583333333333,-634.4395833333333,475.0,-707.5516666666666,180.0,-268.8791666666666,-268.8791666666666,1950.0,-917.8472222222223,-876.7708333333334
1391,2071.708333333333,286.70833333333337,-482.07291666666674,475.0,-585.6583333333334,180.0,35.854166666666515,35.854166666666515,1950.0,-904.4305555555555,-856.6458333333333
1392,1800.575,257.5416666666667,-549.85625,475.0,-639.885,180.0,-99.71249999999998,-99.71249999999998,1950.0,-914.1527777777778,-871.2291666666666
1393,1808.858333333333,309.4583333333333,-547.7854166666668,475.0,-638.2283333333335,180.0,-95.57083333333355,-95.57083333333355,1950.0,-896.8472222222222,-845.2708333333334
1394,2411.7333333333336,347.08333333333337,-397.0666666666666,475.0,-517.6533333333333,180.0,205.8666666666668,205.8666666666668,1950.0,-884.3055555555555,-826.4583333333333
1395,1518.4166666666663,298.66666666666663,-620.3958333333335,475.0,-696.3166666666667,180.0,-240.79166666666686,-240.79166666666686,1950.0,-900.4444444444445,-850.6666666666667
1396,1931.4166666666667,265.4166666666667,-517.1458333333333,475.0,-613.7166666666667,180.0,-34.29166666666663,-34.29166666666663,1950.0,-911.5277777777778,-867.2916666666666
1397,2032.1,328.4166666666667,-491.975,475.0,-593.58,180.0,16.049999999999955,16.049999999999955,1950.0,-890.5277777777778,-835.7916666666666
1398,1975.8666666666668,274.1666666666667,-506.0333333333333,475.0,-604.8266666666666,180.0,-12.066666666666606,-12.066666666666606,1950.0,-908.6111111111111,-862.9166666666666
1399,2240.991666666667,271.5416666666667,-439.7520833333333,475.0,-551.8016666666666,180.0,120.4958333333334,120.4958333333334,1950.0,-909.4861111111111,-864.2291666666666
1400,1495.4333333333332,228.0833333333333,-626.1416666666667,475.0,-700.9133333333334,180.0,-252.28333333333342,-252.28333333333342,1950.0,-923.9722222222223,-885.9583333333334
1401,2454.55,308.5833333333333,-386.36249999999995,475.0,-509.09,180.0,227.2750000000001,227.2750000000001,1950.0,-897.1388888888889,-845.7083333333334
1402,1912.8666666666663,290.5,-521.7833333333334,475.0,-617.4266666666667,180.0,-43.56666666666683,-43.56666666666683,1950.0,-903.1666666666666,-854.75
1403,1428.4666666666667,204.75,-642.8833333333333,475.0,-714.3066666666666,180.0,-285.76666666666665,-285.76666666666665,1950.0,-931.75,-897.625
1404,2031.4583333333333,305.9583333333333,-492.1354166666667,475.0,-593.7083333333334,180.0,15.729166666666629,15.729166666666629,1950.0,-898.0138888888889,-847.0208333333334
1405,1530.2583333333334,296.625,-617.4354166666667,475.0,-693.9483333333333,180.0,-234.87083333333328,-234.87083333333328,1950.0,-901.125,-851.6875
1406,2135.291666666667,330.4583333333333,-466.17708333333326,475.0,-572.9416666666666,180.0,67.64583333333348,67.64583333333348,1950.0,-889.8472222222222,-834.7708333333334
1407,1961.1083333333331,303.0416666666667,-509.7229166666667,475.0,-607.7783333333334,180.0,-19.44583333333344,-19.44583333333344,1950.0,-898.9861111111111,-848.4791666666666
1408,1625.8666666666668,281.1666666666667,-593.5333333333333,475.0,-674.8266666666666,180.0,-187.0666666666666,-187.0666666666666,1950.0,-906.2777777777778,-859.4166666666666
1409,2020.025,282.625,-494.99375,475.0,-595.995,180.0,10.012500000000045,10.012500000000045,1950.0,-905.7916666666666,-858.6875
1410,1873.1416666666664,288.4583333333333,-531.7145833333334,475.0,-625.3716666666667,180.0,-63.42916666666679,-63.42916666666679,1950.0,-903.8472222222222,-855.7708333333334
1411,1992.375,286.70833333333337,-501.90625,475.0,-601.525,180.0,-3.8125,-3.8125,1950.0,-904.4305555555555,-856.6458333333333
1412,2376.325,327.54166666666663,-405.91875000000005,475.0,-524.735,180.0,188.1624999999999,188.1624999999999,1950.0,-890.8194444444445,-836.2291666666667
1413,2038.7499999999995,293.41666666666663,-490.3125000000001,475.0,-592.2500000000001,180.0,19.374999999999773,19.374999999999773,1950.0,-902.1944444444445,-853.2916666666667
1414,1620.9666666666665,238.5833333333333,-594.7583333333334,475.0,-675.8066666666667,180.0,-189.51666666666677,-189.51666666666677,1950.0,-920.4722222222223,-880.7083333333334
1415,1598.1,251.41666666666663,-600.475,475.0,-680.38,180.0,-200.95000000000005,-200.95000000000005,1950.0,-916.1944444444445,-874.2916666666667
1416,1812.3,241.5,-546.925,475.0,-637.54,180.0,-93.85000000000002,-93.85000000000002,1950.0,-919.5,-879.25
1417,2027.1416666666664,343.29166666666663,-493.2145833333334,475.0,-594.5716666666667,180.0,13.570833333333212,13.570833333333212,1950.0,-885.5694444444445,-828.3541666666667
1418,1686.0666666666666,256.0833333333333,-578.4833333333333,475.0,-662.7866666666666,180.0,-156.9666666666667,-156.9666666666667,1950.0,-914.6388888888889,-871.9583333333334
1419,2275.35,284.08333333333337,-431.1625,475.0,-544.9300000000001,180.0,137.67499999999995,137.67499999999995,1950.0,-905.3055555555555,-857.9583333333333
1420,1672.1833333333334,315.58333333333337,-581.9541666666667,475.0,-665.5633333333333,180.0,-163.9083333333333,-163.9083333333333,1950.0,-894.8055555555555,-842.2083333333333
1421,2149.7,329.0,-462.57500000000005,475.0,-570.0600000000001,180.0,74.84999999999991,74.84999999999991,1950.0,-890.3333333333334,-835.5
1422,1970.0916666666667,270.375,-507.4770833333333,475.0,-605.9816666666667,180.0,-14.954166666666652,-14.954166666666652,1950.0,-909.875,-864.8125
1423,1840.4166666666663,253.75,-539.8958333333335,475.0,-631.9166666666667,180.0,-79.79166666666686,-79.79166666666686,1950.0,-915.4166666666666,-873.125
1424,1549.5083333333334,206.79166666666663,-612.6229166666667,475.0,-690.0983333333334,180.0,-225.24583333333328,-225.24583333333328,1950.0,-931.0694444444445,-896.6041666666667
1425,1984.325,233.04166666666663,-503.91875,475.0,-603.135,180.0,-7.837499999999977,-7.837499999999977,1950.0,-922.3194444444445,-883.4791666666667
1426,1553.3,309.75,-611.675,475.0,-689.34,180.0,-223.35000000000002,-223.35000000000002,1950.0,-896.75,-845.125
1427,1787.0416666666667,240.04166666666663,-553.2395833333333,475.0,-642.5916666666667,180.0,-106.47916666666663,-106.47916666666663,1950.0,-919.9861111111111,-879.9791666666667
1428,1527.925,214.9583333333333,-618.01875,475.0,-694.415,180.0,-236.03750000000002,-236.03750000000002,1950.0,-928.3472222222223,-892.5208333333334
1429,1831.666666666667,294.58333333333337,-542.0833333333333,475.0,-633.6666666666666,180.0,-84.16666666666652,-84.16666666666652,1950.0,-901.8055555555555,-852.7083333333333
1430,1925.2916666666667,298.9583333333333,-518.6770833333333,475.0,-614.9416666666666,180.0,-37.35416666666663,-37.35416666666663,1950.0,-900.3472222222222,-850.5208333333334
1431,1926.2833333333333,274.1666666666667,-518.4291666666667,475.0,-614.7433333333333,180.0,-36.85833333333335,-36.85833333333335,1950.0,-908.6111111111111,-862.9166666666666
1432,1741.0749999999998,297.20833333333337,-564.73125,475.0,-651.7850000000001,180.0,-129.4625000000001,-129.4625000000001,1950.0,-900.9305555555555,-851.3958333333333
1433,1913.975,259.875,-521.50625,475.0,-617.205,180.0,-43.012500000000045,-43.012500000000045,1950.0,-913.375,-870.0625
1434,1699.1333333333332,227.5,-575.2166666666667,475.0,-660.1733333333334,180.0,-150.4333333333334,-150.4333333333334,1950.0,-924.1666666666666,-886.25
1435,1961.8666666666668,319.66666666666663,-509.5333333333333,475.0,-607.6266666666667,180.0,-19.066666666666606,-19.066666666666606,1950.0,-893.4444444444445,-840.1666666666667
1436,2272.491666666667,303.0416666666667,-431.8770833333333,475.0,-545.5016666666667,180.0,136.2458333333334,136.2458333333334,1950.0,-898.9861111111111,-848.4791666666666
1437,1641.9666666666667,279.4166666666667,-589.5083333333333,475.0,-671.6066666666667,180.0,-179.01666666666665,-179.01666666666665,1950.0,-906.8611111111111,-860.2916666666666
1438,1753.4416666666666,234.20833333333331,-561.6395833333333,475.0,-649.3116666666667,180.0,-123.2791666666667,-123.2791666666667,1950.0,-921.9305555555555,-882.8958333333334
1439,1643.95,239.75,-589.0125,475.0,-671.21,180.0,-178.02499999999998,-178.02499999999998,1950.0,-920.0833333333334,-880.125
1440,2086.4666666666662,327.25,-478.38333333333344,475.0,-582.7066666666667,180.0,43.23333333333312,43.23333333333312,1950.0,-890.9166666666666,-836.375
1441,1709.1083333333331,259.29166666666663,-572.7229166666667,475.0,-658.1783333333334,180.0,-145.44583333333344,-145.44583333333344,1950.0,-913.5694444444445,-870.3541666666667
1442,2257.208333333333,323.45833333333337,-435.69791666666674,475.0,-548.5583333333334,180.0,128.60416666666652,128.60416666666652,1950.0,-892.1805555555555,-838.2708333333333
1443,1700.2416666666668,286.125,-574.9395833333333,475.0,-659.9516666666666,180.0,-149.8791666666666,-149.8791666666666,1950.0,-904.625,-856.9375
1444,2314.491666666667,335.125,-421.3770833333333,475.0,-537.1016666666667,180.0,157.2458333333334,157.2458333333334,1950.0,-888.2916666666666,-832.4375
1445,1980.8250000000005,318.7916666666667,-504.7937499999999,475.0,-603.8349999999999,180.0,-9.58749999999975,-9.58749999999975,1950.0,-893.7361111111111,-840.6041666666666
1446,2105.6,302.75,-473.6,475.0,-578.88,180.0,52.799999999999955,52.799999999999955,1950.0,-899.0833333333334,-848.625
1447,1678.075,254.04166666666663,-580.48125,475.0,-664.385,180.0,-160.96249999999998,-160.96249999999998,1950.0,-915.3194444444445,-872.9791666666667
1448,1732.7333333333331,273.0,-566.8166666666667,475.0,-653.4533333333334,180.0,-133.63333333333344,-133.63333333333344,1950.0,-909.0,-863.5
1449,2176.5333333333333,355.8333333333333,-455.8666666666667,475.0,-564.6933333333334,180.0,88.26666666666665,88.26666666666665,1950.0,-881.3888888888889,-822.0833333333334
1450,1381.6833333333332,233.3333333333333,-654.5791666666667,475.0,-723.6633333333334,180.0,-309.1583333333334,-309.1583333333334,1950.0,-922.2222222222223,-883.3333333333334
1451,1659.6416666666669,273.2916666666667,-585.0895833333333,475.0,-668.0716666666666,180.0,-170.17916666666656,-170.17916666666656,1950.0,-908.9027777777778,-863.3541666666666
1452,1845.4333333333327,280.5833333333333,-538.6416666666669,475.0,-630.9133333333334,180.0,-77.28333333333364,-77.28333333333364,1950.0,-906.4722222222222,-859.7083333333334
1453,1647.3916666666664,290.79166666666663,-588.1520833333334,475.0,-670.5216666666668,180.0,-176.3041666666668,-176.3041666666668,1950.0,-903.0694444444445,-854.6041666666667
1454,1901.9583333333333,275.625,-524.5104166666667,475.0,-619.6083333333333,180.0,-49.02083333333337,-49.02083333333337,1950.0,-908.125,-862.1875
1455,2399.483333333333,315.0,-400.1291666666667,475.0,-520.1033333333334,180.0,199.74166666666656,199.74166666666656,1950.0,-895.0,-842.5
1456,1241.8583333333331,228.375,-689.5354166666667,475.0,-751.6283333333333,180.0,-379.07083333333344,-379.07083333333344,1950.0,-923.875,-885.8125
1457,1972.483333333333,264.8333333333333,-506.8791666666668,475.0,-605.5033333333334,180.0,-13.758333333333553,-13.758333333333553,1950.0,-911.7222222222222,-867.5833333333334
1458,1618.5166666666664,271.8333333333333,-595.3708333333334,475.0,-676.2966666666667,180.0,-190.7416666666668,-190.7416666666668,1950.0,-909.3888888888889,-864.0833333333334
1459,2131.4416666666666,284.9583333333333,-467.13958333333335,475.0,-573.7116666666667,180.0,65.7208333333333,65.7208333333333,1950.0,-905.0138888888889,-857.5208333333334
1460,1639.75,221.66666666666663,-590.0625,475.0,-672.05,180.0,-180.125,-180.125,1950.0,-926.1111111111111,-889.1666666666667
1461,1890.5833333333333,323.75,-527.3541666666667,475.0,-621.8833333333333,180.0,-54.70833333333337,-54.70833333333337,1950.0,-892.0833333333334,-838.125
1462,1919.575,267.4583333333333,-520.10625,475.0,-616.085,180.0,-40.21249999999998,-40.21249999999998,1950.0,-910.8472222222222,-866.2708333333334
1463,1279.0166666666669,170.33333333333331,-680.2458333333333,475.0,-744.1966666666666,180.0,-360.49166666666656,-360.49166666666656,1950.0,-943.2222222222222,-914.8333333333334
1464,2139.666666666667,315.0,-465.08333333333326,475.0,-572.0666666666666,180.0,69.83333333333348,69.83333333333348,1950.0,-895.0,-842.5
1465,2170.875,286.70833333333337,-457.28125,475.0,-565.825,180.0,85.4375,85.4375,1950.0,-904.4305555555555,-856.6458333333333
1466,1511.4166666666667,242.08333333333331,-622.1458333333333,475.0,-697.7166666666667,180.0,-244.29166666666663,-244.29166666666663,1950.0,-919.3055555555555,-878.9583333333334
1467,1853.1916666666664,254.625,-536.7020833333333,475.0,-629.3616666666667,180.0,-73.40416666666681,-73.40416666666681,1950.0,-915.125,-872.6875
1468,1866.8416666666665,305.9583333333333,-533.2895833333334,475.0,-626.6316666666667,180.0,-66.57916666666677,-66.57916666666677,1950.0,-898.0138888888889,-847.0208333333334
1469,1897.5833333333333,281.1666666666667,-525.6041666666667,475.0,-620.4833333333333,180.0,-51.20833333333337,-51.20833333333337,1950.0,-906.2777777777778,-859.4166666666666
1470,1595.7666666666669,219.33333333333331,-601.0583333333333,475.0,-680.8466666666666,180.0,-202.11666666666656,-202.11666666666656,1950.0,-926.8888888888889,-890.3333333333334
1471,1809.2083333333333,301.875,-547.6979166666667,475.0,-638.1583333333333,180.0,-95.39583333333337,-95.39583333333337,1950.0,-899.375,-849.0625
1472,1867.95,344.75,-533.0125,475.0,-626.41,180.0,-66.02499999999998,-66.02499999999998,1950.0,-885.0833333333334,-827.625
1473,1704.4416666666666,284.375,-573.8895833333333,475.0,-659.1116666666667,180.0,-147.7791666666667,-147.7791666666667,1950.0,-905.2083333333334,-857.8125
1474,1990.9166666666663,305.08333333333337,-502.2708333333334,475.0,-601.8166666666667,180.0,-4.541666666666856,-4.541666666666856,1950.0,-898.3055555555555,-847.4583333333333
1475,1639.4,288.75,-590.15,475.0,-672.12,180.0,-180.29999999999995,-180.29999999999995,1950.0,-903.75,-855.625
1476,2165.5666666666666,348.8333333333333,-458.60833333333335,475.0,-566.8866666666667,180.0,82.7833333333333,82.7833333333333,1950.0,-883.7222222222222,-825.5833333333334
1477,1847.8833333333328,267.16666666666663,-538.0291666666668,475.0,-630.4233333333334,180.0,-76.05833333333362,-76.05833333333362,1950.0,-910.9444444444445,-866.4166666666667
1478,1833.825,251.125,-541.54375,475.0,-633.235,180.0,-83.08749999999998,-83.08749999999998,1950.0,-916.2916666666666,-874.4375
1479,1877.225,262.7916666666667,-530.69375,475.0,-624.5550000000001,180.0,-61.387500000000045,-61.387500000000045,1950.0,-912.4027777777778,-868.6041666666666
1480,2241.633333333333,294.0,-439.5916666666667,475.0,-551.6733333333334,180.0,120.8166666666666,120.8166666666666,1950.0,-902.0,-853.0
1481,1526.8166666666666,245.58333333333331,-618.2958333333333,475.0,-694.6366666666667,180.0,-236.5916666666667,-236.5916666666667,1950.0,-918.1388888888889,-877.2083333333334
1482,2452.8583333333336,298.9583333333333,-386.7854166666666,475.0,-509.4283333333333,180.0,226.4291666666668,226.4291666666668,1950.0,-900.3472222222222,-850.5208333333334
1483,1587.0166666666669,230.41666666666663,-603.2458333333333,475.0,-682.5966666666666,180.0,-206.49166666666656,-206.49166666666656,1950.0,-923.1944444444445,-884.7916666666667
1484,1659.9333333333334,293.41666666666663,-585.0166666666667,475.0,-668.0133333333333,180.0,-170.0333333333333,-170.0333333333333,1950.0,-902.1944444444445,-853.2916666666667
1485,1920.2166666666667,250.25,-519.9458333333333,475.0,-615.9566666666667,180.0,-39.89166666666665,-39.89166666666665,1950.0,-916.5833333333334,-874.875
1486,1688.925,217.29166666666663,-577.76875,475.0,-662.215,180.0,-155.53750000000002,-155.53750000000002,1950.0,-927.5694444444445,-891.3541666666667
1487,2154.1916666666666,307.70833333333337,-461.45208333333335,475.0,-569.1616666666666,180.0,77.0958333333333,77.0958333333333,1950.0,-897.4305555555555,-846.1458333333333
1488,1403.675,239.45833333333331,-649.08125,475.0,-719.265,180.0,-298.1625,-298.1625,1950.0,-920.1805555555555,-880.2708333333334
1489,1991.85,298.0833333333333,-502.0375,475.0,-601.63,180.0,-4.0750000000000455,-4.0750000000000455,1950.0,-900.6388888888889,-850.9583333333334
1490,1423.5083333333332,229.54166666666663,-644.1229166666667,475.0,-715.2983333333334,180.0,-288.2458333333334,-288.2458333333334,1950.0,-923.4861111111111,-885.2291666666667
1491,1635.9583333333333,227.79166666666663,-591.0104166666667,475.0,-672.8083333333334,180.0,-182.02083333333337,-182.02083333333337,1950.0,-924.0694444444445,-886.1041666666667
1492,2464.525,310.625,-383.86875,475.0,-507.09499999999997,180.0,232.26250000000005,232.26250000000005,1950.0,-896.4583333333334,-844.6875
1493,2353.7499999999995,340.66666666666663,-411.5625000000001,475.0,-529.2500000000001,180.0,176.87499999999977,176.87499999999977,1950.0,-886.4444444444445,-829.6666666666667
1494,1793.225,248.20833333333331,-551.69375,475.0,-641.355,180.0,-103.38750000000005,-103.38750000000005,1950.0,-917.2638888888889,-875.8958333333334
1495,1984.2666666666664,290.5,-503.9333333333334,475.0,-603.1466666666668,180.0,-7.866666666666788,-7.866666666666788,1950.0,-903.1666666666666,-854.75
1496,1883.4083333333333,310.625,-529.1479166666667,475.0,-623.3183333333334,180.0,-58.29583333333335,-58.29583333333335,1950.0,-896.4583333333334,-844.6875
1497,2148.5333333333333,258.4166666666667,-462.8666666666667,475.0,-570.2933333333333,180.0,74.26666666666665,74.26666666666665,1950.0,-913.8611111111111,-870.7916666666666
1498,1690.0916666666665,248.20833333333331,-577.4770833333334,475.0,-661.9816666666667,180.0,-154.95416666666677,-154.95416666666677,1950.0,-917.2638888888889,-875.8958333333334
1499,2224.6,253.16666666666663,-443.85,475.0,-555.08,180.0,112.29999999999995,112.29999999999995,1950.0,-915.6111111111111,-873.4166666666667
1500,2081.9166666666665,296.9166666666667,-479.52083333333337,475.0,-583.6166666666667,180.0,40.95833333333326,40.95833333333326,1950.0,-901.0277777777778,-851.5416666666666
1501,1636.7166666666667,323.75,-590.8208333333333,475.0,-672.6566666666666,180.0,-181.64166666666665,-181.64166666666665,1950.0,-892.0833333333334,-838.125
1502,1775.7833333333333,272.41666666666663,-556.0541666666667,475.0,-644.8433333333334,180.0,-112.10833333333335,-112.10833333333335,1950.0,-909.1944444444445,-863.7916666666667
1503,1615.3666666666668,270.6666666666667,-596.1583333333333,475.0,-676.9266666666666,180.0,-192.3166666666666,-192.3166666666666,1950.0,-909.7777777777778,-864.6666666666666
1504,1517.6583333333333,252.29166666666669,-620.5854166666667,475.0,-696.4683333333334,180.0,-241.17083333333335,-241.17083333333335,1950.0,-915.9027777777778,-873.8541666666666
1505,1662.5583333333332,226.625,-584.3604166666667,475.0,-667.4883333333333,180.0,-168.72083333333342,-168.72083333333342,1950.0,-924.4583333333334,-886.6875
1506,1932.233333333333,224.58333333333331,-516.9416666666668,475.0,-613.5533333333334,180.0,-33.88333333333355,-33.88333333333355,1950.0,-925.1388888888889,-887.7083333333334
1507,2170.583333333333,296.3333333333333,-457.35416666666674,475.0,-565.8833333333334,180.0,85.29166666666652,85.29166666666652,1950.0,-901.2222222222222,-851.8333333333334
1508,1412.95,217.0,-646.7625,475.0,-717.41,180.0,-293.525,-293.525,1950.0,-927.6666666666666,-891.5
1509,1457.8083333333332,230.125,-635.5479166666667,475.0,-708.4383333333334,180.0,-271.0958333333334,-271.0958333333334,1950.0,-923.2916666666666,-884.9375
1510,1908.8416666666667,318.20833333333337,-522.7895833333333,475.0,-618.2316666666667,180.0,-45.57916666666665,-45.57916666666665,1950.0,-893.9305555555555,-840.8958333333333
1511,2342.1416666666664,291.375,-414.4645833333334,475.0,-531.5716666666667,180.0,171.0708333333332,171.0708333333332,1950.0,-902.875,-854.3125
1512,1931.9416666666664,263.9583333333333,-517.0145833333333,475.0,-613.6116666666667,180.0,-34.02916666666681,-34.02916666666681,1950.0,-912.0138888888889,-868.0208333333334
1513,1966.65,298.66666666666663,-508.3375,475.0,-606.67,180.0,-16.674999999999955,-16.674999999999955,1950.0,-900.4444444444445,-850.6666666666667
1514,1973.5333333333333,271.8333333333333,-506.6166666666667,475.0,-605.2933333333333,180.0,-13.233333333333348,-13.233333333333348,1950.0,-909.3888888888889,-864.0833333333334
1515,1858.3833333333332,267.75,-535.4041666666667,475.0,-628.3233333333334,180.0,-70.8083333333334,-70.8083333333334,1950.0,-910.75,-866.125
1516,1224.0083333333332,198.625,-693.9979166666667,475.0,-755.1983333333334,180.0,-387.9958333333334,-387.9958333333334,1950.0,-933.7916666666666,-900.6875
1517,1854.3,283.5,-536.425,475.0,-629.14,180.0,-72.85000000000002,-72.85000000000002,1950.0,-905.5,-858.25
1518,1945.7083333333333,309.4583333333333,-513.5729166666667,475.0,-610.8583333333333,180.0,-27.14583333333337,-27.14583333333337,1950.0,-896.8472222222222,-845.2708333333334
1519,1813.2916666666663,296.04166666666663,-546.6770833333335,475.0,-637.3416666666667,180.0,-93.35416666666686,-93.35416666666686,1950.0,-901.3194444444445,-851.9791666666667
1520,2076.7833333333333,275.9166666666667,-480.8041666666667,475.0,-584.6433333333333,180.0,38.39166666666665,38.39166666666665,1950.0,-908.0277777777778,-862.0416666666666
1521,1962.6833333333327,259.0,-509.3291666666668,475.0,-607.4633333333335,180.0,-18.658333333333644,-18.658333333333644,1950.0,-913.6666666666666,-870.5
1522,1784.1833333333334,239.16666666666669,-553.9541666666667,475.0,-643.1633333333333,180.0,-107.9083333333333,-107.9083333333333,1950.0,-920.2777777777778,-880.4166666666666
1523,2228.275,361.9583333333333,-442.93125,475.0,-554.345,180.0,114.13750000000005,114.13750000000005,1950.0,-879.3472222222222,-819.0208333333334
1524,2070.1916666666666,322.875,-482.45208333333335,475.0,-585.9616666666667,180.0,35.0958333333333,35.0958333333333,1950.0,-892.375,-838.5625
1525,1708.6416666666669,252.875,-572.8395833333333,475.0,-658.2716666666666,180.0,-145.67916666666656,-145.67916666666656,1950.0,-915.7083333333334,-873.5625
1526,1832.483333333333,343.0,-541.8791666666668,475.0,-633.5033333333334,180.0,-83.75833333333355,-83.75833333333355,1950.0,-885.6666666666666,-828.5
1527,1495.375,245.875,-626.15625,475.0,-700.925,180.0,-252.3125,-252.3125,1950.0,-918.0416666666666,-877.0625
1528,1560.7083333333333,231.875,-609.8229166666667,475.0,-687.8583333333333,180.0,-219.64583333333337,-219.64583333333337,1950.0,-922.7083333333334,-884.0625
1529,2012.6166666666663,301.0,-496.8458333333334,475.0,-597.4766666666667,180.0,6.308333333333167,6.308333333333167,1950.0,-899.6666666666666,-849.5
1530,1682.8000000000002,270.6666666666667,-579.3,475.0,-663.4399999999999,180.0,-158.5999999999999,-158.5999999999999,1950.0,-909.7777777777778,-864.6666666666666
1531,1562.6916666666666,241.79166666666669,-609.3270833333333,475.0,-687.4616666666667,180.0,-218.6541666666667,-218.6541666666667,1950.0,-919.4027777777778,-879.1041666666666
1532,2386.3,339.5,-403.42499999999995,475.0,-522.74,180.0,193.1500000000001,193.1500000000001,1950.0,-886.8333333333334,-830.25
1533,1637.4166666666667,239.16666666666669,-590.6458333333333,475.0,-672.5166666666667,180.0,-181.29166666666663,-181.29166666666663,1950.0,-920.2777777777778,-880.4166666666666
1534,1540.4083333333333,265.125,-614.8979166666667,475.0,-691.9183333333333,180.0,-229.79583333333335,-229.79583333333335,1950.0,-911.625,-867.4375
1535,1336.475,237.70833333333331,-665.88125,475.0,-732.705,180.0,-331.76250000000005,-331.76250000000005,1950.0,-920.7638888888889,-881.1458333333334
1536,2014.425,314.7083333333333,-496.39375,475.0,-597.115,180.0,7.212499999999977,7.212499999999977,1950.0,-895.0972222222222,-842.6458333333334
1537,1795.675,254.625,-551.08125,475.0,-640.865,180.0,-102.16250000000002,-102.16250000000002,1950.0,-915.125,-872.6875
1538,2132.2,291.6666666666667,-466.95000000000005,475.0,-573.5600000000001,180.0,66.09999999999991,66.09999999999991,1950.0,-902.7777777777778,-854.1666666666666
1539,2136.4,309.75,-465.9,475.0,-572.72,180.0,68.20000000000005,68.20000000000005,1950.0,-896.75,-845.125
1540,1940.75,254.91666666666669,-514.8125,475.0,-611.85,180.0,-29.625,-29.625,1950.0,-915.0277777777778,-872.5416666666666
1541,1947.2833333333333,315.0,-513.1791666666667,475.0,-610.5433333333333,180.0,-26.35833333333335,-26.35833333333335,1950.0,-895.0,-842.5
1542,1827.2916666666667,310.0416666666667,-543.1770833333333,475.0,-634.5416666666666,180.0,-86.35416666666663,-86.35416666666663,1950.0,-896.6527777777778,-844.9791666666666
1543,1901.6083333333331,243.54166666666663,-524.5979166666667,475.0,-619.6783333333334,180.0,-49.19583333333344,-49.19583333333344,1950.0,-918.8194444444445,-878.2291666666667
1544,1730.1666666666667,242.66666666666663,-567.4583333333333,475.0,-653.9666666666667,180.0,-134.91666666666663,-134.91666666666663,1950.0,-919.1111111111111,-878.6666666666667
1545,2552.608333333333,329.2916666666667,-361.8479166666667,475.0,-489.47833333333335,180.0,276.30416666666656,276.30416666666656,1950.0,-890.2361111111111,-835.3541666666666
1546,2006.1416666666669,292.5416666666667,-498.4645833333333,475.0,-598.7716666666666,180.0,3.0708333333334394,3.0708333333334394,1950.0,-902.4861111111111,-853.7291666666666
1547,1380.6916666666666,287.875,-654.8270833333333,475.0,-723.8616666666667,180.0,-309.6541666666667,-309.6541666666667,1950.0,-904.0416666666666,-856.0625
1548,1516.1416666666669,228.95833333333331,-620.9645833333333,475.0,-696.7716666666666,180.0,-241.92916666666656,-241.92916666666656,1950.0,-923.6805555555555,-885.5208333333334
1549,2216.258333333333,308.2916666666667,-445.9354166666667,475.0,-556.7483333333333,180.0,108.1291666666666,108.1291666666666,1950.0,-897.2361111111111,-845.8541666666666
1550,2338.3500000000004,317.3333333333333,-415.4124999999999,475.0,-532.3299999999999,180.0,169.17500000000018,169.17500000000018,1950.0,-894.2222222222222,-841.3333333333334
1551,1444.3916666666669,206.79166666666663,-638.9020833333333,475.0,-711.1216666666667,180.0,-277.80416666666656,-277.80416666666656,1950.0,-931.0694444444445,-896.6041666666667
1552,2084.25,299.25,-478.9375,475.0,-583.15,180.0,42.125,42.125,1950.0,-900.25,-850.375
1553,1895.8916666666669,231.875,-526.0270833333333,475.0,-620.8216666666666,180.0,-52.05416666666656,-52.05416666666656,1950.0,-922.7083333333334,-884.0625
1554,1514.1,246.75,-621.475,475.0,-697.1800000000001,180.0,-242.95000000000005,-242.95000000000005,1950.0,-917.75,-876.625
1555,2322.1916666666666,277.375,-419.45208333333335,475.0,-535.5616666666667,180.0,161.0958333333333,161.0958333333333,1950.0,-907.5416666666666,-861.3125
1556,1317.5750000000005,191.04166666666663,-670.6062499999998,475.0,-736.4849999999999,180.0,-341.21249999999975,-341.21249999999975,1950.0,-936.3194444444445,-904.4791666666667
1557,1848.9333333333332,294.0,-537.7666666666667,475.0,-630.2133333333334,180.0,-75.53333333333342,-75.53333333333342,1950.0,-902.0,-853.0
1558,1959.4166666666663,273.58333333333337,-510.1458333333334,475.0,-608.1166666666668,180.0,-20.291666666666856,-20.291666666666856,1950.0,-908.8055555555555,-863.2083333333333
1559,1959.475,285.54166666666663,-510.13125,475.0,-608.105,180.0,-20.262500000000045,-20.262500000000045,1950.0,-904.8194444444445,-857.2291666666667
1560,1695.8666666666668,291.6666666666667,-576.0333333333333,475.0,-660.8266666666666,180.0,-152.0666666666666,-152.0666666666666,1950.0,-902.7777777777778,-854.1666666666666
1561,2217.075,287.2916666666667,-445.73125000000005,475.0,-556.585,180.0,108.53749999999991,108.53749999999991,1950.0,-904.2361111111111,-856.3541666666666
1562,1654.5083333333334,331.625,-586.3729166666667,475.0,-669.0983333333334,180.0,-172.74583333333328,-172.74583333333328,1950.0,-889.4583333333334,-834.1875
1563,1996.4,268.9166666666667,-500.9,475.0,-600.72,180.0,-1.7999999999999545,-1.7999999999999545,1950.0,-910.3611111111111,-865.5416666666666
1564,1243.3166666666666,229.83333333333331,-689.1708333333333,475.0,-751.3366666666667,180.0,-378.3416666666667,-378.3416666666667,1950.0,-923.3888888888889,-885.0833333333334
1565,2040.3833333333337,251.41666666666663,-489.9041666666666,475.0,-591.9233333333333,180.0,20.191666666666833,20.191666666666833,1950.0,-916.1944444444445,-874.2916666666667
1566,2059.4,252.58333333333331,-485.15,475.0,-588.12,180.0,29.700000000000045,29.700000000000045,1950.0,-915.8055555555555,-873.7083333333334
1567,2221.0416666666665,287.2916666666667,-444.73958333333337,475.0,-555.7916666666667,180.0,110.52083333333326,110.52083333333326,1950.0,-904.2361111111111,-856.3541666666666
1568,1949.3833333333328,289.33333333333337,-512.6541666666668,475.0,-610.1233333333334,180.0,-25.30833333333362,-25.30833333333362,1950.0,-903.5555555555555,-855.3333333333333
1569,1558.9583333333333,230.125,-610.2604166666667,475.0,-688.2083333333334,180.0,-220.52083333333337,-220.52083333333337,1950.0,-923.2916666666666,-884.9375
1570,2314.7833333333333,275.9166666666667,-421.3041666666667,475.0,-537.0433333333333,180.0,157.39166666666665,157.39166666666665,1950.0,-908.0277777777778,-862.0416666666666
1571,1866.7833333333333,234.5,-533.3041666666667,475.0,-626.6433333333333,180.0,-66.60833333333335,-66.60833333333335,1950.0,-921.8333333333334,-882.75
1572,2080.925,282.0416666666667,-479.76874999999995,475.0,-583.8149999999999,180.0,40.46250000000009,40.46250000000009,1950.0,-905.9861111111111,-858.9791666666666
1573,2072.116666666667,301.0,-481.9708333333333,475.0,-585.5766666666666,180.0,36.058333333333394,36.058333333333394,1950.0,-899.6666666666666,-849.5
1574,1596.2333333333331,235.66666666666663,-600.9416666666667,475.0,-680.7533333333333,180.0,-201.88333333333344,-201.88333333333344,1950.0,-921.4444444444445,-882.1666666666667
1575,1826.65,257.83333333333337,-543.3375,475.0,-634.67,180.0,-86.67499999999995,-86.67499999999995,1950.0,-914.0555555555555,-871.0833333333333
1576,1994.9416666666664,267.4583333333333,-501.2645833333334,475.0,-601.0116666666668,180.0,-2.5291666666668107,-2.5291666666668107,1950.0,-910.8472222222222,-866.2708333333334
1577,1723.75,236.25,-569.0625,475.0,-655.25,180.0,-138.125,-138.125,1950.0,-921.25,-881.875
1578,1768.2,264.8333333333333,-557.95,475.0,-646.36,180.0,-115.89999999999998,-115.89999999999998,1950.0,-911.7222222222222,-867.5833333333334
1579,1542.7416666666668,217.875,-614.3145833333333,475.0,-691.4516666666666,180.0,-228.6291666666666,-228.6291666666666,1950.0,-927.375,-891.0625
1580,2519.1833333333334,319.66666666666663,-370.20416666666665,475.0,-496.1633333333333,180.0,259.5916666666667,259.5916666666667,1950.0,-893.4444444444445,-840.1666666666667
1581,2008.3583333333331,251.125,-497.9104166666667,475.0,-598.3283333333334,180.0,4.179166666666561,4.179166666666561,1950.0,-916.2916666666666,-874.4375
1582,2249.508333333333,341.5416666666667,-437.6229166666667,475.0,-550.0983333333334,180.0,124.7541666666666,124.7541666666666,1950.0,-886.1527777777778,-829.2291666666666
1583,1329.2999999999995,224.58333333333331,-667.6750000000002,475.0,-734.1400000000001,180.0,-335.35000000000025,-335.35000000000025,1950.0,-925.1388888888889,-887.7083333333334
1584,1676.5000000000002,228.66666666666669,-580.875,475.0,-664.6999999999999,180.0,-161.7499999999999,-161.7499999999999,1950.0,-923.7777777777778,-885.6666666666666
1585,1857.5083333333328,227.20833333333331,-535.6229166666668,475.0,-628.4983333333334,180.0,-71.24583333333362,-71.24583333333362,1950.0,-924.2638888888889,-886.3958333333334
1586,1909.483333333333,261.3333333333333,-522.6291666666668,475.0,-618.1033333333335,180.0,-45.25833333333355,-45.25833333333355,1950.0,-912.8888888888889,-869.3333333333334
1587,1181.5416666666667,160.125,-704.6145833333333,475.0,-763.6916666666666,180.0,-409.22916666666663,-409.22916666666663,1950.0,-946.625,-919.9375
1588,1707.125,259.29166666666663,-573.21875,475.0,-658.575,180.0,-146.4375,-146.4375,1950.0,-913.5694444444445,-870.3541666666667
1589,1125.7166666666665,199.5,-718.5708333333334,475.0,-774.8566666666667,180.0,-437.14166666666677,-437.14166666666677,1950.0,-933.5,-900.25
1590,2163.875,269.79166666666663,-459.03125,475.0,-567.225,180.0,81.9375,81.9375,1950.0,-910.0694444444445,-865.1041666666667
1591,2048.025,270.95833333333337,-487.99375,475.0,-590.395,180.0,24.012500000000045,24.012500000000045,1950.0,-909.6805555555555,-864.5208333333333
1592,1943.025,324.625,-514.24375,475.0,-611.395,180.0,-28.487499999999955,-28.487499999999955,1950.0,-891.7916666666666,-837.6875
1593,1984.4416666666664,306.54166666666663,-503.8895833333334,475.0,-603.1116666666667,180.0,-7.779166666666811,-7.779166666666811,1950.0,-897.8194444444445,-846.7291666666667
1594,1656.4333333333332,250.25,-585.8916666666667,475.0,-668.7133333333334,180.0,-171.78333333333342,-171.78333333333342,1950.0,-916.5833333333334,-874.875
1595,1590.1666666666663,271.25,-602.4583333333335,475.0,-681.9666666666667,180.0,-204.91666666666686,-204.91666666666686,1950.0,-909.5833333333334,-864.375
1596,1548.925,245.875,-612.76875,475.0,-690.215,180.0,-225.53750000000002,-225.53750000000002,1950.0,-918.0416666666666,-877.0625
1597,1634.0916666666667,281.45833333333337,-591.4770833333333,475.0,-673.1816666666666,180.0,-182.95416666666665,-182.95416666666665,1950.0,-906.1805555555555,-859.2708333333333
1598,1879.7916666666667,233.625,-530.0520833333333,475.0,-624.0416666666666,180.0,-60.10416666666663,-60.10416666666663,1950.0,-922.125,-883.1875
1599,2104.958333333333,300.125,-473.76041666666674,475.0,-579.0083333333334,180.0,52.479166666666515,52.479166666666515,1950.0,-899.9583333333334,-849.9375
1600,1467.6083333333331,206.20833333333331,-633.0979166666667,475.0,-706.4783333333334,180.0,-266.19583333333344,-266.19583333333344,1950.0,-931.2638888888889,-896.8958333333334
1601,1396.3833333333332,242.08333333333331,-650.9041666666667,475.0,-720.7233333333334,180.0,-301.8083333333334,-301.8083333333334,1950.0,-919.3055555555555,-878.9583333333334
1602,1913.5666666666664,245.58333333333331,-521.6083333333333,475.0,-617.2866666666667,180.0,-43.21666666666681,-43.21666666666681,1950.0,-918.1388888888889,-877.2083333333334
1603,1696.6833333333332,260.75,-575.8291666666667,475.0,-660.6633333333334,180.0,-151.65833333333342,-151.65833333333342,1950.0,-913.0833333333334,-869.625
1604,1865.9083333333333,312.95833333333337,-533.5229166666667,475.0,-626.8183333333334,180.0,-67.04583333333335,-67.04583333333335,1950.0,-895.6805555555555,-843.5208333333333
1605,2239.5916666666667,341.5416666666667,-440.1020833333333,475.0,-552.0816666666667,180.0,119.79583333333335,119.79583333333335,1950.0,-886.1527777777778,-829.2291666666666
1606,1400.7583333333332,216.70833333333331,-649.8104166666667,475.0,-719.8483333333334,180.0,-299.6208333333334,-299.6208333333334,1950.0,-927.7638888888889,-891.6458333333334
1607,1609.0666666666666,248.5,-597.7333333333333,475.0,-678.1866666666667,180.0,-195.4666666666667,-195.4666666666667,1950.0,-917.1666666666666,-875.75
1608,1190.1750000000002,224.29166666666663,-702.45625,475.0,-761.9649999999999,180.0,-404.9124999999999,-404.9124999999999,1950.0,-925.2361111111111,-887.8541666666667
1609,2087.866666666667,316.75,-478.0333333333333,475.0,-582.4266666666666,180.0,43.933333333333394,43.933333333333394,1950.0,-894.4166666666666,-841.625
1610,1797.075,273.875,-550.73125,475.0,-640.585,180.0,-101.46249999999998,-101.46249999999998,1950.0,-908.7083333333334,-863.0625
1611,2159.7916666666665,305.375,-460.05208333333337,475.0,-568.0416666666667,180.0,79.89583333333326,79.89583333333326,1950.0,-898.2083333333334,-847.3125
1612,1492.9833333333331,231.58333333333331,-626.7541666666667,475.0,-701.4033333333334,180.0,-253.50833333333344,-253.50833333333344,1950.0,-922.8055555555555,-884.2083333333334
1613,1824.55,283.5,-543.8625,475.0,-635.09,180.0,-87.72500000000002,-87.72500000000002,1950.0,-905.5,-858.25
1614,1586.4916666666668,212.04166666666663,-603.3770833333333,475.0,-682.7016666666666,180.0,-206.7541666666666,-206.7541666666666,1950.0,-929.3194444444445,-893.9791666666667
1615,1433.4833333333331,261.3333333333333,-641.6291666666667,475.0,-713.3033333333334,180.0,-283.25833333333344,-283.25833333333344,1950.0,-912.8888888888889,-869.3333333333334
1616,1705.6666666666667,247.91666666666663,-573.5833333333333,475.0,-658.8666666666667,180.0,-147.16666666666663,-147.16666666666663,1950.0,-917.3611111111111,-876.0416666666667
1617,2407.4166666666665,324.91666666666663,-398.14583333333337,475.0,-518.5166666666667,180.0,203.70833333333326,203.70833333333326,1950.0,-891.6944444444445,-837.5416666666667
1618,1709.6333333333332,287.5833333333333,-572.5916666666667,475.0,-658.0733333333334,180.0,-145.1833333333334,-145.1833333333334,1950.0,-904.1388888888889,-856.2083333333334
1619,1799.2916666666667,282.0416666666667,-550.1770833333333,475.0,-640.1416666666667,180.0,-100.35416666666663,-100.35416666666663,1950.0,-905.9861111111111,-858.9791666666666
1620,2093.233333333333,345.91666666666663,-476.6916666666667,475.0,-581.3533333333334,180.0,46.61666666666656,46.61666666666656,1950.0,-884.6944444444445,-827.0416666666667
1621,1348.2583333333334,213.79166666666663,-662.9354166666667,475.0,-730.3483333333334,180.0,-325.8708333333333,-325.8708333333333,1950.0,-928.7361111111111,-893.1041666666667
1622,2035.7166666666667,286.4166666666667,-491.0708333333333,475.0,-592.8566666666667,180.0,17.85833333333335,17.85833333333335,1950.0,-904.5277777777778,-856.7916666666666
1623,1092.7583333333334,196.29166666666663,-726.8104166666667,475.0,-781.4483333333333,180.0,-453.6208333333333,-453.6208333333333,1950.0,-934.5694444444445,-901.8541666666667
1624,1073.2166666666667,176.75,-731.6958333333333,475.0,-785.3566666666667,180.0,-463.39166666666665,-463.39166666666665,1950.0,-941.0833333333334,-911.625
1625,1961.6916666666664,283.7916666666667,-509.5770833333334,475.0,-607.6616666666667,180.0,-19.15416666666681,-19.15416666666681,1950.0,-905.4027777777778,-858.1041666666666
1626,1807.108333333333,228.375,-548.2229166666668,475.0,-638.5783333333334,180.0,-96.44583333333355,-96.44583333333355,1950.0,-923.875,-885.8125
1627,1836.8583333333331,297.7916666666667,-540.7854166666667,475.0,-632.6283333333333,180.0,-81.57083333333344,-81.57083333333344,1950.0,-900.7361111111111,-851.1041666666666
1628,2208.325,308.2916666666667,-447.91875000000005,475.0,-558.335,180.0,104.16249999999991,104.16249999999991,1950.0,-897.2361111111111,-845.8541666666666
1629,1833.8833333333328,273.0,-541.5291666666668,475.0,-633.2233333333335,180.0,-83.05833333333362,-83.05833333333362,1950.0,-909.0,-863.5
1630,2248.3416666666667,300.7083333333333,-437.9145833333333,475.0,-550.3316666666667,180.0,124.17083333333335,124.17083333333335,1950.0,-899.7638888888889,-849.6458333333334
1631,1973.9416666666664,305.9583333333333,-506.5145833333334,475.0,-605.2116666666667,180.0,-13.02916666666681,-13.02916666666681,1950.0,-898.0138888888889,-847.0208333333334
1632,1874.95,272.41666666666663,-531.2625,475.0,-625.01,180.0,-62.52499999999998,-62.52499999999998,1950.0,-909.1944444444445,-863.7916666666667
1633,1546.3583333333331,225.4583333333333,-613.4104166666667,475.0,-690.7283333333334,180.0,-226.82083333333344,-226.82083333333344,1950.0,-924.8472222222223,-887.2708333333334
1634,1606.4416666666666,265.70833333333337,-598.3895833333333,475.0,-678.7116666666667,180.0,-196.7791666666667,-196.7791666666667,1950.0,-911.4305555555555,-867.1458333333333
1635,1631.35,235.08333333333331,-592.1625,475.0,-673.73,180.0,-184.32500000000005,-184.32500000000005,1950.0,-921.6388888888889,-882.4583333333334
1636,2420.075,282.0416666666667,-394.98125000000005,475.0,-515.985,180.0,210.0374999999999,210.0374999999999,1950.0,-905.9861111111111,-858.9791666666666
1637,1888.5416666666667,242.375,-527.8645833333333,475.0,-622.2916666666666,180.0,-55.72916666666663,-55.72916666666663,1950.0,-919.2083333333334,-878.8125
1638,1741.4833333333331,311.5,-564.6291666666667,475.0,-651.7033333333334,180.0,-129.25833333333344,-129.25833333333344,1950.0,-896.1666666666666,-844.25
1639,1941.3916666666669,297.20833333333337,-514.6520833333333,475.0,-611.7216666666666,180.0,-29.30416666666656,-29.30416666666656,1950.0,-900.9305555555555,-851.3958333333333
1640,2242.625,338.625,-439.34375,475.0,-551.475,180.0,121.3125,121.3125,1950.0,-887.125,-830.6875
1641,1693.0666666666666,282.91666666666663,-576.7333333333333,475.0,-661.3866666666667,180.0,-153.4666666666667,-153.4666666666667,1950.0,-905.6944444444445,-858.5416666666667
1642,1270.3833333333334,195.41666666666663,-682.4041666666667,475.0,-745.9233333333333,180.0,-364.8083333333333,-364.8083333333333,1950.0,-934.8611111111111,-902.2916666666667
1643,1792.9916666666668,339.20833333333337,-551.7520833333333,475.0,-641.4016666666666,180.0,-103.5041666666666,-103.5041666666666,1950.0,-886.9305555555555,-830.3958333333333
1644,2082.383333333333,303.3333333333333,-479.4041666666667,475.0,-583.5233333333333,180.0,41.191666666666606,41.191666666666606,1950.0,-898.8888888888889,-848.3333333333334
1645,1722.0583333333332,286.125,-569.4854166666667,475.0,-655.5883333333334,180.0,-138.97083333333342,-138.97083333333342,1950.0,-904.625,-856.9375
1646,1293.8916666666664,244.70833333333331,-676.5270833333334,475.0,-741.2216666666667,180.0,-353.0541666666668,-353.0541666666668,1950.0,-918.4305555555555,-877.6458333333334
1647,1770.2416666666668,306.54166666666663,-557.4395833333333,475.0,-645.9516666666666,180.0,-114.8791666666666,-114.8791666666666,1950.0,-897.8194444444445,-846.7291666666667
1648,2117.0916666666667,278.5416666666667,-470.7270833333333,475.0,-576.5816666666667,180.0,58.54583333333335,58.54583333333335,1950.0,-907.1527777777778,-860.7291666666666
1649,1697.85,331.33333333333337,-575.5375,475.0,-660.4300000000001,180.0,-151.07500000000005,-151.07500000000005,1950.0,-889.5555555555555,-834.3333333333333
1650,1915.8416666666665,275.625,-521.0395833333334,475.0,-616.8316666666667,180.0,-42.079166666666765,-42.079166666666765,1950.0,-908.125,-862.1875
1651,2183.0666666666666,306.8333333333333,-454.23333333333335,475.0,-563.3866666666667,180.0,91.5333333333333,91.5333333333333,1950.0,-897.7222222222222,-846.5833333333334
1652,1828.575,315.2916666666667,-542.85625,475.0,-634.285,180.0,-85.71249999999998,-85.71249999999998,1950.0,-894.9027777777778,-842.3541666666666
1653,1560.5916666666667,257.5416666666667,-609.8520833333333,475.0,-687.8816666666667,180.0,-219.70416666666665,-219.70416666666665,1950.0,-914.1527777777778,-871.2291666666666
1654,1584.45,269.5,-603.8875,475.0,-683.11,180.0,-207.77499999999998,-207.77499999999998,1950.0,-910.1666666666666,-865.25
1655,1804.1916666666664,255.20833333333331,-548.9520833333333,475.0,-639.1616666666667,180.0,-97.90416666666681,-97.90416666666681,1950.0,-914.9305555555555,-872.3958333333334
1656,1872.9083333333333,310.0416666666667,-531.7729166666667,475.0,-625.4183333333333,180.0,-63.54583333333335,-63.54583333333335,1950.0,-896.6527777777778,-844.9791666666666
1657,1799.4083333333335,315.875,-550.1479166666666,475.0,-640.1183333333333,180.0,-100.29583333333323,-100.29583333333323,1950.0,-894.7083333333334,-842.0625
1658,2121.116666666667,270.6666666666667,-469.7208333333333,475.0,-575.7766666666666,180.0,60.558333333333394,60.558333333333394,1950.0,-909.7777777777778,-864.6666666666666
1659,1795.9083333333333,282.625,-551.0229166666667,475.0,-640.8183333333334,180.0,-102.04583333333335,-102.04583333333335,1950.0,-905.7916666666666,-858.6875
1660,1495.025,223.70833333333331,-626.24375,475.0,-700.995,180.0,-252.48749999999995,-252.48749999999995,1950.0,-925.4305555555555,-888.1458333333334
1661,1315.475,216.70833333333331,-671.13125,475.0,-736.905,180.0,-342.26250000000005,-342.26250000000005,1950.0,-927.7638888888889,-891.6458333333334
1662,1633.5666666666666,243.25,-591.6083333333333,475.0,-673.2866666666666,180.0,-183.2166666666667,-183.2166666666667,1950.0,-918.9166666666666,-878.375
1663,1867.3083333333327,272.7083333333333,-533.1729166666669,475.0,-626.5383333333334,180.0,-66.34583333333364,-66.34583333333364,1950.0,-909.0972222222222,-863.6458333333334
1664,2000.8333333333333,315.0,-499.7916666666667,475.0,-599.8333333333334,180.0,0.41666666666662877,0.41666666666662877,1950.0,-895.0,-842.5
1665,1722.35,256.66666666666663,-569.4125,475.0,-655.53,180.0,-138.82500000000005,-138.82500000000005,1950.0,-914.4444444444445,-871.6666666666667
1666,1890.0,303.3333333333333,-527.5,475.0,-622.0,180.0,-55.0,-55.0,1950.0,-898.8888888888889,-848.3333333333334
1667,1840.825,277.9583333333333,-539.79375,475.0,-631.835,180.0,-79.58749999999998,-79.58749999999998,1950.0,-907.3472222222222,-861.0208333333334
1668,1919.8666666666663,287.5833333333333,-520.0333333333334,475.0,-616.0266666666668,180.0,-40.06666666666683,-40.06666666666683,1950.0,-904.1388888888889,-856.2083333333334
1669,1657.425,255.20833333333331,-585.64375,475.0,-668.515,180.0,-171.28750000000002,-171.28750000000002,1950.0,-914.9305555555555,-872.3958333333334
1670,1831.8416666666667,231.29166666666669,-542.0395833333333,475.0,-633.6316666666667,180.0,-84.07916666666665,-84.07916666666665,1950.0,-922.9027777777778,-884.3541666666666
1671,1674.225,277.9583333333333,-581.44375,475.0,-665.155,180.0,-162.88750000000005,-162.88750000000005,1950.0,-907.3472222222222,-861.0208333333334
1672,2281.125,327.54166666666663,-429.71875,475.0,-543.775,180.0,140.5625,140.5625,1950.0,-890.8194444444445,-836.2291666666667
1673,2195.783333333333,325.5,-451.0541666666668,475.0,-560.8433333333335,180.0,97.89166666666642,97.89166666666642,1950.0,-891.5,-837.25
1674,1467.6666666666667,267.75,-633.0833333333333,475.0,-706.4666666666667,180.0,-266.16666666666663,-266.16666666666663,1950.0,-910.75,-866.125
1675,1982.8083333333327,269.2083333333333,-504.2979166666668,475.0,-603.4383333333335,180.0,-8.595833333333644,-8.595833333333644,1950.0,-910.2638888888889,-865.3958333333334
1676,2053.5666666666666,306.25,-486.60833333333335,475.0,-589.2866666666666,180.0,26.783333333333303,26.783333333333303,1950.0,-897.9166666666666,-846.875
1677,1729.4666666666667,218.16666666666669,-567.6333333333333,475.0,-654.1066666666667,180.0,-135.26666666666665,-135.26666666666665,1950.0,-927.2777777777778,-890.9166666666666
1678,1558.9583333333333,279.7083333333333,-610.2604166666667,475.0,-688.2083333333334,180.0,-220.52083333333337,-220.52083333333337,1950.0,-906.7638888888889,-860.1458333333334
1679,1679.9416666666666,259.875,-580.0145833333333,475.0,-664.0116666666667,180.0,-160.0291666666667,-160.0291666666667,1950.0,-913.375,-870.0625
1680,2184.641666666667,302.45833333333337,-453.8395833333333,475.0,-563.0716666666666,180.0,92.32083333333344,92.32083333333344,1950.0,-899.1805555555555,-848.7708333333333
1681,1493.2166666666667,279.4166666666667,-626.6958333333333,475.0,-701.3566666666667,180.0,-253.39166666666665,-253.39166666666665,1950.0,-906.8611111111111,-860.2916666666666
1682,1604.4583333333337,226.04166666666669,-598.8854166666665,475.0,-679.1083333333332,180.0,-197.77083333333314,-197.77083333333314,1950.0,-924.6527777777778,-886.9791666666666
1683,1699.3666666666668,265.4166666666667,-575.1583333333333,475.0,-660.1266666666667,180.0,-150.3166666666666,-150.3166666666666,1950.0,-911.5277777777778,-867.2916666666666
1684,1691.725,295.4583333333333,-577.06875,475.0,-661.655,180.0,-154.13750000000005,-154.13750000000005,1950.0,-901.5138888888889,-852.2708333333334
1685,1882.0083333333328,241.79166666666669,-529.4979166666668,475.0,-623.5983333333335,180.0,-58.99583333333362,-58.99583333333362,1950.0,-919.4027777777778,-879.1041666666666
1686,1642.9583333333337,284.375,-589.2604166666665,475.0,-671.4083333333333,180.0,-178.52083333333314,-178.52083333333314,1950.0,-905.2083333333334,-857.8125
1687,2060.3916666666664,277.375,-484.9020833333334,475.0,-587.9216666666667,180.0,30.195833333333212,30.195833333333212,1950.0,-907.5416666666666,-861.3125
1688,1901.725,346.7916666666667,-524.56875,475.0,-619.655,180.0,-49.137500000000045,-49.137500000000045,1950.0,-884.4027777777778,-826.6041666666666
1689,1924.8833333333328,314.41666666666663,-518.7791666666668,475.0,-615.0233333333334,180.0,-37.55833333333362,-37.55833333333362,1950.0,-895.1944444444445,-842.7916666666667
1690,2057.825,276.7916666666667,-485.54375000000005,475.0,-588.4350000000001,180.0,28.91249999999991,28.91249999999991,1950.0,-907.7361111111111,-861.6041666666666
1691,1530.1416666666664,213.20833333333331,-617.4645833333334,475.0,-693.9716666666667,180.0,-234.9291666666668,-234.9291666666668,1950.0,-928.9305555555555,-893.3958333333334
1692,2431.1,281.1666666666667,-392.225,475.0,-513.78,180.0,215.54999999999995,215.54999999999995,1950.0,-906.2777777777778,-859.4166666666666
1693,2046.683333333333,283.5,-488.32916666666677,475.0,-590.6633333333334,180.0,23.34166666666647,23.34166666666647,1950.0,-905.5,-858.25
1694,1643.3083333333334,247.04166666666669,-589.1729166666667,475.0,-671.3383333333334,180.0,-178.3458333333333,-178.3458333333333,1950.0,-917.6527777777778,-876.4791666666666
1695,2225.3,327.25,-443.67499999999995,475.0,-554.9399999999999,180.0,112.65000000000009,112.65000000000009,1950.0,-890.9166666666666,-836.375
1696,1470.8750000000002,201.54166666666663,-632.28125,475.0,-705.8249999999999,180.0,-264.5624999999999,-264.5624999999999,1950.0,-932.8194444444445,-899.2291666666667
1697,1304.45,237.41666666666663,-673.8875,475.0,-739.11,180.0,-347.775,-347.775,1950.0,-920.8611111111111,-881.2916666666667
1698,1992.375,296.625,-501.90625,475.0,-601.525,180.0,-3.8125,-3.8125,1950.0,-901.125,-851.6875
1699,1772.6916666666666,303.0416666666667,-556.8270833333333,475.0,-645.4616666666667,180.0,-113.6541666666667,-113.6541666666667,1950.0,-898.9861111111111,-848.4791666666666
1700,2128.4083333333333,307.70833333333337,-467.8979166666667,475.0,-574.3183333333334,180.0,64.20416666666665,64.20416666666665,1950.0,-897.4305555555555,-846.1458333333333
1701,1999.7833333333333,248.5,-500.0541666666667,475.0,-600.0433333333333,180.0,-0.10833333333334849,-0.10833333333334849,1950.0,-917.1666666666666,-875.75
1702,1895.7166666666667,235.66666666666663,-526.0708333333333,475.0,-620.8566666666667,180.0,-52.14166666666665,-52.14166666666665,1950.0,-921.4444444444445,-882.1666666666667
1703,2278.208333333333,314.7083333333333,-430.44791666666674,475.0,-544.3583333333333,180.0,139.10416666666652,139.10416666666652,1950.0,-895.0972222222222,-842.6458333333334
1704,1619.975,253.45833333333331,-595.00625,475.0,-676.005,180.0,-190.01250000000005,-190.01250000000005,1950.0,-915.5138888888889,-873.2708333333334
1705,1627.5,209.41666666666663,-593.125,475.0,-674.5,180.0,-186.25,-186.25,1950.0,-930.1944444444445,-895.2916666666667
1706,1740.7249999999997,225.4583333333333,-564.8187500000001,475.0,-651.855,180.0,-129.63750000000016,-129.63750000000016,1950.0,-924.8472222222223,-887.2708333333334
1707,1823.0333333333333,339.5,-544.2416666666667,475.0,-635.3933333333333,180.0,-88.48333333333335,-88.48333333333335,1950.0,-886.8333333333334,-830.25
1708,2096.7916666666665,301.875,-475.80208333333337,475.0,-580.6416666666667,180.0,48.39583333333326,48.39583333333326,1950.0,-899.375,-849.0625
1709,1919.108333333333,300.7083333333333,-520.2229166666668,475.0,-616.1783333333334,180.0,-40.44583333333355,-40.44583333333355,1950.0,-899.7638888888889,-849.6458333333334
1710,1170.6333333333334,184.91666666666663,-707.3416666666667,475.0,-765.8733333333333,180.0,-414.6833333333333,-414.6833333333333,1950.0,-938.3611111111111,-907.5416666666667
1711,1572.55,299.25,-606.8625,475.0,-685.49,180.0,-213.72500000000002,-213.72500000000002,1950.0,-900.25,-850.375
1712,2306.15,301.0,-423.4625,475.0,-538.77,180.0,153.07500000000005,153.07500000000005,1950.0,-899.6666666666666,-849.5
1713,1965.3666666666668,293.41666666666663,-508.6583333333333,475.0,-606.9266666666666,180.0,-17.316666666666606,-17.316666666666606,1950.0,-902.1944444444445,-853.2916666666667
1714,2552.491666666667,335.125,-361.8770833333333,475.0,-489.50166666666667,180.0,276.2458333333334,276.2458333333334,1950.0,-888.2916666666666,-832.4375
1715,2149.875,305.375,-462.53125,475.0,-570.025,180.0,74.9375,74.9375,1950.0,-898.2083333333334,-847.3125
1716,1432.9583333333337,233.04166666666663,-641.7604166666665,475.0,-713.4083333333333,180.0,-283.52083333333314,-283.52083333333314,1950.0,-922.3194444444445,-883.4791666666667
1717,1437.625,227.79166666666663,-640.59375,475.0,-712.475,180.0,-281.1875,-281.1875,1950.0,-924.0694444444445,-886.1041666666667
1718,1890.1166666666668,238.0,-527.4708333333333,475.0,-621.9766666666667,180.0,-54.941666666666606,-54.941666666666606,1950.0,-920.6666666666666,-881.0
1719,1632.6916666666666,301.875,-591.8270833333333,475.0,-673.4616666666667,180.0,-183.6541666666667,-183.6541666666667,1950.0,-899.375,-849.0625
1720,1786.9833333333331,247.91666666666663,-553.2541666666667,475.0,-642.6033333333334,180.0,-106.50833333333344,-106.50833333333344,1950.0,-917.3611111111111,-876.0416666666667
1721,2292.0916666666667,304.7916666666667,-426.9770833333333,475.0,-541.5816666666667,180.0,146.04583333333335,146.04583333333335,1950.0,-898.4027777777778,-847.6041666666666
1722,1669.15,249.0833333333333,-582.7125,475.0,-666.17,180.0,-165.42499999999995,-165.42499999999995,1950.0,-916.9722222222223,-875.4583333333334
1723,1399.7083333333337,199.79166666666669,-650.0729166666665,475.0,-720.0583333333333,180.0,-300.14583333333314,-300.14583333333314,1950.0,-933.4027777777778,-900.1041666666666
1724,1786.05,225.16666666666663,-553.4875,475.0,-642.79,180.0,-106.97500000000002,-106.97500000000002,1950.0,-924.9444444444445,-887.4166666666667
1725,1986.0166666666664,272.41666666666663,-503.4958333333334,475.0,-602.7966666666667,180.0,-6.991666666666788,-6.991666666666788,1950.0,-909.1944444444445,-863.7916666666667
1726,2188.8416666666667,320.5416666666667,-452.7895833333333,475.0,-562.2316666666667,180.0,94.42083333333335,94.42083333333335,1950.0,-893.1527777777778,-839.7291666666666
1727,2004.5083333333332,304.7916666666667,-498.8729166666667,475.0,-599.0983333333334,180.0,2.254166666666606,2.254166666666606,1950.0,-898.4027777777778,-847.6041666666666
1728,1839.5416666666667,262.7916666666667,-540.1145833333333,475.0,-632.0916666666667,180.0,-80.22916666666663,-80.22916666666663,1950.0,-912.4027777777778,-868.6041666666666
1729,2132.083333333333,257.83333333333337,-466.97916666666674,475.0,-573.5833333333334,180.0,66.04166666666652,66.04166666666652,1950.0,-914.0555555555555,-871.0833333333333
1730,2223.7833333333333,303.91666666666663,-444.0541666666667,475.0,-555.2433333333333,180.0,111.89166666666665,111.89166666666665,1950.0,-898.6944444444445,-848.0416666666667
1731,1925.0,278.83333333333337,-518.75,475.0,-615.0,180.0,-37.5,-37.5,1950.0,-907.0555555555555,-860.5833333333333
1732,1657.0166666666669,290.5,-585.7458333333333,475.0,-668.5966666666666,180.0,-171.49166666666656,-171.49166666666656,1950.0,-903.1666666666666,-854.75
1733,2276.341666666667,308.875,-430.9145833333332,475.0,-544.7316666666666,180.0,138.17083333333358,138.17083333333358,1950.0,-897.0416666666666,-845.5625
1734,1532.0666666666666,250.83333333333331,-616.9833333333333,475.0,-693.5866666666667,180.0,-233.9666666666667,-233.9666666666667,1950.0,-916.3888888888889,-874.5833333333334
1735,2043.7083333333333,308.2916666666667,-489.0729166666667,475.0,-591.2583333333333,180.0,21.85416666666663,21.85416666666663,1950.0,-897.2361111111111,-845.8541666666666
1736,1930.3083333333327,335.7083333333333,-517.4229166666669,475.0,-613.9383333333335,180.0,-34.845833333333644,-34.845833333333644,1950.0,-888.0972222222222,-832.1458333333334
1737,1714.1833333333332,218.75,-571.4541666666667,475.0,-657.1633333333334,180.0,-142.90833333333342,-142.90833333333342,1950.0,-927.0833333333334,-890.625
1738,2194.208333333333,329.875,-451.44791666666674,475.0,-561.1583333333334,180.0,97.10416666666652,97.10416666666652,1950.0,-890.0416666666666,-835.0625
1739,1786.2833333333335,213.5,-553.4291666666666,475.0,-642.7433333333333,180.0,-106.85833333333323,-106.85833333333323,1950.0,-928.8333333333334,-893.25
1740,1437.6833333333332,229.83333333333331,-640.5791666666667,475.0,-712.4633333333334,180.0,-281.1583333333334,-281.1583333333334,1950.0,-923.3888888888889,-885.0833333333334
1741,1972.6,268.9166666666667,-506.85,475.0,-605.48,180.0,-13.700000000000045,-13.700000000000045,1950.0,-910.3611111111111,-865.5416666666666
1742,2005.2083333333333,289.625,-498.6979166666667,475.0,-598.9583333333334,180.0,2.6041666666666288,2.6041666666666288,1950.0,-903.4583333333334,-855.1875
1743,1767.4416666666666,248.20833333333331,-558.1395833333333,475.0,-646.5116666666667,180.0,-116.2791666666667,-116.2791666666667,1950.0,-917.2638888888889,-875.8958333333334
1744,1433.4833333333331,241.5,-641.6291666666667,475.0,-713.3033333333334,180.0,-283.25833333333344,-283.25833333333344,1950.0,-919.5,-879.25
1745,1666.9333333333332,231.0,-583.2666666666667,475.0,-666.6133333333333,180.0,-166.53333333333342,-166.53333333333342,1950.0,-923.0,-884.5
1746,1940.225,286.125,-514.94375,475.0,-611.955,180.0,-29.887500000000045,-29.887500000000045,1950.0,-904.625,-856.9375
1747,1793.8083333333334,318.20833333333337,-551.5479166666667,475.0,-641.2383333333333,180.0,-103.0958333333333,-103.0958333333333,1950.0,-893.9305555555555,-840.8958333333333
1748,2326.6833333333334,355.25,-418.32916666666665,475.0,-534.6633333333333,180.0,163.3416666666667,163.3416666666667,1950.0,-881.5833333333334,-822.375
1749,2135.0583333333334,312.375,-466.23541666666665,475.0,-572.9883333333333,180.0,67.5291666666667,67.5291666666667,1950.0,-895.875,-843.8125
1750,1732.2083333333337,284.375,-566.9479166666665,475.0,-653.5583333333333,180.0,-133.89583333333314,-133.89583333333314,1950.0,-905.2083333333334,-857.8125
1751,1835.2833333333333,252.58333333333331,-541.1791666666667,475.0,-632.9433333333334,180.0,-82.35833333333335,-82.35833333333335,1950.0,-915.8055555555555,-873.7083333333334
1752,2139.6083333333336,293.125,-465.0979166666666,475.0,-572.0783333333333,180.0,69.80416666666679,69.80416666666679,1950.0,-902.2916666666666,-853.4375
1753,1507.3916666666669,210.29166666666669,-623.1520833333333,475.0,-698.5216666666666,180.0,-246.30416666666656,-246.30416666666656,1950.0,-929.9027777777778,-894.8541666666666
1754,1725.0333333333335,251.41666666666663,-568.7416666666666,475.0,-654.9933333333333,180.0,-137.48333333333323,-137.48333333333323,1950.0,-916.1944444444445,-874.2916666666667
1755,1874.25,297.5,-531.4375,475.0,-625.15,180.0,-62.875,-62.875,1950.0,-900.8333333333334,-851.25
1756,1280.7666666666669,271.25,-679.8083333333333,475.0,-743.8466666666666,180.0,-359.61666666666656,-359.61666666666656,1950.0,-909.5833333333334,-864.375
1757,1579.725,292.5416666666667,-605.06875,475.0,-684.0550000000001,180.0,-210.13750000000005,-210.13750000000005,1950.0,-902.4861111111111,-853.7291666666666
1758,1401.4583333333333,191.625,-649.6354166666667,475.0,-719.7083333333334,180.0,-299.27083333333337,-299.27083333333337,1950.0,-936.125,-904.1875
1759,2005.5,270.0833333333333,-498.625,475.0,-598.9,180.0,2.75,2.75,1950.0,-909.9722222222222,-864.9583333333334
1760,2014.425,275.04166666666663,-496.39375,475.0,-597.115,180.0,7.212499999999977,7.212499999999977,1950.0,-908.3194444444445,-862.4791666666667
1761,1925.4083333333333,273.2916666666667,-518.6479166666667,475.0,-614.9183333333333,180.0,-37.29583333333335,-37.29583333333335,1950.0,-908.9027777777778,-863.3541666666666
1762,2073.458333333333,308.2916666666667,-481.63541666666674,475.0,-585.3083333333334,180.0,36.729166666666515,36.729166666666515,1950.0,-897.2361111111111,-845.8541666666666
1763,2126.95,286.4166666666667,-468.26250000000005,475.0,-574.61,180.0,63.47499999999991,63.47499999999991,1950.0,-904.5277777777778,-856.7916666666666
1764,2048.258333333333,318.7916666666667,-487.9354166666667,475.0,-590.3483333333334,180.0,24.129166666666606,24.129166666666606,1950.0,-893.7361111111111,-840.6041666666666
1765,1779.8666666666668,326.08333333333337,-555.0333333333333,475.0,-644.0266666666666,180.0,-110.0666666666666,-110.0666666666666,1950.0,-891.3055555555555,-836.9583333333333
1766,1843.8,263.08333333333337,-539.05,475.0,-631.24,180.0,-78.10000000000002,-78.10000000000002,1950.0,-912.3055555555555,-868.4583333333333
1767,1829.3916666666669,284.375,-542.6520833333333,475.0,-634.1216666666667,180.0,-85.30416666666656,-85.30416666666656,1950.0,-905.2083333333334,-857.8125
1768,1767.4999999999998,270.0833333333333,-558.125,475.0,-646.5,180.0,-116.25000000000011,-116.25000000000011,1950.0,-909.9722222222222,-864.9583333333334
1769,1628.025,277.375,-592.99375,475.0,-674.395,180.0,-185.98749999999995,-185.98749999999995,1950.0,-907.5416666666666,-861.3125
1770,2435.008333333333,318.7916666666667,-391.2479166666667,475.0,-512.9983333333333,180.0,217.5041666666666,217.5041666666666,1950.0,-893.7361111111111,-840.6041666666666
1771,2265.433333333333,274.1666666666667,-433.64166666666677,475.0,-546.9133333333334,180.0,132.71666666666647,132.71666666666647,1950.0,-908.6111111111111,-862.9166666666666
1772,1749.0083333333332,277.375,-562.7479166666667,475.0,-650.1983333333334,180.0,-125.4958333333334,-125.4958333333334,1950.0,-907.5416666666666,-861.3125
1773,1720.1333333333332,258.4166666666667,-569.9666666666667,475.0,-655.9733333333334,180.0,-139.9333333333334,-139.9333333333334,1950.0,-913.8611111111111,-870.7916666666666
1774,2024.05,284.6666666666667,-493.9875,475.0,-595.19,180.0,12.024999999999977,12.024999999999977,1950.0,-905.1111111111111,-857.6666666666666
1775,2007.775,359.625,-498.05625,475.0,-598.4449999999999,180.0,3.8875000000000455,3.8875000000000455,1950.0,-880.125,-820.1875
1776,1974.875,259.29166666666663,-506.28125,475.0,-605.025,180.0,-12.5625,-12.5625,1950.0,-913.5694444444445,-870.3541666666667
1777,1552.8916666666664,235.9583333333333,-611.7770833333334,475.0,-689.4216666666667,180.0,-223.5541666666668,-223.5541666666668,1950.0,-921.3472222222223,-882.0208333333334
1778,2020.8416666666667,321.125,-494.7895833333333,475.0,-595.8316666666667,180.0,10.420833333333348,10.420833333333348,1950.0,-892.9583333333334,-839.4375
1779,1782.3166666666666,253.16666666666663,-554.4208333333333,475.0,-643.5366666666666,180.0,-108.8416666666667,-108.8416666666667,1950.0,-915.6111111111111,-873.4166666666667
1780,1463.1166666666668,207.66666666666669,-634.2208333333333,475.0,-707.3766666666667,180.0,-268.4416666666666,-268.4416666666666,1950.0,-930.7777777777778,-896.1666666666666
1781,1648.0333333333333,283.5,-587.9916666666667,475.0,-670.3933333333333,180.0,-175.98333333333335,-175.98333333333335,1950.0,-905.5,-858.25
1782,2032.6833333333327,249.66666666666669,-491.8291666666668,475.0,-593.4633333333335,180.0,16.341666666666356,16.341666666666356,1950.0,-916.7777777777778,-875.1666666666666
1783,1259.65,285.8333333333333,-685.0875,475.0,-748.0699999999999,180.0,-370.17499999999995,-370.17499999999995,1950.0,-904.7222222222222,-857.0833333333334
1784,1973.358333333333,226.04166666666669,-506.6604166666668,475.0,-605.3283333333334,180.0,-13.320833333333553,-13.320833333333553,1950.0,-924.6527777777778,-886.9791666666666
1785,1625.4,274.75,-593.65,475.0,-674.92,180.0,-187.29999999999995,-187.29999999999995,1950.0,-908.4166666666666,-862.625
1786,1753.6166666666666,210.58333333333331,-561.5958333333333,475.0,-649.2766666666666,180.0,-123.19166666666672,-123.19166666666672,1950.0,-929.8055555555555,-894.7083333333334
1787,2035.8333333333333,330.16666666666663,-491.0416666666667,475.0,-592.8333333333334,180.0,17.91666666666663,17.91666666666663,1950.0,-889.9444444444445,-834.9166666666667
1788,1380.5166666666664,222.25,-654.8708333333334,475.0,-723.8966666666668,180.0,-309.7416666666668,-309.7416666666668,1950.0,-925.9166666666666,-888.875
1789,2108.575,307.70833333333337,-472.85625000000005,475.0,-578.2850000000001,180.0,54.28749999999991,54.28749999999991,1950.0,-897.4305555555555,-846.1458333333333
1790,1645.0,246.75,-588.75,475.0,-671.0,180.0,-177.5,-177.5,1950.0,-917.75,-876.625
1791,2112.075,281.45833333333337,-471.98125000000005,475.0,-577.585,180.0,56.03749999999991,56.03749999999991,1950.0,-906.1805555555555,-859.2708333333333
1792,2294.0166666666664,302.75,-426.4958333333334,475.0,-541.1966666666667,180.0,147.0083333333332,147.0083333333332,1950.0,-899.0833333333334,-848.625
1793,2539.0166666666664,349.4166666666667,-365.2458333333334,475.0,-492.1966666666667,180.0,269.5083333333332,269.5083333333332,1950.0,-883.5277777777778,-825.2916666666666
1794,1998.0916666666667,298.375,-500.4770833333333,475.0,-600.3816666666667,180.0,-0.9541666666666515,-0.9541666666666515,1950.0,-900.5416666666666,-850.8125
1795,1763.3583333333331,254.04166666666663,-559.1604166666667,475.0,-647.3283333333334,180.0,-118.32083333333344,-118.32083333333344,1950.0,-915.3194444444445,-872.9791666666667
1796,1606.325,192.20833333333331,-598.41875,475.0,-678.735,180.0,-196.83749999999998,-196.83749999999998,1950.0,-935.9305555555555,-903.8958333333334
1797,1996.2833333333333,284.6666666666667,-500.9291666666667,475.0,-600.7433333333333,180.0,-1.8583333333333485,-1.8583333333333485,1950.0,-905.1111111111111,-857.6666666666666
1798,1837.675,256.9583333333333,-540.58125,475.0,-632.465,180.0,-81.16250000000002,-81.16250000000002,1950.0,-914.3472222222222,-871.5208333333334
1799,2093.0,278.25,-476.75,475.0,-581.4,180.0,46.5,46.5,1950.0,-907.25,-860.875
1800,1739.9666666666665,208.83333333333331,-565.0083333333334,475.0,-652.0066666666667,180.0,-130.01666666666677,-130.01666666666677,1950.0,-930.3888888888889,-895.5833333333334
1801,1869.2916666666667,242.95833333333331,-532.6770833333333,475.0,-626.1416666666667,180.0,-65.35416666666663,-65.35416666666663,1950.0,-919.0138888888889,-878.5208333333334
1802,1825.95,273.0,-543.5125,475.0,-634.81,180.0,-87.02499999999998,-87.02499999999998,1950.0,-909.0,-863.5
1803,2449.883333333333,313.8333333333333,-387.5291666666667,475.0,-510.02333333333337,180.0,224.9416666666666,224.9416666666666,1950.0,-895.3888888888889,-843.0833333333334
1804,1881.075,357.875,-529.73125,475.0,-623.785,180.0,-59.46249999999998,-59.46249999999998,1950.0,-880.7083333333334,-821.0625
1805,1910.3,299.83333333333337,-522.425,475.0,-617.94,180.0,-44.85000000000002,-44.85000000000002,1950.0,-900.0555555555555,-850.0833333333333
1806,1676.6166666666668,242.66666666666663,-580.8458333333333,475.0,-664.6766666666666,180.0,-161.6916666666666,-161.6916666666666,1950.0,-919.1111111111111,-878.6666666666667
1807,1998.4416666666664,221.375,-500.3895833333334,475.0,-600.3116666666667,180.0,-0.7791666666668107,-0.7791666666668107,1950.0,-926.2083333333334,-889.3125
1808,1882.5333333333333,309.75,-529.3666666666667,475.0,-623.4933333333333,180.0,-58.73333333333335,-58.73333333333335,1950.0,-896.75,-845.125
1809,1910.5333333333333,308.0,-522.3666666666667,475.0,-617.8933333333333,180.0,-44.73333333333335,-44.73333333333335,1950.0,-897.3333333333334,-846.0
1810,2237.958333333333,304.2083333333333,-440.51041666666674,475.0,-552.4083333333334,180.0,118.97916666666652,118.97916666666652,1950.0,-898.5972222222222,-847.8958333333334
1811,1889.5916666666665,249.375,-527.6020833333334,475.0,-622.0816666666667,180.0,-55.204166666666765,-55.204166666666765,1950.0,-916.875,-875.3125
1812,1745.3333333333333,247.91666666666663,-563.6666666666667,475.0,-650.9333333333334,180.0,-127.33333333333337,-127.33333333333337,1950.0,-917.3611111111111,-876.0416666666667
1813,1894.8416666666667,333.95833333333337,-526.2895833333333,475.0,-621.0316666666666,180.0,-52.57916666666665,-52.57916666666665,1950.0,-888.6805555555555,-833.0208333333333
1814,2111.608333333333,314.7083333333333,-472.0979166666667,475.0,-577.6783333333334,180.0,55.80416666666656,55.80416666666656,1950.0,-895.0972222222222,-842.6458333333334
1815,2086.8166666666666,240.33333333333331,-478.29583333333335,475.0,-582.6366666666667,180.0,43.4083333333333,43.4083333333333,1950.0,-919.8888888888889,-879.8333333333334
1816,2220.458333333333,326.375,-444.88541666666674,475.0,-555.9083333333334,180.0,110.22916666666652,110.22916666666652,1950.0,-891.2083333333334,-836.8125
1817,1957.6666666666667,311.5,-510.5833333333333,475.0,-608.4666666666667,180.0,-21.16666666666663,-21.16666666666663,1950.0,-896.1666666666666,-844.25
1818,1511.2416666666668,216.125,-622.1895833333333,475.0,-697.7516666666667,180.0,-244.3791666666666,-244.3791666666666,1950.0,-927.9583333333334,-891.9375
1819,1907.5,281.1666666666667,-523.125,475.0,-618.5,180.0,-46.25,-46.25,1950.0,-906.2777777777778,-859.4166666666666
1820,1845.608333333333,286.70833333333337,-538.5979166666668,475.0,-630.8783333333334,180.0,-77.19583333333355,-77.19583333333355,1950.0,-904.4305555555555,-856.6458333333333
1821,2167.083333333333,292.8333333333333,-458.22916666666674,475.0,-566.5833333333334,180.0,83.54166666666652,83.54166666666652,1950.0,-902.3888888888889,-853.5833333333334
1822,1820.525,321.125,-544.86875,475.0,-635.895,180.0,-89.73749999999995,-89.73749999999995,1950.0,-892.9583333333334,-839.4375
1823,1978.025,329.875,-505.49375,475.0,-604.395,180.0,-10.987499999999955,-10.987499999999955,1950.0,-890.0416666666666,-835.0625
1824,1533.35,186.66666666666669,-616.6625,475.0,-693.33,180.0,-233.32500000000005,-233.32500000000005,1950.0,-937.7777777777778,-906.6666666666666
1825,2184.175,296.04166666666663,-453.95624999999995,475.0,-563.165,180.0,92.08750000000009,92.08750000000009,1950.0,-901.3194444444445,-851.9791666666667
1826,2318.8083333333334,307.70833333333337,-420.29791666666665,475.0,-536.2383333333333,180.0,159.4041666666667,159.4041666666667,1950.0,-897.4305555555555,-846.1458333333333
1827,1973.7666666666669,309.75,-506.5583333333333,475.0,-605.2466666666667,180.0,-13.11666666666656,-13.11666666666656,1950.0,-896.75,-845.125
1828,1739.7916666666663,262.2083333333333,-565.0520833333335,475.0,-652.0416666666667,180.0,-130.10416666666686,-130.10416666666686,1950.0,-912.5972222222222,-868.8958333333334
1829,1558.8416666666667,235.9583333333333,-610.2895833333333,475.0,-688.2316666666667,180.0,-220.57916666666665,-220.57916666666665,1950.0,-921.3472222222223,-882.0208333333334
1830,1780.625,293.125,-554.84375,475.0,-643.875,180.0,-109.6875,-109.6875,1950.0,-902.2916666666666,-853.4375
1831,1488.7833333333333,233.3333333333333,-627.8041666666667,475.0,-702.2433333333333,180.0,-255.60833333333335,-255.60833333333335,1950.0,-922.2222222222223,-883.3333333333334
1832,1728.1833333333332,322.0,-567.9541666666667,475.0,-654.3633333333333,180.0,-135.90833333333342,-135.90833333333342,1950.0,-892.6666666666666,-839.0
1833,1851.3833333333328,231.0,-537.1541666666668,475.0,-629.7233333333335,180.0,-74.30833333333362,-74.30833333333362,1950.0,-923.0,-884.5
1834,1849.925,269.2083333333333,-537.51875,475.0,-630.015,180.0,-75.03750000000002,-75.03750000000002,1950.0,-910.2638888888889,-865.3958333333334
1835,1929.4333333333327,245.58333333333331,-517.6416666666669,475.0,-614.1133333333335,180.0,-35.283333333333644,-35.283333333333644,1950.0,-918.1388888888889,-877.2083333333334
1836,1817.3166666666664,278.25,-545.6708333333333,475.0,-636.5366666666667,180.0,-91.34166666666681,-91.34166666666681,1950.0,-907.25,-860.875
1837,2175.366666666667,295.1666666666667,-456.1583333333333,475.0,-564.9266666666666,180.0,87.6833333333334,87.6833333333334,1950.0,-901.6111111111111,-852.4166666666666
1838,1655.4416666666666,265.125,-586.1395833333333,475.0,-668.9116666666666,180.0,-172.2791666666667,-172.2791666666667,1950.0,-911.625,-867.4375
1839,2308.075,289.0416666666667,-422.98125000000005,475.0,-538.385,180.0,154.0374999999999,154.0374999999999,1950.0,-903.6527777777778,-855.4791666666666
1840,1266.9416666666666,193.9583333333333,-683.2645833333333,475.0,-746.6116666666667,180.0,-366.5291666666667,-366.5291666666667,1950.0,-935.3472222222223,-903.0208333333334
1841,2397.325,338.625,-400.66875000000005,475.0,-520.5350000000001,180.0,198.6624999999999,198.6624999999999,1950.0,-887.125,-830.6875
1842,2203.775,327.54166666666663,-449.05625,475.0,-559.245,180.0,101.88750000000005,101.88750000000005,1950.0,-890.8194444444445,-836.2291666666667
1843,2060.275,233.625,-484.93125,475.0,-587.9449999999999,180.0,30.137500000000045,30.137500000000045,1950.0,-922.125,-883.1875
1844,2124.0333333333333,283.5,-468.9916666666667,475.0,-575.1933333333334,180.0,62.01666666666665,62.01666666666665,1950.0,-905.5,-858.25
1845,2057.7666666666664,254.91666666666669,-485.5583333333334,475.0,-588.4466666666667,180.0,28.883333333333212,28.883333333333212,1950.0,-915.0277777777778,-872.5416666666666
1846,1641.4416666666666,221.375,-589.6395833333333,475.0,-671.7116666666667,180.0,-179.2791666666667,-179.2791666666667,1950.0,-926.2083333333334,-889.3125
1847,1625.3416666666665,252.875,-593.6645833333334,475.0,-674.9316666666667,180.0,-187.32916666666677,-187.32916666666677,1950.0,-915.7083333333334,-873.5625
1848,1710.5666666666666,231.0,-572.3583333333333,475.0,-657.8866666666667,180.0,-144.7166666666667,-144.7166666666667,1950.0,-923.0,-884.5
1849,1455.65,263.6666666666667,-636.0875,475.0,-708.87,180.0,-272.17499999999995,-272.17499999999995,1950.0,-912.1111111111111,-868.1666666666666
1850,1774.5000000000002,237.41666666666663,-556.375,475.0,-645.0999999999999,180.0,-112.74999999999989,-112.74999999999989,1950.0,-920.8611111111111,-881.2916666666667
1851,1872.3833333333332,291.6666666666667,-531.9041666666667,475.0,-625.5233333333333,180.0,-63.808333333333394,-63.808333333333394,1950.0,-902.7777777777778,-854.1666666666666
1852,2045.983333333333,249.0833333333333,-488.5041666666668,475.0,-590.8033333333334,180.0,22.991666666666447,22.991666666666447,1950.0,-916.9722222222223,-875.4583333333334
1853,1750.1166666666668,286.4166666666667,-562.4708333333333,475.0,-649.9766666666667,180.0,-124.9416666666666,-124.9416666666666,1950.0,-904.5277777777778,-856.7916666666666
1854,1928.9083333333333,237.125,-517.7729166666667,475.0,-614.2183333333334,180.0,-35.54583333333335,-35.54583333333335,1950.0,-920.9583333333334,-881.4375
1855,1506.225,268.625,-623.44375,475.0,-698.755,180.0,-246.88750000000005,-246.88750000000005,1950.0,-910.4583333333334,-865.6875
1856,1731.3333333333333,233.91666666666669,-567.1666666666667,475.0,-653.7333333333333,180.0,-134.33333333333337,-134.33333333333337,1950.0,-922.0277777777778,-883.0416666666666
1857,1349.4249999999995,264.54166666666663,-662.6437500000002,475.0,-730.1150000000001,180.0,-325.28750000000025,-325.28750000000025,1950.0,-911.8194444444445,-867.7291666666667
1858,1813.6416666666669,238.875,-546.5895833333333,475.0,-637.2716666666666,180.0,-93.17916666666656,-93.17916666666656,1950.0,-920.375,-880.5625
1859,1332.45,225.75,-666.8875,475.0,-733.51,180.0,-333.775,-333.775,1950.0,-924.75,-887.125
1860,2306.325,346.7916666666667,-423.41875000000005,475.0,-538.735,180.0,153.1624999999999,153.1624999999999,1950.0,-884.4027777777778,-826.6041666666666
1861,2201.675,283.7916666666667,-449.58124999999995,475.0,-559.665,180.0,100.83750000000009,100.83750000000009,1950.0,-905.4027777777778,-858.1041666666666
1862,2237.083333333333,263.6666666666667,-440.72916666666674,475.0,-552.5833333333334,180.0,118.54166666666652,118.54166666666652,1950.0,-912.1111111111111,-868.1666666666666
1863,1695.6333333333332,303.3333333333333,-576.0916666666667,475.0,-660.8733333333333,180.0,-152.1833333333334,-152.1833333333334,1950.0,-898.8888888888889,-848.3333333333334
1864,2453.208333333333,321.125,-386.69791666666674,475.0,-509.3583333333334,180.0,226.60416666666652,226.60416666666652,1950.0,-892.9583333333334,-839.4375
1865,1565.2583333333334,242.375,-608.6854166666667,475.0,-686.9483333333333,180.0,-217.37083333333328,-217.37083333333328,1950.0,-919.2083333333334,-878.8125
1866,1777.3,285.8333333333333,-555.675,475.0,-644.54,180.0,-111.35000000000002,-111.35000000000002,1950.0,-904.7222222222222,-857.0833333333334
1867,1522.0916666666667,288.4583333333333,-619.4770833333333,475.0,-695.5816666666667,180.0,-238.95416666666665,-238.95416666666665,1950.0,-903.8472222222222,-855.7708333333334
1868,1829.5083333333328,288.4583333333333,-542.6229166666668,475.0,-634.0983333333335,180.0,-85.24583333333362,-85.24583333333362,1950.0,-903.8472222222222,-855.7708333333334
1869,2100.408333333333,319.375,-474.8979166666668,475.0,-579.9183333333334,180.0,50.204166666666424,50.204166666666424,1950.0,-893.5416666666666,-840.3125
1870,1113.8749999999998,151.95833333333331,-721.53125,475.0,-777.225,180.0,-443.0625000000001,-443.0625000000001,1950.0,-949.3472222222222,-924.0208333333334
1871,1976.5083333333332,276.7916666666667,-505.8729166666667,475.0,-604.6983333333334,180.0,-11.745833333333394,-11.745833333333394,1950.0,-907.7361111111111,-861.6041666666666
1872,1832.6583333333333,289.625,-541.8354166666667,475.0,-633.4683333333334,180.0,-83.67083333333335,-83.67083333333335,1950.0,-903.4583333333334,-855.1875
1873,1293.0166666666669,194.25,-676.7458333333333,475.0,-741.3966666666666,180.0,-353.49166666666656,-353.49166666666656,1950.0,-935.25,-902.875
1874,1435.875,245.875,-641.03125,475.0,-712.825,180.0,-282.0625,-282.0625,1950.0,-918.0416666666666,-877.0625
1875,1829.2166666666667,248.5,-542.6958333333333,475.0,-634.1566666666666,180.0,-85.39166666666665,-85.39166666666665,1950.0,-917.1666666666666,-875.75
1876,1641.85,285.25,-589.5375,475.0,-671.63,180.0,-179.07500000000005,-179.07500000000005,1950.0,-904.9166666666666,-857.375
1877,1834.35,309.16666666666663,-541.4125,475.0,-633.13,180.0,-82.82500000000005,-82.82500000000005,1950.0,-896.9444444444445,-845.4166666666667
1878,1650.25,301.5833333333333,-587.4375,475.0,-669.95,180.0,-174.875,-174.875,1950.0,-899.4722222222222,-849.2083333333334
1879,1766.2166666666667,314.41666666666663,-558.4458333333333,475.0,-646.7566666666667,180.0,-116.89166666666665,-116.89166666666665,1950.0,-895.1944444444445,-842.7916666666667
1880,1904.0583333333327,220.2083333333333,-523.9854166666669,475.0,-619.1883333333335,180.0,-47.970833333333644,-47.970833333333644,1950.0,-926.5972222222223,-889.8958333333334
1881,1666.8166666666666,326.08333333333337,-583.2958333333333,475.0,-666.6366666666667,180.0,-166.5916666666667,-166.5916666666667,1950.0,-891.3055555555555,-836.9583333333333
1882,2197.125,332.79166666666663,-450.71875,475.0,-560.575,180.0,98.5625,98.5625,1950.0,-889.0694444444445,-833.6041666666667
1883,2302.708333333333,299.5416666666667,-424.32291666666674,475.0,-539.4583333333334,180.0,151.35416666666652,151.35416666666652,1950.0,-900.1527777777778,-850.2291666666666
1884,2109.8,310.9166666666667,-472.54999999999995,475.0,-578.04,180.0,54.90000000000009,54.90000000000009,1950.0,-896.3611111111111,-844.5416666666666
1885,2074.858333333333,258.125,-481.2854166666667,475.0,-585.0283333333334,180.0,37.42916666666656,37.42916666666656,1950.0,-913.9583333333334,-870.9375
1886,1958.0750000000005,296.04166666666663,-510.4812499999999,475.0,-608.3849999999999,180.0,-20.96249999999975,-20.96249999999975,1950.0,-901.3194444444445,-851.9791666666667
1887,1824.2,271.25,-543.95,475.0,-635.16,180.0,-87.89999999999998,-87.89999999999998,1950.0,-909.5833333333334,-864.375
1888,1474.7833333333333,249.0833333333333,-631.3041666666667,475.0,-705.0433333333333,180.0,-262.60833333333335,-262.60833333333335,1950.0,-916.9722222222223,-875.4583333333334
1889,2080.75,305.6666666666667,-479.8125,475.0,-583.85,180.0,40.375,40.375,1950.0,-898.1111111111111,-847.1666666666666
1890,1873.8416666666665,223.70833333333331,-531.5395833333334,475.0,-625.2316666666667,180.0,-63.079166666666765,-63.079166666666765,1950.0,-925.4305555555555,-888.1458333333334
1891,1085.0000000000002,172.66666666666666,-728.75,475.0,-783.0,180.0,-457.4999999999999,-457.4999999999999,1950.0,-942.4444444444445,-913.6666666666666
1892,1603.1166666666668,298.0833333333333,-599.2208333333333,475.0,-679.3766666666667,180.0,-198.4416666666666,-198.4416666666666,1950.0,-900.6388888888889,-850.9583333333334
1893,1703.8,252.0,-574.05,475.0,-659.24,180.0,-148.10000000000002,-148.10000000000002,1950.0,-916.0,-874.0
1894,1809.85,245.0,-547.5375,475.0,-638.03,180.0,-95.07500000000005,-95.07500000000005,1950.0,-918.3333333333334,-877.5
1895,1503.775,192.79166666666663,-624.05625,475.0,-699.245,180.0,-248.11249999999995,-248.11249999999995,1950.0,-935.7361111111111,-903.6041666666667
1896,1562.8083333333334,265.70833333333337,-609.2979166666667,475.0,-687.4383333333333,180.0,-218.5958333333333,-218.5958333333333,1950.0,-911.4305555555555,-867.1458333333333
1897,1805.475,260.45833333333337,-548.63125,475.0,-638.905,180.0,-97.26250000000005,-97.26250000000005,1950.0,-913.1805555555555,-869.7708333333333
1898,1933.05,312.6666666666667,-516.7375,475.0,-613.39,180.0,-33.47500000000002,-33.47500000000002,1950.0,-895.7777777777778,-843.6666666666666
1899,1152.725,192.79166666666663,-711.81875,475.0,-769.455,180.0,-423.63750000000005,-423.63750000000005,1950.0,-935.7361111111111,-903.6041666666667
1900,2044.9333333333332,311.5,-488.7666666666667,475.0,-591.0133333333333,180.0,22.466666666666583,22.466666666666583,1950.0,-896.1666666666666,-844.25
1901,1865.4416666666664,286.70833333333337,-533.6395833333333,475.0,-626.9116666666667,180.0,-67.27916666666681,-67.27916666666681,1950.0,-904.4305555555555,-856.6458333333333
1902,1987.2416666666663,295.4583333333333,-503.1895833333334,475.0,-602.5516666666667,180.0,-6.379166666666833,-6.379166666666833,1950.0,-901.5138888888889,-852.2708333333334
1903,2167.375,273.2916666666667,-458.15625,475.0,-566.525,180.0,83.6875,83.6875,1950.0,-908.9027777777778,-863.3541666666666
1904,1807.575,214.9583333333333,-548.10625,475.0,-638.485,180.0,-96.21249999999998,-96.21249999999998,1950.0,-928.3472222222223,-892.5208333333334
1905,1711.558333333333,285.54166666666663,-572.1104166666668,475.0,-657.6883333333334,180.0,-144.22083333333353,-144.22083333333353,1950.0,-904.8194444444445,-857.2291666666667
1906,1479.1583333333333,213.79166666666663,-630.2104166666667,475.0,-704.1683333333333,180.0,-260.42083333333335,-260.42083333333335,1950.0,-928.7361111111111,-893.1041666666667
1907,1335.7166666666665,231.0,-666.0708333333334,475.0,-732.8566666666667,180.0,-332.14166666666677,-332.14166666666677,1950.0,-923.0,-884.5
1908,1601.5416666666667,252.875,-599.6145833333333,475.0,-679.6916666666666,180.0,-199.22916666666663,-199.22916666666663,1950.0,-915.7083333333334,-873.5625
1909,2038.3416666666667,289.0416666666667,-490.4145833333333,475.0,-592.3316666666667,180.0,19.17083333333335,19.17083333333335,1950.0,-903.6527777777778,-855.4791666666666
1910,1917.0666666666664,318.5,-520.7333333333333,475.0,-616.5866666666667,180.0,-41.46666666666681,-41.46666666666681,1950.0,-893.8333333333334,-840.75
1911,2151.858333333333,354.95833333333337,-462.0354166666667,475.0,-569.6283333333333,180.0,75.92916666666656,75.92916666666656,1950.0,-881.6805555555555,-822.5208333333333
1912,1474.725,247.04166666666669,-631.31875,475.0,-705.0550000000001,180.0,-262.63750000000005,-262.63750000000005,1950.0,-917.6527777777778,-876.4791666666666
1913,1988.35,274.75,-502.9125,475.0,-602.33,180.0,-5.8250000000000455,-5.8250000000000455,1950.0,-908.4166666666666,-862.625
1914,2356.8416666666662,359.625,-410.78958333333344,475.0,-528.6316666666668,180.0,178.42083333333312,178.42083333333312,1950.0,-880.125,-820.1875
1915,2077.25,322.0,-480.6875,475.0,-584.55,180.0,38.625,38.625,1950.0,-892.6666666666666,-839.0
1916,1699.075,265.125,-575.23125,475.0,-660.185,180.0,-150.46249999999998,-150.46249999999998,1950.0,-911.625,-867.4375
1917,2000.4833333333331,302.75,-499.8791666666667,475.0,-599.9033333333334,180.0,0.24166666666656056,0.24166666666656056,1950.0,-899.0833333333334,-848.625
1918,2205.175,317.04166666666663,-448.70624999999995,475.0,-558.9649999999999,180.0,102.58750000000009,102.58750000000009,1950.0,-894.3194444444445,-841.4791666666667
1919,1977.9083333333333,296.04166666666663,-505.5229166666667,475.0,-604.4183333333333,180.0,-11.045833333333348,-11.045833333333348,1950.0,-901.3194444444445,-851.9791666666667
1920,2024.75,358.75,-493.8125,475.0,-595.05,180.0,12.375,12.375,1950.0,-880.4166666666666,-820.625
1921,1864.975,319.9583333333333,-533.75625,475.0,-627.005,180.0,-67.51250000000005,-67.51250000000005,1950.0,-893.3472222222222,-840.0208333333334
1922,1544.6083333333331,243.54166666666663,-613.8479166666667,475.0,-691.0783333333334,180.0,-227.69583333333344,-227.69583333333344,1950.0,-918.8194444444445,-878.2291666666667
1923,2087.983333333333,320.83333333333337,-478.0041666666667,475.0,-582.4033333333334,180.0,43.99166666666656,43.99166666666656,1950.0,-893.0555555555555,-839.5833333333333
1924,2212.7,253.16666666666663,-446.82500000000005,475.0,-557.46,180.0,106.34999999999991,106.34999999999991,1950.0,-915.6111111111111,-873.4166666666667
1925,2195.958333333333,311.79166666666663,-451.01041666666674,475.0,-560.8083333333334,180.0,97.97916666666652,97.97916666666652,1950.0,-896.0694444444445,-844.1041666666667
1926,1666.9916666666666,223.125,-583.2520833333333,475.0,-666.6016666666667,180.0,-166.50416666666672,-166.50416666666672,1950.0,-925.625,-888.4375
1927,1619.2166666666667,197.16666666666669,-595.1958333333333,475.0,-676.1566666666666,180.0,-190.39166666666665,-190.39166666666665,1950.0,-934.2777777777778,-901.4166666666666
1928,1716.6333333333332,245.0,-570.8416666666667,475.0,-656.6733333333334,180.0,-141.6833333333334,-141.6833333333334,1950.0,-918.3333333333334,-877.5
1929,1573.2499999999998,254.3333333333333,-606.6875,475.0,-685.35,180.0,-213.3750000000001,-213.3750000000001,1950.0,-915.2222222222223,-872.8333333333334
1930,1963.3833333333328,303.3333333333333,-509.1541666666668,475.0,-607.3233333333335,180.0,-18.30833333333362,-18.30833333333362,1950.0,-898.8888888888889,-848.3333333333334
1931,1838.375,241.79166666666669,-540.40625,475.0,-632.325,180.0,-80.8125,-80.8125,1950.0,-919.4027777777778,-879.1041666666666
1932,1511.0666666666666,210.0,-622.2333333333333,475.0,-697.7866666666666,180.0,-244.4666666666667,-244.4666666666667,1950.0,-930.0,-895.0
1933,1982.75,296.9166666666667,-504.3125,475.0,-603.45,180.0,-8.625,-8.625,1950.0,-901.0277777777778,-851.5416666666666
1934,2004.0416666666663,328.125,-498.9895833333334,475.0,-599.1916666666667,180.0,2.020833333333144,2.020833333333144,1950.0,-890.625,-835.9375
1935,2335.258333333333,308.2916666666667,-416.1854166666667,475.0,-532.9483333333334,180.0,167.6291666666666,167.6291666666666,1950.0,-897.2361111111111,-845.8541666666666
1936,1686.5333333333333,252.58333333333331,-578.3666666666667,475.0,-662.6933333333334,180.0,-156.73333333333335,-156.73333333333335,1950.0,-915.8055555555555,-873.7083333333334
1937,2075.733333333333,278.83333333333337,-481.0666666666667,475.0,-584.8533333333334,180.0,37.86666666666656,37.86666666666656,1950.0,-907.0555555555555,-860.5833333333333
1938,1637.1833333333332,280.5833333333333,-590.7041666666667,475.0,-672.5633333333334,180.0,-181.40833333333342,-181.40833333333342,1950.0,-906.4722222222222,-859.7083333333334
1939,2217.4833333333336,371.0,-445.6291666666666,475.0,-556.5033333333333,180.0,108.74166666666679,108.74166666666679,1950.0,-876.3333333333334,-814.5
1940,1623.3583333333331,312.375,-594.1604166666667,475.0,-675.3283333333334,180.0,-188.32083333333344,-188.32083333333344,1950.0,-895.875,-843.8125
1941,1835.8083333333327,300.7083333333333,-541.0479166666669,475.0,-632.8383333333335,180.0,-82.09583333333364,-82.09583333333364,1950.0,-899.7638888888889,-849.6458333333334
1942,2139.6666666666665,295.1666666666667,-465.08333333333337,475.0,-572.0666666666667,180.0,69.83333333333326,69.83333333333326,1950.0,-901.6111111111111,-852.4166666666666
1943,1996.8083333333332,312.95833333333337,-500.7979166666667,475.0,-600.6383333333333,180.0,-1.5958333333334167,-1.5958333333334167,1950.0,-895.6805555555555,-843.5208333333333
1944,1884.2833333333333,281.75,-528.9291666666667,475.0,-623.1433333333333,180.0,-57.85833333333335,-57.85833333333335,1950.0,-906.0833333333334,-859.125
1945,1748.0749999999998,304.2083333333333,-562.98125,475.0,-650.385,180.0,-125.96250000000009,-125.96250000000009,1950.0,-898.5972222222222,-847.8958333333334
1946,1233.1666666666663,201.8333333333333,-691.7083333333335,475.0,-753.3666666666668,180.0,-383.41666666666686,-383.41666666666686,1950.0,-932.7222222222223,-899.0833333333334
1947,1872.3250000000005,299.5416666666667,-531.9187499999998,475.0,-625.5349999999999,180.0,-63.83749999999975,-63.83749999999975,1950.0,-900.1527777777778,-850.2291666666666
1948,1567.65,207.0833333333333,-608.0875,475.0,-686.47,180.0,-216.17499999999995,-216.17499999999995,1950.0,-930.9722222222223,-896.4583333333334
1949,1895.7166666666665,255.5,-526.0708333333334,475.0,-620.8566666666667,180.0,-52.141666666666765,-52.141666666666765,1950.0,-914.8333333333334,-872.25
1950,2175.25,281.1666666666667,-456.1875,475.0,-564.95,180.0,87.625,87.625,1950.0,-906.2777777777778,-859.4166666666666
1951,1789.7833333333333,276.5,-552.5541666666667,475.0,-642.0433333333333,180.0,-105.10833333333335,-105.10833333333335,1950.0,-907.8333333333334,-861.75
1952,1869.2916666666667,233.04166666666663,-532.6770833333333,475.0,-626.1416666666667,180.0,-65.35416666666663,-65.35416666666663,1950.0,-922.3194444444445,-883.4791666666667
1953,1585.9083333333333,270.95833333333337,-603.5229166666667,475.0,-682.8183333333334,180.0,-207.04583333333335,-207.04583333333335,1950.0,-909.6805555555555,-864.5208333333333
1954,2300.55,343.0,-424.86249999999995,475.0,-539.89,180.0,150.2750000000001,150.2750000000001,1950.0,-885.6666666666666,-828.5
1955,2262.6916666666666,287.2916666666667,-434.32708333333335,475.0,-547.4616666666667,180.0,131.3458333333333,131.3458333333333,1950.0,-904.2361111111111,-856.3541666666666
1956,1168.125,216.125,-707.96875,475.0,-766.375,180.0,-415.9375,-415.9375,1950.0,-927.9583333333334,-891.9375
1957,2273.95,304.5,-431.51250000000005,475.0,-545.21,180.0,136.9749999999999,136.9749999999999,1950.0,-898.5,-847.75
1958,1859.9,231.58333333333331,-535.025,475.0,-628.02,180.0,-70.04999999999995,-70.04999999999995,1950.0,-922.8055555555555,-884.2083333333334
1959,1831.0833333333333,214.66666666666663,-542.2291666666667,475.0,-633.7833333333333,180.0,-84.45833333333337,-84.45833333333337,1950.0,-928.4444444444445,-892.6666666666667
1960,1791.2416666666668,317.625,-552.1895833333333,475.0,-641.7516666666667,180.0,-104.3791666666666,-104.3791666666666,1950.0,-894.125,-841.1875
1961,1044.2833333333333,145.83333333333334,-738.9291666666667,475.0,-791.1433333333333,180.0,-477.85833333333335,-477.85833333333335,1950.0,-951.3888888888889,-927.0833333333334
1962,1647.5666666666666,227.5,-588.1083333333333,475.0,-670.4866666666667,180.0,-176.2166666666667,-176.2166666666667,1950.0,-924.1666666666666,-886.25
1963,2066.925,317.625,-483.26874999999995,475.0,-586.615,180.0,33.46250000000009,33.46250000000009,1950.0,-894.125,-841.1875
1964,1382.2083333333333,152.54166666666669,-654.4479166666667,475.0,-723.5583333333334,180.0,-308.89583333333337,-308.89583333333337,1950.0,-949.1527777777778,-923.7291666666666
1965,2113.5916666666667,275.04166666666663,-471.6020833333333,475.0,-577.2816666666666,180.0,56.79583333333335,56.79583333333335,1950.0,-908.3194444444445,-862.4791666666667
1966,1960.8166666666664,292.8333333333333,-509.7958333333334,475.0,-607.8366666666667,180.0,-19.59166666666681,-19.59166666666681,1950.0,-902.3888888888889,-853.5833333333334
1967,2120.3,341.25,-469.92499999999995,475.0,-575.9399999999999,180.0,60.15000000000009,60.15000000000009,1950.0,-886.25,-829.375
1968,1554.35,207.66666666666669,-611.4125,475.0,-689.13,180.0,-222.82500000000005,-222.82500000000005,1950.0,-930.7777777777778,-896.1666666666666
1969,1932.1166666666668,250.25,-516.9708333333333,475.0,-613.5766666666666,180.0,-33.941666666666606,-33.941666666666606,1950.0,-916.5833333333334,-874.875
1970,1945.8833333333328,285.8333333333333,-513.5291666666668,475.0,-610.8233333333335,180.0,-27.05833333333362,-27.05833333333362,1950.0,-904.7222222222222,-857.0833333333334
1971,1127.8749999999998,165.95833333333334,-718.03125,475.0,-774.4250000000001,180.0,-436.0625000000001,-436.0625000000001,1950.0,-944.6805555555555,-917.0208333333334
1972,2325.633333333333,368.08333333333337,-418.5916666666667,475.0,-534.8733333333333,180.0,162.8166666666666,162.8166666666666,1950.0,-877.3055555555555,-815.9583333333333
1973,2143.925,374.7916666666666,-464.01874999999995,475.0,-571.2149999999999,180.0,71.96250000000009,71.96250000000009,1950.0,-875.0694444444445,-812.6041666666667
1974,1190.6416666666669,200.95833333333331,-702.3395833333333,475.0,-761.8716666666667,180.0,-404.67916666666656,-404.67916666666656,1950.0,-933.0138888888889,-899.5208333333334
1975,1971.8416666666667,272.125,-507.0395833333333,475.0,-605.6316666666667,180.0,-14.079166666666652,-14.079166666666652,1950.0,-909.2916666666666,-863.9375
1976,1581.5916666666667,219.04166666666663,-604.6020833333333,475.0,-683.6816666666666,180.0,-209.20416666666665,-209.20416666666665,1950.0,-926.9861111111111,-890.4791666666667
1977,2168.075,268.0416666666667,-457.98125000000005,475.0,-566.385,180.0,84.03749999999991,84.03749999999991,1950.0,-910.6527777777778,-865.9791666666666
1978,1962.975,259.29166666666663,-509.25625,475.0,-607.405,180.0,-18.512500000000045,-18.512500000000045,1950.0,-913.5694444444445,-870.3541666666667
1979,1519.175,255.79166666666663,-620.20625,475.0,-696.165,180.0,-240.41250000000002,-240.41250000000002,1950.0,-914.7361111111111,-872.1041666666667
1980,1861.7666666666669,237.41666666666663,-534.5583333333333,475.0,-627.6466666666666,180.0,-69.11666666666656,-69.11666666666656,1950.0,-920.8611111111111,-881.2916666666667
1981,2035.1916666666664,268.0416666666667,-491.2020833333334,475.0,-592.9616666666667,180.0,17.59583333333319,17.59583333333319,1950.0,-910.6527777777778,-865.9791666666666
1982,1935.5583333333332,281.45833333333337,-516.1104166666667,475.0,-612.8883333333333,180.0,-32.22083333333342,-32.22083333333342,1950.0,-906.1805555555555,-859.2708333333333
1983,1743.2916666666663,285.54166666666663,-564.1770833333335,475.0,-651.3416666666667,180.0,-128.35416666666686,-128.35416666666686,1950.0,-904.8194444444445,-857.2291666666667
1984,2095.45,304.5,-476.13750000000005,475.0,-580.9100000000001,180.0,47.72499999999991,47.72499999999991,1950.0,-898.5,-847.75
1985,2435.125,312.95833333333337,-391.21875,475.0,-512.975,180.0,217.5625,217.5625,1950.0,-895.6805555555555,-843.5208333333333
1986,2197.0666666666666,291.0833333333333,-450.73333333333335,475.0,-560.5866666666667,180.0,98.5333333333333,98.5333333333333,1950.0,-902.9722222222222,-854.4583333333334
1987,1894.3166666666664,246.16666666666663,-526.4208333333333,475.0,-621.1366666666668,180.0,-52.84166666666681,-52.84166666666681,1950.0,-917.9444444444445,-876.9166666666667
1988,1495.7833333333335,260.1666666666667,-626.0541666666666,475.0,-700.8433333333332,180.0,-252.10833333333323,-252.10833333333323,1950.0,-913.2777777777778,-869.9166666666666
1989,1692.775,252.875,-576.80625,475.0,-661.4449999999999,180.0,-153.61249999999995,-153.61249999999995,1950.0,-915.7083333333334,-873.5625
1990,1732.2083333333333,214.9583333333333,-566.9479166666667,475.0,-653.5583333333334,180.0,-133.89583333333337,-133.89583333333337,1950.0,-928.3472222222223,-892.5208333333334
1991,2076.725,254.04166666666663,-480.81875,475.0,-584.655,180.0,38.362499999999955,38.362499999999955,1950.0,-915.3194444444445,-872.9791666666667
1992,1657.2499999999998,249.0833333333333,-585.6875,475.0,-668.5500000000001,180.0,-171.3750000000001,-171.3750000000001,1950.0,-916.9722222222223,-875.4583333333334
1993,1717.45,263.6666666666667,-570.6375,475.0,-656.51,180.0,-141.27499999999998,-141.27499999999998,1950.0,-912.1111111111111,-868.1666666666666
1994,1148.35,178.5,-712.9125,475.0,-770.33,180.0,-425.82500000000005,-425.82500000000005,1950.0,-940.5,-910.75
1995,2016.875,311.2083333333333,-495.78125,475.0,-596.625,180.0,8.4375,8.4375,1950.0,-896.2638888888889,-844.3958333333334
1996,1705.3166666666666,315.0,-573.6708333333333,475.0,-658.9366666666667,180.0,-147.3416666666667,-147.3416666666667,1950.0,-895.0,-842.5
1997,2150.75,306.25,-462.3125,475.0,-569.85,180.0,75.375,75.375,1950.0,-897.9166666666666,-846.875
1998,1838.375,251.7083333333333,-540.40625,475.0,-632.325,180.0,-80.8125,-80.8125,1950.0,-916.0972222222223,-874.1458333333334
1999,1802.5583333333332,317.04166666666663,-549.3604166666667,475.0,-639.4883333333333,180.0,-98.72083333333342,-98.72083333333342,1950.0,-894.3194444444445,-841.4791666666667
2000,1786.575,233.625,-553.35625,475.0,-642.685,180.0,-106.71249999999998,-106.71249999999998,1950.0,-922.125,-883.1875
2001,2000.8333333333333,315.0,-499.7916666666667,475.0,-599.8333333333334,180.0,0.41666666666662877,0.41666666666662877,1950.0,-895.0,-842.5
2002,2046.3916666666664,332.79166666666663,-488.4020833333334,475.0,-590.7216666666667,180.0,23.195833333333212,23.195833333333212,1950.0,-889.0694444444445,-833.6041666666667
2003,1930.5416666666667,284.375,-517.3645833333333,475.0,-613.8916666666667,180.0,-34.72916666666663,-34.72916666666663,1950.0,-905.2083333333334,-857.8125
2004,1654.0416666666667,255.79166666666663,-586.4895833333333,475.0,-669.1916666666666,180.0,-172.97916666666663,-172.97916666666663,1950.0,-914.7361111111111,-872.1041666666667
2005,1954.4583333333333,258.7083333333333,-511.3854166666667,475.0,-609.1083333333333,180.0,-22.77083333333337,-22.77083333333337,1950.0,-913.7638888888889,-870.6458333333334
2006,1411.4916666666666,235.375,-647.1270833333333,475.0,-717.7016666666667,180.0,-294.2541666666667,-294.2541666666667,1950.0,-921.5416666666666,-882.3125
2007,1925.2916666666667,279.125,-518.6770833333333,475.0,-614.9416666666666,180.0,-37.35416666666663,-37.35416666666663,1950.0,-906.9583333333334,-860.4375
2008,2024.6916666666664,247.625,-493.8270833333334,475.0,-595.0616666666667,180.0,12.34583333333319,12.34583333333319,1950.0,-917.4583333333334,-876.1875
2009,1826.7666666666664,261.91666666666663,-543.3083333333334,475.0,-634.6466666666668,180.0,-86.61666666666679,-86.61666666666679,1950.0,-912.6944444444445,-869.0416666666667
2010,1684.1416666666669,268.0416666666667,-578.9645833333333,475.0,-663.1716666666666,180.0,-157.92916666666656,-157.92916666666656,1950.0,-910.6527777777778,-865.9791666666666
2011,1328.1333333333334,193.66666666666663,-667.9666666666667,475.0,-734.3733333333333,180.0,-335.9333333333333,-335.9333333333333,1950.0,-935.4444444444445,-903.1666666666667
2012,2484.125,371.875,-378.96875,475.0,-503.175,180.0,242.0625,242.0625,1950.0,-876.0416666666666,-814.0625
2013,1217.0083333333334,171.79166666666666,-695.7479166666667,475.0,-756.5983333333334,180.0,-391.4958333333333,-391.4958333333333,1950.0,-942.7361111111111,-914.1041666666666
2014,2034.2583333333328,275.04166666666663,-491.4354166666668,475.0,-593.1483333333334,180.0,17.12916666666638,17.12916666666638,1950.0,-908.3194444444445,-862.4791666666667
2015,1760.3833333333334,259.0,-559.9041666666667,475.0,-647.9233333333333,180.0,-119.80833333333328,-119.80833333333328,1950.0,-913.6666666666666,-870.5
2016,2030.4083333333333,308.875,-492.3979166666667,475.0,-593.9183333333333,180.0,15.204166666666652,15.204166666666652,1950.0,-897.0416666666666,-845.5625
2017,1685.95,281.75,-578.5125,475.0,-662.81,180.0,-157.02499999999998,-157.02499999999998,1950.0,-906.0833333333334,-859.125
2018,1961.75,335.41666666666663,-509.5625,475.0,-607.65,180.0,-19.125,-19.125,1950.0,-888.1944444444445,-832.2916666666667
2019,1853.075,290.2083333333333,-536.73125,475.0,-629.385,180.0,-73.46249999999998,-73.46249999999998,1950.0,-903.2638888888889,-854.8958333333334
2020,1823.5583333333332,268.625,-544.1104166666667,475.0,-635.2883333333334,180.0,-88.22083333333342,-88.22083333333342,1950.0,-910.4583333333334,-865.6875
2021,2172.625,318.20833333333337,-456.84375,475.0,-565.475,180.0,86.3125,86.3125,1950.0,-893.9305555555555,-840.8958333333333
2022,2437.1666666666665,315.0,-390.70833333333337,475.0,-512.5666666666667,180.0,218.58333333333326,218.58333333333326,1950.0,-895.0,-842.5
2023,1821.575,278.5416666666667,-544.60625,475.0,-635.685,180.0,-89.21249999999998,-89.21249999999998,1950.0,-907.1527777777778,-860.7291666666666
2024,2244.7833333333333,344.75,-438.8041666666667,475.0,-551.0433333333333,180.0,122.39166666666665,122.39166666666665,1950.0,-885.0833333333334,-827.625
2025,1989.225,285.54166666666663,-502.69375,475.0,-602.155,180.0,-5.3875000000000455,-5.3875000000000455,1950.0,-904.8194444444445,-857.2291666666667
2026,1864.3916666666669,319.375,-533.9020833333333,475.0,-627.1216666666667,180.0,-67.80416666666656,-67.80416666666656,1950.0,-893.5416666666666,-840.3125
2027,1808.9166666666667,232.16666666666663,-547.7708333333333,475.0,-638.2166666666667,180.0,-95.54166666666663,-95.54166666666663,1950.0,-922.6111111111111,-883.9166666666667
2028,1448.7666666666669,240.91666666666663,-637.8083333333333,475.0,-710.2466666666667,180.0,-275.61666666666656,-275.61666666666656,1950.0,-919.6944444444445,-879.5416666666667
2029,2122.2833333333333,301.5833333333333,-469.4291666666667,475.0,-575.5433333333333,180.0,61.14166666666665,61.14166666666665,1950.0,-899.4722222222222,-849.2083333333334
2030,1874.775,256.375,-531.30625,475.0,-625.045,180.0,-62.612499999999955,-62.612499999999955,1950.0,-914.5416666666666,-871.8125
2031,2108.983333333333,252.58333333333331,-472.7541666666667,475.0,-578.2033333333334,180.0,54.49166666666656,54.49166666666656,1950.0,-915.8055555555555,-873.7083333333334
2032,2235.216666666667,357.0,-441.1958333333332,475.0,-552.9566666666666,180.0,117.60833333333358,117.60833333333358,1950.0,-881.0,-821.5
2033,1649.375,251.125,-587.65625,475.0,-670.125,180.0,-175.3125,-175.3125,1950.0,-916.2916666666666,-874.4375
2034,2135.35,273.0,-466.1625,475.0,-572.9300000000001,180.0,67.67499999999995,67.67499999999995,1950.0,-909.0,-863.5
2035,2174.725,292.5416666666667,-456.31875,475.0,-565.0550000000001,180.0,87.36249999999995,87.36249999999995,1950.0,-902.4861111111111,-853.7291666666666
2036,1727.0166666666669,251.41666666666663,-568.2458333333333,475.0,-654.5966666666666,180.0,-136.49166666666656,-136.49166666666656,1950.0,-916.1944444444445,-874.2916666666667
2037,1504.7083333333337,324.625,-623.8229166666665,475.0,-699.0583333333333,180.0,-247.64583333333314,-247.64583333333314,1950.0,-891.7916666666666,-837.6875
2038,1806.525,247.625,-548.36875,475.0,-638.6949999999999,180.0,-96.73749999999995,-96.73749999999995,1950.0,-917.4583333333334,-876.1875
2039,1468.9500000000005,253.16666666666663,-632.7624999999998,475.0,-706.2099999999999,180.0,-265.52499999999975,-265.52499999999975,1950.0,-915.6111111111111,-873.4166666666667
2040,1508.5583333333334,221.375,-622.8604166666667,475.0,-698.2883333333333,180.0,-245.7208333333333,-245.7208333333333,1950.0,-926.2083333333334,-889.3125
2041,2045.4583333333333,310.0416666666667,-488.6354166666667,475.0,-590.9083333333333,180.0,22.72916666666663,22.72916666666663,1950.0,-896.6527777777778,-844.9791666666666
2042,2048.6083333333336,350.875,-487.8479166666666,475.0,-590.2783333333333,180.0,24.304166666666788,24.304166666666788,1950.0,-883.0416666666666,-824.5625
2043,1821.983333333333,233.3333333333333,-544.5041666666668,475.0,-635.6033333333335,180.0,-89.00833333333355,-89.00833333333355,1950.0,-922.2222222222223,-883.3333333333334
2044,2264.208333333333,290.79166666666663,-433.94791666666674,475.0,-547.1583333333334,180.0,132.10416666666652,132.10416666666652,1950.0,-903.0694444444445,-854.6041666666667
2045,2030.4666666666665,231.58333333333331,-492.3833333333334,475.0,-593.9066666666668,180.0,15.233333333333235,15.233333333333235,1950.0,-922.8055555555555,-884.2083333333334
2046,1533.9916666666668,228.95833333333331,-616.5020833333333,475.0,-693.2016666666666,180.0,-233.0041666666666,-233.0041666666666,1950.0,-923.6805555555555,-885.5208333333334
2047,1872.3833333333332,281.75,-531.9041666666667,475.0,-625.5233333333333,180.0,-63.808333333333394,-63.808333333333394,1950.0,-906.0833333333334,-859.125
2048,2053.4500000000003,282.3333333333333,-486.63749999999993,475.0,-589.31,180.0,26.725000000000136,26.725000000000136,1950.0,-905.8888888888889,-858.8333333333334
2049,1954.8666666666668,302.75,-511.2833333333333,475.0,-609.0266666666666,180.0,-22.566666666666606,-22.566666666666606,1950.0,-899.0833333333334,-848.625
2050,1685.25,227.5,-578.6875,475.0,-662.95,180.0,-157.375,-157.375,1950.0,-924.1666666666666,-886.25
2051,1945.65,297.5,-513.5875,475.0,-610.87,180.0,-27.174999999999955,-27.174999999999955,1950.0,-900.8333333333334,-851.25
2052,1711.7333333333331,242.08333333333331,-572.0666666666667,475.0,-657.6533333333334,180.0,-144.13333333333344,-144.13333333333344,1950.0,-919.3055555555555,-878.9583333333334
2053,1493.0416666666667,243.54166666666663,-626.7395833333333,475.0,-701.3916666666667,180.0,-253.47916666666663,-253.47916666666663,1950.0,-918.8194444444445,-878.2291666666667
2054,1334.3749999999998,193.9583333333333,-666.40625,475.0,-733.125,180.0,-332.8125000000001,-332.8125000000001,1950.0,-935.3472222222223,-903.0208333333334
2055,1887.3166666666664,298.66666666666663,-528.1708333333333,475.0,-622.5366666666667,180.0,-56.34166666666681,-56.34166666666681,1950.0,-900.4444444444445,-850.6666666666667
2056,1659.6416666666669,203.875,-585.0895833333333,475.0,-668.0716666666666,180.0,-170.17916666666656,-170.17916666666656,1950.0,-932.0416666666666,-898.0625
2057,2119.6,346.5,-470.1,475.0,-576.08,180.0,59.799999999999955,59.799999999999955,1950.0,-884.5,-826.75
2058,1747.375,279.7083333333333,-563.15625,475.0,-650.525,180.0,-126.3125,-126.3125,1950.0,-906.7638888888889,-860.1458333333334
2059,1952.0083333333332,282.0416666666667,-511.9979166666667,475.0,-609.5983333333334,180.0,-23.995833333333394,-23.995833333333394,1950.0,-905.9861111111111,-858.9791666666666
2060,1819.5333333333333,226.91666666666663,-545.1166666666667,475.0,-636.0933333333334,180.0,-90.23333333333335,-90.23333333333335,1950.0,-924.3611111111111,-886.5416666666667
2061,1522.0333333333333,236.83333333333331,-619.4916666666667,475.0,-695.5933333333334,180.0,-238.98333333333335,-238.98333333333335,1950.0,-921.0555555555555,-881.5833333333334
2062,1731.5083333333332,269.79166666666663,-567.1229166666667,475.0,-653.6983333333334,180.0,-134.2458333333334,-134.2458333333334,1950.0,-910.0694444444445,-865.1041666666667
2063,2163.0583333333334,280.875,-459.23541666666665,475.0,-567.3883333333333,180.0,81.5291666666667,81.5291666666667,1950.0,-906.375,-859.5625
2064,1657.3666666666668,223.41666666666669,-585.6583333333333,475.0,-668.5266666666666,180.0,-171.3166666666666,-171.3166666666666,1950.0,-925.5277777777778,-888.2916666666666
2065,1657.95,243.8333333333333,-585.5125,475.0,-668.41,180.0,-171.02499999999998,-171.02499999999998,1950.0,-918.7222222222223,-878.0833333333334
2066,2038.3416666666667,289.0416666666667,-490.4145833333333,475.0,-592.3316666666667,180.0,19.17083333333335,19.17083333333335,1950.0,-903.6527777777778,-855.4791666666666
2067,1738.1,252.58333333333331,-565.475,475.0,-652.38,180.0,-130.95000000000005,-130.95000000000005,1950.0,-915.8055555555555,-873.7083333333334
2068,1946.9916666666668,304.7916666666667,-513.2520833333333,475.0,-610.6016666666667,180.0,-26.504166666666606,-26.504166666666606,1950.0,-898.4027777777778,-847.6041666666666
2069,1961.75,295.75,-509.5625,475.0,-607.65,180.0,-19.125,-19.125,1950.0,-901.4166666666666,-852.125
2070,1870.2833333333333,277.66666666666663,-532.4291666666667,475.0,-625.9433333333334,180.0,-64.85833333333335,-64.85833333333335,1950.0,-907.4444444444445,-861.1666666666667
2071,2084.541666666667,259.875,-478.86458333333326,475.0,-583.0916666666666,180.0,42.270833333333485,42.270833333333485,1950.0,-913.375,-870.0625
2072,1661.3916666666664,275.04166666666663,-584.6520833333334,475.0,-667.7216666666667,180.0,-169.3041666666668,-169.3041666666668,1950.0,-908.3194444444445,-862.4791666666667
2073,1958.425,318.20833333333337,-510.39375,475.0,-608.315,180.0,-20.787500000000023,-20.787500000000023,1950.0,-893.9305555555555,-840.8958333333333
2074,1939.6416666666664,285.54166666666663,-515.0895833333334,475.0,-612.0716666666667,180.0,-30.179166666666788,-30.179166666666788,1950.0,-904.8194444444445,-857.2291666666667
2075,1806.2916666666667,279.125,-548.4270833333333,475.0,-638.7416666666667,180.0,-96.85416666666663,-96.85416666666663,1950.0,-906.9583333333334,-860.4375
2076,1801.0416666666667,273.875,-549.7395833333333,475.0,-639.7916666666666,180.0,-99.47916666666663,-99.47916666666663,1950.0,-908.7083333333334,-863.0625
2077,1548.6333333333332,245.58333333333331,-612.8416666666667,475.0,-690.2733333333333,180.0,-225.6833333333334,-225.6833333333334,1950.0,-918.1388888888889,-877.2083333333334
2078,1267.4666666666665,242.08333333333331,-683.1333333333334,475.0,-746.5066666666667,180.0,-366.26666666666677,-366.26666666666677,1950.0,-919.3055555555555,-878.9583333333334
2079,1875.0083333333328,304.2083333333333,-531.2479166666668,475.0,-624.9983333333334,180.0,-62.49583333333362,-62.49583333333362,1950.0,-898.5972222222222,-847.8958333333334
2080,1365.2333333333331,222.8333333333333,-658.6916666666667,475.0,-726.9533333333334,180.0,-317.38333333333344,-317.38333333333344,1950.0,-925.7222222222223,-888.5833333333334
2081,2162.4749999999995,310.0416666666667,-459.38125000000014,475.0,-567.5050000000001,180.0,81.23749999999973,81.23749999999973,1950.0,-896.6527777777778,-844.9791666666666
2082,1649.55,197.75,-587.6125,475.0,-670.09,180.0,-175.22500000000002,-175.22500000000002,1950.0,-934.0833333333334,-901.125
2083,1518.5916666666667,245.29166666666663,-620.3520833333333,475.0,-696.2816666666666,180.0,-240.70416666666665,-240.70416666666665,1950.0,-918.2361111111111,-877.3541666666667
2084,1419.95,224.0,-645.0125,475.0,-716.01,180.0,-290.025,-290.025,1950.0,-925.3333333333334,-888.0
2085,2155.883333333333,307.4166666666667,-461.0291666666667,475.0,-568.8233333333334,180.0,77.9416666666666,77.9416666666666,1950.0,-897.5277777777778,-846.2916666666666
2086,2099.5916666666667,360.20833333333337,-475.1020833333333,475.0,-580.0816666666667,180.0,49.79583333333335,49.79583333333335,1950.0,-879.9305555555555,-819.8958333333333
2087,2243.0333333333333,323.1666666666667,-439.2416666666667,475.0,-551.3933333333333,180.0,121.51666666666665,121.51666666666665,1950.0,-892.2777777777778,-838.4166666666666
2088,1753.6166666666668,230.41666666666663,-561.5958333333333,475.0,-649.2766666666666,180.0,-123.1916666666666,-123.1916666666666,1950.0,-923.1944444444445,-884.7916666666667
2089,1829.975,334.5416666666667,-542.50625,475.0,-634.005,180.0,-85.01250000000005,-85.01250000000005,1950.0,-888.4861111111111,-832.7291666666666
2090,1490.475,203.29166666666663,-627.38125,475.0,-701.905,180.0,-254.76250000000005,-254.76250000000005,1950.0,-932.2361111111111,-898.3541666666667
2091,2260.9416666666666,305.375,-434.76458333333335,475.0,-547.8116666666667,180.0,130.4708333333333,130.4708333333333,1950.0,-898.2083333333334,-847.3125
2092,1828.1666666666667,271.25,-542.9583333333333,475.0,-634.3666666666667,180.0,-85.91666666666663,-85.91666666666663,1950.0,-909.5833333333334,-864.375
2093,1499.8083333333332,202.70833333333331,-625.0479166666667,475.0,-700.0383333333334,180.0,-250.09583333333342,-250.09583333333342,1950.0,-932.4305555555555,-898.6458333333334
2094,1998.15,300.4166666666667,-500.4625,475.0,-600.37,180.0,-0.9249999999999545,-0.9249999999999545,1950.0,-899.8611111111111,-849.7916666666666
2095,1652.8166666666666,302.1666666666667,-586.7958333333333,475.0,-669.4366666666667,180.0,-173.5916666666667,-173.5916666666667,1950.0,-899.2777777777778,-848.9166666666666
2096,1935.85,311.5,-516.0375,475.0,-612.83,180.0,-32.075000000000045,-32.075000000000045,1950.0,-896.1666666666666,-844.25
2097,1956.2666666666664,272.41666666666663,-510.9333333333334,475.0,-608.7466666666667,180.0,-21.866666666666788,-21.866666666666788,1950.0,-909.1944444444445,-863.7916666666667
2098,1774.5000000000002,237.41666666666663,-556.375,475.0,-645.0999999999999,180.0,-112.74999999999989,-112.74999999999989,1950.0,-920.8611111111111,-881.2916666666667
2099,1445.8499999999997,287.5833333333333,-638.5375000000001,475.0,-710.83,180.0,-277.07500000000016,-277.07500000000016,1950.0,-904.1388888888889,-856.2083333333334
2100,1894.608333333333,226.625,-526.3479166666668,475.0,-621.0783333333334,180.0,-52.69583333333355,-52.69583333333355,1950.0,-924.4583333333334,-886.6875
2101,1726.1416666666664,230.7083333333333,-568.4645833333334,475.0,-654.7716666666668,180.0,-136.9291666666668,-136.9291666666668,1950.0,-923.0972222222223,-884.6458333333334
2102,2178.75,294.58333333333337,-455.3125,475.0,-564.25,180.0,89.375,89.375,1950.0,-901.8055555555555,-852.7083333333333
2103,1993.0166666666664,319.0833333333333,-501.7458333333334,475.0,-601.3966666666668,180.0,-3.491666666666788,-3.491666666666788,1950.0,-893.6388888888889,-840.4583333333334
2104,1813.9333333333327,318.5,-546.5166666666669,475.0,-637.2133333333335,180.0,-93.03333333333364,-93.03333333333364,1950.0,-893.8333333333334,-840.75
2105,1615.2499999999998,296.3333333333333,-596.1875,475.0,-676.95,180.0,-192.3750000000001,-192.3750000000001,1950.0,-901.2222222222222,-851.8333333333334
2106,2147.775,261.625,-463.05625,475.0,-570.4449999999999,180.0,73.88750000000005,73.88750000000005,1950.0,-912.7916666666666,-869.1875
2107,1667.6333333333332,245.58333333333331,-583.0916666666667,475.0,-666.4733333333334,180.0,-166.1833333333334,-166.1833333333334,1950.0,-918.1388888888889,-877.2083333333334
2108,1497.9416666666666,226.625,-625.5145833333333,475.0,-700.4116666666666,180.0,-251.0291666666667,-251.0291666666667,1950.0,-924.4583333333334,-886.6875
2109,2065.8166666666666,308.5833333333333,-483.54583333333335,475.0,-586.8366666666667,180.0,32.9083333333333,32.9083333333333,1950.0,-897.1388888888889,-845.7083333333334
2110,2215.0333333333333,324.91666666666663,-446.2416666666667,475.0,-556.9933333333333,180.0,107.51666666666665,107.51666666666665,1950.0,-891.6944444444445,-837.5416666666667
2111,2124.7916666666665,250.54166666666663,-468.80208333333337,475.0,-575.0416666666667,180.0,62.39583333333326,62.39583333333326,1950.0,-916.4861111111111,-874.7291666666667
2112,1874.6,319.66666666666663,-531.35,475.0,-625.08,180.0,-62.700000000000045,-62.700000000000045,1950.0,-893.4444444444445,-840.1666666666667
2113,1919.983333333333,242.08333333333331,-520.0041666666668,475.0,-616.0033333333334,180.0,-40.00833333333355,-40.00833333333355,1950.0,-919.3055555555555,-878.9583333333334
2114,2070.1916666666666,312.95833333333337,-482.45208333333335,475.0,-585.9616666666667,180.0,35.0958333333333,35.0958333333333,1950.0,-895.6805555555555,-843.5208333333333
2115,1895.6,301.0,-526.1,475.0,-620.88,180.0,-52.200000000000045,-52.200000000000045,1950.0,-899.6666666666666,-849.5
2116,1553.825,268.625,-611.54375,475.0,-689.235,180.0,-223.08749999999998,-223.08749999999998,1950.0,-910.4583333333334,-865.6875
2117,1916.95,304.5,-520.7625,475.0,-616.61,180.0,-41.52499999999998,-41.52499999999998,1950.0,-898.5,-847.75
2118,1828.6916666666664,220.2083333333333,-542.8270833333333,475.0,-634.2616666666668,180.0,-85.65416666666681,-85.65416666666681,1950.0,-926.5972222222223,-889.8958333333334
2119,1790.4250000000002,289.0416666666667,-552.39375,475.0,-641.915,180.0,-104.78749999999991,-104.78749999999991,1950.0,-903.6527777777778,-855.4791666666666
2120,1878.858333333333,240.625,-530.2854166666668,475.0,-624.2283333333335,180.0,-60.57083333333355,-60.57083333333355,1950.0,-919.7916666666666,-879.6875
2121,1957.55,257.83333333333337,-510.6125,475.0,-608.49,180.0,-21.225000000000023,-21.225000000000023,1950.0,-914.0555555555555,-871.0833333333333
2122,1733.9,254.3333333333333,-566.525,475.0,-653.22,180.0,-133.04999999999995,-133.04999999999995,1950.0,-915.2222222222223,-872.8333333333334
2123,1832.1916666666664,253.45833333333331,-541.9520833333333,475.0,-633.5616666666667,180.0,-83.90416666666681,-83.90416666666681,1950.0,-915.5138888888889,-873.2708333333334
2124,2136.1666666666665,281.75,-465.95833333333337,475.0,-572.7666666666667,180.0,68.08333333333326,68.08333333333326,1950.0,-906.0833333333334,-859.125
2125,1558.9583333333337,269.79166666666663,-610.2604166666665,475.0,-688.2083333333333,180.0,-220.52083333333314,-220.52083333333314,1950.0,-910.0694444444445,-865.1041666666667
2126,1694.2916666666667,246.4583333333333,-576.4270833333333,475.0,-661.1416666666667,180.0,-152.85416666666663,-152.85416666666663,1950.0,-917.8472222222223,-876.7708333333334
2127,1798.7083333333333,291.375,-550.3229166666667,475.0,-640.2583333333333,180.0,-100.64583333333337,-100.64583333333337,1950.0,-902.875,-854.3125
2128,2020.2,338.3333333333333,-494.95,475.0,-595.96,180.0,10.100000000000023,10.100000000000023,1950.0,-887.2222222222222,-830.8333333333334
2129,1635.0833333333333,246.75,-591.2291666666667,475.0,-672.9833333333333,180.0,-182.45833333333337,-182.45833333333337,1950.0,-917.75,-876.625
2130,1688.4,278.25,-577.9,475.0,-662.3199999999999,180.0,-155.79999999999995,-155.79999999999995,1950.0,-907.25,-860.875
2131,2225.241666666667,305.375,-443.6895833333333,475.0,-554.9516666666666,180.0,112.6208333333334,112.6208333333334,1950.0,-898.2083333333334,-847.3125
2132,2204.825,275.04166666666663,-448.79375000000005,475.0,-559.0350000000001,180.0,102.41249999999991,102.41249999999991,1950.0,-908.3194444444445,-862.4791666666667
2133,2114.991666666667,373.625,-471.2520833333333,475.0,-577.0016666666667,180.0,57.495833333333394,57.495833333333394,1950.0,-875.4583333333334,-813.1875
2134,2003.1666666666667,267.75,-499.2083333333333,475.0,-599.3666666666667,180.0,1.5833333333333712,1.5833333333333712,1950.0,-910.75,-866.125
2135,1999.1416666666664,285.54166666666663,-500.2145833333334,475.0,-600.1716666666667,180.0,-0.42916666666678793,-0.42916666666678793,1950.0,-904.8194444444445,-857.2291666666667
2136,1289.9833333333331,236.83333333333331,-677.5041666666667,475.0,-742.0033333333333,180.0,-355.00833333333344,-355.00833333333344,1950.0,-921.0555555555555,-881.5833333333334
2137,1890.1166666666668,297.5,-527.4708333333333,475.0,-621.9766666666667,180.0,-54.941666666666606,-54.941666666666606,1950.0,-900.8333333333334,-851.25
2138,2144.9749999999995,292.5416666666667,-463.75625000000014,475.0,-571.0050000000001,180.0,72.48749999999973,72.48749999999973,1950.0,-902.4861111111111,-853.7291666666666
2139,1991.0916666666667,241.79166666666669,-502.2270833333333,475.0,-601.7816666666666,180.0,-4.4541666666666515,-4.4541666666666515,1950.0,-919.4027777777778,-879.1041666666666
2140,1579.025,228.375,-605.24375,475.0,-684.1949999999999,180.0,-210.48749999999995,-210.48749999999995,1950.0,-923.875,-885.8125
2141,1933.225,298.9583333333333,-516.69375,475.0,-613.355,180.0,-33.387500000000045,-33.387500000000045,1950.0,-900.3472222222222,-850.5208333333334
2142,1235.5,174.41666666666666,-691.125,475.0,-752.9,180.0,-382.25,-382.25,1950.0,-941.8611111111111,-912.7916666666666
2143,1893.9083333333333,241.79166666666669,-526.5229166666667,475.0,-621.2183333333334,180.0,-53.04583333333335,-53.04583333333335,1950.0,-919.4027777777778,-879.1041666666666
2144,1823.9666666666665,273.0,-544.0083333333334,475.0,-635.2066666666667,180.0,-88.01666666666677,-88.01666666666677,1950.0,-909.0,-863.5
2145,1273.9416666666666,191.04166666666663,-681.5145833333333,475.0,-745.2116666666667,180.0,-363.0291666666667,-363.0291666666667,1950.0,-936.3194444444445,-904.4791666666667
2146,1831.9583333333333,225.4583333333333,-542.0104166666667,475.0,-633.6083333333333,180.0,-84.02083333333337,-84.02083333333337,1950.0,-924.8472222222223,-887.2708333333334
2147,2041.0833333333333,275.9166666666667,-489.7291666666667,475.0,-591.7833333333333,180.0,20.54166666666663,20.54166666666663,1950.0,-908.0277777777778,-862.0416666666666
2148,1471.925,198.625,-632.01875,475.0,-705.615,180.0,-264.0375,-264.0375,1950.0,-933.7916666666666,-900.6875
2149,2005.9083333333333,254.625,-498.5229166666667,475.0,-598.8183333333334,180.0,2.9541666666666515,2.9541666666666515,1950.0,-915.125,-872.6875
2150,1755.3666666666666,242.08333333333331,-561.1583333333333,475.0,-648.9266666666667,180.0,-122.31666666666672,-122.31666666666672,1950.0,-919.3055555555555,-878.9583333333334
2151,2037.9333333333327,324.3333333333333,-490.5166666666668,475.0,-592.4133333333334,180.0,18.966666666666356,18.966666666666356,1950.0,-891.8888888888889,-837.8333333333334
2152,2032.45,281.1666666666667,-491.8875,475.0,-593.51,180.0,16.225000000000023,16.225000000000023,1950.0,-906.2777777777778,-859.4166666666666
2153,1979.1916666666664,261.625,-505.2020833333334,475.0,-604.1616666666667,180.0,-10.40416666666681,-10.40416666666681,1950.0,-912.7916666666666,-869.1875
2154,2275.525,329.875,-431.11875,475.0,-544.895,180.0,137.76250000000005,137.76250000000005,1950.0,-890.0416666666666,-835.0625
2155,1703.975,238.29166666666663,-574.00625,475.0,-659.205,180.0,-148.01250000000005,-148.01250000000005,1950.0,-920.5694444444445,-880.8541666666667
2156,1661.1583333333335,276.7916666666667,-584.7104166666666,475.0,-667.7683333333333,180.0,-169.42083333333323,-169.42083333333323,1950.0,-907.7361111111111,-861.6041666666666
2157,1849.8666666666668,287.0,-537.5333333333333,475.0,-630.0266666666666,180.0,-75.0666666666666,-75.0666666666666,1950.0,-904.3333333333334,-856.5
2158,2568.3,313.25,-357.92499999999995,475.0,-486.3399999999999,180.0,284.1500000000001,284.1500000000001,1950.0,-895.5833333333334,-843.375
2159,1915.7833333333333,263.6666666666667,-521.0541666666667,475.0,-616.8433333333334,180.0,-42.10833333333335,-42.10833333333335,1950.0,-912.1111111111111,-868.1666666666666
2160,2077.483333333333,330.16666666666663,-480.6291666666667,475.0,-584.5033333333333,180.0,38.74166666666656,38.74166666666656,1950.0,-889.9444444444445,-834.9166666666667
2161,2435.3,348.8333333333333,-391.17499999999995,475.0,-512.9399999999999,180.0,217.6500000000001,217.6500000000001,1950.0,-883.7222222222222,-825.5833333333334
2162,1675.8583333333331,305.375,-581.0354166666667,475.0,-664.8283333333334,180.0,-162.07083333333344,-162.07083333333344,1950.0,-898.2083333333334,-847.3125
2163,1779.225,283.7916666666667,-555.19375,475.0,-644.155,180.0,-110.38750000000005,-110.38750000000005,1950.0,-905.4027777777778,-858.1041666666666
2164,1911.9916666666668,299.5416666666667,-522.0020833333333,475.0,-617.6016666666667,180.0,-44.004166666666606,-44.004166666666606,1950.0,-900.1527777777778,-850.2291666666666
2165,1889.7666666666669,315.0,-527.5583333333333,475.0,-622.0466666666666,180.0,-55.11666666666656,-55.11666666666656,1950.0,-895.0,-842.5
2166,1616.8250000000005,222.54166666666663,-595.7937499999998,475.0,-676.6349999999999,180.0,-191.58749999999975,-191.58749999999975,1950.0,-925.8194444444445,-888.7291666666667
2167,1968.1666666666663,272.41666666666663,-507.9583333333334,475.0,-606.3666666666668,180.0,-15.916666666666856,-15.916666666666856,1950.0,-909.1944444444445,-863.7916666666667
2168,1425.6666666666667,176.16666666666669,-643.5833333333333,475.0,-714.8666666666667,180.0,-287.16666666666663,-287.16666666666663,1950.0,-941.2777777777778,-911.9166666666666
2169,1468.3083333333334,250.54166666666663,-632.9229166666667,475.0,-706.3383333333334,180.0,-265.8458333333333,-265.8458333333333,1950.0,-916.4861111111111,-874.7291666666667
2170,1274.9333333333332,225.75,-681.2666666666667,475.0,-745.0133333333333,180.0,-362.5333333333334,-362.5333333333334,1950.0,-924.75,-887.125
2171,1829.275,250.54166666666663,-542.68125,475.0,-634.145,180.0,-85.36249999999995,-85.36249999999995,1950.0,-916.4861111111111,-874.7291666666667
2172,1859.6666666666663,273.0,-535.0833333333335,475.0,-628.0666666666667,180.0,-70.16666666666686,-70.16666666666686,1950.0,-909.0,-863.5
2173,1902.8333333333333,236.83333333333331,-524.2916666666667,475.0,-619.4333333333334,180.0,-48.58333333333337,-48.58333333333337,1950.0,-921.0555555555555,-881.5833333333334
2174,2099.533333333333,318.5,-475.1166666666668,475.0,-580.0933333333335,180.0,49.766666666666424,49.766666666666424,1950.0,-893.8333333333334,-840.75
2175,1468.8333333333333,239.16666666666669,-632.7916666666667,475.0,-706.2333333333333,180.0,-265.58333333333337,-265.58333333333337,1950.0,-920.2777777777778,-880.4166666666666
2176,1389.675,205.625,-652.58125,475.0,-722.065,180.0,-305.1625,-305.1625,1950.0,-931.4583333333334,-897.1875
2177,1789.6666666666667,262.5,-552.5833333333333,475.0,-642.0666666666666,180.0,-105.16666666666663,-105.16666666666663,1950.0,-912.5,-868.75
2178,1799.7583333333332,238.875,-550.0604166666667,475.0,-640.0483333333334,180.0,-100.1208333333334,-100.1208333333334,1950.0,-920.375,-880.5625
2179,2232.5916666666667,314.7083333333333,-441.8520833333333,475.0,-553.4816666666667,180.0,116.29583333333335,116.29583333333335,1950.0,-895.0972222222222,-842.6458333333334
2180,2010.4583333333333,334.5416666666667,-497.3854166666667,475.0,-597.9083333333333,180.0,5.229166666666629,5.229166666666629,1950.0,-888.4861111111111,-832.7291666666666
2181,1912.3416666666667,301.875,-521.9145833333333,475.0,-617.5316666666666,180.0,-43.82916666666665,-43.82916666666665,1950.0,-899.375,-849.0625
2182,1667.9833333333331,218.16666666666669,-583.0041666666667,475.0,-666.4033333333334,180.0,-166.00833333333344,-166.00833333333344,1950.0,-927.2777777777778,-890.9166666666666
2183,1924.475,310.0416666666667,-518.88125,475.0,-615.105,180.0,-37.762500000000045,-37.762500000000045,1950.0,-896.6527777777778,-844.9791666666666
2184,1982.6916666666664,304.7916666666667,-504.3270833333334,475.0,-603.4616666666667,180.0,-8.65416666666681,-8.65416666666681,1950.0,-898.4027777777778,-847.6041666666666
2185,2013.7833333333333,312.0833333333333,-496.5541666666667,475.0,-597.2433333333333,180.0,6.8916666666666515,6.8916666666666515,1950.0,-895.9722222222222,-843.9583333333334
2186,1770.475,265.125,-557.38125,475.0,-645.905,180.0,-114.76250000000005,-114.76250000000005,1950.0,-911.625,-867.4375
2187,1655.6166666666668,281.1666666666667,-586.0958333333333,475.0,-668.8766666666667,180.0,-172.1916666666666,-172.1916666666666,1950.0,-906.2777777777778,-859.4166666666666
2188,1612.3333333333337,233.91666666666669,-596.9166666666665,475.0,-677.5333333333333,180.0,-193.83333333333314,-193.83333333333314,1950.0,-922.0277777777778,-883.0416666666666
2189,1608.95,264.25,-597.7625,475.0,-678.21,180.0,-195.52499999999998,-195.52499999999998,1950.0,-911.9166666666666,-867.875
2190,1838.025,289.0416666666667,-540.49375,475.0,-632.395,180.0,-80.98749999999995,-80.98749999999995,1950.0,-903.6527777777778,-855.4791666666666
2191,1631.4083333333335,217.29166666666663,-592.1479166666666,475.0,-673.7183333333332,180.0,-184.29583333333323,-184.29583333333323,1950.0,-927.5694444444445,-891.3541666666667
2192,2077.775,261.0416666666667,-480.55625,475.0,-584.4449999999999,180.0,38.887500000000045,38.887500000000045,1950.0,-912.9861111111111,-869.4791666666666
2193,1107.6333333333332,171.5,-723.0916666666667,475.0,-778.4733333333334,180.0,-446.1833333333334,-446.1833333333334,1950.0,-942.8333333333334,-914.25
2194,1632.575,287.875,-591.85625,475.0,-673.485,180.0,-183.71249999999998,-183.71249999999998,1950.0,-904.0416666666666,-856.0625
2195,1850.8,280.0,-537.3,475.0,-629.84,180.0,-74.60000000000002,-74.60000000000002,1950.0,-906.6666666666666,-860.0
2196,1580.5416666666663,301.29166666666663,-604.8645833333335,475.0,-683.8916666666668,180.0,-209.72916666666686,-209.72916666666686,1950.0,-899.5694444444445,-849.3541666666667
2197,1704.2666666666669,258.4166666666667,-573.9333333333333,475.0,-659.1466666666666,180.0,-147.86666666666656,-147.86666666666656,1950.0,-913.8611111111111,-870.7916666666666
2198,2112.775,335.7083333333333,-471.80625,475.0,-577.4449999999999,180.0,56.387500000000045,56.387500000000045,1950.0,-888.0972222222222,-832.1458333333334
2199,1630.5333333333333,256.0833333333333,-592.3666666666667,475.0,-673.8933333333333,180.0,-184.73333333333335,-184.73333333333335,1950.0,-914.6388888888889,-871.9583333333334
2200,1806.5833333333333,210.0,-548.3541666666667,475.0,-638.6833333333334,180.0,-96.70833333333337,-96.70833333333337,1950.0,-930.0,-895.0
2201,1421.6416666666669,203.875,-644.5895833333333,475.0,-715.6716666666666,180.0,-289.17916666666656,-289.17916666666656,1950.0,-932.0416666666666,-898.0625
2202,1904.35,299.83333333333337,-523.9125,475.0,-619.13,180.0,-47.825000000000045,-47.825000000000045,1950.0,-900.0555555555555,-850.0833333333333
2203,2392.4833333333336,298.0833333333333,-401.8791666666666,475.0,-521.5033333333333,180.0,196.2416666666668,196.2416666666668,1950.0,-900.6388888888889,-850.9583333333334
2204,2198.525,272.7083333333333,-450.36875,475.0,-560.295,180.0,99.26250000000005,99.26250000000005,1950.0,-909.0972222222222,-863.6458333333334
2205,2353.1666666666665,290.5,-411.70833333333337,475.0,-529.3666666666667,180.0,176.58333333333326,176.58333333333326,1950.0,-903.1666666666666,-854.75
2206,1346.5083333333334,182.29166666666663,-663.3729166666667,475.0,-730.6983333333333,180.0,-326.7458333333333,-326.7458333333333,1950.0,-939.2361111111111,-908.8541666666667
2207,1742.7083333333333,255.20833333333331,-564.3229166666667,475.0,-651.4583333333334,180.0,-128.64583333333337,-128.64583333333337,1950.0,-914.9305555555555,-872.3958333333334
2208,1518.3,205.33333333333331,-620.425,475.0,-696.34,180.0,-240.85000000000002,-240.85000000000002,1950.0,-931.5555555555555,-897.3333333333334
2209,1908.0833333333333,232.16666666666663,-522.9791666666667,475.0,-618.3833333333333,180.0,-45.95833333333337,-45.95833333333337,1950.0,-922.6111111111111,-883.9166666666667
2210,1725.5583333333334,269.79166666666663,-568.6104166666667,475.0,-654.8883333333333,180.0,-137.2208333333333,-137.2208333333333,1950.0,-910.0694444444445,-865.1041666666667
2211,1925.5833333333333,269.5,-518.6041666666667,475.0,-614.8833333333333,180.0,-37.20833333333337,-37.20833333333337,1950.0,-910.1666666666666,-865.25
2212,2044.933333333333,281.75,-488.76666666666677,475.0,-591.0133333333334,180.0,22.46666666666647,22.46666666666647,1950.0,-906.0833333333334,-859.125
2213,1991.2083333333333,305.375,-502.1979166666667,475.0,-601.7583333333333,180.0,-4.395833333333371,-4.395833333333371,1950.0,-898.2083333333334,-847.3125
2214,2520.2333333333336,366.3333333333333,-369.9416666666666,475.0,-495.95333333333326,180.0,260.1166666666668,260.1166666666668,1950.0,-877.8888888888889,-816.8333333333334
2215,1596.6416666666669,299.5416666666667,-600.8395833333333,475.0,-680.6716666666666,180.0,-201.67916666666656,-201.67916666666656,1950.0,-900.1527777777778,-850.2291666666666
2216,1409.5083333333332,215.54166666666669,-647.6229166666667,475.0,-718.0983333333334,180.0,-295.2458333333334,-295.2458333333334,1950.0,-928.1527777777778,-892.2291666666666
2217,1436.6333333333332,173.25,-640.8416666666667,475.0,-712.6733333333334,180.0,-281.6833333333334,-281.6833333333334,1950.0,-942.25,-913.375
2218,1784.8833333333332,253.75,-553.7791666666667,475.0,-643.0233333333333,180.0,-107.5583333333334,-107.5583333333334,1950.0,-915.4166666666666,-873.125
2219,1846.0166666666664,320.83333333333337,-538.4958333333334,475.0,-630.7966666666667,180.0,-76.99166666666679,-76.99166666666679,1950.0,-893.0555555555555,-839.5833333333333
2220,1761.3166666666666,242.08333333333331,-559.6708333333333,475.0,-647.7366666666667,180.0,-119.3416666666667,-119.3416666666667,1950.0,-919.3055555555555,-878.9583333333334
2221,1713.0166666666669,247.33333333333331,-571.7458333333333,475.0,-657.3966666666666,180.0,-143.49166666666656,-143.49166666666656,1950.0,-917.5555555555555,-876.3333333333334
2222,1663.025,223.125,-584.24375,475.0,-667.395,180.0,-168.48749999999995,-168.48749999999995,1950.0,-925.625,-888.4375
2223,1720.6583333333333,227.20833333333331,-569.8354166666667,475.0,-655.8683333333333,180.0,-139.67083333333335,-139.67083333333335,1950.0,-924.2638888888889,-886.3958333333334
2224,1979.0750000000005,317.04166666666663,-505.2312499999999,475.0,-604.185,180.0,-10.46249999999975,-10.46249999999975,1950.0,-894.3194444444445,-841.4791666666667
2225,1848.0,251.41666666666663,-538.0,475.0,-630.4,180.0,-76.0,-76.0,1950.0,-916.1944444444445,-874.2916666666667
2226,2054.9666666666662,295.75,-486.25833333333344,475.0,-589.0066666666668,180.0,27.48333333333312,27.48333333333312,1950.0,-901.4166666666666,-852.125
2227,1619.5083333333332,237.125,-595.1229166666667,475.0,-676.0983333333334,180.0,-190.2458333333334,-190.2458333333334,1950.0,-920.9583333333334,-881.4375
2228,2135.933333333333,283.5,-466.01666666666677,475.0,-572.8133333333334,180.0,67.96666666666647,67.96666666666647,1950.0,-905.5,-858.25
2229,1907.85,233.91666666666669,-523.0375,475.0,-618.4300000000001,180.0,-46.075000000000045,-46.075000000000045,1950.0,-922.0277777777778,-883.0416666666666
2230,2168.775,292.5416666666667,-457.80625,475.0,-566.245,180.0,84.38750000000005,84.38750000000005,1950.0,-902.4861111111111,-853.7291666666666
2231,1307.6583333333333,230.7083333333333,-673.0854166666667,475.0,-738.4683333333334,180.0,-346.17083333333335,-346.17083333333335,1950.0,-923.0972222222223,-884.6458333333334
2232,1710.8583333333331,290.79166666666663,-572.2854166666667,475.0,-657.8283333333334,180.0,-144.57083333333344,-144.57083333333344,1950.0,-903.0694444444445,-854.6041666666667
2233,2070.425,291.375,-482.39374999999995,475.0,-585.915,180.0,35.21250000000009,35.21250000000009,1950.0,-902.875,-854.3125
2234,2218.9416666666666,312.95833333333337,-445.26458333333335,475.0,-556.2116666666667,180.0,109.4708333333333,109.4708333333333,1950.0,-895.6805555555555,-843.5208333333333
2235,2214.858333333333,328.70833333333337,-446.2854166666667,475.0,-557.0283333333334,180.0,107.42916666666656,107.42916666666656,1950.0,-890.4305555555555,-835.6458333333333
2236,1818.6583333333333,275.625,-545.3354166666667,475.0,-636.2683333333333,180.0,-90.67083333333335,-90.67083333333335,1950.0,-908.125,-862.1875
2237,2026.0916666666667,247.04166666666669,-493.4770833333333,475.0,-594.7816666666666,180.0,13.045833333333348,13.045833333333348,1950.0,-917.6527777777778,-876.4791666666666
2238,1812.9416666666664,254.04166666666663,-546.7645833333333,475.0,-637.4116666666667,180.0,-93.52916666666681,-93.52916666666681,1950.0,-915.3194444444445,-872.9791666666667
2239,1754.6666666666663,267.16666666666663,-561.3333333333335,475.0,-649.0666666666667,180.0,-122.66666666666686,-122.66666666666686,1950.0,-910.9444444444445,-866.4166666666667
2240,1945.708333333333,269.79166666666663,-513.5729166666667,475.0,-610.8583333333333,180.0,-27.145833333333485,-27.145833333333485,1950.0,-910.0694444444445,-865.1041666666667
2241,1851.0916666666665,230.7083333333333,-537.2270833333334,475.0,-629.7816666666668,180.0,-74.45416666666677,-74.45416666666677,1950.0,-923.0972222222223,-884.6458333333334
2242,1976.3333333333333,300.4166666666667,-505.9166666666667,475.0,-604.7333333333333,180.0,-11.833333333333371,-11.833333333333371,1950.0,-899.8611111111111,-849.7916666666666
2243,1457.75,238.0,-635.5625,475.0,-708.45,180.0,-271.125,-271.125,1950.0,-920.6666666666666,-881.0
2244,1640.275,230.125,-589.93125,475.0,-671.9449999999999,180.0,-179.86249999999995,-179.86249999999995,1950.0,-923.2916666666666,-884.9375
2245,1696.45,242.66666666666663,-575.8875,475.0,-660.71,180.0,-151.77499999999998,-151.77499999999998,1950.0,-919.1111111111111,-878.6666666666667
2246,1944.95,332.5,-513.7625,475.0,-611.01,180.0,-27.524999999999977,-27.524999999999977,1950.0,-889.1666666666666,-833.75
2247,2120.3,291.6666666666667,-469.92499999999995,475.0,-575.9399999999999,180.0,60.15000000000009,60.15000000000009,1950.0,-902.7777777777778,-854.1666666666666
2248,2099.708333333333,294.875,-475.07291666666674,475.0,-580.0583333333334,180.0,49.854166666666515,49.854166666666515,1950.0,-901.7083333333334,-852.5625
2249,1930.483333333333,262.5,-517.3791666666668,475.0,-613.9033333333334,180.0,-34.75833333333355,-34.75833333333355,1950.0,-912.5,-868.75
2250,1907.4416666666664,289.0416666666667,-523.1395833333333,475.0,-618.5116666666668,180.0,-46.27916666666681,-46.27916666666681,1950.0,-903.6527777777778,-855.4791666666666
2251,1970.0916666666667,270.375,-507.4770833333333,475.0,-605.9816666666667,180.0,-14.954166666666652,-14.954166666666652,1950.0,-909.875,-864.8125
2252,1404.5500000000002,260.1666666666667,-648.8625,475.0,-719.0899999999999,180.0,-297.7249999999999,-297.7249999999999,1950.0,-913.2777777777778,-869.9166666666666
2253,1823.5,296.3333333333333,-544.125,475.0,-635.3,180.0,-88.25,-88.25,1950.0,-901.2222222222222,-851.8333333333334
2254,1888.5416666666667,252.29166666666669,-527.8645833333333,475.0,-622.2916666666666,180.0,-55.72916666666663,-55.72916666666663,1950.0,-915.9027777777778,-873.8541666666666
2255,1520.6333333333332,257.25,-619.8416666666667,475.0,-695.8733333333333,180.0,-239.6833333333334,-239.6833333333334,1950.0,-914.25,-871.375
2256,1794.8583333333331,275.625,-551.2854166666667,475.0,-641.0283333333334,180.0,-102.57083333333344,-102.57083333333344,1950.0,-908.125,-862.1875
2257,1848.35,293.41666666666663,-537.9125,475.0,-630.33,180.0,-75.82500000000005,-75.82500000000005,1950.0,-902.1944444444445,-853.2916666666667
2258,1889.125,262.7916666666667,-527.71875,475.0,-622.175,180.0,-55.4375,-55.4375,1950.0,-912.4027777777778,-868.6041666666666
2259,1973.8833333333328,284.08333333333337,-506.5291666666668,475.0,-605.2233333333335,180.0,-13.058333333333621,-13.058333333333621,1950.0,-905.3055555555555,-857.9583333333333
2260,1802.2083333333333,284.9583333333333,-549.4479166666667,475.0,-639.5583333333334,180.0,-98.89583333333337,-98.89583333333337,1950.0,-905.0138888888889,-857.5208333333334
2261,1351.4083333333335,224.875,-662.1479166666666,475.0,-729.7183333333332,180.0,-324.29583333333323,-324.29583333333323,1950.0,-925.0416666666666,-887.5625
2262,1452.15,210.58333333333331,-636.9625,475.0,-709.5699999999999,180.0,-273.92499999999995,-273.92499999999995,1950.0,-929.8055555555555,-894.7083333333334
2263,2465.633333333333,299.83333333333337,-383.5916666666667,475.0,-506.87333333333333,180.0,232.8166666666666,232.8166666666666,1950.0,-900.0555555555555,-850.0833333333333
2264,1978.7833333333333,326.6666666666667,-505.3041666666667,475.0,-604.2433333333333,180.0,-10.608333333333348,-10.608333333333348,1950.0,-891.1111111111111,-836.6666666666666
2265,1306.9583333333333,206.20833333333331,-673.2604166666667,475.0,-738.6083333333333,180.0,-346.52083333333337,-346.52083333333337,1950.0,-931.2638888888889,-896.8958333333334
2266,1801.3916666666669,256.375,-549.6520833333333,475.0,-639.7216666666666,180.0,-99.30416666666656,-99.30416666666656,1950.0,-914.5416666666666,-871.8125
2267,1693.5333333333335,210.0,-576.6166666666666,475.0,-661.2933333333333,180.0,-153.23333333333323,-153.23333333333323,1950.0,-930.0,-895.0
2268,2012.2666666666664,249.0833333333333,-496.9333333333334,475.0,-597.5466666666667,180.0,6.133333333333212,6.133333333333212,1950.0,-916.9722222222223,-875.4583333333334
2269,1727.4833333333331,228.0833333333333,-568.1291666666667,475.0,-654.5033333333333,180.0,-136.25833333333344,-136.25833333333344,1950.0,-923.9722222222223,-885.9583333333334
2270,2103.5583333333334,310.625,-474.11041666666665,475.0,-579.2883333333333,180.0,51.7791666666667,51.7791666666667,1950.0,-896.4583333333334,-844.6875
2271,2387.116666666667,278.83333333333337,-403.2208333333333,475.0,-522.5766666666666,180.0,193.5583333333334,193.5583333333334,1950.0,-907.0555555555555,-860.5833333333333
2272,1721.4166666666667,283.5,-569.6458333333333,475.0,-655.7166666666667,180.0,-139.29166666666663,-139.29166666666663,1950.0,-905.5,-858.25
2273,2581.0166666666664,361.6666666666666,-354.7458333333334,475.0,-483.79666666666674,180.0,290.5083333333332,290.5083333333332,1950.0,-879.4444444444445,-819.1666666666667
2274,1863.05,282.3333333333333,-534.2375,475.0,-627.39,180.0,-68.47500000000002,-68.47500000000002,1950.0,-905.8888888888889,-858.8333333333334
2275,2275.175,317.625,-431.20624999999995,475.0,-544.9649999999999,180.0,137.5875000000001,137.5875000000001,1950.0,-894.125,-841.1875
2276,2109.275,242.95833333333331,-472.68125,475.0,-578.145,180.0,54.637500000000045,54.637500000000045,1950.0,-919.0138888888889,-878.5208333333334
2277,1877.2833333333333,284.6666666666667,-530.6791666666667,475.0,-624.5433333333333,180.0,-61.35833333333335,-61.35833333333335,1950.0,-905.1111111111111,-857.6666666666666
2278,1455.7083333333337,196.29166666666663,-636.0729166666665,475.0,-708.8583333333332,180.0,-272.14583333333314,-272.14583333333314,1950.0,-934.5694444444445,-901.8541666666667
2279,1932.7,290.5,-516.825,475.0,-613.46,180.0,-33.64999999999998,-33.64999999999998,1950.0,-903.1666666666666,-854.75
2280,1926.108333333333,277.9583333333333,-518.4729166666668,475.0,-614.7783333333334,180.0,-36.94583333333355,-36.94583333333355,1950.0,-907.3472222222222,-861.0208333333334
2281,1943.025,275.04166666666663,-514.24375,475.0,-611.395,180.0,-28.487499999999955,-28.487499999999955,1950.0,-908.3194444444445,-862.4791666666667
2282,1805.0666666666664,275.9166666666667,-548.7333333333333,475.0,-638.9866666666667,180.0,-97.46666666666681,-97.46666666666681,1950.0,-908.0277777777778,-862.0416666666666
2283,2012.2666666666669,239.16666666666669,-496.9333333333333,475.0,-597.5466666666666,180.0,6.133333333333439,6.133333333333439,1950.0,-920.2777777777778,-880.4166666666666
2284,2307.3166666666666,361.6666666666666,-423.17083333333335,475.0,-538.5366666666666,180.0,153.6583333333333,153.6583333333333,1950.0,-879.4444444444445,-819.1666666666667
2285,1617.9333333333332,271.25,-595.5166666666667,475.0,-676.4133333333334,180.0,-191.03333333333342,-191.03333333333342,1950.0,-909.5833333333334,-864.375
2286,880.0749999999999,160.125,-779.98125,475.0,-823.985,180.0,-559.9625000000001,-559.9625000000001,1950.0,-946.625,-919.9375
2287,2186.45,276.5,-453.38750000000005,475.0,-562.71,180.0,93.22499999999991,93.22499999999991,1950.0,-907.8333333333334,-861.75
2288,1578.675,245.875,-605.33125,475.0,-684.265,180.0,-210.66250000000002,-210.66250000000002,1950.0,-918.0416666666666,-877.0625
2289,1457.225,229.54166666666663,-635.69375,475.0,-708.5550000000001,180.0,-271.38750000000005,-271.38750000000005,1950.0,-923.4861111111111,-885.2291666666667
2290,1833.5916666666667,302.45833333333337,-541.6020833333333,475.0,-633.2816666666666,180.0,-83.20416666666665,-83.20416666666665,1950.0,-899.1805555555555,-848.7708333333333
2291,1640.5666666666666,250.25,-589.8583333333333,475.0,-671.8866666666667,180.0,-179.7166666666667,-179.7166666666667,1950.0,-916.5833333333334,-874.875
2292,1990.3333333333333,304.5,-502.4166666666667,475.0,-601.9333333333334,180.0,-4.833333333333371,-4.833333333333371,1950.0,-898.5,-847.75
2293,1708.525,228.95833333333331,-572.86875,475.0,-658.295,180.0,-145.73749999999995,-145.73749999999995,1950.0,-923.6805555555555,-885.5208333333334
2294,1895.3666666666663,273.0,-526.1583333333334,475.0,-620.9266666666667,180.0,-52.31666666666683,-52.31666666666683,1950.0,-909.0,-863.5
2295,1122.7416666666666,214.375,-719.3145833333333,475.0,-775.4516666666667,180.0,-438.6291666666667,-438.6291666666667,1950.0,-928.5416666666666,-892.8125
2296,1380.8666666666668,214.66666666666663,-654.7833333333333,475.0,-723.8266666666666,180.0,-309.5666666666666,-309.5666666666666,1950.0,-928.4444444444445,-892.6666666666667
2297,1680.9333333333332,274.75,-579.7666666666667,475.0,-663.8133333333334,180.0,-159.53333333333342,-159.53333333333342,1950.0,-908.4166666666666,-862.625
2298,1937.3666666666668,295.1666666666667,-515.6583333333333,475.0,-612.5266666666666,180.0,-31.316666666666606,-31.316666666666606,1950.0,-901.6111111111111,-852.4166666666666
2299,1313.6083333333331,171.20833333333334,-671.5979166666667,475.0,-737.2783333333334,180.0,-343.19583333333344,-343.19583333333344,1950.0,-942.9305555555555,-914.3958333333334
2300,1775.725,260.45833333333337,-556.06875,475.0,-644.855,180.0,-112.13750000000005,-112.13750000000005,1950.0,-913.1805555555555,-869.7708333333333
2301,1445.5,235.66666666666663,-638.625,475.0,-710.9,180.0,-277.25,-277.25,1950.0,-921.4444444444445,-882.1666666666667
2302,2059.983333333333,292.8333333333333,-485.0041666666667,475.0,-588.0033333333333,180.0,29.99166666666656,29.99166666666656,1950.0,-902.3888888888889,-853.5833333333334
2303,1966.1833333333327,262.5,-508.4541666666668,475.0,-606.7633333333334,180.0,-16.908333333333644,-16.908333333333644,1950.0,-912.5,-868.75
2304,1884.925,294.2916666666667,-528.76875,475.0,-623.015,180.0,-57.53750000000002,-57.53750000000002,1950.0,-901.9027777777778,-852.8541666666666
2305,1882.5333333333333,319.66666666666663,-529.3666666666667,475.0,-623.4933333333333,180.0,-58.73333333333335,-58.73333333333335,1950.0,-893.4444444444445,-840.1666666666667
2306,1590.9833333333331,260.1666666666667,-602.2541666666667,475.0,-681.8033333333334,180.0,-204.50833333333344,-204.50833333333344,1950.0,-913.2777777777778,-869.9166666666666
2307,2035.6,322.0,-491.1,475.0,-592.88,180.0,17.799999999999955,17.799999999999955,1950.0,-892.6666666666666,-839.0
2308,1621.55,239.16666666666669,-594.6125,475.0,-675.69,180.0,-189.22500000000002,-189.22500000000002,1950.0,-920.2777777777778,-880.4166666666666
2309,2054.4416666666666,307.125,-486.38958333333335,475.0,-589.1116666666667,180.0,27.220833333333303,27.220833333333303,1950.0,-897.625,-846.4375
2310,2099.5916666666667,270.95833333333337,-475.1020833333333,475.0,-580.0816666666667,180.0,49.79583333333335,49.79583333333335,1950.0,-909.6805555555555,-864.5208333333333
2311,1794.1,308.5833333333333,-551.475,475.0,-641.1800000000001,180.0,-102.95000000000005,-102.95000000000005,1950.0,-897.1388888888889,-845.7083333333334
2312,1716.3416666666667,224.875,-570.9145833333333,475.0,-656.7316666666667,180.0,-141.82916666666665,-141.82916666666665,1950.0,-925.0416666666666,-887.5625
2313,1731.9166666666667,264.25,-567.0208333333333,475.0,-653.6166666666667,180.0,-134.04166666666663,-134.04166666666663,1950.0,-911.9166666666666,-867.875
2314,1476.5916666666665,213.20833333333331,-630.8520833333334,475.0,-704.6816666666667,180.0,-261.70416666666677,-261.70416666666677,1950.0,-928.9305555555555,-893.3958333333334
2315,1634.675,182.875,-591.33125,475.0,-673.065,180.0,-182.66250000000002,-182.66250000000002,1950.0,-939.0416666666666,-908.5625
2316,2170.933333333333,268.9166666666667,-457.26666666666677,475.0,-565.8133333333334,180.0,85.46666666666647,85.46666666666647,1950.0,-910.3611111111111,-865.5416666666666
2317,957.8333333333334,194.25,-760.5416666666666,475.0,-808.4333333333334,180.0,-521.0833333333333,-521.0833333333333,1950.0,-935.25,-902.875
2318,1864.3916666666664,249.95833333333331,-533.9020833333334,475.0,-627.1216666666667,180.0,-67.80416666666679,-67.80416666666679,1950.0,-916.6805555555555,-875.0208333333334
2319,1819.125,262.2083333333333,-545.21875,475.0,-636.175,180.0,-90.4375,-90.4375,1950.0,-912.5972222222222,-868.8958333333334
2320,1885.2166666666665,235.08333333333331,-528.6958333333334,475.0,-622.9566666666667,180.0,-57.391666666666765,-57.391666666666765,1950.0,-921.6388888888889,-882.4583333333334
2321,1701.0,263.08333333333337,-574.75,475.0,-659.8,180.0,-149.5,-149.5,1950.0,-912.3055555555555,-868.4583333333333
2322,1803.7833333333333,250.83333333333331,-549.0541666666667,475.0,-639.2433333333333,180.0,-98.10833333333335,-98.10833333333335,1950.0,-916.3888888888889,-874.5833333333334
2323,1672.9416666666666,262.7916666666667,-581.7645833333333,475.0,-665.4116666666666,180.0,-163.5291666666667,-163.5291666666667,1950.0,-912.4027777777778,-868.6041666666666
2324,1965.5416666666667,240.04166666666663,-508.6145833333333,475.0,-606.8916666666667,180.0,-17.22916666666663,-17.22916666666663,1950.0,-919.9861111111111,-879.9791666666667
2325,1714.5916666666667,233.04166666666663,-571.3520833333333,475.0,-657.0816666666667,180.0,-142.70416666666665,-142.70416666666665,1950.0,-922.3194444444445,-883.4791666666667
2326,1787.1583333333333,323.45833333333337,-553.2104166666667,475.0,-642.5683333333334,180.0,-106.42083333333335,-106.42083333333335,1950.0,-892.1805555555555,-838.2708333333333
2327,2200.1583333333333,310.0416666666667,-449.9604166666667,475.0,-559.9683333333334,180.0,100.07916666666665,100.07916666666665,1950.0,-896.6527777777778,-844.9791666666666
2328,1589.9916666666666,235.375,-602.5020833333333,475.0,-682.0016666666667,180.0,-205.00416666666672,-205.00416666666672,1950.0,-921.5416666666666,-882.3125
2329,1118.3666666666668,239.75,-720.4083333333333,475.0,-776.3266666666666,180.0,-440.8166666666666,-440.8166666666666,1950.0,-920.0833333333334,-880.125
2330,1607.725,241.2083333333333,-598.06875,475.0,-678.455,180.0,-196.13750000000005,-196.13750000000005,1950.0,-919.5972222222223,-879.3958333333334
2331,1121.6916666666666,207.375,-719.5770833333333,475.0,-775.6616666666666,180.0,-439.1541666666667,-439.1541666666667,1950.0,-930.875,-896.3125
2332,1431.15,259.0,-642.2125,475.0,-713.77,180.0,-284.42499999999995,-284.42499999999995,1950.0,-913.6666666666666,-870.5
2333,1909.3083333333327,304.7916666666667,-522.6729166666669,475.0,-618.1383333333334,180.0,-45.345833333333644,-45.345833333333644,1950.0,-898.4027777777778,-847.6041666666666
2334,1251.6583333333335,194.54166666666669,-687.0854166666666,475.0,-749.6683333333333,180.0,-374.17083333333323,-374.17083333333323,1950.0,-935.1527777777778,-902.7291666666666
2335,1753.4416666666666,273.875,-561.6395833333333,475.0,-649.3116666666667,180.0,-123.2791666666667,-123.2791666666667,1950.0,-908.7083333333334,-863.0625
2336,1932.7583333333328,292.5416666666667,-516.8104166666668,475.0,-613.4483333333335,180.0,-33.62083333333362,-33.62083333333362,1950.0,-902.4861111111111,-853.7291666666666
2337,2572.15,309.16666666666663,-356.9625,475.0,-485.56999999999994,180.0,286.07500000000005,286.07500000000005,1950.0,-896.9444444444445,-845.4166666666667
2338,1834.4666666666667,293.41666666666663,-541.3833333333333,475.0,-633.1066666666667,180.0,-82.76666666666665,-82.76666666666665,1950.0,-902.1944444444445,-853.2916666666667
2339,1910.7083333333333,294.2916666666667,-522.3229166666667,475.0,-617.8583333333333,180.0,-44.64583333333337,-44.64583333333337,1950.0,-901.9027777777778,-852.8541666666666
2340,1969.975,305.9583333333333,-507.50625,475.0,-606.005,180.0,-15.012500000000045,-15.012500000000045,1950.0,-898.0138888888889,-847.0208333333334
2341,1638.5833333333333,220.5,-590.3541666666667,475.0,-672.2833333333333,180.0,-180.70833333333337,-180.70833333333337,1950.0,-926.5,-889.75
2342,1978.55,229.25,-505.3625,475.0,-604.29,180.0,-10.725000000000023,-10.725000000000023,1950.0,-923.5833333333334,-885.375
2343,1874.7166666666667,303.91666666666663,-531.3208333333333,475.0,-625.0566666666666,180.0,-62.64166666666665,-62.64166666666665,1950.0,-898.6944444444445,-848.0416666666667
2344,1863.575,330.4583333333333,-534.10625,475.0,-627.285,180.0,-68.21249999999998,-68.21249999999998,1950.0,-889.8472222222222,-834.7708333333334
2345,1745.1583333333333,251.7083333333333,-563.7104166666667,475.0,-650.9683333333334,180.0,-127.42083333333335,-127.42083333333335,1950.0,-916.0972222222223,-874.1458333333334
2346,1603.5833333333337,254.91666666666669,-599.1041666666665,475.0,-679.2833333333333,180.0,-198.20833333333314,-198.20833333333314,1950.0,-915.0277777777778,-872.5416666666666
2347,2101.2833333333333,310.33333333333337,-474.6791666666667,475.0,-579.7433333333333,180.0,50.64166666666665,50.64166666666665,1950.0,-896.5555555555555,-844.8333333333333
2348,2029.5333333333333,258.4166666666667,-492.6166666666667,475.0,-594.0933333333334,180.0,14.766666666666652,14.766666666666652,1950.0,-913.8611111111111,-870.7916666666666
2349,1660.1083333333331,259.875,-584.9729166666667,475.0,-667.9783333333334,180.0,-169.94583333333344,-169.94583333333344,1950.0,-913.375,-870.0625
2350,2198.7,268.9166666666667,-450.32500000000005,475.0,-560.26,180.0,99.34999999999991,99.34999999999991,1950.0,-910.3611111111111,-865.5416666666666
2351,1616.65,305.6666666666667,-595.8375,475.0,-676.67,180.0,-191.67499999999995,-191.67499999999995,1950.0,-898.1111111111111,-847.1666666666666
2352,1923.25,326.6666666666667,-519.1875,475.0,-615.35,180.0,-38.375,-38.375,1950.0,-891.1111111111111,-836.6666666666666
2353,1837.5,330.16666666666663,-540.625,475.0,-632.5,180.0,-81.25,-81.25,1950.0,-889.9444444444445,-834.9166666666667
2354,1760.15,250.83333333333331,-559.9625,475.0,-647.97,180.0,-119.92499999999995,-119.92499999999995,1950.0,-916.3888888888889,-874.5833333333334
2355,1928.3833333333332,258.4166666666667,-517.9041666666667,475.0,-614.3233333333334,180.0,-35.808333333333394,-35.808333333333394,1950.0,-913.8611111111111,-870.7916666666666
2356,1808.7416666666663,275.625,-547.8145833333334,475.0,-638.2516666666668,180.0,-95.62916666666683,-95.62916666666683,1950.0,-908.125,-862.1875
2357,2144.333333333333,369.25,-463.91666666666674,475.0,-571.1333333333334,180.0,72.16666666666652,72.16666666666652,1950.0,-876.9166666666666,-815.375
2358,1590.75,222.25,-602.3125,475.0,-681.85,180.0,-204.625,-204.625,1950.0,-925.9166666666666,-888.875
2359,1579.6666666666667,240.91666666666663,-605.0833333333333,475.0,-684.0666666666666,180.0,-210.16666666666663,-210.16666666666663,1950.0,-919.6944444444445,-879.5416666666667
2360,1356.95,190.75,-660.7625,475.0,-728.61,180.0,-321.525,-321.525,1950.0,-936.4166666666666,-904.625
2361,1861.4166666666667,304.5,-534.6458333333333,475.0,-627.7166666666667,180.0,-69.29166666666663,-69.29166666666663,1950.0,-898.5,-847.75
2362,1515.0333333333335,210.0,-621.2416666666666,475.0,-696.9933333333333,180.0,-242.48333333333323,-242.48333333333323,1950.0,-930.0,-895.0
2363,2036.5333333333333,364.5833333333333,-490.8666666666667,475.0,-592.6933333333334,180.0,18.26666666666665,18.26666666666665,1950.0,-878.4722222222222,-817.7083333333334
2364,1623.0666666666666,262.5,-594.2333333333333,475.0,-675.3866666666667,180.0,-188.4666666666667,-188.4666666666667,1950.0,-912.5,-868.75
2365,2110.675,321.7083333333333,-472.33124999999995,475.0,-577.865,180.0,55.33750000000009,55.33750000000009,1950.0,-892.7638888888889,-839.1458333333334
2366,1795.9083333333335,292.5416666666667,-551.0229166666666,475.0,-640.8183333333333,180.0,-102.04583333333323,-102.04583333333323,1950.0,-902.4861111111111,-853.7291666666666
2367,2088.858333333333,272.125,-477.7854166666667,475.0,-582.2283333333334,180.0,44.42916666666656,44.42916666666656,1950.0,-909.2916666666666,-863.9375
2368,2009.4666666666667,319.66666666666663,-497.6333333333333,475.0,-598.1066666666667,180.0,4.7333333333333485,4.7333333333333485,1950.0,-893.4444444444445,-840.1666666666667
2369,1640.3916666666669,254.04166666666663,-589.9020833333333,475.0,-671.9216666666666,180.0,-179.80416666666656,-179.80416666666656,1950.0,-915.3194444444445,-872.9791666666667
2370,1652.7583333333332,290.2083333333333,-586.8104166666667,475.0,-669.4483333333334,180.0,-173.6208333333334,-173.6208333333334,1950.0,-903.2638888888889,-854.8958333333334
2371,2215.4416666666666,289.625,-446.13958333333335,475.0,-556.9116666666666,180.0,107.7208333333333,107.7208333333333,1950.0,-903.4583333333334,-855.1875
2372,1818.425,287.2916666666667,-545.39375,475.0,-636.315,180.0,-90.78750000000002,-90.78750000000002,1950.0,-904.2361111111111,-856.3541666666666
2373,2239.241666666667,319.375,-440.1895833333333,475.0,-552.1516666666666,180.0,119.6208333333334,119.6208333333334,1950.0,-893.5416666666666,-840.3125
2374,2397.5,334.8333333333333,-400.625,475.0,-520.5,180.0,198.75,198.75,1950.0,-888.3888888888889,-832.5833333333334
2375,1859.55,288.75,-535.1125,475.0,-628.09,180.0,-70.22500000000002,-70.22500000000002,1950.0,-903.75,-855.625
2376,1827.233333333333,248.5,-543.1916666666668,475.0,-634.5533333333334,180.0,-86.38333333333355,-86.38333333333355,1950.0,-917.1666666666666,-875.75
2377,1605.3333333333333,286.4166666666667,-598.6666666666667,475.0,-678.9333333333334,180.0,-197.33333333333337,-197.33333333333337,1950.0,-904.5277777777778,-856.7916666666666
2378,1880.725,315.875,-529.81875,475.0,-623.855,180.0,-59.637500000000045,-59.637500000000045,1950.0,-894.7083333333334,-842.0625
2379,2256.741666666667,277.375,-435.8145833333333,475.0,-548.6516666666666,180.0,128.3708333333334,128.3708333333334,1950.0,-907.5416666666666,-861.3125
2380,2384.4333333333334,343.5833333333333,-403.89166666666665,475.0,-523.1133333333333,180.0,192.2166666666667,192.2166666666667,1950.0,-885.4722222222222,-828.2083333333334
2381,1907.3833333333332,296.9166666666667,-523.1541666666667,475.0,-618.5233333333333,180.0,-46.308333333333394,-46.308333333333394,1950.0,-901.0277777777778,-851.5416666666666
2382,2104.9,288.16666666666663,-473.775,475.0,-579.02,180.0,52.450000000000045,52.450000000000045,1950.0,-903.9444444444445,-855.9166666666667
2383,1560.7666666666669,263.6666666666667,-609.8083333333333,475.0,-687.8466666666666,180.0,-219.61666666666656,-219.61666666666656,1950.0,-912.1111111111111,-868.1666666666666
2384,1585.2083333333333,246.4583333333333,-603.6979166666667,475.0,-682.9583333333334,180.0,-207.39583333333337,-207.39583333333337,1950.0,-917.8472222222223,-876.7708333333334
2385,2090.1416666666664,307.125,-477.4645833333334,475.0,-581.9716666666667,180.0,45.07083333333321,45.07083333333321,1950.0,-897.625,-846.4375
2386,1554.6416666666664,237.70833333333331,-611.3395833333334,475.0,-689.0716666666667,180.0,-222.6791666666668,-222.6791666666668,1950.0,-920.7638888888889,-881.1458333333334
2387,1745.7416666666668,252.29166666666669,-563.5645833333333,475.0,-650.8516666666667,180.0,-127.1291666666666,-127.1291666666666,1950.0,-915.9027777777778,-873.8541666666666
2388,1611.3416666666667,219.04166666666663,-597.1645833333333,475.0,-677.7316666666667,180.0,-194.32916666666665,-194.32916666666665,1950.0,-926.9861111111111,-890.4791666666667
2389,2499.291666666667,317.625,-375.17708333333326,475.0,-500.1416666666666,180.0,249.64583333333348,249.64583333333348,1950.0,-894.125,-841.1875
2390,1798.7666666666664,273.58333333333337,-550.3083333333334,475.0,-640.2466666666667,180.0,-100.61666666666679,-100.61666666666679,1950.0,-908.8055555555555,-863.2083333333333
2391,1794.3916666666669,239.45833333333331,-551.4020833333333,475.0,-641.1216666666667,180.0,-102.80416666666656,-102.80416666666656,1950.0,-920.1805555555555,-880.2708333333334
2392,1933.925,283.7916666666667,-516.51875,475.0,-613.215,180.0,-33.03750000000002,-33.03750000000002,1950.0,-905.4027777777778,-858.1041666666666
2393,1746.85,221.66666666666663,-563.2875,475.0,-650.63,180.0,-126.57500000000005,-126.57500000000005,1950.0,-926.1111111111111,-889.1666666666667
2394,2081.8,253.16666666666663,-479.54999999999995,475.0,-583.64,180.0,40.90000000000009,40.90000000000009,1950.0,-915.6111111111111,-873.4166666666667
2395,1730.9833333333331,310.9166666666667,-567.2541666666667,475.0,-653.8033333333334,180.0,-134.50833333333344,-134.50833333333344,1950.0,-896.3611111111111,-844.5416666666666
2396,2199.4,343.0,-450.15,475.0,-560.12,180.0,99.70000000000005,99.70000000000005,1950.0,-885.6666666666666,-828.5
2397,1738.5083333333332,276.7916666666667,-565.3729166666667,475.0,-652.2983333333334,180.0,-130.7458333333334,-130.7458333333334,1950.0,-907.7361111111111,-861.6041666666666
2398,2301.133333333333,373.33333333333337,-424.7166666666667,475.0,-539.7733333333333,180.0,150.5666666666666,150.5666666666666,1950.0,-875.5555555555555,-813.3333333333333
2399,1706.1333333333332,313.8333333333333,-573.4666666666667,475.0,-658.7733333333333,180.0,-146.9333333333334,-146.9333333333334,1950.0,-895.3888888888889,-843.0833333333334
2400,1839.8916666666669,245.29166666666663,-540.0270833333333,475.0,-632.0216666666666,180.0,-80.05416666666656,-80.05416666666656,1950.0,-918.2361111111111,-877.3541666666667
2401,2164.575,254.625,-458.85625000000005,475.0,-567.085,180.0,82.28749999999991,82.28749999999991,1950.0,-915.125,-872.6875
2402,1851.9083333333333,259.29166666666663,-537.0229166666667,475.0,-629.6183333333333,180.0,-74.04583333333335,-74.04583333333335,1950.0,-913.5694444444445,-870.3541666666667
2403,2104.025,237.70833333333331,-473.99375,475.0,-579.1949999999999,180.0,52.012500000000045,52.012500000000045,1950.0,-920.7638888888889,-881.1458333333334
2404,2269.808333333333,278.5416666666667,-432.54791666666677,475.0,-546.0383333333334,180.0,134.90416666666647,134.90416666666647,1950.0,-907.1527777777778,-860.7291666666666
2405,2275.758333333333,288.4583333333333,-431.0604166666667,475.0,-544.8483333333334,180.0,137.8791666666666,137.8791666666666,1950.0,-903.8472222222222,-855.7708333333334
2406,1720.1916666666666,280.29166666666663,-569.9520833333333,475.0,-655.9616666666667,180.0,-139.9041666666667,-139.9041666666667,1950.0,-906.5694444444445,-859.8541666666667
2407,1808.5666666666664,299.25,-547.8583333333333,475.0,-638.2866666666667,180.0,-95.71666666666681,-95.71666666666681,1950.0,-900.25,-850.375
2408,2440.2,292.25,-389.95000000000005,475.0,-511.96000000000004,180.0,220.0999999999999,220.0999999999999,1950.0,-902.5833333333334,-853.875
2409,2166.0333333333333,355.25,-458.4916666666667,475.0,-566.7933333333333,180.0,83.01666666666665,83.01666666666665,1950.0,-881.5833333333334,-822.375
2410,1859.55,288.75,-535.1125,475.0,-628.09,180.0,-70.22500000000002,-70.22500000000002,1950.0,-903.75,-855.625
2411,2047.325,315.875,-488.16875,475.0,-590.535,180.0,23.662500000000023,23.662500000000023,1950.0,-894.7083333333334,-842.0625
2412,2147.3083333333334,324.625,-463.17291666666665,475.0,-570.5383333333333,180.0,73.6541666666667,73.6541666666667,1950.0,-891.7916666666666,-837.6875
2413,1963.3833333333332,283.5,-509.1541666666667,475.0,-607.3233333333334,180.0,-18.308333333333394,-18.308333333333394,1950.0,-905.5,-858.25
2414,1768.6666666666667,221.66666666666663,-557.8333333333333,475.0,-646.2666666666667,180.0,-115.66666666666663,-115.66666666666663,1950.0,-926.1111111111111,-889.1666666666667
2415,1898.983333333333,280.5833333333333,-525.2541666666668,475.0,-620.2033333333334,180.0,-50.50833333333355,-50.50833333333355,1950.0,-906.4722222222222,-859.7083333333334
2416,2307.258333333333,359.625,-423.1854166666667,475.0,-538.5483333333334,180.0,153.6291666666666,153.6291666666666,1950.0,-880.125,-820.1875
2417,2367.2833333333333,338.3333333333333,-408.1791666666667,475.0,-526.5433333333333,180.0,183.64166666666665,183.64166666666665,1950.0,-887.2222222222222,-830.8333333333334
2418,1363.1333333333332,208.83333333333331,-659.2166666666667,475.0,-727.3733333333333,180.0,-318.4333333333334,-318.4333333333334,1950.0,-930.3888888888889,-895.5833333333334
2419,2006.9,329.0,-498.275,475.0,-598.62,180.0,3.4500000000000455,3.4500000000000455,1950.0,-890.3333333333334,-835.5
2420,2022.4166666666667,326.6666666666667,-494.3958333333333,475.0,-595.5166666666667,180.0,11.208333333333371,11.208333333333371,1950.0,-891.1111111111111,-836.6666666666666
2421,2390.5000000000005,298.0833333333333,-402.3749999999999,475.0,-521.8999999999999,180.0,195.25000000000023,195.25000000000023,1950.0,-900.6388888888889,-850.9583333333334
2422,1395.2166666666665,221.08333333333331,-651.1958333333334,475.0,-720.9566666666667,180.0,-302.39166666666677,-302.39166666666677,1950.0,-926.3055555555555,-889.4583333333334
2423,1878.45,285.8333333333333,-530.3875,475.0,-624.31,180.0,-60.77499999999998,-60.77499999999998,1950.0,-904.7222222222222,-857.0833333333334
2424,2019.9083333333333,318.20833333333337,-495.0229166666667,475.0,-596.0183333333333,180.0,9.954166666666652,9.954166666666652,1950.0,-893.9305555555555,-840.8958333333333
2425,1337.2916666666667,206.79166666666663,-665.6770833333333,475.0,-732.5416666666666,180.0,-331.35416666666663,-331.35416666666663,1950.0,-931.0694444444445,-896.6041666666667
2426,1840.825,297.7916666666667,-539.79375,475.0,-631.835,180.0,-79.58749999999998,-79.58749999999998,1950.0,-900.7361111111111,-851.1041666666666
2427,1905.575,253.45833333333331,-523.60625,475.0,-618.885,180.0,-47.21249999999998,-47.21249999999998,1950.0,-915.5138888888889,-873.2708333333334
2428,2126.425,277.9583333333333,-468.39374999999995,475.0,-574.7149999999999,180.0,63.21250000000009,63.21250000000009,1950.0,-907.3472222222222,-861.0208333333334
2429,2017.3416666666667,248.20833333333331,-495.6645833333333,475.0,-596.5316666666666,180.0,8.670833333333348,8.670833333333348,1950.0,-917.2638888888889,-875.8958333333334
2430,1779.5750000000005,276.20833333333337,-555.1062499999998,475.0,-644.0849999999999,180.0,-110.21249999999975,-110.21249999999975,1950.0,-907.9305555555555,-861.8958333333333
2431,1964.1416666666664,280.29166666666663,-508.9645833333334,475.0,-607.1716666666667,180.0,-17.929166666666788,-17.929166666666788,1950.0,-906.5694444444445,-859.8541666666667
2432,2010.1666666666667,274.75,-497.4583333333333,475.0,-597.9666666666667,180.0,5.083333333333371,5.083333333333371,1950.0,-908.4166666666666,-862.625
2433,1501.85,244.41666666666669,-624.5375,475.0,-699.63,180.0,-249.07500000000005,-249.07500000000005,1950.0,-918.5277777777778,-877.7916666666666
2434,1999.9,272.41666666666663,-500.025,475.0,-600.02,180.0,-0.049999999999954525,-0.049999999999954525,1950.0,-909.1944444444445,-863.7916666666667
2435,1508.9083333333333,233.625,-622.7729166666667,475.0,-698.2183333333334,180.0,-245.54583333333335,-245.54583333333335,1950.0,-922.125,-883.1875
2436,1885.275,276.7916666666667,-528.68125,475.0,-622.9449999999999,180.0,-57.362499999999955,-57.362499999999955,1950.0,-907.7361111111111,-861.6041666666666
2437,1883.6416666666664,279.125,-529.0895833333334,475.0,-623.2716666666668,180.0,-58.17916666666679,-58.17916666666679,1950.0,-906.9583333333334,-860.4375
2438,2176.008333333333,277.9583333333333,-455.9979166666667,475.0,-564.7983333333334,180.0,88.0041666666666,88.0041666666666,1950.0,-907.3472222222222,-861.0208333333334
2439,1418.025,196.29166666666663,-645.49375,475.0,-716.395,180.0,-290.98749999999995,-290.98749999999995,1950.0,-934.5694444444445,-901.8541666666667
2440,2305.9166666666665,332.5,-423.52083333333337,475.0,-538.8166666666667,180.0,152.95833333333326,152.95833333333326,1950.0,-889.1666666666666,-833.75
2441,1444.0416666666663,214.375,-638.9895833333335,475.0,-711.1916666666667,180.0,-277.97916666666686,-277.97916666666686,1950.0,-928.5416666666666,-892.8125
2442,2142.0,287.5833333333333,-464.5,475.0,-571.6,180.0,71.0,71.0,1950.0,-904.1388888888889,-856.2083333333334
2443,1527.6333333333332,244.41666666666669,-618.0916666666667,475.0,-694.4733333333334,180.0,-236.1833333333334,-236.1833333333334,1950.0,-918.5277777777778,-877.7916666666666
2444,2095.5666666666666,378.0,-476.10833333333335,475.0,-580.8866666666667,180.0,47.7833333333333,47.7833333333333,1950.0,-874.0,-811.0
2445,1586.7833333333333,252.0,-603.3041666666667,475.0,-682.6433333333333,180.0,-206.60833333333335,-206.60833333333335,1950.0,-916.0,-874.0
2446,1560.5333333333333,225.75,-609.8666666666667,475.0,-687.8933333333333,180.0,-219.73333333333335,-219.73333333333335,1950.0,-924.75,-887.125
2447,1666.0,247.91666666666663,-583.5,475.0,-666.8,180.0,-167.0,-167.0,1950.0,-917.3611111111111,-876.0416666666667
2448,1794.7416666666668,281.45833333333337,-551.3145833333333,475.0,-641.0516666666666,180.0,-102.6291666666666,-102.6291666666666,1950.0,-906.1805555555555,-859.2708333333333
2449,1450.7499999999998,221.08333333333331,-637.3125,475.0,-709.85,180.0,-274.6250000000001,-274.6250000000001,1950.0,-926.3055555555555,-889.4583333333334
2450,1172.7916666666667,181.125,-706.8020833333333,475.0,-765.4416666666666,180.0,-413.60416666666663,-413.60416666666663,1950.0,-939.625,-909.4375
2451,2218.533333333333,348.25,-445.3666666666668,475.0,-556.2933333333334,180.0,109.26666666666642,109.26666666666642,1950.0,-883.9166666666666,-825.875
2452,1985.375,240.04166666666663,-503.65625,475.0,-602.925,180.0,-7.3125,-7.3125,1950.0,-919.9861111111111,-879.9791666666667
2453,1321.1333333333334,186.66666666666669,-669.7166666666667,475.0,-735.7733333333333,180.0,-339.4333333333333,-339.4333333333333,1950.0,-937.7777777777778,-906.6666666666666
2454,1891.3416666666667,231.29166666666669,-527.1645833333333,475.0,-621.7316666666667,180.0,-54.32916666666665,-54.32916666666665,1950.0,-922.9027777777778,-884.3541666666666
2455,1794.9166666666667,267.75,-551.2708333333333,475.0,-641.0166666666667,180.0,-102.54166666666663,-102.54166666666663,1950.0,-910.75,-866.125
2456,1492.2833333333333,266.5833333333333,-626.9291666666667,475.0,-701.5433333333333,180.0,-253.85833333333335,-253.85833333333335,1950.0,-911.1388888888889,-866.7083333333334
2457,1312.325,255.20833333333331,-671.91875,475.0,-737.535,180.0,-343.8375,-343.8375,1950.0,-914.9305555555555,-872.3958333333334
2458,1800.1666666666667,253.16666666666663,-549.9583333333333,475.0,-639.9666666666667,180.0,-99.91666666666663,-99.91666666666663,1950.0,-915.6111111111111,-873.4166666666667
2459,1963.325,291.375,-509.16875,475.0,-607.335,180.0,-18.337499999999977,-18.337499999999977,1950.0,-902.875,-854.3125
2460,2190.708333333333,286.70833333333337,-452.32291666666674,475.0,-561.8583333333333,180.0,95.35416666666652,95.35416666666652,1950.0,-904.4305555555555,-856.6458333333333
2461,1823.2666666666669,278.25,-544.1833333333333,475.0,-635.3466666666666,180.0,-88.36666666666656,-88.36666666666656,1950.0,-907.25,-860.875
2462,1976.0416666666663,290.2083333333333,-505.9895833333334,475.0,-604.7916666666667,180.0,-11.979166666666856,-11.979166666666856,1950.0,-903.2638888888889,-854.8958333333334
2463,2269.925,312.375,-432.51874999999995,475.0,-546.015,180.0,134.9625000000001,134.9625000000001,1950.0,-895.875,-843.8125
2464,1796.8416666666667,265.70833333333337,-550.7895833333333,475.0,-640.6316666666667,180.0,-101.57916666666665,-101.57916666666665,1950.0,-911.4305555555555,-867.1458333333333
2465,1916.075,273.875,-520.98125,475.0,-616.785,180.0,-41.96249999999998,-41.96249999999998,1950.0,-908.7083333333334,-863.0625
2466,2098.25,283.5,-475.4375,475.0,-580.35,180.0,49.125,49.125,1950.0,-905.5,-858.25
2467,2069.4333333333334,246.75,-482.64166666666665,475.0,-586.1133333333333,180.0,34.7166666666667,34.7166666666667,1950.0,-917.75,-876.625
2468,1718.0333333333333,264.25,-570.4916666666667,475.0,-656.3933333333333,180.0,-140.98333333333335,-140.98333333333335,1950.0,-911.9166666666666,-867.875
2469,1879.4416666666664,241.2083333333333,-530.1395833333333,475.0,-624.1116666666667,180.0,-60.27916666666681,-60.27916666666681,1950.0,-919.5972222222223,-879.3958333333334
2470,1623.3583333333331,262.7916666666667,-594.1604166666667,475.0,-675.3283333333334,180.0,-188.32083333333344,-188.32083333333344,1950.0,-912.4027777777778,-868.6041666666666
2471,1543.675,230.7083333333333,-614.08125,475.0,-691.265,180.0,-228.16250000000002,-228.16250000000002,1950.0,-923.0972222222223,-884.6458333333334
2472,2383.15,328.4166666666667,-404.2125,475.0,-523.37,180.0,191.57500000000005,191.57500000000005,1950.0,-890.5277777777778,-835.7916666666666
2473,2010.8083333333332,297.20833333333337,-497.2979166666667,475.0,-597.8383333333334,180.0,5.404166666666583,5.404166666666583,1950.0,-900.9305555555555,-851.3958333333333
2474,1556.2166666666667,312.6666666666667,-610.9458333333333,475.0,-688.7566666666667,180.0,-221.89166666666665,-221.89166666666665,1950.0,-895.7777777777778,-843.6666666666666
2475,1352.4,210.0,-661.9,475.0,-729.52,180.0,-323.79999999999995,-323.79999999999995,1950.0,-930.0,-895.0
2476,2419.2,340.66666666666663,-395.20000000000005,475.0,-516.1600000000001,180.0,209.5999999999999,209.5999999999999,1950.0,-886.4444444444445,-829.6666666666667
2477,2511.4833333333336,347.6666666666667,-372.1291666666666,475.0,-497.70333333333326,180.0,255.7416666666668,255.7416666666668,1950.0,-884.1111111111111,-826.1666666666666
2478,1864.8,303.91666666666663,-533.8,475.0,-627.04,180.0,-67.60000000000002,-67.60000000000002,1950.0,-898.6944444444445,-848.0416666666667
2479,1937.6583333333333,265.70833333333337,-515.5854166666667,475.0,-612.4683333333334,180.0,-31.17083333333335,-31.17083333333335,1950.0,-911.4305555555555,-867.1458333333333
2480,2230.958333333333,317.04166666666663,-442.26041666666674,475.0,-553.8083333333334,180.0,115.47916666666652,115.47916666666652,1950.0,-894.3194444444445,-841.4791666666667
2481,1916.3666666666668,303.91666666666663,-520.9083333333333,475.0,-616.7266666666667,180.0,-41.816666666666606,-41.816666666666606,1950.0,-898.6944444444445,-848.0416666666667
2482,1573.1916666666666,212.625,-606.7020833333333,475.0,-685.3616666666667,180.0,-213.4041666666667,-213.4041666666667,1950.0,-929.125,-893.6875
2483,1643.775,273.2916666666667,-589.05625,475.0,-671.245,180.0,-178.11249999999995,-178.11249999999995,1950.0,-908.9027777777778,-863.3541666666666
2484,2014.5416666666667,239.45833333333331,-496.3645833333333,475.0,-597.0916666666667,180.0,7.270833333333371,7.270833333333371,1950.0,-920.1805555555555,-880.2708333333334
2485,1512.875,203.875,-621.78125,475.0,-697.425,180.0,-243.5625,-243.5625,1950.0,-932.0416666666666,-898.0625
2486,2139.55,310.9166666666667,-465.11249999999995,475.0,-572.0899999999999,180.0,69.77500000000009,69.77500000000009,1950.0,-896.3611111111111,-844.5416666666666
2487,1751.6916666666666,242.375,-562.0770833333333,475.0,-649.6616666666666,180.0,-124.1541666666667,-124.1541666666667,1950.0,-919.2083333333334,-878.8125
2488,1107.3416666666667,240.625,-723.1645833333333,475.0,-778.5316666666666,180.0,-446.32916666666665,-446.32916666666665,1950.0,-919.7916666666666,-879.6875
2489,1642.3749999999998,234.20833333333331,-589.40625,475.0,-671.5250000000001,180.0,-178.8125000000001,-178.8125000000001,1950.0,-921.9305555555555,-882.8958333333334
2490,1768.6666666666667,301.0,-557.8333333333333,475.0,-646.2666666666667,180.0,-115.66666666666663,-115.66666666666663,1950.0,-899.6666666666666,-849.5
2491,1854.9416666666664,315.875,-536.2645833333333,475.0,-629.0116666666668,180.0,-72.52916666666681,-72.52916666666681,1950.0,-894.7083333333334,-842.0625
2492,1324.1666666666667,193.66666666666663,-668.9583333333333,475.0,-735.1666666666666,180.0,-337.91666666666663,-337.91666666666663,1950.0,-935.4444444444445,-903.1666666666667
2493,1936.0833333333333,250.25,-515.9791666666667,475.0,-612.7833333333333,180.0,-31.95833333333337,-31.95833333333337,1950.0,-916.5833333333334,-874.875
2494,1599.0916666666667,276.20833333333337,-600.2270833333333,475.0,-680.1816666666666,180.0,-200.45416666666665,-200.45416666666665,1950.0,-907.9305555555555,-861.8958333333333
2495,2268.175,340.375,-432.95624999999995,475.0,-546.365,180.0,134.0875000000001,134.0875000000001,1950.0,-886.5416666666666,-829.8125
2496,2116.975,324.0416666666667,-470.75625,475.0,-576.605,180.0,58.487499999999955,58.487499999999955,1950.0,-891.9861111111111,-837.9791666666666
2497,1875.0083333333328,304.2083333333333,-531.2479166666668,475.0,-624.9983333333334,180.0,-62.49583333333362,-62.49583333333362,1950.0,-898.5972222222222,-847.8958333333334
2498,1421.0583333333334,233.04166666666663,-644.7354166666667,475.0,-715.7883333333333,180.0,-289.4708333333333,-289.4708333333333,1950.0,-922.3194444444445,-883.4791666666667
2499,1612.3333333333337,233.91666666666669,-596.9166666666665,475.0,-677.5333333333333,180.0,-193.83333333333314,-193.83333333333314,1950.0,-922.0277777777778,-883.0416666666666
2500,1598.5083333333332,265.70833333333337,-600.3729166666667,475.0,-680.2983333333334,180.0,-200.7458333333334,-200.7458333333334,1950.0,-911.4305555555555,-867.1458333333333
2501,1773.625,305.9583333333333,-556.59375,475.0,-645.275,180.0,-113.1875,-113.1875,1950.0,-898.0138888888889,-847.0208333333334
2502,1808.8,307.4166666666667,-547.8,475.0,-638.24,180.0,-95.60000000000002,-95.60000000000002,1950.0,-897.5277777777778,-846.2916666666666
2503,1751.6333333333332,280.0,-562.0916666666667,475.0,-649.6733333333334,180.0,-124.1833333333334,-124.1833333333334,1950.0,-906.6666666666666,-860.0
2504,1434.65,193.08333333333331,-641.3375,475.0,-713.0699999999999,180.0,-282.67499999999995,-282.67499999999995,1950.0,-935.6388888888889,-903.4583333333334
2505,1855.9333333333332,281.1666666666667,-536.0166666666667,475.0,-628.8133333333334,180.0,-72.03333333333342,-72.03333333333342,1950.0,-906.2777777777778,-859.4166666666666
2506,1802.85,297.5,-549.2875,475.0,-639.4300000000001,180.0,-98.57500000000005,-98.57500000000005,1950.0,-900.8333333333334,-851.25
2507,2010.1666666666667,304.5,-497.4583333333333,475.0,-597.9666666666667,180.0,5.083333333333371,5.083333333333371,1950.0,-898.5,-847.75
2508,1242.0333333333335,214.66666666666663,-689.4916666666666,475.0,-751.5933333333332,180.0,-378.98333333333323,-378.98333333333323,1950.0,-928.4444444444445,-892.6666666666667
2509,1783.5416666666667,266.2916666666667,-554.1145833333333,475.0,-643.2916666666666,180.0,-108.22916666666663,-108.22916666666663,1950.0,-911.2361111111111,-866.8541666666666
2510,1991.0916666666667,301.29166666666663,-502.2270833333333,475.0,-601.7816666666666,180.0,-4.4541666666666515,-4.4541666666666515,1950.0,-899.5694444444445,-849.3541666666667
2511,1714.65,235.08333333333331,-571.3375,475.0,-657.0699999999999,180.0,-142.67499999999995,-142.67499999999995,1950.0,-921.6388888888889,-882.4583333333334
2512,1624.1166666666668,229.83333333333331,-593.9708333333333,475.0,-675.1766666666666,180.0,-187.9416666666666,-187.9416666666666,1950.0,-923.3888888888889,-885.0833333333334
2513,1778.9333333333332,283.5,-555.2666666666667,475.0,-644.2133333333334,180.0,-110.53333333333342,-110.53333333333342,1950.0,-905.5,-858.25
2514,1554.7583333333334,231.875,-611.3104166666667,475.0,-689.0483333333333,180.0,-222.62083333333328,-222.62083333333328,1950.0,-922.7083333333334,-884.0625
2515,1784.1833333333332,268.9166666666667,-553.9541666666667,475.0,-643.1633333333334,180.0,-107.90833333333342,-107.90833333333342,1950.0,-910.3611111111111,-865.5416666666666
2516,2526.5333333333333,329.0,-368.3666666666667,475.0,-494.6933333333333,180.0,263.26666666666665,263.26666666666665,1950.0,-890.3333333333334,-835.5
2517,2063.5416666666665,248.79166666666663,-484.11458333333337,475.0,-587.2916666666667,180.0,31.770833333333258,31.770833333333258,1950.0,-917.0694444444445,-875.6041666666667
2518,1904.4083333333333,252.29166666666669,-523.8979166666667,475.0,-619.1183333333333,180.0,-47.79583333333335,-47.79583333333335,1950.0,-915.9027777777778,-873.8541666666666
2519,1520.2833333333333,314.41666666666663,-619.9291666666667,475.0,-695.9433333333334,180.0,-239.85833333333335,-239.85833333333335,1950.0,-895.1944444444445,-842.7916666666667
2520,1471.225,213.79166666666663,-632.19375,475.0,-705.755,180.0,-264.38750000000005,-264.38750000000005,1950.0,-928.7361111111111,-893.1041666666667
2521,1975.8083333333336,222.54166666666663,-506.0479166666666,475.0,-604.8383333333333,180.0,-12.09583333333319,-12.09583333333319,1950.0,-925.8194444444445,-888.7291666666667
2522,2211.0666666666666,275.3333333333333,-447.23333333333335,475.0,-557.7866666666666,180.0,105.5333333333333,105.5333333333333,1950.0,-908.2222222222222,-862.3333333333334
2523,1684.0833333333337,246.16666666666663,-578.9791666666665,475.0,-663.1833333333333,180.0,-157.95833333333314,-157.95833333333314,1950.0,-917.9444444444445,-876.9166666666667
2524,1738.1,252.58333333333331,-565.475,475.0,-652.38,180.0,-130.95000000000005,-130.95000000000005,1950.0,-915.8055555555555,-873.7083333333334
2525,2062.958333333333,287.875,-484.26041666666674,475.0,-587.4083333333334,180.0,31.479166666666515,31.479166666666515,1950.0,-904.0416666666666,-856.0625
2526,1174.3083333333332,144.95833333333334,-706.4229166666667,475.0,-765.1383333333333,180.0,-412.8458333333334,-412.8458333333334,1950.0,-951.6805555555555,-927.5208333333334
2527,1546.0666666666666,215.25,-613.4833333333333,475.0,-690.7866666666666,180.0,-226.9666666666667,-226.9666666666667,1950.0,-928.25,-892.375
2528,2286.083333333333,322.5833333333333,-428.47916666666674,475.0,-542.7833333333334,180.0,143.04166666666652,143.04166666666652,1950.0,-892.4722222222222,-838.7083333333334
2529,2352.2333333333336,327.25,-411.9416666666666,475.0,-529.5533333333333,180.0,176.1166666666668,176.1166666666668,1950.0,-890.9166666666666,-836.375
2530,1850.8,250.25,-537.3,475.0,-629.84,180.0,-74.60000000000002,-74.60000000000002,1950.0,-916.5833333333334,-874.875
2531,1909.6583333333333,287.2916666666667,-522.5854166666667,475.0,-618.0683333333334,180.0,-45.17083333333335,-45.17083333333335,1950.0,-904.2361111111111,-856.3541666666666
2532,1648.7916666666667,220.79166666666669,-587.8020833333333,475.0,-670.2416666666667,180.0,-175.60416666666663,-175.60416666666663,1950.0,-926.4027777777778,-889.6041666666666
2533,1901.6666666666667,295.1666666666667,-524.5833333333333,475.0,-619.6666666666666,180.0,-49.16666666666663,-49.16666666666663,1950.0,-901.6111111111111,-852.4166666666666
2534,1555.5750000000005,250.54166666666663,-611.1062499999998,475.0,-688.8849999999999,180.0,-222.21249999999975,-222.21249999999975,1950.0,-916.4861111111111,-874.7291666666667
2535,1732.5,254.91666666666669,-566.875,475.0,-653.5,180.0,-133.75,-133.75,1950.0,-915.0277777777778,-872.5416666666666
2536,1306.9,214.08333333333331,-673.275,475.0,-738.62,180.0,-346.54999999999995,-346.54999999999995,1950.0,-928.6388888888889,-892.9583333333334
2537,1809.2083333333333,242.375,-547.6979166666667,475.0,-638.1583333333333,180.0,-95.39583333333337,-95.39583333333337,1950.0,-919.2083333333334,-878.8125
2538,2128.991666666667,328.125,-467.7520833333333,475.0,-574.2016666666666,180.0,64.4958333333334,64.4958333333334,1950.0,-890.625,-835.9375
2539,1984.325,262.7916666666667,-503.91875,475.0,-603.135,180.0,-7.837499999999977,-7.837499999999977,1950.0,-912.4027777777778,-868.6041666666666
2540,2062.083333333333,296.9166666666667,-484.47916666666674,475.0,-587.5833333333334,180.0,31.041666666666515,31.041666666666515,1950.0,-901.0277777777778,-851.5416666666666
2541,1443.4,201.8333333333333,-639.15,475.0,-711.3199999999999,180.0,-278.29999999999995,-278.29999999999995,1950.0,-932.7222222222223,-899.0833333333334
2542,2089.9666666666667,281.1666666666667,-477.5083333333333,475.0,-582.0066666666667,180.0,44.98333333333335,44.98333333333335,1950.0,-906.2777777777778,-859.4166666666666
2543,1736.9333333333334,320.83333333333337,-565.7666666666667,475.0,-652.6133333333333,180.0,-131.5333333333333,-131.5333333333333,1950.0,-893.0555555555555,-839.5833333333333
2544,1570.8,208.25,-607.3,475.0,-685.84,180.0,-214.60000000000002,-214.60000000000002,1950.0,-930.5833333333334,-895.875
2545,1680.2333333333331,299.83333333333337,-579.9416666666667,475.0,-663.9533333333334,180.0,-159.88333333333344,-159.88333333333344,1950.0,-900.0555555555555,-850.0833333333333
2546,1699.8333333333333,271.8333333333333,-575.0416666666667,475.0,-660.0333333333333,180.0,-150.08333333333337,-150.08333333333337,1950.0,-909.3888888888889,-864.0833333333334
2547,1466.2666666666669,248.5,-633.4333333333333,475.0,-706.7466666666667,180.0,-266.86666666666656,-266.86666666666656,1950.0,-917.1666666666666,-875.75
2548,2284.858333333333,309.4583333333333,-428.7854166666667,475.0,-543.0283333333334,180.0,142.42916666666656,142.42916666666656,1950.0,-896.8472222222222,-845.2708333333334
2549,1692.4249999999995,230.7083333333333,-576.8937500000002,475.0,-661.5150000000001,180.0,-153.78750000000025,-153.78750000000025,1950.0,-923.0972222222223,-884.6458333333334
2550,1855.9333333333327,251.41666666666663,-536.0166666666669,475.0,-628.8133333333335,180.0,-72.03333333333364,-72.03333333333364,1950.0,-916.1944444444445,-874.2916666666667
2551,1766.8,295.1666666666667,-558.3,475.0,-646.64,180.0,-116.60000000000002,-116.60000000000002,1950.0,-901.6111111111111,-852.4166666666666
2552,2016.8166666666664,309.16666666666663,-495.7958333333334,475.0,-596.6366666666668,180.0,8.40833333333319,8.40833333333319,1950.0,-896.9444444444445,-845.4166666666667
2553,1753.5,226.33333333333331,-561.625,475.0,-649.3,180.0,-123.25,-123.25,1950.0,-924.5555555555555,-886.8333333333334
2554,1535.5666666666666,244.41666666666669,-616.1083333333333,475.0,-692.8866666666667,180.0,-232.2166666666667,-232.2166666666667,1950.0,-918.5277777777778,-877.7916666666666
2555,1947.575,305.375,-513.10625,475.0,-610.485,180.0,-26.212499999999977,-26.212499999999977,1950.0,-898.2083333333334,-847.3125
2556,1463.4666666666667,219.91666666666663,-634.1333333333333,475.0,-707.3066666666666,180.0,-268.26666666666665,-268.26666666666665,1950.0,-926.6944444444445,-890.0416666666667
2557,1293.4833333333331,200.66666666666663,-676.6291666666667,475.0,-741.3033333333334,180.0,-353.25833333333344,-353.25833333333344,1950.0,-933.1111111111111,-899.6666666666667
2558,1986.8916666666669,253.45833333333331,-503.2770833333333,475.0,-602.6216666666667,180.0,-6.554166666666561,-6.554166666666561,1950.0,-915.5138888888889,-873.2708333333334
2559,1509.3166666666666,228.0833333333333,-622.6708333333333,475.0,-698.1366666666667,180.0,-245.3416666666667,-245.3416666666667,1950.0,-923.9722222222223,-885.9583333333334
2560,2126.95,316.1666666666667,-468.26250000000005,475.0,-574.61,180.0,63.47499999999991,63.47499999999991,1950.0,-894.6111111111111,-841.9166666666666
2561,1185.8,150.5,-703.55,475.0,-762.84,180.0,-407.1,-407.1,1950.0,-949.8333333333334,-924.75
2562,1840.0666666666664,241.5,-539.9833333333333,475.0,-631.9866666666667,180.0,-79.96666666666681,-79.96666666666681,1950.0,-919.5,-879.25
2563,1907.3833333333328,306.8333333333333,-523.1541666666668,475.0,-618.5233333333334,180.0,-46.30833333333362,-46.30833333333362,1950.0,-897.7222222222222,-846.5833333333334
2564,2378.25,315.58333333333337,-405.4375,475.0,-524.35,180.0,189.125,189.125,1950.0,-894.8055555555555,-842.2083333333333
2565,1966.358333333333,288.4583333333333,-508.4104166666668,475.0,-606.7283333333335,180.0,-16.820833333333553,-16.820833333333553,1950.0,-903.8472222222222,-855.7708333333334
2566,1781.2666666666664,266.0,-554.6833333333334,475.0,-643.7466666666667,180.0,-109.36666666666679,-109.36666666666679,1950.0,-911.3333333333334,-867.0
2567,2094.75,319.66666666666663,-476.3125,475.0,-581.05,180.0,47.375,47.375,1950.0,-893.4444444444445,-840.1666666666667
2568,1132.1333333333332,215.83333333333331,-716.9666666666667,475.0,-773.5733333333334,180.0,-433.9333333333334,-433.9333333333334,1950.0,-928.0555555555555,-892.0833333333334
2569,1934.2166666666665,313.8333333333333,-516.4458333333334,475.0,-613.1566666666668,180.0,-32.891666666666765,-32.891666666666765,1950.0,-895.3888888888889,-843.0833333333334
2570,2196.25,312.0833333333333,-450.9375,475.0,-560.75,180.0,98.125,98.125,1950.0,-895.9722222222222,-843.9583333333334
2571,2115.75,340.66666666666663,-471.0625,475.0,-576.85,180.0,57.875,57.875,1950.0,-886.4444444444445,-829.6666666666667
2572,1946.875,290.79166666666663,-513.28125,475.0,-610.625,180.0,-26.5625,-26.5625,1950.0,-903.0694444444445,-854.6041666666667
2573,1408.6333333333332,204.75,-647.8416666666667,475.0,-718.2733333333333,180.0,-295.6833333333334,-295.6833333333334,1950.0,-931.75,-897.625
2574,1668.6833333333332,193.08333333333331,-582.8291666666667,475.0,-666.2633333333333,180.0,-165.65833333333342,-165.65833333333342,1950.0,-935.6388888888889,-903.4583333333334
2575,2326.45,357.0,-418.38750000000005,475.0,-534.71,180.0,163.2249999999999,163.2249999999999,1950.0,-881.0,-821.5
2576,1922.375,226.625,-519.40625,475.0,-615.525,180.0,-38.8125,-38.8125,1950.0,-924.4583333333334,-886.6875
2577,1978.608333333333,241.2083333333333,-505.3479166666668,475.0,-604.2783333333334,180.0,-10.695833333333553,-10.695833333333553,1950.0,-919.5972222222223,-879.3958333333334
2578,2369.675,382.375,-407.58124999999995,475.0,-526.0649999999999,180.0,184.8375000000001,184.8375000000001,1950.0,-872.5416666666666,-808.8125
2579,2224.1916666666666,288.4583333333333,-443.95208333333335,475.0,-555.1616666666666,180.0,112.0958333333333,112.0958333333333,1950.0,-903.8472222222222,-855.7708333333334
2580,2240.233333333333,354.0833333333333,-439.9416666666667,475.0,-551.9533333333334,180.0,120.11666666666656,120.11666666666656,1950.0,-881.9722222222222,-822.9583333333334
2581,1225.525,202.125,-693.61875,475.0,-754.895,180.0,-387.23749999999995,-387.23749999999995,1950.0,-932.625,-898.9375
2582,1733.2583333333332,271.5416666666667,-566.6854166666667,475.0,-653.3483333333334,180.0,-133.3708333333334,-133.3708333333334,1950.0,-909.4861111111111,-864.2291666666666
2583,1857.45,274.75,-535.6375,475.0,-628.51,180.0,-71.27499999999998,-71.27499999999998,1950.0,-908.4166666666666,-862.625
2584,2107.4666666666662,308.5833333333333,-473.13333333333344,475.0,-578.5066666666668,180.0,53.73333333333312,53.73333333333312,1950.0,-897.1388888888889,-845.7083333333334
2585,1419.25,209.41666666666663,-645.1875,475.0,-716.15,180.0,-290.375,-290.375,1950.0,-930.1944444444445,-895.2916666666667
2586,1937.0166666666669,253.16666666666663,-515.7458333333333,475.0,-612.5966666666666,180.0,-31.49166666666656,-31.49166666666656,1950.0,-915.6111111111111,-873.4166666666667
2587,1644.2416666666668,329.2916666666667,-588.9395833333333,475.0,-671.1516666666666,180.0,-177.8791666666666,-177.8791666666666,1950.0,-890.2361111111111,-835.3541666666666
2588,1877.75,271.25,-530.5625,475.0,-624.45,180.0,-61.125,-61.125,1950.0,-909.5833333333334,-864.375
2589,1993.483333333333,285.8333333333333,-501.6291666666668,475.0,-601.3033333333334,180.0,-3.258333333333553,-3.258333333333553,1950.0,-904.7222222222222,-857.0833333333334
2590,2048.4333333333334,245.58333333333331,-487.89166666666665,475.0,-590.3133333333333,180.0,24.216666666666697,24.216666666666697,1950.0,-918.1388888888889,-877.2083333333334
2591,2064.883333333333,285.8333333333333,-483.7791666666667,475.0,-587.0233333333333,180.0,32.441666666666606,32.441666666666606,1950.0,-904.7222222222222,-857.0833333333334
2592,2103.9083333333333,303.0416666666667,-474.0229166666667,475.0,-579.2183333333334,180.0,51.95416666666665,51.95416666666665,1950.0,-898.9861111111111,-848.4791666666666
2593,1194.9,201.25,-701.275,475.0,-761.02,180.0,-402.54999999999995,-402.54999999999995,1950.0,-932.9166666666666,-899.375
2594,2308.483333333333,303.3333333333333,-422.8791666666667,475.0,-538.3033333333334,180.0,154.24166666666656,154.24166666666656,1950.0,-898.8888888888889,-848.3333333333334
2595,2381.925,325.2083333333333,-404.51874999999995,475.0,-523.615,180.0,190.9625000000001,190.9625000000001,1950.0,-891.5972222222222,-837.3958333333334
2596,1733.7833333333335,250.25,-566.5541666666666,475.0,-653.2433333333333,180.0,-133.10833333333323,-133.10833333333323,1950.0,-916.5833333333334,-874.875
2597,1942.325,270.375,-514.41875,475.0,-611.535,180.0,-28.837499999999977,-28.837499999999977,1950.0,-909.875,-864.8125
2598,1925.9333333333332,281.75,-518.5166666666667,475.0,-614.8133333333334,180.0,-37.03333333333342,-37.03333333333342,1950.0,-906.0833333333334,-859.125
2599,1617.0,278.25,-595.75,475.0,-676.6,180.0,-191.5,-191.5,1950.0,-907.25,-860.875
2600,2195.375,301.29166666666663,-451.15625,475.0,-560.925,180.0,97.6875,97.6875,1950.0,-899.5694444444445,-849.3541666666667
2601,1925.0583333333332,270.95833333333337,-518.7354166666667,475.0,-614.9883333333333,180.0,-37.47083333333342,-37.47083333333342,1950.0,-909.6805555555555,-864.5208333333333
2602,1883.525,265.125,-529.11875,475.0,-623.295,180.0,-58.237499999999955,-58.237499999999955,1950.0,-911.625,-867.4375
2603,1976.1583333333333,234.79166666666663,-505.9604166666667,475.0,-604.7683333333333,180.0,-11.920833333333348,-11.920833333333348,1950.0,-921.7361111111111,-882.6041666666667
2604,1781.6166666666668,278.25,-554.5958333333333,475.0,-643.6766666666666,180.0,-109.1916666666666,-109.1916666666666,1950.0,-907.25,-860.875
2605,2307.8416666666662,310.625,-423.03958333333344,475.0,-538.4316666666667,180.0,153.92083333333312,153.92083333333312,1950.0,-896.4583333333334,-844.6875
2606,1988.875,283.2083333333333,-502.78125,475.0,-602.225,180.0,-5.5625,-5.5625,1950.0,-905.5972222222222,-858.3958333333334
2607,1421.2916666666667,221.375,-644.6770833333333,475.0,-715.7416666666667,180.0,-289.35416666666663,-289.35416666666663,1950.0,-926.2083333333334,-889.3125
2608,1695.9833333333331,226.33333333333331,-576.0041666666667,475.0,-660.8033333333334,180.0,-152.00833333333344,-152.00833333333344,1950.0,-924.5555555555555,-886.8333333333334
2609,1851.675,231.29166666666669,-537.08125,475.0,-629.665,180.0,-74.16250000000002,-74.16250000000002,1950.0,-922.9027777777778,-884.3541666666666
2610,1828.4583333333333,291.375,-542.8854166666667,475.0,-634.3083333333334,180.0,-85.77083333333337,-85.77083333333337,1950.0,-902.875,-854.3125
2611,1997.45,285.8333333333333,-500.6375,475.0,-600.51,180.0,-1.2749999999999773,-1.2749999999999773,1950.0,-904.7222222222222,-857.0833333333334
2612,2152.2666666666664,280.0,-461.9333333333334,475.0,-569.5466666666667,180.0,76.13333333333321,76.13333333333321,1950.0,-906.6666666666666,-860.0
2613,1754.725,259.29166666666663,-561.31875,475.0,-649.0550000000001,180.0,-122.63750000000005,-122.63750000000005,1950.0,-913.5694444444445,-870.3541666666667
2614,2227.925,280.29166666666663,-443.01874999999995,475.0,-554.415,180.0,113.96250000000009,113.96250000000009,1950.0,-906.5694444444445,-859.8541666666667
2615,2193.45,293.41666666666663,-451.63750000000005,475.0,-561.3100000000001,180.0,96.72499999999991,96.72499999999991,1950.0,-902.1944444444445,-853.2916666666667
2616,2168.133333333333,280.0,-457.9666666666667,475.0,-566.3733333333333,180.0,84.0666666666666,84.0666666666666,1950.0,-906.6666666666666,-860.0
2617,1832.8916666666669,238.29166666666663,-541.7770833333333,475.0,-633.4216666666666,180.0,-83.55416666666656,-83.55416666666656,1950.0,-920.5694444444445,-880.8541666666667
2618,1855.1166666666668,331.9166666666667,-536.2208333333333,475.0,-628.9766666666667,180.0,-72.4416666666666,-72.4416666666666,1950.0,-889.3611111111111,-834.0416666666666
2619,2130.6833333333334,337.75,-467.32916666666665,475.0,-573.8633333333333,180.0,65.3416666666667,65.3416666666667,1950.0,-887.4166666666666,-831.125
2620,1603.4083333333335,219.04166666666663,-599.1479166666666,475.0,-679.3183333333333,180.0,-198.29583333333323,-198.29583333333323,1950.0,-926.9861111111111,-890.4791666666667
2621,1764.875,237.70833333333331,-558.78125,475.0,-647.025,180.0,-117.5625,-117.5625,1950.0,-920.7638888888889,-881.1458333333334
2622,1682.1,305.6666666666667,-579.475,475.0,-663.58,180.0,-158.95000000000005,-158.95000000000005,1950.0,-898.1111111111111,-847.1666666666666
2623,1946.4666666666667,266.5833333333333,-513.3833333333333,475.0,-610.7066666666667,180.0,-26.76666666666665,-26.76666666666665,1950.0,-911.1388888888889,-866.7083333333334
2624,1556.5666666666666,235.66666666666663,-610.8583333333333,475.0,-688.6866666666667,180.0,-221.7166666666667,-221.7166666666667,1950.0,-921.4444444444445,-882.1666666666667
2625,2480.1583333333333,361.9583333333333,-379.9604166666667,475.0,-503.96833333333336,180.0,240.07916666666665,240.07916666666665,1950.0,-879.3472222222222,-819.0208333333334
2626,2297.5166666666664,306.25,-425.6208333333334,475.0,-540.4966666666667,180.0,148.7583333333332,148.7583333333332,1950.0,-897.9166666666666,-846.875
2627,1772.75,305.08333333333337,-556.8125,475.0,-645.45,180.0,-113.625,-113.625,1950.0,-898.3055555555555,-847.4583333333333
2628,1616.475,289.625,-595.88125,475.0,-676.705,180.0,-191.76250000000005,-191.76250000000005,1950.0,-903.4583333333334,-855.1875
2629,1931.65,303.3333333333333,-517.0875,475.0,-613.67,180.0,-34.174999999999955,-34.174999999999955,1950.0,-898.8888888888889,-848.3333333333334
2630,1847.5916666666667,286.70833333333337,-538.1020833333333,475.0,-630.4816666666667,180.0,-76.20416666666665,-76.20416666666665,1950.0,-904.4305555555555,-856.6458333333333
2631,1830.5583333333332,285.54166666666663,-542.3604166666667,475.0,-633.8883333333333,180.0,-84.72083333333342,-84.72083333333342,1950.0,-904.8194444444445,-857.2291666666667
2632,2446.15,361.6666666666666,-388.4625,475.0,-510.77,180.0,223.07500000000005,223.07500000000005,1950.0,-879.4444444444445,-819.1666666666667
2633,1893.0333333333333,250.83333333333331,-526.7416666666667,475.0,-621.3933333333333,180.0,-53.48333333333335,-53.48333333333335,1950.0,-916.3888888888889,-874.5833333333334
2634,2168.95,318.5,-457.76250000000005,475.0,-566.21,180.0,84.47499999999991,84.47499999999991,1950.0,-893.8333333333334,-840.75
2635,2056.5416666666665,271.5416666666667,-485.86458333333337,475.0,-588.6916666666667,180.0,28.270833333333258,28.270833333333258,1950.0,-909.4861111111111,-864.2291666666666
2636,1911.175,310.625,-522.20625,475.0,-617.765,180.0,-44.41250000000002,-44.41250000000002,1950.0,-896.4583333333334,-844.6875
2637,1887.6666666666667,271.25,-528.0833333333333,475.0,-622.4666666666667,180.0,-56.16666666666663,-56.16666666666663,1950.0,-909.5833333333334,-864.375
2638,1731.1583333333335,257.5416666666667,-567.2104166666666,475.0,-653.7683333333333,180.0,-134.42083333333323,-134.42083333333323,1950.0,-914.1527777777778,-871.2291666666666
2639,1877.925,287.2916666666667,-530.51875,475.0,-624.415,180.0,-61.03750000000002,-61.03750000000002,1950.0,-904.2361111111111,-856.3541666666666
2640,1580.425,247.625,-604.89375,475.0,-683.915,180.0,-209.78750000000002,-209.78750000000002,1950.0,-917.4583333333334,-876.1875
2641,1467.8416666666667,244.125,-633.0395833333333,475.0,-706.4316666666666,180.0,-266.07916666666665,-266.07916666666665,1950.0,-918.625,-877.9375
2642,1510.0749999999998,264.54166666666663,-622.48125,475.0,-697.985,180.0,-244.9625000000001,-244.9625000000001,1950.0,-911.8194444444445,-867.7291666666667
2643,1863.6333333333332,273.0,-534.0916666666667,475.0,-627.2733333333333,180.0,-68.1833333333334,-68.1833333333334,1950.0,-909.0,-863.5
2644,1616.5333333333333,212.3333333333333,-595.8666666666667,475.0,-676.6933333333334,180.0,-191.73333333333335,-191.73333333333335,1950.0,-929.2222222222223,-893.8333333333334
2645,1909.1916666666664,231.29166666666669,-522.7020833333333,475.0,-618.1616666666667,180.0,-45.40416666666681,-45.40416666666681,1950.0,-922.9027777777778,-884.3541666666666
2646,1818.25,271.25,-545.4375,475.0,-636.35,180.0,-90.875,-90.875,1950.0,-909.5833333333334,-864.375
2647,2044.9333333333327,341.25,-488.7666666666668,475.0,-591.0133333333334,180.0,22.466666666666356,22.466666666666356,1950.0,-886.25,-829.375
2648,1713.8916666666669,268.0416666666667,-571.5270833333333,475.0,-657.2216666666666,180.0,-143.05416666666656,-143.05416666666656,1950.0,-910.6527777777778,-865.9791666666666
2649,2349.258333333333,332.2083333333333,-412.6854166666667,475.0,-530.1483333333333,180.0,174.6291666666666,174.6291666666666,1950.0,-889.2638888888889,-833.8958333333334
2650,2148.883333333333,250.83333333333331,-462.7791666666667,475.0,-570.2233333333334,180.0,74.4416666666666,74.4416666666666,1950.0,-916.3888888888889,-874.5833333333334
2651,1841.233333333333,262.5,-539.6916666666668,475.0,-631.7533333333334,180.0,-79.38333333333355,-79.38333333333355,1950.0,-912.5,-868.75
2652,1386.35,218.16666666666669,-653.4125,475.0,-722.73,180.0,-306.82500000000005,-306.82500000000005,1950.0,-927.2777777777778,-890.9166666666666
2653,1498.0583333333334,260.45833333333337,-625.4854166666667,475.0,-700.3883333333333,180.0,-250.9708333333333,-250.9708333333333,1950.0,-913.1805555555555,-869.7708333333333
2654,1867.775,289.0416666666667,-533.05625,475.0,-626.4449999999999,180.0,-66.11249999999995,-66.11249999999995,1950.0,-903.6527777777778,-855.4791666666666
2655,1480.9083333333333,255.20833333333331,-629.7729166666667,475.0,-703.8183333333334,180.0,-259.54583333333335,-259.54583333333335,1950.0,-914.9305555555555,-872.3958333333334
2656,1567.1833333333332,220.5,-608.2041666666667,475.0,-686.5633333333334,180.0,-216.40833333333342,-216.40833333333342,1950.0,-926.5,-889.75
2657,1873.8416666666667,293.125,-531.5395833333333,475.0,-625.2316666666667,180.0,-63.07916666666665,-63.07916666666665,1950.0,-902.2916666666666,-853.4375
2658,2567.133333333333,341.83333333333337,-358.2166666666667,475.0,-486.5733333333334,180.0,283.5666666666666,283.5666666666666,1950.0,-886.0555555555555,-829.0833333333333
2659,1626.2166666666667,204.16666666666663,-593.4458333333333,475.0,-674.7566666666667,180.0,-186.89166666666665,-186.89166666666665,1950.0,-931.9444444444445,-897.9166666666667
2660,2024.75,309.16666666666663,-493.8125,475.0,-595.05,180.0,12.375,12.375,1950.0,-896.9444444444445,-845.4166666666667
2661,1599.7916666666663,270.95833333333337,-600.0520833333335,475.0,-680.0416666666667,180.0,-200.10416666666686,-200.10416666666686,1950.0,-909.6805555555555,-864.5208333333333
2662,1718.6166666666668,254.91666666666669,-570.3458333333333,475.0,-656.2766666666666,180.0,-140.6916666666666,-140.6916666666666,1950.0,-915.0277777777778,-872.5416666666666
2663,1833.8833333333332,223.41666666666669,-541.5291666666667,475.0,-633.2233333333334,180.0,-83.0583333333334,-83.0583333333334,1950.0,-925.5277777777778,-888.2916666666666
2664,1626.6833333333332,280.0,-593.3291666666667,475.0,-674.6633333333334,180.0,-186.65833333333342,-186.65833333333342,1950.0,-906.6666666666666,-860.0
2665,1462.7666666666669,225.16666666666663,-634.3083333333333,475.0,-707.4466666666666,180.0,-268.61666666666656,-268.61666666666656,1950.0,-924.9444444444445,-887.4166666666667
2666,1721.1833333333332,275.3333333333333,-569.7041666666667,475.0,-655.7633333333333,180.0,-139.40833333333342,-139.40833333333342,1950.0,-908.2222222222222,-862.3333333333334
2667,2048.6083333333336,261.625,-487.8479166666666,475.0,-590.2783333333333,180.0,24.304166666666788,24.304166666666788,1950.0,-912.7916666666666,-869.1875
2668,2189.5416666666665,345.0416666666667,-452.61458333333337,475.0,-562.0916666666667,180.0,94.77083333333326,94.77083333333326,1950.0,-884.9861111111111,-827.4791666666666
2669,2106.3,357.0,-473.42499999999995,475.0,-578.74,180.0,53.15000000000009,53.15000000000009,1950.0,-881.0,-821.5
2670,1874.833333333333,288.16666666666663,-531.2916666666667,475.0,-625.0333333333334,180.0,-62.583333333333485,-62.583333333333485,1950.0,-903.9444444444445,-855.9166666666667
2671,1360.9749999999997,202.70833333333331,-659.7562500000001,475.0,-727.8050000000001,180.0,-319.51250000000016,-319.51250000000016,1950.0,-932.4305555555555,-898.6458333333334
2672,1584.5666666666666,263.6666666666667,-603.8583333333333,475.0,-683.0866666666667,180.0,-207.7166666666667,-207.7166666666667,1950.0,-912.1111111111111,-868.1666666666666
2673,2397.791666666667,305.375,-400.55208333333326,475.0,-520.4416666666666,180.0,198.89583333333348,198.89583333333348,1950.0,-898.2083333333334,-847.3125
2674,1429.925,206.20833333333331,-642.51875,475.0,-714.015,180.0,-285.0375,-285.0375,1950.0,-931.2638888888889,-896.8958333333334
2675,1876.5833333333333,280.0,-530.8541666666667,475.0,-624.6833333333334,180.0,-61.70833333333337,-61.70833333333337,1950.0,-906.6666666666666,-860.0
2676,2042.95,311.5,-489.2625,475.0,-591.41,180.0,21.475000000000023,21.475000000000023,1950.0,-896.1666666666666,-844.25
2677,1815.7416666666668,223.125,-546.0645833333333,475.0,-636.8516666666667,180.0,-92.1291666666666,-92.1291666666666,1950.0,-925.625,-888.4375
2678,2125.725,303.0416666666667,-468.56875,475.0,-574.855,180.0,62.862499999999955,62.862499999999955,1950.0,-898.9861111111111,-848.4791666666666
2679,2266.658333333333,307.125,-433.3354166666668,475.0,-546.6683333333334,180.0,133.32916666666642,133.32916666666642,1950.0,-897.625,-846.4375
2680,1890.0,283.5,-527.5,475.0,-622.0,180.0,-55.0,-55.0,1950.0,-905.5,-858.25
2681,1614.4916666666668,269.79166666666663,-596.3770833333333,475.0,-677.1016666666667,180.0,-192.7541666666666,-192.7541666666666,1950.0,-910.0694444444445,-865.1041666666667
2682,2067.8583333333336,280.875,-483.0354166666666,475.0,-586.4283333333333,180.0,33.92916666666679,33.92916666666679,1950.0,-906.375,-859.5625
2683,1919.8083333333327,305.375,-520.0479166666669,475.0,-616.0383333333334,180.0,-40.095833333333644,-40.095833333333644,1950.0,-898.2083333333334,-847.3125
2684,1749.1833333333334,273.58333333333337,-562.7041666666667,475.0,-650.1633333333333,180.0,-125.4083333333333,-125.4083333333333,1950.0,-908.8055555555555,-863.2083333333333
2685,1924.5916666666665,274.4583333333333,-518.8520833333334,475.0,-615.0816666666667,180.0,-37.704166666666765,-37.704166666666765,1950.0,-908.5138888888889,-862.7708333333334
2686,2095.391666666667,302.45833333333337,-476.1520833333333,475.0,-580.9216666666666,180.0,47.69583333333344,47.69583333333344,1950.0,-899.1805555555555,-848.7708333333333
2687,2014.25,298.66666666666663,-496.4375,475.0,-597.15,180.0,7.125,7.125,1950.0,-900.4444444444445,-850.6666666666667
2688,1916.0166666666669,252.0,-520.9958333333333,475.0,-616.7966666666666,180.0,-41.99166666666656,-41.99166666666656,1950.0,-916.0,-874.0
2689,1961.5166666666669,297.5,-509.6208333333333,475.0,-607.6966666666666,180.0,-19.24166666666656,-19.24166666666656,1950.0,-900.8333333333334,-851.25
2690,1782.9,263.6666666666667,-554.275,475.0,-643.42,180.0,-108.54999999999995,-108.54999999999995,1950.0,-912.1111111111111,-868.1666666666666
2691,2054.3250000000003,283.2083333333333,-486.41874999999993,475.0,-589.135,180.0,27.162500000000136,27.162500000000136,1950.0,-905.5972222222222,-858.3958333333334
2692,2056.6,313.25,-485.85,475.0,-588.6800000000001,180.0,28.299999999999955,28.299999999999955,1950.0,-895.5833333333334,-843.375
2693,1817.725,242.95833333333331,-545.56875,475.0,-636.455,180.0,-91.13750000000005,-91.13750000000005,1950.0,-919.0138888888889,-878.5208333333334
2694,1950.6666666666667,284.6666666666667,-512.3333333333333,475.0,-609.8666666666667,180.0,-24.66666666666663,-24.66666666666663,1950.0,-905.1111111111111,-857.6666666666666
2695,2202.491666666667,292.5416666666667,-449.3770833333333,475.0,-559.5016666666667,180.0,101.2458333333334,101.2458333333334,1950.0,-902.4861111111111,-853.7291666666666
2696,2008.7083333333333,293.125,-497.8229166666667,475.0,-598.2583333333333,180.0,4.354166666666629,4.354166666666629,1950.0,-902.2916666666666,-853.4375
2697,2056.95,266.0,-485.76250000000005,475.0,-588.61,180.0,28.47499999999991,28.47499999999991,1950.0,-911.3333333333334,-867.0
2698,1908.6666666666663,272.41666666666663,-522.8333333333335,475.0,-618.2666666666668,180.0,-45.666666666666856,-45.666666666666856,1950.0,-909.1944444444445,-863.7916666666667
2699,2236.15,310.33333333333337,-440.9625,475.0,-552.77,180.0,118.07500000000005,118.07500000000005,1950.0,-896.5555555555555,-844.8333333333333
2700,1755.6,230.41666666666663,-561.1,475.0,-648.88,180.0,-122.20000000000005,-122.20000000000005,1950.0,-923.1944444444445,-884.7916666666667
2701,1512.1750000000002,278.5416666666667,-621.95625,475.0,-697.5649999999999,180.0,-243.9124999999999,-243.9124999999999,1950.0,-907.1527777777778,-860.7291666666666
2702,1993.6583333333333,321.7083333333333,-501.5854166666667,475.0,-601.2683333333333,180.0,-3.1708333333333485,-3.1708333333333485,1950.0,-892.7638888888889,-839.1458333333334
2703,1977.0916666666667,287.2916666666667,-505.7270833333333,475.0,-604.5816666666667,180.0,-11.454166666666652,-11.454166666666652,1950.0,-904.2361111111111,-856.3541666666666
2704,1951.6,228.0833333333333,-512.1,475.0,-609.6800000000001,180.0,-24.200000000000045,-24.200000000000045,1950.0,-923.9722222222223,-885.9583333333334
2705,2006.55,296.9166666666667,-498.3625,475.0,-598.69,180.0,3.2749999999999773,3.2749999999999773,1950.0,-901.0277777777778,-851.5416666666666
2706,2124.85,302.1666666666667,-468.7875,475.0,-575.03,180.0,62.424999999999955,62.424999999999955,1950.0,-899.2777777777778,-848.9166666666666
2707,2253.708333333333,300.125,-436.57291666666674,475.0,-549.2583333333334,180.0,126.85416666666652,126.85416666666652,1950.0,-899.9583333333334,-849.9375
2708,1851.85,277.0833333333333,-537.0375,475.0,-629.63,180.0,-74.07500000000005,-74.07500000000005,1950.0,-907.6388888888889,-861.4583333333334
2709,1435.1749999999995,241.2083333333333,-641.2062500000002,475.0,-712.9650000000001,180.0,-282.41250000000025,-282.41250000000025,1950.0,-919.5972222222223,-879.3958333333334
2710,1974.4083333333333,272.7083333333333,-506.3979166666667,475.0,-605.1183333333333,180.0,-12.795833333333348,-12.795833333333348,1950.0,-909.0972222222222,-863.6458333333334
2711,1658.475,242.375,-585.38125,475.0,-668.3050000000001,180.0,-170.76250000000005,-170.76250000000005,1950.0,-919.2083333333334,-878.8125
2712,2281.883333333333,274.75,-429.5291666666667,475.0,-543.6233333333333,180.0,140.9416666666666,140.9416666666666,1950.0,-908.4166666666666,-862.625
2713,1643.7166666666665,261.3333333333333,-589.0708333333334,475.0,-671.2566666666667,180.0,-178.14166666666677,-178.14166666666677,1950.0,-912.8888888888889,-869.3333333333334
2714,1923.1333333333328,292.8333333333333,-519.2166666666668,475.0,-615.3733333333334,180.0,-38.43333333333362,-38.43333333333362,1950.0,-902.3888888888889,-853.5833333333334
2715,1750.35,245.0,-562.4125,475.0,-649.9300000000001,180.0,-124.82500000000005,-124.82500000000005,1950.0,-918.3333333333334,-877.5
2716,1934.275,276.20833333333337,-516.43125,475.0,-613.145,180.0,-32.862499999999955,-32.862499999999955,1950.0,-907.9305555555555,-861.8958333333333
2717,2083.958333333333,308.875,-479.01041666666674,475.0,-583.2083333333334,180.0,41.979166666666515,41.979166666666515,1950.0,-897.0416666666666,-845.5625
2718,2133.5416666666665,318.7916666666667,-466.61458333333337,475.0,-573.2916666666667,180.0,66.77083333333326,66.77083333333326,1950.0,-893.7361111111111,-840.6041666666666
2719,2082.4999999999995,247.91666666666663,-479.3750000000001,475.0,-583.5000000000001,180.0,41.24999999999977,41.24999999999977,1950.0,-917.3611111111111,-876.0416666666667
2720,1793.5750000000005,310.0416666666667,-551.6062499999998,475.0,-641.2849999999999,180.0,-103.21249999999975,-103.21249999999975,1950.0,-896.6527777777778,-844.9791666666666
2721,1839.6583333333333,286.70833333333337,-540.0854166666667,475.0,-632.0683333333334,180.0,-80.17083333333335,-80.17083333333335,1950.0,-904.4305555555555,-856.6458333333333
2722,1275.1083333333331,212.04166666666663,-681.2229166666667,475.0,-744.9783333333334,180.0,-362.44583333333344,-362.44583333333344,1950.0,-929.3194444444445,-893.9791666666667
2723,2561.9999999999995,370.4166666666667,-359.5000000000001,475.0,-487.60000000000014,180.0,280.9999999999998,280.9999999999998,1950.0,-876.5277777777778,-814.7916666666666
2724,1691.8416666666665,230.125,-577.0395833333334,475.0,-661.6316666666667,180.0,-154.07916666666677,-154.07916666666677,1950.0,-923.2916666666666,-884.9375
2725,1770.1249999999998,272.7083333333333,-557.46875,475.0,-645.975,180.0,-114.93750000000011,-114.93750000000011,1950.0,-909.0972222222222,-863.6458333333334
2726,2060.8,351.16666666666663,-484.79999999999995,475.0,-587.8399999999999,180.0,30.40000000000009,30.40000000000009,1950.0,-882.9444444444445,-824.4166666666667
2727,1555.2249999999997,218.45833333333331,-611.1937500000001,475.0,-688.955,180.0,-222.38750000000016,-222.38750000000016,1950.0,-927.1805555555555,-890.7708333333334
2728,1583.6333333333332,231.0,-604.0916666666667,475.0,-683.2733333333333,180.0,-208.1833333333334,-208.1833333333334,1950.0,-923.0,-884.5
2729,1304.625,223.70833333333331,-673.84375,475.0,-739.075,180.0,-347.6875,-347.6875,1950.0,-925.4305555555555,-888.1458333333334
2730,2241.108333333333,285.54166666666663,-439.7229166666667,475.0,-551.7783333333334,180.0,120.55416666666656,120.55416666666656,1950.0,-904.8194444444445,-857.2291666666667
2731,2672.366666666667,365.75,-331.9083333333333,475.0,-465.52666666666664,180.0,336.1833333333334,336.1833333333334,1950.0,-878.0833333333334,-817.125
2732,1764.0583333333334,278.5416666666667,-558.9854166666667,475.0,-647.1883333333333,180.0,-117.9708333333333,-117.9708333333333,1950.0,-907.1527777777778,-860.7291666666666
2733,1456.0,236.25,-636.0,475.0,-708.8,180.0,-272.0,-272.0,1950.0,-921.25,-881.875
2734,1771.175,210.29166666666669,-557.20625,475.0,-645.765,180.0,-114.41250000000002,-114.41250000000002,1950.0,-929.9027777777778,-894.8541666666666
2735,1635.2583333333334,223.125,-591.1854166666667,475.0,-672.9483333333333,180.0,-182.37083333333328,-182.37083333333328,1950.0,-925.625,-888.4375
2736,1411.725,213.79166666666663,-647.06875,475.0,-717.655,180.0,-294.13750000000005,-294.13750000000005,1950.0,-928.7361111111111,-893.1041666666667
2737,2312.1583333333333,293.125,-421.9604166666667,475.0,-537.5683333333334,180.0,156.07916666666665,156.07916666666665,1950.0,-902.2916666666666,-853.4375
2738,1816.2083333333333,229.54166666666663,-545.9479166666667,475.0,-636.7583333333333,180.0,-91.89583333333337,-91.89583333333337,1950.0,-923.4861111111111,-885.2291666666667
2739,2168.483333333333,312.0833333333333,-457.8791666666667,475.0,-566.3033333333334,180.0,84.24166666666656,84.24166666666656,1950.0,-895.9722222222222,-843.9583333333334
2740,1934.8,264.8333333333333,-516.3,475.0,-613.04,180.0,-32.60000000000002,-32.60000000000002,1950.0,-911.7222222222222,-867.5833333333334
2741,1626.7416666666666,262.2083333333333,-593.3145833333333,475.0,-674.6516666666666,180.0,-186.62916666666672,-186.62916666666672,1950.0,-912.5972222222222,-868.8958333333334
2742,1350.65,238.0,-662.3375,475.0,-729.87,180.0,-324.67499999999995,-324.67499999999995,1950.0,-920.6666666666666,-881.0
2743,2206.983333333333,301.0,-448.2541666666667,475.0,-558.6033333333334,180.0,103.49166666666656,103.49166666666656,1950.0,-899.6666666666666,-849.5
2744,1911.525,283.2083333333333,-522.11875,475.0,-617.6949999999999,180.0,-44.237499999999955,-44.237499999999955,1950.0,-905.5972222222222,-858.3958333333334
2745,2078.9416666666666,291.95833333333337,-480.26458333333335,475.0,-584.2116666666667,180.0,39.4708333333333,39.4708333333333,1950.0,-902.6805555555555,-854.0208333333333
2746,1851.4416666666664,242.95833333333331,-537.1395833333333,475.0,-629.7116666666667,180.0,-74.27916666666681,-74.27916666666681,1950.0,-919.0138888888889,-878.5208333333334
2747,2021.3666666666663,280.0,-494.6583333333334,475.0,-595.7266666666667,180.0,10.683333333333167,10.683333333333167,1950.0,-906.6666666666666,-860.0
2748,2295.241666666667,315.875,-426.1895833333333,475.0,-540.9516666666666,180.0,147.6208333333334,147.6208333333334,1950.0,-894.7083333333334,-842.0625
2749,2156.583333333333,262.5,-460.85416666666674,475.0,-568.6833333333334,180.0,78.29166666666652,78.29166666666652,1950.0,-912.5,-868.75
2750,2241.166666666667,376.8333333333333,-439.70833333333326,475.0,-551.7666666666667,180.0,120.58333333333348,120.58333333333348,1950.0,-874.3888888888889,-811.5833333333334
2751,1599.9666666666667,207.66666666666669,-600.0083333333333,475.0,-680.0066666666667,180.0,-200.01666666666665,-200.01666666666665,1950.0,-930.7777777777778,-896.1666666666666
2752,2062.6666666666665,297.5,-484.33333333333337,475.0,-587.4666666666667,180.0,31.333333333333258,31.333333333333258,1950.0,-900.8333333333334,-851.25
2753,1616.9416666666666,286.125,-595.7645833333333,475.0,-676.6116666666667,180.0,-191.5291666666667,-191.5291666666667,1950.0,-904.625,-856.9375
2754,1847.3,296.3333333333333,-538.175,475.0,-630.54,180.0,-76.35000000000002,-76.35000000000002,1950.0,-901.2222222222222,-851.8333333333334
2755,2077.7166666666662,278.83333333333337,-480.57083333333344,475.0,-584.4566666666667,180.0,38.85833333333312,38.85833333333312,1950.0,-907.0555555555555,-860.5833333333333
2756,2079.7,318.5,-480.07500000000005,475.0,-584.0600000000001,180.0,39.84999999999991,39.84999999999991,1950.0,-893.8333333333334,-840.75
2757,1813.875,336.2916666666667,-546.53125,475.0,-637.225,180.0,-93.0625,-93.0625,1950.0,-887.9027777777778,-831.8541666666666
2758,1197.1166666666666,179.66666666666666,-700.7208333333333,475.0,-760.5766666666667,180.0,-401.4416666666667,-401.4416666666667,1950.0,-940.1111111111111,-910.1666666666666
2759,1633.0416666666663,264.54166666666663,-591.7395833333335,475.0,-673.3916666666668,180.0,-183.47916666666686,-183.47916666666686,1950.0,-911.8194444444445,-867.7291666666667
2760,1825.95,282.91666666666663,-543.5125,475.0,-634.81,180.0,-87.02499999999998,-87.02499999999998,1950.0,-905.6944444444445,-858.5416666666667
2761,1787.7999999999995,236.83333333333331,-553.0500000000002,475.0,-642.44,180.0,-106.10000000000025,-106.10000000000025,1950.0,-921.0555555555555,-881.5833333333334
2762,2270.45,330.75,-432.38750000000005,475.0,-545.9100000000001,180.0,135.2249999999999,135.2249999999999,1950.0,-889.75,-834.625
2763,2007.8916666666664,333.95833333333337,-498.0270833333334,475.0,-598.4216666666667,180.0,3.945833333333212,3.945833333333212,1950.0,-888.6805555555555,-833.0208333333333
2764,1837.6166666666663,205.33333333333331,-540.5958333333334,475.0,-632.4766666666667,180.0,-81.19166666666683,-81.19166666666683,1950.0,-931.5555555555555,-897.3333333333334
2765,2036.9416666666664,339.20833333333337,-490.7645833333334,475.0,-592.6116666666667,180.0,18.47083333333319,18.47083333333319,1950.0,-886.9305555555555,-830.3958333333333
2766,2104.141666666667,350.875,-473.9645833333333,475.0,-579.1716666666666,180.0,52.07083333333344,52.07083333333344,1950.0,-883.0416666666666,-824.5625
2767,1968.8083333333332,245.29166666666663,-507.7979166666667,475.0,-606.2383333333333,180.0,-15.595833333333417,-15.595833333333417,1950.0,-918.2361111111111,-877.3541666666667
2768,2013.608333333333,286.125,-496.5979166666668,475.0,-597.2783333333334,180.0,6.804166666666447,6.804166666666447,1950.0,-904.625,-856.9375
2769,1890.525,252.29166666666669,-527.36875,475.0,-621.895,180.0,-54.737499999999955,-54.737499999999955,1950.0,-915.9027777777778,-873.8541666666666
2770,1997.8,327.8333333333333,-500.55,475.0,-600.44,180.0,-1.1000000000000227,-1.1000000000000227,1950.0,-890.7222222222222,-836.0833333333334
2771,934.9083333333332,145.54166666666666,-766.2729166666667,475.0,-813.0183333333334,180.0,-532.5458333333333,-532.5458333333333,1950.0,-951.4861111111111,-927.2291666666666
2772,1797.7166666666667,276.5,-550.5708333333333,475.0,-640.4566666666667,180.0,-101.14166666666665,-101.14166666666665,1950.0,-907.8333333333334,-861.75
2773,1766.8583333333331,247.625,-558.2854166666667,475.0,-646.6283333333333,180.0,-116.57083333333344,-116.57083333333344,1950.0,-917.4583333333334,-876.1875
2774,1586.375,198.04166666666663,-603.40625,475.0,-682.725,180.0,-206.8125,-206.8125,1950.0,-933.9861111111111,-900.9791666666667
2775,1942.5,276.5,-514.375,475.0,-611.5,180.0,-28.75,-28.75,1950.0,-907.8333333333334,-861.75
2776,1753.3833333333332,222.25,-561.6541666666667,475.0,-649.3233333333334,180.0,-123.3083333333334,-123.3083333333334,1950.0,-925.9166666666666,-888.875
2777,1787.2166666666667,206.5,-553.1958333333333,475.0,-642.5566666666666,180.0,-106.39166666666665,-106.39166666666665,1950.0,-931.1666666666666,-896.75
2778,2070.833333333333,266.0,-482.29166666666674,475.0,-585.8333333333334,180.0,35.416666666666515,35.416666666666515,1950.0,-911.3333333333334,-867.0
2779,1684.1416666666669,307.70833333333337,-578.9645833333333,475.0,-663.1716666666666,180.0,-157.92916666666656,-157.92916666666656,1950.0,-897.4305555555555,-846.1458333333333
2780,1451.975,234.20833333333331,-637.00625,475.0,-709.605,180.0,-274.01250000000005,-274.01250000000005,1950.0,-921.9305555555555,-882.8958333333334
2781,1686.125,317.625,-578.46875,475.0,-662.775,180.0,-156.9375,-156.9375,1950.0,-894.125,-841.1875
2782,1800.6916666666666,331.0416666666667,-549.8270833333333,475.0,-639.8616666666667,180.0,-99.6541666666667,-99.6541666666667,1950.0,-889.6527777777778,-834.4791666666666
2783,2476.191666666667,312.375,-380.95208333333323,475.0,-504.7616666666666,180.0,238.09583333333353,238.09583333333353,1950.0,-895.875,-843.8125
2784,1457.0500000000002,223.41666666666669,-635.7375,475.0,-708.5899999999999,180.0,-271.4749999999999,-271.4749999999999,1950.0,-925.5277777777778,-888.2916666666666
2785,1875.2416666666663,272.7083333333333,-531.1895833333334,475.0,-624.9516666666667,180.0,-62.37916666666683,-62.37916666666683,1950.0,-909.0972222222222,-863.6458333333334
2786,1640.2166666666667,277.66666666666663,-589.9458333333333,475.0,-671.9566666666667,180.0,-179.89166666666665,-179.89166666666665,1950.0,-907.4444444444445,-861.1666666666667
2787,1197.7,229.83333333333331,-700.575,475.0,-760.46,180.0,-401.15,-401.15,1950.0,-923.3888888888889,-885.0833333333334
2788,1690.7916666666667,242.95833333333331,-577.3020833333333,475.0,-661.8416666666667,180.0,-154.60416666666663,-154.60416666666663,1950.0,-919.0138888888889,-878.5208333333334
2789,2177.9333333333334,335.41666666666663,-455.51666666666665,475.0,-564.4133333333333,180.0,88.9666666666667,88.9666666666667,1950.0,-888.1944444444445,-832.2916666666667
2790,1726.6666666666663,249.0833333333333,-568.3333333333335,475.0,-654.6666666666667,180.0,-136.66666666666686,-136.66666666666686,1950.0,-916.9722222222223,-875.4583333333334
2791,1454.1916666666666,192.79166666666663,-636.4520833333333,475.0,-709.1616666666666,180.0,-272.9041666666667,-272.9041666666667,1950.0,-935.7361111111111,-903.6041666666667
2792,2088.0416666666665,243.54166666666663,-477.98958333333337,475.0,-582.3916666666667,180.0,44.02083333333326,44.02083333333326,1950.0,-918.8194444444445,-878.2291666666667
2793,1959.8833333333328,250.25,-510.0291666666668,475.0,-608.0233333333334,180.0,-20.05833333333362,-20.05833333333362,1950.0,-916.5833333333334,-874.875
2794,1960.2916666666663,264.54166666666663,-509.9270833333334,475.0,-607.9416666666667,180.0,-19.854166666666856,-19.854166666666856,1950.0,-911.8194444444445,-867.7291666666667
2795,1948.3916666666664,264.54166666666663,-512.9020833333334,475.0,-610.3216666666667,180.0,-25.804166666666788,-25.804166666666788,1950.0,-911.8194444444445,-867.7291666666667
2796,1504.825,298.9583333333333,-623.79375,475.0,-699.035,180.0,-247.58749999999998,-247.58749999999998,1950.0,-900.3472222222222,-850.5208333333334
2797,1629.075,244.70833333333331,-592.73125,475.0,-674.185,180.0,-185.46249999999998,-185.46249999999998,1950.0,-918.4305555555555,-877.6458333333334
2798,2028.075,306.54166666666663,-492.98125,475.0,-594.385,180.0,14.037500000000023,14.037500000000023,1950.0,-897.8194444444445,-846.7291666666667
2799,2068.208333333333,322.875,-482.94791666666674,475.0,-586.3583333333333,180.0,34.104166666666515,34.104166666666515,1950.0,-892.375,-838.5625
2800,2110.325,319.375,-472.41875000000005,475.0,-577.9350000000001,180.0,55.16249999999991,55.16249999999991,1950.0,-893.5416666666666,-840.3125
2801,2116.333333333333,242.08333333333331,-470.91666666666674,475.0,-576.7333333333333,180.0,58.166666666666515,58.166666666666515,1950.0,-919.3055555555555,-878.9583333333334
2802,2259.0166666666664,297.5,-435.2458333333334,475.0,-548.1966666666667,180.0,129.5083333333332,129.5083333333332,1950.0,-900.8333333333334,-851.25
2803,1997.3333333333333,261.91666666666663,-500.6666666666667,475.0,-600.5333333333333,180.0,-1.3333333333333712,-1.3333333333333712,1950.0,-912.6944444444445,-869.0416666666667
2804,1569.575,205.04166666666669,-607.60625,475.0,-686.085,180.0,-215.21249999999998,-215.21249999999998,1950.0,-931.6527777777778,-897.4791666666666
2805,2088.858333333333,291.95833333333337,-477.7854166666667,475.0,-582.2283333333334,180.0,44.42916666666656,44.42916666666656,1950.0,-902.6805555555555,-854.0208333333333
2806,1765.225,299.5416666666667,-558.69375,475.0,-646.955,180.0,-117.38750000000005,-117.38750000000005,1950.0,-900.1527777777778,-850.2291666666666
2807,2013.2,311.5,-496.7,475.0,-597.36,180.0,6.600000000000023,6.600000000000023,1950.0,-896.1666666666666,-844.25
2808,1674.166666666667,315.58333333333337,-581.4583333333333,475.0,-665.1666666666666,180.0,-162.91666666666652,-162.91666666666652,1950.0,-894.8055555555555,-842.2083333333333
2809,1888.425,228.375,-527.89375,475.0,-622.315,180.0,-55.78750000000002,-55.78750000000002,1950.0,-923.875,-885.8125
2810,1382.85,234.5,-654.2875,475.0,-723.4300000000001,180.0,-308.57500000000005,-308.57500000000005,1950.0,-921.8333333333334,-882.75
2811,2366.525,331.625,-408.36875,475.0,-526.6949999999999,180.0,183.26250000000005,183.26250000000005,1950.0,-889.4583333333334,-834.1875
2812,1833.0083333333328,291.95833333333337,-541.7479166666668,475.0,-633.3983333333334,180.0,-83.49583333333362,-83.49583333333362,1950.0,-902.6805555555555,-854.0208333333333
2813,1457.4583333333333,217.875,-635.6354166666667,475.0,-708.5083333333333,180.0,-271.27083333333337,-271.27083333333337,1950.0,-927.375,-891.0625
2814,1842.05,291.0833333333333,-539.4875,475.0,-631.59,180.0,-78.97500000000002,-78.97500000000002,1950.0,-902.9722222222222,-854.4583333333334
2815,2124.558333333333,272.125,-468.86041666666677,475.0,-575.0883333333334,180.0,62.27916666666647,62.27916666666647,1950.0,-909.2916666666666,-863.9375
2816,1639.6916666666666,259.29166666666663,-590.0770833333333,475.0,-672.0616666666667,180.0,-180.1541666666667,-180.1541666666667,1950.0,-913.5694444444445,-870.3541666666667
2817,1854.4166666666667,297.5,-536.3958333333333,475.0,-629.1166666666667,180.0,-72.79166666666663,-72.79166666666663,1950.0,-900.8333333333334,-851.25
2818,1727.6583333333335,254.04166666666663,-568.0854166666666,475.0,-654.4683333333332,180.0,-136.17083333333323,-136.17083333333323,1950.0,-915.3194444444445,-872.9791666666667
2819,2033.15,246.16666666666663,-491.7125,475.0,-593.37,180.0,16.575000000000045,16.575000000000045,1950.0,-917.9444444444445,-876.9166666666667
2820,1990.0416666666667,294.2916666666667,-502.4895833333333,475.0,-601.9916666666667,180.0,-4.979166666666629,-4.979166666666629,1950.0,-901.9027777777778,-852.8541666666666
2821,1865.675,275.04166666666663,-533.58125,475.0,-626.865,180.0,-67.16250000000002,-67.16250000000002,1950.0,-908.3194444444445,-862.4791666666667
2822,2190.883333333333,352.33333333333337,-452.2791666666667,475.0,-561.8233333333334,180.0,95.4416666666666,95.4416666666666,1950.0,-882.5555555555555,-823.8333333333333
2823,2014.0750000000005,352.0416666666667,-496.4812499999999,475.0,-597.185,180.0,7.03750000000025,7.03750000000025,1950.0,-882.6527777777778,-823.9791666666666
2824,2338.2916666666665,364.875,-415.42708333333337,475.0,-532.3416666666667,180.0,169.14583333333326,169.14583333333326,1950.0,-878.375,-817.5625
2825,2009.233333333333,341.25,-497.6916666666668,475.0,-598.1533333333334,180.0,4.616666666666447,4.616666666666447,1950.0,-886.25,-829.375
2826,1969.275,291.375,-507.68125,475.0,-606.145,180.0,-15.362499999999955,-15.362499999999955,1950.0,-902.875,-854.3125
2827,1472.7416666666668,187.54166666666663,-631.8145833333333,475.0,-705.4516666666666,180.0,-263.6291666666666,-263.6291666666666,1950.0,-937.4861111111111,-906.2291666666667
2828,2032.275,334.5416666666667,-491.93125,475.0,-593.545,180.0,16.137500000000045,16.137500000000045,1950.0,-888.4861111111111,-832.7291666666666
2829,1886.9083333333333,284.375,-528.2729166666667,475.0,-622.6183333333333,180.0,-56.54583333333335,-56.54583333333335,1950.0,-905.2083333333334,-857.8125
2830,1535.1583333333333,279.7083333333333,-616.2104166666667,475.0,-692.9683333333334,180.0,-232.42083333333335,-232.42083333333335,1950.0,-906.7638888888889,-860.1458333333334
2831,1911.525,273.2916666666667,-522.11875,475.0,-617.6949999999999,180.0,-44.237499999999955,-44.237499999999955,1950.0,-908.9027777777778,-863.3541666666666
2832,1946.175,296.04166666666663,-513.45625,475.0,-610.765,180.0,-26.912500000000023,-26.912500000000023,1950.0,-901.3194444444445,-851.9791666666667
2833,1879.733333333333,261.3333333333333,-530.0666666666668,475.0,-624.0533333333334,180.0,-60.13333333333355,-60.13333333333355,1950.0,-912.8888888888889,-869.3333333333334
2834,2251.9,355.8333333333333,-437.025,475.0,-549.62,180.0,125.95000000000005,125.95000000000005,1950.0,-881.3888888888889,-822.0833333333334
2835,1904.0583333333327,289.625,-523.9854166666669,475.0,-619.1883333333335,180.0,-47.970833333333644,-47.970833333333644,1950.0,-903.4583333333334,-855.1875
2836,2149.525,283.2083333333333,-462.61875,475.0,-570.095,180.0,74.76250000000005,74.76250000000005,1950.0,-905.5972222222222,-858.3958333333334
2837,1636.3666666666666,281.75,-590.9083333333333,475.0,-672.7266666666667,180.0,-181.81666666666672,-181.81666666666672,1950.0,-906.0833333333334,-859.125
2838,1798.3,227.5,-550.425,475.0,-640.34,180.0,-100.85000000000002,-100.85000000000002,1950.0,-924.1666666666666,-886.25
2839,1996.225,262.7916666666667,-500.94375,475.0,-600.755,180.0,-1.8875000000000455,-1.8875000000000455,1950.0,-912.4027777777778,-868.6041666666666
2840,2076.025,259.29166666666663,-480.99375,475.0,-584.795,180.0,38.012500000000045,38.012500000000045,1950.0,-913.5694444444445,-870.3541666666667
2841,2168.366666666667,268.33333333333337,-457.9083333333333,475.0,-566.3266666666666,180.0,84.1833333333334,84.1833333333334,1950.0,-910.5555555555555,-865.8333333333333
2842,1613.325,209.125,-596.66875,475.0,-677.335,180.0,-193.33749999999998,-193.33749999999998,1950.0,-930.2916666666666,-895.4375
2843,1852.0833333333333,275.3333333333333,-536.9791666666667,475.0,-629.5833333333334,180.0,-73.95833333333337,-73.95833333333337,1950.0,-908.2222222222222,-862.3333333333334
2844,1627.85,261.3333333333333,-593.0375,475.0,-674.4300000000001,180.0,-186.07500000000005,-186.07500000000005,1950.0,-912.8888888888889,-869.3333333333334
2845,1432.4916666666666,256.375,-641.8770833333333,475.0,-713.5016666666667,180.0,-283.7541666666667,-283.7541666666667,1950.0,-914.5416666666666,-871.8125
2846,1739.85,234.5,-565.0375,475.0,-652.03,180.0,-130.07500000000005,-130.07500000000005,1950.0,-921.8333333333334,-882.75
2847,1932.0583333333332,287.875,-516.9854166666667,475.0,-613.5883333333334,180.0,-33.97083333333342,-33.97083333333342,1950.0,-904.0416666666666,-856.0625
2848,2379.416666666667,287.0,-405.14583333333326,475.0,-524.1166666666666,180.0,189.70833333333348,189.70833333333348,1950.0,-904.3333333333334,-856.5
2849,1663.9583333333333,245.875,-584.0104166666667,475.0,-667.2083333333334,180.0,-168.02083333333337,-168.02083333333337,1950.0,-918.0416666666666,-877.0625
2850,1632.6333333333332,270.0833333333333,-591.8416666666667,475.0,-673.4733333333334,180.0,-183.6833333333334,-183.6833333333334,1950.0,-909.9722222222222,-864.9583333333334
2851,1796.0833333333337,278.83333333333337,-550.9791666666665,475.0,-640.7833333333333,180.0,-101.95833333333314,-101.95833333333314,1950.0,-907.0555555555555,-860.5833333333333
2852,1832.1333333333328,291.0833333333333,-541.9666666666668,475.0,-633.5733333333335,180.0,-83.93333333333362,-83.93333333333362,1950.0,-902.9722222222222,-854.4583333333334
2853,2320.7916666666665,297.7916666666667,-419.80208333333337,475.0,-535.8416666666667,180.0,160.39583333333326,160.39583333333326,1950.0,-900.7361111111111,-851.1041666666666
2854,1721.9416666666666,272.125,-569.5145833333333,475.0,-655.6116666666667,180.0,-139.0291666666667,-139.0291666666667,1950.0,-909.2916666666666,-863.9375
2855,2091.95,281.1666666666667,-477.01250000000005,475.0,-581.61,180.0,45.97499999999991,45.97499999999991,1950.0,-906.2777777777778,-859.4166666666666
2856,1775.3166666666666,256.0833333333333,-556.1708333333333,475.0,-644.9366666666667,180.0,-112.3416666666667,-112.3416666666667,1950.0,-914.6388888888889,-871.9583333333334
2857,1486.275,195.125,-628.43125,475.0,-702.745,180.0,-256.86249999999995,-256.86249999999995,1950.0,-934.9583333333334,-902.4375
2858,1760.9083333333333,227.79166666666663,-559.7729166666667,475.0,-647.8183333333334,180.0,-119.54583333333335,-119.54583333333335,1950.0,-924.0694444444445,-886.1041666666667
2859,1548.1666666666663,229.25,-612.9583333333335,475.0,-690.3666666666668,180.0,-225.91666666666686,-225.91666666666686,1950.0,-923.5833333333334,-885.375
2860,1922.3166666666664,294.0,-519.4208333333333,475.0,-615.5366666666667,180.0,-38.84166666666681,-38.84166666666681,1950.0,-902.0,-853.0
2861,2275.641666666667,343.875,-431.0895833333333,475.0,-544.8716666666667,180.0,137.82083333333344,137.82083333333344,1950.0,-885.375,-828.0625
2862,2116.1583333333333,255.79166666666663,-470.9604166666667,475.0,-576.7683333333333,180.0,58.07916666666665,58.07916666666665,1950.0,-914.7361111111111,-872.1041666666667
2863,2048.6083333333336,261.625,-487.8479166666666,475.0,-590.2783333333333,180.0,24.304166666666788,24.304166666666788,1950.0,-912.7916666666666,-869.1875
2864,1480.85,282.91666666666663,-629.7875,475.0,-703.83,180.0,-259.57500000000005,-259.57500000000005,1950.0,-905.6944444444445,-858.5416666666667
2865,2204.1833333333334,322.0,-448.95416666666665,475.0,-559.1633333333333,180.0,102.0916666666667,102.0916666666667,1950.0,-892.6666666666666,-839.0
2866,1790.4833333333331,241.5,-552.3791666666667,475.0,-641.9033333333334,180.0,-104.75833333333344,-104.75833333333344,1950.0,-919.5,-879.25
2867,1984.4416666666664,296.625,-503.8895833333334,475.0,-603.1116666666667,180.0,-7.779166666666811,-7.779166666666811,1950.0,-901.125,-851.6875
2868,1869.9916666666663,267.4583333333333,-532.5020833333334,475.0,-626.0016666666668,180.0,-65.00416666666683,-65.00416666666683,1950.0,-910.8472222222222,-866.2708333333334
2869,1517.0166666666669,249.66666666666669,-620.7458333333333,475.0,-696.5966666666666,180.0,-241.49166666666656,-241.49166666666656,1950.0,-916.7777777777778,-875.1666666666666
2870,2197.65,321.4166666666667,-450.5875,475.0,-560.47,180.0,98.82500000000005,98.82500000000005,1950.0,-892.8611111111111,-839.2916666666666
2871,1830.2083333333333,303.0416666666667,-542.4479166666667,475.0,-633.9583333333334,180.0,-84.89583333333337,-84.89583333333337,1950.0,-898.9861111111111,-848.4791666666666
2872,1670.7833333333335,276.5,-582.3041666666666,475.0,-665.8433333333332,180.0,-164.60833333333323,-164.60833333333323,1950.0,-907.8333333333334,-861.75
2873,1661.5083333333334,249.375,-584.6229166666667,475.0,-667.6983333333333,180.0,-169.24583333333328,-169.24583333333328,1950.0,-916.875,-875.3125
2874,2045.4,288.16666666666663,-488.65,475.0,-590.92,180.0,22.700000000000045,22.700000000000045,1950.0,-903.9444444444445,-855.9166666666667
2875,2152.9083333333333,312.375,-461.7729166666667,475.0,-569.4183333333333,180.0,76.45416666666665,76.45416666666665,1950.0,-895.875,-843.8125
2876,1770.0666666666666,270.6666666666667,-557.4833333333333,475.0,-645.9866666666667,180.0,-114.9666666666667,-114.9666666666667,1950.0,-909.7777777777778,-864.6666666666666
2877,1426.0166666666664,198.33333333333331,-643.4958333333334,475.0,-714.7966666666667,180.0,-286.9916666666668,-286.9916666666668,1950.0,-933.8888888888889,-900.8333333333334
2878,1954.8666666666668,292.8333333333333,-511.2833333333333,475.0,-609.0266666666666,180.0,-22.566666666666606,-22.566666666666606,1950.0,-902.3888888888889,-853.5833333333334
2879,1973.3,263.6666666666667,-506.675,475.0,-605.34,180.0,-13.350000000000023,-13.350000000000023,1950.0,-912.1111111111111,-868.1666666666666
2880,1536.5583333333332,269.2083333333333,-615.8604166666667,475.0,-692.6883333333334,180.0,-231.72083333333342,-231.72083333333342,1950.0,-910.2638888888889,-865.3958333333334
2881,2315.891666666667,344.45833333333337,-421.0270833333333,475.0,-536.8216666666666,180.0,157.94583333333344,157.94583333333344,1950.0,-885.1805555555555,-827.7708333333333
2882,1767.2083333333337,240.04166666666663,-558.1979166666665,475.0,-646.5583333333333,180.0,-116.39583333333314,-116.39583333333314,1950.0,-919.9861111111111,-879.9791666666667
2883,1997.0416666666663,251.7083333333333,-500.7395833333334,475.0,-600.5916666666667,180.0,-1.4791666666668561,-1.4791666666668561,1950.0,-916.0972222222223,-874.1458333333334
2884,2350.6583333333333,351.4583333333333,-412.3354166666667,475.0,-529.8683333333333,180.0,175.32916666666665,175.32916666666665,1950.0,-882.8472222222222,-824.2708333333334
2885,1304.625,193.9583333333333,-673.84375,475.0,-739.075,180.0,-347.6875,-347.6875,1950.0,-935.3472222222223,-903.0208333333334
2886,1039.9083333333333,151.375,-740.0229166666667,475.0,-792.0183333333333,180.0,-480.04583333333335,-480.04583333333335,1950.0,-949.5416666666666,-924.3125
2887,1623.8250000000005,318.7916666666667,-594.0437499999998,475.0,-675.2349999999999,180.0,-188.08749999999975,-188.08749999999975,1950.0,-893.7361111111111,-840.6041666666666
2888,1922.0833333333333,236.25,-519.4791666666667,475.0,-615.5833333333334,180.0,-38.95833333333337,-38.95833333333337,1950.0,-921.25,-881.875
2889,1919.8083333333327,295.4583333333333,-520.0479166666669,475.0,-616.0383333333334,180.0,-40.095833333333644,-40.095833333333644,1950.0,-901.5138888888889,-852.2708333333334
2890,2024.6916666666664,267.4583333333333,-493.8270833333334,475.0,-595.0616666666667,180.0,12.34583333333319,12.34583333333319,1950.0,-910.8472222222222,-866.2708333333334
2891,1553.5333333333333,268.33333333333337,-611.6166666666667,475.0,-689.2933333333333,180.0,-223.23333333333335,-223.23333333333335,1950.0,-910.5555555555555,-865.8333333333333
2892,2019.9083333333333,338.04166666666663,-495.0229166666667,475.0,-596.0183333333333,180.0,9.954166666666652,9.954166666666652,1950.0,-887.3194444444445,-830.9791666666667
2893,1644.8833333333332,272.41666666666663,-588.7791666666667,475.0,-671.0233333333333,180.0,-177.5583333333334,-177.5583333333334,1950.0,-909.1944444444445,-863.7916666666667
2894,1873.9,305.08333333333337,-531.525,475.0,-625.22,180.0,-63.049999999999955,-63.049999999999955,1950.0,-898.3055555555555,-847.4583333333333
2895,1366.925,242.375,-658.26875,475.0,-726.615,180.0,-316.5375,-316.5375,1950.0,-919.2083333333334,-878.8125
2896,1765.9250000000002,264.54166666666663,-558.51875,475.0,-646.8149999999999,180.0,-117.03749999999991,-117.03749999999991,1950.0,-911.8194444444445,-867.7291666666667
2897,1692.5416666666667,254.625,-576.8645833333333,475.0,-661.4916666666667,180.0,-153.72916666666663,-153.72916666666663,1950.0,-915.125,-872.6875
2898,2125.2000000000003,264.8333333333333,-468.69999999999993,475.0,-574.9599999999999,180.0,62.600000000000136,62.600000000000136,1950.0,-911.7222222222222,-867.5833333333334
2899,1519.8749999999998,290.2083333333333,-620.03125,475.0,-696.0250000000001,180.0,-240.0625000000001,-240.0625000000001,1950.0,-903.2638888888889,-854.8958333333334
2900,2049.775,282.625,-487.55625,475.0,-590.045,180.0,24.887500000000045,24.887500000000045,1950.0,-905.7916666666666,-858.6875
2901,1740.0249999999996,280.29166666666663,-564.9937500000001,475.0,-651.9950000000001,180.0,-129.98750000000018,-129.98750000000018,1950.0,-906.5694444444445,-859.8541666666667
2902,1804.6583333333333,301.29166666666663,-548.8354166666667,475.0,-639.0683333333334,180.0,-97.67083333333335,-97.67083333333335,1950.0,-899.5694444444445,-849.3541666666667
2903,1826.1833333333332,281.1666666666667,-543.4541666666667,475.0,-634.7633333333333,180.0,-86.90833333333342,-86.90833333333342,1950.0,-906.2777777777778,-859.4166666666666
2904,2284.8,297.5,-428.79999999999995,475.0,-543.04,180.0,142.4000000000001,142.4000000000001,1950.0,-900.8333333333334,-851.25
2905,2027.783333333333,246.75,-493.05416666666673,475.0,-594.4433333333334,180.0,13.891666666666538,13.891666666666538,1950.0,-917.75,-876.625
2906,1331.75,221.08333333333331,-667.0625,475.0,-733.65,180.0,-334.125,-334.125,1950.0,-926.3055555555555,-889.4583333333334
2907,2077.833333333333,282.91666666666663,-480.54166666666674,475.0,-584.4333333333334,180.0,38.916666666666515,38.916666666666515,1950.0,-905.6944444444445,-858.5416666666667
2908,2238.6,267.16666666666663,-440.35,475.0,-552.28,180.0,119.29999999999995,119.29999999999995,1950.0,-910.9444444444445,-866.4166666666667
2909,2090.725,317.625,-477.31875,475.0,-581.855,180.0,45.362499999999955,45.362499999999955,1950.0,-894.125,-841.1875
2910,2329.133333333333,282.3333333333333,-417.7166666666667,475.0,-534.1733333333334,180.0,164.5666666666666,164.5666666666666,1950.0,-905.8888888888889,-858.8333333333334
2911,1899.1,274.75,-525.225,475.0,-620.1800000000001,180.0,-50.450000000000045,-50.450000000000045,1950.0,-908.4166666666666,-862.625
2912,1867.483333333333,278.83333333333337,-533.1291666666668,475.0,-626.5033333333334,180.0,-66.25833333333355,-66.25833333333355,1950.0,-907.0555555555555,-860.5833333333333
2913,1537.025,206.20833333333331,-615.74375,475.0,-692.595,180.0,-231.48749999999995,-231.48749999999995,1950.0,-931.2638888888889,-896.8958333333334
2914,1599.6166666666668,254.91666666666669,-600.0958333333333,475.0,-680.0766666666666,180.0,-200.1916666666666,-200.1916666666666,1950.0,-915.0277777777778,-872.5416666666666
2915,2121.0583333333334,298.375,-469.73541666666665,475.0,-575.7883333333333,180.0,60.5291666666667,60.5291666666667,1950.0,-900.5416666666666,-850.8125
2916,1306.2583333333332,201.54166666666663,-673.4354166666667,475.0,-738.7483333333333,180.0,-346.8708333333334,-346.8708333333334,1950.0,-932.8194444444445,-899.2291666666667
2917,1436.6916666666666,234.79166666666663,-640.8270833333333,475.0,-712.6616666666666,180.0,-281.6541666666667,-281.6541666666667,1950.0,-921.7361111111111,-882.6041666666667
2918,1948.975,275.04166666666663,-512.75625,475.0,-610.205,180.0,-25.512500000000045,-25.512500000000045,1950.0,-908.3194444444445,-862.4791666666667
2919,2278.675,281.45833333333337,-430.33124999999995,475.0,-544.265,180.0,139.3375000000001,139.3375000000001,1950.0,-906.1805555555555,-859.2708333333333
2920,2130.916666666667,306.25,-467.27083333333326,475.0,-573.8166666666666,180.0,65.45833333333348,65.45833333333348,1950.0,-897.9166666666666,-846.875
2921,2046.1,292.8333333333333,-488.475,475.0,-590.78,180.0,23.049999999999955,23.049999999999955,1950.0,-902.3888888888889,-853.5833333333334
2922,1880.0833333333333,273.58333333333337,-529.9791666666667,475.0,-623.9833333333333,180.0,-59.95833333333337,-59.95833333333337,1950.0,-908.8055555555555,-863.2083333333333
2923,2212.991666666667,283.2083333333333,-446.7520833333333,475.0,-557.4016666666666,180.0,106.4958333333334,106.4958333333334,1950.0,-905.5972222222222,-858.3958333333334
2924,1836.5083333333332,315.2916666666667,-540.8729166666667,475.0,-632.6983333333334,180.0,-81.7458333333334,-81.7458333333334,1950.0,-894.9027777777778,-842.3541666666666
2925,2259.133333333333,331.33333333333337,-435.2166666666667,475.0,-548.1733333333334,180.0,129.5666666666666,129.5666666666666,1950.0,-889.5555555555555,-834.3333333333333
2926,1675.1583333333333,221.375,-581.2104166666667,475.0,-664.9683333333334,180.0,-162.42083333333335,-162.42083333333335,1950.0,-926.2083333333334,-889.3125
2927,1948.1,294.0,-512.975,475.0,-610.38,180.0,-25.950000000000045,-25.950000000000045,1950.0,-902.0,-853.0
2928,2031.575,339.7916666666667,-492.10625,475.0,-593.685,180.0,15.787500000000023,15.787500000000023,1950.0,-886.7361111111111,-830.1041666666666
2929,2471.991666666667,304.2083333333333,-382.0020833333333,475.0,-505.60166666666663,180.0,235.9958333333334,235.9958333333334,1950.0,-898.5972222222222,-847.8958333333334
2930,2015.9416666666664,367.7916666666667,-496.0145833333334,475.0,-596.8116666666667,180.0,7.970833333333189,7.970833333333189,1950.0,-877.4027777777778,-816.1041666666666
2931,1713.6583333333335,299.5416666666667,-571.5854166666666,475.0,-657.2683333333333,180.0,-143.17083333333323,-143.17083333333323,1950.0,-900.1527777777778,-850.2291666666666
2932,1730.5166666666669,225.16666666666663,-567.3708333333333,475.0,-653.8966666666666,180.0,-134.74166666666656,-134.74166666666656,1950.0,-924.9444444444445,-887.4166666666667
2933,2125.6666666666665,310.9166666666667,-468.58333333333337,475.0,-574.8666666666667,180.0,62.83333333333326,62.83333333333326,1950.0,-896.3611111111111,-844.5416666666666
2934,2143.458333333333,269.2083333333333,-464.13541666666674,475.0,-571.3083333333334,180.0,71.72916666666652,71.72916666666652,1950.0,-910.2638888888889,-865.3958333333334
2935,1589.0000000000002,230.41666666666663,-602.75,475.0,-682.1999999999999,180.0,-205.4999999999999,-205.4999999999999,1950.0,-923.1944444444445,-884.7916666666667
2936,2330.0666666666666,295.1666666666667,-417.48333333333335,475.0,-533.9866666666667,180.0,165.0333333333333,165.0333333333333,1950.0,-901.6111111111111,-852.4166666666666
2937,2075.4416666666666,248.79166666666663,-481.13958333333335,475.0,-584.9116666666666,180.0,37.7208333333333,37.7208333333333,1950.0,-917.0694444444445,-875.6041666666667
2938,2072.8749999999995,238.29166666666663,-481.7812500000001,475.0,-585.4250000000001,180.0,36.43749999999977,36.43749999999977,1950.0,-920.5694444444445,-880.8541666666667
2939,2195.025,318.7916666666667,-451.24375,475.0,-560.995,180.0,97.51250000000005,97.51250000000005,1950.0,-893.7361111111111,-840.6041666666666
2940,2195.8416666666667,277.9583333333333,-451.0395833333333,475.0,-560.8316666666667,180.0,97.92083333333335,97.92083333333335,1950.0,-907.3472222222222,-861.0208333333334
2941,1919.5750000000005,257.5416666666667,-520.1062499999998,475.0,-616.0849999999999,180.0,-40.21249999999975,-40.21249999999975,1950.0,-914.1527777777778,-871.2291666666666
2942,1727.8333333333333,270.0833333333333,-568.0416666666667,475.0,-654.4333333333334,180.0,-136.08333333333337,-136.08333333333337,1950.0,-909.9722222222222,-864.9583333333334
2943,1944.6,250.83333333333331,-513.85,475.0,-611.08,180.0,-27.700000000000045,-27.700000000000045,1950.0,-916.3888888888889,-874.5833333333334
2944,2200.1,278.25,-449.975,475.0,-559.98,180.0,100.04999999999995,100.04999999999995,1950.0,-907.25,-860.875
2945,2293.083333333333,289.9166666666667,-426.72916666666674,475.0,-541.3833333333334,180.0,146.54166666666652,146.54166666666652,1950.0,-903.3611111111111,-855.0416666666666
2946,1774.2083333333337,217.29166666666663,-556.4479166666665,475.0,-645.1583333333333,180.0,-112.89583333333314,-112.89583333333314,1950.0,-927.5694444444445,-891.3541666666667
2947,1760.15,231.0,-559.9625,475.0,-647.97,180.0,-119.92499999999995,-119.92499999999995,1950.0,-923.0,-884.5
2948,2080.8083333333334,337.4583333333333,-479.79791666666665,475.0,-583.8383333333334,180.0,40.4041666666667,40.4041666666667,1950.0,-887.5138888888889,-831.2708333333334
2949,1681.2833333333333,277.0833333333333,-579.6791666666667,475.0,-663.7433333333333,180.0,-159.35833333333335,-159.35833333333335,1950.0,-907.6388888888889,-861.4583333333334
2950,1998.15,300.4166666666667,-500.4625,475.0,-600.37,180.0,-0.9249999999999545,-0.9249999999999545,1950.0,-899.8611111111111,-849.7916666666666
2951,2289.3499999999995,347.6666666666667,-427.66250000000014,475.0,-542.1300000000001,180.0,144.67499999999973,144.67499999999973,1950.0,-884.1111111111111,-826.1666666666666
2952,2043.125,268.0416666666667,-489.21875,475.0,-591.375,180.0,21.5625,21.5625,1950.0,-910.6527777777778,-865.9791666666666
2953,1602.2416666666668,277.375,-599.4395833333333,475.0,-679.5516666666666,180.0,-198.8791666666666,-198.8791666666666,1950.0,-907.5416666666666,-861.3125
2954,2123.5666666666666,287.0,-469.10833333333335,475.0,-575.2866666666666,180.0,61.7833333333333,61.7833333333333,1950.0,-904.3333333333334,-856.5
2955,1841.5833333333333,284.6666666666667,-539.6041666666667,475.0,-631.6833333333334,180.0,-79.20833333333337,-79.20833333333337,1950.0,-905.1111111111111,-857.6666666666666
2956,1405.8333333333337,205.91666666666663,-648.5416666666665,475.0,-718.8333333333333,180.0,-297.08333333333314,-297.08333333333314,1950.0,-931.3611111111111,-897.0416666666667
2957,1552.4833333333331,221.66666666666663,-611.8791666666667,475.0,-689.5033333333333,180.0,-223.75833333333344,-223.75833333333344,1950.0,-926.1111111111111,-889.1666666666667
2958,1952.7666666666669,209.41666666666663,-511.8083333333333,475.0,-609.4466666666666,180.0,-23.61666666666656,-23.61666666666656,1950.0,-930.1944444444445,-895.2916666666667
2959,1876.35,331.33333333333337,-530.9125,475.0,-624.73,180.0,-61.825000000000045,-61.825000000000045,1950.0,-889.5555555555555,-834.3333333333333
2960,1704.2666666666669,258.4166666666667,-573.9333333333333,475.0,-659.1466666666666,180.0,-147.86666666666656,-147.86666666666656,1950.0,-913.8611111111111,-870.7916666666666
2961,2031.4583333333333,276.20833333333337,-492.1354166666667,475.0,-593.7083333333334,180.0,15.729166666666629,15.729166666666629,1950.0,-907.9305555555555,-861.8958333333333
2962,1871.275,292.5416666666667,-532.18125,475.0,-625.745,180.0,-64.36249999999995,-64.36249999999995,1950.0,-902.4861111111111,-853.7291666666666
2963,1939.4083333333333,287.2916666666667,-515.1479166666667,475.0,-612.1183333333333,180.0,-30.29583333333335,-30.29583333333335,1950.0,-904.2361111111111,-856.3541666666666
2964,1374.8583333333331,232.45833333333331,-656.2854166666667,475.0,-725.0283333333334,180.0,-312.57083333333344,-312.57083333333344,1950.0,-922.5138888888889,-883.7708333333334
2965,2589.475,320.5416666666667,-352.63125,475.0,-482.105,180.0,294.73749999999995,294.73749999999995,1950.0,-893.1527777777778,-839.7291666666666
2966,1722.525,203.29166666666663,-569.36875,475.0,-655.495,180.0,-138.73749999999995,-138.73749999999995,1950.0,-932.2361111111111,-898.3541666666667
2967,1534.4583333333337,265.125,-616.3854166666665,475.0,-693.1083333333332,180.0,-232.77083333333314,-232.77083333333314,1950.0,-911.625,-867.4375
2968,1843.7416666666663,221.375,-539.0645833333334,475.0,-631.2516666666668,180.0,-78.12916666666683,-78.12916666666683,1950.0,-926.2083333333334,-889.3125
2969,2456.9416666666666,303.0416666666667,-385.76458333333335,475.0,-508.6116666666667,180.0,228.4708333333333,228.4708333333333,1950.0,-898.9861111111111,-848.4791666666666
2970,1522.0333333333335,197.16666666666669,-619.4916666666666,475.0,-695.5933333333332,180.0,-238.98333333333323,-238.98333333333323,1950.0,-934.2777777777778,-901.4166666666666
2971,1665.9416666666666,235.9583333333333,-583.5145833333333,475.0,-666.8116666666667,180.0,-167.0291666666667,-167.0291666666667,1950.0,-921.3472222222223,-882.0208333333334
2972,1910.475,236.54166666666669,-522.38125,475.0,-617.905,180.0,-44.762500000000045,-44.762500000000045,1950.0,-921.1527777777778,-881.7291666666666
2973,1504.0083333333332,230.7083333333333,-623.9979166666667,475.0,-699.1983333333334,180.0,-247.9958333333334,-247.9958333333334,1950.0,-923.0972222222223,-884.6458333333334
2974,2291.858333333333,276.7916666666667,-427.0354166666667,475.0,-541.6283333333333,180.0,145.92916666666656,145.92916666666656,1950.0,-907.7361111111111,-861.6041666666666
2975,2254.175,296.625,-436.45624999999995,475.0,-549.165,180.0,127.08750000000009,127.08750000000009,1950.0,-901.125,-851.6875
2976,2093.1166666666663,312.0833333333333,-476.7208333333334,475.0,-581.3766666666668,180.0,46.55833333333317,46.55833333333317,1950.0,-895.9722222222222,-843.9583333333334
2977,2019.325,297.7916666666667,-495.16875,475.0,-596.135,180.0,9.662500000000023,9.662500000000023,1950.0,-900.7361111111111,-851.1041666666666
2978,1837.5583333333327,252.875,-540.6104166666669,475.0,-632.4883333333335,180.0,-81.22083333333364,-81.22083333333364,1950.0,-915.7083333333334,-873.5625
2979,2022.4166666666667,287.0,-494.3958333333333,475.0,-595.5166666666667,180.0,11.208333333333371,11.208333333333371,1950.0,-904.3333333333334,-856.5
2980,1537.0833333333337,247.91666666666663,-615.7291666666665,475.0,-692.5833333333333,180.0,-231.45833333333314,-231.45833333333314,1950.0,-917.3611111111111,-876.0416666666667
2981,1780.6833333333332,255.5,-554.8291666666667,475.0,-643.8633333333333,180.0,-109.65833333333342,-109.65833333333342,1950.0,-914.8333333333334,-872.25
2982,1855.0583333333327,240.625,-536.2354166666669,475.0,-628.9883333333335,180.0,-72.47083333333364,-72.47083333333364,1950.0,-919.7916666666666,-879.6875
2983,2055.2,274.1666666666667,-486.20000000000005,475.0,-588.96,180.0,27.59999999999991,27.59999999999991,1950.0,-908.6111111111111,-862.9166666666666
2984,2020.2,298.66666666666663,-494.95,475.0,-595.96,180.0,10.100000000000023,10.100000000000023,1950.0,-900.4444444444445,-850.6666666666667
2985,1567.3583333333331,286.125,-608.1604166666667,475.0,-686.5283333333334,180.0,-216.32083333333344,-216.32083333333344,1950.0,-904.625,-856.9375
2986,1851.7333333333331,243.25,-537.0666666666667,475.0,-629.6533333333334,180.0,-74.13333333333344,-74.13333333333344,1950.0,-918.9166666666666,-878.375
2987,1420.1833333333332,212.3333333333333,-644.9541666666667,475.0,-715.9633333333334,180.0,-289.9083333333334,-289.9083333333334,1950.0,-929.2222222222223,-893.8333333333334
2988,2134.1833333333334,331.33333333333337,-466.45416666666665,475.0,-573.1633333333333,180.0,67.0916666666667,67.0916666666667,1950.0,-889.5555555555555,-834.3333333333333
2989,1431.85,253.75,-642.0375,475.0,-713.63,180.0,-284.07500000000005,-284.07500000000005,1950.0,-915.4166666666666,-873.125
2990,2213.633333333333,295.75,-446.5916666666667,475.0,-557.2733333333333,180.0,106.8166666666666,106.8166666666666,1950.0,-901.4166666666666,-852.125
2991,1827.9333333333327,302.75,-543.0166666666669,475.0,-634.4133333333334,180.0,-86.03333333333364,-86.03333333333364,1950.0,-899.0833333333334,-848.625
2992,1584.8,252.0,-603.8,475.0,-683.04,180.0,-207.60000000000002,-207.60000000000002,1950.0,-916.0,-874.0
2993,1671.0749999999998,306.54166666666663,-582.23125,475.0,-665.7850000000001,180.0,-164.4625000000001,-164.4625000000001,1950.0,-897.8194444444445,-846.7291666666667
2994,1750.0583333333332,244.70833333333331,-562.4854166666667,475.0,-649.9883333333333,180.0,-124.97083333333342,-124.97083333333342,1950.0,-918.4305555555555,-877.6458333333334
2995,1931.125,284.9583333333333,-517.21875,475.0,-613.775,180.0,-34.4375,-34.4375,1950.0,-905.0138888888889,-857.5208333333334
2996,2062.3749999999995,317.04166666666663,-484.4062500000001,475.0,-587.5250000000001,180.0,31.187499999999773,31.187499999999773,1950.0,-894.3194444444445,-841.4791666666667
2997,1917.0083333333328,286.70833333333337,-520.7479166666668,475.0,-616.5983333333335,180.0,-41.49583333333362,-41.49583333333362,1950.0,-904.4305555555555,-856.6458333333333
2998,1614.725,258.125,-596.31875,475.0,-677.0550000000001,180.0,-192.63750000000005,-192.63750000000005,1950.0,-913.9583333333334,-870.9375
2999,1891.3416666666667,261.0416666666667,-527.1645833333333,475.0,-621.7316666666667,180.0,-54.32916666666665,-54.32916666666665,1950.0,-912.9861111111111,-869.4791666666666
3000,2247.0583333333334,275.625,-438.23541666666665,475.0,-550.5883333333334,180.0,123.5291666666667,123.5291666666667,1950.0,-908.125,-862.1875
3001,2158.0999999999995,305.6666666666667,-460.47500000000014,475.0,-568.3800000000001,180.0,79.04999999999973,79.04999999999973,1950.0,-898.1111111111111,-847.1666666666666
3002,1915.3166666666664,316.75,-521.1708333333333,475.0,-616.9366666666667,180.0,-42.34166666666681,-42.34166666666681,1950.0,-894.4166666666666,-841.625
3003,1977.3833333333328,247.91666666666663,-505.6541666666668,475.0,-604.5233333333334,180.0,-11.308333333333621,-11.308333333333621,1950.0,-917.3611111111111,-876.0416666666667
3004,1418.3166666666666,266.0,-645.4208333333333,475.0,-716.3366666666667,180.0,-290.8416666666667,-290.8416666666667,1950.0,-911.3333333333334,-867.0
3005,1873.375,296.625,-531.65625,475.0,-625.325,180.0,-63.3125,-63.3125,1950.0,-901.125,-851.6875
3006,2088.0416666666665,273.2916666666667,-477.98958333333337,475.0,-582.3916666666667,180.0,44.02083333333326,44.02083333333326,1950.0,-908.9027777777778,-863.3541666666666
3007,1755.8916666666669,250.54166666666663,-561.0270833333333,475.0,-648.8216666666666,180.0,-122.05416666666656,-122.05416666666656,1950.0,-916.4861111111111,-874.7291666666667
3008,1983.3916666666664,279.7083333333333,-504.1520833333334,475.0,-603.3216666666667,180.0,-8.304166666666788,-8.304166666666788,1950.0,-906.7638888888889,-860.1458333333334
3009,1937.95,256.0833333333333,-515.5125,475.0,-612.41,180.0,-31.024999999999977,-31.024999999999977,1950.0,-914.6388888888889,-871.9583333333334
3010,2563.8083333333334,344.45833333333337,-359.04791666666665,475.0,-487.23833333333334,180.0,281.9041666666667,281.9041666666667,1950.0,-885.1805555555555,-827.7708333333333
3011,1666.0583333333332,279.7083333333333,-583.4854166666667,475.0,-666.7883333333334,180.0,-166.97083333333342,-166.97083333333342,1950.0,-906.7638888888889,-860.1458333333334
3012,1603.4666666666667,270.6666666666667,-599.1333333333333,475.0,-679.3066666666666,180.0,-198.26666666666665,-198.26666666666665,1950.0,-909.7777777777778,-864.6666666666666
3013,1638.2916666666667,240.04166666666663,-590.4270833333333,475.0,-672.3416666666667,180.0,-180.85416666666663,-180.85416666666663,1950.0,-919.9861111111111,-879.9791666666667
3014,1841.2916666666667,214.9583333333333,-539.6770833333333,475.0,-631.7416666666667,180.0,-79.35416666666663,-79.35416666666663,1950.0,-928.3472222222223,-892.5208333333334
3015,2180.325,339.7916666666667,-454.91875000000005,475.0,-563.9350000000001,180.0,90.16249999999991,90.16249999999991,1950.0,-886.7361111111111,-830.1041666666666
3016,2063.6,340.0833333333333,-484.1,475.0,-587.28,180.0,31.799999999999955,31.799999999999955,1950.0,-886.6388888888889,-829.9583333333334
3017,2493.6916666666666,339.7916666666667,-376.57708333333335,475.0,-501.26166666666666,180.0,246.8458333333333,246.8458333333333,1950.0,-886.7361111111111,-830.1041666666666
3018,2370.258333333333,363.125,-407.4354166666667,475.0,-525.9483333333334,180.0,185.1291666666666,185.1291666666666,1950.0,-878.9583333333334,-818.4375
3019,1978.55,338.3333333333333,-505.3625,475.0,-604.29,180.0,-10.725000000000023,-10.725000000000023,1950.0,-887.2222222222222,-830.8333333333334
3020,1924.3,234.5,-518.925,475.0,-615.14,180.0,-37.85000000000002,-37.85000000000002,1950.0,-921.8333333333334,-882.75
3021,1818.1333333333328,267.16666666666663,-545.4666666666668,475.0,-636.3733333333334,180.0,-90.93333333333362,-90.93333333333362,1950.0,-910.9444444444445,-866.4166666666667
3022,1588.8833333333334,275.9166666666667,-602.7791666666667,475.0,-682.2233333333334,180.0,-205.55833333333328,-205.55833333333328,1950.0,-908.0277777777778,-862.0416666666666
3023,2153.3166666666666,306.8333333333333,-461.67083333333335,475.0,-569.3366666666667,180.0,76.6583333333333,76.6583333333333,1950.0,-897.7222222222222,-846.5833333333334
3024,1708.9916666666668,235.375,-572.7520833333333,475.0,-658.2016666666666,180.0,-145.5041666666666,-145.5041666666666,1950.0,-921.5416666666666,-882.3125
3025,2000.0166666666664,256.66666666666663,-499.9958333333334,475.0,-599.9966666666667,180.0,0.008333333333212067,0.008333333333212067,1950.0,-914.4444444444445,-871.6666666666667
3026,1831.4333333333327,306.25,-542.1416666666669,475.0,-633.7133333333335,180.0,-84.28333333333364,-84.28333333333364,1950.0,-897.9166666666666,-846.875
3027,1616.0083333333332,243.54166666666663,-595.9979166666667,475.0,-676.7983333333334,180.0,-191.9958333333334,-191.9958333333334,1950.0,-918.8194444444445,-878.2291666666667
3028,2003.75,298.0833333333333,-499.0625,475.0,-599.25,180.0,1.875,1.875,1950.0,-900.6388888888889,-850.9583333333334
3029,2017.4583333333333,242.375,-495.6354166666667,475.0,-596.5083333333333,180.0,8.729166666666629,8.729166666666629,1950.0,-919.2083333333334,-878.8125
3030,1834.2916666666667,287.2916666666667,-541.4270833333333,475.0,-633.1416666666667,180.0,-82.85416666666663,-82.85416666666663,1950.0,-904.2361111111111,-856.3541666666666
3031,1952.0666666666664,284.08333333333337,-511.9833333333334,475.0,-609.5866666666667,180.0,-23.96666666666681,-23.96666666666681,1950.0,-905.3055555555555,-857.9583333333333
3032,1904.8166666666664,256.66666666666663,-523.7958333333333,475.0,-619.0366666666667,180.0,-47.59166666666681,-47.59166666666681,1950.0,-914.4444444444445,-871.6666666666667
3033,2313.675,316.4583333333333,-421.58124999999995,475.0,-537.265,180.0,156.8375000000001,156.8375000000001,1950.0,-894.5138888888889,-841.7708333333334
3034,1416.5666666666666,244.41666666666669,-645.8583333333333,475.0,-716.6866666666667,180.0,-291.7166666666667,-291.7166666666667,1950.0,-918.5277777777778,-877.7916666666666
3035,2346.925,280.29166666666663,-413.26874999999995,475.0,-530.615,180.0,173.4625000000001,173.4625000000001,1950.0,-906.5694444444445,-859.8541666666667
3036,1720.9499999999998,267.16666666666663,-569.7625,475.0,-655.8100000000001,180.0,-139.5250000000001,-139.5250000000001,1950.0,-910.9444444444445,-866.4166666666667
3037,2208.208333333333,304.2083333333333,-447.94791666666674,475.0,-558.3583333333333,180.0,104.10416666666652,104.10416666666652,1950.0,-898.5972222222222,-847.8958333333334
3038,1442.0,202.41666666666669,-639.5,475.0,-711.6,180.0,-279.0,-279.0,1950.0,-932.5277777777778,-898.7916666666666
3039,2105.775,279.125,-473.55625,475.0,-578.845,180.0,52.887500000000045,52.887500000000045,1950.0,-906.9583333333334,-860.4375
3040,1720.25,203.0,-569.9375,475.0,-655.95,180.0,-139.875,-139.875,1950.0,-932.3333333333334,-898.5
3041,1715.1750000000002,303.0416666666667,-571.20625,475.0,-656.9649999999999,180.0,-142.4124999999999,-142.4124999999999,1950.0,-898.9861111111111,-848.4791666666666
3042,1925.5833333333333,249.66666666666669,-518.6041666666667,475.0,-614.8833333333333,180.0,-37.20833333333337,-37.20833333333337,1950.0,-916.7777777777778,-875.1666666666666
3043,2180.616666666667,300.4166666666667,-454.8458333333333,475.0,-563.8766666666667,180.0,90.3083333333334,90.3083333333334,1950.0,-899.8611111111111,-849.7916666666666
3044,1777.2416666666666,244.125,-555.6895833333333,475.0,-644.5516666666667,180.0,-111.37916666666672,-111.37916666666672,1950.0,-918.625,-877.9375
3045,1424.7916666666667,244.70833333333331,-643.8020833333333,475.0,-715.0416666666666,180.0,-287.60416666666663,-287.60416666666663,1950.0,-918.4305555555555,-877.6458333333334
3046,2104.608333333333,287.875,-473.8479166666667,475.0,-579.0783333333334,180.0,52.30416666666656,52.30416666666656,1950.0,-904.0416666666666,-856.0625
3047,1937.483333333333,259.5833333333333,-515.6291666666668,475.0,-612.5033333333334,180.0,-31.258333333333553,-31.258333333333553,1950.0,-913.4722222222222,-870.2083333333334
3048,2304.1666666666665,330.75,-423.95833333333337,475.0,-539.1666666666667,180.0,152.08333333333326,152.08333333333326,1950.0,-889.75,-834.625
3049,1585.7916666666667,227.20833333333331,-603.5520833333333,475.0,-682.8416666666667,180.0,-207.10416666666663,-207.10416666666663,1950.0,-924.2638888888889,-886.3958333333334
3050,1902.6583333333333,220.79166666666669,-524.3354166666667,475.0,-619.4683333333334,180.0,-48.67083333333335,-48.67083333333335,1950.0,-926.4027777777778,-889.6041666666666
3051,2356.8416666666662,359.625,-410.78958333333344,475.0,-528.6316666666668,180.0,178.42083333333312,178.42083333333312,1950.0,-880.125,-820.1875
3052,2164.05,315.58333333333337,-458.98749999999995,475.0,-567.1899999999999,180.0,82.02500000000009,82.02500000000009,1950.0,-894.8055555555555,-842.2083333333333
3053,1824.2,291.0833333333333,-543.95,475.0,-635.16,180.0,-87.89999999999998,-87.89999999999998,1950.0,-902.9722222222222,-854.4583333333334
3054,1844.85,280.0,-538.7875,475.0,-631.03,180.0,-77.57500000000005,-77.57500000000005,1950.0,-906.6666666666666,-860.0
3055,1966.2416666666668,324.0416666666667,-508.4395833333333,475.0,-606.7516666666667,180.0,-16.879166666666606,-16.879166666666606,1950.0,-891.9861111111111,-837.9791666666666
3056,2195.083333333333,281.1666666666667,-451.22916666666674,475.0,-560.9833333333333,180.0,97.54166666666652,97.54166666666652,1950.0,-906.2777777777778,-859.4166666666666
3057,2381.458333333333,308.875,-404.63541666666674,475.0,-523.7083333333334,180.0,190.72916666666652,190.72916666666652,1950.0,-897.0416666666666,-845.5625
3058,1947.983333333333,280.0,-513.0041666666668,475.0,-610.4033333333334,180.0,-26.008333333333553,-26.008333333333553,1950.0,-906.6666666666666,-860.0
3059,1823.675,332.2083333333333,-544.08125,475.0,-635.265,180.0,-88.16250000000002,-88.16250000000002,1950.0,-889.2638888888889,-833.8958333333334
3060,1941.45,329.0,-514.6375,475.0,-611.71,180.0,-29.274999999999977,-29.274999999999977,1950.0,-890.3333333333334,-835.5
3061,2072.35,289.33333333333337,-481.9125,475.0,-585.53,180.0,36.174999999999955,36.174999999999955,1950.0,-903.5555555555555,-855.3333333333333
3062,1518.5333333333333,273.0,-620.3666666666667,475.0,-696.2933333333333,180.0,-240.73333333333335,-240.73333333333335,1950.0,-909.0,-863.5
3063,2277.041666666667,293.7083333333333,-430.73958333333326,475.0,-544.5916666666666,180.0,138.52083333333348,138.52083333333348,1950.0,-902.0972222222222,-853.1458333333334
3064,2037.35,294.0,-490.6625,475.0,-592.53,180.0,18.674999999999955,18.674999999999955,1950.0,-902.0,-853.0
3065,1826.7083333333333,259.875,-543.3229166666667,475.0,-634.6583333333333,180.0,-86.64583333333337,-86.64583333333337,1950.0,-913.375,-870.0625
3066,1651.125,223.125,-587.21875,475.0,-669.775,180.0,-174.4375,-174.4375,1950.0,-925.625,-888.4375
3067,2034.025,375.95833333333337,-491.49375,475.0,-593.1949999999999,180.0,17.012500000000045,17.012500000000045,1950.0,-874.6805555555555,-812.0208333333333
3068,2522.8583333333336,309.4583333333333,-369.2854166666666,475.0,-495.4283333333333,180.0,261.4291666666668,261.4291666666668,1950.0,-896.8472222222222,-845.2708333333334
3069,1828.108333333333,249.375,-542.9729166666668,475.0,-634.3783333333334,180.0,-85.94583333333355,-85.94583333333355,1950.0,-916.875,-875.3125
3070,2373.6416666666664,332.79166666666663,-406.5895833333334,475.0,-525.2716666666668,180.0,186.8208333333332,186.8208333333332,1950.0,-889.0694444444445,-833.6041666666667
3071,2036.9416666666664,289.625,-490.7645833333334,475.0,-592.6116666666667,180.0,18.47083333333319,18.47083333333319,1950.0,-903.4583333333334,-855.1875
3072,1626.1583333333333,202.125,-593.4604166666667,475.0,-674.7683333333333,180.0,-186.92083333333335,-186.92083333333335,1950.0,-932.625,-898.9375
3073,1852.2583333333328,291.375,-536.9354166666668,475.0,-629.5483333333334,180.0,-73.87083333333362,-73.87083333333362,1950.0,-902.875,-854.3125
3074,1914.3250000000005,252.29166666666669,-521.4187499999998,475.0,-617.1349999999999,180.0,-42.83749999999975,-42.83749999999975,1950.0,-915.9027777777778,-873.8541666666666
3075,1682.6833333333332,236.83333333333331,-579.3291666666667,475.0,-663.4633333333334,180.0,-158.65833333333342,-158.65833333333342,1950.0,-921.0555555555555,-881.5833333333334
3076,2175.5416666666665,340.9583333333333,-456.11458333333337,475.0,-564.8916666666667,180.0,87.77083333333326,87.77083333333326,1950.0,-886.3472222222222,-829.5208333333334
3077,1667.8083333333332,241.79166666666669,-583.0479166666667,475.0,-666.4383333333334,180.0,-166.09583333333342,-166.09583333333342,1950.0,-919.4027777777778,-879.1041666666666
3078,1437.3333333333333,197.75,-640.6666666666667,475.0,-712.5333333333333,180.0,-281.33333333333337,-281.33333333333337,1950.0,-934.0833333333334,-901.125
3079,1996.575,284.9583333333333,-500.85625,475.0,-600.685,180.0,-1.7124999999999773,-1.7124999999999773,1950.0,-905.0138888888889,-857.5208333333334
3080,1891.925,291.375,-527.01875,475.0,-621.615,180.0,-54.03750000000002,-54.03750000000002,1950.0,-902.875,-854.3125
3081,1812.4166666666663,215.83333333333331,-546.8958333333335,475.0,-637.5166666666668,180.0,-93.79166666666686,-93.79166666666686,1950.0,-928.0555555555555,-892.0833333333334
3082,1703.7416666666666,279.7083333333333,-574.0645833333333,475.0,-659.2516666666667,180.0,-148.12916666666672,-148.12916666666672,1950.0,-906.7638888888889,-860.1458333333334
3083,1998.15,300.4166666666667,-500.4625,475.0,-600.37,180.0,-0.9249999999999545,-0.9249999999999545,1950.0,-899.8611111111111,-849.7916666666666
3084,1825.7166666666667,294.58333333333337,-543.5708333333333,475.0,-634.8566666666667,180.0,-87.14166666666665,-87.14166666666665,1950.0,-901.8055555555555,-852.7083333333333
3085,1526.8166666666666,235.66666666666663,-618.2958333333333,475.0,-694.6366666666667,180.0,-236.5916666666667,-236.5916666666667,1950.0,-921.4444444444445,-882.1666666666667
3086,1556.275,235.375,-610.93125,475.0,-688.745,180.0,-221.86249999999995,-221.86249999999995,1950.0,-921.5416666666666,-882.3125
3087,2123.858333333333,257.5416666666667,-469.0354166666667,475.0,-575.2283333333334,180.0,61.92916666666656,61.92916666666656,1950.0,-914.1527777777778,-871.2291666666666
3088,1502.725,245.29166666666663,-624.31875,475.0,-699.455,180.0,-248.63750000000005,-248.63750000000005,1950.0,-918.2361111111111,-877.3541666666667
3089,1397.4916666666668,181.70833333333331,-650.6270833333333,475.0,-720.5016666666667,180.0,-301.2541666666666,-301.2541666666666,1950.0,-939.4305555555555,-909.1458333333334
3090,1956.733333333333,278.83333333333337,-510.8166666666668,475.0,-608.6533333333334,180.0,-21.633333333333553,-21.633333333333553,1950.0,-907.0555555555555,-860.5833333333333
3091,1833.5333333333333,340.0833333333333,-541.6166666666667,475.0,-633.2933333333333,180.0,-83.23333333333335,-83.23333333333335,1950.0,-886.6388888888889,-829.9583333333334
3092,1353.5083333333332,199.2083333333333,-661.6229166666667,475.0,-729.2983333333334,180.0,-323.2458333333334,-323.2458333333334,1950.0,-933.5972222222223,-900.3958333333334
3093,1328.95,232.16666666666663,-667.7625,475.0,-734.21,180.0,-335.525,-335.525,1950.0,-922.6111111111111,-883.9166666666667
3094,2244.725,283.2083333333333,-438.81875,475.0,-551.0550000000001,180.0,122.36249999999995,122.36249999999995,1950.0,-905.5972222222222,-858.3958333333334
3095,2061.3833333333337,272.41666666666663,-484.6541666666666,475.0,-587.7233333333332,180.0,30.691666666666833,30.691666666666833,1950.0,-909.1944444444445,-863.7916666666667
3096,1801.975,247.04166666666669,-549.50625,475.0,-639.605,180.0,-99.01250000000005,-99.01250000000005,1950.0,-917.6527777777778,-876.4791666666666
3097,1768.7833333333333,255.5,-557.8041666666667,475.0,-646.2433333333333,180.0,-115.60833333333335,-115.60833333333335,1950.0,-914.8333333333334,-872.25
3098,2215.2666666666664,323.1666666666667,-446.1833333333334,475.0,-556.9466666666667,180.0,107.63333333333321,107.63333333333321,1950.0,-892.2777777777778,-838.4166666666666
3099,1926.05,216.41666666666663,-518.4875,475.0,-614.79,180.0,-36.97500000000002,-36.97500000000002,1950.0,-927.8611111111111,-891.7916666666667
3100,1880.7833333333333,317.9166666666667,-529.8041666666667,475.0,-623.8433333333334,180.0,-59.60833333333335,-59.60833333333335,1950.0,-894.0277777777778,-841.0416666666666
3101,1577.8583333333331,197.45833333333331,-605.5354166666667,475.0,-684.4283333333334,180.0,-211.07083333333344,-211.07083333333344,1950.0,-934.1805555555555,-901.2708333333334
3102,1559.775,209.125,-610.05625,475.0,-688.045,180.0,-220.11249999999995,-220.11249999999995,1950.0,-930.2916666666666,-895.4375
3103,1528.975,251.7083333333333,-617.75625,475.0,-694.205,180.0,-235.51250000000005,-235.51250000000005,1950.0,-916.0972222222223,-874.1458333333334
3104,1131.0833333333333,169.16666666666666,-717.2291666666667,475.0,-773.7833333333333,180.0,-434.45833333333337,-434.45833333333337,1950.0,-943.6111111111111,-915.4166666666666
3105,1584.6833333333334,297.5,-603.8291666666667,475.0,-683.0633333333333,180.0,-207.6583333333333,-207.6583333333333,1950.0,-900.8333333333334,-851.25
3106,1773.1,267.75,-556.725,475.0,-645.38,180.0,-113.45000000000005,-113.45000000000005,1950.0,-910.75,-866.125
3107,1737.5166666666669,281.75,-565.6208333333333,475.0,-652.4966666666667,180.0,-131.24166666666656,-131.24166666666656,1950.0,-906.0833333333334,-859.125
3108,1352.9249999999995,248.20833333333331,-661.7687500000002,475.0,-729.4150000000001,180.0,-323.53750000000025,-323.53750000000025,1950.0,-917.2638888888889,-875.8958333333334
3109,1677.3166666666664,277.0833333333333,-580.6708333333333,475.0,-664.5366666666667,180.0,-161.3416666666668,-161.3416666666668,1950.0,-907.6388888888889,-861.4583333333334
3110,1843.7416666666668,290.79166666666663,-539.0645833333333,475.0,-631.2516666666667,180.0,-78.1291666666666,-78.1291666666666,1950.0,-903.0694444444445,-854.6041666666667
3111,1784.0666666666664,235.08333333333331,-553.9833333333333,475.0,-643.1866666666667,180.0,-107.96666666666681,-107.96666666666681,1950.0,-921.6388888888889,-882.4583333333334
3112,1973.475,279.7083333333333,-506.63125,475.0,-605.3050000000001,180.0,-13.262500000000045,-13.262500000000045,1950.0,-906.7638888888889,-860.1458333333334
3113,1933.6333333333328,273.58333333333337,-516.5916666666668,475.0,-613.2733333333334,180.0,-33.18333333333362,-33.18333333333362,1950.0,-908.8055555555555,-863.2083333333333
3114,1867.775,259.29166666666663,-533.05625,475.0,-626.4449999999999,180.0,-66.11249999999995,-66.11249999999995,1950.0,-913.5694444444445,-870.3541666666667
3115,1430.3333333333333,220.5,-642.4166666666667,475.0,-713.9333333333334,180.0,-284.83333333333337,-284.83333333333337,1950.0,-926.5,-889.75
3116,2515.2750000000005,351.4583333333333,-371.18124999999986,475.0,-496.9449999999999,180.0,257.6375000000003,257.6375000000003,1950.0,-882.8472222222222,-824.2708333333334
3117,2191.175,293.125,-452.20624999999995,475.0,-561.765,180.0,95.58750000000009,95.58750000000009,1950.0,-902.2916666666666,-853.4375
3118,1838.8416666666667,248.20833333333331,-540.2895833333333,475.0,-632.2316666666667,180.0,-80.57916666666665,-80.57916666666665,1950.0,-917.2638888888889,-875.8958333333334
3119,1679.0666666666666,239.16666666666669,-580.2333333333333,475.0,-664.1866666666667,180.0,-160.4666666666667,-160.4666666666667,1950.0,-920.2777777777778,-880.4166666666666
3120,1934.45,312.0833333333333,-516.3875,475.0,-613.11,180.0,-32.77499999999998,-32.77499999999998,1950.0,-895.9722222222222,-843.9583333333334
3121,1969.5083333333328,269.79166666666663,-507.6229166666668,475.0,-606.0983333333335,180.0,-15.245833333333621,-15.245833333333621,1950.0,-910.0694444444445,-865.1041666666667
3122,2241.2833333333333,331.33333333333337,-439.6791666666667,475.0,-551.7433333333333,180.0,120.64166666666665,120.64166666666665,1950.0,-889.5555555555555,-834.3333333333333
3123,1670.9583333333337,223.125,-582.2604166666665,475.0,-665.8083333333333,180.0,-164.52083333333314,-164.52083333333314,1950.0,-925.625,-888.4375
3124,1991.7333333333331,294.0,-502.0666666666667,475.0,-601.6533333333334,180.0,-4.133333333333439,-4.133333333333439,1950.0,-902.0,-853.0
3125,1172.2083333333333,200.375,-706.9479166666667,475.0,-765.5583333333334,180.0,-413.89583333333337,-413.89583333333337,1950.0,-933.2083333333334,-899.8125
3126,2004.1583333333333,322.29166666666663,-498.9604166666667,475.0,-599.1683333333333,180.0,2.0791666666666515,2.0791666666666515,1950.0,-892.5694444444445,-838.8541666666667
3127,2095.3916666666664,312.375,-476.1520833333334,475.0,-580.9216666666667,180.0,47.69583333333321,47.69583333333321,1950.0,-895.875,-843.8125
3128,2031.6333333333337,242.66666666666663,-492.0916666666666,475.0,-593.6733333333333,180.0,15.816666666666833,15.816666666666833,1950.0,-919.1111111111111,-878.6666666666667
3129,1459.4416666666666,247.625,-635.1395833333333,475.0,-708.1116666666667,180.0,-270.2791666666667,-270.2791666666667,1950.0,-917.4583333333334,-876.1875
3130,1925.4083333333333,303.0416666666667,-518.6479166666667,475.0,-614.9183333333333,180.0,-37.29583333333335,-37.29583333333335,1950.0,-898.9861111111111,-848.4791666666666
3131,1519.2916666666663,289.625,-620.1770833333335,475.0,-696.1416666666668,180.0,-240.35416666666686,-240.35416666666686,1950.0,-903.4583333333334,-855.1875
3132,1989.8083333333327,286.125,-502.5479166666668,475.0,-602.0383333333334,180.0,-5.095833333333644,-5.095833333333644,1950.0,-904.625,-856.9375
3133,1921.9666666666665,281.75,-519.5083333333334,475.0,-615.6066666666667,180.0,-39.016666666666765,-39.016666666666765,1950.0,-906.0833333333334,-859.125
3134,1761.6666666666663,254.3333333333333,-559.5833333333335,475.0,-647.6666666666667,180.0,-119.16666666666686,-119.16666666666686,1950.0,-915.2222222222223,-872.8333333333334
3135,2186.6833333333334,354.0833333333333,-453.32916666666665,475.0,-562.6633333333333,180.0,93.3416666666667,93.3416666666667,1950.0,-881.9722222222222,-822.9583333333334
3136,1768.2,344.1666666666667,-557.95,475.0,-646.36,180.0,-115.89999999999998,-115.89999999999998,1950.0,-885.2777777777778,-827.9166666666666
3137,2026.6166666666663,315.0,-493.3458333333334,475.0,-594.6766666666667,180.0,13.308333333333167,13.308333333333167,1950.0,-895.0,-842.5
3138,1450.75,250.83333333333331,-637.3125,475.0,-709.85,180.0,-274.625,-274.625,1950.0,-916.3888888888889,-874.5833333333334
3139,2161.6,299.25,-459.6,475.0,-567.6800000000001,180.0,80.79999999999995,80.79999999999995,1950.0,-900.25,-850.375
3140,1845.9583333333333,219.625,-538.5104166666667,475.0,-630.8083333333334,180.0,-77.02083333333337,-77.02083333333337,1950.0,-926.7916666666666,-890.1875
3141,1630.3,267.75,-592.425,475.0,-673.94,180.0,-184.85000000000002,-184.85000000000002,1950.0,-910.75,-866.125
3142,1370.775,238.29166666666663,-657.30625,475.0,-725.845,180.0,-314.61249999999995,-314.61249999999995,1950.0,-920.5694444444445,-880.8541666666667
3143,1662.5,234.5,-584.375,475.0,-667.5,180.0,-168.75,-168.75,1950.0,-921.8333333333334,-882.75
3144,1888.6,343.5833333333333,-527.85,475.0,-622.28,180.0,-55.700000000000045,-55.700000000000045,1950.0,-885.4722222222222,-828.2083333333334
3145,1888.5416666666667,252.29166666666669,-527.8645833333333,475.0,-622.2916666666666,180.0,-55.72916666666663,-55.72916666666663,1950.0,-915.9027777777778,-873.8541666666666
3146,1877.925,257.5416666666667,-530.51875,475.0,-624.415,180.0,-61.03750000000002,-61.03750000000002,1950.0,-914.1527777777778,-871.2291666666666
3147,1688.1666666666667,220.5,-577.9583333333333,475.0,-662.3666666666667,180.0,-155.91666666666663,-155.91666666666663,1950.0,-926.5,-889.75
3148,1795.675,314.125,-551.08125,475.0,-640.865,180.0,-102.16250000000002,-102.16250000000002,1950.0,-895.2916666666666,-842.9375
3149,2151.8,303.3333333333333,-462.04999999999995,475.0,-569.64,180.0,75.90000000000009,75.90000000000009,1950.0,-898.8888888888889,-848.3333333333334
3150,1564.0333333333335,259.0,-608.9916666666666,475.0,-687.1933333333333,180.0,-217.98333333333323,-217.98333333333323,1950.0,-913.6666666666666,-870.5
3151,2843.75,364.5833333333333,-289.0625,475.0,-431.25,180.0,421.875,421.875,1950.0,-878.4722222222222,-817.7083333333334
3152,2479.691666666667,335.7083333333333,-380.07708333333323,475.0,-504.0616666666666,180.0,239.84583333333353,239.84583333333353,1950.0,-888.0972222222222,-832.1458333333334
3153,1410.5583333333332,242.375,-647.3604166666667,475.0,-717.8883333333333,180.0,-294.7208333333334,-294.7208333333334,1950.0,-919.2083333333334,-878.8125
3154,1477.2333333333331,235.66666666666663,-630.6916666666667,475.0,-704.5533333333334,180.0,-261.38333333333344,-261.38333333333344,1950.0,-921.4444444444445,-882.1666666666667
3155,1928.6166666666668,276.5,-517.8458333333333,475.0,-614.2766666666666,180.0,-35.691666666666606,-35.691666666666606,1950.0,-907.8333333333334,-861.75
3156,2051.0,315.58333333333337,-487.25,475.0,-589.8,180.0,25.5,25.5,1950.0,-894.8055555555555,-842.2083333333333
3157,1915.1416666666669,251.125,-521.2145833333333,475.0,-616.9716666666666,180.0,-42.42916666666656,-42.42916666666656,1950.0,-916.2916666666666,-874.4375
3158,2054.616666666667,283.5,-486.3458333333333,475.0,-589.0766666666666,180.0,27.308333333333394,27.308333333333394,1950.0,-905.5,-858.25
3159,1280.825,203.875,-679.79375,475.0,-743.835,180.0,-359.5875,-359.5875,1950.0,-932.0416666666666,-898.0625
3160,2222.0916666666667,353.79166666666663,-444.4770833333333,475.0,-555.5816666666667,180.0,111.04583333333335,111.04583333333335,1950.0,-882.0694444444445,-823.1041666666667
3161,1780.1,254.91666666666669,-554.975,475.0,-643.98,180.0,-109.95000000000005,-109.95000000000005,1950.0,-915.0277777777778,-872.5416666666666
3162,1288.9916666666668,212.04166666666663,-677.7520833333333,475.0,-742.2016666666666,180.0,-355.5041666666666,-355.5041666666666,1950.0,-929.3194444444445,-893.9791666666667
3163,1446.025,254.04166666666663,-638.49375,475.0,-710.795,180.0,-276.98749999999995,-276.98749999999995,1950.0,-915.3194444444445,-872.9791666666667
3164,1885.7416666666668,293.125,-528.5645833333333,475.0,-622.8516666666667,180.0,-57.129166666666606,-57.129166666666606,1950.0,-902.2916666666666,-853.4375
3165,1473.7916666666663,263.9583333333333,-631.5520833333335,475.0,-705.2416666666668,180.0,-263.10416666666686,-263.10416666666686,1950.0,-912.0138888888889,-868.0208333333334
3166,1849.6333333333328,278.83333333333337,-537.5916666666668,475.0,-630.0733333333335,180.0,-75.18333333333362,-75.18333333333362,1950.0,-907.0555555555555,-860.5833333333333
3167,2137.625,322.875,-465.59375,475.0,-572.475,180.0,68.8125,68.8125,1950.0,-892.375,-838.5625
3168,2070.775,273.875,-482.30625,475.0,-585.845,180.0,35.387500000000045,35.387500000000045,1950.0,-908.7083333333334,-863.0625
3169,1944.8916666666664,290.79166666666663,-513.7770833333334,475.0,-611.0216666666668,180.0,-27.554166666666788,-27.554166666666788,1950.0,-903.0694444444445,-854.6041666666667
3170,2174.433333333333,361.6666666666666,-456.39166666666677,475.0,-565.1133333333335,180.0,87.21666666666647,87.21666666666647,1950.0,-879.4444444444445,-819.1666666666667
3171,2181.6666666666665,307.4166666666667,-454.58333333333337,475.0,-563.6666666666667,180.0,90.83333333333326,90.83333333333326,1950.0,-897.5277777777778,-846.2916666666666
3172,1622.6583333333335,238.29166666666663,-594.3354166666666,475.0,-675.4683333333332,180.0,-188.67083333333323,-188.67083333333323,1950.0,-920.5694444444445,-880.8541666666667
3173,1648.4999999999998,240.33333333333331,-587.875,475.0,-670.3000000000001,180.0,-175.7500000000001,-175.7500000000001,1950.0,-919.8888888888889,-879.8333333333334
3174,1875.0083333333328,254.625,-531.2479166666668,475.0,-624.9983333333334,180.0,-62.49583333333362,-62.49583333333362,1950.0,-915.125,-872.6875
3175,1811.1916666666664,222.54166666666663,-547.2020833333333,475.0,-637.7616666666668,180.0,-94.40416666666681,-94.40416666666681,1950.0,-925.8194444444445,-888.7291666666667
3176,1651.2416666666668,306.54166666666663,-587.1895833333333,475.0,-669.7516666666667,180.0,-174.3791666666666,-174.3791666666666,1950.0,-897.8194444444445,-846.7291666666667
3177,2102.333333333333,287.5833333333333,-474.41666666666674,475.0,-579.5333333333334,180.0,51.166666666666515,51.166666666666515,1950.0,-904.1388888888889,-856.2083333333334
3178,2180.9666666666662,273.0,-454.75833333333344,475.0,-563.8066666666667,180.0,90.48333333333312,90.48333333333312,1950.0,-909.0,-863.5
3179,2336.075,277.375,-415.98125000000005,475.0,-532.7850000000001,180.0,168.0374999999999,168.0374999999999,1950.0,-907.5416666666666,-861.3125
3180,1748.775,239.45833333333331,-562.80625,475.0,-650.245,180.0,-125.61249999999995,-125.61249999999995,1950.0,-920.1805555555555,-880.2708333333334
3181,2097.6083333333336,290.79166666666663,-475.5979166666666,475.0,-580.4783333333332,180.0,48.80416666666679,48.80416666666679,1950.0,-903.0694444444445,-854.6041666666667
3182,1979.95,278.25,-505.0125,475.0,-604.01,180.0,-10.024999999999977,-10.024999999999977,1950.0,-907.25,-860.875
3183,1531.0166666666664,214.08333333333331,-617.2458333333334,475.0,-693.7966666666667,180.0,-234.4916666666668,-234.4916666666668,1950.0,-928.6388888888889,-892.9583333333334
3184,2097.1416666666664,294.2916666666667,-475.7145833333334,475.0,-580.5716666666667,180.0,48.57083333333321,48.57083333333321,1950.0,-901.9027777777778,-852.8541666666666
3185,1533.9333333333332,197.16666666666669,-616.5166666666667,475.0,-693.2133333333334,180.0,-233.03333333333342,-233.03333333333342,1950.0,-934.2777777777778,-901.4166666666666
3186,2002.1166666666663,290.5,-499.4708333333334,475.0,-599.5766666666667,180.0,1.0583333333331666,1.0583333333331666,1950.0,-903.1666666666666,-854.75
3187,2598.1083333333336,364.875,-350.4729166666666,475.0,-480.37833333333333,180.0,299.0541666666668,299.0541666666668,1950.0,-878.375,-817.5625
3188,2098.133333333333,289.33333333333337,-475.4666666666667,475.0,-580.3733333333333,180.0,49.066666666666606,49.066666666666606,1950.0,-903.5555555555555,-855.3333333333333
3189,2206.6916666666666,290.79166666666663,-448.32708333333335,475.0,-558.6616666666666,180.0,103.3458333333333,103.3458333333333,1950.0,-903.0694444444445,-854.6041666666667
3190,1627.325,213.20833333333331,-593.16875,475.0,-674.535,180.0,-186.33749999999998,-186.33749999999998,1950.0,-928.9305555555555,-893.3958333333334
3191,2203.4833333333336,357.0,-449.1291666666666,475.0,-559.3033333333333,180.0,101.74166666666679,101.74166666666679,1950.0,-881.0,-821.5
3192,1465.275,243.54166666666663,-633.68125,475.0,-706.9449999999999,180.0,-267.36249999999995,-267.36249999999995,1950.0,-918.8194444444445,-878.2291666666667
3193,1850.1,315.0,-537.475,475.0,-629.98,180.0,-74.95000000000005,-74.95000000000005,1950.0,-895.0,-842.5
3194,1545.8916666666669,258.7083333333333,-613.5270833333333,475.0,-690.8216666666666,180.0,-227.05416666666656,-227.05416666666656,1950.0,-913.7638888888889,-870.6458333333334
3195,2025.975,252.875,-493.50625,475.0,-594.8050000000001,180.0,12.987499999999955,12.987499999999955,1950.0,-915.7083333333334,-873.5625
3196,2187.15,271.25,-453.2125,475.0,-562.5699999999999,180.0,93.57500000000005,93.57500000000005,1950.0,-909.5833333333334,-864.375
3197,1672.65,242.66666666666663,-581.8375,475.0,-665.47,180.0,-163.67499999999995,-163.67499999999995,1950.0,-919.1111111111111,-878.6666666666667
3198,1441.1833333333334,253.16666666666663,-639.7041666666667,475.0,-711.7633333333333,180.0,-279.4083333333333,-279.4083333333333,1950.0,-915.6111111111111,-873.4166666666667
3199,1643.425,261.0416666666667,-589.14375,475.0,-671.315,180.0,-178.28750000000002,-178.28750000000002,1950.0,-912.9861111111111,-869.4791666666666
3200,1913.3333333333333,296.9166666666667,-521.6666666666667,475.0,-617.3333333333334,180.0,-43.33333333333337,-43.33333333333337,1950.0,-901.0277777777778,-851.5416666666666
3201,1926.6333333333328,276.5,-518.3416666666668,475.0,-614.6733333333334,180.0,-36.68333333333362,-36.68333333333362,1950.0,-907.8333333333334,-861.75
3202,1834.6416666666669,240.04166666666663,-541.3395833333333,475.0,-633.0716666666666,180.0,-82.67916666666656,-82.67916666666656,1950.0,-919.9861111111111,-879.9791666666667
3203,2144.508333333333,305.9583333333333,-463.8729166666667,475.0,-571.0983333333334,180.0,72.2541666666666,72.2541666666666,1950.0,-898.0138888888889,-847.0208333333334
3204,1432.0833333333333,192.5,-641.9791666666667,475.0,-713.5833333333334,180.0,-283.95833333333337,-283.95833333333337,1950.0,-935.8333333333334,-903.75
3205,1821.2833333333333,298.0833333333333,-544.6791666666667,475.0,-635.7433333333333,180.0,-89.35833333333335,-89.35833333333335,1950.0,-900.6388888888889,-850.9583333333334
3206,1895.5416666666667,318.7916666666667,-526.1145833333333,475.0,-620.8916666666667,180.0,-52.22916666666663,-52.22916666666663,1950.0,-893.7361111111111,-840.6041666666666
3207,1633.625,245.29166666666663,-591.59375,475.0,-673.275,180.0,-183.1875,-183.1875,1950.0,-918.2361111111111,-877.3541666666667
3208,1600.2,255.5,-599.95,475.0,-679.96,180.0,-199.89999999999998,-199.89999999999998,1950.0,-914.8333333333334,-872.25
3209,1529.0333333333335,233.91666666666669,-617.7416666666666,475.0,-694.1933333333333,180.0,-235.48333333333323,-235.48333333333323,1950.0,-922.0277777777778,-883.0416666666666
3210,2071.5333333333333,270.6666666666667,-482.1166666666667,475.0,-585.6933333333334,180.0,35.76666666666665,35.76666666666665,1950.0,-909.7777777777778,-864.6666666666666
3211,2013.4916666666668,252.29166666666669,-496.6270833333333,475.0,-597.3016666666666,180.0,6.745833333333394,6.745833333333394,1950.0,-915.9027777777778,-873.8541666666666
3212,1773.2166666666667,271.8333333333333,-556.6958333333333,475.0,-645.3566666666667,180.0,-113.39166666666665,-113.39166666666665,1950.0,-909.3888888888889,-864.0833333333334
3213,1515.4416666666666,224.29166666666663,-621.1395833333333,475.0,-696.9116666666666,180.0,-242.2791666666667,-242.2791666666667,1950.0,-925.2361111111111,-887.8541666666667
3214,1999.8416666666665,290.2083333333333,-500.0395833333334,475.0,-600.0316666666668,180.0,-0.0791666666667652,-0.0791666666667652,1950.0,-903.2638888888889,-854.8958333333334
3215,2120.5333333333333,289.9166666666667,-469.8666666666667,475.0,-575.8933333333333,180.0,60.26666666666665,60.26666666666665,1950.0,-903.3611111111111,-855.0416666666666
3216,1589.6416666666669,173.54166666666669,-602.5895833333333,475.0,-682.0716666666666,180.0,-205.17916666666656,-205.17916666666656,1950.0,-942.1527777777778,-913.2291666666666
3217,2078.008333333333,318.7916666666667,-480.4979166666667,475.0,-584.3983333333333,180.0,39.004166666666606,39.004166666666606,1950.0,-893.7361111111111,-840.6041666666666
3218,1852.2,269.5,-536.95,475.0,-629.56,180.0,-73.89999999999998,-73.89999999999998,1950.0,-910.1666666666666,-865.25
3219,1298.0916666666667,242.95833333333331,-675.4770833333333,475.0,-740.3816666666667,180.0,-350.95416666666665,-350.95416666666665,1950.0,-919.0138888888889,-878.5208333333334
3220,1887.1416666666669,292.5416666666667,-528.2145833333333,475.0,-622.5716666666666,180.0,-56.42916666666656,-56.42916666666656,1950.0,-902.4861111111111,-853.7291666666666
3221,1715.2916666666667,257.5416666666667,-571.1770833333333,475.0,-656.9416666666666,180.0,-142.35416666666663,-142.35416666666663,1950.0,-914.1527777777778,-871.2291666666666
3222,1767.0916666666665,305.375,-558.2270833333334,475.0,-646.5816666666667,180.0,-116.45416666666677,-116.45416666666677,1950.0,-898.2083333333334,-847.3125
3223,1771.2916666666667,244.125,-557.1770833333333,475.0,-645.7416666666667,180.0,-114.35416666666663,-114.35416666666663,1950.0,-918.625,-877.9375
3224,2057.766666666667,264.8333333333333,-485.5583333333333,475.0,-588.4466666666666,180.0,28.88333333333344,28.88333333333344,1950.0,-911.7222222222222,-867.5833333333334
3225,1710.8583333333331,290.79166666666663,-572.2854166666667,475.0,-657.8283333333334,180.0,-144.57083333333344,-144.57083333333344,1950.0,-903.0694444444445,-854.6041666666667
3226,2179.1583333333333,328.70833333333337,-455.2104166666667,475.0,-564.1683333333333,180.0,89.57916666666665,89.57916666666665,1950.0,-890.4305555555555,-835.6458333333333
3227,1876.7000000000005,303.91666666666663,-530.8249999999998,475.0,-624.6599999999999,180.0,-61.64999999999975,-61.64999999999975,1950.0,-898.6944444444445,-848.0416666666667
3228,1927.5083333333328,307.125,-518.1229166666668,475.0,-614.4983333333334,180.0,-36.24583333333362,-36.24583333333362,1950.0,-897.625,-846.4375
3229,1507.6833333333334,230.41666666666663,-623.0791666666667,475.0,-698.4633333333334,180.0,-246.1583333333333,-246.1583333333333,1950.0,-923.1944444444445,-884.7916666666667
3230,1842.225,287.2916666666667,-539.44375,475.0,-631.5550000000001,180.0,-78.88750000000005,-78.88750000000005,1950.0,-904.2361111111111,-856.3541666666666
3231,1551.4916666666668,256.375,-612.1270833333333,475.0,-689.7016666666666,180.0,-224.2541666666666,-224.2541666666666,1950.0,-914.5416666666666,-871.8125
3232,1923.1333333333332,243.25,-519.2166666666667,475.0,-615.3733333333333,180.0,-38.433333333333394,-38.433333333333394,1950.0,-918.9166666666666,-878.375
3233,1732.2083333333337,205.04166666666669,-566.9479166666665,475.0,-653.5583333333333,180.0,-133.89583333333314,-133.89583333333314,1950.0,-931.6527777777778,-897.4791666666666
3234,2559.083333333333,377.4166666666666,-360.22916666666674,475.0,-488.1833333333334,180.0,279.5416666666665,279.5416666666665,1950.0,-874.1944444444445,-811.2916666666667
3235,1624.9916666666666,290.2083333333333,-593.7520833333333,475.0,-675.0016666666667,180.0,-187.50416666666672,-187.50416666666672,1950.0,-903.2638888888889,-854.8958333333334
3236,1265.8916666666664,196.875,-683.5270833333334,475.0,-746.8216666666667,180.0,-367.0541666666668,-367.0541666666668,1950.0,-934.375,-901.5625
3237,1563.1,206.5,-609.225,475.0,-687.38,180.0,-218.45000000000005,-218.45000000000005,1950.0,-931.1666666666666,-896.75
3238,1614.7833333333333,240.33333333333331,-596.3041666666667,475.0,-677.0433333333333,180.0,-192.60833333333335,-192.60833333333335,1950.0,-919.8888888888889,-879.8333333333334
3239,1950.55,310.33333333333337,-512.3625,475.0,-609.89,180.0,-24.725000000000023,-24.725000000000023,1950.0,-896.5555555555555,-844.8333333333333
3240,1701.5833333333337,263.6666666666667,-574.6041666666665,475.0,-659.6833333333333,180.0,-149.20833333333314,-149.20833333333314,1950.0,-912.1111111111111,-868.1666666666666
3241,1457.05,273.0,-635.7375,475.0,-708.59,180.0,-271.475,-271.475,1950.0,-909.0,-863.5
3242,1682.0416666666667,224.29166666666663,-579.4895833333333,475.0,-663.5916666666667,180.0,-158.97916666666663,-158.97916666666663,1950.0,-925.2361111111111,-887.8541666666667
3243,1861.2416666666668,209.125,-534.6895833333333,475.0,-627.7516666666667,180.0,-69.3791666666666,-69.3791666666666,1950.0,-930.2916666666666,-895.4375
3244,1890.0583333333327,275.625,-527.4854166666669,475.0,-621.9883333333335,180.0,-54.970833333333644,-54.970833333333644,1950.0,-908.125,-862.1875
3245,1761.6666666666663,264.25,-559.5833333333335,475.0,-647.6666666666667,180.0,-119.16666666666686,-119.16666666666686,1950.0,-911.9166666666666,-867.875
3246,1652.1750000000002,240.04166666666663,-586.95625,475.0,-669.5649999999999,180.0,-173.9124999999999,-173.9124999999999,1950.0,-919.9861111111111,-879.9791666666667
3247,1871.1,246.75,-532.225,475.0,-625.78,180.0,-64.45000000000005,-64.45000000000005,1950.0,-917.75,-876.625
3248,1763.5916666666667,242.375,-559.1020833333333,475.0,-647.2816666666666,180.0,-118.20416666666665,-118.20416666666665,1950.0,-919.2083333333334,-878.8125
3249,2153.3166666666666,287.0,-461.67083333333335,475.0,-569.3366666666667,180.0,76.6583333333333,76.6583333333333,1950.0,-904.3333333333334,-856.5
3250,2065.6416666666664,342.125,-483.5895833333334,475.0,-586.8716666666667,180.0,32.82083333333321,32.82083333333321,1950.0,-885.9583333333334,-828.9375
3251,1788.0333333333333,235.08333333333331,-552.9916666666667,475.0,-642.3933333333333,180.0,-105.98333333333335,-105.98333333333335,1950.0,-921.6388888888889,-882.4583333333334
3252,1841.5833333333333,235.08333333333331,-539.6041666666667,475.0,-631.6833333333334,180.0,-79.20833333333337,-79.20833333333337,1950.0,-921.6388888888889,-882.4583333333334
3253,2545.3166666666666,322.0,-363.67083333333335,475.0,-490.93666666666667,180.0,272.6583333333333,272.6583333333333,1950.0,-892.6666666666666,-839.0
3254,1627.5,288.75,-593.125,475.0,-674.5,180.0,-186.25,-186.25,1950.0,-903.75,-855.625
3255,1689.8000000000002,257.83333333333337,-577.55,475.0,-662.04,180.0,-155.0999999999999,-155.0999999999999,1950.0,-914.0555555555555,-871.0833333333333
3256,2309.416666666667,306.25,-422.64583333333326,475.0,-538.1166666666666,180.0,154.70833333333348,154.70833333333348,1950.0,-897.9166666666666,-846.875
3257,1685.95,222.25,-578.5125,475.0,-662.81,180.0,-157.02499999999998,-157.02499999999998,1950.0,-925.9166666666666,-888.875
3258,1789.6083333333331,300.125,-552.5979166666667,475.0,-642.0783333333334,180.0,-105.19583333333344,-105.19583333333344,1950.0,-899.9583333333334,-849.9375
3259,1668.0416666666667,289.625,-582.9895833333333,475.0,-666.3916666666667,180.0,-165.97916666666663,-165.97916666666663,1950.0,-903.4583333333334,-855.1875
3260,2174.258333333333,276.20833333333337,-456.4354166666667,475.0,-565.1483333333333,180.0,87.1291666666666,87.1291666666666,1950.0,-907.9305555555555,-861.8958333333333
3261,2367.4,332.5,-408.15,475.0,-526.52,180.0,183.70000000000005,183.70000000000005,1950.0,-889.1666666666666,-833.75
3262,2112.6,299.83333333333337,-471.85,475.0,-577.48,180.0,56.299999999999955,56.299999999999955,1950.0,-900.0555555555555,-850.0833333333333
3263,2238.075,338.04166666666663,-440.48125000000005,475.0,-552.385,180.0,119.03749999999991,119.03749999999991,1950.0,-887.3194444444445,-830.9791666666667
3264,1937.425,297.20833333333337,-515.64375,475.0,-612.515,180.0,-31.287500000000023,-31.287500000000023,1950.0,-900.9305555555555,-851.3958333333333
3265,1622.0166666666664,196.0,-594.4958333333334,475.0,-675.5966666666667,180.0,-188.9916666666668,-188.9916666666668,1950.0,-934.6666666666666,-902.0
3266,1639.6333333333332,257.25,-590.0916666666667,475.0,-672.0733333333334,180.0,-180.1833333333334,-180.1833333333334,1950.0,-914.25,-871.375
3267,1793.2833333333333,270.0833333333333,-551.6791666666667,475.0,-641.3433333333334,180.0,-103.35833333333335,-103.35833333333335,1950.0,-909.9722222222222,-864.9583333333334
3268,1808.5666666666664,329.0,-547.8583333333333,475.0,-638.2866666666667,180.0,-95.71666666666681,-95.71666666666681,1950.0,-890.3333333333334,-835.5
3269,1852.4333333333332,277.66666666666663,-536.8916666666667,475.0,-629.5133333333333,180.0,-73.78333333333342,-73.78333333333342,1950.0,-907.4444444444445,-861.1666666666667
3270,2083.433333333333,320.25,-479.14166666666677,475.0,-583.3133333333334,180.0,41.71666666666647,41.71666666666647,1950.0,-893.25,-839.875
3271,2264.15,328.4166666666667,-433.9625,475.0,-547.17,180.0,132.07500000000005,132.07500000000005,1950.0,-890.5277777777778,-835.7916666666666
3272,1415.5166666666669,207.66666666666669,-646.1208333333333,475.0,-716.8966666666666,180.0,-292.24166666666656,-292.24166666666656,1950.0,-930.7777777777778,-896.1666666666666
3273,1043.7583333333334,177.04166666666666,-739.0604166666667,475.0,-791.2483333333333,180.0,-478.1208333333333,-478.1208333333333,1950.0,-940.9861111111111,-911.4791666666666
3274,1462.125,222.54166666666663,-634.46875,475.0,-707.575,180.0,-268.9375,-268.9375,1950.0,-925.8194444444445,-888.7291666666667
3275,2107.4666666666667,249.0833333333333,-473.1333333333333,475.0,-578.5066666666667,180.0,53.73333333333335,53.73333333333335,1950.0,-916.9722222222223,-875.4583333333334
3276,2326.975,345.625,-418.25625,475.0,-534.605,180.0,163.48749999999995,163.48749999999995,1950.0,-884.7916666666666,-827.1875
3277,1672.7666666666664,256.66666666666663,-581.8083333333334,475.0,-665.4466666666667,180.0,-163.6166666666668,-163.6166666666668,1950.0,-914.4444444444445,-871.6666666666667
3278,1604.4583333333333,275.625,-598.8854166666667,475.0,-679.1083333333333,180.0,-197.77083333333337,-197.77083333333337,1950.0,-908.125,-862.1875
3279,1677.025,247.04166666666669,-580.74375,475.0,-664.595,180.0,-161.48749999999995,-161.48749999999995,1950.0,-917.6527777777778,-876.4791666666666
3280,2424.975,324.625,-393.75625,475.0,-515.005,180.0,212.48749999999995,212.48749999999995,1950.0,-891.7916666666666,-837.6875
3281,2249.8583333333336,314.125,-437.5354166666666,475.0,-550.0283333333333,180.0,124.92916666666679,124.92916666666679,1950.0,-895.2916666666666,-842.9375
3282,2244.8416666666667,317.04166666666663,-438.7895833333333,475.0,-551.0316666666666,180.0,122.42083333333335,122.42083333333335,1950.0,-894.3194444444445,-841.4791666666667
3283,1376.6666666666667,216.41666666666663,-655.8333333333333,475.0,-724.6666666666666,180.0,-311.66666666666663,-311.66666666666663,1950.0,-927.8611111111111,-891.7916666666667
3284,1578.5583333333332,221.95833333333331,-605.3604166666667,475.0,-684.2883333333334,180.0,-210.72083333333342,-210.72083333333342,1950.0,-926.0138888888889,-889.0208333333334
3285,1869.35,215.25,-532.6625,475.0,-626.13,180.0,-65.32500000000005,-65.32500000000005,1950.0,-928.25,-892.375
3286,1606.9083333333335,301.875,-598.2729166666666,475.0,-678.6183333333333,180.0,-196.54583333333323,-196.54583333333323,1950.0,-899.375,-849.0625
3287,1840.475,265.70833333333337,-539.88125,475.0,-631.905,180.0,-79.76250000000005,-79.76250000000005,1950.0,-911.4305555555555,-867.1458333333333
3288,1480.7916666666667,231.29166666666669,-629.8020833333333,475.0,-703.8416666666667,180.0,-259.60416666666663,-259.60416666666663,1950.0,-922.9027777777778,-884.3541666666666
3289,1436.2249999999997,188.7083333333333,-640.9437500000001,475.0,-712.7550000000001,180.0,-281.88750000000016,-281.88750000000016,1950.0,-937.0972222222223,-905.6458333333334
3290,2097.6666666666665,282.91666666666663,-475.58333333333337,475.0,-580.4666666666667,180.0,48.83333333333326,48.83333333333326,1950.0,-905.6944444444445,-858.5416666666667
3291,1270.675,195.70833333333331,-682.33125,475.0,-745.865,180.0,-364.6625,-364.6625,1950.0,-934.7638888888889,-902.1458333333334
3292,1901.4333333333327,197.75,-524.6416666666669,475.0,-619.7133333333335,180.0,-49.283333333333644,-49.283333333333644,1950.0,-934.0833333333334,-901.125
3293,1406.7083333333337,206.79166666666663,-648.3229166666665,475.0,-718.6583333333333,180.0,-296.64583333333314,-296.64583333333314,1950.0,-931.0694444444445,-896.6041666666667
3294,1313.4916666666668,196.875,-671.6270833333333,475.0,-737.3016666666666,180.0,-343.2541666666666,-343.2541666666666,1950.0,-934.375,-901.5625
3295,1580.5416666666667,231.875,-604.8645833333333,475.0,-683.8916666666667,180.0,-209.72916666666663,-209.72916666666663,1950.0,-922.7083333333334,-884.0625
3296,2203.7166666666667,345.3333333333333,-449.0708333333333,475.0,-559.2566666666667,180.0,101.85833333333335,101.85833333333335,1950.0,-884.8888888888889,-827.3333333333334
3297,1903.475,318.7916666666667,-524.13125,475.0,-619.3050000000001,180.0,-48.262500000000045,-48.262500000000045,1950.0,-893.7361111111111,-840.6041666666666
3298,2160.3166666666666,323.75,-459.92083333333335,475.0,-567.9366666666667,180.0,80.1583333333333,80.1583333333333,1950.0,-892.0833333333334,-838.125
3299,1668.9166666666663,250.83333333333331,-582.7708333333335,475.0,-666.2166666666667,180.0,-165.54166666666686,-165.54166666666686,1950.0,-916.3888888888889,-874.5833333333334
3300,1384.0750000000005,257.5416666666667,-653.9812499999998,475.0,-723.185,180.0,-307.96249999999975,-307.96249999999975,1950.0,-914.1527777777778,-871.2291666666666
3301,1465.275,263.375,-633.68125,475.0,-706.9449999999999,180.0,-267.36249999999995,-267.36249999999995,1950.0,-912.2083333333334,-868.3125
3302,1520.3416666666665,227.20833333333331,-619.9145833333334,475.0,-695.9316666666667,180.0,-239.82916666666677,-239.82916666666677,1950.0,-924.2638888888889,-886.3958333333334
3303,2041.3166666666664,323.75,-489.6708333333334,475.0,-591.7366666666667,180.0,20.65833333333319,20.65833333333319,1950.0,-892.0833333333334,-838.125
3304,2090.3166666666666,273.58333333333337,-477.42083333333335,475.0,-581.9366666666667,180.0,45.1583333333333,45.1583333333333,1950.0,-908.8055555555555,-863.2083333333333
3305,2084.425,325.2083333333333,-478.89374999999995,475.0,-583.115,180.0,42.21250000000009,42.21250000000009,1950.0,-891.5972222222222,-837.3958333333334
3306,1217.8833333333334,162.75,-695.5291666666667,475.0,-756.4233333333333,180.0,-391.0583333333333,-391.0583333333333,1950.0,-945.75,-918.625
3307,1907.675,287.2916666666667,-523.08125,475.0,-618.465,180.0,-46.16250000000002,-46.16250000000002,1950.0,-904.2361111111111,-856.3541666666666
3308,1763.2416666666668,279.7083333333333,-559.1895833333333,475.0,-647.3516666666667,180.0,-118.3791666666666,-118.3791666666666,1950.0,-906.7638888888889,-860.1458333333334
3309,1954.6333333333332,284.6666666666667,-511.3416666666667,475.0,-609.0733333333334,180.0,-22.683333333333394,-22.683333333333394,1950.0,-905.1111111111111,-857.6666666666666
3310,2107.116666666667,345.91666666666663,-473.2208333333333,475.0,-578.5766666666666,180.0,53.558333333333394,53.558333333333394,1950.0,-884.6944444444445,-827.0416666666667
3311,1164.625,192.79166666666663,-708.84375,475.0,-767.075,180.0,-417.6875,-417.6875,1950.0,-935.7361111111111,-903.6041666666667
3312,1911.9333333333327,297.5,-522.0166666666669,475.0,-617.6133333333335,180.0,-44.033333333333644,-44.033333333333644,1950.0,-900.8333333333334,-851.25
3313,1676.5,258.4166666666667,-580.875,475.0,-664.7,180.0,-161.75,-161.75,1950.0,-913.8611111111111,-870.7916666666666
3314,1497.4166666666667,238.0,-625.6458333333333,475.0,-700.5166666666667,180.0,-251.29166666666663,-251.29166666666663,1950.0,-920.6666666666666,-881.0
3315,1492.6333333333332,189.58333333333331,-626.8416666666667,475.0,-701.4733333333334,180.0,-253.6833333333334,-253.6833333333334,1950.0,-936.8055555555555,-905.2083333333334
3316,1637.4166666666667,209.41666666666663,-590.6458333333333,475.0,-672.5166666666667,180.0,-181.29166666666663,-181.29166666666663,1950.0,-930.1944444444445,-895.2916666666667
3317,2245.425,347.375,-438.64374999999995,475.0,-550.915,180.0,122.71250000000009,122.71250000000009,1950.0,-884.2083333333334,-826.3125
3318,2013.608333333333,266.2916666666667,-496.5979166666668,475.0,-597.2783333333334,180.0,6.804166666666447,6.804166666666447,1950.0,-911.2361111111111,-866.8541666666666
3319,1787.0416666666667,249.95833333333331,-553.2395833333333,475.0,-642.5916666666667,180.0,-106.47916666666663,-106.47916666666663,1950.0,-916.6805555555555,-875.0208333333334
3320,2135.4666666666662,287.0,-466.13333333333344,475.0,-572.9066666666668,180.0,67.73333333333312,67.73333333333312,1950.0,-904.3333333333334,-856.5
3321,1874.8916666666664,260.45833333333337,-531.2770833333334,475.0,-625.0216666666668,180.0,-62.55416666666679,-62.55416666666679,1950.0,-913.1805555555555,-869.7708333333333
3322,1434.1833333333332,226.33333333333331,-641.4541666666667,475.0,-713.1633333333334,180.0,-282.9083333333334,-282.9083333333334,1950.0,-924.5555555555555,-886.8333333333334
3323,1618.225,251.7083333333333,-595.44375,475.0,-676.355,180.0,-190.88750000000005,-190.88750000000005,1950.0,-916.0972222222223,-874.1458333333334
3324,1586.025,265.125,-603.49375,475.0,-682.795,180.0,-206.98749999999995,-206.98749999999995,1950.0,-911.625,-867.4375
3325,2104.375,339.20833333333337,-473.90625,475.0,-579.125,180.0,52.1875,52.1875,1950.0,-886.9305555555555,-830.3958333333333
3326,1787.4499999999998,254.3333333333333,-553.1375,475.0,-642.51,180.0,-106.27500000000009,-106.27500000000009,1950.0,-915.2222222222223,-872.8333333333334
3327,2090.141666666667,356.7083333333333,-477.4645833333333,475.0,-581.9716666666666,180.0,45.07083333333344,45.07083333333344,1950.0,-881.0972222222222,-821.6458333333334
3328,1803.6083333333331,234.79166666666663,-549.0979166666667,475.0,-639.2783333333334,180.0,-98.19583333333344,-98.19583333333344,1950.0,-921.7361111111111,-882.6041666666667
3329,2043.7083333333333,238.875,-489.0729166666667,475.0,-591.2583333333333,180.0,21.85416666666663,21.85416666666663,1950.0,-920.375,-880.5625
3330,2308.775,313.5416666666667,-422.80625,475.0,-538.245,180.0,154.38750000000005,154.38750000000005,1950.0,-895.4861111111111,-843.2291666666666
3331,2215.85,343.5833333333333,-446.0375,475.0,-556.83,180.0,107.92499999999995,107.92499999999995,1950.0,-885.4722222222222,-828.2083333333334
3332,2626.8083333333334,298.375,-343.29791666666665,475.0,-474.6383333333333,180.0,313.4041666666667,313.4041666666667,1950.0,-900.5416666666666,-850.8125
3333,2272.258333333333,284.9583333333333,-431.9354166666667,475.0,-545.5483333333334,180.0,136.1291666666666,136.1291666666666,1950.0,-905.0138888888889,-857.5208333333334
3334,2116.508333333333,297.7916666666667,-470.8729166666667,475.0,-576.6983333333334,180.0,58.254166666666606,58.254166666666606,1950.0,-900.7361111111111,-851.1041666666666
3335,1893.0916666666665,242.95833333333331,-526.7270833333334,475.0,-621.3816666666667,180.0,-53.454166666666765,-53.454166666666765,1950.0,-919.0138888888889,-878.5208333333334
3336,1870.8083333333332,236.54166666666669,-532.2979166666667,475.0,-625.8383333333334,180.0,-64.59583333333342,-64.59583333333342,1950.0,-921.1527777777778,-881.7291666666666
3337,1876.175,275.625,-530.95625,475.0,-624.765,180.0,-61.91250000000002,-61.91250000000002,1950.0,-908.125,-862.1875
3338,1909.8333333333333,253.75,-522.5416666666667,475.0,-618.0333333333333,180.0,-45.08333333333337,-45.08333333333337,1950.0,-915.4166666666666,-873.125
3339,2233.8749999999995,310.0416666666667,-441.5312500000001,475.0,-553.2250000000001,180.0,116.93749999999977,116.93749999999977,1950.0,-896.6527777777778,-844.9791666666666
3340,2030.175,251.125,-492.45625,475.0,-593.965,180.0,15.087499999999977,15.087499999999977,1950.0,-916.2916666666666,-874.4375
3341,1736.8166666666666,237.41666666666663,-565.7958333333333,475.0,-652.6366666666667,180.0,-131.5916666666667,-131.5916666666667,1950.0,-920.8611111111111,-881.2916666666667
3342,1513.2833333333333,247.91666666666663,-621.6791666666667,475.0,-697.3433333333334,180.0,-243.35833333333335,-243.35833333333335,1950.0,-917.3611111111111,-876.0416666666667
3343,1351.4083333333333,284.375,-662.1479166666667,475.0,-729.7183333333334,180.0,-324.29583333333335,-324.29583333333335,1950.0,-905.2083333333334,-857.8125
3344,1713.1916666666666,273.2916666666667,-571.7020833333333,475.0,-657.3616666666667,180.0,-143.4041666666667,-143.4041666666667,1950.0,-908.9027777777778,-863.3541666666666
3345,1975.8083333333327,301.875,-506.0479166666668,475.0,-604.8383333333335,180.0,-12.095833333333644,-12.095833333333644,1950.0,-899.375,-849.0625
3346,1710.8,179.66666666666666,-572.3,475.0,-657.84,180.0,-144.60000000000002,-144.60000000000002,1950.0,-940.1111111111111,-910.1666666666666
3347,1809.7916666666667,272.7083333333333,-547.5520833333333,475.0,-638.0416666666666,180.0,-95.10416666666663,-95.10416666666663,1950.0,-909.0972222222222,-863.6458333333334
3348,2216.7833333333333,287.0,-445.8041666666667,475.0,-556.6433333333333,180.0,108.39166666666665,108.39166666666665,1950.0,-904.3333333333334,-856.5
3349,1232.1166666666666,214.66666666666663,-691.9708333333333,475.0,-753.5766666666667,180.0,-383.9416666666667,-383.9416666666667,1950.0,-928.4444444444445,-892.6666666666667
3350,1878.975,254.625,-530.25625,475.0,-624.205,180.0,-60.512500000000045,-60.512500000000045,1950.0,-915.125,-872.6875
3351,1951.8916666666664,277.9583333333333,-512.0270833333334,475.0,-609.6216666666667,180.0,-24.054166666666788,-24.054166666666788,1950.0,-907.3472222222222,-861.0208333333334
3352,1809.6166666666668,286.4166666666667,-547.5958333333333,475.0,-638.0766666666666,180.0,-95.1916666666666,-95.1916666666666,1950.0,-904.5277777777778,-856.7916666666666
3353,1570.5083333333332,207.95833333333331,-607.3729166666667,475.0,-685.8983333333333,180.0,-214.7458333333334,-214.7458333333334,1950.0,-930.6805555555555,-896.0208333333334
3354,2153.6666666666665,299.25,-461.58333333333337,475.0,-569.2666666666667,180.0,76.83333333333326,76.83333333333326,1950.0,-900.25,-850.375
3355,1905.225,231.29166666666669,-523.69375,475.0,-618.955,180.0,-47.387500000000045,-47.387500000000045,1950.0,-922.9027777777778,-884.3541666666666
3356,1733.1416666666669,227.79166666666663,-566.7145833333333,475.0,-653.3716666666667,180.0,-133.42916666666656,-133.42916666666656,1950.0,-924.0694444444445,-886.1041666666667
3357,1420.4166666666667,200.66666666666663,-644.8958333333333,475.0,-715.9166666666666,180.0,-289.79166666666663,-289.79166666666663,1950.0,-933.1111111111111,-899.6666666666667
3358,1842.8666666666668,299.83333333333337,-539.2833333333333,475.0,-631.4266666666666,180.0,-78.5666666666666,-78.5666666666666,1950.0,-900.0555555555555,-850.0833333333333
3359,1851.733333333333,282.91666666666663,-537.0666666666668,475.0,-629.6533333333334,180.0,-74.13333333333355,-74.13333333333355,1950.0,-905.6944444444445,-858.5416666666667
3360,2154.133333333333,305.6666666666667,-461.4666666666667,475.0,-569.1733333333334,180.0,77.0666666666666,77.0666666666666,1950.0,-898.1111111111111,-847.1666666666666
3361,1657.8916666666669,261.625,-585.5270833333333,475.0,-668.4216666666666,180.0,-171.05416666666656,-171.05416666666656,1950.0,-912.7916666666666,-869.1875
3362,1981.35,327.25,-504.6625,475.0,-603.73,180.0,-9.325000000000045,-9.325000000000045,1950.0,-890.9166666666666,-836.375
3363,1425.7833333333333,200.08333333333331,-643.5541666666667,475.0,-714.8433333333334,180.0,-287.10833333333335,-287.10833333333335,1950.0,-933.3055555555555,-899.9583333333334
3364,1748.075,254.625,-562.98125,475.0,-650.385,180.0,-125.96249999999998,-125.96249999999998,1950.0,-915.125,-872.6875
3365,1132.1333333333332,196.0,-716.9666666666667,475.0,-773.5733333333334,180.0,-433.9333333333334,-433.9333333333334,1950.0,-934.6666666666666,-902.0
3366,1864.0416666666663,317.04166666666663,-533.9895833333335,475.0,-627.1916666666667,180.0,-67.97916666666686,-67.97916666666686,1950.0,-894.3194444444445,-841.4791666666667
3367,1629.8333333333337,281.1666666666667,-592.5416666666665,475.0,-674.0333333333333,180.0,-185.08333333333314,-185.08333333333314,1950.0,-906.2777777777778,-859.4166666666666
3368,2163.175,284.9583333333333,-459.20624999999995,475.0,-567.365,180.0,81.58750000000009,81.58750000000009,1950.0,-905.0138888888889,-857.5208333333334
3369,1682.6833333333332,236.83333333333331,-579.3291666666667,475.0,-663.4633333333334,180.0,-158.65833333333342,-158.65833333333342,1950.0,-921.0555555555555,-881.5833333333334
3370,2059.2833333333333,298.0833333333333,-485.1791666666667,475.0,-588.1433333333333,180.0,29.64166666666665,29.64166666666665,1950.0,-900.6388888888889,-850.9583333333334
3371,1637.0083333333332,284.375,-590.7479166666667,475.0,-672.5983333333334,180.0,-181.4958333333334,-181.4958333333334,1950.0,-905.2083333333334,-857.8125
3372,1664.6,218.75,-583.85,475.0,-667.08,180.0,-167.70000000000005,-167.70000000000005,1950.0,-927.0833333333334,-890.625
3373,1961.8083333333327,287.875,-509.5479166666668,475.0,-607.6383333333334,180.0,-19.095833333333644,-19.095833333333644,1950.0,-904.0416666666666,-856.0625
3374,1740.1416666666664,224.875,-564.9645833333334,475.0,-651.9716666666667,180.0,-129.9291666666668,-129.9291666666668,1950.0,-925.0416666666666,-887.5625
3375,2033.3833333333332,264.25,-491.6541666666667,475.0,-593.3233333333334,180.0,16.691666666666606,16.691666666666606,1950.0,-911.9166666666666,-867.875
3376,2318.516666666667,317.3333333333333,-420.3708333333333,475.0,-536.2966666666666,180.0,159.25833333333344,159.25833333333344,1950.0,-894.2222222222222,-841.3333333333334
3377,2107.525,300.7083333333333,-473.11875,475.0,-578.495,180.0,53.762500000000045,53.762500000000045,1950.0,-899.7638888888889,-849.6458333333334
3378,1866.433333333333,261.91666666666663,-533.3916666666668,475.0,-626.7133333333334,180.0,-66.78333333333353,-66.78333333333353,1950.0,-912.6944444444445,-869.0416666666667
3379,1607.375,238.875,-598.15625,475.0,-678.525,180.0,-196.3125,-196.3125,1950.0,-920.375,-880.5625
3380,1518.65,227.5,-620.3375,475.0,-696.27,180.0,-240.67499999999995,-240.67499999999995,1950.0,-924.1666666666666,-886.25
3381,1714.5333333333333,250.83333333333331,-571.3666666666667,475.0,-657.0933333333334,180.0,-142.73333333333335,-142.73333333333335,1950.0,-916.3888888888889,-874.5833333333334
3382,1864.2166666666667,273.58333333333337,-533.9458333333333,475.0,-627.1566666666666,180.0,-67.89166666666665,-67.89166666666665,1950.0,-908.8055555555555,-863.2083333333333
3383,1936.7833333333333,304.5,-515.8041666666667,475.0,-612.6433333333333,180.0,-31.60833333333335,-31.60833333333335,1950.0,-898.5,-847.75
3384,1972.3666666666668,300.4166666666667,-506.9083333333333,475.0,-605.5266666666666,180.0,-13.816666666666606,-13.816666666666606,1950.0,-899.8611111111111,-849.7916666666666
3385,2033.558333333333,270.375,-491.61041666666677,475.0,-593.2883333333334,180.0,16.77916666666647,16.77916666666647,1950.0,-909.875,-864.8125
3386,2151.5666666666666,324.91666666666663,-462.10833333333335,475.0,-569.6866666666667,180.0,75.7833333333333,75.7833333333333,1950.0,-891.6944444444445,-837.5416666666667
3387,1799.525,210.875,-550.11875,475.0,-640.095,180.0,-100.23749999999995,-100.23749999999995,1950.0,-929.7083333333334,-894.5625
3388,1887.1416666666664,272.7083333333333,-528.2145833333334,475.0,-622.5716666666667,180.0,-56.42916666666679,-56.42916666666679,1950.0,-909.0972222222222,-863.6458333333334
3389,1828.05,277.0833333333333,-542.9875,475.0,-634.39,180.0,-85.97500000000002,-85.97500000000002,1950.0,-907.6388888888889,-861.4583333333334
3390,1761.1999999999998,228.0833333333333,-559.7,475.0,-647.76,180.0,-119.40000000000009,-119.40000000000009,1950.0,-923.9722222222223,-885.9583333333334
3391,2045.9833333333331,288.75,-488.5041666666667,475.0,-590.8033333333334,180.0,22.99166666666656,22.99166666666656,1950.0,-903.75,-855.625
3392,1916.5416666666663,280.29166666666663,-520.8645833333335,475.0,-616.6916666666667,180.0,-41.729166666666856,-41.729166666666856,1950.0,-906.5694444444445,-859.8541666666667
3393,2096.5,321.4166666666667,-475.875,475.0,-580.7,180.0,48.25,48.25,1950.0,-892.8611111111111,-839.2916666666666
3394,2056.483333333333,289.33333333333337,-485.8791666666667,475.0,-588.7033333333334,180.0,28.24166666666656,28.24166666666656,1950.0,-903.5555555555555,-855.3333333333333
3395,1511.0083333333332,237.70833333333331,-622.2479166666667,475.0,-697.7983333333334,180.0,-244.4958333333334,-244.4958333333334,1950.0,-920.7638888888889,-881.1458333333334
3396,2096.0333333333333,334.8333333333333,-475.9916666666667,475.0,-580.7933333333333,180.0,48.01666666666665,48.01666666666665,1950.0,-888.3888888888889,-832.5833333333334
3397,1688.5166666666669,292.25,-577.8708333333333,475.0,-662.2966666666666,180.0,-155.74166666666656,-155.74166666666656,1950.0,-902.5833333333334,-853.875
3398,1874.8333333333333,248.5,-531.2916666666667,475.0,-625.0333333333333,180.0,-62.58333333333337,-62.58333333333337,1950.0,-917.1666666666666,-875.75
3399,1790.8916666666669,245.875,-552.2770833333333,475.0,-641.8216666666666,180.0,-104.55416666666656,-104.55416666666656,1950.0,-918.0416666666666,-877.0625
3400,1570.5666666666666,269.5,-607.3583333333333,475.0,-685.8866666666667,180.0,-214.7166666666667,-214.7166666666667,1950.0,-910.1666666666666,-865.25
3401,1806.7,243.8333333333333,-548.325,475.0,-638.66,180.0,-96.64999999999998,-96.64999999999998,1950.0,-918.7222222222223,-878.0833333333334
3402,1779.5166666666669,234.5,-555.1208333333333,475.0,-644.0966666666666,180.0,-110.24166666666656,-110.24166666666656,1950.0,-921.8333333333334,-882.75
3403,1854.7666666666664,250.25,-536.3083333333334,475.0,-629.0466666666667,180.0,-72.61666666666679,-72.61666666666679,1950.0,-916.5833333333334,-874.875
3404,1876.1166666666663,343.0,-530.9708333333334,475.0,-624.7766666666668,180.0,-61.94166666666683,-61.94166666666683,1950.0,-885.6666666666666,-828.5
3405,1920.1,275.9166666666667,-519.975,475.0,-615.98,180.0,-39.950000000000045,-39.950000000000045,1950.0,-908.0277777777778,-862.0416666666666
3406,2140.833333333333,336.0,-464.79166666666674,475.0,-571.8333333333334,180.0,70.41666666666652,70.41666666666652,1950.0,-888.0,-832.0
3407,1965.25,299.25,-508.6875,475.0,-606.95,180.0,-17.375,-17.375,1950.0,-900.25,-850.375
3408,2167.7249999999995,315.2916666666667,-458.06875000000014,475.0,-566.4550000000002,180.0,83.86249999999973,83.86249999999973,1950.0,-894.9027777777778,-842.3541666666666
3409,2369.2666666666664,358.1666666666667,-407.6833333333334,475.0,-526.1466666666668,180.0,184.6333333333332,184.6333333333332,1950.0,-880.6111111111111,-820.9166666666666
3410,1763.0666666666666,224.0,-559.2333333333333,475.0,-647.3866666666667,180.0,-118.4666666666667,-118.4666666666667,1950.0,-925.3333333333334,-888.0
3411,2583.6416666666664,354.375,-354.0895833333334,475.0,-483.27166666666676,180.0,291.8208333333332,291.8208333333332,1950.0,-881.875,-822.8125
3412,1806.35,211.75,-548.4125,475.0,-638.73,180.0,-96.82500000000005,-96.82500000000005,1950.0,-929.4166666666666,-894.125
3413,2242.3916666666664,320.5416666666667,-439.4020833333334,475.0,-551.5216666666668,180.0,121.19583333333321,121.19583333333321,1950.0,-893.1527777777778,-839.7291666666666
3414,2142.2916666666665,307.70833333333337,-464.42708333333337,475.0,-571.5416666666667,180.0,71.14583333333326,71.14583333333326,1950.0,-897.4305555555555,-846.1458333333333
3415,2189.3083333333334,326.9583333333333,-452.67291666666665,475.0,-562.1383333333333,180.0,94.6541666666667,94.6541666666667,1950.0,-891.0138888888889,-836.5208333333334
3416,1724.975,279.125,-568.75625,475.0,-655.005,180.0,-137.51250000000005,-137.51250000000005,1950.0,-906.9583333333334,-860.4375
3417,1639.6916666666664,269.2083333333333,-590.0770833333333,475.0,-672.0616666666667,180.0,-180.1541666666668,-180.1541666666668,1950.0,-910.2638888888889,-865.3958333333334
3418,1824.4916666666663,291.375,-543.8770833333334,475.0,-635.1016666666667,180.0,-87.75416666666683,-87.75416666666683,1950.0,-902.875,-854.3125
3419,1960.35,306.25,-509.9125,475.0,-607.9300000000001,180.0,-19.825000000000045,-19.825000000000045,1950.0,-897.9166666666666,-846.875
3420,1724.5666666666666,294.58333333333337,-568.8583333333333,475.0,-655.0866666666667,180.0,-137.7166666666667,-137.7166666666667,1950.0,-901.8055555555555,-852.7083333333333
3421,1147.475,217.29166666666663,-713.13125,475.0,-770.505,180.0,-426.26250000000005,-426.26250000000005,1950.0,-927.5694444444445,-891.3541666666667
3422,1846.8333333333333,250.25,-538.2916666666667,475.0,-630.6333333333333,180.0,-76.58333333333337,-76.58333333333337,1950.0,-916.5833333333334,-874.875
3423,1238.475,228.95833333333331,-690.38125,475.0,-752.3050000000001,180.0,-380.76250000000005,-380.76250000000005,1950.0,-923.6805555555555,-885.5208333333334
3424,1691.0833333333337,253.16666666666663,-577.2291666666665,475.0,-661.7833333333333,180.0,-154.45833333333314,-154.45833333333314,1950.0,-915.6111111111111,-873.4166666666667
3425,1640.1583333333333,186.375,-589.9604166666667,475.0,-671.9683333333334,180.0,-179.92083333333335,-179.92083333333335,1950.0,-937.875,-906.8125
3426,1953.7583333333328,263.9583333333333,-511.5604166666668,475.0,-609.2483333333334,180.0,-23.12083333333362,-23.12083333333362,1950.0,-912.0138888888889,-868.0208333333334
3427,1687.6416666666664,251.7083333333333,-578.0895833333334,475.0,-662.4716666666667,180.0,-156.1791666666668,-156.1791666666668,1950.0,-916.0972222222223,-874.1458333333334
3428,1622.7166666666667,230.41666666666663,-594.3208333333333,475.0,-675.4566666666667,180.0,-188.64166666666665,-188.64166666666665,1950.0,-923.1944444444445,-884.7916666666667
3429,1932.35,278.25,-516.9125,475.0,-613.53,180.0,-33.825000000000045,-33.825000000000045,1950.0,-907.25,-860.875
3430,2013.7833333333333,322.0,-496.5541666666667,475.0,-597.2433333333333,180.0,6.8916666666666515,6.8916666666666515,1950.0,-892.6666666666666,-839.0
3431,1695.8083333333332,249.95833333333331,-576.0479166666667,475.0,-660.8383333333334,180.0,-152.09583333333342,-152.09583333333342,1950.0,-916.6805555555555,-875.0208333333334
3432,2327.208333333333,324.0416666666667,-418.19791666666674,475.0,-534.5583333333334,180.0,163.60416666666652,163.60416666666652,1950.0,-891.9861111111111,-837.9791666666666
3433,1764.5833333333333,257.25,-558.8541666666667,475.0,-647.0833333333334,180.0,-117.70833333333337,-117.70833333333337,1950.0,-914.25,-871.375
3434,1740.55,268.9166666666667,-564.8625,475.0,-651.89,180.0,-129.72500000000002,-129.72500000000002,1950.0,-910.3611111111111,-865.5416666666666
3435,2143.108333333333,326.375,-464.2229166666667,475.0,-571.3783333333333,180.0,71.55416666666656,71.55416666666656,1950.0,-891.2083333333334,-836.8125
3436,1697.4416666666664,237.70833333333331,-575.6395833333333,475.0,-660.5116666666668,180.0,-151.2791666666668,-151.2791666666668,1950.0,-920.7638888888889,-881.1458333333334
3437,1540.4083333333335,245.29166666666663,-614.8979166666666,475.0,-691.9183333333333,180.0,-229.79583333333323,-229.79583333333323,1950.0,-918.2361111111111,-877.3541666666667
3438,2450.875,308.875,-387.28125,475.0,-509.825,180.0,225.4375,225.4375,1950.0,-897.0416666666666,-845.5625
3439,2086.875,291.95833333333337,-478.28125,475.0,-582.625,180.0,43.4375,43.4375,1950.0,-902.6805555555555,-854.0208333333333
3440,2082.325,281.45833333333337,-479.41875000000005,475.0,-583.5350000000001,180.0,41.16249999999991,41.16249999999991,1950.0,-906.1805555555555,-859.2708333333333
3441,2518.7166666666662,323.1666666666667,-370.32083333333344,475.0,-496.2566666666668,180.0,259.3583333333331,259.3583333333331,1950.0,-892.2777777777778,-838.4166666666666
3442,1625.4583333333337,266.875,-593.6354166666665,475.0,-674.9083333333333,180.0,-187.27083333333314,-187.27083333333314,1950.0,-911.0416666666666,-866.5625
3443,2097.025,290.2083333333333,-475.74375,475.0,-580.595,180.0,48.512500000000045,48.512500000000045,1950.0,-903.2638888888889,-854.8958333333334
3444,2008.3,259.0,-497.925,475.0,-598.34,180.0,4.149999999999977,4.149999999999977,1950.0,-913.6666666666666,-870.5
3445,1710.9166666666667,273.0,-572.2708333333333,475.0,-657.8166666666666,180.0,-144.54166666666663,-144.54166666666663,1950.0,-909.0,-863.5
3446,1143.3333333333337,231.0,-714.1666666666665,475.0,-771.3333333333333,180.0,-428.33333333333314,-428.33333333333314,1950.0,-923.0,-884.5
3447,2096.0916666666662,297.20833333333337,-475.97708333333344,475.0,-580.7816666666668,180.0,48.04583333333312,48.04583333333312,1950.0,-900.9305555555555,-851.3958333333333
3448,2262.5166666666664,360.5,-434.3708333333334,475.0,-547.4966666666667,180.0,131.2583333333332,131.2583333333332,1950.0,-879.8333333333334,-819.75
3449,2239.0666666666666,273.58333333333337,-440.23333333333335,475.0,-552.1866666666667,180.0,119.5333333333333,119.5333333333333,1950.0,-908.8055555555555,-863.2083333333333
3450,1423.975,235.9583333333333,-644.00625,475.0,-715.205,180.0,-288.01250000000005,-288.01250000000005,1950.0,-921.3472222222223,-882.0208333333334
3451,1856.1666666666667,239.75,-535.9583333333333,475.0,-628.7666666666667,180.0,-71.91666666666663,-71.91666666666663,1950.0,-920.0833333333334,-880.125
3452,2201.616666666667,271.8333333333333,-449.5958333333333,475.0,-559.6766666666666,180.0,100.8083333333334,100.8083333333334,1950.0,-909.3888888888889,-864.0833333333334
3453,1813.8166666666664,245.0,-546.5458333333333,475.0,-637.2366666666667,180.0,-93.09166666666681,-93.09166666666681,1950.0,-918.3333333333334,-877.5
3454,1974.7583333333328,275.04166666666663,-506.3104166666668,475.0,-605.0483333333334,180.0,-12.620833333333621,-12.620833333333621,1950.0,-908.3194444444445,-862.4791666666667
3455,1594.5416666666663,265.70833333333337,-601.3645833333335,475.0,-681.0916666666667,180.0,-202.72916666666686,-202.72916666666686,1950.0,-911.4305555555555,-867.1458333333333
3456,1982.4,264.8333333333333,-504.4,475.0,-603.52,180.0,-8.799999999999955,-8.799999999999955,1950.0,-911.7222222222222,-867.5833333333334
3457,1814.4,295.1666666666667,-546.4,475.0,-637.12,180.0,-92.79999999999995,-92.79999999999995,1950.0,-901.6111111111111,-852.4166666666666
3458,1839.1916666666664,270.375,-540.2020833333333,475.0,-632.1616666666667,180.0,-80.40416666666681,-80.40416666666681,1950.0,-909.875,-864.8125
3459,1464.8083333333334,187.54166666666663,-633.7979166666667,475.0,-707.0383333333333,180.0,-267.5958333333333,-267.5958333333333,1950.0,-937.4861111111111,-906.2291666666667
3460,2255.225,333.375,-436.19375,475.0,-548.955,180.0,127.61249999999995,127.61249999999995,1950.0,-888.875,-833.3125
3461,1657.8916666666664,251.7083333333333,-585.5270833333334,475.0,-668.4216666666667,180.0,-171.0541666666668,-171.0541666666668,1950.0,-916.0972222222223,-874.1458333333334
3462,2323.9416666666666,318.7916666666667,-419.01458333333335,475.0,-535.2116666666667,180.0,161.9708333333333,161.9708333333333,1950.0,-893.7361111111111,-840.6041666666666
3463,2056.833333333333,361.0833333333333,-485.79166666666674,475.0,-588.6333333333334,180.0,28.416666666666515,28.416666666666515,1950.0,-879.6388888888889,-819.4583333333334
3464,1760.5583333333334,275.04166666666663,-559.8604166666667,475.0,-647.8883333333333,180.0,-119.7208333333333,-119.7208333333333,1950.0,-908.3194444444445,-862.4791666666667
3465,1978.1416666666669,254.625,-505.4645833333333,475.0,-604.3716666666667,180.0,-10.92916666666656,-10.92916666666656,1950.0,-915.125,-872.6875
3466,1926.225,232.45833333333331,-518.44375,475.0,-614.755,180.0,-36.887500000000045,-36.887500000000045,1950.0,-922.5138888888889,-883.7708333333334
3467,1835.1083333333331,236.54166666666669,-541.2229166666667,475.0,-632.9783333333334,180.0,-82.44583333333344,-82.44583333333344,1950.0,-921.1527777777778,-881.7291666666666
3468,2132.6083333333336,256.375,-466.8479166666666,475.0,-573.4783333333332,180.0,66.30416666666679,66.30416666666679,1950.0,-914.5416666666666,-871.8125
3469,2001.5333333333333,270.0833333333333,-499.6166666666667,475.0,-599.6933333333334,180.0,0.7666666666666515,0.7666666666666515,1950.0,-909.9722222222222,-864.9583333333334
3470,2260.183333333333,358.1666666666667,-434.95416666666677,475.0,-547.9633333333334,180.0,130.09166666666647,130.09166666666647,1950.0,-880.6111111111111,-820.9166666666666
3471,2111.2,280.5833333333333,-472.20000000000005,475.0,-577.76,180.0,55.59999999999991,55.59999999999991,1950.0,-906.4722222222222,-859.7083333333334
3472,1747.375,279.7083333333333,-563.15625,475.0,-650.525,180.0,-126.3125,-126.3125,1950.0,-906.7638888888889,-860.1458333333334
3473,1075.725,125.70833333333331,-731.06875,475.0,-784.855,180.0,-462.13750000000005,-462.13750000000005,1950.0,-958.0972222222222,-937.1458333333334
3474,2005.2083333333333,230.125,-498.6979166666667,475.0,-598.9583333333334,180.0,2.6041666666666288,2.6041666666666288,1950.0,-923.2916666666666,-884.9375
3475,1689.5083333333332,247.625,-577.6229166666667,475.0,-662.0983333333334,180.0,-155.2458333333334,-155.2458333333334,1950.0,-917.4583333333334,-876.1875
3476,1963.2083333333333,247.625,-509.1979166666667,475.0,-607.3583333333333,180.0,-18.39583333333337,-18.39583333333337,1950.0,-917.4583333333334,-876.1875
3477,1656.4333333333334,260.1666666666667,-585.8916666666667,475.0,-668.7133333333334,180.0,-171.7833333333333,-171.7833333333333,1950.0,-913.2777777777778,-869.9166666666666
3478,1626.8,244.41666666666669,-593.3,475.0,-674.64,180.0,-186.60000000000002,-186.60000000000002,1950.0,-918.5277777777778,-877.7916666666666
3479,1785.0,297.5,-553.75,475.0,-643.0,180.0,-107.5,-107.5,1950.0,-900.8333333333334,-851.25
3480,1331.6333333333334,197.16666666666669,-667.0916666666667,475.0,-733.6733333333333,180.0,-334.1833333333333,-334.1833333333333,1950.0,-934.2777777777778,-901.4166666666666
3481,1565.9,215.25,-608.525,475.0,-686.8199999999999,180.0,-217.04999999999995,-217.04999999999995,1950.0,-928.25,-892.375
3482,1767.9083333333333,254.625,-558.0229166666667,475.0,-646.4183333333333,180.0,-116.04583333333335,-116.04583333333335,1950.0,-915.125,-872.6875
3483,1977.7916666666667,262.2083333333333,-505.5520833333333,475.0,-604.4416666666666,180.0,-11.104166666666629,-11.104166666666629,1950.0,-912.5972222222222,-868.8958333333334
3484,1891.05,231.0,-527.2375,475.0,-621.79,180.0,-54.47500000000002,-54.47500000000002,1950.0,-923.0,-884.5
3485,2583.9333333333334,315.0,-354.01666666666665,475.0,-483.21333333333337,180.0,291.9666666666667,291.9666666666667,1950.0,-895.0,-842.5
3486,1774.7916666666667,217.875,-556.3020833333333,475.0,-645.0416666666666,180.0,-112.60416666666663,-112.60416666666663,1950.0,-927.375,-891.0625
3487,1537.7833333333333,203.0,-615.5541666666667,475.0,-692.4433333333334,180.0,-231.10833333333335,-231.10833333333335,1950.0,-932.3333333333334,-898.5
3488,1851.15,302.1666666666667,-537.2125,475.0,-629.77,180.0,-74.42499999999995,-74.42499999999995,1950.0,-899.2777777777778,-848.9166666666666
3489,1639.8083333333334,273.2916666666667,-590.0479166666667,475.0,-672.0383333333333,180.0,-180.0958333333333,-180.0958333333333,1950.0,-908.9027777777778,-863.3541666666666
3490,1912.983333333333,245.0,-521.7541666666668,475.0,-617.4033333333334,180.0,-43.50833333333355,-43.50833333333355,1950.0,-918.3333333333334,-877.5
3491,1873.0833333333333,276.5,-531.7291666666667,475.0,-625.3833333333333,180.0,-63.45833333333337,-63.45833333333337,1950.0,-907.8333333333334,-861.75
3492,1409.6833333333332,271.25,-647.5791666666667,475.0,-718.0633333333334,180.0,-295.1583333333334,-295.1583333333334,1950.0,-909.5833333333334,-864.375
3493,1646.8666666666666,292.25,-588.2833333333333,475.0,-670.6266666666667,180.0,-176.56666666666672,-176.56666666666672,1950.0,-902.5833333333334,-853.875
3494,2306.7333333333336,321.4166666666667,-423.3166666666666,475.0,-538.6533333333333,180.0,153.3666666666668,153.3666666666668,1950.0,-892.8611111111111,-839.2916666666666
3495,1651.5916666666667,249.375,-587.1020833333333,475.0,-669.6816666666666,180.0,-174.20416666666665,-174.20416666666665,1950.0,-916.875,-875.3125
3496,2043.7666666666669,310.33333333333337,-489.0583333333333,475.0,-591.2466666666667,180.0,21.88333333333344,21.88333333333344,1950.0,-896.5555555555555,-844.8333333333333
3497,2139.2,259.0,-465.20000000000005,475.0,-572.1600000000001,180.0,69.59999999999991,69.59999999999991,1950.0,-913.6666666666666,-870.5
3498,1975.6333333333328,285.8333333333333,-506.0916666666668,475.0,-604.8733333333334,180.0,-12.183333333333621,-12.183333333333621,1950.0,-904.7222222222222,-857.0833333333334
3499,2098.133333333333,289.33333333333337,-475.4666666666667,475.0,-580.3733333333333,180.0,49.066666666666606,49.066666666666606,1950.0,-903.5555555555555,-855.3333333333333
3500,1527.9250000000002,205.04166666666669,-618.01875,475.0,-694.415,180.0,-236.0374999999999,-236.0374999999999,1950.0,-931.6527777777778,-897.4791666666666
3501,1928.5,242.66666666666663,-517.875,475.0,-614.3,180.0,-35.75,-35.75,1950.0,-919.1111111111111,-878.6666666666667
3502,1804.075,270.95833333333337,-548.98125,475.0,-639.185,180.0,-97.96249999999998,-97.96249999999998,1950.0,-909.6805555555555,-864.5208333333333
3503,2122.1666666666665,267.75,-469.45833333333337,475.0,-575.5666666666667,180.0,61.08333333333326,61.08333333333326,1950.0,-910.75,-866.125
3504,1812.7083333333333,255.79166666666663,-546.8229166666667,475.0,-637.4583333333334,180.0,-93.64583333333337,-93.64583333333337,1950.0,-914.7361111111111,-872.1041666666667
3505,1581.7083333333337,233.04166666666663,-604.5729166666665,475.0,-683.6583333333333,180.0,-209.14583333333314,-209.14583333333314,1950.0,-922.3194444444445,-883.4791666666667
3506,2051.2916666666665,256.375,-487.17708333333337,475.0,-589.7416666666667,180.0,25.645833333333258,25.645833333333258,1950.0,-914.5416666666666,-871.8125
3507,1742.8833333333334,221.66666666666663,-564.2791666666667,475.0,-651.4233333333333,180.0,-128.55833333333328,-128.55833333333328,1950.0,-926.1111111111111,-889.1666666666667
3508,1794.1583333333335,231.29166666666669,-551.4604166666666,475.0,-641.1683333333333,180.0,-102.92083333333323,-102.92083333333323,1950.0,-922.9027777777778,-884.3541666666666
3509,2191.2916666666665,287.2916666666667,-452.17708333333337,475.0,-561.7416666666667,180.0,95.64583333333326,95.64583333333326,1950.0,-904.2361111111111,-856.3541666666666
3510,1945.7666666666669,291.6666666666667,-513.5583333333333,475.0,-610.8466666666666,180.0,-27.11666666666656,-27.11666666666656,1950.0,-902.7777777777778,-854.1666666666666
3511,1833.7666666666664,298.66666666666663,-541.5583333333334,475.0,-633.2466666666667,180.0,-83.11666666666679,-83.11666666666679,1950.0,-900.4444444444445,-850.6666666666667
3512,1992.2,300.4166666666667,-501.95,475.0,-601.56,180.0,-3.8999999999999773,-3.8999999999999773,1950.0,-899.8611111111111,-849.7916666666666
3513,1357.8833333333334,213.5,-660.5291666666667,475.0,-728.4233333333333,180.0,-321.0583333333333,-321.0583333333333,1950.0,-928.8333333333334,-893.25
3514,1506.8666666666668,211.75,-623.2833333333333,475.0,-698.6266666666667,180.0,-246.5666666666666,-246.5666666666666,1950.0,-929.4166666666666,-894.125
3515,1413.825,257.5416666666667,-646.54375,475.0,-717.235,180.0,-293.0875,-293.0875,1950.0,-914.1527777777778,-871.2291666666666
3516,1427.1833333333334,239.16666666666669,-643.2041666666667,475.0,-714.5633333333333,180.0,-286.4083333333333,-286.4083333333333,1950.0,-920.2777777777778,-880.4166666666666
3517,1603.4083333333333,248.79166666666663,-599.1479166666667,475.0,-679.3183333333334,180.0,-198.29583333333335,-198.29583333333335,1950.0,-917.0694444444445,-875.6041666666667
3518,1973.2416666666668,331.0416666666667,-506.6895833333333,475.0,-605.3516666666667,180.0,-13.379166666666606,-13.379166666666606,1950.0,-889.6527777777778,-834.4791666666666
3519,1552.5416666666663,253.45833333333331,-611.8645833333335,475.0,-689.4916666666668,180.0,-223.72916666666686,-223.72916666666686,1950.0,-915.5138888888889,-873.2708333333334
3520,2471.641666666667,361.375,-382.0895833333333,475.0,-505.6716666666666,180.0,235.82083333333344,235.82083333333344,1950.0,-879.5416666666666,-819.3125
3521,2109.333333333333,264.8333333333333,-472.66666666666674,475.0,-578.1333333333334,180.0,54.666666666666515,54.666666666666515,1950.0,-911.7222222222222,-867.5833333333334
3522,1740.6083333333331,270.95833333333337,-564.8479166666667,475.0,-651.8783333333333,180.0,-129.69583333333344,-129.69583333333344,1950.0,-909.6805555555555,-864.5208333333333
3523,1638.8750000000002,191.04166666666663,-590.28125,475.0,-672.2249999999999,180.0,-180.5624999999999,-180.5624999999999,1950.0,-936.3194444444445,-904.4791666666667
3524,1792.4666666666667,281.1666666666667,-551.8833333333333,475.0,-641.5066666666667,180.0,-103.76666666666665,-103.76666666666665,1950.0,-906.2777777777778,-859.4166666666666
3525,1940.1666666666663,284.08333333333337,-514.9583333333335,475.0,-611.9666666666667,180.0,-29.916666666666856,-29.916666666666856,1950.0,-905.3055555555555,-857.9583333333333
3526,1831.4333333333332,276.5,-542.1416666666667,475.0,-633.7133333333334,180.0,-84.28333333333342,-84.28333333333342,1950.0,-907.8333333333334,-861.75
3527,2239.241666666667,299.5416666666667,-440.1895833333333,475.0,-552.1516666666666,180.0,119.6208333333334,119.6208333333334,1950.0,-900.1527777777778,-850.2291666666666
3528,2030.583333333333,285.25,-492.35416666666674,475.0,-593.8833333333334,180.0,15.291666666666515,15.291666666666515,1950.0,-904.9166666666666,-857.375
3529,1434.1833333333332,226.33333333333331,-641.4541666666667,475.0,-713.1633333333334,180.0,-282.9083333333334,-282.9083333333334,1950.0,-924.5555555555555,-886.8333333333334
3530,1993.3666666666663,281.75,-501.6583333333334,475.0,-601.3266666666667,180.0,-3.3166666666668334,-3.3166666666668334,1950.0,-906.0833333333334,-859.125
3531,1697.2666666666664,271.25,-575.6833333333334,475.0,-660.5466666666667,180.0,-151.3666666666668,-151.3666666666668,1950.0,-909.5833333333334,-864.375
3532,1833.358333333333,244.70833333333331,-541.6604166666668,475.0,-633.3283333333334,180.0,-83.32083333333355,-83.32083333333355,1950.0,-918.4305555555555,-877.6458333333334
3533,2009.4666666666665,270.0833333333333,-497.6333333333334,475.0,-598.1066666666667,180.0,4.733333333333235,4.733333333333235,1950.0,-909.9722222222222,-864.9583333333334
3534,1532.4166666666667,223.41666666666669,-616.8958333333333,475.0,-693.5166666666667,180.0,-233.79166666666663,-233.79166666666663,1950.0,-925.5277777777778,-888.2916666666666
3535,1887.9583333333333,241.79166666666669,-528.0104166666667,475.0,-622.4083333333333,180.0,-56.02083333333337,-56.02083333333337,1950.0,-919.4027777777778,-879.1041666666666
3536,2080.225,247.625,-479.94375,475.0,-583.955,180.0,40.112499999999955,40.112499999999955,1950.0,-917.4583333333334,-876.1875
3537,2245.833333333333,262.5,-438.54166666666674,475.0,-550.8333333333334,180.0,122.91666666666652,122.91666666666652,1950.0,-912.5,-868.75
3538,2452.9166666666665,350.5833333333333,-386.77083333333337,475.0,-509.4166666666667,180.0,226.45833333333326,226.45833333333326,1950.0,-883.1388888888889,-824.7083333333334
3539,2034.6666666666663,348.8333333333333,-491.3333333333334,475.0,-593.0666666666667,180.0,17.333333333333144,17.333333333333144,1950.0,-883.7222222222222,-825.5833333333334
3540,1616.7666666666664,270.0833333333333,-595.8083333333334,475.0,-676.6466666666668,180.0,-191.6166666666668,-191.6166666666668,1950.0,-909.9722222222222,-864.9583333333334
3541,2127.65,350.5833333333333,-468.0875,475.0,-574.47,180.0,63.825000000000045,63.825000000000045,1950.0,-883.1388888888889,-824.7083333333334
3542,2023.6416666666669,290.2083333333333,-494.0895833333333,475.0,-595.2716666666666,180.0,11.82083333333344,11.82083333333344,1950.0,-903.2638888888889,-854.8958333333334
3543,1825.8333333333333,288.75,-543.5416666666667,475.0,-634.8333333333334,180.0,-87.08333333333337,-87.08333333333337,1950.0,-903.75,-855.625
3544,1935.675,285.54166666666663,-516.08125,475.0,-612.865,180.0,-32.16250000000002,-32.16250000000002,1950.0,-904.8194444444445,-857.2291666666667
3545,1232.2916666666663,200.95833333333331,-691.9270833333335,475.0,-753.5416666666667,180.0,-383.85416666666686,-383.85416666666686,1950.0,-933.0138888888889,-899.5208333333334
3546,1903.3583333333331,245.29166666666663,-524.1604166666667,475.0,-619.3283333333334,180.0,-48.32083333333344,-48.32083333333344,1950.0,-918.2361111111111,-877.3541666666667
3547,2069.258333333333,329.875,-482.6854166666667,475.0,-586.1483333333333,180.0,34.629166666666606,34.629166666666606,1950.0,-890.0416666666666,-835.0625
3548,1748.425,276.7916666666667,-562.89375,475.0,-650.315,180.0,-125.78750000000002,-125.78750000000002,1950.0,-907.7361111111111,-861.6041666666666
3549,1934.1,299.83333333333337,-516.475,475.0,-613.1800000000001,180.0,-32.950000000000045,-32.950000000000045,1950.0,-900.0555555555555,-850.0833333333333
3550,1896.125,279.7083333333333,-525.96875,475.0,-620.775,180.0,-51.9375,-51.9375,1950.0,-906.7638888888889,-860.1458333333334
3551,1250.7833333333333,183.75,-687.3041666666667,475.0,-749.8433333333334,180.0,-374.60833333333335,-374.60833333333335,1950.0,-938.75,-908.125
3552,1592.7333333333331,252.0,-601.8166666666667,475.0,-681.4533333333334,180.0,-203.63333333333344,-203.63333333333344,1950.0,-916.0,-874.0
3553,1308.5916666666665,223.70833333333331,-672.8520833333334,475.0,-738.2816666666668,180.0,-345.70416666666677,-345.70416666666677,1950.0,-925.4305555555555,-888.1458333333334
3554,2243.616666666667,343.5833333333333,-439.0958333333333,475.0,-551.2766666666666,180.0,121.8083333333334,121.8083333333334,1950.0,-885.4722222222222,-828.2083333333334
3555,1586.1416666666664,259.29166666666663,-603.4645833333334,475.0,-682.7716666666668,180.0,-206.9291666666668,-206.9291666666668,1950.0,-913.5694444444445,-870.3541666666667
3556,2069.9,322.5833333333333,-482.525,475.0,-586.02,180.0,34.950000000000045,34.950000000000045,1950.0,-892.4722222222222,-838.7083333333334
3557,2599.508333333333,334.5416666666667,-350.1229166666667,475.0,-480.09833333333336,180.0,299.7541666666666,299.7541666666666,1950.0,-888.4861111111111,-832.7291666666666
3558,2430.458333333333,357.875,-392.38541666666674,475.0,-513.9083333333334,180.0,215.22916666666652,215.22916666666652,1950.0,-880.7083333333334,-821.0625
3559,2224.3083333333334,252.875,-443.92291666666665,475.0,-555.1383333333333,180.0,112.1541666666667,112.1541666666667,1950.0,-915.7083333333334,-873.5625
3560,1308.3583333333331,205.625,-672.9104166666667,475.0,-738.3283333333334,180.0,-345.82083333333344,-345.82083333333344,1950.0,-931.4583333333334,-897.1875
3561,1465.625,226.04166666666669,-633.59375,475.0,-706.875,180.0,-267.1875,-267.1875,1950.0,-924.6527777777778,-886.9791666666666
3562,1636.425,234.20833333333331,-590.89375,475.0,-672.715,180.0,-181.78750000000002,-181.78750000000002,1950.0,-921.9305555555555,-882.8958333333334
3563,1997.625,282.0416666666667,-500.59375,475.0,-600.475,180.0,-1.1875,-1.1875,1950.0,-905.9861111111111,-858.9791666666666
3564,2028.8916666666669,255.79166666666663,-492.7770833333333,475.0,-594.2216666666666,180.0,14.44583333333344,14.44583333333344,1950.0,-914.7361111111111,-872.1041666666667
3565,1858.0333333333333,275.3333333333333,-535.4916666666667,475.0,-628.3933333333333,180.0,-70.98333333333335,-70.98333333333335,1950.0,-908.2222222222222,-862.3333333333334
3566,1721.9416666666666,282.0416666666667,-569.5145833333333,475.0,-655.6116666666667,180.0,-139.0291666666667,-139.0291666666667,1950.0,-905.9861111111111,-858.9791666666666
3567,1989.5166666666669,246.16666666666663,-502.6208333333333,475.0,-602.0966666666666,180.0,-5.241666666666561,-5.241666666666561,1950.0,-917.9444444444445,-876.9166666666667
3568,1608.6,252.0,-597.85,475.0,-678.28,180.0,-195.70000000000005,-195.70000000000005,1950.0,-916.0,-874.0
3569,1988.9916666666668,297.20833333333337,-502.7520833333333,475.0,-602.2016666666666,180.0,-5.504166666666606,-5.504166666666606,1950.0,-900.9305555555555,-851.3958333333333
3570,1874.6583333333333,262.2083333333333,-531.3354166666667,475.0,-625.0683333333334,180.0,-62.67083333333335,-62.67083333333335,1950.0,-912.5972222222222,-868.8958333333334
3571,1832.8916666666669,287.875,-541.7770833333333,475.0,-633.4216666666666,180.0,-83.55416666666656,-83.55416666666656,1950.0,-904.0416666666666,-856.0625
3572,2142.8166666666666,306.25,-464.29583333333335,475.0,-571.4366666666667,180.0,71.4083333333333,71.4083333333333,1950.0,-897.9166666666666,-846.875
3573,1998.2083333333333,272.7083333333333,-500.4479166666667,475.0,-600.3583333333333,180.0,-0.8958333333333712,-0.8958333333333712,1950.0,-909.0972222222222,-863.6458333333334
3574,1663.2583333333332,221.375,-584.1854166666667,475.0,-667.3483333333334,180.0,-168.3708333333334,-168.3708333333334,1950.0,-926.2083333333334,-889.3125
3575,1921.85,287.5833333333333,-519.5375,475.0,-615.63,180.0,-39.075000000000045,-39.075000000000045,1950.0,-904.1388888888889,-856.2083333333334
3576,1858.9083333333333,226.625,-535.2729166666667,475.0,-628.2183333333334,180.0,-70.54583333333335,-70.54583333333335,1950.0,-924.4583333333334,-886.6875
3577,1628.4916666666666,273.875,-592.8770833333333,475.0,-674.3016666666667,180.0,-185.75416666666672,-185.75416666666672,1950.0,-908.7083333333334,-863.0625
3578,1548.7499999999998,229.83333333333331,-612.8125,475.0,-690.25,180.0,-225.6250000000001,-225.6250000000001,1950.0,-923.3888888888889,-885.0833333333334
3579,1603.35,217.0,-599.1625,475.0,-679.33,180.0,-198.32500000000005,-198.32500000000005,1950.0,-927.6666666666666,-891.5
3580,1998.5,292.8333333333333,-500.375,475.0,-600.3,180.0,-0.75,-0.75,1950.0,-902.3888888888889,-853.5833333333334
3581,1479.975,252.29166666666669,-630.00625,475.0,-704.005,180.0,-260.01250000000005,-260.01250000000005,1950.0,-915.9027777777778,-873.8541666666666
3582,1992.375,306.54166666666663,-501.90625,475.0,-601.525,180.0,-3.8125,-3.8125,1950.0,-897.8194444444445,-846.7291666666667
3583,2061.9666666666667,312.6666666666667,-484.5083333333333,475.0,-587.6066666666667,180.0,30.98333333333335,30.98333333333335,1950.0,-895.7777777777778,-843.6666666666666
3584,2173.5583333333334,281.45833333333337,-456.61041666666665,475.0,-565.2883333333333,180.0,86.7791666666667,86.7791666666667,1950.0,-906.1805555555555,-859.2708333333333
3585,1826.825,283.7916666666667,-543.29375,475.0,-634.635,180.0,-86.58749999999998,-86.58749999999998,1950.0,-905.4027777777778,-858.1041666666666
3586,1371.7666666666664,144.08333333333331,-657.0583333333334,475.0,-725.6466666666668,180.0,-314.1166666666668,-314.1166666666668,1950.0,-951.9722222222222,-927.9583333333334
3587,1815.275,286.125,-546.18125,475.0,-636.9449999999999,180.0,-92.36249999999995,-92.36249999999995,1950.0,-904.625,-856.9375
3588,2382.975,312.375,-404.25625,475.0,-523.405,180.0,191.48749999999995,191.48749999999995,1950.0,-895.875,-843.8125
3589,1732.2083333333337,264.54166666666663,-566.9479166666665,475.0,-653.5583333333333,180.0,-133.89583333333314,-133.89583333333314,1950.0,-911.8194444444445,-867.7291666666667
3590,1601.075,256.375,-599.73125,475.0,-679.785,180.0,-199.46249999999998,-199.46249999999998,1950.0,-914.5416666666666,-871.8125
3591,1724.6833333333332,219.33333333333331,-568.8291666666667,475.0,-655.0633333333334,180.0,-137.65833333333342,-137.65833333333342,1950.0,-926.8888888888889,-890.3333333333334
3592,1799.875,292.5416666666667,-550.03125,475.0,-640.025,180.0,-100.0625,-100.0625,1950.0,-902.4861111111111,-853.7291666666666
3593,1319.9666666666665,215.25,-670.0083333333334,475.0,-736.0066666666667,180.0,-340.01666666666677,-340.01666666666677,1950.0,-928.25,-892.375
3594,2372.766666666667,312.0833333333333,-406.8083333333333,475.0,-525.4466666666666,180.0,186.38333333333344,186.38333333333344,1950.0,-895.9722222222222,-843.9583333333334
3595,1682.4499999999998,327.8333333333333,-579.3875,475.0,-663.51,180.0,-158.7750000000001,-158.7750000000001,1950.0,-890.7222222222222,-836.0833333333334
3596,2177.116666666667,316.75,-455.7208333333333,475.0,-564.5766666666666,180.0,88.5583333333334,88.5583333333334,1950.0,-894.4166666666666,-841.625
3597,2137.741666666667,297.20833333333337,-465.5645833333333,475.0,-572.4516666666666,180.0,68.8708333333334,68.8708333333334,1950.0,-900.9305555555555,-851.3958333333333
3598,1624.4083333333333,259.875,-593.8979166666667,475.0,-675.1183333333333,180.0,-187.79583333333335,-187.79583333333335,1950.0,-913.375,-870.0625
3599,1670.375,242.375,-582.40625,475.0,-665.925,180.0,-164.8125,-164.8125,1950.0,-919.2083333333334,-878.8125
3600,1416.3916666666669,218.45833333333331,-645.9020833333333,475.0,-716.7216666666666,180.0,-291.80416666666656,-291.80416666666656,1950.0,-927.1805555555555,-890.7708333333334
3601,1921.3833333333328,301.0,-519.6541666666668,475.0,-615.7233333333335,180.0,-39.30833333333362,-39.30833333333362,1950.0,-899.6666666666666,-849.5
3602,1722.7583333333332,261.0416666666667,-569.3104166666667,475.0,-655.4483333333334,180.0,-138.6208333333334,-138.6208333333334,1950.0,-912.9861111111111,-869.4791666666666
3603,1992.9583333333333,307.125,-501.7604166666667,475.0,-601.4083333333333,180.0,-3.5208333333333712,-3.5208333333333712,1950.0,-897.625,-846.4375
3604,1998.733333333333,261.3333333333333,-500.3166666666668,475.0,-600.2533333333334,180.0,-0.6333333333335531,-0.6333333333335531,1950.0,-912.8888888888889,-869.3333333333334
3605,1401.4,259.0,-649.65,475.0,-719.72,180.0,-299.29999999999995,-299.29999999999995,1950.0,-913.6666666666666,-870.5
3606,2105.775,308.875,-473.55625,475.0,-578.845,180.0,52.887500000000045,52.887500000000045,1950.0,-897.0416666666666,-845.5625
3607,1994.8833333333328,285.25,-501.2791666666668,475.0,-601.0233333333334,180.0,-2.5583333333336213,-2.5583333333336213,1950.0,-904.9166666666666,-857.375
3608,1507.5666666666666,226.33333333333331,-623.1083333333333,475.0,-698.4866666666667,180.0,-246.2166666666667,-246.2166666666667,1950.0,-924.5555555555555,-886.8333333333334
3609,1342.9500000000005,216.41666666666663,-664.2624999999998,475.0,-731.4099999999999,180.0,-328.52499999999975,-328.52499999999975,1950.0,-927.8611111111111,-891.7916666666667
3610,1423.275,261.0416666666667,-644.18125,475.0,-715.345,180.0,-288.36249999999995,-288.36249999999995,1950.0,-912.9861111111111,-869.4791666666666
3611,1671.6,285.25,-582.1,475.0,-665.6800000000001,180.0,-164.20000000000005,-164.20000000000005,1950.0,-904.9166666666666,-857.375
3612,1818.7166666666667,247.91666666666663,-545.3208333333333,475.0,-636.2566666666667,180.0,-90.64166666666665,-90.64166666666665,1950.0,-917.3611111111111,-876.0416666666667
3613,1991.3833333333328,271.8333333333333,-502.1541666666668,475.0,-601.7233333333335,180.0,-4.308333333333621,-4.308333333333621,1950.0,-909.3888888888889,-864.0833333333334
3614,1798.4166666666667,241.5,-550.3958333333333,475.0,-640.3166666666666,180.0,-100.79166666666663,-100.79166666666663,1950.0,-919.5,-879.25
3615,2212.991666666667,283.2083333333333,-446.7520833333333,475.0,-557.4016666666666,180.0,106.4958333333334,106.4958333333334,1950.0,-905.5972222222222,-858.3958333333334
3616,2110.208333333333,275.625,-472.44791666666674,475.0,-577.9583333333334,180.0,55.104166666666515,55.104166666666515,1950.0,-908.125,-862.1875
3617,2170.7000000000003,310.33333333333337,-457.32499999999993,475.0,-565.8599999999999,180.0,85.35000000000014,85.35000000000014,1950.0,-896.5555555555555,-844.8333333333333
3618,2396.508333333333,359.625,-400.8729166666667,475.0,-520.6983333333334,180.0,198.2541666666666,198.2541666666666,1950.0,-880.125,-820.1875
3619,2387.116666666667,308.5833333333333,-403.2208333333333,475.0,-522.5766666666666,180.0,193.5583333333334,193.5583333333334,1950.0,-897.1388888888889,-845.7083333333334
3620,1539.3,226.33333333333331,-615.175,475.0,-692.14,180.0,-230.35000000000002,-230.35000000000002,1950.0,-924.5555555555555,-886.8333333333334
3621,2234.1666666666665,330.16666666666663,-441.45833333333337,475.0,-553.1666666666667,180.0,117.08333333333326,117.08333333333326,1950.0,-889.9444444444445,-834.9166666666667
3622,2054.5583333333334,281.45833333333337,-486.36041666666665,475.0,-589.0883333333334,180.0,27.279166666666697,27.279166666666697,1950.0,-906.1805555555555,-859.2708333333333
3623,1909.8333333333333,263.6666666666667,-522.5416666666667,475.0,-618.0333333333333,180.0,-45.08333333333337,-45.08333333333337,1950.0,-912.1111111111111,-868.1666666666666
3624,1893.15,245.0,-526.7125,475.0,-621.37,180.0,-53.424999999999955,-53.424999999999955,1950.0,-918.3333333333334,-877.5
3625,1687.1166666666668,223.41666666666669,-578.2208333333333,475.0,-662.5766666666666,180.0,-156.4416666666666,-156.4416666666666,1950.0,-925.5277777777778,-888.2916666666666
3626,1696.1583333333333,262.2083333333333,-575.9604166666667,475.0,-660.7683333333333,180.0,-151.92083333333335,-151.92083333333335,1950.0,-912.5972222222222,-868.8958333333334
3627,1612.45,208.25,-596.8875,475.0,-677.51,180.0,-193.77499999999998,-193.77499999999998,1950.0,-930.5833333333334,-895.875
3628,2127.125,282.625,-468.21875,475.0,-574.575,180.0,63.5625,63.5625,1950.0,-905.7916666666666,-858.6875
3629,1721.7083333333333,214.375,-569.5729166666667,475.0,-655.6583333333333,180.0,-139.14583333333337,-139.14583333333337,1950.0,-928.5416666666666,-892.8125
3630,1889.0666666666664,270.6666666666667,-527.7333333333333,475.0,-622.1866666666667,180.0,-55.46666666666681,-55.46666666666681,1950.0,-909.7777777777778,-864.6666666666666
3631,2097.55,268.9166666666667,-475.61249999999995,475.0,-580.49,180.0,48.77500000000009,48.77500000000009,1950.0,-910.3611111111111,-865.5416666666666
3632,1913.6833333333327,259.5833333333333,-521.5791666666669,475.0,-617.2633333333334,180.0,-43.158333333333644,-43.158333333333644,1950.0,-913.4722222222222,-870.2083333333334
3633,1364.475,275.625,-658.88125,475.0,-727.105,180.0,-317.76250000000005,-317.76250000000005,1950.0,-908.125,-862.1875
3634,1769.6,284.08333333333337,-557.6,475.0,-646.08,180.0,-115.20000000000005,-115.20000000000005,1950.0,-905.3055555555555,-857.9583333333333
3635,1494.0333333333335,198.91666666666663,-626.4916666666666,475.0,-701.1933333333333,180.0,-252.98333333333323,-252.98333333333323,1950.0,-933.6944444444445,-900.5416666666667
3636,1650.8333333333337,272.41666666666663,-587.2916666666665,475.0,-669.8333333333333,180.0,-174.58333333333314,-174.58333333333314,1950.0,-909.1944444444445,-863.7916666666667
3637,1390.2000000000005,263.6666666666667,-652.4499999999998,475.0,-721.9599999999999,180.0,-304.89999999999975,-304.89999999999975,1950.0,-912.1111111111111,-868.1666666666666
3638,2139.025,322.29166666666663,-465.24375,475.0,-572.1949999999999,180.0,69.51250000000005,69.51250000000005,1950.0,-892.5694444444445,-838.8541666666667
3639,1341.375,240.625,-664.65625,475.0,-731.725,180.0,-329.3125,-329.3125,1950.0,-919.7916666666666,-879.6875
3640,2036.1833333333332,302.75,-490.9541666666667,475.0,-592.7633333333333,180.0,18.091666666666583,18.091666666666583,1950.0,-899.0833333333334,-848.625
3641,1941.1583333333333,318.7916666666667,-514.7104166666667,475.0,-611.7683333333333,180.0,-29.42083333333335,-29.42083333333335,1950.0,-893.7361111111111,-840.6041666666666
3642,1784.8249999999998,251.7083333333333,-553.79375,475.0,-643.0350000000001,180.0,-107.58750000000009,-107.58750000000009,1950.0,-916.0972222222223,-874.1458333333334
3643,1573.0166666666669,206.5,-606.7458333333333,475.0,-685.3966666666666,180.0,-213.49166666666656,-213.49166666666656,1950.0,-931.1666666666666,-896.75
3644,1863.05,242.66666666666663,-534.2375,475.0,-627.39,180.0,-68.47500000000002,-68.47500000000002,1950.0,-919.1111111111111,-878.6666666666667
3645,2304.458333333333,360.7916666666667,-423.88541666666674,475.0,-539.1083333333333,180.0,152.22916666666652,152.22916666666652,1950.0,-879.7361111111111,-819.6041666666666
3646,1958.3666666666663,236.83333333333331,-510.4083333333334,475.0,-608.3266666666667,180.0,-20.816666666666833,-20.816666666666833,1950.0,-921.0555555555555,-881.5833333333334
3647,2034.4916666666668,263.375,-491.3770833333333,475.0,-593.1016666666667,180.0,17.245833333333394,17.245833333333394,1950.0,-912.2083333333334,-868.3125
3648,1746.325,282.625,-563.41875,475.0,-650.735,180.0,-126.83749999999998,-126.83749999999998,1950.0,-905.7916666666666,-858.6875
3649,1468.1333333333332,224.58333333333331,-632.9666666666667,475.0,-706.3733333333333,180.0,-265.9333333333334,-265.9333333333334,1950.0,-925.1388888888889,-887.7083333333334
3650,1440.8333333333333,211.16666666666663,-639.7916666666667,475.0,-711.8333333333334,180.0,-279.58333333333337,-279.58333333333337,1950.0,-929.6111111111111,-894.4166666666667
3651,1536.9666666666667,204.16666666666663,-615.7583333333333,475.0,-692.6066666666667,180.0,-231.51666666666665,-231.51666666666665,1950.0,-931.9444444444445,-897.9166666666667
3652,2207.625,303.625,-448.09375,475.0,-558.475,180.0,103.8125,103.8125,1950.0,-898.7916666666666,-848.1875
3653,1806.0583333333327,300.7083333333333,-548.4854166666669,475.0,-638.7883333333334,180.0,-96.97083333333364,-96.97083333333364,1950.0,-899.7638888888889,-849.6458333333334
3654,2409.9833333333336,295.75,-397.5041666666666,475.0,-518.0033333333333,180.0,204.9916666666668,204.9916666666668,1950.0,-901.4166666666666,-852.125
3655,2284.333333333333,340.66666666666663,-428.91666666666674,475.0,-543.1333333333334,180.0,142.16666666666652,142.16666666666652,1950.0,-886.4444444444445,-829.6666666666667
3656,1805.8833333333328,294.58333333333337,-548.5291666666668,475.0,-638.8233333333335,180.0,-97.05833333333362,-97.05833333333362,1950.0,-901.8055555555555,-852.7083333333333
3657,2183.65,287.5833333333333,-454.0875,475.0,-563.27,180.0,91.82500000000005,91.82500000000005,1950.0,-904.1388888888889,-856.2083333333334
3658,2519.3583333333336,375.375,-370.1604166666666,475.0,-496.1283333333333,180.0,259.6791666666668,259.6791666666668,1950.0,-874.875,-812.3125
3659,1934.45,242.66666666666663,-516.3875,475.0,-613.11,180.0,-32.77499999999998,-32.77499999999998,1950.0,-919.1111111111111,-878.6666666666667
3660,1618.6333333333334,186.66666666666669,-595.3416666666667,475.0,-676.2733333333333,180.0,-190.68333333333328,-190.68333333333328,1950.0,-937.7777777777778,-906.6666666666666
3661,1531.1916666666666,190.45833333333331,-617.2020833333333,475.0,-693.7616666666667,180.0,-234.4041666666667,-234.4041666666667,1950.0,-936.5138888888889,-904.7708333333334
3662,1763.3583333333331,273.875,-559.1604166666667,475.0,-647.3283333333334,180.0,-118.32083333333344,-118.32083333333344,1950.0,-908.7083333333334,-863.0625
3663,2091.833333333333,277.0833333333333,-477.04166666666674,475.0,-581.6333333333334,180.0,45.916666666666515,45.916666666666515,1950.0,-907.6388888888889,-861.4583333333334
3664,1714.475,238.875,-571.38125,475.0,-657.105,180.0,-142.76250000000005,-142.76250000000005,1950.0,-920.375,-880.5625
3665,1973.5333333333333,271.8333333333333,-506.6166666666667,475.0,-605.2933333333333,180.0,-13.233333333333348,-13.233333333333348,1950.0,-909.3888888888889,-864.0833333333334
3666,2103.85,291.0833333333333,-474.0375,475.0,-579.23,180.0,51.924999999999955,51.924999999999955,1950.0,-902.9722222222222,-854.4583333333334
3667,2039.2166666666665,280.0,-490.1958333333334,475.0,-592.1566666666668,180.0,19.608333333333235,19.608333333333235,1950.0,-906.6666666666666,-860.0
3668,1287.2416666666666,220.2083333333333,-678.1895833333333,475.0,-742.5516666666667,180.0,-356.3791666666667,-356.3791666666667,1950.0,-926.5972222222223,-889.8958333333334
3669,1546.125,256.9583333333333,-613.46875,475.0,-690.775,180.0,-226.9375,-226.9375,1950.0,-914.3472222222222,-871.5208333333334
3670,1603.5833333333337,314.41666666666663,-599.1041666666665,475.0,-679.2833333333333,180.0,-198.20833333333314,-198.20833333333314,1950.0,-895.1944444444445,-842.7916666666667
3671,1506.3416666666667,233.04166666666663,-623.4145833333333,475.0,-698.7316666666667,180.0,-246.82916666666665,-246.82916666666665,1950.0,-922.3194444444445,-883.4791666666667
3672,1881.8916666666669,237.70833333333331,-529.5270833333333,475.0,-623.6216666666667,180.0,-59.05416666666656,-59.05416666666656,1950.0,-920.7638888888889,-881.1458333333334
3673,2504.3666666666663,316.75,-373.9083333333334,475.0,-499.1266666666667,180.0,252.18333333333317,252.18333333333317,1950.0,-894.4166666666666,-841.625
3674,1722.4666666666665,250.83333333333331,-569.3833333333334,475.0,-655.5066666666667,180.0,-138.76666666666677,-138.76666666666677,1950.0,-916.3888888888889,-874.5833333333334
3675,1672.7083333333333,244.70833333333331,-581.8229166666667,475.0,-665.4583333333334,180.0,-163.64583333333337,-163.64583333333337,1950.0,-918.4305555555555,-877.6458333333334
3676,1832.5416666666667,255.79166666666663,-541.8645833333333,475.0,-633.4916666666667,180.0,-83.72916666666663,-83.72916666666663,1950.0,-914.7361111111111,-872.1041666666667
3677,1956.5583333333327,332.2083333333333,-510.8604166666668,475.0,-608.6883333333335,180.0,-21.720833333333644,-21.720833333333644,1950.0,-889.2638888888889,-833.8958333333334
3678,2105.6583333333333,284.9583333333333,-473.5854166666667,475.0,-578.8683333333333,180.0,52.82916666666665,52.82916666666665,1950.0,-905.0138888888889,-857.5208333333334
3679,1553.2416666666668,228.375,-611.6895833333333,475.0,-689.3516666666667,180.0,-223.3791666666666,-223.3791666666666,1950.0,-923.875,-885.8125
3680,1993.1333333333332,313.25,-501.7166666666667,475.0,-601.3733333333333,180.0,-3.433333333333394,-3.433333333333394,1950.0,-895.5833333333334,-843.375
3681,1958.25,302.1666666666667,-510.4375,475.0,-608.35,180.0,-20.875,-20.875,1950.0,-899.2777777777778,-848.9166666666666
3682,1702.5166666666669,236.83333333333331,-574.3708333333333,475.0,-659.4966666666667,180.0,-148.74166666666656,-148.74166666666656,1950.0,-921.0555555555555,-881.5833333333334
3683,1711.9666666666667,299.83333333333337,-572.0083333333333,475.0,-657.6066666666667,180.0,-144.01666666666665,-144.01666666666665,1950.0,-900.0555555555555,-850.0833333333333
3684,1590.8666666666668,216.41666666666663,-602.2833333333333,475.0,-681.8266666666666,180.0,-204.5666666666666,-204.5666666666666,1950.0,-927.8611111111111,-891.7916666666667
3685,1739.85,264.25,-565.0375,475.0,-652.03,180.0,-130.07500000000005,-130.07500000000005,1950.0,-911.9166666666666,-867.875
3686,2116.0416666666665,301.29166666666663,-470.98958333333337,475.0,-576.7916666666667,180.0,58.02083333333326,58.02083333333326,1950.0,-899.5694444444445,-849.3541666666667
3687,1570.2166666666667,237.41666666666663,-607.4458333333333,475.0,-685.9566666666667,180.0,-214.89166666666665,-214.89166666666665,1950.0,-920.8611111111111,-881.2916666666667
3688,1693.9416666666666,283.7916666666667,-576.5145833333333,475.0,-661.2116666666667,180.0,-153.0291666666667,-153.0291666666667,1950.0,-905.4027777777778,-858.1041666666666
3689,2191.058333333333,318.7916666666667,-452.23541666666677,475.0,-561.7883333333334,180.0,95.52916666666647,95.52916666666647,1950.0,-893.7361111111111,-840.6041666666666
3690,2094.925,305.9583333333333,-476.26874999999995,475.0,-581.015,180.0,47.46250000000009,47.46250000000009,1950.0,-898.0138888888889,-847.0208333333334
3691,1892.3333333333333,266.0,-526.9166666666667,475.0,-621.5333333333333,180.0,-53.83333333333337,-53.83333333333337,1950.0,-911.3333333333334,-867.0
3692,1620.675,238.29166666666663,-594.83125,475.0,-675.865,180.0,-189.66250000000002,-189.66250000000002,1950.0,-920.5694444444445,-880.8541666666667
3693,1918.525,339.7916666666667,-520.36875,475.0,-616.295,180.0,-40.737499999999955,-40.737499999999955,1950.0,-886.7361111111111,-830.1041666666666
3694,1588.1833333333332,231.58333333333331,-602.9541666666667,475.0,-682.3633333333333,180.0,-205.90833333333342,-205.90833333333342,1950.0,-922.8055555555555,-884.2083333333334
3695,2104.55,335.41666666666663,-473.86249999999995,475.0,-579.0899999999999,180.0,52.27500000000009,52.27500000000009,1950.0,-888.1944444444445,-832.2916666666667
3696,1881.1333333333332,290.5,-529.7166666666667,475.0,-623.7733333333333,180.0,-59.433333333333394,-59.433333333333394,1950.0,-903.1666666666666,-854.75
3697,1671.7749999999996,301.29166666666663,-582.0562500000001,475.0,-665.6450000000001,180.0,-164.11250000000018,-164.11250000000018,1950.0,-899.5694444444445,-849.3541666666667
3698,1580.075,235.375,-604.98125,475.0,-683.985,180.0,-209.96249999999998,-209.96249999999998,1950.0,-921.5416666666666,-882.3125
3699,2172.275,335.7083333333333,-456.93125,475.0,-565.545,180.0,86.13750000000005,86.13750000000005,1950.0,-888.0972222222222,-832.1458333333334
3700,1901.9,233.91666666666669,-524.525,475.0,-619.62,180.0,-49.049999999999955,-49.049999999999955,1950.0,-922.0277777777778,-883.0416666666666
3701,2320.0916666666667,312.95833333333337,-419.9770833333333,475.0,-535.9816666666667,180.0,160.04583333333335,160.04583333333335,1950.0,-895.6805555555555,-843.5208333333333
3702,1631.875,203.875,-592.03125,475.0,-673.625,180.0,-184.0625,-184.0625,1950.0,-932.0416666666666,-898.0625
3703,2472.1666666666665,330.16666666666663,-381.95833333333337,475.0,-505.5666666666667,180.0,236.08333333333326,236.08333333333326,1950.0,-889.9444444444445,-834.9166666666667
3704,1773.45,250.25,-556.6375,475.0,-645.31,180.0,-113.27499999999998,-113.27499999999998,1950.0,-916.5833333333334,-874.875
3705,2021.075,299.5416666666667,-494.73125,475.0,-595.785,180.0,10.537500000000023,10.537500000000023,1950.0,-900.1527777777778,-850.2291666666666
3706,1432.3166666666666,230.41666666666663,-641.9208333333333,475.0,-713.5366666666666,180.0,-283.8416666666667,-283.8416666666667,1950.0,-923.1944444444445,-884.7916666666667
3707,1691.1416666666669,245.29166666666663,-577.2145833333333,475.0,-661.7716666666666,180.0,-154.42916666666656,-154.42916666666656,1950.0,-918.2361111111111,-877.3541666666667
3708,1691.025,251.125,-577.24375,475.0,-661.795,180.0,-154.48749999999995,-154.48749999999995,1950.0,-916.2916666666666,-874.4375
3709,1840.1833333333327,235.66666666666663,-539.9541666666669,475.0,-631.9633333333335,180.0,-79.90833333333364,-79.90833333333364,1950.0,-921.4444444444445,-882.1666666666667
3710,1633.2166666666667,221.08333333333331,-591.6958333333333,475.0,-673.3566666666667,180.0,-183.39166666666665,-183.39166666666665,1950.0,-926.3055555555555,-889.4583333333334
3711,1483.3583333333331,221.95833333333331,-629.1604166666667,475.0,-703.3283333333334,180.0,-258.32083333333344,-258.32083333333344,1950.0,-926.0138888888889,-889.0208333333334
3712,1582.0583333333334,215.54166666666669,-604.4854166666667,475.0,-683.5883333333334,180.0,-208.9708333333333,-208.9708333333333,1950.0,-928.1527777777778,-892.2291666666666
3713,1802.0333333333333,278.83333333333337,-549.4916666666667,475.0,-639.5933333333334,180.0,-98.98333333333335,-98.98333333333335,1950.0,-907.0555555555555,-860.5833333333333
3714,2071.125,315.875,-482.21875,475.0,-585.775,180.0,35.5625,35.5625,1950.0,-894.7083333333334,-842.0625
3715,1588.4166666666663,269.5,-602.8958333333335,475.0,-682.3166666666667,180.0,-205.79166666666686,-205.79166666666686,1950.0,-910.1666666666666,-865.25
3716,2347.858333333333,392.2916666666667,-413.0354166666667,475.0,-530.4283333333334,180.0,173.92916666666656,173.92916666666656,1950.0,-869.2361111111111,-803.8541666666666
3717,1560.3583333333331,219.625,-609.9104166666667,475.0,-687.9283333333334,180.0,-219.82083333333344,-219.82083333333344,1950.0,-926.7916666666666,-890.1875
3718,1934.858333333333,306.54166666666663,-516.2854166666668,475.0,-613.0283333333334,180.0,-32.57083333333355,-32.57083333333355,1950.0,-897.8194444444445,-846.7291666666667
3719,1933.1666666666663,277.0833333333333,-516.7083333333335,475.0,-613.3666666666668,180.0,-33.416666666666856,-33.416666666666856,1950.0,-907.6388888888889,-861.4583333333334
3720,2149.233333333333,263.08333333333337,-462.6916666666667,475.0,-570.1533333333334,180.0,74.61666666666656,74.61666666666656,1950.0,-912.3055555555555,-868.4583333333333
3721,1673.5833333333337,205.91666666666663,-581.6041666666665,475.0,-665.2833333333333,180.0,-163.20833333333314,-163.20833333333314,1950.0,-931.3611111111111,-897.0416666666667
3722,2088.858333333333,262.2083333333333,-477.7854166666667,475.0,-582.2283333333334,180.0,44.42916666666656,44.42916666666656,1950.0,-912.5972222222222,-868.8958333333334
3723,1852.1416666666669,277.375,-536.9645833333333,475.0,-629.5716666666666,180.0,-73.92916666666656,-73.92916666666656,1950.0,-907.5416666666666,-861.3125
3724,2000.1916666666664,262.7916666666667,-499.9520833333334,475.0,-599.9616666666667,180.0,0.09583333333318933,0.09583333333318933,1950.0,-912.4027777777778,-868.6041666666666
3725,1956.15,308.0,-510.9625,475.0,-608.77,180.0,-21.924999999999955,-21.924999999999955,1950.0,-897.3333333333334,-846.0
3726,1921.2666666666664,267.16666666666663,-519.6833333333334,475.0,-615.7466666666667,180.0,-39.36666666666679,-39.36666666666679,1950.0,-910.9444444444445,-866.4166666666667
3727,2372.533333333333,303.91666666666663,-406.8666666666668,475.0,-525.4933333333335,180.0,186.26666666666642,186.26666666666642,1950.0,-898.6944444444445,-848.0416666666667
3728,1986.5416666666663,300.7083333333333,-503.3645833333334,475.0,-602.6916666666667,180.0,-6.729166666666856,-6.729166666666856,1950.0,-899.7638888888889,-849.6458333333334
3729,2184.175,266.2916666666667,-453.95624999999995,475.0,-563.165,180.0,92.08750000000009,92.08750000000009,1950.0,-911.2361111111111,-866.8541666666666
3730,2143.575,322.875,-464.10625000000005,475.0,-571.2850000000001,180.0,71.78749999999991,71.78749999999991,1950.0,-892.375,-838.5625
3731,1997.0416666666663,301.29166666666663,-500.7395833333334,475.0,-600.5916666666667,180.0,-1.4791666666668561,-1.4791666666668561,1950.0,-899.5694444444445,-849.3541666666667
3732,2047.15,270.0833333333333,-488.2125,475.0,-590.5699999999999,180.0,23.575000000000045,23.575000000000045,1950.0,-909.9722222222222,-864.9583333333334
3733,1817.2,274.1666666666667,-545.7,475.0,-636.56,180.0,-91.39999999999998,-91.39999999999998,1950.0,-908.6111111111111,-862.9166666666666
3734,1435.2333333333331,203.58333333333331,-641.1916666666667,475.0,-712.9533333333334,180.0,-282.38333333333344,-282.38333333333344,1950.0,-932.1388888888889,-898.2083333333334
3735,2435.1833333333334,275.3333333333333,-391.20416666666665,475.0,-512.9633333333334,180.0,217.5916666666667,217.5916666666667,1950.0,-908.2222222222222,-862.3333333333334
3736,1710.2166666666667,268.33333333333337,-572.4458333333333,475.0,-657.9566666666667,180.0,-144.89166666666665,-144.89166666666665,1950.0,-910.5555555555555,-865.8333333333333
3737,1317.575,220.79166666666669,-670.60625,475.0,-736.485,180.0,-341.2125,-341.2125,1950.0,-926.4027777777778,-889.6041666666666
3738,2407.183333333333,356.41666666666663,-398.20416666666677,475.0,-518.5633333333334,180.0,203.59166666666647,203.59166666666647,1950.0,-881.1944444444445,-821.7916666666667
3739,1890.35,295.75,-527.4125,475.0,-621.9300000000001,180.0,-54.825000000000045,-54.825000000000045,1950.0,-901.4166666666666,-852.125
3740,1689.1,233.3333333333333,-577.725,475.0,-662.1800000000001,180.0,-155.45000000000005,-155.45000000000005,1950.0,-922.2222222222223,-883.3333333333334
3741,1883.875,277.375,-529.03125,475.0,-623.225,180.0,-58.0625,-58.0625,1950.0,-907.5416666666666,-861.3125
3742,1769.95,316.1666666666667,-557.5125,475.0,-646.01,180.0,-115.02499999999998,-115.02499999999998,1950.0,-894.6111111111111,-841.9166666666666
3743,1854.475,299.5416666666667,-536.38125,475.0,-629.105,180.0,-72.76250000000005,-72.76250000000005,1950.0,-900.1527777777778,-850.2291666666666
3744,2119.7166666666667,310.9166666666667,-470.0708333333333,475.0,-576.0566666666666,180.0,59.85833333333335,59.85833333333335,1950.0,-896.3611111111111,-844.5416666666666
3745,1639.4583333333333,251.125,-590.1354166666667,475.0,-672.1083333333333,180.0,-180.27083333333337,-180.27083333333337,1950.0,-916.2916666666666,-874.4375
3746,2079.058333333333,315.875,-480.23541666666677,475.0,-584.1883333333334,180.0,39.52916666666647,39.52916666666647,1950.0,-894.7083333333334,-842.0625
3747,1886.2666666666664,281.75,-528.4333333333334,475.0,-622.7466666666667,180.0,-56.86666666666679,-56.86666666666679,1950.0,-906.0833333333334,-859.125
3748,2134.241666666667,313.5416666666667,-466.4395833333333,475.0,-573.1516666666666,180.0,67.1208333333334,67.1208333333334,1950.0,-895.4861111111111,-843.2291666666666
3749,1485.9833333333331,234.5,-628.5041666666667,475.0,-702.8033333333334,180.0,-257.00833333333344,-257.00833333333344,1950.0,-921.8333333333334,-882.75
3750,2190.9999999999995,356.41666666666663,-452.2500000000001,475.0,-561.8000000000001,180.0,95.49999999999977,95.49999999999977,1950.0,-881.1944444444445,-821.7916666666667
3751,1867.775,229.54166666666663,-533.05625,475.0,-626.4449999999999,180.0,-66.11249999999995,-66.11249999999995,1950.0,-923.4861111111111,-885.2291666666667
3752,1502.4333333333332,235.08333333333331,-624.3916666666667,475.0,-699.5133333333333,180.0,-248.78333333333342,-248.78333333333342,1950.0,-921.6388888888889,-882.4583333333334
3753,1388.6833333333332,210.58333333333331,-652.8291666666667,475.0,-722.2633333333333,180.0,-305.6583333333334,-305.6583333333334,1950.0,-929.8055555555555,-894.7083333333334
3754,1837.2083333333333,290.2083333333333,-540.6979166666667,475.0,-632.5583333333334,180.0,-81.39583333333337,-81.39583333333337,1950.0,-903.2638888888889,-854.8958333333334
3755,2212.9333333333334,320.83333333333337,-446.76666666666665,475.0,-557.4133333333333,180.0,106.4666666666667,106.4666666666667,1950.0,-893.0555555555555,-839.5833333333333
3756,1687.4083333333335,293.125,-578.1479166666666,475.0,-662.5183333333333,180.0,-156.29583333333323,-156.29583333333323,1950.0,-902.2916666666666,-853.4375
3757,1946.175,345.625,-513.45625,475.0,-610.765,180.0,-26.912500000000023,-26.912500000000023,1950.0,-884.7916666666666,-827.1875
3758,2277.9166666666665,344.1666666666667,-430.52083333333337,475.0,-544.4166666666667,180.0,138.95833333333326,138.95833333333326,1950.0,-885.2777777777778,-827.9166666666666
3759,1843.5083333333328,302.45833333333337,-539.1229166666668,475.0,-631.2983333333334,180.0,-78.24583333333362,-78.24583333333362,1950.0,-899.1805555555555,-848.7708333333333
3760,1840.7666666666669,266.0,-539.8083333333333,475.0,-631.8466666666666,180.0,-79.61666666666656,-79.61666666666656,1950.0,-911.3333333333334,-867.0
3761,2079.758333333333,270.95833333333337,-480.0604166666667,475.0,-584.0483333333334,180.0,39.879166666666606,39.879166666666606,1950.0,-909.6805555555555,-864.5208333333333
3762,2207.5666666666666,291.6666666666667,-448.10833333333335,475.0,-558.4866666666667,180.0,103.7833333333333,103.7833333333333,1950.0,-902.7777777777778,-854.1666666666666
3763,1704.7333333333331,264.8333333333333,-573.8166666666667,475.0,-659.0533333333334,180.0,-147.63333333333344,-147.63333333333344,1950.0,-911.7222222222222,-867.5833333333334
3764,2025.2166666666665,295.75,-493.6958333333334,475.0,-594.9566666666667,180.0,12.608333333333235,12.608333333333235,1950.0,-901.4166666666666,-852.125
3765,1884.4583333333333,238.29166666666663,-528.8854166666667,475.0,-623.1083333333333,180.0,-57.77083333333337,-57.77083333333337,1950.0,-920.5694444444445,-880.8541666666667
3766,2206.5166666666664,284.6666666666667,-448.3708333333334,475.0,-558.6966666666667,180.0,103.25833333333321,103.25833333333321,1950.0,-905.1111111111111,-857.6666666666666
3767,2321.3166666666666,326.08333333333337,-419.67083333333335,475.0,-535.7366666666667,180.0,160.6583333333333,160.6583333333333,1950.0,-891.3055555555555,-836.9583333333333
3768,1448.7666666666669,211.16666666666663,-637.8083333333333,475.0,-710.2466666666667,180.0,-275.61666666666656,-275.61666666666656,1950.0,-929.6111111111111,-894.4166666666667
3769,730.1583333333333,158.95833333333334,-817.4604166666667,475.0,-853.9683333333334,180.0,-634.9208333333333,-634.9208333333333,1950.0,-947.0138888888889,-920.5208333333334
3770,1897.875,261.625,-525.53125,475.0,-620.425,180.0,-51.0625,-51.0625,1950.0,-912.7916666666666,-869.1875
3771,1810.2,306.8333333333333,-547.45,475.0,-637.96,180.0,-94.89999999999998,-94.89999999999998,1950.0,-897.7222222222222,-846.5833333333334
3772,1870.983333333333,232.75,-532.2541666666668,475.0,-625.8033333333334,180.0,-64.50833333333355,-64.50833333333355,1950.0,-922.4166666666666,-883.625
3773,1739.675,268.0416666666667,-565.08125,475.0,-652.065,180.0,-130.16250000000002,-130.16250000000002,1950.0,-910.6527777777778,-865.9791666666666
3774,1744.6333333333332,263.08333333333337,-563.8416666666667,475.0,-651.0733333333334,180.0,-127.6833333333334,-127.6833333333334,1950.0,-912.3055555555555,-868.4583333333333
3775,1990.1,306.25,-502.475,475.0,-601.98,180.0,-4.9500000000000455,-4.9500000000000455,1950.0,-897.9166666666666,-846.875
3776,1638.1166666666668,253.75,-590.4708333333333,475.0,-672.3766666666667,180.0,-180.9416666666666,-180.9416666666666,1950.0,-915.4166666666666,-873.125
3777,1652.8166666666666,272.41666666666663,-586.7958333333333,475.0,-669.4366666666667,180.0,-173.5916666666667,-173.5916666666667,1950.0,-909.1944444444445,-863.7916666666667
3778,2073.9833333333336,287.0,-481.5041666666666,475.0,-585.2033333333333,180.0,36.99166666666679,36.99166666666679,1950.0,-904.3333333333334,-856.5
3779,2060.9166666666665,246.16666666666663,-484.77083333333337,475.0,-587.8166666666667,180.0,30.458333333333258,30.458333333333258,1950.0,-917.9444444444445,-876.9166666666667
3780,2625.8750000000005,354.95833333333337,-343.5312499999999,475.0,-474.82499999999993,180.0,312.9375000000002,312.9375000000002,1950.0,-881.6805555555555,-822.5208333333333
3781,2116.3916666666664,313.5416666666667,-470.9020833333334,475.0,-576.7216666666667,180.0,58.19583333333321,58.19583333333321,1950.0,-895.4861111111111,-843.2291666666666
3782,1450.9833333333331,209.41666666666663,-637.2541666666667,475.0,-709.8033333333334,180.0,-274.50833333333344,-274.50833333333344,1950.0,-930.1944444444445,-895.2916666666667
3783,2228.1,276.5,-442.975,475.0,-554.38,180.0,114.04999999999995,114.04999999999995,1950.0,-907.8333333333334,-861.75
3784,2122.3416666666667,283.7916666666667,-469.4145833333333,475.0,-575.5316666666666,180.0,61.17083333333335,61.17083333333335,1950.0,-905.4027777777778,-858.1041666666666
3785,1949.0333333333333,287.0,-512.7416666666667,475.0,-610.1933333333334,180.0,-25.48333333333335,-25.48333333333335,1950.0,-904.3333333333334,-856.5
3786,2138.7916666666665,304.2083333333333,-465.30208333333337,475.0,-572.2416666666667,180.0,69.39583333333326,69.39583333333326,1950.0,-898.5972222222222,-847.8958333333334
3787,1643.4833333333331,213.5,-589.1291666666667,475.0,-671.3033333333334,180.0,-178.25833333333344,-178.25833333333344,1950.0,-928.8333333333334,-893.25
3788,1575.7,240.91666666666663,-606.075,475.0,-684.86,180.0,-212.14999999999998,-212.14999999999998,1950.0,-919.6944444444445,-879.5416666666667
3789,1684.6083333333331,175.29166666666666,-578.8479166666667,475.0,-663.0783333333334,180.0,-157.69583333333344,-157.69583333333344,1950.0,-941.5694444444445,-912.3541666666666
3790,2213.925,315.875,-446.51874999999995,475.0,-557.2149999999999,180.0,106.96250000000009,106.96250000000009,1950.0,-894.7083333333334,-842.0625
3791,2225.9416666666666,319.9583333333333,-443.51458333333335,475.0,-554.8116666666667,180.0,112.9708333333333,112.9708333333333,1950.0,-893.3472222222222,-840.0208333333334
3792,2104.55,246.16666666666663,-473.86249999999995,475.0,-579.0899999999999,180.0,52.27500000000009,52.27500000000009,1950.0,-917.9444444444445,-876.9166666666667
3793,2207.333333333333,293.41666666666663,-448.16666666666674,475.0,-558.5333333333334,180.0,103.66666666666652,103.66666666666652,1950.0,-902.1944444444445,-853.2916666666667
3794,1696.2166666666667,264.25,-575.9458333333333,475.0,-660.7566666666667,180.0,-151.89166666666665,-151.89166666666665,1950.0,-911.9166666666666,-867.875
3795,2033.4416666666664,325.7916666666667,-491.6395833333334,475.0,-593.3116666666667,180.0,16.72083333333319,16.72083333333319,1950.0,-891.4027777777778,-837.1041666666666
3796,1848.35,253.75,-537.9125,475.0,-630.33,180.0,-75.82500000000005,-75.82500000000005,1950.0,-915.4166666666666,-873.125
3797,1694.875,296.625,-576.28125,475.0,-661.025,180.0,-152.5625,-152.5625,1950.0,-901.125,-851.6875
3798,1467.6666666666667,208.25,-633.0833333333333,475.0,-706.4666666666667,180.0,-266.16666666666663,-266.16666666666663,1950.0,-930.5833333333334,-895.875
3799,1756.3583333333331,266.875,-560.9104166666667,475.0,-648.7283333333334,180.0,-121.82083333333344,-121.82083333333344,1950.0,-911.0416666666666,-866.5625
3800,1602.65,242.08333333333331,-599.3375,475.0,-679.47,180.0,-198.67499999999995,-198.67499999999995,1950.0,-919.3055555555555,-878.9583333333334
3801,1941.975,238.29166666666663,-514.50625,475.0,-611.605,180.0,-29.012500000000045,-29.012500000000045,1950.0,-920.5694444444445,-880.8541666666667
3802,2367.983333333333,283.5,-408.0041666666667,475.0,-526.4033333333334,180.0,183.99166666666656,183.99166666666656,1950.0,-905.5,-858.25
3803,1789.4916666666668,266.2916666666667,-552.6270833333333,475.0,-642.1016666666667,180.0,-105.2541666666666,-105.2541666666666,1950.0,-911.2361111111111,-866.8541666666666
3804,2178.3416666666662,290.2083333333333,-455.41458333333344,475.0,-564.3316666666667,180.0,89.17083333333312,89.17083333333312,1950.0,-903.2638888888889,-854.8958333333334
3805,1956.3833333333328,306.25,-510.9041666666668,475.0,-608.7233333333335,180.0,-21.80833333333362,-21.80833333333362,1950.0,-897.9166666666666,-846.875
3806,1908.9583333333333,292.5416666666667,-522.7604166666667,475.0,-618.2083333333334,180.0,-45.52083333333337,-45.52083333333337,1950.0,-902.4861111111111,-853.7291666666666
3807,1959.9416666666664,291.95833333333337,-510.0145833333334,475.0,-608.0116666666668,180.0,-20.02916666666681,-20.02916666666681,1950.0,-902.6805555555555,-854.0208333333333
3808,1793.1083333333331,323.45833333333337,-551.7229166666667,475.0,-641.3783333333333,180.0,-103.44583333333344,-103.44583333333344,1950.0,-892.1805555555555,-838.2708333333333
3809,2608.55,323.75,-347.86249999999995,475.0,-478.28999999999996,180.0,304.2750000000001,304.2750000000001,1950.0,-892.0833333333334,-838.125
3810,2043.358333333333,315.875,-489.1604166666668,475.0,-591.3283333333334,180.0,21.679166666666447,21.679166666666447,1950.0,-894.7083333333334,-842.0625
3811,1678.0166666666669,281.75,-580.4958333333333,475.0,-664.3966666666666,180.0,-160.99166666666656,-160.99166666666656,1950.0,-906.0833333333334,-859.125
3812,1908.9583333333333,272.7083333333333,-522.7604166666667,475.0,-618.2083333333334,180.0,-45.52083333333337,-45.52083333333337,1950.0,-909.0972222222222,-863.6458333333334
3813,2125.491666666667,304.7916666666667,-468.6270833333333,475.0,-574.9016666666666,180.0,62.745833333333394,62.745833333333394,1950.0,-898.4027777777778,-847.6041666666666
3814,2077.1916666666666,300.125,-480.70208333333335,475.0,-584.5616666666667,180.0,38.5958333333333,38.5958333333333,1950.0,-899.9583333333334,-849.9375
3815,2220.05,312.0833333333333,-444.98749999999995,475.0,-555.99,180.0,110.02500000000009,110.02500000000009,1950.0,-895.9722222222222,-843.9583333333334
3816,1841.7,308.5833333333333,-539.575,475.0,-631.66,180.0,-79.14999999999998,-79.14999999999998,1950.0,-897.1388888888889,-845.7083333333334
3817,1637.65,287.0,-590.5875,475.0,-672.47,180.0,-181.17499999999995,-181.17499999999995,1950.0,-904.3333333333334,-856.5
3818,1634.325,289.625,-591.41875,475.0,-673.135,180.0,-182.83749999999998,-182.83749999999998,1950.0,-903.4583333333334,-855.1875
3819,1502.6666666666667,223.41666666666669,-624.3333333333333,475.0,-699.4666666666667,180.0,-248.66666666666663,-248.66666666666663,1950.0,-925.5277777777778,-888.2916666666666
3820,1918.8166666666664,250.83333333333331,-520.2958333333333,475.0,-616.2366666666667,180.0,-40.59166666666681,-40.59166666666681,1950.0,-916.3888888888889,-874.5833333333334
3821,1869.7583333333332,289.0416666666667,-532.5604166666667,475.0,-626.0483333333334,180.0,-65.1208333333334,-65.1208333333334,1950.0,-903.6527777777778,-855.4791666666666
3822,1864.1,289.33333333333337,-533.975,475.0,-627.1800000000001,180.0,-67.95000000000005,-67.95000000000005,1950.0,-903.5555555555555,-855.3333333333333
3823,1791.475,296.04166666666663,-552.13125,475.0,-641.705,180.0,-104.26250000000005,-104.26250000000005,1950.0,-901.3194444444445,-851.9791666666667
3824,2011.1,287.5833333333333,-497.225,475.0,-597.78,180.0,5.5499999999999545,5.5499999999999545,1950.0,-904.1388888888889,-856.2083333333334
3825,2185.458333333333,331.0416666666667,-453.63541666666674,475.0,-562.9083333333334,180.0,92.72916666666652,92.72916666666652,1950.0,-889.6527777777778,-834.4791666666666
3826,1821.1083333333331,252.29166666666669,-544.7229166666667,475.0,-635.7783333333334,180.0,-89.44583333333344,-89.44583333333344,1950.0,-915.9027777777778,-873.8541666666666
3827,1467.2,261.3333333333333,-633.2,475.0,-706.56,180.0,-266.4,-266.4,1950.0,-912.8888888888889,-869.3333333333334
3828,2010.8083333333332,297.20833333333337,-497.2979166666667,475.0,-597.8383333333334,180.0,5.404166666666583,5.404166666666583,1950.0,-900.9305555555555,-851.3958333333333
3829,1395.6249999999998,255.20833333333331,-651.09375,475.0,-720.875,180.0,-302.1875000000001,-302.1875000000001,1950.0,-914.9305555555555,-872.3958333333334
3830,1725.0916666666667,233.625,-568.7270833333333,475.0,-654.9816666666667,180.0,-137.45416666666665,-137.45416666666665,1950.0,-922.125,-883.1875
3831,1423.625,253.45833333333331,-644.09375,475.0,-715.275,180.0,-288.1875,-288.1875,1950.0,-915.5138888888889,-873.2708333333334
3832,2127.475,314.7083333333333,-468.13125,475.0,-574.505,180.0,63.737499999999955,63.737499999999955,1950.0,-895.0972222222222,-842.6458333333334
3833,2032.8,233.91666666666669,-491.8,475.0,-593.44,180.0,16.399999999999977,16.399999999999977,1950.0,-922.0277777777778,-883.0416666666666
3834,2275.758333333333,328.125,-431.0604166666667,475.0,-544.8483333333334,180.0,137.8791666666666,137.8791666666666,1950.0,-890.625,-835.9375
3835,2313.208333333333,349.70833333333337,-421.69791666666674,475.0,-537.3583333333333,180.0,156.60416666666652,156.60416666666652,1950.0,-883.4305555555555,-825.1458333333333
3836,2015.8250000000005,333.95833333333337,-496.0437499999999,475.0,-596.8349999999999,180.0,7.91250000000025,7.91250000000025,1950.0,-888.6805555555555,-833.0208333333333
3837,2149.583333333333,344.75,-462.60416666666674,475.0,-570.0833333333334,180.0,74.79166666666652,74.79166666666652,1950.0,-885.0833333333334,-827.625
3838,1708.5833333333337,260.75,-572.8541666666665,475.0,-658.2833333333333,180.0,-145.70833333333314,-145.70833333333314,1950.0,-913.0833333333334,-869.625
3839,2002.0,276.5,-499.5,475.0,-599.6,180.0,1.0,1.0,1950.0,-907.8333333333334,-861.75
3840,1859.8416666666667,249.375,-535.0395833333333,475.0,-628.0316666666666,180.0,-70.07916666666665,-70.07916666666665,1950.0,-916.875,-875.3125
3841,2138.15,331.33333333333337,-465.4625,475.0,-572.37,180.0,69.07500000000005,69.07500000000005,1950.0,-889.5555555555555,-834.3333333333333
3842,2090.7833333333333,299.83333333333337,-477.3041666666667,475.0,-581.8433333333334,180.0,45.39166666666665,45.39166666666665,1950.0,-900.0555555555555,-850.0833333333333
3843,1828.05,247.33333333333331,-542.9875,475.0,-634.39,180.0,-85.97500000000002,-85.97500000000002,1950.0,-917.5555555555555,-876.3333333333334
3844,2357.8916666666664,307.125,-410.5270833333334,475.0,-528.4216666666667,180.0,178.9458333333332,178.9458333333332,1950.0,-897.625,-846.4375
3845,2191.6416666666664,289.625,-452.0895833333334,475.0,-561.6716666666667,180.0,95.82083333333321,95.82083333333321,1950.0,-903.4583333333334,-855.1875
3846,1942.5583333333327,268.625,-514.3604166666669,475.0,-611.4883333333335,180.0,-28.720833333333644,-28.720833333333644,1950.0,-910.4583333333334,-865.6875
3847,1688.4583333333333,230.7083333333333,-577.8854166666667,475.0,-662.3083333333334,180.0,-155.77083333333337,-155.77083333333337,1950.0,-923.0972222222223,-884.6458333333334
3848,1852.375,275.625,-536.90625,475.0,-629.525,180.0,-73.8125,-73.8125,1950.0,-908.125,-862.1875
3849,1835.5166666666669,270.6666666666667,-541.1208333333333,475.0,-632.8966666666666,180.0,-82.24166666666656,-82.24166666666656,1950.0,-909.7777777777778,-864.6666666666666
3850,1980.5916666666665,251.125,-504.8520833333334,475.0,-603.8816666666667,180.0,-9.704166666666765,-9.704166666666765,1950.0,-916.2916666666666,-874.4375
3851,1916.8916666666664,322.29166666666663,-520.7770833333334,475.0,-616.6216666666667,180.0,-41.55416666666679,-41.55416666666679,1950.0,-892.5694444444445,-838.8541666666667
3852,1977.675,258.125,-505.58125,475.0,-604.465,180.0,-11.162500000000023,-11.162500000000023,1950.0,-913.9583333333334,-870.9375
3853,1711.5583333333334,315.2916666666667,-572.1104166666667,475.0,-657.6883333333333,180.0,-144.2208333333333,-144.2208333333333,1950.0,-894.9027777777778,-842.3541666666666
3854,1988.7,296.9166666666667,-502.825,475.0,-602.26,180.0,-5.649999999999977,-5.649999999999977,1950.0,-901.0277777777778,-851.5416666666666
3855,2141.241666666667,310.625,-464.6895833333333,475.0,-571.7516666666667,180.0,70.6208333333334,70.6208333333334,1950.0,-896.4583333333334,-844.6875
3856,1922.8416666666667,233.04166666666663,-519.2895833333333,475.0,-615.4316666666666,180.0,-38.57916666666665,-38.57916666666665,1950.0,-922.3194444444445,-883.4791666666667
3857,1975.3416666666667,265.70833333333337,-506.1645833333333,475.0,-604.9316666666666,180.0,-12.329166666666652,-12.329166666666652,1950.0,-911.4305555555555,-867.1458333333333
3858,1905.8083333333327,251.7083333333333,-523.5479166666669,475.0,-618.8383333333335,180.0,-47.095833333333644,-47.095833333333644,1950.0,-916.0972222222223,-874.1458333333334
3859,2059.6916666666666,242.95833333333331,-485.07708333333335,475.0,-588.0616666666667,180.0,29.845833333333303,29.845833333333303,1950.0,-919.0138888888889,-878.5208333333334
3860,1648.325,234.20833333333331,-587.91875,475.0,-670.335,180.0,-175.83749999999998,-175.83749999999998,1950.0,-921.9305555555555,-882.8958333333334
3861,1592.675,240.04166666666663,-601.83125,475.0,-681.465,180.0,-203.66250000000002,-203.66250000000002,1950.0,-919.9861111111111,-879.9791666666667
3862,1462.5333333333333,217.0,-634.3666666666667,475.0,-707.4933333333333,180.0,-268.73333333333335,-268.73333333333335,1950.0,-927.6666666666666,-891.5
3863,2179.1,277.0833333333333,-455.225,475.0,-564.1800000000001,180.0,89.54999999999995,89.54999999999995,1950.0,-907.6388888888889,-861.4583333333334
3864,1900.15,252.0,-524.9625,475.0,-619.97,180.0,-49.924999999999955,-49.924999999999955,1950.0,-916.0,-874.0
3865,1762.425,280.875,-559.39375,475.0,-647.515,180.0,-118.78750000000002,-118.78750000000002,1950.0,-906.375,-859.5625
3866,2213.75,329.5833333333333,-446.5625,475.0,-557.25,180.0,106.875,106.875,1950.0,-890.1388888888889,-835.2083333333334
3867,1703.9166666666663,315.58333333333337,-574.0208333333335,475.0,-659.2166666666667,180.0,-148.04166666666686,-148.04166666666686,1950.0,-894.8055555555555,-842.2083333333333
3868,1983.975,290.2083333333333,-504.00625,475.0,-603.205,180.0,-8.012500000000045,-8.012500000000045,1950.0,-903.2638888888889,-854.8958333333334
3869,2349.6666666666665,287.0,-412.58333333333337,475.0,-530.0666666666667,180.0,174.83333333333326,174.83333333333326,1950.0,-904.3333333333334,-856.5
3870,1867.3083333333332,312.375,-533.1729166666667,475.0,-626.5383333333334,180.0,-66.34583333333342,-66.34583333333342,1950.0,-895.875,-843.8125
3871,1789.55,308.0,-552.6125,475.0,-642.09,180.0,-105.22500000000002,-105.22500000000002,1950.0,-897.3333333333334,-846.0
3872,2263.45,303.91666666666663,-434.13750000000005,475.0,-547.3100000000001,180.0,131.7249999999999,131.7249999999999,1950.0,-898.6944444444445,-848.0416666666667
3873,2273.133333333333,325.5,-431.7166666666667,475.0,-545.3733333333333,180.0,136.5666666666666,136.5666666666666,1950.0,-891.5,-837.25
3874,1925.9916666666668,333.375,-518.5020833333333,475.0,-614.8016666666666,180.0,-37.004166666666606,-37.004166666666606,1950.0,-888.875,-833.3125
3875,1718.5583333333334,252.875,-570.3604166666667,475.0,-656.2883333333333,180.0,-140.7208333333333,-140.7208333333333,1950.0,-915.7083333333334,-873.5625
3876,1298.325,181.70833333333331,-675.41875,475.0,-740.335,180.0,-350.8375,-350.8375,1950.0,-939.4305555555555,-909.1458333333334
3877,2146.1416666666664,333.375,-463.4645833333334,475.0,-570.7716666666668,180.0,73.07083333333321,73.07083333333321,1950.0,-888.875,-833.3125
3878,1576.9833333333331,256.0833333333333,-605.7541666666667,475.0,-684.6033333333334,180.0,-211.50833333333344,-211.50833333333344,1950.0,-914.6388888888889,-871.9583333333334
3879,2009.1166666666663,376.8333333333333,-497.7208333333334,475.0,-598.1766666666667,180.0,4.558333333333167,4.558333333333167,1950.0,-874.3888888888889,-811.5833333333334
3880,1685.3083333333332,209.7083333333333,-578.6729166666667,475.0,-662.9383333333334,180.0,-157.34583333333342,-157.34583333333342,1950.0,-930.0972222222223,-895.1458333333334
3881,1870.4,291.6666666666667,-532.4,475.0,-625.92,180.0,-64.79999999999995,-64.79999999999995,1950.0,-902.7777777777778,-854.1666666666666
3882,1865.0916666666667,254.625,-533.7270833333333,475.0,-626.9816666666667,180.0,-67.45416666666665,-67.45416666666665,1950.0,-915.125,-872.6875
3883,1880.725,266.2916666666667,-529.81875,475.0,-623.855,180.0,-59.637500000000045,-59.637500000000045,1950.0,-911.2361111111111,-866.8541666666666
3884,1810.9,232.16666666666663,-547.275,475.0,-637.8199999999999,180.0,-94.54999999999995,-94.54999999999995,1950.0,-922.6111111111111,-883.9166666666667
3885,1369.9583333333333,229.54166666666663,-657.5104166666667,475.0,-726.0083333333333,180.0,-315.02083333333337,-315.02083333333337,1950.0,-923.4861111111111,-885.2291666666667
3886,1927.9166666666663,252.0,-518.0208333333335,475.0,-614.4166666666667,180.0,-36.041666666666856,-36.041666666666856,1950.0,-916.0,-874.0
3887,1604.4583333333333,275.625,-598.8854166666667,475.0,-679.1083333333333,180.0,-197.77083333333337,-197.77083333333337,1950.0,-908.125,-862.1875
3888,2207.741666666667,367.2083333333333,-448.0645833333333,475.0,-558.4516666666666,180.0,103.8708333333334,103.8708333333334,1950.0,-877.5972222222222,-816.3958333333334
3889,2348.675,331.625,-412.83124999999995,475.0,-530.265,180.0,174.3375000000001,174.3375000000001,1950.0,-889.4583333333334,-834.1875
3890,1379.4666666666667,254.91666666666669,-655.1333333333333,475.0,-724.1066666666667,180.0,-310.26666666666665,-310.26666666666665,1950.0,-915.0277777777778,-872.5416666666666
3891,2031.6333333333328,302.1666666666667,-492.0916666666668,475.0,-593.6733333333334,180.0,15.816666666666379,15.816666666666379,1950.0,-899.2777777777778,-848.9166666666666
3892,2044.9333333333332,252.0,-488.7666666666667,475.0,-591.0133333333333,180.0,22.466666666666583,22.466666666666583,1950.0,-916.0,-874.0
3893,1654.625,216.70833333333331,-586.34375,475.0,-669.075,180.0,-172.6875,-172.6875,1950.0,-927.7638888888889,-891.6458333333334
3894,2172.741666666667,282.625,-456.8145833333333,475.0,-565.4516666666666,180.0,86.3708333333334,86.3708333333334,1950.0,-905.7916666666666,-858.6875
3895,1804.5416666666667,267.4583333333333,-548.8645833333333,475.0,-639.0916666666667,180.0,-97.72916666666663,-97.72916666666663,1950.0,-910.8472222222222,-866.2708333333334
3896,1729.8749999999998,232.45833333333331,-567.53125,475.0,-654.0250000000001,180.0,-135.0625000000001,-135.0625000000001,1950.0,-922.5138888888889,-883.7708333333334
3897,1848.5833333333333,311.5,-537.8541666666667,475.0,-630.2833333333333,180.0,-75.70833333333337,-75.70833333333337,1950.0,-896.1666666666666,-844.25
3898,1604.1666666666667,235.66666666666663,-598.9583333333333,475.0,-679.1666666666666,180.0,-197.91666666666663,-197.91666666666663,1950.0,-921.4444444444445,-882.1666666666667
3899,2302.008333333333,354.375,-424.4979166666667,475.0,-539.5983333333334,180.0,151.0041666666666,151.0041666666666,1950.0,-881.875,-822.8125
3900,1603.7,219.33333333333331,-599.075,475.0,-679.26,180.0,-198.14999999999998,-198.14999999999998,1950.0,-926.8888888888889,-890.3333333333334
3901,2231.6,309.75,-442.1,475.0,-553.6800000000001,180.0,115.79999999999995,115.79999999999995,1950.0,-896.75,-845.125
3902,1969.5666666666664,321.4166666666667,-507.6083333333334,475.0,-606.0866666666667,180.0,-15.21666666666681,-15.21666666666681,1950.0,-892.8611111111111,-839.2916666666666
3903,1960.9333333333327,287.0,-509.7666666666668,475.0,-607.8133333333335,180.0,-19.533333333333644,-19.533333333333644,1950.0,-904.3333333333334,-856.5
3904,1941.625,364.875,-514.59375,475.0,-611.675,180.0,-29.1875,-29.1875,1950.0,-878.375,-817.5625
3905,2302.65,317.3333333333333,-424.3375,475.0,-539.47,180.0,151.32500000000005,151.32500000000005,1950.0,-894.2222222222222,-841.3333333333334
3906,2049.775,322.29166666666663,-487.55625,475.0,-590.045,180.0,24.887500000000045,24.887500000000045,1950.0,-892.5694444444445,-838.8541666666667
3907,1906.858333333333,228.95833333333331,-523.2854166666668,475.0,-618.6283333333334,180.0,-46.57083333333355,-46.57083333333355,1950.0,-923.6805555555555,-885.5208333333334
3908,1966.0666666666664,268.33333333333337,-508.4833333333334,475.0,-606.7866666666667,180.0,-16.96666666666681,-16.96666666666681,1950.0,-910.5555555555555,-865.8333333333333
3909,1979.775,291.95833333333337,-505.05625,475.0,-604.045,180.0,-10.112499999999955,-10.112499999999955,1950.0,-902.6805555555555,-854.0208333333333
3910,1948.0416666666663,291.95833333333337,-512.9895833333335,475.0,-610.3916666666668,180.0,-25.979166666666856,-25.979166666666856,1950.0,-902.6805555555555,-854.0208333333333
3911,2086.583333333333,252.0,-478.35416666666674,475.0,-582.6833333333334,180.0,43.291666666666515,43.291666666666515,1950.0,-916.0,-874.0
3912,1824.6666666666663,257.83333333333337,-543.8333333333335,475.0,-635.0666666666667,180.0,-87.66666666666686,-87.66666666666686,1950.0,-914.0555555555555,-871.0833333333333
3913,1687.9916666666668,273.875,-578.0020833333333,475.0,-662.4016666666666,180.0,-156.0041666666666,-156.0041666666666,1950.0,-908.7083333333334,-863.0625
3914,1832.8916666666664,248.20833333333331,-541.7770833333334,475.0,-633.4216666666667,180.0,-83.55416666666679,-83.55416666666679,1950.0,-917.2638888888889,-875.8958333333334
3915,1774.6166666666668,271.25,-556.3458333333333,475.0,-645.0766666666666,180.0,-112.6916666666666,-112.6916666666666,1950.0,-909.5833333333334,-864.375
3916,1722.8166666666666,292.8333333333333,-569.2958333333333,475.0,-655.4366666666667,180.0,-138.5916666666667,-138.5916666666667,1950.0,-902.3888888888889,-853.5833333333334
3917,1522.85,265.4166666666667,-619.2875,475.0,-695.4300000000001,180.0,-238.57500000000005,-238.57500000000005,1950.0,-911.5277777777778,-867.2916666666666
3918,2169.475,287.2916666666667,-457.63125,475.0,-566.105,180.0,84.73749999999995,84.73749999999995,1950.0,-904.2361111111111,-856.3541666666666
3919,2387.175,280.875,-403.20624999999995,475.0,-522.5649999999999,180.0,193.5875000000001,193.5875000000001,1950.0,-906.375,-859.5625
3920,2313.4416666666666,288.4583333333333,-421.63958333333335,475.0,-537.3116666666667,180.0,156.7208333333333,156.7208333333333,1950.0,-903.8472222222222,-855.7708333333334
3921,1721.1833333333332,285.25,-569.7041666666667,475.0,-655.7633333333333,180.0,-139.40833333333342,-139.40833333333342,1950.0,-904.9166666666666,-857.375
3922,1937.5416666666667,360.7916666666667,-515.6145833333333,475.0,-612.4916666666667,180.0,-31.22916666666663,-31.22916666666663,1950.0,-879.7361111111111,-819.6041666666666
3923,1971.9583333333333,335.7083333333333,-507.0104166666667,475.0,-605.6083333333333,180.0,-14.020833333333371,-14.020833333333371,1950.0,-888.0972222222222,-832.1458333333334
3924,2182.6,260.75,-454.35,475.0,-563.48,180.0,91.29999999999995,91.29999999999995,1950.0,-913.0833333333334,-869.625
3925,2039.158333333333,258.125,-490.21041666666673,475.0,-592.1683333333334,180.0,19.579166666666538,19.579166666666538,1950.0,-913.9583333333334,-870.9375
3926,1872.325,289.625,-531.91875,475.0,-625.535,180.0,-63.83749999999998,-63.83749999999998,1950.0,-903.4583333333334,-855.1875
3927,2201.675,303.625,-449.58124999999995,475.0,-559.665,180.0,100.83750000000009,100.83750000000009,1950.0,-898.7916666666666,-848.1875
3928,1522.6166666666668,217.5833333333333,-619.3458333333333,475.0,-695.4766666666667,180.0,-238.6916666666666,-238.6916666666666,1950.0,-927.4722222222223,-891.2083333333334
3929,1895.6,320.83333333333337,-526.1,475.0,-620.88,180.0,-52.200000000000045,-52.200000000000045,1950.0,-893.0555555555555,-839.5833333333333
3930,1921.9083333333333,299.5416666666667,-519.5229166666667,475.0,-615.6183333333333,180.0,-39.04583333333335,-39.04583333333335,1950.0,-900.1527777777778,-850.2291666666666
3931,1291.15,168.58333333333334,-677.2125,475.0,-741.77,180.0,-354.42499999999995,-354.42499999999995,1950.0,-943.8055555555555,-915.7083333333334
3932,1999.7833333333333,278.25,-500.0541666666667,475.0,-600.0433333333333,180.0,-0.10833333333334849,-0.10833333333334849,1950.0,-907.25,-860.875
3933,2200.8,322.5833333333333,-449.79999999999995,475.0,-559.8399999999999,180.0,100.40000000000009,100.40000000000009,1950.0,-892.4722222222222,-838.7083333333334
3934,1307.8333333333337,217.0,-673.0416666666665,475.0,-738.4333333333333,180.0,-346.08333333333314,-346.08333333333314,1950.0,-927.6666666666666,-891.5
3935,2177.116666666667,316.75,-455.7208333333333,475.0,-564.5766666666666,180.0,88.5583333333334,88.5583333333334,1950.0,-894.4166666666666,-841.625
3936,2191.8166666666666,275.9166666666667,-452.04583333333335,475.0,-561.6366666666667,180.0,95.9083333333333,95.9083333333333,1950.0,-908.0277777777778,-862.0416666666666
3937,1693.4749999999997,267.4583333333333,-576.6312500000001,475.0,-661.3050000000001,180.0,-153.26250000000016,-153.26250000000016,1950.0,-910.8472222222222,-866.2708333333334
3938,2305.333333333333,341.83333333333337,-423.66666666666674,475.0,-538.9333333333334,180.0,152.66666666666652,152.66666666666652,1950.0,-886.0555555555555,-829.0833333333333
3939,1955.6833333333327,301.5833333333333,-511.0791666666668,475.0,-608.8633333333335,180.0,-22.158333333333644,-22.158333333333644,1950.0,-899.4722222222222,-849.2083333333334
3940,2332.5166666666664,301.5833333333333,-416.8708333333334,475.0,-533.4966666666667,180.0,166.2583333333332,166.2583333333332,1950.0,-899.4722222222222,-849.2083333333334
3941,1447.0166666666669,249.0833333333333,-638.2458333333333,475.0,-710.5966666666666,180.0,-276.49166666666656,-276.49166666666656,1950.0,-916.9722222222223,-875.4583333333334
3942,1647.5083333333334,304.7916666666667,-588.1229166666667,475.0,-670.4983333333333,180.0,-176.24583333333328,-176.24583333333328,1950.0,-898.4027777777778,-847.6041666666666
3943,1726.9583333333333,269.2083333333333,-568.2604166666667,475.0,-654.6083333333333,180.0,-136.52083333333337,-136.52083333333337,1950.0,-910.2638888888889,-865.3958333333334
3944,1940.3416666666667,260.45833333333337,-514.9145833333333,475.0,-611.9316666666666,180.0,-29.82916666666665,-29.82916666666665,1950.0,-913.1805555555555,-869.7708333333333
3945,1880.0833333333333,273.58333333333337,-529.9791666666667,475.0,-623.9833333333333,180.0,-59.95833333333337,-59.95833333333337,1950.0,-908.8055555555555,-863.2083333333333
3946,1666.875,209.125,-583.28125,475.0,-666.625,180.0,-166.5625,-166.5625,1950.0,-930.2916666666666,-895.4375
3947,2165.975,303.625,-458.50625,475.0,-566.8050000000001,180.0,82.98749999999995,82.98749999999995,1950.0,-898.7916666666666,-848.1875
3948,1762.6583333333333,219.625,-559.3354166666667,475.0,-647.4683333333334,180.0,-118.67083333333335,-118.67083333333335,1950.0,-926.7916666666666,-890.1875
3949,1795.2083333333337,258.125,-551.1979166666665,475.0,-640.9583333333333,180.0,-102.39583333333314,-102.39583333333314,1950.0,-913.9583333333334,-870.9375
3950,2031.8083333333332,318.20833333333337,-492.0479166666667,475.0,-593.6383333333333,180.0,15.904166666666583,15.904166666666583,1950.0,-893.9305555555555,-840.8958333333333
3951,2123.3916666666664,251.125,-469.1520833333334,475.0,-575.3216666666667,180.0,61.69583333333321,61.69583333333321,1950.0,-916.2916666666666,-874.4375
3952,2170.7,340.0833333333333,-457.32500000000005,475.0,-565.86,180.0,85.34999999999991,85.34999999999991,1950.0,-886.6388888888889,-829.9583333333334
3953,1472.5083333333334,248.79166666666663,-631.8729166666667,475.0,-705.4983333333333,180.0,-263.7458333333333,-263.7458333333333,1950.0,-917.0694444444445,-875.6041666666667
3954,2024.8083333333327,350.875,-493.7979166666668,475.0,-595.0383333333334,180.0,12.404166666666356,12.404166666666356,1950.0,-883.0416666666666,-824.5625
3955,2057.008333333333,277.9583333333333,-485.7479166666667,475.0,-588.5983333333334,180.0,28.504166666666606,28.504166666666606,1950.0,-907.3472222222222,-861.0208333333334
3956,1635.4916666666666,211.45833333333331,-591.1270833333333,475.0,-672.9016666666666,180.0,-182.25416666666672,-182.25416666666672,1950.0,-929.5138888888889,-894.2708333333334
3957,1908.9583333333333,252.875,-522.7604166666667,475.0,-618.2083333333334,180.0,-45.52083333333337,-45.52083333333337,1950.0,-915.7083333333334,-873.5625
3958,1925.8166666666664,307.4166666666667,-518.5458333333333,475.0,-614.8366666666667,180.0,-37.09166666666681,-37.09166666666681,1950.0,-897.5277777777778,-846.2916666666666
3959,2010.3416666666667,241.2083333333333,-497.4145833333333,475.0,-597.9316666666666,180.0,5.1708333333333485,5.1708333333333485,1950.0,-919.5972222222223,-879.3958333333334
3960,1618.225,261.625,-595.44375,475.0,-676.355,180.0,-190.88750000000005,-190.88750000000005,1950.0,-912.7916666666666,-869.1875
3961,1748.425,237.125,-562.89375,475.0,-650.315,180.0,-125.78750000000002,-125.78750000000002,1950.0,-920.9583333333334,-881.4375
3962,2101.458333333333,256.9583333333333,-474.63541666666674,475.0,-579.7083333333334,180.0,50.729166666666515,50.729166666666515,1950.0,-914.3472222222222,-871.5208333333334
3963,1713.6583333333333,259.875,-571.5854166666667,475.0,-657.2683333333333,180.0,-143.17083333333335,-143.17083333333335,1950.0,-913.375,-870.0625
3964,1762.0166666666669,197.16666666666669,-559.4958333333333,475.0,-647.5966666666666,180.0,-118.99166666666656,-118.99166666666656,1950.0,-934.2777777777778,-901.4166666666666
3965,1747.0833333333337,289.33333333333337,-563.2291666666665,475.0,-650.5833333333333,180.0,-126.45833333333314,-126.45833333333314,1950.0,-903.5555555555555,-855.3333333333333
3966,1722.0583333333332,226.625,-569.4854166666667,475.0,-655.5883333333334,180.0,-138.97083333333342,-138.97083333333342,1950.0,-924.4583333333334,-886.6875
3967,1624.525,234.20833333333331,-593.86875,475.0,-675.095,180.0,-187.73749999999995,-187.73749999999995,1950.0,-921.9305555555555,-882.8958333333334
3968,1954.2833333333333,312.0833333333333,-511.4291666666667,475.0,-609.1433333333333,180.0,-22.85833333333335,-22.85833333333335,1950.0,-895.9722222222222,-843.9583333333334
3969,1783.0166666666664,257.83333333333337,-554.2458333333334,475.0,-643.3966666666668,180.0,-108.49166666666679,-108.49166666666679,1950.0,-914.0555555555555,-871.0833333333333
3970,2208.15,312.0833333333333,-447.9625,475.0,-558.37,180.0,104.07500000000005,104.07500000000005,1950.0,-895.9722222222222,-843.9583333333334
3971,1524.6583333333333,189.875,-618.8354166666667,475.0,-695.0683333333334,180.0,-237.67083333333335,-237.67083333333335,1950.0,-936.7083333333334,-905.0625
3972,1852.025,263.375,-536.99375,475.0,-629.595,180.0,-73.98749999999995,-73.98749999999995,1950.0,-912.2083333333334,-868.3125
3973,1859.6666666666663,292.8333333333333,-535.0833333333335,475.0,-628.0666666666667,180.0,-70.16666666666686,-70.16666666666686,1950.0,-902.3888888888889,-853.5833333333334
3974,1860.775,252.29166666666669,-534.80625,475.0,-627.845,180.0,-69.61249999999995,-69.61249999999995,1950.0,-915.9027777777778,-873.8541666666666
3975,1619.3916666666669,242.95833333333331,-595.1520833333333,475.0,-676.1216666666667,180.0,-190.30416666666656,-190.30416666666656,1950.0,-919.0138888888889,-878.5208333333334
3976,1984.7916666666667,289.0416666666667,-503.8020833333333,475.0,-603.0416666666666,180.0,-7.604166666666629,-7.604166666666629,1950.0,-903.6527777777778,-855.4791666666666
3977,1585.6166666666666,221.08333333333331,-603.5958333333333,475.0,-682.8766666666667,180.0,-207.19166666666672,-207.19166666666672,1950.0,-926.3055555555555,-889.4583333333334
3978,1289.05,214.08333333333331,-677.7375,475.0,-742.19,180.0,-355.475,-355.475,1950.0,-928.6388888888889,-892.9583333333334
3979,2436.4666666666667,340.0833333333333,-390.8833333333333,475.0,-512.7066666666667,180.0,218.23333333333335,218.23333333333335,1950.0,-886.6388888888889,-829.9583333333334
3980,1842.1083333333331,233.625,-539.4729166666667,475.0,-631.5783333333334,180.0,-78.94583333333344,-78.94583333333344,1950.0,-922.125,-883.1875
3981,1954.1666666666663,298.0833333333333,-511.4583333333334,475.0,-609.1666666666667,180.0,-22.916666666666856,-22.916666666666856,1950.0,-900.6388888888889,-850.9583333333334
3982,1707.5916666666667,265.70833333333337,-573.1020833333333,475.0,-658.4816666666667,180.0,-146.20416666666665,-146.20416666666665,1950.0,-911.4305555555555,-867.1458333333333
3983,1841.525,322.29166666666663,-539.61875,475.0,-631.6949999999999,180.0,-79.23749999999995,-79.23749999999995,1950.0,-892.5694444444445,-838.8541666666667
3984,1758.75,281.1666666666667,-560.3125,475.0,-648.25,180.0,-120.625,-120.625,1950.0,-906.2777777777778,-859.4166666666666
3985,2005.733333333333,278.25,-498.5666666666668,475.0,-598.8533333333335,180.0,2.866666666666447,2.866666666666447,1950.0,-907.25,-860.875
3986,2150.75,276.5,-462.3125,475.0,-569.85,180.0,75.375,75.375,1950.0,-907.8333333333334,-861.75
3987,1307.7166666666667,262.5,-673.0708333333333,475.0,-738.4566666666667,180.0,-346.14166666666665,-346.14166666666665,1950.0,-912.5,-868.75
3988,1921.9083333333333,309.4583333333333,-519.5229166666667,475.0,-615.6183333333333,180.0,-39.04583333333335,-39.04583333333335,1950.0,-896.8472222222222,-845.2708333333334
3989,2016.35,253.16666666666663,-495.9125,475.0,-596.73,180.0,8.174999999999955,8.174999999999955,1950.0,-915.6111111111111,-873.4166666666667
3990,1496.425,223.125,-625.89375,475.0,-700.715,180.0,-251.78750000000002,-251.78750000000002,1950.0,-925.625,-888.4375
3991,1427.4166666666663,197.75,-643.1458333333335,475.0,-714.5166666666668,180.0,-286.29166666666686,-286.29166666666686,1950.0,-934.0833333333334,-901.125
3992,1852.025,273.2916666666667,-536.99375,475.0,-629.595,180.0,-73.98749999999995,-73.98749999999995,1950.0,-908.9027777777778,-863.3541666666666
3993,2207.625,303.625,-448.09375,475.0,-558.475,180.0,103.8125,103.8125,1950.0,-898.7916666666666,-848.1875
3994,2161.133333333333,292.8333333333333,-459.7166666666667,475.0,-567.7733333333333,180.0,80.5666666666666,80.5666666666666,1950.0,-902.3888888888889,-853.5833333333334
3995,1565.2,240.33333333333331,-608.7,475.0,-686.96,180.0,-217.39999999999998,-217.39999999999998,1950.0,-919.8888888888889,-879.8333333333334
3996,1966.8833333333328,336.58333333333337,-508.2791666666668,475.0,-606.6233333333334,180.0,-16.55833333333362,-16.55833333333362,1950.0,-887.8055555555555,-831.7083333333333
3997,1896.825,314.125,-525.79375,475.0,-620.635,180.0,-51.58749999999998,-51.58749999999998,1950.0,-895.2916666666666,-842.9375
3998,2089.383333333333,280.5833333333333,-477.6541666666667,475.0,-582.1233333333333,180.0,44.691666666666606,44.691666666666606,1950.0,-906.4722222222222,-859.7083333333334
3999,1562.6916666666666,202.125,-609.3270833333333,475.0,-687.4616666666667,180.0,-218.6541666666667,-218.6541666666667,1950.0,-932.625,-898.9375
4000,1843.1,278.25,-539.225,475.0,-631.38,180.0,-78.45000000000005,-78.45000000000005,1950.0,-907.25,-860.875
