replica,receita_alt3,receita_alt2,margem_alt3_sem_piso_pr09_4,margem_alt3_com_piso_pr09_4,margem_alt3_sem_piso_pr09_5,margem_alt3_com_piso_pr09_5,margem_alt3_sem_piso_frota_nec,margem_alt3_sem_piso_frota_banda,margem_alt3_com_piso_frota_nec,margem_alt2_sem_piso_slide14_pap,margem_alt2_sem_piso_frota_nec
1,2175.7105263157896,390.7105263157895,-456.0723684210526,475.0,-564.8578947368421,180.0,87.8552631578948,1175.7105263157896,1950.0,-869.7631578947369,-804.6447368421052
2,2312.9289473684207,402.0394736842105,-421.7677631578948,475.0,-537.4142105263159,180.0,156.46447368421036,1312.9289473684207,1950.0,-865.9868421052631,-798.9802631578948
3,2277.726315789474,381.8684210526316,-430.5684210526315,475.0,-544.4547368421051,180.0,138.86315789473701,1277.726315789474,1950.0,-872.7105263157895,-809.0657894736842
4,2353.823684210526,395.9605263157895,-411.54407894736846,475.0,-529.2352631578948,180.0,176.91184210526308,1353.8236842105262,1950.0,-868.0131578947369,-802.0197368421052
5,2339.51052631579,402.3157894736842,-415.12236842105256,475.0,-532.097894736842,180.0,169.7552631578949,1339.5105263157898,1950.0,-865.8947368421052,-798.8421052631579
6,2228.707894736842,394.8552631578948,-442.82302631578955,475.0,-554.2584210526317,180.0,114.3539473684209,1228.7078947368418,1950.0,-868.3815789473684,-802.5723684210526
7,2453.297368421053,401.4868421052632,-386.6756578947368,475.0,-509.3405263157894,180.0,226.64868421052643,1453.2973684210529,1950.0,-866.171052631579,-799.2565789473684
8,2243.076315789473,343.4605263157895,-439.23092105263174,475.0,-551.3847368421054,180.0,121.53815789473651,1243.076315789473,1950.0,-885.5131578947369,-828.2697368421052
9,2020.4763157894736,415.8552631578948,-494.8809210526316,475.0,-595.9047368421053,180.0,10.238157894736787,1020.4763157894736,1950.0,-861.3815789473684,-792.0723684210526
10,2101.326315789473,427.1842105263158,-474.66842105263174,475.0,-579.7347368421053,180.0,50.663157894736514,1101.326315789473,1950.0,-857.6052631578948,-786.4078947368421
11,2185.823684210526,359.4868421052632,-453.54407894736846,475.0,-562.8352631578948,180.0,92.91184210526308,1185.8236842105262,1950.0,-880.171052631579,-820.2565789473684
12,2136.0315789473684,401.7631578947368,-465.9921052631579,475.0,-572.7936842105263,180.0,68.01578947368421,1136.0315789473684,1950.0,-866.078947368421,-799.1184210526316
13,2145.2605263157893,424.1447368421052,-463.68486842105267,475.0,-570.9478947368422,180.0,72.63026315789466,1145.2605263157893,1950.0,-858.6184210526316,-787.9276315789474
14,2246.4473684210525,433.2631578947368,-438.3881578947369,475.0,-550.7105263157895,180.0,123.22368421052624,1246.4473684210525,1950.0,-855.578947368421,-783.3684210526316
15,2406.102631578948,403.1447368421052,-398.47434210526296,475.0,-518.7794736842104,180.0,203.05131578947407,1406.1026315789481,1950.0,-865.6184210526316,-798.4276315789474
16,2123.2105263157896,357.0,-469.1973684210526,475.0,-575.3578947368421,180.0,61.6052631578948,1123.2105263157896,1950.0,-881.0,-821.5
17,2097.3473684210526,438.2368421052632,-475.66315789473686,475.0,-580.5305263157895,180.0,48.67368421052629,1097.3473684210526,1950.0,-853.921052631579,-780.8815789473684
18,2417.1,402.8684210526316,-395.725,475.0,-516.58,180.0,208.54999999999995,1417.1,1950.0,-865.7105263157895,-798.5657894736842
19,2332.271052631579,346.2236842105263,-416.9322368421052,475.0,-533.5457894736842,180.0,166.13552631578955,1332.271052631579,1950.0,-884.5921052631579,-826.8881578947369
20,2166.536842105263,426.6315789473684,-458.36578947368423,475.0,-566.6926315789474,180.0,83.26842105263154,1166.536842105263,1950.0,-857.7894736842105,-786.6842105263158
21,2059.436842105263,398.4473684210526,-485.1407894736842,475.0,-588.1126315789473,180.0,29.718421052631584,1059.4368421052632,1950.0,-867.1842105263158,-800.7763157894738
22,2093.202631578948,358.9342105263158,-476.699342105263,475.0,-581.3594736842103,180.0,46.60131578947403,1093.202631578948,1950.0,-880.3552631578948,-820.5328947368421
23,2215.610526315789,396.7894736842105,-446.0973684210528,475.0,-556.8778947368422,180.0,107.80526315789439,1215.6105263157888,1950.0,-867.7368421052631,-801.6052631578948
24,2176.8710526315786,337.3815789473684,-455.78223684210536,475.0,-564.6257894736843,180.0,88.43552631578928,1176.8710526315786,1950.0,-887.5394736842105,-831.3092105263158
25,2414.336842105263,371.9210526315789,-396.4157894736843,475.0,-517.1326315789474,180.0,207.1684210526314,1414.3368421052628,1950.0,-876.0263157894738,-814.0394736842105
26,2490.6552631578948,374.9605263157895,-377.3361842105263,475.0,-501.86894736842106,180.0,245.32763157894738,1490.6552631578948,1950.0,-875.0131578947369,-812.5197368421052
27,2238.710526315789,425.5263157894737,-440.3223684210527,475.0,-552.2578947368422,180.0,119.35526315789457,1238.7105263157891,1950.0,-858.1578947368421,-787.2368421052631
28,2295.4105263157894,390.1578947368421,-426.14736842105265,475.0,-540.9178947368421,180.0,147.7052631578947,1295.4105263157894,1950.0,-869.9473684210526,-804.921052631579
29,2366.58947368421,382.4210526315789,-408.35263157894747,475.0,-526.682105263158,180.0,183.29473684210507,1366.5894736842101,1950.0,-872.5263157894738,-808.7894736842105
30,2196.6000000000004,407.8421052631579,-450.8499999999999,475.0,-560.68,180.0,98.30000000000018,1196.6000000000004,1950.0,-864.0526315789474,-796.078947368421
31,2154.213157894737,361.6973684210526,-461.44671052631577,475.0,-569.1573684210526,180.0,77.10657894736846,1154.213157894737,1950.0,-879.4342105263158,-819.1513157894738
32,2330.060526315789,372.1973684210526,-417.48486842105274,475.0,-533.9878947368422,180.0,165.03026315789452,1330.060526315789,1950.0,-875.9342105263158,-813.9013157894738
33,2034.4026315789472,377.1710526315789,-491.3993421052632,475.0,-593.1194736842106,180.0,17.201315789473597,1034.4026315789472,1950.0,-874.2763157894738,-811.4144736842105
34,2232.7973684210524,453.4342105263158,-441.8006578947369,475.0,-553.4405263157895,180.0,116.3986842105262,1232.7973684210524,1950.0,-848.8552631578948,-773.2828947368421
35,2168.968421052632,370.8157894736842,-457.757894736842,475.0,-566.2063157894736,180.0,84.48421052631602,1168.968421052632,1950.0,-876.3947368421052,-814.5921052631579
36,2060.044736842105,429.1184210526316,-484.98881578947373,475.0,-587.991052631579,180.0,30.022368421052533,1060.044736842105,1950.0,-856.9605263157895,-785.4407894736842
37,2345.036842105263,398.4473684210526,-413.74078947368423,475.0,-530.9926315789473,180.0,172.51842105263154,1345.036842105263,1950.0,-867.1842105263158,-800.7763157894738
38,2679.4894736842107,417.2368421052632,-330.12763157894733,475.0,-464.1021052631579,180.0,339.74473684210534,1679.4894736842107,1950.0,-860.921052631579,-791.3815789473684
39,2267.944736842105,387.1184210526316,-433.0138157894737,475.0,-546.411052631579,180.0,133.97236842105258,1267.9447368421052,1950.0,-870.9605263157895,-806.4407894736842
40,2395.657894736842,460.3421052631579,-401.0855263157895,475.0,-520.8684210526316,180.0,197.82894736842104,1395.657894736842,1950.0,-846.5526315789474,-769.828947368421
41,2179.523684210526,373.8552631578948,-455.1190789473685,475.0,-564.0952631578948,180.0,89.76184210526299,1179.523684210526,1950.0,-875.3815789473684,-813.0723684210526
42,2299.942105263158,351.4736842105263,-425.01447368421054,475.0,-540.0115789473684,180.0,149.9710526315789,1299.9421052631578,1950.0,-882.8421052631579,-824.2631578947369
43,2201.684210526316,426.0789473684211,-449.57894736842104,475.0,-559.6631578947369,180.0,100.84210526315792,1201.6842105263158,1950.0,-857.9736842105262,-786.9605263157895
44,2420.194736842105,407.8421052631579,-394.9513157894737,475.0,-515.9610526315789,180.0,210.09736842105258,1420.1947368421052,1950.0,-864.0526315789474,-796.078947368421
45,2177.644736842105,383.25,-455.58881578947376,475.0,-564.471052631579,180.0,88.82236842105249,1177.644736842105,1950.0,-872.25,-808.375
46,2321.4947368421053,401.2105263157895,-419.62631578947367,475.0,-535.7010526315789,180.0,160.74736842105267,1321.4947368421053,1950.0,-866.2631578947369,-799.3947368421052
47,2311.768421052632,408.3947368421052,-422.05789473684194,475.0,-537.6463157894735,180.0,155.8842105263161,1311.7684210526322,1950.0,-863.8684210526316,-795.8026315789474
48,2381.731578947368,339.3157894736842,-404.56710526315806,475.0,-523.6536842105264,180.0,190.8657894736839,1381.7315789473678,1950.0,-886.8947368421052,-830.3421052631579
49,2274.7973684210524,363.9078947368421,-431.3006578947369,475.0,-545.0405263157895,180.0,137.3986842105262,1274.7973684210524,1950.0,-878.6973684210526,-818.046052631579
50,2086.515789473684,416.1315789473684,-478.371052631579,475.0,-582.6968421052632,180.0,43.25789473684199,1086.515789473684,1950.0,-861.2894736842105,-791.9342105263158
51,2164.823684210526,441.8289473684211,-458.79407894736846,475.0,-567.0352631578947,180.0,82.41184210526308,1164.8236842105262,1950.0,-852.7236842105262,-779.0855263157895
52,2111.1078947368424,403.1447368421052,-472.2230263157894,475.0,-577.7784210526315,180.0,55.55394736842118,1111.1078947368424,1950.0,-865.6184210526316,-798.4276315789474
53,2438.8184210526315,402.0394736842105,-390.2953947368421,475.0,-512.2363157894737,180.0,219.40921052631575,1438.8184210526315,1950.0,-865.9868421052631,-798.9802631578948
54,2217.2684210526318,360.8684210526316,-445.68289473684206,475.0,-556.5463157894736,180.0,108.63421052631588,1217.2684210526318,1950.0,-879.7105263157895,-819.5657894736842
55,2049.378947368421,394.0263157894737,-487.65526315789475,475.0,-590.1242105263158,180.0,24.689473684210498,1049.378947368421,1950.0,-868.6578947368421,-802.9868421052631
56,2307.678947368421,359.2105263157895,-423.0802631578947,475.0,-538.4642105263158,180.0,153.8394736842106,1307.6789473684212,1950.0,-880.2631578947369,-820.3947368421052
57,2344.5394736842104,437.4078947368421,-413.8651315789474,475.0,-531.0921052631579,180.0,172.2697368421052,1344.5394736842104,1950.0,-854.1973684210526,-781.296052631579
58,2308.231578947368,387.9473684210526,-422.94210526315806,475.0,-538.3536842105265,180.0,154.1157894736839,1308.2315789473678,1950.0,-870.6842105263158,-806.0263157894738
59,2197.7052631578945,390.1578947368421,-450.5736842105264,475.0,-560.4589473684211,180.0,98.85263157894724,1197.7052631578945,1950.0,-869.9473684210526,-804.921052631579
60,2209.08947368421,356.4473684210526,-447.72763157894747,475.0,-558.182105263158,180.0,104.54473684210507,1209.0894736842101,1950.0,-881.1842105263158,-821.7763157894738
61,2104.144736842105,394.3026315789474,-473.96381578947376,475.0,-579.171052631579,180.0,52.07236842105249,1104.144736842105,1950.0,-868.5657894736842,-802.8486842105262
62,2206.878947368421,410.6052631578948,-448.28026315789475,475.0,-558.6242105263158,180.0,103.4394736842105,1206.878947368421,1950.0,-863.1315789473684,-794.6973684210526
63,2311.436842105263,406.1842105263158,-422.1407894736842,475.0,-537.7126315789474,180.0,155.71842105263158,1311.4368421052632,1950.0,-864.6052631578948,-796.9078947368421
64,2232.2447368421053,377.7236842105263,-441.93881578947367,475.0,-553.551052631579,180.0,116.12236842105267,1232.2447368421053,1950.0,-874.0921052631579,-811.1381578947369
65,2388.252631578948,398.4473684210526,-402.93684210526305,475.0,-522.3494736842105,180.0,194.1263157894739,1388.2526315789478,1950.0,-867.1842105263158,-800.7763157894738
66,2382.5052631578947,432.1578947368421,-404.37368421052633,475.0,-523.4989473684211,180.0,191.25263157894733,1382.5052631578947,1950.0,-855.9473684210526,-783.921052631579
67,2313.536842105263,432.7105263157895,-421.61578947368423,475.0,-537.2926315789474,180.0,156.76842105263154,1313.536842105263,1950.0,-855.7631578947369,-783.6447368421052
68,2174.826315789473,425.5263157894737,-456.29342105263174,475.0,-565.0347368421054,180.0,87.41315789473651,1174.826315789473,1950.0,-858.1578947368421,-787.2368421052631
69,2271.6473684210523,422.7631578947368,-432.0881578947369,475.0,-545.6705263157895,180.0,135.82368421052615,1271.6473684210523,1950.0,-859.078947368421,-788.6184210526316
70,2284.523684210526,403.6973684210526,-428.8690789473685,475.0,-543.0952631578948,180.0,142.26184210526299,1284.523684210526,1950.0,-865.4342105263158,-798.1513157894738
71,2247.386842105263,419.1710526315789,-438.15328947368425,475.0,-550.5226315789474,180.0,123.69342105263149,1247.386842105263,1950.0,-860.2763157894738,-790.4144736842105
72,2347.2473684210527,391.2631578947368,-413.18815789473683,475.0,-530.5505263157895,180.0,173.62368421052633,1347.2473684210527,1950.0,-869.578947368421,-804.3684210526316
73,2183.0052631578947,345.3947368421052,-454.24868421052633,475.0,-563.3989473684211,180.0,91.50263157894733,1183.0052631578947,1950.0,-884.8684210526316,-827.3026315789474
74,2298.5052631578947,404.5263157894737,-425.37368421052633,475.0,-540.2989473684211,180.0,149.25263157894733,1298.5052631578947,1950.0,-865.1578947368421,-797.7368421052631
75,2267.8894736842103,375.7894736842105,-433.0276315789474,475.0,-546.422105263158,180.0,133.94473684210516,1267.8894736842103,1950.0,-874.7368421052631,-812.1052631578948
76,2147.415789473684,415.0263157894737,-463.146052631579,475.0,-570.5168421052632,180.0,73.70789473684204,1147.415789473684,1950.0,-861.6578947368421,-792.4868421052631
77,2113.871052631579,434.0921052631579,-471.53223684210525,475.0,-577.2257894736842,180.0,56.9355263157895,1113.871052631579,1950.0,-855.3026315789474,-782.953947368421
78,2488.5552631578944,339.0394736842105,-377.8611842105264,475.0,-502.28894736842113,180.0,244.2776315789472,1488.5552631578944,1950.0,-886.9868421052631,-830.4802631578948
79,2279.4947368421053,378.0,-430.12631578947367,475.0,-544.1010526315789,180.0,139.74736842105267,1279.4947368421053,1950.0,-874.0,-811.0
80,2135.810526315789,394.0263157894737,-466.04736842105274,475.0,-572.8378947368421,180.0,67.90526315789452,1135.810526315789,1950.0,-868.6578947368421,-802.9868421052631
81,2281.484210526316,391.2631578947368,-429.628947368421,475.0,-543.7031578947368,180.0,140.742105263158,1281.484210526316,1950.0,-869.578947368421,-804.3684210526316
82,2190.6315789473683,424.4210526315789,-452.3421052631579,475.0,-561.8736842105263,180.0,95.31578947368416,1190.6315789473683,1950.0,-858.5263157894738,-787.7894736842105
83,2165.044736842105,411.9868421052632,-458.73881578947373,475.0,-566.991052631579,180.0,82.52236842105253,1165.044736842105,1950.0,-862.671052631579,-794.0065789473684
84,2195.218421052632,434.6447368421052,-451.195394736842,475.0,-560.9563157894736,180.0,97.60921052631602,1195.218421052632,1950.0,-855.1184210526316,-782.6776315789474
85,2356.9184210526314,325.7763157894737,-410.77039473684215,475.0,-528.6163157894737,180.0,178.4592105263157,1356.9184210526314,1950.0,-891.4078947368421,-837.1118421052631
86,2169.2447368421053,436.8552631578948,-457.68881578947367,475.0,-566.151052631579,180.0,84.62236842105267,1169.2447368421053,1950.0,-854.3815789473684,-781.5723684210526
87,2285.4631578947365,408.3947368421052,-428.6342105263159,475.0,-542.9073684210528,180.0,142.73157894736823,1285.4631578947365,1950.0,-863.8684210526316,-795.8026315789474
88,2201.242105263158,410.6052631578948,-449.6894736842105,475.0,-559.7515789473684,180.0,100.621052631579,1201.242105263158,1950.0,-863.1315789473684,-794.6973684210526
89,2032.3026315789475,378.8289473684211,-491.9243421052631,475.0,-593.5394736842105,180.0,16.151315789473756,1032.3026315789475,1950.0,-873.7236842105262,-810.5855263157895
90,2292.205263157895,390.7105263157895,-426.94868421052627,475.0,-541.5589473684211,180.0,146.10263157894747,1292.205263157895,1950.0,-869.7631578947369,-804.6447368421052
91,2386.0973684210526,416.9605263157895,-403.47565789473686,475.0,-522.7805263157895,180.0,193.0486842105263,1386.0973684210526,1950.0,-861.0131578947369,-791.5197368421052
92,2054.9052631578948,455.9210526315789,-486.2736842105263,475.0,-589.0189473684211,180.0,27.452631578947376,1054.9052631578948,1950.0,-848.0263157894738,-772.0394736842105
93,2254.571052631579,454.5394736842105,-436.3572368421053,475.0,-549.0857894736843,180.0,127.28552631578941,1254.5710526315788,1950.0,-848.4868421052631,-772.7302631578948
94,2239.0421052631577,408.9473684210526,-440.23947368421057,475.0,-552.1915789473685,180.0,119.52105263157887,1239.0421052631577,1950.0,-863.6842105263158,-795.5263157894738
95,2147.028947368421,420.2763157894737,-463.24276315789473,475.0,-570.5942105263158,180.0,73.51447368421054,1147.028947368421,1950.0,-859.9078947368421,-789.8618421052631
96,2261.423684210526,450.1184210526316,-434.6440789473685,475.0,-547.7152631578948,180.0,130.71184210526303,1261.423684210526,1950.0,-849.9605263157895,-774.9407894736842
97,2107.9026315789474,366.1184210526316,-473.02434210526314,475.0,-578.4194736842105,180.0,53.95131578947371,1107.9026315789474,1950.0,-877.9605263157895,-816.9407894736842
98,2203.95,355.0657894736842,-449.01250000000005,475.0,-559.21,180.0,101.97499999999991,1203.9499999999998,1950.0,-881.6447368421052,-822.4671052631579
99,2262.6394736842103,351.75,-434.3401315789474,475.0,-547.4721052631579,180.0,131.31973684210516,1262.6394736842103,1950.0,-882.75,-824.125
100,2451.0868421052637,399.2763157894737,-387.2282894736841,475.0,-509.78263157894725,180.0,225.54342105263186,1451.0868421052637,1950.0,-866.9078947368421,-800.3618421052631
101,2330.557894736842,389.6052631578948,-417.36052631578946,475.0,-533.8884210526315,180.0,165.2789473684211,1330.5578947368422,1950.0,-870.1315789473684,-805.1973684210526
102,2313.481578947368,402.5921052631579,-421.62960526315806,475.0,-537.3036842105264,180.0,156.7407894736839,1313.4815789473678,1950.0,-865.8026315789474,-798.703947368421
103,2417.7631578947367,369.7105263157895,-395.55921052631584,475.0,-516.4473684210527,180.0,208.88157894736833,1417.7631578947367,1950.0,-876.7631578947369,-815.1447368421052
104,2438.321052631579,365.8421052631579,-390.4197368421053,475.0,-512.3357894736843,180.0,219.1605263157894,1438.3210526315788,1950.0,-878.0526315789474,-817.078947368421
105,2364.3236842105266,397.0657894736842,-408.91907894736835,475.0,-527.1352631578947,180.0,182.1618421052633,1364.3236842105266,1950.0,-867.6447368421052,-801.4671052631579
106,2322.7657894736844,426.9078947368421,-419.3085526315789,475.0,-535.4468421052632,180.0,161.38289473684222,1322.7657894736844,1950.0,-857.6973684210526,-786.546052631579
107,2340.284210526316,410.6052631578948,-414.92894736842095,475.0,-531.9431578947367,180.0,170.1421052631581,1340.2842105263162,1950.0,-863.1315789473684,-794.6973684210526
108,2177.865789473684,409.7763157894737,-455.533552631579,475.0,-564.4268421052632,180.0,88.93289473684194,1177.865789473684,1950.0,-863.4078947368421,-795.1118421052631
109,2313.0394736842104,349.5394736842105,-421.7401315789474,475.0,-537.3921052631579,180.0,156.5197368421052,1313.0394736842104,1950.0,-883.4868421052631,-825.2302631578948
110,2263.578947368421,441.0,-434.1052631578948,475.0,-547.2842105263159,180.0,131.7894736842104,1263.5789473684208,1950.0,-853.0,-779.5
111,2252.471052631579,456.1973684210526,-436.88223684210527,475.0,-549.5057894736842,180.0,126.23552631578946,1252.471052631579,1950.0,-847.9342105263158,-771.9013157894738
112,2098.3973684210528,381.0394736842105,-475.4006578947368,475.0,-580.3205263157895,180.0,49.19868421052638,1098.3973684210528,1950.0,-872.9868421052631,-809.4802631578948
113,2203.065789473684,389.8815789473684,-449.23355263157896,475.0,-559.3868421052632,180.0,101.53289473684208,1203.0657894736842,1950.0,-870.0394736842105,-805.0592105263158
114,2484.41052631579,438.2368421052632,-378.89736842105253,475.0,-503.117894736842,180.0,242.20526315789493,1484.4105263157899,1950.0,-853.921052631579,-780.8815789473684
115,2240.257894736842,451.5,-439.9355263157895,475.0,-551.9484210526316,180.0,120.128947368421,1240.257894736842,1950.0,-849.5,-774.25
116,2322.8763157894737,374.4078947368421,-419.2809210526316,475.0,-535.4247368421053,180.0,161.43815789473683,1322.8763157894737,1950.0,-875.1973684210526,-812.796052631579
117,2290.436842105263,413.3684210526316,-427.3907894736842,475.0,-541.9126315789474,180.0,145.21842105263158,1290.4368421052632,1950.0,-862.2105263157895,-793.3157894736842
118,2293.752631578948,407.2894736842105,-426.56184210526305,475.0,-541.2494736842104,180.0,146.8763157894739,1293.7526315789478,1950.0,-864.2368421052631,-796.3552631578948
119,2126.3605263157897,392.0921052631579,-468.4098684210526,475.0,-574.727894736842,180.0,63.18026315789484,1126.3605263157897,1950.0,-869.3026315789474,-803.953947368421
120,2369.9052631578943,451.5,-407.5236842105264,475.0,-526.0189473684211,180.0,184.95263157894715,1369.9052631578943,1950.0,-849.5,-774.25
121,2235.45,395.9605263157895,-441.13750000000005,475.0,-552.9100000000001,180.0,117.72499999999991,1235.4499999999998,1950.0,-868.0131578947369,-802.0197368421052
122,2085.4105263157894,424.4210526315789,-478.64736842105265,475.0,-582.9178947368421,180.0,42.705263157894706,1085.4105263157894,1950.0,-858.5263157894738,-787.7894736842105
123,2284.8,347.6052631578948,-428.79999999999995,475.0,-543.04,180.0,142.4000000000001,1284.8000000000002,1950.0,-884.1315789473684,-826.1973684210526
124,2417.652631578947,441.0,-395.58684210526326,475.0,-516.4694736842106,180.0,208.82631578947348,1417.652631578947,1950.0,-853.0,-779.5
125,2524.5868421052637,388.2236842105263,-368.8532894736841,475.0,-495.08263157894726,180.0,262.29342105263186,1524.5868421052637,1950.0,-870.5921052631579,-805.8881578947369
126,2181.402631578947,458.4078947368421,-454.64934210526326,475.0,-563.7194736842106,180.0,90.70131578947348,1181.402631578947,1950.0,-847.1973684210526,-770.796052631579
127,2403.8921052631576,419.7236842105263,-399.0269736842106,475.0,-519.2215789473685,180.0,201.94605263157882,1403.8921052631576,1950.0,-860.0921052631579,-790.1381578947369
128,2427.8763157894737,394.8552631578948,-393.0309210526316,475.0,-514.4247368421053,180.0,213.93815789473683,1427.8763157894737,1950.0,-868.3815789473684,-802.5723684210526
129,2159.9605263157896,440.7236842105263,-460.0098684210526,475.0,-568.0078947368421,180.0,79.9802631578948,1159.9605263157896,1950.0,-853.0921052631579,-779.6381578947369
130,2351.171052631579,406.4605263157895,-412.2072368421052,475.0,-529.7657894736842,180.0,175.5855263157896,1351.1710526315792,1950.0,-864.5131578947369,-796.7697368421052
131,1963.5,422.7631578947368,-509.125,475.0,-607.3,180.0,-18.25,963.5,1950.0,-859.078947368421,-788.6184210526316
132,2044.2947368421053,385.1842105263158,-488.9263157894737,475.0,-591.141052631579,180.0,22.147368421052647,1044.2947368421053,1950.0,-871.6052631578948,-807.4078947368421
133,2488.2236842105262,430.7763157894737,-377.94407894736844,475.0,-502.35526315789474,180.0,244.11184210526312,1488.2236842105262,1950.0,-856.4078947368421,-784.6118421052631
134,2395.1605263157894,367.7763157894737,-401.20986842105265,475.0,-520.9678947368421,180.0,197.5802631578947,1395.1605263157894,1950.0,-877.4078947368421,-816.1118421052631
135,2136.584210526316,392.9210526315789,-465.853947368421,475.0,-572.6831578947368,180.0,68.29210526315796,1136.584210526316,1950.0,-869.0263157894738,-803.5394736842105
136,2232.8526315789472,361.4210526315789,-441.7868421052632,475.0,-553.4294736842105,180.0,116.42631578947362,1232.8526315789472,1950.0,-879.5263157894738,-819.2894736842105
137,2208.4815789473687,457.3026315789474,-447.8796052631578,475.0,-558.3036842105263,180.0,104.24078947368434,1208.4815789473687,1950.0,-847.5657894736842,-771.3486842105262
138,2114.8657894736843,384.3552631578948,-471.2835526315789,475.0,-577.0268421052631,180.0,57.43289473684217,1114.8657894736843,1950.0,-871.8815789473684,-807.8223684210526
139,2316.521052631579,415.0263157894737,-420.8697368421052,475.0,-536.6957894736842,180.0,158.26052631578955,1316.521052631579,1950.0,-861.6578947368421,-792.4868421052631
140,2190.521052631579,382.9736842105263,-452.3697368421052,475.0,-561.8957894736842,180.0,95.26052631578955,1190.521052631579,1950.0,-872.3421052631579,-808.5131578947369
141,2517.623684210526,351.1973684210526,-370.59407894736853,475.0,-496.4752631578948,180.0,258.81184210526294,1517.6236842105259,1950.0,-882.9342105263158,-824.4013157894738
142,2287.618421052632,380.4868421052632,-428.09539473684197,475.0,-542.4763157894736,180.0,143.80921052631606,1287.6184210526321,1950.0,-873.171052631579,-809.7565789473684
143,2398.2552631578947,447.9078947368421,-400.43618421052633,475.0,-520.348947368421,180.0,199.12763157894733,1398.2552631578947,1950.0,-850.6973684210526,-776.046052631579
144,2578.2473684210527,396.7894736842105,-355.43815789473683,475.0,-484.35052631578947,180.0,289.12368421052633,1578.2473684210527,1950.0,-867.7368421052631,-801.6052631578948
145,2570.676315789474,376.0657894736842,-357.33092105263154,475.0,-485.86473684210523,180.0,285.3381578947369,1570.6763157894738,1950.0,-874.6447368421052,-811.9671052631579
146,2030.8105263157893,411.1578947368421,-492.2973684210527,475.0,-593.8378947368421,180.0,15.405263157894638,1030.8105263157893,1950.0,-862.9473684210526,-794.421052631579
147,2270.044736842105,338.4868421052632,-432.48881578947373,475.0,-545.991052631579,180.0,135.02236842105253,1270.044736842105,1950.0,-887.171052631579,-830.7565789473684
148,2244.3473684210526,387.9473684210526,-438.91315789473686,475.0,-551.1305263157894,180.0,122.17368421052629,1244.3473684210526,1950.0,-870.6842105263158,-806.0263157894738
149,2287.176315789474,374.4078947368421,-428.20592105263154,475.0,-542.5647368421053,180.0,143.58815789473692,1287.1763157894738,1950.0,-875.1973684210526,-812.796052631579
150,2206.3815789473683,449.5657894736842,-448.4046052631579,475.0,-558.7236842105264,180.0,103.19078947368416,1206.3815789473683,1950.0,-850.1447368421052,-775.2171052631579
151,2288.2263157894736,429.9473684210526,-427.9434210526316,475.0,-542.3547368421052,180.0,144.1131578947368,1288.2263157894736,1950.0,-856.6842105263158,-785.0263157894738
152,2208.978947368421,361.9736842105263,-447.7552631578948,475.0,-558.2042105263158,180.0,104.48947368421045,1208.978947368421,1950.0,-879.3421052631579,-819.0131578947369
153,2193.6710526315787,455.6447368421052,-451.5822368421053,475.0,-561.2657894736842,180.0,96.83552631578937,1193.6710526315787,1950.0,-848.1184210526316,-772.1776315789474
154,2371.894736842105,342.6315789473684,-407.02631578947376,475.0,-525.621052631579,180.0,185.9473684210525,1371.894736842105,1950.0,-885.7894736842105,-828.6842105263158
155,2296.460526315789,370.5394736842105,-425.8848684210527,475.0,-540.7078947368421,180.0,148.23026315789457,1296.4605263157891,1950.0,-876.4868421052631,-814.7302631578948
156,2327.297368421053,425.8026315789474,-418.1756578947368,475.0,-534.5405263157894,180.0,163.64868421052643,1327.2973684210529,1950.0,-858.0657894736842,-787.0986842105262
157,2250.426315789474,450.3947368421052,-437.39342105263154,475.0,-549.9147368421052,180.0,125.21315789473692,1250.4263157894738,1950.0,-849.8684210526316,-774.8026315789474
158,2129.842105263157,382.4210526315789,-467.53947368421075,475.0,-574.0315789473686,180.0,64.9210526315785,1129.842105263157,1950.0,-872.5263157894738,-808.7894736842105
159,2231.1394736842103,404.8026315789474,-442.2151315789474,475.0,-553.772105263158,180.0,115.56973684210516,1231.1394736842103,1950.0,-865.0657894736842,-797.5986842105262
160,2168.5263157894738,374.1315789473684,-457.86842105263156,475.0,-566.2947368421053,180.0,84.26315789473688,1168.5263157894738,1950.0,-875.2894736842105,-812.9342105263158
161,2368.5236842105264,346.7763157894737,-407.8690789473684,475.0,-526.2952631578947,180.0,184.2618421052632,1368.5236842105264,1950.0,-884.4078947368421,-826.6118421052631
162,2265.181578947368,374.9605263157895,-433.704605263158,475.0,-546.9636842105264,180.0,132.59078947368403,1265.181578947368,1950.0,-875.0131578947369,-812.5197368421052
163,2299.997368421052,409.7763157894737,-425.00065789473695,475.0,-540.0005263157896,180.0,149.9986842105261,1299.9973684210522,1950.0,-863.4078947368421,-795.1118421052631
164,2373.828947368421,391.5394736842105,-406.5427631578948,475.0,-525.2342105263158,180.0,186.9144736842104,1373.8289473684208,1950.0,-869.4868421052631,-804.2302631578948
165,2343.047368421053,357.0,-414.2381578947368,475.0,-531.3905263157894,180.0,171.52368421052643,1343.0473684210529,1950.0,-881.0,-821.5
166,2420.636842105263,404.5263157894737,-394.84078947368425,475.0,-515.8726315789474,180.0,210.3184210526315,1420.636842105263,1950.0,-865.1578947368421,-797.7368421052631
167,2270.321052631579,404.5263157894737,-432.4197368421053,475.0,-545.9357894736843,180.0,135.1605263157894,1270.3210526315788,1950.0,-865.1578947368421,-797.7368421052631
168,2230.476315789474,362.8026315789474,-442.3809210526315,475.0,-553.9047368421052,180.0,115.23815789473701,1230.476315789474,1950.0,-879.0657894736842,-818.5986842105262
169,2436.2763157894738,378.8289473684211,-390.93092105263156,475.0,-512.7447368421052,180.0,218.13815789473688,1436.2763157894738,1950.0,-873.7236842105262,-810.5855263157895
170,2309.2815789473684,387.1184210526316,-422.6796052631579,475.0,-538.1436842105263,180.0,154.6407894736842,1309.2815789473684,1950.0,-870.9605263157895,-806.4407894736842
171,2192.0684210526315,371.3684210526316,-451.9828947368421,475.0,-561.5863157894737,180.0,96.03421052631575,1192.0684210526315,1950.0,-876.2105263157895,-814.3157894736842
172,2255.842105263158,386.2894736842105,-436.0394736842105,475.0,-548.8315789473684,180.0,127.92105263157896,1255.842105263158,1950.0,-871.2368421052631,-806.8552631578948
173,2186.5421052631577,441.0,-453.36447368421057,475.0,-562.6915789473685,180.0,93.27105263157887,1186.5421052631577,1950.0,-853.0,-779.5
174,2204.336842105263,387.3947368421052,-448.9157894736843,475.0,-559.1326315789474,180.0,102.1684210526314,1204.3368421052628,1950.0,-870.8684210526316,-806.3026315789474
175,1981.5157894736844,442.6578947368421,-504.6210526315789,475.0,-603.6968421052632,180.0,-9.242105263157782,981.5157894736844,1950.0,-852.4473684210526,-778.671052631579
176,2062.034210526316,404.8026315789474,-484.49144736842095,475.0,-587.5931578947368,180.0,31.0171052631581,1062.0342105263162,1950.0,-865.0657894736842,-797.5986842105262
177,2003.0131578947369,405.9078947368421,-499.2467105263158,475.0,-599.3973684210526,180.0,1.506578947368439,1003.0131578947369,1950.0,-864.6973684210526,-797.046052631579
178,2082.757894736842,378.5526315789474,-479.3105263157895,475.0,-583.4484210526316,180.0,41.378947368420995,1082.757894736842,1950.0,-873.8157894736842,-810.7236842105262
179,2294.028947368421,407.5657894736842,-426.49276315789473,475.0,-541.1942105263158,180.0,147.01447368421054,1294.028947368421,1950.0,-864.1447368421052,-796.2171052631579
180,2128.6815789473685,388.7763157894737,-467.8296052631579,475.0,-574.2636842105263,180.0,64.34078947368425,1128.6815789473685,1950.0,-870.4078947368421,-805.6118421052631
181,2346.4184210526314,399.8289473684211,-413.39539473684215,475.0,-530.7163157894737,180.0,173.2092105263157,1346.4184210526314,1950.0,-866.7236842105262,-800.0855263157895
182,2059.9894736842107,427.1842105263158,-485.00263157894733,475.0,-588.0021052631579,180.0,29.99473684210534,1059.9894736842107,1950.0,-857.6052631578948,-786.4078947368421
183,2105.084210526316,352.0263157894737,-473.728947368421,475.0,-578.9831578947368,180.0,52.542105263157964,1105.084210526316,1950.0,-882.6578947368421,-823.9868421052631
184,2095.468421052632,419.4473684210526,-476.132894736842,475.0,-580.9063157894736,180.0,47.73421052631602,1095.468421052632,1950.0,-860.1842105263158,-790.2763157894738
185,2312.3763157894737,392.0921052631579,-421.9059210526316,475.0,-537.5247368421053,180.0,156.18815789473683,1312.3763157894737,1950.0,-869.3026315789474,-803.953947368421
186,2285.9052631578948,423.8684210526316,-428.5236842105263,475.0,-542.818947368421,180.0,142.95263157894738,1285.9052631578948,1950.0,-858.7105263157895,-788.0657894736842
187,2481.094736842105,453.7105263157895,-379.7263157894738,475.0,-503.78105263157903,180.0,240.5473684210524,1481.0947368421048,1950.0,-848.7631578947369,-773.1447368421052
188,2095.5789473684213,432.7105263157895,-476.1052631578947,475.0,-580.8842105263158,180.0,47.789473684210634,1095.5789473684213,1950.0,-855.7631578947369,-783.6447368421052
189,2356.034210526316,341.8026315789474,-410.99144736842095,475.0,-528.7931578947367,180.0,178.0171052631581,1356.0342105263162,1950.0,-886.0657894736842,-829.0986842105262
190,2257.3894736842103,421.6578947368421,-435.6526315789474,475.0,-548.522105263158,180.0,128.69473684210516,1257.3894736842103,1950.0,-859.4473684210526,-789.171052631579
191,2267.6684210526314,405.6315789473684,-433.08289473684215,475.0,-546.4663157894737,180.0,133.8342105263157,1267.6684210526314,1950.0,-864.7894736842105,-797.1842105263158
192,2540.3368421052637,375.7894736842105,-364.9157894736841,475.0,-491.9326315789473,180.0,270.16842105263186,1540.3368421052637,1950.0,-874.7368421052631,-812.1052631578948
193,2232.521052631578,415.5789473684211,-441.86973684210545,475.0,-553.4957894736843,180.0,116.2605263157891,1232.5210526315782,1950.0,-861.4736842105262,-792.2105263157895
194,2232.4105263157894,421.1052631578948,-441.89736842105265,475.0,-553.5178947368421,180.0,116.2052631578947,1232.4105263157894,1950.0,-859.6315789473684,-789.4473684210526
195,2144.486842105264,378.2763157894737,-463.87828947368405,475.0,-571.1026315789472,180.0,72.2434210526319,1144.4868421052638,1950.0,-873.9078947368421,-810.8618421052631
196,2117.186842105263,390.4342105263158,-470.7032894736842,475.0,-576.5626315789474,180.0,58.593421052631584,1117.1868421052632,1950.0,-869.8552631578948,-804.7828947368421
197,2200.3026315789475,434.0921052631579,-449.9243421052631,475.0,-559.9394736842105,180.0,100.15131578947376,1200.3026315789475,1950.0,-855.3026315789474,-782.953947368421
198,2133.2684210526318,474.1578947368421,-466.68289473684206,475.0,-573.3463157894737,180.0,66.63421052631588,1133.2684210526318,1950.0,-841.9473684210526,-762.921052631579
199,2117.628947368421,396.5131578947368,-470.59276315789475,475.0,-576.4742105263158,180.0,58.8144736842105,1117.628947368421,1950.0,-867.828947368421,-801.7434210526316
200,2135.534210526316,412.5394736842105,-466.11644736842095,475.0,-572.8931578947368,180.0,67.7671052631581,1135.5342105263162,1950.0,-862.4868421052631,-793.7302631578948
201,2330.944736842105,393.75,-417.2638157894737,475.0,-533.811052631579,180.0,165.47236842105258,1330.9447368421052,1950.0,-868.75,-803.125
202,2211.1894736842105,467.5263157894737,-447.2026315789474,475.0,-557.7621052631579,180.0,105.59473684210525,1211.1894736842105,1950.0,-844.1578947368421,-766.2368421052631
203,2060.8736842105263,373.5789473684211,-484.7815789473684,475.0,-587.8252631578947,180.0,30.436842105263167,1060.8736842105263,1950.0,-875.4736842105262,-813.2105263157895
204,2740.334210526316,451.7763157894737,-314.916447368421,475.0,-451.93315789473684,180.0,370.16710526315796,1740.334210526316,1950.0,-849.4078947368421,-774.1118421052631
205,2196.9315789473685,410.0526315789474,-450.7671052631579,475.0,-560.6136842105263,180.0,98.46578947368425,1196.9315789473685,1950.0,-863.3157894736842,-794.9736842105262
206,2128.6815789473685,388.7763157894737,-467.8296052631579,475.0,-574.2636842105263,180.0,64.34078947368425,1128.6815789473685,1950.0,-870.4078947368421,-805.6118421052631
207,2279.4394736842105,432.4342105263158,-430.1401315789474,475.0,-544.1121052631579,180.0,139.71973684210525,1279.4394736842105,1950.0,-855.8552631578948,-783.7828947368421
208,2193.7263157894736,373.0263157894737,-451.5684210526316,475.0,-561.2547368421053,180.0,96.86315789473679,1193.7263157894736,1950.0,-875.6578947368421,-813.4868421052631
209,2200.6894736842105,400.6578947368421,-449.8276315789474,475.0,-559.8621052631579,180.0,100.34473684210525,1200.6894736842105,1950.0,-866.4473684210526,-799.671052631579
210,2280.1026315789472,399.2763157894737,-429.9743421052632,475.0,-543.9794736842106,180.0,140.05131578947362,1280.1026315789472,1950.0,-866.9078947368421,-800.3618421052631
211,2386.705263157895,419.4473684210526,-403.32368421052627,475.0,-522.658947368421,180.0,193.35263157894747,1386.705263157895,1950.0,-860.1842105263158,-790.2763157894738
212,2302.428947368421,400.9342105263158,-424.3927631578947,475.0,-539.5142105263158,180.0,151.2144736842106,1302.4289473684212,1950.0,-866.3552631578948,-799.5328947368421
213,2166.371052631579,373.8552631578948,-458.40723684210525,475.0,-566.7257894736842,180.0,83.1855263157895,1166.371052631579,1950.0,-875.3815789473684,-813.0723684210526
214,2495.021052631579,339.8684210526316,-376.2447368421052,475.0,-500.99578947368417,180.0,247.51052631578955,1495.021052631579,1950.0,-886.7105263157895,-830.0657894736842
215,2352.221052631579,424.4210526315789,-411.94473684210527,475.0,-529.5557894736842,180.0,176.11052631578946,1352.221052631579,1950.0,-858.5263157894738,-787.7894736842105
216,2132.6605263157894,424.6973684210526,-466.83486842105265,475.0,-573.4678947368421,180.0,66.3302631578947,1132.6605263157894,1950.0,-858.4342105263158,-787.6513157894738
217,2248.7684210526318,392.3684210526316,-437.80789473684206,475.0,-550.2463157894737,180.0,124.38421052631588,1248.7684210526318,1950.0,-869.2105263157895,-803.8157894736842
218,2138.85,406.4605263157895,-465.2875,475.0,-572.23,180.0,69.42499999999995,1138.85,1950.0,-864.5131578947369,-796.7697368421052
219,2584.3815789473683,376.6184210526316,-353.9046052631579,475.0,-483.12368421052633,180.0,292.19078947368416,1584.3815789473683,1950.0,-874.4605263157895,-811.6907894736842
220,1966.815789473684,388.5,-508.296052631579,475.0,-606.6368421052632,180.0,-16.592105263158032,966.8157894736839,1950.0,-870.5,-805.75
221,2291.321052631579,397.3421052631579,-427.1697368421053,475.0,-541.7357894736842,180.0,145.6605263157894,1291.3210526315788,1950.0,-867.5526315789474,-801.328947368421
222,2195.4947368421053,416.1315789473684,-451.12631578947367,475.0,-560.901052631579,180.0,97.74736842105267,1195.4947368421053,1950.0,-861.2894736842105,-791.9342105263158
223,2319.6157894736843,391.8157894736842,-420.0960526315789,475.0,-536.0768421052632,180.0,159.80789473684217,1319.6157894736843,1950.0,-869.3947368421052,-804.0921052631579
224,2485.460526315789,381.0394736842105,-378.6348684210527,475.0,-502.9078947368422,180.0,242.73026315789457,1485.4605263157891,1950.0,-872.9868421052631,-809.4802631578948
225,2469.6552631578948,419.7236842105263,-382.5861842105263,475.0,-506.06894736842105,180.0,234.82763157894738,1469.6552631578948,1950.0,-860.0921052631579,-790.1381578947369
226,2417.2657894736844,371.0921052631579,-395.6835526315789,475.0,-516.5468421052631,180.0,208.63289473684222,1417.2657894736844,1950.0,-876.3026315789474,-814.453947368421
227,2033.5184210526315,421.3815789473684,-491.6203947368421,475.0,-593.2963157894737,180.0,16.75921052631577,1033.5184210526315,1950.0,-859.5394736842105,-789.3092105263158
228,2196.6,342.0789473684211,-450.85,475.0,-560.6800000000001,180.0,98.29999999999995,1196.6,1950.0,-885.9736842105262,-828.9605263157895
229,2340.560526315789,363.9078947368421,-414.85986842105274,475.0,-531.8878947368422,180.0,170.28026315789452,1340.560526315789,1950.0,-878.6973684210526,-818.046052631579
230,2198.313157894737,373.8552631578948,-450.4217105263158,475.0,-560.3373684210526,180.0,99.15657894736842,1198.3131578947368,1950.0,-875.3815789473684,-813.0723684210526
231,2469.765789473684,367.2236842105263,-382.558552631579,475.0,-506.0468421052632,180.0,234.882894736842,1469.765789473684,1950.0,-877.5921052631579,-816.3881578947369
232,2358.2447368421053,447.3552631578948,-410.43881578947367,475.0,-528.3510526315789,180.0,179.12236842105267,1358.2447368421053,1950.0,-850.8815789473684,-776.3223684210526
233,2262.086842105263,398.1710526315789,-434.4782894736843,475.0,-547.5826315789475,180.0,131.0434210526314,1262.0868421052628,1950.0,-867.2763157894738,-800.9144736842105
234,2292.5368421052635,355.3421052631579,-426.8657894736841,475.0,-541.4926315789473,180.0,146.26842105263177,1292.5368421052635,1950.0,-881.5526315789474,-822.328947368421
235,2180.407894736842,367.2236842105263,-454.8980263157895,475.0,-563.9184210526316,180.0,90.20394736842104,1180.407894736842,1950.0,-877.5921052631579,-816.3881578947369
236,2224.452631578947,386.8421052631579,-443.8868421052632,475.0,-555.1094736842106,180.0,112.22631578947357,1224.4526315789471,1950.0,-871.0526315789474,-806.578947368421
237,2215.610526315789,359.2105263157895,-446.0973684210528,475.0,-556.8778947368422,180.0,107.80526315789439,1215.6105263157888,1950.0,-880.2631578947369,-820.3947368421052
238,2377.752631578948,387.9473684210526,-405.56184210526305,475.0,-524.4494736842105,180.0,188.8763157894739,1377.7526315789478,1950.0,-870.6842105263158,-806.0263157894738
239,2066.7868421052635,458.4078947368421,-483.3032894736841,475.0,-586.6426315789473,180.0,33.393421052631766,1066.7868421052635,1950.0,-847.1973684210526,-770.796052631579
240,2403.836842105263,427.1842105263158,-399.0407894736843,475.0,-519.2326315789475,180.0,201.9184210526314,1403.8368421052628,1950.0,-857.6052631578948,-786.4078947368421
241,2268.6631578947367,431.0526315789474,-432.8342105263158,475.0,-546.2673684210527,180.0,134.33157894736837,1268.6631578947367,1950.0,-856.3157894736842,-784.4736842105262
242,2267.336842105263,422.2105263157895,-433.1657894736843,475.0,-546.5326315789474,180.0,133.6684210526314,1267.3368421052628,1950.0,-859.2631578947369,-788.8947368421052
243,2180.9605263157896,330.1973684210526,-454.7598684210526,475.0,-563.8078947368421,180.0,90.4802631578948,1180.9605263157896,1950.0,-889.9342105263158,-834.9013157894738
244,2212.2394736842107,363.3552631578948,-446.94013157894733,475.0,-557.5521052631578,180.0,106.11973684210534,1212.2394736842107,1950.0,-878.8815789473684,-818.3223684210526
245,2090.605263157895,427.7368421052632,-477.34868421052624,475.0,-581.878947368421,180.0,45.30263157894751,1090.605263157895,1950.0,-857.421052631579,-786.1315789473684
246,2600.9052631578943,391.2631578947368,-349.7736842105264,475.0,-479.81894736842116,180.0,300.45263157894715,1600.9052631578943,1950.0,-869.578947368421,-804.3684210526316
247,2385.544736842105,378.8289473684211,-403.61381578947373,475.0,-522.891052631579,180.0,192.77236842105253,1385.544736842105,1950.0,-873.7236842105262,-810.5855263157895
248,2367.4184210526314,308.09210526315786,-408.14539473684215,475.0,-526.5163157894738,180.0,183.7092105263157,1367.4184210526314,1950.0,-897.3026315789474,-845.953947368421
249,2223.789473684211,363.6315789473684,-444.0526315789473,475.0,-555.2421052631578,180.0,111.89473684210543,1223.7894736842109,1950.0,-878.7894736842105,-818.1842105263158
250,2276.5105263157893,433.2631578947368,-430.87236842105267,475.0,-544.6978947368422,180.0,138.25526315789466,1276.5105263157893,1950.0,-855.578947368421,-783.3684210526316
251,2073.915789473684,397.8947368421052,-481.521052631579,475.0,-585.2168421052631,180.0,36.957894736842036,1073.915789473684,1950.0,-867.3684210526316,-801.0526315789474
252,2130.2289473684214,405.3552631578948,-467.44276315789466,475.0,-573.9542105263157,180.0,65.11447368421068,1130.2289473684214,1950.0,-864.8815789473684,-797.3223684210526
253,2318.2894736842104,382.9736842105263,-420.4276315789474,475.0,-536.3421052631579,180.0,159.1447368421052,1318.2894736842104,1950.0,-872.3421052631579,-808.5131578947369
254,2540.778947368421,363.0789473684211,-364.80526315789473,475.0,-491.8442105263158,180.0,270.38947368421054,1540.778947368421,1950.0,-878.9736842105262,-818.4605263157895
255,2392.3973684210528,336.8289473684211,-401.9006578947368,475.0,-521.5205263157894,180.0,196.19868421052638,1392.3973684210528,1950.0,-887.7236842105262,-831.5855263157895
256,2647.326315789473,371.9210526315789,-338.16842105263174,475.0,-470.5347368421054,180.0,323.6631578947365,1647.326315789473,1950.0,-876.0263157894738,-814.0394736842105
257,2154.544736842105,448.4605263157895,-461.36381578947373,475.0,-569.091052631579,180.0,77.27236842105253,1154.544736842105,1950.0,-850.5131578947369,-775.7697368421052
258,2070.8763157894737,366.6710526315789,-482.2809210526316,475.0,-585.8247368421053,180.0,35.43815789473683,1070.8763157894737,1950.0,-877.7763157894738,-816.6644736842105
259,2358.3,477.4736842105263,-410.42499999999995,475.0,-528.3399999999999,180.0,179.1500000000001,1358.3000000000002,1950.0,-840.8421052631579,-761.2631578947369
260,2354.5973684210526,404.25,-411.35065789473686,475.0,-529.0805263157895,180.0,177.2986842105263,1354.5973684210526,1950.0,-865.25,-797.875
261,2543.486842105263,382.6973684210526,-364.1282894736843,475.0,-491.3026315789474,180.0,271.74342105263145,1543.486842105263,1950.0,-872.4342105263158,-808.6513157894738
262,2267.2815789473684,420.2763157894737,-433.1796052631579,475.0,-546.5436842105263,180.0,133.6407894736842,1267.2815789473684,1950.0,-859.9078947368421,-789.8618421052631
263,2332.878947368421,405.0789473684211,-416.78026315789475,475.0,-533.4242105263158,180.0,166.4394736842105,1332.878947368421,1950.0,-864.9736842105262,-797.4605263157895
264,2096.1315789473683,470.8421052631579,-475.9671052631579,475.0,-580.7736842105263,180.0,48.06578947368416,1096.1315789473683,1950.0,-843.0526315789474,-764.578947368421
265,2453.463157894737,407.2894736842105,-386.63421052631577,475.0,-509.3073684210526,180.0,226.73157894736846,1453.463157894737,1950.0,-864.2368421052631,-796.3552631578948
266,2154.378947368421,358.1052631578948,-461.40526315789475,475.0,-569.1242105263158,180.0,77.1894736842105,1154.378947368421,1950.0,-880.6315789473684,-820.9473684210526
267,2343.4894736842107,428.8421052631579,-414.12763157894733,475.0,-531.3021052631578,180.0,171.74473684210534,1343.4894736842107,1950.0,-857.0526315789474,-785.578947368421
268,2527.681578947368,402.5921052631579,-368.079605263158,475.0,-494.46368421052637,180.0,263.840789473684,1527.681578947368,1950.0,-865.8026315789474,-798.703947368421
269,2461.3657894736843,420.8289473684211,-384.6585526315789,475.0,-507.72684210526313,180.0,230.68289473684217,1461.3657894736843,1950.0,-859.7236842105262,-789.5855263157895
270,2275.128947368421,403.6973684210526,-431.21776315789475,475.0,-544.9742105263158,180.0,137.5644736842105,1275.128947368421,1950.0,-865.4342105263158,-798.1513157894738
271,2106.6315789473683,340.4210526315789,-473.3421052631579,475.0,-578.6736842105263,180.0,53.31578947368416,1106.6315789473683,1950.0,-886.5263157894738,-829.7894736842105
272,2152.6105263157897,324.39473684210526,-461.8473684210526,475.0,-569.477894736842,180.0,76.30526315789484,1152.6105263157897,1950.0,-891.8684210526316,-837.8026315789474
273,2360.455263157895,421.3815789473684,-409.88618421052627,475.0,-527.908947368421,180.0,180.22763157894747,1360.455263157895,1950.0,-859.5394736842105,-789.3092105263158
274,2385.1026315789472,353.9605263157895,-403.7243421052632,475.0,-522.9794736842106,180.0,192.55131578947362,1385.1026315789472,1950.0,-882.0131578947369,-823.0197368421052
275,2172.063157894737,403.9736842105263,-456.9842105263158,475.0,-565.5873684210526,180.0,86.03157894736842,1172.0631578947368,1950.0,-865.3421052631579,-798.0131578947369
276,2193.9473684210525,418.3421052631579,-451.5131578947369,475.0,-561.2105263157895,180.0,96.97368421052624,1193.9473684210525,1950.0,-860.5526315789474,-790.828947368421
277,2363.6052631578946,381.3157894736842,-409.09868421052636,475.0,-527.2789473684211,180.0,181.80263157894728,1363.6052631578946,1950.0,-872.8947368421052,-809.3421052631579
278,2105.360526315789,408.6710526315789,-473.6598684210528,475.0,-578.9278947368423,180.0,52.68026315789439,1105.3605263157888,1950.0,-863.7763157894738,-795.6644736842105
279,2353.271052631579,386.0131578947368,-411.6822368421052,475.0,-529.3457894736841,180.0,176.63552631578955,1353.271052631579,1950.0,-871.328947368421,-806.9934210526316
280,2355.6473684210523,422.2105263157895,-411.0881578947369,475.0,-528.8705263157896,180.0,177.82368421052615,1355.6473684210523,1950.0,-859.2631578947369,-788.8947368421052
281,2043.2447368421049,414.1973684210526,-489.1888157894738,475.0,-591.351052631579,180.0,21.622368421052442,1043.2447368421049,1950.0,-861.9342105263158,-792.9013157894738
282,2378.5815789473686,369.9868421052632,-405.35460526315785,475.0,-524.2836842105263,180.0,189.2907894736843,1378.5815789473686,1950.0,-876.671052631579,-815.0065789473684
283,2133.0473684210524,391.2631578947368,-466.7381578947369,475.0,-573.3905263157895,180.0,66.5236842105262,1133.0473684210524,1950.0,-869.578947368421,-804.3684210526316
284,2284.468421052632,411.1578947368421,-428.882894736842,475.0,-543.1063157894736,180.0,142.23421052631602,1284.468421052632,1950.0,-862.9473684210526,-794.421052631579
285,2550.118421052631,417.5131578947368,-362.4703947368422,475.0,-489.97631578947374,180.0,275.0592105263156,1550.1184210526312,1950.0,-860.828947368421,-791.2434210526316
286,2084.8578947368424,358.1052631578948,-478.7855263157894,475.0,-583.0284210526315,180.0,42.42894736842118,1084.8578947368424,1950.0,-880.6315789473684,-820.9473684210526
287,2142.110526315789,445.4210526315789,-464.4723684210528,475.0,-571.5778947368423,180.0,71.05526315789439,1142.1105263157888,1950.0,-851.5263157894738,-777.2894736842105
288,2117.85,394.8552631578948,-470.5375,475.0,-576.4300000000001,180.0,58.924999999999955,1117.85,1950.0,-868.3815789473684,-802.5723684210526
289,2371.176315789474,420.8289473684211,-407.20592105263154,475.0,-525.7647368421052,180.0,185.58815789473692,1371.1763157894738,1950.0,-859.7236842105262,-789.5855263157895
290,2450.4236842105265,385.4605263157895,-387.39407894736837,475.0,-509.9152631578947,180.0,225.21184210526326,1450.4236842105265,1950.0,-871.5131578947369,-807.2697368421052
291,2229.702631578947,448.4605263157895,-442.5743421052632,475.0,-554.0594736842106,180.0,114.85131578947357,1229.7026315789471,1950.0,-850.5131578947369,-775.7697368421052
292,2198.7552631578947,379.9342105263158,-450.31118421052633,475.0,-560.2489473684211,180.0,99.37763157894733,1198.7552631578947,1950.0,-873.3552631578948,-810.0328947368421
293,2195.384210526316,384.0789473684211,-451.153947368421,475.0,-560.9231578947367,180.0,97.69210526315806,1195.384210526316,1950.0,-871.9736842105262,-807.9605263157895
294,2640.7499999999995,367.2236842105263,-339.8125000000001,475.0,-471.85000000000014,180.0,320.3749999999998,1640.7499999999995,1950.0,-877.5921052631579,-816.3881578947369
295,2047.9421052631576,418.8947368421052,-488.0144736842106,475.0,-590.4115789473685,180.0,23.9710526315788,1047.9421052631576,1950.0,-860.3684210526316,-790.5526315789474
296,2542.7684210526318,376.3421052631579,-364.30789473684206,475.0,-491.44631578947366,180.0,271.3842105263159,1542.7684210526318,1950.0,-874.5526315789474,-811.828947368421
297,2147.360526315789,366.1184210526316,-463.1598684210528,475.0,-570.5278947368422,180.0,73.68026315789439,1147.3605263157888,1950.0,-877.9605263157895,-816.9407894736842
298,2142.9947368421053,401.2105263157895,-464.25131578947367,475.0,-571.401052631579,180.0,71.49736842105267,1142.9947368421053,1950.0,-866.2631578947369,-799.3947368421052
299,2210.857894736842,437.1315789473684,-447.2855263157895,475.0,-557.8284210526316,180.0,105.42894736842095,1210.857894736842,1950.0,-854.2894736842105,-781.4342105263158
300,2273.913157894737,370.5394736842105,-431.5217105263157,475.0,-545.2173684210526,180.0,136.9565789473686,1273.9131578947372,1950.0,-876.4868421052631,-814.7302631578948
301,2133.544736842105,455.6447368421052,-466.61381578947373,475.0,-573.291052631579,180.0,66.77236842105253,1133.544736842105,1950.0,-848.1184210526316,-772.1776315789474
302,2432.463157894737,386.2894736842105,-391.88421052631577,475.0,-513.5073684210527,180.0,216.23157894736846,1432.463157894737,1950.0,-871.2368421052631,-806.8552631578948
303,2153.1078947368424,426.3552631578948,-461.7230263157894,475.0,-569.3784210526316,180.0,76.55394736842118,1153.1078947368424,1950.0,-857.8815789473684,-786.8223684210526
304,2123.486842105264,338.4868421052632,-469.12828947368405,475.0,-575.3026315789473,180.0,61.7434210526319,1123.4868421052638,1950.0,-887.171052631579,-830.7565789473684
305,2258.273684210526,405.6315789473684,-435.4315789473685,475.0,-548.3452631578948,180.0,129.13684210526299,1258.273684210526,1950.0,-864.7894736842105,-797.1842105263158
306,2027.936842105263,423.3157894736842,-493.01578947368426,475.0,-594.4126315789474,180.0,13.96842105263147,1027.936842105263,1950.0,-858.8947368421052,-788.3421052631579
307,2635.334210526316,374.9605263157895,-341.166447368421,475.0,-472.93315789473684,180.0,317.66710526315796,1635.334210526316,1950.0,-875.0131578947369,-812.5197368421052
308,2148.6868421052627,374.9605263157895,-462.8282894736843,475.0,-570.2626315789474,180.0,74.34342105263136,1148.6868421052627,1950.0,-875.0131578947369,-812.5197368421052
309,2041.6421052631576,405.0789473684211,-489.5894736842106,475.0,-591.6715789473685,180.0,20.821052631578823,1041.6421052631576,1950.0,-864.9736842105262,-797.4605263157895
310,2256.0631578947364,403.4210526315789,-435.9842105263159,475.0,-548.7873684210527,180.0,128.0315789473682,1256.0631578947364,1950.0,-865.5263157894738,-798.2894736842105
311,2278.0578947368417,402.8684210526316,-430.48552631578957,475.0,-544.3884210526317,180.0,139.02894736842086,1278.0578947368417,1950.0,-865.7105263157895,-798.5657894736842
312,2282.5894736842106,439.3421052631579,-429.35263157894735,475.0,-543.4821052631579,180.0,141.2947368421053,1282.5894736842106,1950.0,-853.5526315789474,-780.328947368421
313,2277.9473684210525,352.0263157894737,-430.5131578947369,475.0,-544.4105263157895,180.0,138.97368421052624,1277.9473684210525,1950.0,-882.6578947368421,-823.9868421052631
314,2415.884210526316,397.8947368421052,-396.028947368421,475.0,-516.8231578947368,180.0,207.94210526315806,1415.884210526316,1950.0,-867.3684210526316,-801.0526315789474
315,1997.1,386.8421052631579,-500.725,475.0,-600.58,180.0,-1.4500000000000455,997.0999999999999,1950.0,-871.0526315789474,-806.578947368421
316,2339.952631578947,427.1842105263158,-415.0118421052632,475.0,-532.0094736842105,180.0,169.97631578947357,1339.9526315789471,1950.0,-857.6052631578948,-786.4078947368421
317,2288.8342105263155,432.4342105263158,-427.79144736842113,475.0,-542.2331578947369,180.0,144.41710526315774,1288.8342105263155,1950.0,-855.8552631578948,-783.7828947368421
318,2575.981578947368,392.6447368421052,-356.00460526315806,475.0,-484.8036842105264,180.0,287.9907894736839,1575.9815789473678,1950.0,-869.1184210526316,-803.6776315789474
319,2463.907894736842,378.2763157894737,-384.0230263157895,475.0,-507.2184210526316,180.0,231.95394736842104,1463.907894736842,1950.0,-873.9078947368421,-810.8618421052631
320,2219.534210526316,365.0131578947368,-445.11644736842095,475.0,-556.0931578947368,180.0,109.7671052631581,1219.5342105263162,1950.0,-878.328947368421,-817.4934210526316
321,2107.4605263157896,378.8289473684211,-473.1348684210526,475.0,-578.5078947368421,180.0,53.7302631578948,1107.4605263157896,1950.0,-873.7236842105262,-810.5855263157895
322,2176.705263157895,387.9473684210526,-455.82368421052627,475.0,-564.658947368421,180.0,88.35263157894747,1176.705263157895,1950.0,-870.6842105263158,-806.0263157894738
323,2195.936842105263,394.0263157894737,-451.0157894736842,475.0,-560.8126315789474,180.0,97.96842105263158,1195.9368421052632,1950.0,-868.6578947368421,-802.9868421052631
324,2175.544736842105,403.6973684210526,-456.11381578947373,475.0,-564.891052631579,180.0,87.77236842105253,1175.544736842105,1950.0,-865.4342105263158,-798.1513157894738
325,2484.521052631579,376.3421052631579,-378.8697368421052,475.0,-503.0957894736842,180.0,242.26052631578955,1484.521052631579,1950.0,-874.5526315789474,-811.828947368421
326,2121.884210526316,413.9210526315789,-469.528947368421,475.0,-575.6231578947368,180.0,60.942105263158055,1121.884210526316,1950.0,-862.0263157894738,-793.0394736842105
327,2476.121052631579,364.1842105263158,-380.96973684210525,475.0,-504.7757894736842,180.0,238.0605263157895,1476.121052631579,1950.0,-878.6052631578948,-817.9078947368421
328,2127.8526315789472,453.7105263157895,-468.0368421052632,475.0,-574.4294736842105,180.0,63.92631578947362,1127.8526315789472,1950.0,-848.7631578947369,-773.1447368421052
329,2342.936842105263,381.3157894736842,-414.2657894736842,475.0,-531.4126315789474,180.0,171.46842105263158,1342.9368421052632,1950.0,-872.8947368421052,-809.3421052631579
330,2099.226315789474,400.6578947368421,-475.1934210526315,475.0,-580.1547368421052,180.0,49.613157894737014,1099.226315789474,1950.0,-866.4473684210526,-799.671052631579
331,2322.765789473684,379.9342105263158,-419.308552631579,475.0,-535.4468421052632,180.0,161.382894736842,1322.765789473684,1950.0,-873.3552631578948,-810.0328947368421
332,2447.2736842105264,397.3421052631579,-388.1815789473684,475.0,-510.54526315789474,180.0,223.6368421052632,1447.2736842105264,1950.0,-867.5526315789474,-801.328947368421
333,2534.092105263158,420.2763157894737,-366.4769736842105,475.0,-493.1815789473684,180.0,267.04605263157896,1534.092105263158,1950.0,-859.9078947368421,-789.8618421052631
334,2012.021052631579,420.5526315789474,-496.9947368421052,475.0,-597.5957894736841,180.0,6.010526315789548,1012.0210526315791,1950.0,-859.8157894736842,-789.7236842105262
335,2186.5973684210526,433.5394736842105,-453.35065789473686,475.0,-562.6805263157895,180.0,93.29868421052629,1186.5973684210526,1950.0,-855.4868421052631,-783.2302631578948
336,2425.610526315789,390.7105263157895,-393.5973684210528,475.0,-514.8778947368422,180.0,212.8052631578944,1425.6105263157888,1950.0,-869.7631578947369,-804.6447368421052
337,2105.857894736842,416.6842105263158,-473.5355263157895,475.0,-578.8284210526316,180.0,52.92894736842095,1105.857894736842,1950.0,-861.1052631578948,-791.6578947368421
338,2213.4552631578945,396.5131578947368,-446.6361842105264,475.0,-557.3089473684211,180.0,106.72763157894724,1213.4552631578945,1950.0,-867.828947368421,-801.7434210526316
339,2235.7815789473684,407.5657894736842,-441.0546052631579,475.0,-552.8436842105264,180.0,117.89078947368421,1235.7815789473684,1950.0,-864.1447368421052,-796.2171052631579
340,2219.092105263157,405.9078947368421,-445.22697368421075,475.0,-556.1815789473686,180.0,109.5460526315785,1219.092105263157,1950.0,-864.6973684210526,-797.046052631579
341,2169.3552631578946,440.7236842105263,-457.66118421052636,475.0,-566.1289473684211,180.0,84.67763157894728,1169.3552631578946,1950.0,-853.0921052631579,-779.6381578947369
342,2561.281578947368,413.6447368421052,-359.679605263158,475.0,-487.74368421052645,180.0,280.640789473684,1561.281578947368,1950.0,-862.1184210526316,-793.1776315789474
343,2285.407894736842,444.0394736842105,-428.6480263157895,475.0,-542.9184210526316,180.0,142.70394736842104,1285.407894736842,1950.0,-851.9868421052631,-777.9802631578948
344,2089.1684210526314,415.0263157894737,-477.70789473684215,475.0,-582.1663157894737,180.0,44.5842105263157,1089.1684210526314,1950.0,-861.6578947368421,-792.4868421052631
345,2089.113157894737,488.25,-477.72171052631575,475.0,-582.1773684210526,180.0,44.55657894736851,1089.113157894737,1950.0,-837.25,-755.875
346,2134.3184210526315,398.1710526315789,-466.4203947368421,475.0,-573.1363157894737,180.0,67.15921052631575,1134.3184210526315,1950.0,-867.2763157894738,-800.9144736842105
347,2440.5315789473684,396.2368421052632,-389.8671052631579,475.0,-511.8936842105263,180.0,220.2657894736842,1440.5315789473684,1950.0,-867.921052631579,-801.8815789473684
348,2049.9315789473685,394.5789473684211,-487.5171052631579,475.0,-590.0136842105263,180.0,24.965789473684254,1049.9315789473685,1950.0,-868.4736842105262,-802.7105263157895
349,2372.834210526316,450.6710526315789,-406.791447368421,475.0,-525.4331578947368,180.0,186.41710526315796,1372.834210526316,1950.0,-849.7763157894738,-774.6644736842105
350,2122.436842105263,442.6578947368421,-469.3907894736842,475.0,-575.5126315789473,180.0,61.218421052631584,1122.4368421052632,1950.0,-852.4473684210526,-778.671052631579
351,2385.544736842105,360.0394736842105,-403.61381578947373,475.0,-522.891052631579,180.0,192.77236842105253,1385.544736842105,1950.0,-879.9868421052631,-819.9802631578948
352,2161.784210526316,410.6052631578948,-459.55394736842095,475.0,-567.6431578947368,180.0,80.8921052631581,1161.7842105263162,1950.0,-863.1315789473684,-794.6973684210526
353,2150.4,416.1315789473684,-462.4,475.0,-569.92,180.0,75.20000000000005,1150.4,1950.0,-861.2894736842105,-791.9342105263158
354,2342.826315789474,405.6315789473684,-414.2934210526315,475.0,-531.4347368421052,180.0,171.41315789473697,1342.826315789474,1950.0,-864.7894736842105,-797.1842105263158
355,2455.728947368421,420.8289473684211,-386.0677631578948,475.0,-508.8542105263158,180.0,227.86447368421045,1455.728947368421,1950.0,-859.7236842105262,-789.5855263157895
356,2167.144736842105,363.3552631578948,-458.21381578947376,475.0,-566.571052631579,180.0,83.57236842105249,1167.144736842105,1950.0,-878.8815789473684,-818.3223684210526
357,2267.2263157894736,361.9736842105263,-433.1934210526316,475.0,-546.5547368421053,180.0,133.6131578947368,1267.2263157894736,1950.0,-879.3421052631579,-819.0131578947369
358,2301.102631578948,363.9078947368421,-424.72434210526296,475.0,-539.7794736842104,180.0,150.55131578947407,1301.1026315789481,1950.0,-878.6973684210526,-818.046052631579
359,2222.021052631578,376.8947368421052,-444.49473684210545,475.0,-555.5957894736844,180.0,111.0105263157891,1222.0210526315782,1950.0,-874.3684210526316,-811.5526315789474
360,2092.815789473684,401.7631578947368,-476.79605263157896,475.0,-581.4368421052632,180.0,46.40789473684208,1092.8157894736842,1950.0,-866.078947368421,-799.1184210526316
361,2247.828947368421,406.4605263157895,-438.0427631578948,475.0,-550.4342105263158,180.0,123.9144736842104,1247.8289473684208,1950.0,-864.5131578947369,-796.7697368421052
362,2290.878947368421,391.2631578947368,-427.28026315789475,475.0,-541.8242105263158,180.0,145.4394736842105,1290.878947368421,1950.0,-869.578947368421,-804.3684210526316
363,2497.563157894737,400.6578947368421,-375.6092105263158,475.0,-500.4873684210526,180.0,248.78157894736842,1497.5631578947368,1950.0,-866.4473684210526,-799.671052631579
364,2163.1105263157897,447.6315789473684,-459.2223684210526,475.0,-567.3778947368421,180.0,81.55526315789484,1163.1105263157897,1950.0,-850.7894736842105,-776.1842105263158
365,2150.234210526316,410.3289473684211,-462.441447368421,475.0,-569.9531578947368,180.0,75.11710526315801,1150.234210526316,1950.0,-863.2236842105262,-794.8355263157895
366,2451.805263157895,396.2368421052632,-387.0486842105263,475.0,-509.63894736842104,180.0,225.90263157894742,1451.8052631578948,1950.0,-867.921052631579,-801.8815789473684
367,2419.4763157894736,392.0921052631579,-395.1309210526316,475.0,-516.1047368421052,180.0,209.7381578947368,1419.4763157894736,1950.0,-869.3026315789474,-803.953947368421
368,2373.1105263157897,394.5789473684211,-406.7223684210526,475.0,-525.3778947368421,180.0,186.55526315789484,1373.1105263157897,1950.0,-868.4736842105262,-802.7105263157895
369,2334.702631578948,440.7236842105263,-416.324342105263,475.0,-533.0594736842104,180.0,167.35131578947403,1334.702631578948,1950.0,-853.0921052631579,-779.6381578947369
370,2173.831578947368,418.8947368421052,-456.54210526315796,475.0,-565.2336842105263,180.0,86.91578947368407,1173.8315789473681,1950.0,-860.3684210526316,-790.5526315789474
371,2386.373684210526,426.6315789473684,-403.40657894736853,475.0,-522.7252631578948,180.0,193.18684210526294,1386.3736842105259,1950.0,-857.7894736842105,-786.6842105263158
372,2498.778947368421,415.0263157894737,-375.30526315789473,475.0,-500.2442105263158,180.0,249.38947368421054,1498.778947368421,1950.0,-861.6578947368421,-792.4868421052631
373,2083.752631578948,366.3947368421052,-479.06184210526305,475.0,-583.2494736842104,180.0,41.87631578947389,1083.7526315789478,1950.0,-877.8684210526316,-816.8026315789474
374,2280.544736842105,433.5394736842105,-429.86381578947373,475.0,-543.891052631579,180.0,140.27236842105253,1280.544736842105,1950.0,-855.4868421052631,-783.2302631578948
375,2464.4052631578948,386.2894736842105,-383.8986842105263,475.0,-507.11894736842106,180.0,232.20263157894738,1464.4052631578948,1950.0,-871.2368421052631,-806.8552631578948
376,2236.168421052632,364.7368421052632,-440.95789473684204,475.0,-552.7663157894737,180.0,118.08421052631593,1236.1684210526319,1950.0,-878.421052631579,-817.6315789473684
377,2135.423684210526,389.8815789473684,-466.1440789473685,475.0,-572.9152631578947,180.0,67.71184210526303,1135.423684210526,1950.0,-870.0394736842105,-805.0592105263158
378,2286.9,364.7368421052632,-428.275,475.0,-542.62,180.0,143.45000000000005,1286.9,1950.0,-878.421052631579,-817.6315789473684
379,2714.471052631579,439.0657894736842,-321.38223684210527,475.0,-457.10578947368424,180.0,357.23552631578946,1714.471052631579,1950.0,-853.6447368421052,-780.4671052631579
380,2085.9631578947365,340.4210526315789,-478.5092105263159,475.0,-582.8073684210527,180.0,42.981578947368234,1085.9631578947365,1950.0,-886.5263157894738,-829.7894736842105
381,2124.426315789474,390.1578947368421,-468.89342105263154,475.0,-575.1147368421052,180.0,62.21315789473692,1124.4263157894738,1950.0,-869.9473684210526,-804.921052631579
382,2383.9973684210527,418.6184210526316,-404.00065789473683,475.0,-523.2005263157895,180.0,191.99868421052633,1383.9973684210527,1950.0,-860.4605263157895,-790.6907894736842
383,2227.436842105263,397.3421052631579,-443.1407894736842,475.0,-554.5126315789473,180.0,113.71842105263158,1227.4368421052632,1950.0,-867.5526315789474,-801.328947368421
384,2305.136842105263,364.1842105263158,-423.71578947368425,475.0,-538.9726315789474,180.0,152.5684210526315,1305.136842105263,1950.0,-878.6052631578948,-817.9078947368421
385,2163.6631578947367,354.2368421052632,-459.0842105263158,475.0,-567.2673684210527,180.0,81.83157894736837,1163.6631578947367,1950.0,-881.921052631579,-822.8815789473684
386,2436.6631578947367,439.3421052631579,-390.8342105263158,475.0,-512.6673684210526,180.0,218.33157894736837,1436.6631578947367,1950.0,-853.5526315789474,-780.328947368421
387,2209.365789473684,356.7236842105263,-447.658552631579,475.0,-558.1268421052632,180.0,104.68289473684194,1209.365789473684,1950.0,-881.0921052631579,-821.6381578947369
388,2210.636842105263,382.4210526315789,-447.34078947368425,475.0,-557.8726315789474,180.0,105.31842105263149,1210.636842105263,1950.0,-872.5263157894738,-808.7894736842105
389,2318.4552631578945,360.5921052631579,-420.3861842105264,475.0,-536.3089473684211,180.0,159.22763157894724,1318.4552631578945,1950.0,-879.8026315789474,-819.703947368421
390,2155.7052631578945,376.3421052631579,-461.0736842105264,475.0,-568.8589473684211,180.0,77.85263157894724,1155.7052631578945,1950.0,-874.5526315789474,-811.828947368421
391,2203.121052631579,410.6052631578948,-449.21973684210525,475.0,-559.3757894736842,180.0,101.5605263157895,1203.121052631579,1950.0,-863.1315789473684,-794.6973684210526
392,2247.828947368421,425.25,-438.0427631578948,475.0,-550.4342105263158,180.0,123.9144736842104,1247.8289473684208,1950.0,-858.25,-787.375
393,1954.6026315789472,411.9868421052632,-511.3493421052632,475.0,-609.0794736842106,180.0,-22.69868421052638,954.6026315789472,1950.0,-862.671052631579,-794.0065789473684
394,2392.231578947368,396.7894736842105,-401.94210526315806,475.0,-521.5536842105264,180.0,196.1157894736839,1392.2315789473678,1950.0,-867.7368421052631,-801.6052631578948
395,2266.894736842105,322.1842105263158,-433.27631578947376,475.0,-546.621052631579,180.0,133.4473684210525,1266.894736842105,1950.0,-892.6052631578948,-838.9078947368421
396,2159.6842105263154,412.2631578947368,-460.07894736842115,475.0,-568.063157894737,180.0,79.84210526315769,1159.6842105263154,1950.0,-862.578947368421,-793.8684210526316
397,2220.0868421052637,365.5657894736842,-444.9782894736841,475.0,-555.9826315789472,180.0,110.04342105263186,1220.0868421052637,1950.0,-878.1447368421052,-817.2171052631579
398,2272.5315789473684,425.5263157894737,-431.8671052631579,475.0,-545.4936842105263,180.0,136.2657894736842,1272.5315789473684,1950.0,-858.1578947368421,-787.2368421052631
399,2101.492105263158,395.4078947368421,-474.6269736842105,475.0,-579.7015789473684,180.0,50.746052631579005,1101.492105263158,1950.0,-868.1973684210526,-802.296052631579
400,2139.734210526316,437.4078947368421,-465.066447368421,475.0,-572.0531578947368,180.0,69.86710526315801,1139.734210526316,1950.0,-854.1973684210526,-781.296052631579
401,1969.4131578947367,385.4605263157895,-507.6467105263158,475.0,-606.1173684210527,180.0,-15.29342105263163,969.4131578947367,1950.0,-871.5131578947369,-807.2697368421052
402,2603.0052631578947,408.3947368421052,-349.24868421052633,475.0,-479.3989473684211,180.0,301.50263157894733,1603.0052631578947,1950.0,-863.8684210526316,-795.8026315789474
403,2554.871052631579,442.9342105263158,-361.28223684210525,475.0,-489.0257894736842,180.0,277.4355263157895,1554.871052631579,1950.0,-852.3552631578948,-778.5328947368421
404,2169.3,354.2368421052632,-457.67499999999995,475.0,-566.14,180.0,84.65000000000009,1169.3000000000002,1950.0,-881.921052631579,-822.8815789473684
405,2341.7763157894738,378.2763157894737,-414.55592105263156,475.0,-531.6447368421052,180.0,170.88815789473688,1341.7763157894738,1950.0,-873.9078947368421,-810.8618421052631
406,2145.592105263158,407.5657894736842,-463.6019736842105,475.0,-570.8815789473684,180.0,72.79605263157896,1145.592105263158,1950.0,-864.1447368421052,-796.2171052631579
407,2350.563157894737,375.7894736842105,-412.3592105263158,475.0,-529.8873684210527,180.0,175.28157894736842,1350.5631578947368,1950.0,-874.7368421052631,-812.1052631578948
408,2225.7236842105262,356.1710526315789,-443.56907894736844,475.0,-554.8552631578948,180.0,112.86184210526312,1225.7236842105262,1950.0,-881.2763157894738,-821.9144736842105
409,1932.386842105263,432.9868421052632,-516.9032894736843,475.0,-613.5226315789474,180.0,-33.80657894736851,932.386842105263,1950.0,-855.671052631579,-783.5065789473684
410,2014.8947368421047,408.3947368421052,-496.2763157894738,475.0,-597.0210526315791,180.0,7.447368421052374,1014.8947368421047,1950.0,-863.8684210526316,-795.8026315789474
411,2283.031578947369,379.6578947368421,-429.2421052631578,475.0,-543.3936842105262,180.0,141.51578947368444,1283.0315789473689,1950.0,-873.4473684210526,-810.171052631579
412,2108.068421052632,381.3157894736842,-472.982894736842,475.0,-578.3863157894737,180.0,54.034210526315974,1108.068421052632,1950.0,-872.8947368421052,-809.3421052631579
413,2176.76052631579,418.0657894736842,-455.80986842105256,475.0,-564.6478947368421,180.0,88.38026315789489,1176.7605263157898,1950.0,-860.6447368421052,-790.9671052631579
414,2071.926315789474,441.0,-482.01842105263154,475.0,-585.6147368421052,180.0,35.96315789473692,1071.9263157894738,1950.0,-853.0,-779.5
415,2041.255263157895,457.3026315789474,-489.6861842105263,475.0,-591.748947368421,180.0,20.627631578947444,1041.255263157895,1950.0,-847.5657894736842,-771.3486842105262
416,2236.2236842105262,385.4605263157895,-440.94407894736844,475.0,-552.7552631578948,180.0,118.11184210526312,1236.2236842105262,1950.0,-871.5131578947369,-807.2697368421052
417,2375.818421052632,329.64473684210526,-406.045394736842,475.0,-524.8363157894736,180.0,187.90921052631597,1375.818421052632,1950.0,-890.1184210526316,-835.1776315789474
418,2501.4315789473685,404.5263157894737,-374.6421052631579,475.0,-499.7136842105263,180.0,250.71578947368425,1501.4315789473685,1950.0,-865.1578947368421,-797.7368421052631
419,2195.9368421052627,422.2105263157895,-451.0157894736843,475.0,-560.8126315789475,180.0,97.96842105263136,1195.9368421052627,1950.0,-859.2631578947369,-788.8947368421052
420,2130.4500000000003,422.4868421052632,-467.38749999999993,475.0,-573.91,180.0,65.22500000000014,1130.4500000000003,1950.0,-859.171052631579,-788.7565789473684
421,2209.4763157894736,416.9605263157895,-447.6309210526316,475.0,-558.1047368421052,180.0,104.73815789473679,1209.4763157894736,1950.0,-861.0131578947369,-791.5197368421052
422,2245.452631578947,407.8421052631579,-438.6368421052632,475.0,-550.9094736842105,180.0,122.72631578947357,1245.4526315789471,1950.0,-864.0526315789474,-796.078947368421
423,2296.073684210526,413.3684210526316,-425.98157894736846,475.0,-540.7852631578947,180.0,148.03684210526308,1296.0736842105262,1950.0,-862.2105263157895,-793.3157894736842
424,2092.484210526316,418.3421052631579,-476.878947368421,475.0,-581.5031578947368,180.0,46.24210526315801,1092.484210526316,1950.0,-860.5526315789474,-790.828947368421
425,2108.4552631578945,394.8552631578948,-472.8861842105264,475.0,-578.3089473684211,180.0,54.22763157894724,1108.4552631578945,1950.0,-868.3815789473684,-802.5723684210526
426,2241.915789473684,378.0,-439.521052631579,475.0,-551.6168421052632,180.0,120.95789473684204,1241.915789473684,1950.0,-874.0,-811.0
427,2220.4184210526314,386.5657894736842,-444.89539473684215,475.0,-555.9163157894737,180.0,110.2092105263157,1220.4184210526314,1950.0,-871.1447368421052,-806.7171052631579
428,2356.2552631578947,321.35526315789474,-410.93618421052633,475.0,-528.7489473684211,180.0,178.12763157894733,1356.2552631578947,1950.0,-892.8815789473684,-839.3223684210526
429,2333.265789473684,428.0131578947368,-416.683552631579,475.0,-533.3468421052632,180.0,166.632894736842,1333.265789473684,1950.0,-857.328947368421,-785.9934210526316
430,2236.6105263157897,389.6052631578948,-440.8473684210526,475.0,-552.6778947368421,180.0,118.30526315789484,1236.6105263157897,1950.0,-870.1315789473684,-805.1973684210526
431,2120.2263157894736,374.6842105263158,-469.9434210526316,475.0,-575.9547368421053,180.0,60.11315789473679,1120.2263157894736,1950.0,-875.1052631578948,-812.6578947368421
432,2128.571052631579,384.9078947368421,-467.8572368421053,475.0,-574.2857894736842,180.0,64.28552631578941,1128.5710526315788,1950.0,-871.6973684210526,-807.546052631579
433,2160.5131578947367,375.5131578947368,-459.87171052631584,475.0,-567.8973684210526,180.0,80.25657894736833,1160.5131578947367,1950.0,-874.828947368421,-812.2434210526316
434,2347.634210526316,451.7763157894737,-413.091447368421,475.0,-530.4731578947368,180.0,173.81710526315806,1347.634210526316,1950.0,-849.4078947368421,-774.1118421052631
435,2360.5105263157893,451.5,-409.87236842105267,475.0,-527.8978947368421,180.0,180.25526315789466,1360.5105263157893,1950.0,-849.5,-774.25
436,2373.828947368421,419.7236842105263,-406.5427631578948,475.0,-525.2342105263158,180.0,186.9144736842104,1373.8289473684208,1950.0,-860.0921052631579,-790.1381578947369
437,2053.8,389.0526315789474,-486.54999999999995,475.0,-589.24,180.0,26.90000000000009,1053.8000000000002,1950.0,-870.3157894736842,-805.4736842105262
438,2174.4394736842105,411.9868421052632,-456.3901315789474,475.0,-565.1121052631579,180.0,87.21973684210525,1174.4394736842105,1950.0,-862.671052631579,-794.0065789473684
439,2065.571052631579,415.8552631578948,-483.6072368421053,475.0,-586.8857894736842,180.0,32.78552631578941,1065.5710526315788,1950.0,-861.3815789473684,-792.0723684210526
440,2090.6605263157894,354.5131578947368,-477.33486842105265,475.0,-581.8678947368421,180.0,45.330263157894706,1090.6605263157894,1950.0,-881.828947368421,-822.7434210526316
441,2283.1973684210525,413.6447368421052,-429.2006578947369,475.0,-543.3605263157895,180.0,141.59868421052624,1283.1973684210525,1950.0,-862.1184210526316,-793.1776315789474
442,2253.907894736842,365.5657894736842,-436.5230263157895,475.0,-549.2184210526316,180.0,126.95394736842104,1253.907894736842,1950.0,-878.1447368421052,-817.2171052631579
443,2139.1263157894737,472.5,-465.2184210526316,475.0,-572.1747368421053,180.0,69.56315789473683,1139.1263157894737,1950.0,-842.5,-763.75
444,2090.218421052632,432.9868421052632,-477.445394736842,475.0,-581.9563157894736,180.0,45.10921052631602,1090.218421052632,1950.0,-855.671052631579,-783.5065789473684
445,2478.2763157894733,402.0394736842105,-380.4309210526317,475.0,-504.34473684210536,180.0,239.13815789473665,1478.2763157894733,1950.0,-865.9868421052631,-798.9802631578948
446,2508.284210526316,409.5,-372.92894736842095,475.0,-498.34315789473675,180.0,254.1421052631581,1508.2842105263162,1950.0,-863.5,-795.25
447,2270.763157894737,438.7894736842105,-432.3092105263157,475.0,-545.8473684210526,180.0,135.38157894736855,1270.763157894737,1950.0,-853.7368421052631,-780.6052631578948
448,2150.178947368421,389.6052631578948,-462.4552631578947,475.0,-569.9642105263158,180.0,75.08947368421059,1150.1789473684212,1950.0,-870.1315789473684,-805.1973684210526
449,2137.6894736842105,375.2368421052632,-465.5776315789474,475.0,-572.4621052631579,180.0,68.84473684210525,1137.6894736842105,1950.0,-874.921052631579,-812.3815789473684
450,2168.0842105263155,386.8421052631579,-457.97894736842113,475.0,-566.3831578947369,180.0,84.04210526315774,1168.0842105263155,1950.0,-871.0526315789474,-806.578947368421
451,2452.136842105263,417.2368421052632,-386.96578947368425,475.0,-509.5726315789474,180.0,226.0684210526315,1452.136842105263,1950.0,-860.921052631579,-791.3815789473684
452,2315.581578947368,400.9342105263158,-421.10460526315796,475.0,-536.8836842105263,180.0,157.79078947368407,1315.5815789473681,1950.0,-866.3552631578948,-799.5328947368421
453,2300.826315789473,354.2368421052632,-424.79342105263174,475.0,-539.8347368421054,180.0,150.4131578947365,1300.826315789473,1950.0,-881.921052631579,-822.8815789473684
454,2545.918421052632,373.8552631578948,-363.52039473684204,475.0,-490.8163157894736,180.0,272.9592105263159,1545.9184210526319,1950.0,-875.3815789473684,-813.0723684210526
455,2381.1236842105263,411.9868421052632,-404.7190789473684,475.0,-523.7752631578948,180.0,190.56184210526317,1381.1236842105263,1950.0,-862.671052631579,-794.0065789473684
456,2210.1394736842103,402.5921052631579,-447.4651315789474,475.0,-557.9721052631579,180.0,105.06973684210516,1210.1394736842103,1950.0,-865.8026315789474,-798.703947368421
457,2369.9052631578948,385.7368421052632,-407.5236842105263,475.0,-526.0189473684211,180.0,184.95263157894738,1369.9052631578948,1950.0,-871.421052631579,-807.1315789473684
458,2302.871052631579,425.8026315789474,-424.28223684210525,475.0,-539.4257894736842,180.0,151.4355263157895,1302.871052631579,1950.0,-858.0657894736842,-787.0986842105262
459,2161.3973684210528,368.8815789473684,-459.6506578947368,475.0,-567.7205263157895,180.0,80.69868421052638,1161.3973684210528,1950.0,-877.0394736842105,-815.5592105263158
460,2087.786842105263,404.25,-478.05328947368423,475.0,-582.4426315789474,180.0,43.89342105263154,1087.786842105263,1950.0,-865.25,-797.875
461,2365.2078947368423,409.2236842105263,-408.69802631578943,475.0,-526.9584210526316,180.0,182.60394736842113,1365.2078947368423,1950.0,-863.5921052631579,-795.3881578947369
462,2188.476315789473,414.75,-452.8809210526317,475.0,-562.3047368421054,180.0,94.23815789473656,1188.4763157894731,1950.0,-861.75,-792.625
463,2141.7236842105262,422.4868421052632,-464.56907894736844,475.0,-571.6552631578948,180.0,70.86184210526312,1141.7236842105262,1950.0,-859.171052631579,-788.7565789473684
464,2171.842105263158,452.6052631578948,-457.0394736842105,475.0,-565.6315789473684,180.0,85.92105263157896,1171.842105263158,1950.0,-849.1315789473684,-773.6973684210526
465,2387.092105263158,414.1973684210526,-403.2269736842105,475.0,-522.5815789473684,180.0,193.54605263157896,1387.092105263158,1950.0,-861.9342105263158,-792.9013157894738
466,2144.8736842105263,420.0,-463.7815789473684,475.0,-571.0252631578948,180.0,72.43684210526317,1144.8736842105263,1950.0,-860.0,-790.0
467,2062.8078947368417,375.5131578947368,-484.29802631578957,475.0,-587.4384210526316,180.0,31.40394736842086,1062.8078947368417,1950.0,-874.828947368421,-812.2434210526316
468,2133.9315789473685,422.2105263157895,-466.5171052631579,475.0,-573.2136842105263,180.0,66.96578947368425,1133.9315789473685,1950.0,-859.2631578947369,-788.8947368421052
469,2262.915789473684,417.7894736842105,-434.271052631579,475.0,-547.4168421052632,180.0,131.45789473684204,1262.915789473684,1950.0,-860.7368421052631,-791.1052631578948
470,2140.728947368421,434.6447368421052,-464.8177631578948,475.0,-571.8542105263158,180.0,70.36447368421045,1140.728947368421,1950.0,-855.1184210526316,-782.6776315789474
471,2241.142105263158,369.7105263157895,-439.7144736842105,475.0,-551.7715789473684,180.0,120.57105263157905,1241.142105263158,1950.0,-876.7631578947369,-815.1447368421052
472,2492.092105263157,425.25,-376.97697368421075,475.0,-501.5815789473686,180.0,246.0460526315785,1492.092105263157,1950.0,-858.25,-787.375
473,2366.257894736842,370.8157894736842,-408.4355263157895,475.0,-526.7484210526316,180.0,183.128947368421,1366.257894736842,1950.0,-876.3947368421052,-814.5921052631579
474,2414.502631578948,377.7236842105263,-396.37434210526305,475.0,-517.0994736842105,180.0,207.2513157894739,1414.5026315789478,1950.0,-874.0921052631579,-811.1381578947369
475,2216.936842105263,415.0263157894737,-445.7657894736842,475.0,-556.6126315789473,180.0,108.46842105263158,1216.9368421052632,1950.0,-861.6578947368421,-792.4868421052631
476,2449.5394736842104,392.0921052631579,-387.6151315789474,475.0,-510.0921052631579,180.0,224.7697368421052,1449.5394736842104,1950.0,-869.3026315789474,-803.953947368421
477,2201.628947368421,377.1710526315789,-449.59276315789475,475.0,-559.6742105263158,180.0,100.8144736842105,1201.628947368421,1950.0,-874.2763157894738,-811.4144736842105
478,2097.5684210526315,455.3684210526316,-475.6078947368421,475.0,-580.4863157894737,180.0,48.784210526315746,1097.5684210526315,1950.0,-848.2105263157895,-772.3157894736842
479,2366.313157894737,466.6973684210526,-408.4217105263158,475.0,-526.7373684210527,180.0,183.15657894736842,1366.3131578947368,1950.0,-844.4342105263158,-766.6513157894738
480,2313.0394736842104,462.2763157894737,-421.7401315789474,475.0,-537.3921052631579,180.0,156.5197368421052,1313.0394736842104,1950.0,-845.9078947368421,-768.8618421052631
481,2158.136842105263,452.0526315789474,-460.46578947368425,475.0,-568.3726315789474,180.0,79.06842105263149,1158.136842105263,1950.0,-849.3157894736842,-773.9736842105262
482,2435.557894736842,372.4736842105263,-391.11052631578946,475.0,-512.8884210526315,180.0,217.7789473684211,1435.5578947368422,1950.0,-875.8421052631579,-813.7631578947369
483,2279.1631578947367,385.1842105263158,-430.2092105263158,475.0,-544.1673684210526,180.0,139.58157894736837,1279.1631578947367,1950.0,-871.6052631578948,-807.4078947368421
484,2260.815789473684,438.2368421052632,-434.79605263157896,475.0,-547.8368421052631,180.0,130.40789473684208,1260.8157894736842,1950.0,-853.921052631579,-780.8815789473684
485,2027.494736842105,360.8684210526316,-493.1263157894737,475.0,-594.501052631579,180.0,13.747368421052556,1027.494736842105,1950.0,-879.7105263157895,-819.5657894736842
486,2223.844736842105,450.1184210526316,-444.0388157894738,475.0,-555.231052631579,180.0,111.9223684210524,1223.8447368421048,1950.0,-849.9605263157895,-774.9407894736842
487,2072.092105263158,399.8289473684211,-481.9769736842105,475.0,-585.5815789473684,180.0,36.04605263157896,1072.092105263158,1950.0,-866.7236842105262,-800.0855263157895
488,2137.0263157894738,436.5789473684211,-465.74342105263156,475.0,-572.5947368421052,180.0,68.51315789473688,1137.0263157894738,1950.0,-854.4736842105262,-781.7105263157895
489,2260.4289473684207,443.4868421052632,-434.8927631578948,475.0,-547.9142105263159,180.0,130.21447368421036,1260.4289473684207,1950.0,-852.171052631579,-778.2565789473684
490,2209.310526315789,373.5789473684211,-447.67236842105274,475.0,-558.1378947368422,180.0,104.65526315789452,1209.310526315789,1950.0,-875.4736842105262,-813.2105263157895
491,2232.2447368421053,340.1447368421052,-441.93881578947367,475.0,-553.551052631579,180.0,116.12236842105267,1232.2447368421053,1950.0,-886.6184210526316,-829.9276315789474
492,2577.4736842105262,369.7105263157895,-355.63157894736844,475.0,-484.5052631578948,180.0,288.7368421052631,1577.4736842105262,1950.0,-876.7631578947369,-815.1447368421052
493,2173.610526315789,364.1842105263158,-456.5973684210528,475.0,-565.2778947368422,180.0,86.80526315789439,1173.6105263157888,1950.0,-878.6052631578948,-817.9078947368421
494,2061.978947368421,402.8684210526316,-484.5052631578948,475.0,-587.6042105263158,180.0,30.989473684210452,1061.978947368421,1950.0,-865.7105263157895,-798.5657894736842
495,2367.860526315789,370.5394736842105,-408.0348684210528,475.0,-526.4278947368423,180.0,183.9302631578944,1367.8605263157888,1950.0,-876.4868421052631,-814.7302631578948
496,2425.721052631579,328.8157894736842,-393.56973684210527,475.0,-514.8557894736842,180.0,212.86052631578946,1425.721052631579,1950.0,-890.3947368421052,-835.5921052631579
497,2018.984210526316,457.5789473684211,-495.253947368421,475.0,-596.2031578947368,180.0,9.49210526315801,1018.984210526316,1950.0,-847.4736842105262,-771.2105263157895
498,2360.344736842105,389.3289473684211,-409.9138157894738,475.0,-527.9310526315791,180.0,180.1723684210524,1360.3447368421048,1950.0,-870.2236842105262,-805.3355263157895
499,2265.071052631579,380.4868421052632,-433.7322368421053,475.0,-546.9857894736842,180.0,132.5355263157894,1265.0710526315788,1950.0,-873.171052631579,-809.7565789473684
500,2225.502631578948,367.2236842105263,-443.62434210526305,475.0,-554.8994736842104,180.0,112.75131578947389,1225.5026315789478,1950.0,-877.5921052631579,-816.3881578947369
501,2164.05,367.7763157894737,-458.98749999999995,475.0,-567.1899999999999,180.0,82.02500000000009,1164.0500000000002,1950.0,-877.4078947368421,-816.1118421052631
502,2224.83947368421,372.1973684210526,-443.79013157894747,475.0,-555.032105263158,180.0,112.41973684210507,1224.8394736842101,1950.0,-875.9342105263158,-813.9013157894738
503,2467.942105263158,406.7368421052632,-383.01447368421054,475.0,-506.4115789473684,180.0,233.9710526315789,1467.9421052631578,1950.0,-864.421052631579,-796.6315789473684
504,2108.842105263157,399.0,-472.78947368421075,475.0,-578.2315789473686,180.0,54.421052631578505,1108.842105263157,1950.0,-867.0,-800.5
505,1992.0157894736844,443.7631578947368,-501.9960526315789,475.0,-601.5968421052631,180.0,-3.9921052631577822,992.0157894736844,1950.0,-852.078947368421,-778.1184210526316
506,2205.828947368421,364.4605263157895,-448.5427631578948,475.0,-558.8342105263158,180.0,102.9144736842104,1205.8289473684208,1950.0,-878.5131578947369,-817.7697368421052
507,2244.9,407.2894736842105,-438.775,475.0,-551.02,180.0,122.45000000000005,1244.9,1950.0,-864.2368421052631,-796.3552631578948
508,2463.576315789474,376.0657894736842,-384.1059210526315,475.0,-507.2847368421052,180.0,231.78815789473697,1463.576315789474,1950.0,-874.6447368421052,-811.9671052631579
509,2514.805263157895,402.8684210526316,-371.2986842105263,475.0,-497.038947368421,180.0,257.4026315789474,1514.8052631578948,1950.0,-865.7105263157895,-798.5657894736842
510,2199.1421052631576,412.2631578947368,-450.2144736842106,475.0,-560.1715789473685,180.0,99.57105263157882,1199.1421052631576,1950.0,-862.578947368421,-793.8684210526316
511,2167.255263157894,386.0131578947368,-458.18618421052645,475.0,-566.5489473684212,180.0,83.6276315789471,1167.2552631578942,1950.0,-871.328947368421,-806.9934210526316
512,2313.9789473684214,391.8157894736842,-421.50526315789466,475.0,-537.2042105263157,180.0,156.98947368421068,1313.9789473684214,1950.0,-869.3947368421052,-804.0921052631579
513,2151.173684210526,405.6315789473684,-462.2065789473685,475.0,-569.7652631578948,180.0,75.58684210526303,1151.173684210526,1950.0,-864.7894736842105,-797.1842105263158
514,2161.0105263157893,374.1315789473684,-459.74736842105267,475.0,-567.7978947368422,180.0,80.50526315789466,1161.0105263157893,1950.0,-875.2894736842105,-812.9342105263158
515,2167.807894736842,405.3552631578948,-458.04802631578946,475.0,-566.4384210526316,180.0,83.90394736842109,1167.8078947368422,1950.0,-864.8815789473684,-797.3223684210526
516,2125.807894736842,466.6973684210526,-468.54802631578946,475.0,-574.8384210526316,180.0,62.903947368421086,1125.8078947368422,1950.0,-844.4342105263158,-766.6513157894738
517,2351.2263157894736,333.2368421052632,-412.1934210526316,475.0,-529.7547368421053,180.0,175.6131578947368,1351.2263157894736,1950.0,-888.921052631579,-833.3815789473684
518,2139.9552631578945,426.3552631578948,-465.0111842105264,475.0,-572.0089473684211,180.0,69.97763157894724,1139.9552631578945,1950.0,-857.8815789473684,-786.8223684210526
519,2387.5894736842106,431.6052631578948,-403.10263157894735,475.0,-522.4821052631579,180.0,193.7947368421053,1387.5894736842106,1950.0,-856.1315789473684,-784.1973684210526
520,2182.728947368421,410.8815789473684,-454.3177631578948,475.0,-563.4542105263158,180.0,91.36447368421045,1182.728947368421,1950.0,-863.0394736842105,-794.5592105263158
521,2444.1236842105263,352.8552631578948,-388.9690789473684,475.0,-511.17526315789473,180.0,222.06184210526317,1444.1236842105263,1950.0,-882.3815789473684,-823.5723684210526
522,2225.7236842105262,384.3552631578948,-443.56907894736844,475.0,-554.8552631578948,180.0,112.86184210526312,1225.7236842105262,1950.0,-871.8815789473684,-807.8223684210526
523,2260.1526315789474,368.0526315789474,-434.96184210526314,475.0,-547.9694736842105,180.0,130.0763157894737,1260.1526315789474,1950.0,-877.3157894736842,-815.9736842105262
524,2396.8184210526315,378.8289473684211,-400.7953947368421,475.0,-520.6363157894737,180.0,198.40921052631575,1396.8184210526315,1950.0,-873.7236842105262,-810.5855263157895
525,2306.4631578947365,429.3947368421052,-423.3842105263159,475.0,-538.7073684210527,180.0,153.23157894736823,1306.4631578947365,1950.0,-856.8684210526316,-785.3026315789474
526,2319.947368421052,403.4210526315789,-420.013157894737,475.0,-536.0105263157895,180.0,159.97368421052602,1319.947368421052,1950.0,-865.5263157894738,-798.2894736842105
527,2219.092105263158,452.8815789473684,-445.2269736842105,475.0,-556.1815789473684,180.0,109.54605263157896,1219.092105263158,1950.0,-849.0394736842105,-773.5592105263158
528,2494.68947368421,356.4473684210526,-376.3276315789475,475.0,-501.062105263158,180.0,247.34473684210502,1494.68947368421,1950.0,-881.1842105263158,-821.7763157894738
529,2064.963157894737,432.1578947368421,-483.75921052631577,475.0,-587.0073684210527,180.0,32.48157894736846,1064.963157894737,1950.0,-855.9473684210526,-783.921052631579
530,2351.944736842105,452.3289473684211,-412.0138157894737,475.0,-529.611052631579,180.0,175.97236842105258,1351.9447368421052,1950.0,-849.2236842105262,-773.8355263157895
531,2372.557894736842,394.0263157894737,-406.86052631578946,475.0,-525.4884210526316,180.0,186.2789473684211,1372.5578947368422,1950.0,-868.6578947368421,-802.9868421052631
532,2145.813157894737,377.7236842105263,-463.5467105263158,475.0,-570.8373684210526,180.0,72.90657894736842,1145.8131578947368,1950.0,-874.0921052631579,-811.1381578947369
533,2404.6105263157897,379.1052631578948,-398.8473684210526,475.0,-519.077894736842,180.0,202.30526315789484,1404.6105263157897,1950.0,-873.6315789473684,-810.4473684210526
534,2257.7763157894738,378.8289473684211,-435.55592105263156,475.0,-548.4447368421053,180.0,128.88815789473688,1257.7763157894738,1950.0,-873.7236842105262,-810.5855263157895
535,2394.442105263158,399.0,-401.38947368421054,475.0,-521.1115789473685,180.0,197.2210526315789,1394.4421052631578,1950.0,-867.0,-800.5
536,2400.3552631578946,352.3026315789474,-399.91118421052636,475.0,-519.9289473684211,180.0,200.17763157894728,1400.3552631578946,1950.0,-882.5657894736842,-823.8486842105262
537,2047.6105263157892,501.2368421052632,-488.0973684210527,475.0,-590.4778947368421,180.0,23.805263157894615,1047.6105263157892,1950.0,-832.921052631579,-749.3815789473684
538,2103.592105263157,403.1447368421052,-474.10197368421075,475.0,-579.2815789473686,180.0,51.796052631578505,1103.592105263157,1950.0,-865.6184210526316,-798.4276315789474
539,2174.1631578947367,383.5263157894737,-456.4592105263158,475.0,-565.1673684210526,180.0,87.08157894736837,1174.1631578947367,1950.0,-872.1578947368421,-808.2368421052631
540,2199.915789473684,420.5526315789474,-450.021052631579,475.0,-560.0168421052632,180.0,99.95789473684204,1199.915789473684,1950.0,-859.8157894736842,-789.7236842105262
541,2200.578947368421,378.0,-449.8552631578948,475.0,-559.8842105263159,180.0,100.2894736842104,1200.5789473684208,1950.0,-874.0,-811.0
542,2052.4736842105262,445.9736842105263,-486.88157894736844,475.0,-589.5052631578948,180.0,26.236842105263122,1052.4736842105262,1950.0,-851.3421052631579,-777.0131578947369
543,2171.455263157895,382.6973684210526,-457.13618421052627,475.0,-565.708947368421,180.0,85.72763157894747,1171.455263157895,1950.0,-872.4342105263158,-808.6513157894738
544,2217.047368421053,409.5,-445.7381578947368,475.0,-556.5905263157895,180.0,108.52368421052643,1217.0473684210529,1950.0,-863.5,-795.25
545,2214.1736842105265,412.2631578947368,-446.45657894736837,475.0,-557.1652631578947,180.0,107.08684210526326,1214.1736842105265,1950.0,-862.578947368421,-793.8684210526316
546,2455.5631578947364,424.4210526315789,-386.1092105263159,475.0,-508.8873684210527,180.0,227.7815789473682,1455.5631578947364,1950.0,-858.5263157894738,-787.7894736842105
547,2622.5131578947367,395.9605263157895,-344.37171052631584,475.0,-475.49736842105267,180.0,311.2565789473683,1622.5131578947367,1950.0,-868.0131578947369,-802.0197368421052
548,2365.815789473684,374.1315789473684,-408.54605263157896,475.0,-526.8368421052631,180.0,182.90789473684208,1365.8157894736842,1950.0,-875.2894736842105,-812.9342105263158
549,2538.0157894736844,416.6842105263158,-365.4960526315789,475.0,-492.3968421052631,180.0,269.0078947368422,1538.0157894736844,1950.0,-861.1052631578948,-791.6578947368421
550,2121.718421052632,408.1184210526316,-469.570394736842,475.0,-575.6563157894736,180.0,60.85921052631602,1121.718421052632,1950.0,-863.9605263157895,-795.9407894736842
551,2222.5184210526318,384.9078947368421,-444.37039473684206,475.0,-555.4963157894737,180.0,111.25921052631588,1222.5184210526318,1950.0,-871.6973684210526,-807.546052631579
552,2167.642105263158,408.9473684210526,-458.0894736842105,475.0,-566.4715789473684,180.0,83.82105263157905,1167.642105263158,1950.0,-863.6842105263158,-795.5263157894738
553,2231.028947368421,410.3289473684211,-442.24276315789473,475.0,-553.7942105263157,180.0,115.51447368421054,1231.028947368421,1950.0,-863.2236842105262,-794.8355263157895
554,2351.336842105263,374.6842105263158,-412.1657894736843,475.0,-529.7326315789475,180.0,175.6684210526314,1351.3368421052628,1950.0,-875.1052631578948,-812.6578947368421
555,2276.676315789474,382.6973684210526,-430.83092105263154,475.0,-544.6647368421052,180.0,138.33815789473692,1276.6763157894738,1950.0,-872.4342105263158,-808.6513157894738
556,2096.5184210526318,390.4342105263158,-475.87039473684206,475.0,-580.6963157894736,180.0,48.25921052631588,1096.5184210526318,1950.0,-869.8552631578948,-804.7828947368421
557,2297.621052631579,354.7894736842105,-425.59473684210525,475.0,-540.4757894736842,180.0,148.8105263157895,1297.621052631579,1950.0,-881.7368421052631,-822.6052631578948
558,2247.386842105263,409.7763157894737,-438.15328947368425,475.0,-550.5226315789474,180.0,123.69342105263149,1247.386842105263,1950.0,-863.4078947368421,-795.1118421052631
559,2173.444736842105,377.1710526315789,-456.6388157894737,475.0,-565.311052631579,180.0,86.72236842105258,1173.4447368421052,1950.0,-874.2763157894738,-811.4144736842105
560,2155.815789473684,361.4210526315789,-461.04605263157896,475.0,-568.8368421052631,180.0,77.90789473684208,1155.8157894736842,1950.0,-879.5263157894738,-819.2894736842105
561,2116.9657894736843,373.3026315789474,-470.75855263157894,475.0,-576.6068421052631,180.0,58.48289473684213,1116.9657894736843,1950.0,-875.5657894736842,-813.3486842105262
562,2207.1552631578943,354.5131578947368,-448.2111842105264,475.0,-558.5689473684212,180.0,103.57763157894715,1207.1552631578943,1950.0,-881.828947368421,-822.7434210526316
563,2656.4447368421056,390.4342105263158,-335.8888157894736,475.0,-468.7110526315789,180.0,328.2223684210528,1656.4447368421056,1950.0,-869.8552631578948,-804.7828947368421
564,2180.573684210526,373.0263157894737,-454.85657894736846,475.0,-563.8852631578948,180.0,90.28684210526308,1180.5736842105262,1950.0,-875.6578947368421,-813.4868421052631
565,2378.8026315789475,377.7236842105263,-405.2993421052631,475.0,-524.2394736842105,180.0,189.40131578947376,1378.8026315789475,1950.0,-874.0921052631579,-811.1381578947369
566,2356.476315789474,376.0657894736842,-410.8809210526315,475.0,-528.7047368421051,180.0,178.23815789473701,1356.476315789474,1950.0,-874.6447368421052,-811.9671052631579
567,2271.9789473684214,368.6052631578948,-432.00526315789466,475.0,-545.6042105263157,180.0,135.98947368421068,1271.9789473684214,1950.0,-877.1315789473684,-815.6973684210526
568,2155.8710526315786,382.1447368421052,-461.03223684210536,475.0,-568.8257894736843,180.0,77.93552631578928,1155.8710526315786,1950.0,-872.6184210526316,-808.9276315789474
569,2318.8973684210523,413.6447368421052,-420.2756578947369,475.0,-536.2205263157896,180.0,159.44868421052615,1318.8973684210523,1950.0,-862.1184210526316,-793.1776315789474
570,2293.0342105263157,447.9078947368421,-426.74144736842106,475.0,-541.3931578947369,180.0,146.51710526315787,1293.0342105263157,1950.0,-850.6973684210526,-776.046052631579
571,2474.794736842105,345.9473684210526,-381.30131578947373,475.0,-505.04105263157896,180.0,237.39736842105253,1474.794736842105,1950.0,-884.6842105263158,-827.0263157894738
572,2415.773684210526,431.6052631578948,-396.0565789473685,475.0,-516.8452631578948,180.0,207.88684210526299,1415.773684210526,1950.0,-856.1315789473684,-784.1973684210526
573,2229.2605263157893,414.1973684210526,-442.68486842105267,475.0,-554.1478947368421,180.0,114.63026315789466,1229.2605263157893,1950.0,-861.9342105263158,-792.9013157894738
574,2574.8763157894737,363.3552631578948,-356.2809210526316,475.0,-485.0247368421053,180.0,287.43815789473683,1574.8763157894737,1950.0,-878.8815789473684,-818.3223684210526
575,2324.810526315789,413.9210526315789,-418.79736842105274,475.0,-535.0378947368422,180.0,162.40526315789452,1324.810526315789,1950.0,-862.0263157894738,-793.0394736842105
576,2264.352631578948,355.3421052631579,-433.91184210526296,475.0,-547.1294736842103,180.0,132.17631578947407,1264.3526315789481,1950.0,-881.5526315789474,-822.328947368421
577,2378.857894736842,351.4736842105263,-405.2855263157895,475.0,-524.2284210526316,180.0,189.42894736842095,1378.857894736842,1950.0,-882.8421052631579,-824.2631578947369
578,2180.021052631579,391.2631578947368,-454.9947368421052,475.0,-563.9957894736842,180.0,90.01052631578955,1180.021052631579,1950.0,-869.578947368421,-804.3684210526316
579,2102.707894736842,419.1710526315789,-474.32302631578955,475.0,-579.4584210526316,180.0,51.353947368420904,1102.7078947368418,1950.0,-860.2763157894738,-790.4144736842105
580,2203.507894736842,424.1447368421052,-449.1230263157895,475.0,-559.2984210526316,180.0,101.753947368421,1203.507894736842,1950.0,-858.6184210526316,-787.9276315789474
581,2080.326315789473,415.5789473684211,-479.91842105263174,475.0,-583.9347368421054,180.0,40.163157894736514,1080.326315789473,1950.0,-861.4736842105262,-792.2105263157895
582,2250.5368421052626,397.8947368421052,-437.36578947368434,475.0,-549.8926315789474,180.0,125.26842105263131,1250.5368421052626,1950.0,-867.3684210526316,-801.0526315789474
583,2394.994736842105,333.7894736842105,-401.2513157894738,475.0,-521.001052631579,180.0,197.49736842105244,1394.9947368421049,1950.0,-888.7368421052631,-833.1052631578948
584,2314.863157894737,413.3684210526316,-421.28421052631575,475.0,-537.0273684210526,180.0,157.4315789473685,1314.863157894737,1950.0,-862.2105263157895,-793.3157894736842
585,2117.297368421053,366.1184210526316,-470.6756578947368,475.0,-576.5405263157894,180.0,58.648684210526426,1117.2973684210529,1950.0,-877.9605263157895,-816.9407894736842
586,2331.9394736842105,400.3815789473684,-417.0151315789474,475.0,-533.6121052631579,180.0,165.96973684210525,1331.9394736842105,1950.0,-866.5394736842105,-799.8092105263158
587,1993.3973684210523,426.3552631578948,-501.6506578947369,475.0,-601.3205263157895,180.0,-3.301315789473847,993.3973684210523,1950.0,-857.8815789473684,-786.8223684210526
588,2275.6263157894737,336.5526315789474,-431.0934210526316,475.0,-544.8747368421052,180.0,137.81315789473683,1275.6263157894737,1950.0,-887.8157894736842,-831.7236842105262
589,2322.544736842105,400.3815789473684,-419.36381578947373,475.0,-535.491052631579,180.0,161.27236842105253,1322.544736842105,1950.0,-866.5394736842105,-799.8092105263158
590,2152.002631578948,368.8815789473684,-461.99934210526305,475.0,-569.5994736842105,180.0,76.00131578947389,1152.0026315789478,1950.0,-877.0394736842105,-815.5592105263158
591,2395.271052631579,343.4605263157895,-401.1822368421052,475.0,-520.9457894736842,180.0,197.63552631578955,1395.271052631579,1950.0,-885.5131578947369,-828.2697368421052
592,2239.981578947368,347.8815789473684,-440.00460526315806,475.0,-552.0036842105264,180.0,119.99078947368389,1239.9815789473678,1950.0,-884.0394736842105,-826.0592105263158
593,2191.736842105264,406.7368421052632,-452.06578947368405,475.0,-561.6526315789472,180.0,95.8684210526319,1191.7368421052638,1950.0,-864.421052631579,-796.6315789473684
594,2139.4578947368423,361.9736842105263,-465.13552631578943,475.0,-572.1084210526316,180.0,69.72894736842113,1139.4578947368423,1950.0,-879.3421052631579,-819.0131578947369
595,2186.1,387.9473684210526,-453.475,475.0,-562.78,180.0,93.04999999999995,1186.1,1950.0,-870.6842105263158,-806.0263157894738
596,2235.9473684210525,385.1842105263158,-441.0131578947369,475.0,-552.8105263157895,180.0,117.97368421052624,1235.9473684210525,1950.0,-871.6052631578948,-807.4078947368421
597,2370.844736842105,343.4605263157895,-407.2888157894738,475.0,-525.831052631579,180.0,185.4223684210524,1370.8447368421048,1950.0,-885.5131578947369,-828.2697368421052
598,2018.1,351.4736842105263,-495.475,475.0,-596.38,180.0,9.049999999999955,1018.0999999999999,1950.0,-882.8421052631579,-824.2631578947369
599,2512.9263157894734,440.4473684210526,-371.76842105263165,475.0,-497.4147368421053,180.0,256.4631578947367,1512.9263157894734,1950.0,-853.1842105263158,-779.7763157894738
600,2179.302631578947,375.5131578947368,-455.17434210526324,475.0,-564.1394736842105,180.0,89.65131578947353,1179.302631578947,1950.0,-874.828947368421,-812.2434210526316
601,2292.2052631578945,409.5,-426.9486842105264,475.0,-541.5589473684211,180.0,146.10263157894724,1292.2052631578945,1950.0,-863.5,-795.25
602,2287.784210526316,405.0789473684211,-428.05394736842095,475.0,-542.4431578947367,180.0,143.8921052631581,1287.7842105263162,1950.0,-864.9736842105262,-797.4605263157895
603,2275.184210526316,386.8421052631579,-431.20394736842104,475.0,-544.9631578947368,180.0,137.59210526315792,1275.1842105263158,1950.0,-871.0526315789474,-806.578947368421
604,2297.786842105263,398.1710526315789,-425.55328947368423,475.0,-540.4426315789474,180.0,148.89342105263154,1297.786842105263,1950.0,-867.2763157894738,-800.9144736842105
605,2319.6157894736843,382.4210526315789,-420.0960526315789,475.0,-536.0768421052632,180.0,159.80789473684217,1319.6157894736843,1950.0,-872.5263157894738,-808.7894736842105
606,2247.718421052632,440.1710526315789,-438.070394736842,475.0,-550.4563157894736,180.0,123.85921052631602,1247.718421052632,1950.0,-853.2763157894738,-779.9144736842105
607,2256.45,445.1447368421052,-435.88750000000005,475.0,-548.71,180.0,128.2249999999999,1256.4499999999998,1950.0,-851.6184210526316,-777.4276315789474
608,2472.694736842105,375.7894736842105,-381.8263157894737,475.0,-505.461052631579,180.0,236.34736842105258,1472.6947368421052,1950.0,-874.7368421052631,-812.1052631578948
609,2226.386842105263,398.1710526315789,-443.40328947368425,475.0,-554.7226315789474,180.0,113.19342105263149,1226.386842105263,1950.0,-867.2763157894738,-800.9144736842105
610,2349.4026315789474,419.7236842105263,-412.64934210526314,475.0,-530.1194736842106,180.0,174.7013157894737,1349.4026315789474,1950.0,-860.0921052631579,-790.1381578947369
611,2547.576315789474,394.3026315789474,-363.1059210526315,475.0,-490.48473684210524,180.0,273.78815789473697,1547.576315789474,1950.0,-868.5657894736842,-802.8486842105262
612,2142.1657894736845,381.5921052631579,-464.45855263157887,475.0,-571.566842105263,180.0,71.08289473684226,1142.1657894736845,1950.0,-872.8026315789474,-809.203947368421
613,2041.5868421052628,403.1447368421052,-489.6032894736843,475.0,-591.6826315789474,180.0,20.793421052631402,1041.5868421052628,1950.0,-865.6184210526316,-798.4276315789474
614,2373.9947368421053,406.7368421052632,-406.50131578947367,475.0,-525.2010526315789,180.0,186.99736842105267,1373.9947368421053,1950.0,-864.421052631579,-796.6315789473684
615,2176.5394736842104,419.7236842105263,-455.8651315789474,475.0,-564.6921052631579,180.0,88.2697368421052,1176.5394736842104,1950.0,-860.0921052631579,-790.1381578947369
616,2377.2,387.3947368421052,-405.70000000000005,475.0,-524.5600000000001,180.0,188.5999999999999,1377.1999999999998,1950.0,-870.8684210526316,-806.3026315789474
617,2394.6078947368424,395.4078947368421,-401.3480263157894,475.0,-521.0784210526315,180.0,197.30394736842118,1394.6078947368424,1950.0,-868.1973684210526,-802.296052631579
618,2195.1631578947367,404.5263157894737,-451.2092105263158,475.0,-560.9673684210527,180.0,97.58157894736837,1195.1631578947367,1950.0,-865.1578947368421,-797.7368421052631
619,2403.45,385.4605263157895,-399.13750000000005,475.0,-519.3100000000001,180.0,201.7249999999999,1403.4499999999998,1950.0,-871.5131578947369,-807.2697368421052
620,2281.3184210526315,423.0394736842105,-429.6703947368421,475.0,-543.7363157894737,180.0,140.65921052631575,1281.3184210526315,1950.0,-858.9868421052631,-788.4802631578948
621,2143.436842105263,360.3157894736842,-464.1407894736842,475.0,-571.3126315789474,180.0,71.71842105263158,1143.4368421052632,1950.0,-879.8947368421052,-819.8421052631579
622,2713.08947368421,371.9210526315789,-321.72763157894747,475.0,-457.382105263158,180.0,356.54473684210507,1713.0894736842101,1950.0,-876.0263157894738,-814.0394736842105
623,2228.5973684210526,390.9868421052632,-442.85065789473686,475.0,-554.2805263157895,180.0,114.29868421052629,1228.5973684210526,1950.0,-869.671052631579,-804.5065789473684
624,2522.818421052632,401.4868421052632,-369.295394736842,475.0,-495.4363157894736,180.0,261.409210526316,1522.818421052632,1950.0,-866.171052631579,-799.2565789473684
625,2399.692105263158,413.6447368421052,-400.07697368421054,475.0,-520.0615789473684,180.0,199.8460526315789,1399.6921052631578,1950.0,-862.1184210526316,-793.1776315789474
626,2166.757894736842,387.3947368421052,-458.3105263157895,475.0,-566.6484210526316,180.0,83.378947368421,1166.757894736842,1950.0,-870.8684210526316,-806.3026315789474
627,2195.55,380.4868421052632,-451.11249999999995,475.0,-560.89,180.0,97.77500000000009,1195.5500000000002,1950.0,-873.171052631579,-809.7565789473684
628,2214.0631578947364,361.4210526315789,-446.4842105263159,475.0,-557.1873684210527,180.0,107.03157894736819,1214.0631578947364,1950.0,-879.5263157894738,-819.2894736842105
629,2398.365789473684,414.1973684210526,-400.408552631579,475.0,-520.3268421052633,180.0,199.18289473684194,1398.365789473684,1950.0,-861.9342105263158,-792.9013157894738
630,2298.726315789474,402.8684210526316,-425.3184210526315,475.0,-540.2547368421052,180.0,149.36315789473701,1298.726315789474,1950.0,-865.7105263157895,-798.5657894736842
631,2230.4210526315787,417.2368421052632,-442.3947368421053,475.0,-553.9157894736843,180.0,115.21052631578937,1230.4210526315787,1950.0,-860.921052631579,-791.3815789473684
632,2392.618421052632,382.1447368421052,-401.84539473684197,475.0,-521.4763157894736,180.0,196.30921052631606,1392.6184210526321,1950.0,-872.6184210526316,-808.9276315789474
633,2299.942105263158,370.2631578947368,-425.01447368421054,475.0,-540.0115789473684,180.0,149.9710526315789,1299.9421052631578,1950.0,-876.578947368421,-814.8684210526316
634,2723.313157894737,363.3552631578948,-319.1717105263158,475.0,-455.3373684210526,180.0,361.6565789473684,1723.3131578947368,1950.0,-878.8815789473684,-818.3223684210526
635,2180.1315789473683,413.9210526315789,-454.9671052631579,475.0,-563.9736842105264,180.0,90.06578947368416,1180.1315789473683,1950.0,-862.0263157894738,-793.0394736842105
636,2061.371052631579,390.9868421052632,-484.65723684210525,475.0,-587.7257894736842,180.0,30.685526315789502,1061.371052631579,1950.0,-869.671052631579,-804.5065789473684
637,2376.481578947368,334.0657894736842,-405.87960526315806,475.0,-524.7036842105265,180.0,188.2407894736839,1376.4815789473678,1950.0,-888.6447368421052,-832.9671052631579
638,2559.0157894736844,465.8684210526316,-360.2460526315789,475.0,-488.1968421052631,180.0,279.5078947368422,1559.0157894736844,1950.0,-844.7105263157895,-767.0657894736842
639,2495.2421052631576,357.0,-376.1894736842106,475.0,-500.9515789473685,180.0,247.62105263157878,1495.2421052631576,1950.0,-881.0,-821.5
640,2367.6394736842103,381.5921052631579,-408.0901315789474,475.0,-526.4721052631579,180.0,183.81973684210516,1367.6394736842103,1950.0,-872.8026315789474,-809.203947368421
641,2216.4947368421053,352.5789473684211,-445.87631578947367,475.0,-556.7010526315789,180.0,108.24736842105267,1216.4947368421053,1950.0,-882.4736842105262,-823.7105263157895
642,2455.784210526316,375.7894736842105,-386.05394736842095,475.0,-508.84315789473675,180.0,227.8921052631581,1455.7842105263162,1950.0,-874.7368421052631,-812.1052631578948
643,2412.4578947368423,437.6842105263158,-396.88552631578943,475.0,-517.5084210526315,180.0,206.22894736842113,1412.4578947368423,1950.0,-854.1052631578948,-781.1578947368421
644,2001.3,402.3157894736842,-499.675,475.0,-599.74,180.0,0.6499999999999773,1001.3,1950.0,-865.8947368421052,-798.8421052631579
645,2194.555263157895,402.0394736842105,-451.3611842105263,475.0,-561.088947368421,180.0,97.27763157894742,1194.5552631578948,1950.0,-865.9868421052631,-798.9802631578948
646,2153.384210526316,332.6842105263158,-461.653947368421,475.0,-569.3231578947368,180.0,76.69210526315806,1153.384210526316,1950.0,-889.1052631578948,-833.6578947368421
647,2104.4210526315787,366.3947368421052,-473.8947368421053,475.0,-579.1157894736842,180.0,52.210526315789366,1104.4210526315787,1950.0,-877.8684210526316,-816.8026315789474
648,2444.4,381.3157894736842,-388.9,475.0,-511.12,180.0,222.20000000000005,1444.4,1950.0,-872.8947368421052,-809.3421052631579
649,2146.0894736842106,415.5789473684211,-463.47763157894735,475.0,-570.7821052631579,180.0,73.0447368421053,1146.0894736842106,1950.0,-861.4736842105262,-792.2105263157895
650,2392.507894736842,378.2763157894737,-401.8730263157895,475.0,-521.4984210526316,180.0,196.253947368421,1392.507894736842,1950.0,-873.9078947368421,-810.8618421052631
651,2223.2921052631577,346.2236842105263,-444.17697368421057,475.0,-555.3415789473685,180.0,111.64605263157887,1223.2921052631577,1950.0,-884.5921052631579,-826.8881578947369
652,2301.378947368421,373.5789473684211,-424.65526315789475,475.0,-539.7242105263158,180.0,150.6894736842105,1301.378947368421,1950.0,-875.4736842105262,-813.2105263157895
653,2248.105263157895,397.3421052631579,-437.97368421052624,475.0,-550.378947368421,180.0,124.05263157894751,1248.105263157895,1950.0,-867.5526315789474,-801.328947368421
654,2358.2447368421053,400.3815789473684,-410.43881578947367,475.0,-528.3510526315789,180.0,179.12236842105267,1358.2447368421053,1950.0,-866.5394736842105,-799.8092105263158
655,2254.515789473684,377.4473684210526,-436.371052631579,475.0,-549.0968421052632,180.0,127.25789473684199,1254.515789473684,1950.0,-874.1842105263158,-811.2763157894738
656,2480.5973684210526,379.9342105263158,-379.85065789473686,475.0,-503.8805263157895,180.0,240.2986842105263,1480.5973684210526,1950.0,-873.3552631578948,-810.0328947368421
657,2443.128947368421,393.1973684210526,-389.21776315789475,475.0,-511.3742105263158,180.0,221.5644736842105,1443.128947368421,1950.0,-868.9342105263158,-803.4013157894738
658,2391.5131578947367,371.6447368421052,-402.12171052631584,475.0,-521.6973684210527,180.0,195.75657894736833,1391.5131578947367,1950.0,-876.1184210526316,-814.1776315789474
659,2146.0894736842106,415.5789473684211,-463.47763157894735,475.0,-570.7821052631579,180.0,73.0447368421053,1146.0894736842106,1950.0,-861.4736842105262,-792.2105263157895
660,2057.2263157894736,415.0263157894737,-485.6934210526316,475.0,-588.5547368421053,180.0,28.613157894736787,1057.2263157894736,1950.0,-861.6578947368421,-792.4868421052631
661,2207.321052631579,407.2894736842105,-448.1697368421053,475.0,-558.5357894736842,180.0,103.66052631578941,1207.3210526315788,1950.0,-864.2368421052631,-796.3552631578948
662,2223.734210526316,380.4868421052632,-444.066447368421,475.0,-555.2531578947368,180.0,111.86710526315801,1223.734210526316,1950.0,-873.171052631579,-809.7565789473684
663,2198.423684210526,452.8815789473684,-450.3940789473685,475.0,-560.3152631578948,180.0,99.21184210526303,1198.423684210526,1950.0,-849.0394736842105,-773.5592105263158
664,2221.136842105263,421.1052631578948,-444.71578947368425,475.0,-555.7726315789474,180.0,110.56842105263149,1221.136842105263,1950.0,-859.6315789473684,-789.4473684210526
665,2177.257894736842,388.5,-455.6855263157895,475.0,-564.5484210526316,180.0,88.628947368421,1177.257894736842,1950.0,-870.5,-805.75
666,2323.0421052631577,370.8157894736842,-419.23947368421057,475.0,-535.3915789473684,180.0,161.52105263157887,1323.0421052631577,1950.0,-876.3947368421052,-814.5921052631579
667,2463.1894736842105,400.1052631578948,-384.2026315789474,475.0,-507.3621052631579,180.0,231.59473684210525,1463.1894736842105,1950.0,-866.6315789473684,-799.9473684210526
668,2521.7684210526318,402.3157894736842,-369.55789473684206,475.0,-495.64631578947365,180.0,260.8842105263159,1521.7684210526318,1950.0,-865.8947368421052,-798.8421052631579
669,2355.536842105263,380.7631578947368,-411.11578947368423,475.0,-528.8926315789474,180.0,177.76842105263154,1355.536842105263,1950.0,-873.078947368421,-809.6184210526316
670,2295.4657894736843,373.3026315789474,-426.13355263157894,475.0,-540.9068421052632,180.0,147.73289473684213,1295.4657894736843,1950.0,-875.5657894736842,-813.3486842105262
671,2365.594736842105,385.1842105263158,-408.6013157894738,475.0,-526.881052631579,180.0,182.7973684210524,1365.5947368421048,1950.0,-871.6052631578948,-807.4078947368421
672,2457.331578947368,439.3421052631579,-385.66710526315796,475.0,-508.53368421052636,180.0,228.66578947368407,1457.3315789473681,1950.0,-853.5526315789474,-780.328947368421
673,2505.3,370.8157894736842,-373.67499999999995,475.0,-498.93999999999994,180.0,252.6500000000001,1505.3000000000002,1950.0,-876.3947368421052,-814.5921052631579
674,2298.6710526315787,391.5394736842105,-425.3322368421053,475.0,-540.2657894736842,180.0,149.33552631578937,1298.6710526315787,1950.0,-869.4868421052631,-804.2302631578948
675,2050.65,419.7236842105263,-487.3375,475.0,-589.87,180.0,25.325000000000045,1050.65,1950.0,-860.0921052631579,-790.1381578947369
676,2561.88947368421,359.7631578947368,-359.52763157894753,475.0,-487.622105263158,180.0,280.94473684210493,1561.8894736842099,1950.0,-880.078947368421,-820.1184210526316
677,2320.555263157895,377.7236842105263,-419.8611842105263,475.0,-535.888947368421,180.0,160.27763157894742,1320.5552631578948,1950.0,-874.0921052631579,-811.1381578947369
678,2463.023684210526,403.6973684210526,-384.2440789473685,475.0,-507.3952631578948,180.0,231.51184210526299,1463.023684210526,1950.0,-865.4342105263158,-798.1513157894738
679,2474.960526315789,408.1184210526316,-381.2598684210527,475.0,-505.00789473684216,180.0,237.48026315789457,1474.9605263157891,1950.0,-863.9605263157895,-795.9407894736842
680,2506.847368421052,368.6052631578948,-373.28815789473697,475.0,-498.63052631578955,180.0,253.42368421052606,1506.8473684210521,1950.0,-877.1315789473684,-815.6973684210526
681,2244.347368421052,463.1052631578948,-438.91315789473697,475.0,-551.1305263157896,180.0,122.17368421052606,1244.3473684210521,1950.0,-845.6315789473684,-768.4473684210526
682,2320.4999999999995,403.9736842105263,-419.8750000000001,475.0,-535.9000000000001,180.0,160.24999999999977,1320.4999999999995,1950.0,-865.3421052631579,-798.0131578947369
683,2001.7421052631576,399.0,-499.5644736842106,475.0,-599.6515789473685,180.0,0.8710526315787774,1001.7421052631576,1950.0,-867.0,-800.5
684,2177.534210526316,341.8026315789474,-455.61644736842095,475.0,-564.4931578947368,180.0,88.7671052631581,1177.5342105263162,1950.0,-886.0657894736842,-829.0986842105262
685,2143.105263157895,452.0526315789474,-464.22368421052624,475.0,-571.378947368421,180.0,71.55263157894751,1143.105263157895,1950.0,-849.3157894736842,-773.9736842105262
686,2209.752631578948,389.0526315789474,-447.56184210526305,475.0,-558.0494736842104,180.0,104.87631578947389,1209.7526315789478,1950.0,-870.3157894736842,-805.4736842105262
687,2643.789473684211,342.0789473684211,-339.0526315789473,475.0,-471.2421052631578,180.0,321.89473684210543,1643.7894736842109,1950.0,-885.9736842105262,-828.9605263157895
688,2289.2763157894733,372.75,-427.6809210526317,475.0,-542.1447368421053,180.0,144.63815789473665,1289.2763157894733,1950.0,-875.75,-813.625
689,2121.9394736842105,415.8552631578948,-469.5151315789474,475.0,-575.6121052631579,180.0,60.96973684210525,1121.9394736842105,1950.0,-861.3815789473684,-792.0723684210526
690,2067.45,387.6710526315789,-483.13750000000005,475.0,-586.51,180.0,33.72499999999991,1067.4499999999998,1950.0,-870.7763157894738,-806.1644736842105
691,2212.515789473684,382.4210526315789,-446.871052631579,475.0,-557.4968421052632,180.0,106.25789473684199,1212.515789473684,1950.0,-872.5263157894738,-808.7894736842105
692,2123.486842105264,357.2763157894737,-469.12828947368405,475.0,-575.3026315789473,180.0,61.7434210526319,1123.4868421052638,1950.0,-880.9078947368421,-821.3618421052631
693,2211.6315789473683,389.0526315789474,-447.0921052631579,475.0,-557.6736842105263,180.0,105.81578947368416,1211.6315789473683,1950.0,-870.3157894736842,-805.4736842105262
694,2242.4131578947367,395.4078947368421,-439.3967105263158,475.0,-551.5173684210527,180.0,121.20657894736837,1242.4131578947367,1950.0,-868.1973684210526,-802.296052631579
695,2250.4815789473687,414.75,-437.3796052631578,475.0,-549.9036842105263,180.0,125.24078947368434,1250.4815789473687,1950.0,-861.75,-792.625
696,2559.236842105264,360.8684210526316,-360.19078947368405,475.0,-488.15263157894725,180.0,279.6184210526319,1559.2368421052638,1950.0,-879.7105263157895,-819.5657894736842
697,2215.721052631579,410.0526315789474,-446.06973684210527,475.0,-556.8557894736842,180.0,107.86052631578946,1215.721052631579,1950.0,-863.3157894736842,-794.9736842105262
698,2377.2,406.1842105263158,-405.70000000000005,475.0,-524.5600000000001,180.0,188.5999999999999,1377.1999999999998,1950.0,-864.6052631578948,-796.9078947368421
699,1932.6631578947367,433.2631578947368,-516.8342105263158,475.0,-613.4673684210527,180.0,-33.66842105263163,932.6631578947367,1950.0,-855.578947368421,-783.3684210526316
700,2274.465789473684,399.2763157894737,-431.38355263157905,475.0,-545.1068421052632,180.0,137.2328947368419,1274.4657894736838,1950.0,-866.9078947368421,-800.3618421052631
701,2302.8710526315786,350.6447368421052,-424.28223684210536,475.0,-539.4257894736843,180.0,151.43552631578928,1302.8710526315786,1950.0,-883.1184210526316,-824.6776315789474
702,2233.128947368421,399.2763157894737,-441.71776315789475,475.0,-553.3742105263158,180.0,116.5644736842105,1233.128947368421,1950.0,-866.9078947368421,-800.3618421052631
703,2228.707894736842,423.0394736842105,-442.82302631578955,475.0,-554.2584210526317,180.0,114.3539473684209,1228.7078947368418,1950.0,-858.9868421052631,-788.4802631578948
704,2176.263157894737,410.0526315789474,-455.9342105263157,475.0,-564.7473684210526,180.0,88.13157894736855,1176.263157894737,1950.0,-863.3157894736842,-794.9736842105262
705,2119.121052631579,429.9473684210526,-470.21973684210525,475.0,-576.1757894736842,180.0,59.5605263157895,1119.121052631579,1950.0,-856.6842105263158,-785.0263157894738
706,2257.444736842105,442.3815789473684,-435.6388157894737,475.0,-548.511052631579,180.0,128.72236842105258,1257.4447368421052,1950.0,-852.5394736842105,-778.8092105263158
707,2246.8342105263155,362.25,-438.29144736842113,475.0,-550.6331578947369,180.0,123.41710526315774,1246.8342105263155,1950.0,-879.25,-818.875
708,2630.968421052631,419.4473684210526,-342.2578947368422,475.0,-473.80631578947373,180.0,315.48421052631556,1630.9684210526311,1950.0,-860.1842105263158,-790.2763157894738
709,2341.334210526316,334.6184210526316,-414.666447368421,475.0,-531.7331578947368,180.0,170.66710526315796,1341.334210526316,1950.0,-888.4605263157895,-832.6907894736842
710,2274.8526315789472,403.4210526315789,-431.2868421052632,475.0,-545.0294736842105,180.0,137.42631578947362,1274.8526315789472,1950.0,-865.5263157894738,-798.2894736842105
711,2228.1,392.3684210526316,-442.975,475.0,-554.38,180.0,114.04999999999995,1228.1,1950.0,-869.2105263157895,-803.8157894736842
712,2301.323684210526,381.0394736842105,-424.66907894736846,475.0,-539.7352631578948,180.0,150.66184210526308,1301.3236842105262,1950.0,-872.9868421052631,-809.4802631578948
713,2640.7499999999995,386.0131578947368,-339.8125000000001,475.0,-471.85000000000014,180.0,320.3749999999998,1640.7499999999995,1950.0,-871.328947368421,-806.9934210526316
714,2222.960526315789,466.1447368421052,-444.2598684210527,475.0,-555.4078947368422,180.0,111.48026315789457,1222.9605263157891,1950.0,-844.6184210526316,-766.9276315789474
715,2443.4052631578948,384.0789473684211,-389.1486842105263,475.0,-511.31894736842105,180.0,221.70263157894738,1443.4052631578948,1950.0,-871.9736842105262,-807.9605263157895
716,2204.281578947368,394.8552631578948,-448.929605263158,475.0,-559.1436842105264,180.0,102.14078947368398,1204.281578947368,1950.0,-868.3815789473684,-802.5723684210526
717,2376.371052631579,377.1710526315789,-405.90723684210525,475.0,-524.7257894736842,180.0,188.1855263157895,1376.371052631579,1950.0,-874.2763157894738,-811.4144736842105
718,2267.4473684210525,388.5,-433.1381578947369,475.0,-546.5105263157895,180.0,133.72368421052624,1267.4473684210525,1950.0,-870.5,-805.75
719,2352.4973684210527,396.5131578947368,-411.87565789473683,475.0,-529.5005263157894,180.0,176.24868421052633,1352.4973684210527,1950.0,-867.828947368421,-801.7434210526316
720,2109.2289473684214,384.3552631578948,-472.69276315789466,475.0,-578.1542105263158,180.0,54.61447368421068,1109.2289473684214,1950.0,-871.8815789473684,-807.8223684210526
721,2369.021052631579,401.7631578947368,-407.7447368421052,475.0,-526.1957894736842,180.0,184.51052631578955,1369.021052631579,1950.0,-866.078947368421,-799.1184210526316
722,2217.765789473684,378.2763157894737,-445.558552631579,475.0,-556.4468421052632,180.0,108.88289473684199,1217.765789473684,1950.0,-873.9078947368421,-810.8618421052631
723,2867.43947368421,372.1973684210526,-283.1401315789475,475.0,-426.512105263158,180.0,433.719736842105,1867.43947368421,1950.0,-875.9342105263158,-813.9013157894738
724,2332.6026315789472,367.2236842105263,-416.8493421052632,475.0,-533.4794736842106,180.0,166.30131578947362,1332.6026315789472,1950.0,-877.5921052631579,-816.3881578947369
725,2216.7157894736843,426.0789473684211,-445.82105263157894,475.0,-556.6568421052632,180.0,108.35789473684213,1216.7157894736843,1950.0,-857.9736842105262,-786.9605263157895
726,2357.0842105263155,416.1315789473684,-410.72894736842113,475.0,-528.5831578947369,180.0,178.54210526315774,1357.0842105263155,1950.0,-861.2894736842105,-791.9342105263158
727,2354.9289473684207,378.2763157894737,-411.2677631578948,475.0,-529.0142105263159,180.0,177.46447368421036,1354.9289473684207,1950.0,-873.9078947368421,-810.8618421052631
728,2191.6263157894737,402.8684210526316,-452.0934210526316,475.0,-561.6747368421053,180.0,95.81315789473683,1191.6263157894737,1950.0,-865.7105263157895,-798.5657894736842
729,2342.273684210526,395.6842105263158,-414.4315789473685,475.0,-531.5452631578949,180.0,171.13684210526299,1342.273684210526,1950.0,-868.1052631578948,-802.1578947368421
730,2467.278947368421,355.3421052631579,-383.18026315789473,475.0,-506.5442105263158,180.0,233.63947368421054,1467.278947368421,1950.0,-881.5526315789474,-822.328947368421
731,2551.9973684210527,379.9342105263158,-362.00065789473683,475.0,-489.60052631578947,180.0,275.99868421052633,1551.9973684210527,1950.0,-873.3552631578948,-810.0328947368421
732,2250.6473684210528,364.1842105263158,-437.3381578947368,475.0,-549.8705263157894,180.0,125.32368421052638,1250.6473684210528,1950.0,-878.6052631578948,-817.9078947368421
733,2268.718421052631,386.0131578947368,-432.8203947368422,475.0,-546.2563157894738,180.0,134.35921052631556,1268.7184210526311,1950.0,-871.328947368421,-806.9934210526316
734,2255.565789473684,357.8289473684211,-436.10855263157896,475.0,-548.8868421052632,180.0,127.78289473684208,1255.5657894736842,1950.0,-880.7236842105262,-821.0855263157895
735,2145.592105263158,407.5657894736842,-463.6019736842105,475.0,-570.8815789473684,180.0,72.79605263157896,1145.592105263158,1950.0,-864.1447368421052,-796.2171052631579
736,2351.2815789473684,419.7236842105263,-412.1796052631579,475.0,-529.7436842105263,180.0,175.6407894736842,1351.2815789473684,1950.0,-860.0921052631579,-790.1381578947369
737,2688.552631578947,349.2631578947368,-327.86184210526324,475.0,-462.28947368421063,180.0,344.27631578947353,1688.552631578947,1950.0,-883.578947368421,-825.3684210526316
738,2143.934210526316,471.6710526315789,-464.01644736842104,475.0,-571.2131578947368,180.0,71.96710526315792,1143.9342105263158,1950.0,-842.7763157894738,-764.1644736842105
739,2053.7447368421053,405.9078947368421,-486.56381578947367,475.0,-589.2510526315789,180.0,26.87236842105267,1053.7447368421053,1950.0,-864.6973684210526,-797.046052631579
740,2138.573684210526,424.9736842105263,-465.35657894736846,475.0,-572.2852631578947,180.0,69.28684210526308,1138.5736842105262,1950.0,-858.3421052631579,-787.5131578947369
741,2358.3,355.3421052631579,-410.42499999999995,475.0,-528.3399999999999,180.0,179.1500000000001,1358.3000000000002,1950.0,-881.5526315789474,-822.328947368421
742,2189.25,451.2236842105263,-452.6875,475.0,-562.15,180.0,94.625,1189.25,1950.0,-849.5921052631579,-774.3881578947369
743,2052.971052631579,463.3815789473684,-486.75723684210527,475.0,-589.4057894736842,180.0,26.485526315789457,1052.971052631579,1950.0,-845.5394736842105,-768.3092105263158
744,2199.307894736842,352.3026315789474,-450.17302631578946,475.0,-560.1384210526315,180.0,99.65394736842109,1199.3078947368422,1950.0,-882.5657894736842,-823.8486842105262
745,2433.292105263158,358.9342105263158,-391.67697368421045,475.0,-513.3415789473684,180.0,216.6460526315791,1433.2921052631582,1950.0,-880.3552631578948,-820.5328947368421
746,2560.2315789473687,395.6842105263158,-359.9421052631578,475.0,-487.95368421052626,180.0,280.11578947368434,1560.2315789473687,1950.0,-868.1052631578948,-802.1578947368421
747,2356.807894736842,359.4868421052632,-410.79802631578946,475.0,-528.6384210526315,180.0,178.4039473684211,1356.8078947368422,1950.0,-880.171052631579,-820.2565789473684
748,2047.6105263157888,426.0789473684211,-488.0973684210528,475.0,-590.4778947368422,180.0,23.805263157894387,1047.6105263157888,1950.0,-857.9736842105262,-786.9605263157895
749,2521.713157894737,362.8026315789474,-369.57171052631577,475.0,-495.65736842105264,180.0,260.85657894736846,1521.713157894737,1950.0,-879.0657894736842,-818.5986842105262
750,2254.294736842105,360.3157894736842,-436.42631578947373,475.0,-549.141052631579,180.0,127.14736842105253,1254.294736842105,1950.0,-879.8947368421052,-819.8421052631579
751,2157.860526315789,395.4078947368421,-460.5348684210528,475.0,-568.4278947368423,180.0,78.93026315789439,1157.8605263157888,1950.0,-868.1973684210526,-802.296052631579
752,2405.273684210526,374.1315789473684,-398.6815789473685,475.0,-518.9452631578948,180.0,202.63684210526299,1405.273684210526,1950.0,-875.2894736842105,-812.9342105263158
753,2255.786842105263,365.5657894736842,-436.05328947368423,475.0,-548.8426315789474,180.0,127.89342105263154,1255.786842105263,1950.0,-878.1447368421052,-817.2171052631579
754,2435.171052631579,405.9078947368421,-391.2072368421052,475.0,-512.9657894736841,180.0,217.5855263157896,1435.1710526315792,1950.0,-864.6973684210526,-797.046052631579
755,2272.5868421052637,380.4868421052632,-431.8532894736841,475.0,-545.4826315789472,180.0,136.29342105263186,1272.5868421052637,1950.0,-873.171052631579,-809.7565789473684
756,2000.6921052631576,381.0394736842105,-499.8269736842106,475.0,-599.8615789473685,180.0,0.3460526315788002,1000.6921052631576,1950.0,-872.9868421052631,-809.4802631578948
757,2451.142105263158,448.1842105263158,-387.2144736842105,475.0,-509.77157894736837,180.0,225.57105263157905,1451.142105263158,1950.0,-850.6052631578948,-775.9078947368421
758,1962.8368421052637,408.9473684210526,-509.2907894736841,475.0,-607.4326315789473,180.0,-18.581578947368143,962.8368421052637,1950.0,-863.6842105263158,-795.5263157894738
759,2477.7236842105262,363.9078947368421,-380.56907894736844,475.0,-504.45526315789476,180.0,238.86184210526312,1477.7236842105262,1950.0,-878.6973684210526,-818.046052631579
760,2274.41052631579,406.7368421052632,-431.39736842105253,475.0,-545.117894736842,180.0,137.20526315789493,1274.4105263157899,1950.0,-864.421052631579,-796.6315789473684
761,2275.018421052632,352.8552631578948,-431.24539473684194,475.0,-544.9963157894736,180.0,137.5092105263161,1275.0184210526322,1950.0,-882.3815789473684,-823.5723684210526
762,2420.3605263157897,376.0657894736842,-394.9098684210526,475.0,-515.9278947368421,180.0,210.18026315789484,1420.3605263157897,1950.0,-874.6447368421052,-811.9671052631579
763,2063.7473684210527,417.7894736842105,-484.06315789473683,475.0,-587.2505263157894,180.0,31.873684210526335,1063.7473684210527,1950.0,-860.7368421052631,-791.1052631578948
764,2151.2842105263157,512.8421052631579,-462.17894736842106,475.0,-569.7431578947369,180.0,75.64210526315787,1151.2842105263157,1950.0,-829.0526315789474,-743.578947368421
765,2318.6763157894734,358.9342105263158,-420.33092105263165,475.0,-536.2647368421053,180.0,159.3381578947367,1318.6763157894734,1950.0,-880.3552631578948,-820.5328947368421
766,2863.736842105264,364.7368421052632,-284.06578947368405,475.0,-427.2526315789472,180.0,431.8684210526319,1863.7368421052638,1950.0,-878.421052631579,-817.6315789473684
767,2262.694736842105,419.4473684210526,-434.3263157894737,475.0,-547.4610526315789,180.0,131.34736842105258,1262.6947368421052,1950.0,-860.1842105263158,-790.2763157894738
768,2343.157894736842,379.6578947368421,-414.2105263157895,475.0,-531.3684210526316,180.0,171.57894736842104,1343.157894736842,1950.0,-873.4473684210526,-810.171052631579
769,2220.915789473684,375.7894736842105,-444.771052631579,475.0,-555.8168421052632,180.0,110.45789473684204,1220.915789473684,1950.0,-874.7368421052631,-812.1052631578948
770,2259.102631578948,415.8552631578948,-435.22434210526296,475.0,-548.1794736842104,180.0,129.55131578947407,1259.1026315789481,1950.0,-861.3815789473684,-792.0723684210526
771,2296.9026315789474,395.4078947368421,-425.77434210526314,475.0,-540.6194736842106,180.0,148.4513157894737,1296.9026315789474,1950.0,-868.1973684210526,-802.296052631579
772,2195.55,380.4868421052632,-451.11249999999995,475.0,-560.89,180.0,97.77500000000009,1195.5500000000002,1950.0,-873.171052631579,-809.7565789473684
773,2592.284210526316,437.1315789473684,-351.92894736842095,475.0,-481.54315789473674,180.0,296.1421052631581,1592.2842105263162,1950.0,-854.2894736842105,-781.4342105263158
774,2447.6052631578946,390.1578947368421,-388.09868421052636,475.0,-510.4789473684211,180.0,223.80263157894728,1447.6052631578946,1950.0,-869.9473684210526,-804.921052631579
775,2111.7157894736843,396.2368421052632,-472.07105263157894,475.0,-577.6568421052632,180.0,55.85789473684213,1111.7157894736843,1950.0,-867.921052631579,-801.8815789473684
776,2313.371052631579,370.5394736842105,-421.65723684210525,475.0,-537.3257894736842,180.0,156.6855263157895,1313.371052631579,1950.0,-876.4868421052631,-814.7302631578948
777,2129.842105263157,420.0,-467.53947368421075,475.0,-574.0315789473686,180.0,64.9210526315785,1129.842105263157,1950.0,-860.0,-790.0
778,2418.2605263157893,387.1184210526316,-395.43486842105267,475.0,-516.3478947368421,180.0,209.13026315789466,1418.2605263157893,1950.0,-870.9605263157895,-806.4407894736842
779,2043.8526315789472,407.2894736842105,-489.0368421052632,475.0,-591.2294736842106,180.0,21.92631578947362,1043.8526315789472,1950.0,-864.2368421052631,-796.3552631578948
780,2175.8763157894737,462.2763157894737,-456.0309210526316,475.0,-564.8247368421053,180.0,87.93815789473683,1175.8763157894737,1950.0,-845.9078947368421,-768.8618421052631
781,2440.476315789474,394.3026315789474,-389.8809210526315,475.0,-511.9047368421052,180.0,220.23815789473701,1440.476315789474,1950.0,-868.5657894736842,-802.8486842105262
782,2232.576315789473,379.9342105263158,-441.85592105263174,475.0,-553.4847368421053,180.0,116.28815789473651,1232.576315789473,1950.0,-873.3552631578948,-810.0328947368421
783,2553.765789473684,394.8552631578948,-361.558552631579,475.0,-489.2468421052632,180.0,276.882894736842,1553.765789473684,1950.0,-868.3815789473684,-802.5723684210526
784,2197.2078947368423,410.3289473684211,-450.69802631578943,475.0,-560.5584210526315,180.0,98.60394736842113,1197.2078947368423,1950.0,-863.2236842105262,-794.8355263157895
785,2355.868421052631,401.7631578947368,-411.0328947368422,475.0,-528.8263157894737,180.0,177.9342105263156,1355.8684210526312,1950.0,-866.078947368421,-799.1184210526316
786,2137.468421052632,376.8947368421052,-465.632894736842,475.0,-572.5063157894735,180.0,68.73421052631602,1137.468421052632,1950.0,-874.3684210526316,-811.5526315789474
787,2286.734210526316,377.7236842105263,-428.316447368421,475.0,-542.6531578947368,180.0,143.367105263158,1286.734210526316,1950.0,-874.0921052631579,-811.1381578947369
788,2195.43947368421,414.1973684210526,-451.1401315789475,475.0,-560.912105263158,180.0,97.71973684210502,1195.43947368421,1950.0,-861.9342105263158,-792.9013157894738
789,2211.023684210526,405.3552631578948,-447.2440789473685,475.0,-557.7952631578949,180.0,105.51184210526299,1211.023684210526,1950.0,-864.8815789473684,-797.3223684210526
790,2235.228947368421,360.0394736842105,-441.1927631578948,475.0,-552.9542105263158,180.0,117.61447368421045,1235.228947368421,1950.0,-879.9868421052631,-819.9802631578948
791,2171.676315789474,428.0131578947368,-457.08092105263154,475.0,-565.6647368421052,180.0,85.83815789473692,1171.6763157894738,1950.0,-857.328947368421,-785.9934210526316
792,2196.1026315789472,409.2236842105263,-450.9743421052632,475.0,-560.7794736842105,180.0,98.05131578947362,1196.1026315789472,1950.0,-863.5921052631579,-795.3881578947369
793,2534.202631578947,377.1710526315789,-366.4493421052632,475.0,-493.1594736842106,180.0,267.1013157894736,1534.2026315789471,1950.0,-874.2763157894738,-811.4144736842105
794,2362.721052631579,406.7368421052632,-409.31973684210527,475.0,-527.4557894736843,180.0,181.36052631578946,1362.721052631579,1950.0,-864.421052631579,-796.6315789473684
795,2065.7921052631577,414.1973684210526,-483.55197368421057,475.0,-586.8415789473685,180.0,32.89605263157887,1065.7921052631577,1950.0,-861.9342105263158,-792.9013157894738
796,2122.934210526316,384.9078947368421,-469.26644736842104,475.0,-575.4131578947369,180.0,61.46710526315792,1122.9342105263158,1950.0,-871.6973684210526,-807.546052631579
797,2442.852631578948,421.1052631578948,-389.28684210526296,475.0,-511.4294736842104,180.0,221.42631578947407,1442.8526315789481,1950.0,-859.6315789473684,-789.4473684210526
798,2359.515789473684,369.7105263157895,-410.121052631579,475.0,-528.0968421052632,180.0,179.757894736842,1359.515789473684,1950.0,-876.7631578947369,-815.1447368421052
799,2145.094736842105,399.5526315789474,-463.7263157894738,475.0,-570.981052631579,180.0,72.5473684210524,1145.0947368421048,1950.0,-866.8157894736842,-800.2236842105262
800,2046.505263157895,387.3947368421052,-488.3736842105263,475.0,-590.698947368421,180.0,23.252631578947444,1046.505263157895,1950.0,-870.8684210526316,-806.3026315789474
801,2109.394736842105,380.7631578947368,-472.65131578947376,475.0,-578.121052631579,180.0,54.69736842105249,1109.394736842105,1950.0,-873.078947368421,-809.6184210526316
802,2367.1973684210525,413.0921052631579,-408.2006578947369,475.0,-526.5605263157895,180.0,183.59868421052624,1367.1973684210525,1950.0,-862.3026315789474,-793.453947368421
803,2269.9894736842107,383.5263157894737,-432.50263157894733,475.0,-546.0021052631579,180.0,134.99473684210534,1269.9894736842107,1950.0,-872.1578947368421,-808.2368421052631
804,2104.5868421052637,428.5657894736842,-473.8532894736841,475.0,-579.0826315789473,180.0,52.29342105263186,1104.5868421052637,1950.0,-857.1447368421052,-785.7171052631579
805,2451.915789473684,371.9210526315789,-387.021052631579,475.0,-509.6168421052632,180.0,225.95789473684204,1451.915789473684,1950.0,-876.0263157894738,-814.0394736842105
806,2330.0052631578947,417.2368421052632,-417.49868421052633,475.0,-533.9989473684211,180.0,165.00263157894733,1330.0052631578947,1950.0,-860.921052631579,-791.3815789473684
807,2278.6657894736845,405.3552631578948,-430.33355263157887,475.0,-544.2668421052631,180.0,139.33289473684226,1278.6657894736845,1950.0,-864.8815789473684,-797.3223684210526
808,2228.265789473684,379.3815789473684,-442.933552631579,475.0,-554.3468421052632,180.0,114.13289473684199,1228.265789473684,1950.0,-873.5394736842105,-810.3092105263158
809,2197.9815789473687,324.67105263157896,-450.5046052631578,475.0,-560.4036842105263,180.0,98.99078947368434,1197.9815789473687,1950.0,-891.7763157894736,-837.6644736842105
810,2275.184210526316,377.4473684210526,-431.20394736842104,475.0,-544.9631578947368,180.0,137.59210526315792,1275.1842105263158,1950.0,-874.1842105263158,-811.2763157894738
811,2396.8736842105263,352.5789473684211,-400.7815789473684,475.0,-520.6252631578948,180.0,198.43684210526317,1396.8736842105263,1950.0,-882.4736842105262,-823.7105263157895
812,2627.1552631578948,389.3289473684211,-343.2111842105263,475.0,-474.56894736842105,180.0,313.5776315789474,1627.1552631578948,1950.0,-870.2236842105262,-805.3355263157895
813,2368.6894736842105,361.9736842105263,-407.8276315789474,475.0,-526.2621052631579,180.0,184.34473684210525,1368.6894736842105,1950.0,-879.3421052631579,-819.0131578947369
814,2266.728947368421,391.5394736842105,-433.3177631578948,475.0,-546.6542105263159,180.0,133.36447368421045,1266.728947368421,1950.0,-869.4868421052631,-804.2302631578948
815,2292.813157894737,355.6184210526316,-426.7967105263158,475.0,-541.4373684210526,180.0,146.40657894736842,1292.8131578947368,1950.0,-881.4605263157895,-822.1907894736842
816,2282.534210526316,352.8552631578948,-429.36644736842095,475.0,-543.4931578947368,180.0,141.2671052631581,1282.5342105263162,1950.0,-882.3815789473684,-823.5723684210526
817,2509.9973684210527,413.0921052631579,-372.50065789473683,475.0,-498.00052631578944,180.0,254.99868421052633,1509.9973684210527,1950.0,-862.3026315789474,-793.453947368421
818,2422.571052631579,397.0657894736842,-394.3572368421053,475.0,-515.4857894736842,180.0,211.2855263157894,1422.5710526315788,1950.0,-867.6447368421052,-801.4671052631579
819,2302.539473684211,423.5921052631579,-424.3651315789473,475.0,-539.4921052631578,180.0,151.26973684210543,1302.5394736842109,1950.0,-858.8026315789474,-788.203947368421
820,2194.3894736842103,311.6842105263158,-451.4026315789474,475.0,-561.1221052631579,180.0,97.19473684210516,1194.3894736842103,1950.0,-896.1052631578948,-844.1578947368421
821,2316.078947368421,390.1578947368421,-420.9802631578948,475.0,-536.7842105263159,180.0,158.0394736842104,1316.0789473684208,1950.0,-869.9473684210526,-804.921052631579
822,2046.505263157895,406.1842105263158,-488.3736842105263,475.0,-590.698947368421,180.0,23.252631578947444,1046.505263157895,1950.0,-864.6052631578948,-796.9078947368421
823,2521.492105263158,420.8289473684211,-369.6269736842105,475.0,-495.7015789473684,180.0,260.746052631579,1521.492105263158,1950.0,-859.7236842105262,-789.5855263157895
824,2238.268421052632,494.6052631578948,-440.43289473684194,475.0,-552.3463157894736,180.0,119.13421052631611,1238.2684210526322,1950.0,-835.1315789473684,-752.6973684210526
825,2196.8763157894737,417.5131578947368,-450.7809210526316,475.0,-560.6247368421052,180.0,98.43815789473683,1196.8763157894737,1950.0,-860.828947368421,-791.2434210526316
826,2411.9052631578943,380.7631578947368,-397.0236842105264,475.0,-517.6189473684211,180.0,205.95263157894715,1411.9052631578943,1950.0,-873.078947368421,-809.6184210526316
827,2297.842105263158,428.2894736842105,-425.5394736842105,475.0,-540.4315789473684,180.0,148.92105263157896,1297.842105263158,1950.0,-857.2368421052631,-785.8552631578948
828,2353.547368421053,405.0789473684211,-411.6131578947368,475.0,-529.2905263157894,180.0,176.77368421052643,1353.5473684210529,1950.0,-864.9736842105262,-797.4605263157895
829,2274.576315789474,450.1184210526316,-431.3559210526315,475.0,-545.0847368421053,180.0,137.28815789473697,1274.576315789474,1950.0,-849.9605263157895,-774.9407894736842
830,2127.3,406.1842105263158,-468.17499999999995,475.0,-574.54,180.0,63.65000000000009,1127.3000000000002,1950.0,-864.6052631578948,-796.9078947368421
831,2286.292105263158,390.4342105263158,-428.42697368421045,475.0,-542.7415789473683,180.0,143.1460526315791,1286.2921052631582,1950.0,-869.8552631578948,-804.7828947368421
832,2234.234210526316,362.8026315789474,-441.441447368421,475.0,-553.1531578947368,180.0,117.11710526315801,1234.234210526316,1950.0,-879.0657894736842,-818.5986842105262
833,2118.6236842105263,374.9605263157895,-470.3440789473684,475.0,-576.2752631578948,180.0,59.31184210526317,1118.6236842105263,1950.0,-875.0131578947369,-812.5197368421052
834,2270.1,443.7631578947368,-432.475,475.0,-545.98,180.0,135.04999999999995,1270.1,1950.0,-852.078947368421,-778.1184210526316
835,2159.021052631579,426.6315789473684,-460.2447368421052,475.0,-568.1957894736842,180.0,79.51052631578955,1159.021052631579,1950.0,-857.7894736842105,-786.6842105263158
836,2241.860526315789,357.2763157894737,-439.5348684210528,475.0,-551.6278947368422,180.0,120.93026315789439,1241.8605263157888,1950.0,-880.9078947368421,-821.3618421052631
837,2351.2263157894736,361.4210526315789,-412.1934210526316,475.0,-529.7547368421053,180.0,175.6131578947368,1351.2263157894736,1950.0,-879.5263157894738,-819.2894736842105
838,2127.686842105263,400.9342105263158,-468.0782894736842,475.0,-574.4626315789474,180.0,63.843421052631584,1127.6868421052632,1950.0,-866.3552631578948,-799.5328947368421
839,2285.3526315789472,451.5,-428.6618421052632,475.0,-542.9294736842105,180.0,142.67631578947362,1285.3526315789472,1950.0,-849.5,-774.25
840,2170.2394736842107,443.4868421052632,-457.44013157894733,475.0,-565.9521052631578,180.0,85.11973684210534,1170.2394736842107,1950.0,-852.171052631579,-778.2565789473684
841,2190.742105263158,437.6842105263158,-452.3144736842105,475.0,-561.8515789473684,180.0,95.371052631579,1190.742105263158,1950.0,-854.1052631578948,-781.1578947368421
842,2143.6026315789472,356.7236842105263,-464.0993421052632,475.0,-571.2794736842105,180.0,71.80131578947362,1143.6026315789472,1950.0,-881.0921052631579,-821.6381578947369
843,2361.8368421052637,432.1578947368421,-409.5407894736841,475.0,-527.6326315789472,180.0,180.91842105263186,1361.8368421052637,1950.0,-855.9473684210526,-783.921052631579
844,2301.2684210526318,426.0789473684211,-424.68289473684206,475.0,-539.7463157894737,180.0,150.63421052631588,1301.2684210526318,1950.0,-857.9736842105262,-786.9605263157895
845,2405.273684210526,345.9473684210526,-398.6815789473685,475.0,-518.9452631578948,180.0,202.63684210526299,1405.273684210526,1950.0,-884.6842105263158,-827.0263157894738
846,2353.16052631579,372.75,-411.70986842105253,475.0,-529.367894736842,180.0,176.58026315789493,1353.1605263157899,1950.0,-875.75,-813.625
847,2208.702631578947,324.1184210526316,-447.8243421052632,475.0,-558.2594736842105,180.0,104.35131578947357,1208.7026315789471,1950.0,-891.9605263157895,-837.9407894736842
848,2144.4315789473685,404.5263157894737,-463.8921052631579,475.0,-571.1136842105263,180.0,72.21578947368425,1144.4315789473685,1950.0,-865.1578947368421,-797.7368421052631
849,2250.923684210526,345.6710526315789,-437.2690789473685,475.0,-549.8152631578948,180.0,125.46184210526303,1250.923684210526,1950.0,-884.7763157894738,-827.1644736842105
850,2328.236842105264,430.5,-417.94078947368405,475.0,-534.3526315789472,180.0,164.1184210526319,1328.2368421052638,1950.0,-856.5,-784.75
851,2035.5631578947368,455.3684210526316,-491.1092105263158,475.0,-592.8873684210527,180.0,17.781578947368416,1035.5631578947368,1950.0,-848.2105263157895,-772.3157894736842
852,2176.428947368421,406.4605263157895,-455.8927631578947,475.0,-564.7142105263158,180.0,88.21447368421059,1176.4289473684212,1950.0,-864.5131578947369,-796.7697368421052
853,2266.894736842105,434.9210526315789,-433.27631578947376,475.0,-546.621052631579,180.0,133.4473684210525,1266.894736842105,1950.0,-855.0263157894738,-782.5394736842105
854,2105.471052631579,431.3289473684211,-473.63223684210527,475.0,-578.9057894736842,180.0,52.73552631578946,1105.471052631579,1950.0,-856.2236842105262,-784.3355263157895
855,2364.378947368421,352.0263157894737,-408.90526315789475,475.0,-527.1242105263158,180.0,182.1894736842105,1364.378947368421,1950.0,-882.6578947368421,-823.9868421052631
856,2317.736842105264,373.0263157894737,-420.56578947368405,475.0,-536.4526315789473,180.0,158.8684210526319,1317.7368421052638,1950.0,-875.6578947368421,-813.4868421052631
857,2064.8526315789472,381.3157894736842,-483.7868421052632,475.0,-587.0294736842105,180.0,32.42631578947362,1064.8526315789472,1950.0,-872.8947368421052,-809.3421052631579
858,2288.613157894737,330.75,-427.84671052631575,475.0,-542.2773684210526,180.0,144.3065789473685,1288.613157894737,1950.0,-889.75,-834.625
859,2441.0842105263155,340.4210526315789,-389.72894736842113,475.0,-511.7831578947369,180.0,220.54210526315774,1441.0842105263155,1950.0,-886.5263157894738,-829.7894736842105
860,2168.636842105263,349.8157894736842,-457.84078947368425,475.0,-566.2726315789474,180.0,84.31842105263149,1168.636842105263,1950.0,-883.3947368421052,-825.0921052631579
861,2139.1263157894737,416.1315789473684,-465.2184210526316,475.0,-572.1747368421053,180.0,69.56315789473683,1139.1263157894737,1950.0,-861.2894736842105,-791.9342105263158
862,2401.571052631579,376.0657894736842,-399.6072368421053,475.0,-519.6857894736843,180.0,200.7855263157894,1401.5710526315788,1950.0,-874.6447368421052,-811.9671052631579
863,2197.484210526316,401.2105263157895,-450.628947368421,475.0,-560.5031578947368,180.0,98.74210526315801,1197.484210526316,1950.0,-866.2631578947369,-799.3947368421052
864,2454.6236842105263,372.75,-386.3440789473684,475.0,-509.0752631578947,180.0,227.31184210526317,1454.6236842105263,1950.0,-875.75,-813.625
865,2249.928947368421,357.8289473684211,-437.5177631578947,475.0,-550.0142105263158,180.0,124.96447368421059,1249.9289473684212,1950.0,-880.7236842105262,-821.0855263157895
866,2457.9394736842105,423.0394736842105,-385.5151315789474,475.0,-508.4121052631579,180.0,228.96973684210525,1457.9394736842105,1950.0,-858.9868421052631,-788.4802631578948
867,2226.9394736842105,398.7236842105263,-443.2651315789474,475.0,-554.6121052631579,180.0,113.46973684210525,1226.9394736842105,1950.0,-867.0921052631579,-800.6381578947369
868,2138.1315789473683,409.5,-465.4671052631579,475.0,-572.3736842105263,180.0,69.06578947368416,1138.1315789473683,1950.0,-863.5,-795.25
869,2319.6710526315787,412.5394736842105,-420.0822368421053,475.0,-536.0657894736843,180.0,159.83552631578937,1319.6710526315787,1950.0,-862.4868421052631,-793.7302631578948
870,2167.144736842105,363.3552631578948,-458.21381578947376,475.0,-566.571052631579,180.0,83.57236842105249,1167.144736842105,1950.0,-878.8815789473684,-818.3223684210526
871,2216.218421052632,389.8815789473684,-445.945394736842,475.0,-556.7563157894735,180.0,108.10921052631602,1216.218421052632,1950.0,-870.0394736842105,-805.0592105263158
872,2334.6473684210523,420.0,-416.3381578947369,475.0,-533.0705263157895,180.0,167.32368421052615,1334.6473684210523,1950.0,-860.0,-790.0
873,2138.1315789473683,390.7105263157895,-465.4671052631579,475.0,-572.3736842105263,180.0,69.06578947368416,1138.1315789473683,1950.0,-869.7631578947369,-804.6447368421052
874,2126.692105263158,394.3026315789474,-468.32697368421054,475.0,-574.6615789473684,180.0,63.346052631578914,1126.6921052631578,1950.0,-868.5657894736842,-802.8486842105262
875,2259.48947368421,448.1842105263158,-435.12763157894744,475.0,-548.1021052631579,180.0,129.7447368421051,1259.4894736842102,1950.0,-850.6052631578948,-775.9078947368421
876,1972.728947368421,501.5131578947368,-506.8177631578948,475.0,-605.4542105263158,180.0,-13.635526315789548,972.7289473684209,1950.0,-832.828947368421,-749.2434210526316
877,2424.284210526316,391.2631578947368,-393.92894736842095,475.0,-515.1431578947368,180.0,212.1421052631581,1424.2842105263162,1950.0,-869.578947368421,-804.3684210526316
878,2528.013157894737,376.6184210526316,-367.9967105263157,475.0,-494.3973684210526,180.0,264.00657894736855,1528.013157894737,1950.0,-874.4605263157895,-811.6907894736842
879,2334.978947368421,356.4473684210526,-416.2552631578948,475.0,-533.0042105263158,180.0,167.48947368421045,1334.978947368421,1950.0,-881.1842105263158,-821.7763157894738
880,2017.878947368421,400.1052631578948,-495.53026315789475,475.0,-596.4242105263158,180.0,8.939473684210498,1017.878947368421,1950.0,-866.6315789473684,-799.9473684210526
881,2276.621052631579,418.3421052631579,-430.84473684210525,475.0,-544.6757894736842,180.0,138.3105263157895,1276.621052631579,1950.0,-860.5526315789474,-790.828947368421
882,2203.563157894737,360.3157894736842,-449.1092105263158,475.0,-559.2873684210526,180.0,101.78157894736842,1203.5631578947368,1950.0,-879.8947368421052,-819.8421052631579
883,2607.9236842105265,355.0657894736842,-348.01907894736837,475.0,-478.41526315789474,180.0,303.96184210526326,1607.9236842105265,1950.0,-881.6447368421052,-822.4671052631579
884,2238.48947368421,399.0,-440.37763157894744,475.0,-552.302105263158,180.0,119.24473684210511,1238.4894736842102,1950.0,-867.0,-800.5
885,2140.01052631579,343.7368421052632,-464.99736842105256,475.0,-571.997894736842,180.0,70.00526315789489,1140.0105263157898,1950.0,-885.421052631579,-828.1315789473684
886,2221.6894736842105,421.6578947368421,-444.5776315789474,475.0,-555.6621052631579,180.0,110.84473684210525,1221.6894736842105,1950.0,-859.4473684210526,-789.171052631579
887,2199.75,452.3289473684211,-450.0625,475.0,-560.05,180.0,99.875,1199.75,1950.0,-849.2236842105262,-773.8355263157895
888,2448.2131578947365,392.6447368421052,-387.9467105263159,475.0,-510.3573684210527,180.0,224.10657894736823,1448.2131578947365,1950.0,-869.1184210526316,-803.6776315789474
889,2377.8078947368417,408.6710526315789,-405.54802631578957,475.0,-524.4384210526316,180.0,188.90394736842086,1377.8078947368417,1950.0,-863.7763157894738,-795.6644736842105
890,2083.5315789473684,405.6315789473684,-479.1171052631579,475.0,-583.2936842105263,180.0,41.76578947368421,1083.5315789473684,1950.0,-864.7894736842105,-797.1842105263158
891,2052.4736842105267,370.8157894736842,-486.8815789473683,475.0,-589.5052631578947,180.0,26.23684210526335,1052.4736842105267,1950.0,-876.3947368421052,-814.5921052631579
892,2186.3763157894737,397.6184210526316,-453.4059210526316,475.0,-562.7247368421052,180.0,93.18815789473683,1186.3763157894737,1950.0,-867.4605263157895,-801.1907894736842
893,2173.5,416.6842105263158,-456.625,475.0,-565.3,180.0,86.75,1173.5,1950.0,-861.1052631578948,-791.6578947368421
894,2023.184210526316,416.6842105263158,-494.203947368421,475.0,-595.3631578947368,180.0,11.592105263158032,1023.1842105263161,1950.0,-861.1052631578948,-791.6578947368421
895,2373.331578947368,383.5263157894737,-406.66710526315796,475.0,-525.3336842105264,180.0,186.66578947368407,1373.3315789473681,1950.0,-872.1578947368421,-808.2368421052631
896,2314.9736842105262,379.6578947368421,-421.25657894736844,475.0,-537.0052631578948,180.0,157.48684210526312,1314.9736842105262,1950.0,-873.4473684210526,-810.171052631579
897,2251.3657894736843,389.3289473684211,-437.1585526315789,475.0,-549.7268421052631,180.0,125.68289473684217,1251.3657894736843,1950.0,-870.2236842105262,-805.3355263157895
898,2400.3,425.5263157894737,-399.92499999999995,475.0,-519.9399999999999,180.0,200.1500000000001,1400.3000000000002,1950.0,-858.1578947368421,-787.2368421052631
899,2596.0973684210526,382.6973684210526,-350.97565789473686,475.0,-480.78052631578953,180.0,298.0486842105263,1596.0973684210526,1950.0,-872.4342105263158,-808.6513157894738
900,2210.305263157895,380.2105263157895,-447.4236842105263,475.0,-557.938947368421,180.0,105.15263157894742,1210.3052631578948,1950.0,-873.2631578947369,-809.8947368421052
901,2333.3763157894737,403.6973684210526,-416.6559210526316,475.0,-533.3247368421053,180.0,166.68815789473683,1333.3763157894737,1950.0,-865.4342105263158,-798.1513157894738
902,2075.242105263158,416.1315789473684,-481.1894736842105,475.0,-584.9515789473684,180.0,37.621052631579005,1075.242105263158,1950.0,-861.2894736842105,-791.9342105263158
903,2466.118421052631,389.8815789473684,-383.4703947368422,475.0,-506.77631578947376,180.0,233.0592105263156,1466.1184210526312,1950.0,-870.0394736842105,-805.0592105263158
904,2427.48947368421,409.5,-393.12763157894744,475.0,-514.502105263158,180.0,213.7447368421051,1427.4894736842102,1950.0,-863.5,-795.25
905,2484.0236842105264,415.3026315789474,-378.9940789473684,475.0,-503.1952631578947,180.0,242.0118421052632,1484.0236842105264,1950.0,-861.5657894736842,-792.3486842105262
906,2330.2263157894736,406.1842105263158,-417.4434210526316,475.0,-533.9547368421053,180.0,165.1131578947368,1330.2263157894736,1950.0,-864.6052631578948,-796.9078947368421
907,2337.3,437.6842105263158,-415.67499999999995,475.0,-532.54,180.0,168.6500000000001,1337.3000000000002,1950.0,-854.1052631578948,-781.1578947368421
908,2005.4447368421047,406.4605263157895,-498.6388157894738,475.0,-598.9110526315791,180.0,2.7223684210523516,1005.4447368421047,1950.0,-864.5131578947369,-796.7697368421052
909,2532.213157894737,410.8815789473684,-366.94671052631577,475.0,-493.5573684210526,180.0,266.10657894736846,1532.213157894737,1950.0,-863.0394736842105,-794.5592105263158
910,2449.871052631579,384.9078947368421,-387.53223684210525,475.0,-510.0257894736842,180.0,224.9355263157895,1449.871052631579,1950.0,-871.6973684210526,-807.546052631579
911,2358.3,392.9210526315789,-410.42499999999995,475.0,-528.3399999999999,180.0,179.1500000000001,1358.3000000000002,1950.0,-869.0263157894738,-803.5394736842105
912,2259.2684210526318,402.8684210526316,-435.18289473684206,475.0,-548.1463157894736,180.0,129.63421052631588,1259.2684210526318,1950.0,-865.7105263157895,-798.5657894736842
913,2489.55,336.2763157894737,-377.61249999999995,475.0,-502.09,180.0,244.7750000000001,1489.5500000000002,1950.0,-887.9078947368421,-831.8618421052631
914,2286.5684210526315,362.5263157894737,-428.3578947368421,475.0,-542.6863157894737,180.0,143.28421052631575,1286.5684210526315,1950.0,-879.1578947368421,-818.7368421052631
915,2111.826315789473,390.7105263157895,-472.04342105263174,475.0,-577.6347368421054,180.0,55.913157894736514,1111.826315789473,1950.0,-869.7631578947369,-804.6447368421052
916,2402.4,386.2894736842105,-399.4,475.0,-519.52,180.0,201.20000000000005,1402.4,1950.0,-871.2368421052631,-806.8552631578948
917,2409.197368421053,370.5394736842105,-397.70065789473676,475.0,-518.1605263157894,180.0,204.59868421052647,1409.197368421053,1950.0,-876.4868421052631,-814.7302631578948
918,2123.3763157894737,390.9868421052632,-469.1559210526316,475.0,-575.3247368421053,180.0,61.68815789473683,1123.3763157894737,1950.0,-869.671052631579,-804.5065789473684
919,2297.565789473684,418.6184210526316,-425.60855263157896,475.0,-540.4868421052631,180.0,148.78289473684208,1297.5657894736842,1950.0,-860.4605263157895,-790.6907894736842
920,2186.1,406.7368421052632,-453.475,475.0,-562.78,180.0,93.04999999999995,1186.1,1950.0,-864.421052631579,-796.6315789473684
921,2449.815789473684,373.5789473684211,-387.54605263157896,475.0,-510.0368421052632,180.0,224.90789473684208,1449.8157894736842,1950.0,-875.4736842105262,-813.2105263157895
922,2139.4578947368423,380.7631578947368,-465.13552631578943,475.0,-572.1084210526316,180.0,69.72894736842113,1139.4578947368423,1950.0,-873.078947368421,-809.6184210526316
923,2439.757894736842,406.7368421052632,-390.0605263157895,475.0,-512.0484210526316,180.0,219.878947368421,1439.757894736842,1950.0,-864.421052631579,-796.6315789473684
924,2108.786842105263,368.8815789473684,-472.80328947368423,475.0,-578.2426315789473,180.0,54.39342105263154,1108.786842105263,1950.0,-877.0394736842105,-815.5592105263158
925,2158.855263157895,392.6447368421052,-460.28618421052624,475.0,-568.228947368421,180.0,79.42763157894751,1158.855263157895,1950.0,-869.1184210526316,-803.6776315789474
926,2124.2605263157893,412.5394736842105,-468.93486842105267,475.0,-575.1478947368421,180.0,62.13026315789466,1124.2605263157893,1950.0,-862.4868421052631,-793.7302631578948
927,1945.7052631578947,391.8157894736842,-513.5736842105264,475.0,-610.858947368421,180.0,-27.147368421052647,945.7052631578947,1950.0,-869.3947368421052,-804.0921052631579
928,2123.1,381.3157894736842,-469.225,475.0,-575.38,180.0,61.549999999999955,1123.1,1950.0,-872.8947368421052,-809.3421052631579
929,2308.618421052631,392.0921052631579,-422.8453947368422,475.0,-538.2763157894738,180.0,154.3092105263156,1308.6184210526312,1950.0,-869.3026315789474,-803.953947368421
930,2095.5789473684213,404.5263157894737,-476.1052631578947,475.0,-580.8842105263158,180.0,47.789473684210634,1095.5789473684213,1950.0,-865.1578947368421,-797.7368421052631
931,2385.6552631578948,401.4868421052632,-403.5861842105263,475.0,-522.868947368421,180.0,192.82763157894738,1385.6552631578948,1950.0,-866.171052631579,-799.2565789473684
932,2328.181578947368,409.7763157894737,-417.954605263158,475.0,-534.3636842105263,180.0,164.09078947368403,1328.181578947368,1950.0,-863.4078947368421,-795.1118421052631
933,2057.171052631579,431.8815789473684,-485.7072368421052,475.0,-588.5657894736842,180.0,28.585526315789593,1057.1710526315792,1950.0,-856.0394736842105,-784.0592105263158
934,2160.734210526316,373.8552631578948,-459.816447368421,475.0,-567.8531578947368,180.0,80.36710526315801,1160.734210526316,1950.0,-875.3815789473684,-813.0723684210526
935,2302.981578947368,448.4605263157895,-424.25460526315806,475.0,-539.4036842105264,180.0,151.4907894736839,1302.9815789473678,1950.0,-850.5131578947369,-775.7697368421052
936,2361.560526315789,431.8815789473684,-409.60986842105274,475.0,-527.6878947368422,180.0,180.78026315789452,1361.560526315789,1950.0,-856.0394736842105,-784.0592105263158
937,2202.3473684210526,430.5,-449.41315789473686,475.0,-559.5305263157895,180.0,101.17368421052629,1202.3473684210526,1950.0,-856.5,-784.75
938,2301.1026315789472,382.6973684210526,-424.7243421052632,475.0,-539.7794736842105,180.0,150.55131578947362,1301.1026315789472,1950.0,-872.4342105263158,-808.6513157894738
939,2290.9894736842107,385.7368421052632,-427.25263157894733,475.0,-541.8021052631578,180.0,145.49473684210534,1290.9894736842107,1950.0,-871.421052631579,-807.1315789473684
940,2097.071052631579,353.4078947368421,-475.7322368421053,475.0,-580.5857894736843,180.0,48.53552631578941,1097.0710526315788,1950.0,-882.1973684210526,-823.296052631579
941,2239.9263157894734,392.9210526315789,-440.01842105263165,475.0,-552.0147368421053,180.0,119.9631578947367,1239.9263157894734,1950.0,-869.0263157894738,-803.5394736842105
942,2464.792105263158,371.6447368421052,-383.80197368421045,475.0,-507.04157894736835,180.0,232.3960526315791,1464.7921052631582,1950.0,-876.1184210526316,-814.1776315789474
943,2519.502631578948,332.40789473684214,-370.12434210526305,475.0,-496.09947368421047,180.0,259.7513157894739,1519.5026315789478,1950.0,-889.1973684210526,-833.796052631579
944,2180.4631578947365,406.7368421052632,-454.8842105263159,475.0,-563.9073684210528,180.0,90.23157894736823,1180.4631578947365,1950.0,-864.421052631579,-796.6315789473684
945,2376.868421052632,366.3947368421052,-405.78289473684197,475.0,-524.6263157894736,180.0,188.43421052631606,1376.8684210526321,1950.0,-877.8684210526316,-816.8026315789474
946,2165.6526315789474,405.0789473684211,-458.58684210526314,475.0,-566.8694736842106,180.0,82.82631578947371,1165.6526315789474,1950.0,-864.9736842105262,-797.4605263157895
947,2237.9921052631576,428.5657894736842,-440.5019736842106,475.0,-552.4015789473685,180.0,118.99605263157878,1237.9921052631576,1950.0,-857.1447368421052,-785.7171052631579
948,2313.813157894737,432.9868421052632,-421.5467105263158,475.0,-537.2373684210527,180.0,156.90657894736842,1313.8131578947368,1950.0,-855.671052631579,-783.5065789473684
949,2300.052631578947,383.5263157894737,-424.98684210526324,475.0,-539.9894736842106,180.0,150.02631578947353,1300.052631578947,1950.0,-872.1578947368421,-808.2368421052631
950,2263.634210526316,377.1710526315789,-434.091447368421,475.0,-547.2731578947368,180.0,131.81710526315806,1263.634210526316,1950.0,-874.2763157894738,-811.4144736842105
951,2381.0684210526315,372.4736842105263,-404.7328947368421,475.0,-523.7863157894737,180.0,190.53421052631575,1381.0684210526315,1950.0,-875.8421052631579,-813.7631578947369
952,2122.3815789473683,384.3552631578948,-469.4046052631579,475.0,-575.5236842105263,180.0,61.19078947368416,1122.3815789473683,1950.0,-871.8815789473684,-807.8223684210526
953,2312.4315789473685,375.2368421052632,-421.8921052631579,475.0,-537.5136842105263,180.0,156.21578947368425,1312.4315789473685,1950.0,-874.921052631579,-812.3815789473684
954,2446.665789473684,385.4605263157895,-388.333552631579,475.0,-510.6668421052632,180.0,223.33289473684204,1446.665789473684,1950.0,-871.5131578947369,-807.2697368421052
955,2270.9289473684207,453.9868421052632,-432.2677631578948,475.0,-545.8142105263158,180.0,135.46447368421036,1270.9289473684207,1950.0,-848.671052631579,-773.0065789473684
956,2517.236842105263,384.6315789473684,-370.6907894736843,475.0,-496.5526315789474,180.0,258.61842105263145,1517.236842105263,1950.0,-871.7894736842105,-807.6842105263158
957,2191.8473684210526,401.2105263157895,-452.03815789473686,475.0,-561.6305263157894,180.0,95.92368421052629,1191.8473684210526,1950.0,-866.2631578947369,-799.3947368421052
958,2136.694736842105,387.3947368421052,-465.8263157894737,475.0,-572.661052631579,180.0,68.34736842105258,1136.6947368421052,1950.0,-870.8684210526316,-806.3026315789474
959,2343.213157894737,372.1973684210526,-414.19671052631577,475.0,-531.3573684210526,180.0,171.60657894736846,1343.213157894737,1950.0,-875.9342105263158,-813.9013157894738
960,2177.036842105263,446.5263157894737,-455.74078947368423,475.0,-564.5926315789474,180.0,88.51842105263154,1177.036842105263,1950.0,-851.1578947368421,-776.7368421052631
961,2377.9736842105262,386.2894736842105,-405.50657894736844,475.0,-524.4052631578948,180.0,188.98684210526312,1377.9736842105262,1950.0,-871.2368421052631,-806.8552631578948
962,2227.657894736842,358.1052631578948,-443.0855263157895,475.0,-554.4684210526316,180.0,113.82894736842104,1227.657894736842,1950.0,-880.6315789473684,-820.9473684210526
963,2313.0394736842104,387.1184210526316,-421.7401315789474,475.0,-537.3921052631579,180.0,156.5197368421052,1313.0394736842104,1950.0,-870.9605263157895,-806.4407894736842
964,2151.063157894737,289.0263157894737,-462.2342105263158,475.0,-569.7873684210526,180.0,75.53157894736842,1151.0631578947368,1950.0,-903.6578947368421,-855.4868421052631
965,2409.6394736842108,470.5657894736842,-397.5901315789473,475.0,-518.0721052631578,180.0,204.81973684210539,1409.6394736842108,1950.0,-843.1447368421052,-764.7171052631579
966,2027.494736842105,351.4736842105263,-493.1263157894737,475.0,-594.501052631579,180.0,13.747368421052556,1027.494736842105,1950.0,-882.8421052631579,-824.2631578947369
967,2164.823684210526,404.25,-458.79407894736846,475.0,-567.0352631578947,180.0,82.41184210526308,1164.8236842105262,1950.0,-865.25,-797.875
968,2559.015789473684,409.5,-360.246052631579,475.0,-488.1968421052632,180.0,279.507894736842,1559.015789473684,1950.0,-863.5,-795.25
969,2219.257894736842,355.3421052631579,-445.1855263157895,475.0,-556.1484210526316,180.0,109.628947368421,1219.257894736842,1950.0,-881.5526315789474,-822.328947368421
970,2216.55,382.6973684210526,-445.86249999999995,475.0,-556.6899999999999,180.0,108.27500000000009,1216.5500000000002,1950.0,-872.4342105263158,-808.6513157894738
971,2164.98947368421,381.8684210526316,-458.75263157894744,475.0,-567.002105263158,180.0,82.49473684210511,1164.9894736842102,1950.0,-872.7105263157895,-809.0657894736842
972,2375.486842105263,393.1973684210526,-406.1282894736843,475.0,-524.9026315789474,180.0,187.74342105263145,1375.486842105263,1950.0,-868.9342105263158,-803.4013157894738
973,2217.765789473684,378.2763157894737,-445.558552631579,475.0,-556.4468421052632,180.0,108.88289473684199,1217.765789473684,1950.0,-873.9078947368421,-810.8618421052631
974,2521.1052631578946,388.5,-369.72368421052636,475.0,-495.7789473684211,180.0,260.5526315789473,1521.1052631578946,1950.0,-870.5,-805.75
975,2272.642105263158,363.6315789473684,-431.8394736842105,475.0,-545.4715789473684,180.0,136.32105263157905,1272.642105263158,1950.0,-878.7894736842105,-818.1842105263158
976,2038.1052631578943,384.6315789473684,-490.4736842105264,475.0,-592.3789473684211,180.0,19.05263157894717,1038.1052631578943,1950.0,-871.7894736842105,-807.6842105263158
977,2128.792105263158,430.2236842105263,-467.80197368421045,475.0,-574.2415789473683,180.0,64.3960526315791,1128.7921052631582,1950.0,-856.5921052631579,-784.8881578947369
978,2470.484210526316,392.3684210526316,-382.378947368421,475.0,-505.9031578947368,180.0,235.242105263158,1470.484210526316,1950.0,-869.2105263157895,-803.8157894736842
979,2199.363157894737,429.3947368421052,-450.15921052631575,475.0,-560.1273684210526,180.0,99.68157894736851,1199.363157894737,1950.0,-856.8684210526316,-785.3026315789474
980,2018.2105263157891,430.5,-495.4473684210527,475.0,-596.3578947368421,180.0,9.10526315789457,1018.2105263157891,1950.0,-856.5,-784.75
981,2160.6236842105263,426.3552631578948,-459.8440789473684,475.0,-567.8752631578948,180.0,80.31184210526317,1160.6236842105263,1950.0,-857.8815789473684,-786.8223684210526
982,2466.007894736842,367.2236842105263,-383.4980263157895,475.0,-506.7984210526316,180.0,233.003947368421,1466.007894736842,1950.0,-877.5921052631579,-816.3881578947369
983,2338.294736842105,331.57894736842104,-415.42631578947373,475.0,-532.341052631579,180.0,169.14736842105253,1338.294736842105,1950.0,-889.4736842105264,-834.2105263157895
984,2121.055263157895,403.6973684210526,-469.7361842105263,475.0,-575.7889473684211,180.0,60.52763157894742,1121.0552631578948,1950.0,-865.4342105263158,-798.1513157894738
985,2331.884210526316,379.6578947368421,-417.028947368421,475.0,-533.6231578947368,180.0,165.94210526315806,1331.884210526316,1950.0,-873.4473684210526,-810.171052631579
986,2601.1815789473685,382.1447368421052,-349.7046052631579,475.0,-479.7636842105263,180.0,300.59078947368425,1601.1815789473685,1950.0,-872.6184210526316,-808.9276315789474
987,2332.436842105263,389.6052631578948,-416.8907894736842,475.0,-533.5126315789473,180.0,166.21842105263158,1332.4368421052632,1950.0,-870.1315789473684,-805.1973684210526
988,2515.192105263158,407.0131578947368,-371.20197368421054,475.0,-496.9615789473684,180.0,257.5960526315789,1515.1921052631578,1950.0,-864.328947368421,-796.4934210526316
989,2085.6315789473683,441.5526315789474,-478.5921052631579,475.0,-582.8736842105263,180.0,42.81578947368416,1085.6315789473683,1950.0,-852.8157894736842,-779.2236842105262
990,2081.984210526316,360.8684210526316,-479.503947368421,475.0,-583.6031578947368,180.0,40.99210526315801,1081.984210526316,1950.0,-879.7105263157895,-819.5657894736842
991,2130.228947368421,424.1447368421052,-467.4427631578948,475.0,-573.9542105263158,180.0,65.11447368421045,1130.228947368421,1950.0,-858.6184210526316,-787.9276315789474
992,2273.7473684210527,421.1052631578948,-431.56315789473683,475.0,-545.2505263157894,180.0,136.87368421052633,1273.7473684210527,1950.0,-859.6315789473684,-789.4473684210526
993,2304.4736842105262,378.5526315789474,-423.88157894736844,475.0,-539.1052631578948,180.0,152.23684210526312,1304.4736842105262,1950.0,-873.8157894736842,-810.7236842105262
994,2051.313157894737,452.3289473684211,-487.1717105263158,475.0,-589.7373684210527,180.0,25.656578947368416,1051.3131578947368,1950.0,-849.2236842105262,-773.8355263157895
995,2189.471052631579,421.3815789473684,-452.63223684210527,475.0,-562.1057894736842,180.0,94.73552631578946,1189.471052631579,1950.0,-859.5394736842105,-789.3092105263158
996,2280.6552631578948,381.0394736842105,-429.8361842105263,475.0,-543.868947368421,180.0,140.32763157894738,1280.6552631578948,1950.0,-872.9868421052631,-809.4802631578948
997,2179.468421052632,409.5,-455.132894736842,475.0,-564.1063157894736,180.0,89.73421052631602,1179.468421052632,1950.0,-863.5,-795.25
998,2030.3131578947368,374.9605263157895,-492.4217105263158,475.0,-593.9373684210526,180.0,15.156578947368416,1030.3131578947368,1950.0,-875.0131578947369,-812.5197368421052
999,2122.1052631578946,421.6578947368421,-469.47368421052636,475.0,-575.578947368421,180.0,61.052631578947285,1122.1052631578946,1950.0,-859.4473684210526,-789.171052631579
1000,2377.2,368.6052631578948,-405.70000000000005,475.0,-524.5600000000001,180.0,188.5999999999999,1377.1999999999998,1950.0,-877.1315789473684,-815.6973684210526
1001,2375.873684210526,387.9473684210526,-406.03157894736853,475.0,-524.8252631578948,180.0,187.93684210526294,1375.8736842105259,1950.0,-870.6842105263158,-806.0263157894738
1002,2203.784210526316,368.0526315789474,-449.05394736842095,475.0,-559.2431578947368,180.0,101.8921052631581,1203.7842105263162,1950.0,-877.3157894736842,-815.9736842105262
1003,2062.2,391.8157894736842,-484.45000000000005,475.0,-587.5600000000001,180.0,31.09999999999991,1062.1999999999998,1950.0,-869.3947368421052,-804.0921052631579
1004,2345.478947368421,385.7368421052632,-413.6302631578948,475.0,-530.9042105263159,180.0,172.73947368421045,1345.478947368421,1950.0,-871.421052631579,-807.1315789473684
1005,2354.5421052631577,421.1052631578948,-411.36447368421057,475.0,-529.0915789473685,180.0,177.27105263157887,1354.5421052631577,1950.0,-859.6315789473684,-789.4473684210526
1006,2051.534210526316,441.2763157894737,-487.11644736842095,475.0,-589.6931578947367,180.0,25.7671052631581,1051.5342105263162,1950.0,-852.9078947368421,-779.3618421052631
1007,2121.4973684210527,390.9868421052632,-469.62565789473683,475.0,-575.7005263157895,180.0,60.748684210526335,1121.4973684210527,1950.0,-869.671052631579,-804.5065789473684
1008,2485.8473684210526,460.3421052631579,-378.53815789473686,475.0,-502.8305263157895,180.0,242.9236842105263,1485.8473684210526,1950.0,-846.5526315789474,-769.828947368421
1009,2101.326315789473,389.6052631578948,-474.66842105263174,475.0,-579.7347368421053,180.0,50.663157894736514,1101.326315789473,1950.0,-870.1315789473684,-805.1973684210526
1010,2296.792105263158,410.3289473684211,-425.80197368421045,475.0,-540.6415789473683,180.0,148.3960526315791,1296.7921052631582,1950.0,-863.2236842105262,-794.8355263157895
1011,1986.378947368421,406.1842105263158,-503.40526315789475,475.0,-602.7242105263158,180.0,-6.810526315789502,986.378947368421,1950.0,-864.6052631578948,-796.9078947368421
1012,2429.257894736842,405.6315789473684,-392.6855263157895,475.0,-514.1484210526316,180.0,214.628947368421,1429.257894736842,1950.0,-864.7894736842105,-797.1842105263158
1013,2162.7789473684206,389.0526315789474,-459.30526315789484,475.0,-567.4442105263158,180.0,81.38947368421032,1162.7789473684206,1950.0,-870.3157894736842,-805.4736842105262
1014,2133.213157894737,331.3026315789474,-466.69671052631577,475.0,-573.3573684210526,180.0,66.60657894736846,1133.213157894737,1950.0,-889.5657894736842,-834.3486842105262
1015,2348.85,419.1710526315789,-412.7875,475.0,-530.23,180.0,174.42499999999995,1348.85,1950.0,-860.2763157894738,-790.4144736842105
1016,2201.684210526316,388.5,-449.57894736842104,475.0,-559.6631578947369,180.0,100.84210526315792,1201.6842105263158,1950.0,-870.5,-805.75
1017,2407.594736842105,408.3947368421052,-398.1013157894738,475.0,-518.481052631579,180.0,203.7973684210524,1407.5947368421048,1950.0,-863.8684210526316,-795.8026315789474
1018,2205.110526315789,442.6578947368421,-448.7223684210528,475.0,-558.9778947368422,180.0,102.55526315789439,1205.1105263157888,1950.0,-852.4473684210526,-778.671052631579
1019,2238.710526315789,397.3421052631579,-440.3223684210527,475.0,-552.2578947368422,180.0,119.35526315789457,1238.7105263157891,1950.0,-867.5526315789474,-801.328947368421
1020,2264.463157894737,415.5789473684211,-433.88421052631577,475.0,-547.1073684210526,180.0,132.23157894736846,1264.463157894737,1950.0,-861.4736842105262,-792.2105263157895
1021,2184.828947368421,428.0131578947368,-453.7927631578948,475.0,-563.0342105263159,180.0,92.4144736842104,1184.8289473684208,1950.0,-857.328947368421,-785.9934210526316
1022,2321.1078947368424,434.6447368421052,-419.7230263157894,475.0,-535.7784210526315,180.0,160.55394736842118,1321.1078947368424,1950.0,-855.1184210526316,-782.6776315789474
1023,2107.9026315789474,403.6973684210526,-473.02434210526314,475.0,-578.4194736842105,180.0,53.95131578947371,1107.9026315789474,1950.0,-865.4342105263158,-798.1513157894738
1024,2203.286842105263,407.0131578947368,-449.17828947368423,475.0,-559.3426315789474,180.0,101.64342105263154,1203.286842105263,1950.0,-864.328947368421,-796.4934210526316
1025,2520.3315789473686,427.1842105263158,-369.91710526315785,475.0,-495.9336842105263,180.0,260.1657894736843,1520.3315789473686,1950.0,-857.6052631578948,-786.4078947368421
1026,2495.186842105263,392.6447368421052,-376.2032894736842,475.0,-500.96263157894737,180.0,247.59342105263158,1495.1868421052632,1950.0,-869.1184210526316,-803.6776315789474
1027,2350.176315789474,428.0131578947368,-412.45592105263154,475.0,-529.9647368421053,180.0,175.08815789473692,1350.1763157894738,1950.0,-857.328947368421,-785.9934210526316
1028,2604.4973684210527,376.0657894736842,-348.87565789473683,475.0,-479.10052631578947,180.0,302.24868421052633,1604.4973684210527,1950.0,-874.6447368421052,-811.9671052631579
1029,2136.307894736842,392.6447368421052,-465.92302631578946,475.0,-572.7384210526316,180.0,68.15394736842109,1136.3078947368422,1950.0,-869.1184210526316,-803.6776315789474
1030,2232.521052631579,359.2105263157895,-441.8697368421052,475.0,-553.4957894736842,180.0,116.26052631578955,1232.521052631579,1950.0,-880.2631578947369,-820.3947368421052
1031,2201.076315789474,442.3815789473684,-449.7309210526315,475.0,-559.7847368421052,180.0,100.53815789473697,1201.076315789474,1950.0,-852.5394736842105,-778.8092105263158
1032,2409.805263157895,410.6052631578948,-397.5486842105263,475.0,-518.0389473684211,180.0,204.90263157894742,1409.8052631578948,1950.0,-863.1315789473684,-794.6973684210526
1033,2156.257894736842,414.4736842105263,-460.9355263157895,475.0,-568.7484210526316,180.0,78.128947368421,1156.257894736842,1950.0,-861.8421052631579,-792.7631578947369
1034,2203.231578947368,386.2894736842105,-449.19210526315806,475.0,-559.3536842105265,180.0,101.61578947368389,1203.2315789473678,1950.0,-871.2368421052631,-806.8552631578948
1035,2278.9973684210527,360.5921052631579,-430.25065789473683,475.0,-544.2005263157895,180.0,139.49868421052633,1278.9973684210527,1950.0,-879.8026315789474,-819.703947368421
1036,2208.923684210526,397.6184210526316,-447.7690789473685,475.0,-558.2152631578948,180.0,104.46184210526303,1208.923684210526,1950.0,-867.4605263157895,-801.1907894736842
1037,2367.694736842105,392.9210526315789,-408.0763157894737,475.0,-526.4610526315789,180.0,183.84736842105258,1367.6947368421052,1950.0,-869.0263157894738,-803.5394736842105
1038,2439.813157894737,399.2763157894737,-390.0467105263158,475.0,-512.0373684210526,180.0,219.90657894736842,1439.8131578947368,1950.0,-866.9078947368421,-800.3618421052631
1039,2327.628947368421,390.4342105263158,-418.09276315789475,475.0,-534.4742105263158,180.0,163.8144736842105,1327.628947368421,1950.0,-869.8552631578948,-804.7828947368421
1040,2356.4763157894736,394.8552631578948,-410.8809210526316,475.0,-528.7047368421053,180.0,178.2381578947368,1356.4763157894736,1950.0,-868.3815789473684,-802.5723684210526
1041,2175.8763157894737,415.3026315789474,-456.0309210526316,475.0,-564.8247368421053,180.0,87.93815789473683,1175.8763157894737,1950.0,-861.5657894736842,-792.3486842105262
1042,2248.105263157895,397.3421052631579,-437.97368421052624,475.0,-550.378947368421,180.0,124.05263157894751,1248.105263157895,1950.0,-867.5526315789474,-801.328947368421
1043,2082.15,385.4605263157895,-479.4625,475.0,-583.5699999999999,180.0,41.075000000000045,1082.15,1950.0,-871.5131578947369,-807.2697368421052
1044,2440.752631578948,403.9736842105263,-389.81184210526305,475.0,-511.84947368421047,180.0,220.3763157894739,1440.7526315789478,1950.0,-865.3421052631579,-798.0131578947369
1045,2263.302631578947,450.1184210526316,-434.17434210526324,475.0,-547.3394736842106,180.0,131.65131578947353,1263.302631578947,1950.0,-849.9605263157895,-774.9407894736842
1046,2295.0789473684213,434.9210526315789,-426.2302631578947,475.0,-540.9842105263158,180.0,147.53947368421063,1295.0789473684213,1950.0,-855.0263157894738,-782.5394736842105
1047,2212.4052631578948,425.5263157894737,-446.8986842105263,475.0,-557.5189473684211,180.0,106.20263157894738,1212.4052631578948,1950.0,-858.1578947368421,-787.2368421052631
1048,2355.5368421052635,352.5789473684211,-411.1157894736841,475.0,-528.8926315789473,180.0,177.76842105263177,1355.5368421052635,1950.0,-882.4736842105262,-823.7105263157895
1049,2196.9315789473685,438.2368421052632,-450.7671052631579,475.0,-560.6136842105263,180.0,98.46578947368425,1196.9315789473685,1950.0,-853.921052631579,-780.8815789473684
1050,2371.3973684210523,315.82894736842104,-407.1506578947369,475.0,-525.7205263157896,180.0,185.69868421052615,1371.3973684210523,1950.0,-894.7236842105264,-842.0855263157895
1051,2167.6973684210525,392.0921052631579,-458.0756578947369,475.0,-566.4605263157895,180.0,83.84868421052624,1167.6973684210525,1950.0,-869.3026315789474,-803.953947368421
1052,2134.926315789474,494.6052631578948,-466.26842105263154,475.0,-573.0147368421052,180.0,67.46315789473692,1134.9263157894738,1950.0,-835.1315789473684,-752.6973684210526
1053,2024.6763157894732,431.3289473684211,-493.8309210526317,475.0,-595.0647368421054,180.0,12.338157894736582,1024.6763157894732,1950.0,-856.2236842105262,-784.3355263157895
1054,2256.4500000000003,369.9868421052632,-435.88749999999993,475.0,-548.7099999999999,180.0,128.22500000000014,1256.4500000000003,1950.0,-876.671052631579,-815.0065789473684
1055,2527.0184210526318,398.1710526315789,-368.24539473684206,475.0,-494.59631578947364,180.0,263.5092105263159,1527.0184210526318,1950.0,-867.2763157894738,-800.9144736842105
1056,2241.307894736842,328.5394736842105,-439.67302631578946,475.0,-551.7384210526316,180.0,120.65394736842109,1241.3078947368422,1950.0,-890.4868421052631,-835.7302631578948
1057,2889.213157894737,392.0921052631579,-277.69671052631577,475.0,-422.15736842105264,180.0,444.60657894736846,1889.213157894737,1950.0,-869.3026315789474,-803.953947368421
1058,2474.021052631578,412.8157894736842,-381.49473684210545,475.0,-505.1957894736844,180.0,237.0105263157891,1474.0210526315782,1950.0,-862.3947368421052,-793.5921052631579
1059,1952.336842105263,454.8157894736842,-511.91578947368424,475.0,-609.5326315789474,180.0,-23.831578947368484,952.336842105263,1950.0,-848.3947368421052,-772.5921052631579
1060,2250.2605263157893,407.0131578947368,-437.43486842105267,475.0,-549.9478947368422,180.0,125.13026315789466,1250.2605263157893,1950.0,-864.328947368421,-796.4934210526316
1061,2356.255263157894,396.5131578947368,-410.93618421052645,475.0,-528.7489473684211,180.0,178.1276315789471,1356.2552631578942,1950.0,-867.828947368421,-801.7434210526316
1062,2425.886842105263,484.9342105263158,-393.52828947368425,475.0,-514.8226315789474,180.0,212.9434210526315,1425.886842105263,1950.0,-838.3552631578948,-757.5328947368421
1063,2225.7789473684206,376.8947368421052,-443.55526315789484,475.0,-554.8442105263159,180.0,112.88947368421032,1225.7789473684206,1950.0,-874.3684210526316,-811.5526315789474
1064,2352.165789473684,356.7236842105263,-411.958552631579,475.0,-529.5668421052632,180.0,176.08289473684204,1352.165789473684,1950.0,-881.0921052631579,-821.6381578947369
1065,2430.8605263157897,386.5657894736842,-392.2848684210526,475.0,-513.827894736842,180.0,215.43026315789484,1430.8605263157897,1950.0,-871.1447368421052,-806.7171052631579
1066,2212.294736842105,346.5,-446.92631578947373,475.0,-557.541052631579,180.0,106.14736842105253,1212.294736842105,1950.0,-884.5,-826.75
1067,2264.85,372.75,-433.7875,475.0,-547.03,180.0,132.42499999999995,1264.85,1950.0,-875.75,-813.625
1068,2169.7973684210524,315.2763157894737,-457.5506578947369,475.0,-566.0405263157895,180.0,84.8986842105262,1169.7973684210524,1950.0,-894.9078947368421,-842.3618421052631
1069,2156.58947368421,388.5,-460.85263157894747,475.0,-568.682105263158,180.0,78.29473684210507,1156.5894736842101,1950.0,-870.5,-805.75
1070,2025.3947368421047,418.8947368421052,-493.6513157894738,475.0,-594.9210526315791,180.0,12.697368421052374,1025.3947368421047,1950.0,-860.3684210526316,-790.5526315789474
1071,2252.9131578947367,415.3026315789474,-436.7717105263158,475.0,-549.4173684210526,180.0,126.45657894736837,1252.9131578947367,1950.0,-861.5657894736842,-792.3486842105262
1072,2319.671052631579,374.9605263157895,-420.0822368421052,475.0,-536.0657894736842,180.0,159.8355263157896,1319.6710526315792,1950.0,-875.0131578947369,-812.5197368421052
1073,2195.43947368421,386.0131578947368,-451.1401315789475,475.0,-560.912105263158,180.0,97.71973684210502,1195.43947368421,1950.0,-871.328947368421,-806.9934210526316
1074,2276.1236842105263,391.5394736842105,-430.9690789473684,475.0,-544.7752631578948,180.0,138.06184210526317,1276.1236842105263,1950.0,-869.4868421052631,-804.2302631578948
1075,2182.1763157894734,391.5394736842105,-454.45592105263165,475.0,-563.5647368421053,180.0,91.0881578947367,1182.1763157894734,1950.0,-869.4868421052631,-804.2302631578948
1076,2226.552631578947,413.3684210526316,-443.36184210526324,475.0,-554.6894736842106,180.0,113.27631578947353,1226.552631578947,1950.0,-862.2105263157895,-793.3157894736842
1077,2251.863157894737,340.9736842105263,-437.03421052631575,475.0,-549.6273684210526,180.0,125.93157894736851,1251.863157894737,1950.0,-886.3421052631579,-829.5131578947369
1078,2719.555263157895,372.75,-320.1111842105263,475.0,-456.08894736842103,180.0,359.7776315789474,1719.5552631578948,1950.0,-875.75,-813.625
1079,2048.771052631578,391.5394736842105,-487.80723684210545,475.0,-590.2457894736843,180.0,24.385526315789093,1048.7710526315782,1950.0,-869.4868421052631,-804.2302631578948
1080,2460.6473684210523,442.6578947368421,-384.8381578947369,475.0,-507.87052631578956,180.0,230.32368421052615,1460.6473684210523,1950.0,-852.4473684210526,-778.671052631579
1081,2300.384210526316,338.7631578947368,-424.903947368421,475.0,-539.9231578947367,180.0,150.19210526315806,1300.384210526316,1950.0,-887.078947368421,-830.6184210526316
1082,2345.092105263158,437.9605263157895,-413.7269736842105,475.0,-530.9815789473685,180.0,172.54605263157896,1345.092105263158,1950.0,-854.0131578947369,-781.0197368421052
1083,2438.1,386.2894736842105,-390.475,475.0,-512.38,180.0,219.04999999999995,1438.1,1950.0,-871.2368421052631,-806.8552631578948
1084,2285.7394736842107,418.0657894736842,-428.56513157894733,475.0,-542.8521052631579,180.0,142.86973684210534,1285.7394736842107,1950.0,-860.6447368421052,-790.9671052631579
1085,2115.75,434.0921052631579,-471.0625,475.0,-576.85,180.0,57.875,1115.75,1950.0,-855.3026315789474,-782.953947368421
1086,2102.818421052632,385.4605263157895,-474.295394736842,475.0,-579.4363157894736,180.0,51.409210526315974,1102.818421052632,1950.0,-871.5131578947369,-807.2697368421052
1087,2239.9263157894734,392.9210526315789,-440.01842105263165,475.0,-552.0147368421053,180.0,119.9631578947367,1239.9263157894734,1950.0,-869.0263157894738,-803.5394736842105
1088,2097.071052631579,381.5921052631579,-475.7322368421053,475.0,-580.5857894736843,180.0,48.53552631578941,1097.0710526315788,1950.0,-872.8026315789474,-809.203947368421
1089,2209.6973684210525,387.1184210526316,-447.5756578947369,475.0,-558.0605263157895,180.0,104.84868421052624,1209.6973684210525,1950.0,-870.9605263157895,-806.4407894736842
1090,2052.418421052632,415.8552631578948,-486.89539473684204,475.0,-589.5163157894737,180.0,26.20921052631593,1052.4184210526319,1950.0,-861.3815789473684,-792.0723684210526
1091,2154.268421052632,438.7894736842105,-461.43289473684194,475.0,-569.1463157894735,180.0,77.13421052631611,1154.2684210526322,1950.0,-853.7368421052631,-780.6052631578948
1092,2038.436842105263,452.6052631578948,-490.39078947368426,475.0,-592.3126315789474,180.0,19.21842105263147,1038.436842105263,1950.0,-849.1315789473684,-773.6973684210526
1093,2351.115789473684,404.5263157894737,-412.221052631579,475.0,-529.7768421052632,180.0,175.55789473684194,1351.115789473684,1950.0,-865.1578947368421,-797.7368421052631
1094,2410.136842105263,337.6578947368421,-397.46578947368425,475.0,-517.9726315789474,180.0,205.0684210526315,1410.136842105263,1950.0,-887.4473684210526,-831.171052631579
1095,2115.307894736842,399.8289473684211,-471.17302631578946,475.0,-576.9384210526316,180.0,57.653947368421086,1115.3078947368422,1950.0,-866.7236842105262,-800.0855263157895
1096,2564.1000000000004,399.5526315789474,-358.9749999999999,475.0,-487.17999999999995,180.0,282.0500000000002,1564.1000000000004,1950.0,-866.8157894736842,-800.2236842105262
1097,2319.2289473684214,397.0657894736842,-420.19276315789466,475.0,-536.1542105263158,180.0,159.61447368421068,1319.2289473684214,1950.0,-867.6447368421052,-801.4671052631579
1098,2117.9052631578943,443.7631578947368,-470.5236842105264,475.0,-576.4189473684212,180.0,58.95263157894715,1117.9052631578943,1950.0,-852.078947368421,-778.1184210526316
1099,2324.092105263158,379.3815789473684,-418.9769736842105,475.0,-535.1815789473684,180.0,162.04605263157896,1324.092105263158,1950.0,-873.5394736842105,-810.3092105263158
1100,2031.6394736842103,402.5921052631579,-492.0901315789474,475.0,-593.672105263158,180.0,15.819736842105158,1031.6394736842103,1950.0,-865.8026315789474,-798.703947368421
1101,2233.294736842105,423.8684210526316,-441.67631578947373,475.0,-553.341052631579,180.0,116.64736842105253,1233.294736842105,1950.0,-858.7105263157895,-788.0657894736842
1102,2316.521052631579,415.0263157894737,-420.8697368421052,475.0,-536.6957894736842,180.0,158.26052631578955,1316.521052631579,1950.0,-861.6578947368421,-792.4868421052631
1103,2234.676315789474,406.4605263157895,-441.33092105263154,475.0,-553.0647368421053,180.0,117.33815789473692,1234.6763157894738,1950.0,-864.5131578947369,-796.7697368421052
1104,2319.7815789473684,369.4342105263158,-420.0546052631579,475.0,-536.0436842105263,180.0,159.8907894736842,1319.7815789473684,1950.0,-876.8552631578948,-815.2828947368421
1105,2145.813157894737,387.1184210526316,-463.5467105263158,475.0,-570.8373684210526,180.0,72.90657894736842,1145.8131578947368,1950.0,-870.9605263157895,-806.4407894736842
1106,2368.192105263158,400.9342105263158,-407.95197368421054,475.0,-526.3615789473685,180.0,184.0960526315789,1368.1921052631578,1950.0,-866.3552631578948,-799.5328947368421
1107,2180.85,401.4868421052632,-454.7875,475.0,-563.83,180.0,90.42499999999995,1180.85,1950.0,-866.171052631579,-799.2565789473684
1108,2163.663157894737,429.3947368421052,-459.0842105263157,475.0,-567.2673684210525,180.0,81.8315789473686,1163.6631578947372,1950.0,-856.8684210526316,-785.3026315789474
1109,2212.902631578947,395.9605263157895,-446.77434210526326,475.0,-557.4194736842106,180.0,106.45131578947348,1212.902631578947,1950.0,-868.0131578947369,-802.0197368421052
1110,1984.2789473684209,398.4473684210526,-503.9302631578948,475.0,-603.1442105263159,180.0,-7.860526315789571,984.2789473684209,1950.0,-867.1842105263158,-800.7763157894738
1111,2043.7421052631576,384.6315789473684,-489.0644736842106,475.0,-591.2515789473684,180.0,21.871052631578777,1043.7421052631576,1950.0,-871.7894736842105,-807.6842105263158
1112,2016.2763157894735,390.9868421052632,-495.9309210526316,475.0,-596.7447368421053,180.0,8.138157894736764,1016.2763157894735,1950.0,-869.671052631579,-804.5065789473684
1113,2820.631578947368,396.7894736842105,-294.84210526315803,475.0,-435.87368421052645,180.0,410.31578947368394,1820.6315789473679,1950.0,-867.7368421052631,-801.6052631578948
1114,2266.286842105263,347.8815789473684,-433.42828947368423,475.0,-546.7426315789473,180.0,133.14342105263154,1266.286842105263,1950.0,-884.0394736842105,-826.0592105263158
1115,2343.378947368421,415.5789473684211,-414.15526315789475,475.0,-531.3242105263158,180.0,171.6894736842105,1343.378947368421,1950.0,-861.4736842105262,-792.2105263157895
1116,2171.178947368421,420.0,-457.2052631578947,475.0,-565.7642105263158,180.0,85.58947368421059,1171.1789473684212,1950.0,-860.0,-790.0
1117,2415.386842105263,455.6447368421052,-396.15328947368425,475.0,-516.9226315789474,180.0,207.6934210526315,1415.386842105263,1950.0,-848.1184210526316,-772.1776315789474
1118,2373.9947368421053,369.1578947368421,-406.50131578947367,475.0,-525.2010526315789,180.0,186.99736842105267,1373.9947368421053,1950.0,-876.9473684210526,-815.421052631579
1119,1980.134210526316,384.9078947368421,-504.966447368421,475.0,-603.9731578947368,180.0,-9.932894736841945,980.1342105263161,1950.0,-871.6973684210526,-807.546052631579
1120,2194.6657894736845,443.4868421052632,-451.33355263157887,475.0,-561.066842105263,180.0,97.33289473684226,1194.6657894736845,1950.0,-852.171052631579,-778.2565789473684
1121,2282.8657894736843,345.6710526315789,-429.2835526315789,475.0,-543.4268421052632,180.0,141.43289473684217,1282.8657894736843,1950.0,-884.7763157894738,-827.1644736842105
1122,2369.684210526316,415.5789473684211,-407.57894736842104,475.0,-526.0631578947368,180.0,184.84210526315792,1369.6842105263158,1950.0,-861.4736842105262,-792.2105263157895
1123,2312.5973684210526,315.2763157894737,-421.85065789473686,475.0,-537.4805263157895,180.0,156.2986842105263,1312.5973684210526,1950.0,-894.9078947368421,-842.3618421052631
1124,2283.915789473684,438.7894736842105,-429.021052631579,475.0,-543.2168421052631,180.0,141.95789473684204,1283.915789473684,1950.0,-853.7368421052631,-780.6052631578948
1125,2372.778947368421,392.3684210526316,-406.80526315789473,475.0,-525.4442105263158,180.0,186.38947368421054,1372.778947368421,1950.0,-869.2105263157895,-803.8157894736842
1126,2237.1078947368424,435.1973684210526,-440.7230263157894,475.0,-552.5784210526315,180.0,118.55394736842118,1237.1078947368424,1950.0,-854.9342105263158,-782.4013157894738
1127,2278.5,390.1578947368421,-430.375,475.0,-544.3,180.0,139.25,1278.5,1950.0,-869.9473684210526,-804.921052631579
1128,2205.607894736842,450.6710526315789,-448.5980263157895,475.0,-558.8784210526317,180.0,102.80394736842095,1205.607894736842,1950.0,-849.7763157894738,-774.6644736842105
1129,2242.4131578947367,414.1973684210526,-439.3967105263158,475.0,-551.5173684210527,180.0,121.20657894736837,1242.4131578947367,1950.0,-861.9342105263158,-792.9013157894738
1130,2264.076315789473,430.2236842105263,-433.98092105263174,475.0,-547.1847368421054,180.0,132.0381578947365,1264.076315789473,1950.0,-856.5921052631579,-784.8881578947369
1131,2225.2263157894736,432.7105263157895,-443.6934210526316,475.0,-554.9547368421053,180.0,112.61315789473679,1225.2263157894736,1950.0,-855.7631578947369,-783.6447368421052
1132,2468.1078947368424,403.1447368421052,-382.9730263157894,475.0,-506.37842105263155,180.0,234.05394736842118,1468.1078947368424,1950.0,-865.6184210526316,-798.4276315789474
1133,2612.344736842105,350.0921052631579,-346.9138157894738,475.0,-477.5310526315791,180.0,306.1723684210524,1612.3447368421048,1950.0,-883.3026315789474,-824.953947368421
1134,2393.8894736842103,379.6578947368421,-401.5276315789474,475.0,-521.2221052631579,180.0,196.94473684210516,1393.8894736842103,1950.0,-873.4473684210526,-810.171052631579
1135,2482.6421052631576,338.7631578947368,-379.3394736842106,475.0,-503.47157894736847,180.0,241.32105263157882,1482.6421052631576,1950.0,-887.078947368421,-830.6184210526316
1136,1955.4315789473685,403.4210526315789,-511.1421052631579,475.0,-608.9136842105263,180.0,-22.284210526315746,955.4315789473685,1950.0,-865.5263157894738,-798.2894736842105
1137,2484.907894736842,399.2763157894737,-378.7730263157895,475.0,-503.0184210526316,180.0,242.45394736842104,1484.907894736842,1950.0,-866.9078947368421,-800.3618421052631
1138,2345.4789473684214,423.3157894736842,-413.63026315789466,475.0,-530.9042105263158,180.0,172.73947368421068,1345.4789473684214,1950.0,-858.8947368421052,-788.3421052631579
1139,2164.5473684210524,366.3947368421052,-458.8631578947369,475.0,-567.0905263157895,180.0,82.2736842105262,1164.5473684210524,1950.0,-877.8684210526316,-816.8026315789474
1140,2247.8289473684213,387.6710526315789,-438.0427631578947,475.0,-550.4342105263157,180.0,123.91447368421063,1247.8289473684213,1950.0,-870.7763157894738,-806.1644736842105
1141,2156.202631578948,421.9342105263158,-460.949342105263,475.0,-568.7594736842104,180.0,78.10131578947403,1156.202631578948,1950.0,-859.3552631578948,-789.0328947368421
1142,2188.2000000000003,386.2894736842105,-452.94999999999993,475.0,-562.3599999999999,180.0,94.10000000000014,1188.2000000000003,1950.0,-871.2368421052631,-806.8552631578948
1143,2453.6842105263154,405.6315789473684,-386.57894736842115,475.0,-509.26315789473693,180.0,226.8421052631577,1453.6842105263154,1950.0,-864.7894736842105,-797.1842105263158
1144,2629.310526315789,408.3947368421052,-342.67236842105274,475.0,-474.1378947368422,180.0,314.6552631578945,1629.310526315789,1950.0,-863.8684210526316,-795.8026315789474
1145,2431.7447368421053,379.9342105263158,-392.06381578947367,475.0,-513.651052631579,180.0,215.87236842105267,1431.7447368421053,1950.0,-873.3552631578948,-810.0328947368421
1146,2200.0263157894738,443.2105263157895,-449.99342105263156,475.0,-559.9947368421052,180.0,100.01315789473688,1200.0263157894738,1950.0,-852.2631578947369,-778.3947368421052
1147,1938.7973684210529,441.2763157894737,-515.3006578947368,475.0,-612.2405263157895,180.0,-30.601315789473574,938.7973684210529,1950.0,-852.9078947368421,-779.3618421052631
1148,2119.342105263158,362.5263157894737,-470.1644736842105,475.0,-576.1315789473684,180.0,59.67105263157896,1119.342105263158,1950.0,-879.1578947368421,-818.7368421052631
1149,2331.386842105263,371.6447368421052,-417.15328947368425,475.0,-533.7226315789474,180.0,165.6934210526315,1331.386842105263,1950.0,-876.1184210526316,-814.1776315789474
1150,2418.9236842105265,335.17105263157896,-395.26907894736837,475.0,-516.2152631578947,180.0,209.46184210526326,1418.9236842105265,1950.0,-888.2763157894736,-832.4144736842105
1151,2480.8736842105263,352.0263157894737,-379.7815789473684,475.0,-503.8252631578947,180.0,240.43684210526317,1480.8736842105263,1950.0,-882.6578947368421,-823.9868421052631
1152,2328.457894736842,410.0526315789474,-417.88552631578955,475.0,-534.3084210526316,180.0,164.2289473684209,1328.4578947368418,1950.0,-863.3157894736842,-794.9736842105262
1153,2320.555263157895,340.1447368421052,-419.8611842105263,475.0,-535.888947368421,180.0,160.27763157894742,1320.5552631578948,1950.0,-886.6184210526316,-829.9276315789474
1154,2463.686842105263,426.9078947368421,-384.0782894736842,475.0,-507.2626315789474,180.0,231.84342105263158,1463.6868421052632,1950.0,-857.6973684210526,-786.546052631579
1155,2277.007894736842,441.2763157894737,-430.7480263157895,475.0,-544.5984210526316,180.0,138.503947368421,1277.007894736842,1950.0,-852.9078947368421,-779.3618421052631
1156,2296.4052631578948,415.5789473684211,-425.8986842105263,475.0,-540.718947368421,180.0,148.20263157894738,1296.4052631578948,1950.0,-861.4736842105262,-792.2105263157895
1157,2307.2921052631577,364.4605263157895,-423.17697368421057,475.0,-538.5415789473684,180.0,153.64605263157887,1307.2921052631577,1950.0,-878.5131578947369,-817.7697368421052
1158,2218.2078947368423,431.3289473684211,-445.44802631578943,475.0,-556.3584210526316,180.0,109.10394736842113,1218.2078947368423,1950.0,-856.2236842105262,-784.3355263157895
1159,2318.455263157895,379.3815789473684,-420.38618421052627,475.0,-536.3089473684211,180.0,159.22763157894747,1318.455263157895,1950.0,-873.5394736842105,-810.3092105263158
1160,2248.823684210526,328.5394736842105,-437.79407894736846,475.0,-550.2352631578948,180.0,124.41184210526308,1248.8236842105262,1950.0,-890.4868421052631,-835.7302631578948
1161,2086.018421052632,436.3026315789474,-478.49539473684194,475.0,-582.7963157894735,180.0,43.00921052631611,1086.0184210526322,1950.0,-854.5657894736842,-781.8486842105262
1162,2266.3973684210528,379.9342105263158,-433.4006578947368,475.0,-546.7205263157895,180.0,133.19868421052638,1266.3973684210528,1950.0,-873.3552631578948,-810.0328947368421
1163,2375.321052631579,396.7894736842105,-406.1697368421053,475.0,-524.9357894736843,180.0,187.6605263157894,1375.3210526315788,1950.0,-867.7368421052631,-801.6052631578948
1164,2369.4631578947365,417.2368421052632,-407.6342105263159,475.0,-526.1073684210527,180.0,184.73157894736823,1369.4631578947365,1950.0,-860.921052631579,-791.3815789473684
1165,2374.436842105263,403.4210526315789,-406.3907894736842,475.0,-525.1126315789473,180.0,187.21842105263158,1374.4368421052632,1950.0,-865.5263157894738,-798.2894736842105
1166,2040.8131578947368,404.25,-489.7967105263158,475.0,-591.8373684210526,180.0,20.406578947368416,1040.8131578947368,1950.0,-865.25,-797.875
1167,2246.8894736842103,429.9473684210526,-438.2776315789474,475.0,-550.6221052631579,180.0,123.44473684210516,1246.8894736842103,1950.0,-856.6842105263158,-785.0263157894738
1168,2292.592105263158,413.6447368421052,-426.8519736842105,475.0,-541.4815789473685,180.0,146.29605263157896,1292.592105263158,1950.0,-862.1184210526316,-793.1776315789474
1169,2364.9315789473685,371.3684210526316,-408.7671052631579,475.0,-527.0136842105263,180.0,182.46578947368425,1364.9315789473685,1950.0,-876.2105263157895,-814.3157894736842
1170,2506.957894736842,400.6578947368421,-373.26052631578955,475.0,-498.6084210526316,180.0,253.4789473684209,1506.9578947368418,1950.0,-866.4473684210526,-799.671052631579
1171,2126.7473684210527,386.8421052631579,-468.31315789473683,475.0,-574.6505263157894,180.0,63.373684210526335,1126.7473684210527,1950.0,-871.0526315789474,-806.578947368421
1172,2114.202631578948,370.5394736842105,-471.449342105263,475.0,-577.1594736842104,180.0,57.10131578947403,1114.202631578948,1950.0,-876.4868421052631,-814.7302631578948
1173,2213.5105263157893,398.4473684210526,-446.62236842105267,475.0,-557.2978947368422,180.0,106.75526315789466,1213.5105263157893,1950.0,-867.1842105263158,-800.7763157894738
1174,2029.1526315789472,371.9210526315789,-492.7118421052632,475.0,-594.1694736842105,180.0,14.576315789473597,1029.1526315789472,1950.0,-876.0263157894738,-814.0394736842105
1175,2217.876315789473,400.9342105263158,-445.5309210526317,475.0,-556.4247368421054,180.0,108.9381578947366,1217.8763157894732,1950.0,-866.3552631578948,-799.5328947368421
1176,2511.6,356.4473684210526,-372.1,475.0,-497.68,180.0,255.79999999999995,1511.6,1950.0,-881.1842105263158,-821.7763157894738
1177,2604.0,386.8421052631579,-349.0,475.0,-479.20000000000005,180.0,302.0,1604.0,1950.0,-871.0526315789474,-806.578947368421
1178,2236.3342105263155,417.5131578947368,-440.91644736842113,475.0,-552.7331578947369,180.0,118.16710526315774,1236.3342105263155,1950.0,-860.828947368421,-791.2434210526316
1179,2481.371052631579,397.6184210526316,-379.65723684210525,475.0,-503.7257894736842,180.0,240.6855263157895,1481.371052631579,1950.0,-867.4605263157895,-801.1907894736842
1180,2442.686842105264,368.3289473684211,-389.328289473684,475.0,-511.4626315789472,180.0,221.34342105263204,1442.686842105264,1950.0,-877.2236842105262,-815.8355263157895
1181,2125.6421052631576,348.1578947368421,-468.5894736842106,475.0,-574.8715789473684,180.0,62.82105263157882,1125.6421052631576,1950.0,-883.9473684210526,-825.921052631579
1182,2026.2236842105265,429.1184210526316,-493.4440789473684,475.0,-594.7552631578947,180.0,13.111842105263236,1026.2236842105265,1950.0,-856.9605263157895,-785.4407894736842
1183,2174.384210526316,400.6578947368421,-456.403947368421,475.0,-565.1231578947368,180.0,87.19210526315806,1174.384210526316,1950.0,-866.4473684210526,-799.671052631579
1184,2303.8657894736843,404.25,-424.0335526315789,475.0,-539.2268421052631,180.0,151.93289473684217,1303.8657894736843,1950.0,-865.25,-797.875
1185,2202.4578947368423,406.1842105263158,-449.38552631578943,475.0,-559.5084210526315,180.0,101.22894736842113,1202.4578947368423,1950.0,-864.6052631578948,-796.9078947368421
1186,2510.8815789473683,378.2763157894737,-372.2796052631579,475.0,-497.8236842105263,180.0,255.44078947368416,1510.8815789473683,1950.0,-873.9078947368421,-810.8618421052631
1187,2227.768421052632,399.5526315789474,-443.05789473684194,475.0,-554.4463157894736,180.0,113.88421052631611,1227.7684210526322,1950.0,-866.8157894736842,-800.2236842105262
1188,2201.85,394.3026315789474,-449.5375,475.0,-559.63,180.0,100.92499999999995,1201.85,1950.0,-868.5657894736842,-802.8486842105262
1189,2166.592105263158,381.5921052631579,-458.3519736842105,475.0,-566.6815789473684,180.0,83.29605263157896,1166.592105263158,1950.0,-872.8026315789474,-809.203947368421
1190,2304.4736842105262,463.1052631578948,-423.88157894736844,475.0,-539.1052631578948,180.0,152.23684210526312,1304.4736842105262,1950.0,-845.6315789473684,-768.4473684210526
1191,2252.5263157894738,401.7631578947368,-436.86842105263156,475.0,-549.4947368421052,180.0,126.26315789473688,1252.5263157894738,1950.0,-866.078947368421,-799.1184210526316
1192,2124.813157894737,431.8815789473684,-468.7967105263158,475.0,-575.0373684210526,180.0,62.406578947368416,1124.8131578947368,1950.0,-856.0394736842105,-784.0592105263158
1193,2439.592105263158,325.7763157894737,-390.1019736842105,475.0,-512.0815789473684,180.0,219.79605263157896,1439.592105263158,1950.0,-891.4078947368421,-837.1118421052631
1194,2371.673684210526,419.4473684210526,-407.0815789473685,475.0,-525.6652631578947,180.0,185.83684210526303,1371.673684210526,1950.0,-860.1842105263158,-790.2763157894738
1195,2345.036842105263,398.4473684210526,-413.74078947368423,475.0,-530.9926315789473,180.0,172.51842105263154,1345.036842105263,1950.0,-867.1842105263158,-800.7763157894738
1196,2159.794736842105,406.7368421052632,-460.05131578947373,475.0,-568.041052631579,180.0,79.89736842105253,1159.794736842105,1950.0,-864.421052631579,-796.6315789473684
1197,2154.378947368421,386.2894736842105,-461.40526315789475,475.0,-569.1242105263158,180.0,77.1894736842105,1154.378947368421,1950.0,-871.2368421052631,-806.8552631578948
1198,2393.778947368421,413.3684210526316,-401.55526315789473,475.0,-521.2442105263158,180.0,196.88947368421054,1393.778947368421,1950.0,-862.2105263157895,-793.3157894736842
1199,2078.336842105263,383.5263157894737,-480.4157894736843,475.0,-584.3326315789475,180.0,39.1684210526314,1078.3368421052628,1950.0,-872.1578947368421,-808.2368421052631
1200,2185.9894736842107,365.2894736842105,-453.50263157894733,475.0,-562.8021052631578,180.0,92.99473684210534,1185.9894736842107,1950.0,-878.2368421052631,-817.3552631578948
1201,2140.894736842105,421.6578947368421,-464.77631578947376,475.0,-571.821052631579,180.0,70.44736842105249,1140.894736842105,1950.0,-859.4473684210526,-789.171052631579
1202,2254.184210526316,394.0263157894737,-436.45394736842104,475.0,-549.1631578947369,180.0,127.09210526315792,1254.1842105263158,1950.0,-868.6578947368421,-802.9868421052631
1203,2281.207894736842,353.4078947368421,-429.69802631578955,475.0,-543.7584210526317,180.0,140.6039473684209,1281.2078947368418,1950.0,-882.1973684210526,-823.296052631579
1204,2254.9026315789474,353.4078947368421,-436.27434210526314,475.0,-549.0194736842105,180.0,127.45131578947371,1254.9026315789474,1950.0,-882.1973684210526,-823.296052631579
1205,2172.8368421052637,337.1052631578948,-456.7907894736841,475.0,-565.4326315789473,180.0,86.41842105263186,1172.8368421052637,1950.0,-887.6315789473684,-831.4473684210526
1206,2151.007894736842,437.4078947368421,-462.2480263157895,475.0,-569.7984210526316,180.0,75.503947368421,1151.007894736842,1950.0,-854.1973684210526,-781.296052631579
1207,2003.731578947368,355.8947368421052,-499.067105263158,475.0,-599.2536842105264,180.0,1.8657894736840035,1003.731578947368,1950.0,-881.3684210526316,-822.0526315789474
1208,2102.707894736842,437.9605263157895,-474.32302631578955,475.0,-579.4584210526316,180.0,51.353947368420904,1102.7078947368418,1950.0,-854.0131578947369,-781.0197368421052
1209,2425.555263157895,369.9868421052632,-393.6111842105263,475.0,-514.888947368421,180.0,212.77763157894742,1425.5552631578948,1950.0,-876.671052631579,-815.0065789473684
1210,2096.2973684210524,401.4868421052632,-475.9256578947369,475.0,-580.7405263157896,180.0,48.1486842105262,1096.2973684210524,1950.0,-866.171052631579,-799.2565789473684
1211,2219.1473684210523,436.0263157894737,-445.2131578947369,475.0,-556.1705263157895,180.0,109.57368421052615,1219.1473684210523,1950.0,-854.6578947368421,-781.9868421052631
1212,2272.6421052631576,410.6052631578948,-431.8394736842106,475.0,-545.4715789473685,180.0,136.32105263157882,1272.6421052631576,1950.0,-863.1315789473684,-794.6973684210526
1213,2046.1736842105263,385.1842105263158,-488.4565789473684,475.0,-590.7652631578948,180.0,23.086842105263145,1046.1736842105263,1950.0,-871.6052631578948,-807.4078947368421
1214,2479.436842105263,414.4736842105263,-380.1407894736842,475.0,-504.11263157894734,180.0,239.71842105263158,1479.4368421052632,1950.0,-861.8421052631579,-792.7631578947369
1215,2353.8236842105266,386.5657894736842,-411.54407894736835,475.0,-529.2352631578947,180.0,176.9118421052633,1353.8236842105266,1950.0,-871.1447368421052,-806.7171052631579
1216,1943.163157894737,406.1842105263158,-514.2092105263157,475.0,-611.3673684210526,180.0,-28.418421052631516,943.163157894737,1950.0,-864.6052631578948,-796.9078947368421
1217,2437.823684210526,395.4078947368421,-390.54407894736846,475.0,-512.4352631578947,180.0,218.91184210526308,1437.8236842105262,1950.0,-868.1973684210526,-802.296052631579
1218,2243.85,379.9342105263158,-439.0375,475.0,-551.23,180.0,121.92499999999995,1243.85,1950.0,-873.3552631578948,-810.0328947368421
1219,2333.044736842105,382.6973684210526,-416.73881578947373,475.0,-533.391052631579,180.0,166.52236842105253,1333.044736842105,1950.0,-872.4342105263158,-808.6513157894738
1220,2275.571052631579,400.3815789473684,-431.1072368421053,475.0,-544.8857894736842,180.0,137.7855263157894,1275.5710526315788,1950.0,-866.5394736842105,-799.8092105263158
1221,2601.015789473684,395.1315789473684,-349.746052631579,475.0,-479.7968421052632,180.0,300.507894736842,1601.015789473684,1950.0,-868.2894736842105,-802.4342105263158
1222,2118.7894736842104,446.5263157894737,-470.3026315789474,475.0,-576.2421052631579,180.0,59.3947368421052,1118.7894736842104,1950.0,-851.1578947368421,-776.7368421052631
1223,2371.6736842105265,363.0789473684211,-407.08157894736837,475.0,-525.6652631578947,180.0,185.83684210526326,1371.6736842105265,1950.0,-878.9736842105262,-818.4605263157895
1224,2216.384210526316,376.8947368421052,-445.903947368421,475.0,-556.7231578947368,180.0,108.19210526315806,1216.384210526316,1950.0,-874.3684210526316,-811.5526315789474
1225,2374.436842105263,384.6315789473684,-406.3907894736842,475.0,-525.1126315789473,180.0,187.21842105263158,1374.4368421052632,1950.0,-871.7894736842105,-807.6842105263158
1226,2214.560526315789,350.6447368421052,-446.35986842105274,475.0,-557.0878947368421,180.0,107.28026315789452,1214.560526315789,1950.0,-883.1184210526316,-824.6776315789474
1227,2207.376315789473,390.4342105263158,-448.1559210526317,475.0,-558.5247368421053,180.0,103.6881578947366,1207.3763157894732,1950.0,-869.8552631578948,-804.7828947368421
1228,2294.8026315789475,444.0394736842105,-426.2993421052631,475.0,-541.0394736842105,180.0,147.40131578947376,1294.8026315789475,1950.0,-851.9868421052631,-777.9802631578948
1229,2184.4973684210527,444.5921052631579,-453.87565789473683,475.0,-563.1005263157895,180.0,92.24868421052633,1184.4973684210527,1950.0,-851.8026315789474,-777.703947368421
1230,2291.1552631578948,429.1184210526316,-427.2111842105263,475.0,-541.7689473684211,180.0,145.57763157894738,1291.1552631578948,1950.0,-856.9605263157895,-785.4407894736842
1231,2225.7236842105262,412.5394736842105,-443.56907894736844,475.0,-554.8552631578948,180.0,112.86184210526312,1225.7236842105262,1950.0,-862.4868421052631,-793.7302631578948
1232,2433.9,408.3947368421052,-391.525,475.0,-513.22,180.0,216.95000000000005,1433.9,1950.0,-863.8684210526316,-795.8026315789474
1233,2330.4473684210525,451.5,-417.3881578947369,475.0,-533.9105263157895,180.0,165.22368421052624,1330.4473684210525,1950.0,-849.5,-774.25
1234,2130.284210526316,397.8947368421052,-467.42894736842095,475.0,-573.9431578947367,180.0,65.1421052631581,1130.2842105263162,1950.0,-867.3684210526316,-801.0526315789474
1235,2363.43947368421,403.6973684210526,-409.1401315789475,475.0,-527.312105263158,180.0,181.71973684210502,1363.43947368421,1950.0,-865.4342105263158,-798.1513157894738
1236,2023.35,413.0921052631579,-494.1625,475.0,-595.33,180.0,11.674999999999955,1023.3499999999999,1950.0,-862.3026315789474,-793.453947368421
1237,2317.184210526316,428.8421052631579,-420.70394736842104,475.0,-536.5631578947368,180.0,158.59210526315792,1317.1842105263158,1950.0,-857.0526315789474,-785.578947368421
1238,2140.286842105263,419.1710526315789,-464.92828947368423,475.0,-571.9426315789474,180.0,70.14342105263154,1140.286842105263,1950.0,-860.2763157894738,-790.4144736842105
1239,1964.494736842105,429.3947368421052,-508.8763157894737,475.0,-607.101052631579,180.0,-17.752631578947444,964.4947368421051,1950.0,-856.8684210526316,-785.3026315789474
1240,2342.715789473684,382.9736842105263,-414.32105263157905,475.0,-531.4568421052633,180.0,171.3578947368419,1342.7157894736838,1950.0,-872.3421052631579,-808.5131578947369
1241,2310.2210526315785,420.0,-422.4447368421054,475.0,-537.9557894736843,180.0,155.11052631578923,1310.2210526315785,1950.0,-860.0,-790.0
1242,2352.386842105263,402.0394736842105,-411.90328947368425,475.0,-529.5226315789474,180.0,176.1934210526315,1352.386842105263,1950.0,-865.9868421052631,-798.9802631578948
1243,2405.826315789474,431.0526315789474,-398.5434210526315,475.0,-518.8347368421053,180.0,202.91315789473697,1405.826315789474,1950.0,-856.3157894736842,-784.4736842105262
1244,2226.8289473684213,394.8552631578948,-443.2927631578947,475.0,-554.6342105263158,180.0,113.41447368421063,1226.8289473684213,1950.0,-868.3815789473684,-802.5723684210526
1245,2320.555263157895,349.5394736842105,-419.8611842105263,475.0,-535.888947368421,180.0,160.27763157894742,1320.5552631578948,1950.0,-883.4868421052631,-825.2302631578948
1246,2053.523684210526,379.3815789473684,-486.6190789473685,475.0,-589.2952631578949,180.0,26.761842105262986,1053.523684210526,1950.0,-873.5394736842105,-810.3092105263158
1247,2220.8052631578944,381.3157894736842,-444.7986842105264,475.0,-555.8389473684211,180.0,110.4026315789472,1220.8052631578944,1950.0,-872.8947368421052,-809.3421052631579
1248,2144.486842105263,397.0657894736842,-463.8782894736843,475.0,-571.1026315789475,180.0,72.24342105263145,1144.486842105263,1950.0,-867.6447368421052,-801.4671052631579
1249,2260.3736842105263,366.3947368421052,-434.9065789473684,475.0,-547.9252631578947,180.0,130.18684210526317,1260.3736842105263,1950.0,-877.8684210526316,-816.8026315789474
1250,2197.3736842105263,397.3421052631579,-450.6565789473684,475.0,-560.5252631578948,180.0,98.68684210526317,1197.3736842105263,1950.0,-867.5526315789474,-801.328947368421
1251,2330.171052631579,394.8552631578948,-417.4572368421052,475.0,-533.9657894736841,180.0,165.0855263157896,1330.1710526315792,1950.0,-868.3815789473684,-802.5723684210526
1252,2141.834210526316,388.7763157894737,-464.541447368421,475.0,-571.6331578947368,180.0,70.91710526315796,1141.834210526316,1950.0,-870.4078947368421,-805.6118421052631
1253,2326.357894736842,374.1315789473684,-418.4105263157895,475.0,-534.7284210526316,180.0,163.17894736842095,1326.357894736842,1950.0,-875.2894736842105,-812.9342105263158
1254,2320.5,375.7894736842105,-419.875,475.0,-535.9,180.0,160.25,1320.5,1950.0,-874.7368421052631,-812.1052631578948
1255,2291.1552631578943,372.75,-427.2111842105264,475.0,-541.7689473684211,180.0,145.57763157894715,1291.1552631578943,1950.0,-875.75,-813.625
1256,2254.073684210526,408.9473684210526,-436.48157894736846,475.0,-549.1852631578947,180.0,127.03684210526308,1254.0736842105262,1950.0,-863.6842105263158,-795.5263157894738
1257,2299.886842105263,387.1184210526316,-425.02828947368425,475.0,-540.0226315789474,180.0,149.9434210526315,1299.886842105263,1950.0,-870.9605263157895,-806.4407894736842
1258,2277.063157894737,358.6578947368421,-430.7342105263158,475.0,-544.5873684210526,180.0,138.53157894736842,1277.0631578947368,1950.0,-880.4473684210526,-820.671052631579
1259,2133.8763157894737,392.0921052631579,-466.5309210526316,475.0,-573.2247368421052,180.0,66.93815789473683,1133.8763157894737,1950.0,-869.3026315789474,-803.953947368421
1260,2346.915789473684,398.4473684210526,-413.271052631579,475.0,-530.6168421052632,180.0,173.45789473684204,1346.915789473684,1950.0,-867.1842105263158,-800.7763157894738
1261,2134.926315789474,391.2631578947368,-466.26842105263154,475.0,-573.0147368421052,180.0,67.46315789473692,1134.9263157894738,1950.0,-869.578947368421,-804.3684210526316
1262,2194.665789473684,424.6973684210526,-451.333552631579,475.0,-561.0668421052632,180.0,97.33289473684204,1194.665789473684,1950.0,-858.4342105263158,-787.6513157894738
1263,2178.9157894736845,427.7368421052632,-455.27105263157887,475.0,-564.2168421052631,180.0,89.45789473684226,1178.9157894736845,1950.0,-857.421052631579,-786.1315789473684
1264,2379.521052631579,393.4736842105263,-405.1197368421052,475.0,-524.0957894736841,180.0,189.76052631578955,1379.521052631579,1950.0,-868.8421052631579,-803.2631578947369
1265,2298.394736842105,410.0526315789474,-425.40131578947376,475.0,-540.321052631579,180.0,149.1973684210525,1298.394736842105,1950.0,-863.3157894736842,-794.9736842105262
1266,2334.15,365.0131578947368,-416.4625,475.0,-533.17,180.0,167.07500000000005,1334.15,1950.0,-878.328947368421,-817.4934210526316
1267,2291.2105263157896,412.2631578947368,-427.1973684210526,475.0,-541.7578947368421,180.0,145.6052631578948,1291.2105263157896,1950.0,-862.578947368421,-793.8684210526316
1268,2119.7289473684214,385.4605263157895,-470.06776315789466,475.0,-576.0542105263157,180.0,59.86447368421068,1119.7289473684214,1950.0,-871.5131578947369,-807.2697368421052
1269,2044.2947368421053,347.6052631578948,-488.9263157894737,475.0,-591.141052631579,180.0,22.147368421052647,1044.2947368421053,1950.0,-884.1315789473684,-826.1973684210526
1270,2200.302631578947,462.2763157894737,-449.92434210526324,475.0,-559.9394736842106,180.0,100.15131578947353,1200.302631578947,1950.0,-845.9078947368421,-768.8618421052631
1271,2208.978947368421,399.5526315789474,-447.7552631578948,475.0,-558.2042105263158,180.0,104.48947368421045,1208.978947368421,1950.0,-866.8157894736842,-800.2236842105262
1272,2273.1394736842103,428.0131578947368,-431.7151315789474,475.0,-545.3721052631579,180.0,136.56973684210516,1273.1394736842103,1950.0,-857.328947368421,-785.9934210526316
1273,2404.2236842105267,431.3289473684211,-398.9440789473683,475.0,-519.1552631578946,180.0,202.11184210526335,1404.2236842105267,1950.0,-856.2236842105262,-784.3355263157895
1274,2319.228947368421,406.4605263157895,-420.1927631578948,475.0,-536.1542105263159,180.0,159.61447368421045,1319.228947368421,1950.0,-864.5131578947369,-796.7697368421052
1275,2350.452631578948,456.4736842105263,-412.386842105263,475.0,-529.9094736842104,180.0,175.22631578947403,1350.452631578948,1950.0,-847.8421052631579,-771.7631578947369
1276,2329.121052631579,433.2631578947368,-417.71973684210525,475.0,-534.1757894736842,180.0,164.5605263157895,1329.121052631579,1950.0,-855.578947368421,-783.3684210526316
1277,2392.563157894737,389.6052631578948,-401.8592105263158,475.0,-521.4873684210527,180.0,196.28157894736842,1392.5631578947368,1950.0,-870.1315789473684,-805.1973684210526
1278,2082.813157894737,446.25,-479.2967105263158,475.0,-583.4373684210526,180.0,41.406578947368416,1082.8131578947368,1950.0,-851.25,-776.875
1279,2352.93947368421,365.0131578947368,-411.7651315789475,475.0,-529.412105263158,180.0,176.46973684210502,1352.93947368421,1950.0,-878.328947368421,-817.4934210526316
1280,2283.4736842105262,385.7368421052632,-429.13157894736844,475.0,-543.3052631578947,180.0,141.73684210526312,1283.4736842105262,1950.0,-871.421052631579,-807.1315789473684
1281,2512.594736842105,344.2894736842105,-371.8513157894738,475.0,-497.481052631579,180.0,256.2973684210524,1512.5947368421048,1950.0,-885.2368421052631,-827.8552631578948
1282,2236.278947368421,378.0,-440.93026315789473,475.0,-552.7442105263158,180.0,118.13947368421054,1236.278947368421,1950.0,-874.0,-811.0
1283,2447.826315789473,379.1052631578948,-388.04342105263174,475.0,-510.4347368421054,180.0,223.9131578947365,1447.826315789473,1950.0,-873.6315789473684,-810.4473684210526
1284,2328.071052631579,452.8815789473684,-417.9822368421053,475.0,-534.3857894736842,180.0,164.0355263157894,1328.0710526315788,1950.0,-849.0394736842105,-773.5592105263158
1285,2219.5342105263157,402.5921052631579,-445.11644736842106,475.0,-556.0931578947368,180.0,109.76710526315787,1219.5342105263157,1950.0,-865.8026315789474,-798.703947368421
1286,2089.278947368421,381.3157894736842,-477.68026315789473,475.0,-582.1442105263158,180.0,44.63947368421054,1089.278947368421,1950.0,-872.8947368421052,-809.3421052631579
1287,2188.642105263158,392.3684210526316,-452.8394736842105,475.0,-562.2715789473684,180.0,94.32105263157905,1188.642105263158,1950.0,-869.2105263157895,-803.8157894736842
1288,2295.4105263157894,437.1315789473684,-426.14736842105265,475.0,-540.9178947368421,180.0,147.7052631578947,1295.4105263157894,1950.0,-854.2894736842105,-781.4342105263158
1289,2221.0815789473686,428.5657894736842,-444.72960526315785,475.0,-555.7836842105263,180.0,110.5407894736843,1221.0815789473686,1950.0,-857.1447368421052,-785.7171052631579
1290,2274.355263157895,395.4078947368421,-431.41118421052624,475.0,-545.128947368421,180.0,137.1776315789475,1274.355263157895,1950.0,-868.1973684210526,-802.296052631579
1291,2199.0868421052637,447.9078947368421,-450.2282894736841,475.0,-560.1826315789473,180.0,99.54342105263186,1199.0868421052637,1950.0,-850.6973684210526,-776.046052631579
1292,2488.002631578948,394.8552631578948,-377.99934210526305,475.0,-502.3994736842104,180.0,244.0013157894739,1488.0026315789478,1950.0,-868.3815789473684,-802.5723684210526
1293,2399.5815789473686,400.3815789473684,-400.10460526315785,475.0,-520.0836842105263,180.0,199.7907894736843,1399.5815789473686,1950.0,-866.5394736842105,-799.8092105263158
1294,2316.023684210526,435.1973684210526,-420.9940789473685,475.0,-536.7952631578949,180.0,158.01184210526299,1316.023684210526,1950.0,-854.9342105263158,-782.4013157894738
1295,2362.721052631579,416.1315789473684,-409.31973684210527,475.0,-527.4557894736843,180.0,181.36052631578946,1362.721052631579,1950.0,-861.2894736842105,-791.9342105263158
1296,2038.6026315789472,514.7763157894736,-490.3493421052632,475.0,-592.2794736842105,180.0,19.30131578947362,1038.6026315789472,1950.0,-828.4078947368421,-742.6118421052631
1297,2367.75,376.0657894736842,-408.0625,475.0,-526.45,180.0,183.875,1367.75,1950.0,-874.6447368421052,-811.9671052631579
1298,2418.2605263157893,358.9342105263158,-395.43486842105267,475.0,-516.3478947368421,180.0,209.13026315789466,1418.2605263157893,1950.0,-880.3552631578948,-820.5328947368421
1299,2191.957894736842,386.2894736842105,-452.01052631578955,475.0,-561.6084210526317,180.0,95.9789473684209,1191.9578947368418,1950.0,-871.2368421052631,-806.8552631578948
1300,2375.7631578947367,440.4473684210526,-406.05921052631584,475.0,-524.8473684210527,180.0,187.88157894736833,1375.7631578947367,1950.0,-853.1842105263158,-779.7763157894738
1301,2188.4763157894736,405.3552631578948,-452.8809210526316,475.0,-562.3047368421053,180.0,94.23815789473679,1188.4763157894736,1950.0,-864.8815789473684,-797.3223684210526
1302,2078.336842105263,449.2894736842105,-480.4157894736843,475.0,-584.3326315789475,180.0,39.1684210526314,1078.3368421052628,1950.0,-850.2368421052631,-775.3552631578948
1303,2316.6315789473683,418.8947368421052,-420.8421052631579,475.0,-536.6736842105263,180.0,158.31578947368416,1316.6315789473683,1950.0,-860.3684210526316,-790.5526315789474
1304,2084.028947368421,385.4605263157895,-478.99276315789473,475.0,-583.1942105263158,180.0,42.01447368421054,1084.028947368421,1950.0,-871.5131578947369,-807.2697368421052
1305,2251.2552631578947,423.0394736842105,-437.18618421052633,475.0,-549.7489473684211,180.0,125.62763157894733,1251.2552631578947,1950.0,-858.9868421052631,-788.4802631578948
1306,2261.257894736842,359.7631578947368,-434.6855263157895,475.0,-547.7484210526316,180.0,130.628947368421,1261.257894736842,1950.0,-880.078947368421,-820.1184210526316
1307,1930.121052631579,419.4473684210526,-517.4697368421052,475.0,-613.9757894736842,180.0,-34.9394736842105,930.121052631579,1950.0,-860.1842105263158,-790.2763157894738
1308,2423.8973684210523,396.5131578947368,-394.0256578947369,475.0,-515.2205263157896,180.0,211.94868421052615,1423.8973684210523,1950.0,-867.828947368421,-801.7434210526316
1309,2409.915789473684,395.6842105263158,-397.521052631579,475.0,-518.0168421052632,180.0,204.95789473684204,1409.915789473684,1950.0,-868.1052631578948,-802.1578947368421
1310,2367.142105263158,364.1842105263158,-408.2144736842105,475.0,-526.5715789473684,180.0,183.57105263157905,1367.142105263158,1950.0,-878.6052631578948,-817.9078947368421
1311,2522.8184210526315,373.3026315789474,-369.2953947368421,475.0,-495.4363157894737,180.0,261.40921052631575,1522.8184210526315,1950.0,-875.5657894736842,-813.3486842105262
1312,2416.9342105263154,368.8815789473684,-395.76644736842115,475.0,-516.6131578947369,180.0,208.4671052631577,1416.9342105263154,1950.0,-877.0394736842105,-815.5592105263158
1313,2221.0815789473686,428.5657894736842,-444.72960526315785,475.0,-555.7836842105263,180.0,110.5407894736843,1221.0815789473686,1950.0,-857.1447368421052,-785.7171052631579
1314,2068.831578947368,398.4473684210526,-482.79210526315796,475.0,-586.2336842105263,180.0,34.41578947368407,1068.8315789473681,1950.0,-867.1842105263158,-800.7763157894738
1315,2335.6421052631576,379.6578947368421,-416.0894736842106,475.0,-532.8715789473684,180.0,167.82105263157882,1335.6421052631576,1950.0,-873.4473684210526,-810.171052631579
1316,2163.4973684210527,367.2236842105263,-459.12565789473683,475.0,-567.3005263157895,180.0,81.74868421052633,1163.4973684210527,1950.0,-877.5921052631579,-816.3881578947369
1317,2286.236842105264,388.5,-428.44078947368405,475.0,-542.7526315789472,180.0,143.1184210526319,1286.2368421052638,1950.0,-870.5,-805.75
1318,2117.2973684210524,375.5131578947368,-470.6756578947369,475.0,-576.5405263157895,180.0,58.6486842105262,1117.2973684210524,1950.0,-874.828947368421,-812.2434210526316
1319,2228.2105263157896,443.2105263157895,-442.9473684210526,475.0,-554.3578947368421,180.0,114.1052631578948,1228.2105263157896,1950.0,-852.2631578947369,-778.3947368421052
1320,2347.9105263157894,423.8684210526316,-413.02236842105265,475.0,-530.4178947368421,180.0,173.9552631578947,1347.9105263157894,1950.0,-858.7105263157895,-788.0657894736842
1321,2448.1026315789472,341.8026315789474,-387.9743421052632,475.0,-510.37947368421055,180.0,224.05131578947362,1448.1026315789472,1950.0,-886.0657894736842,-829.0986842105262
1322,2261.1473684210523,412.2631578947368,-434.7131578947369,475.0,-547.7705263157895,180.0,130.57368421052615,1261.1473684210523,1950.0,-862.578947368421,-793.8684210526316
1323,2055.678947368421,407.8421052631579,-486.0802631578947,475.0,-588.8642105263158,180.0,27.83947368421059,1055.6789473684212,1950.0,-864.0526315789474,-796.078947368421
1324,2116.081578947368,379.9342105263158,-470.97960526315796,475.0,-576.7836842105264,180.0,58.04078947368407,1116.0815789473681,1950.0,-873.3552631578948,-810.0328947368421
1325,2408.092105263158,378.8289473684211,-397.9769736842105,475.0,-518.3815789473684,180.0,204.04605263157896,1408.092105263158,1950.0,-873.7236842105262,-810.5855263157895
1326,2291.265789473684,376.6184210526316,-427.183552631579,475.0,-541.7468421052632,180.0,145.632894736842,1291.265789473684,1950.0,-874.4605263157895,-811.6907894736842
1327,2466.9473684210525,409.5,-383.2631578947369,475.0,-506.6105263157895,180.0,233.47368421052624,1466.9473684210525,1950.0,-863.5,-795.25
1328,2083.5315789473684,443.2105263157895,-479.1171052631579,475.0,-583.2936842105263,180.0,41.76578947368421,1083.5315789473684,1950.0,-852.2631578947369,-778.3947368421052
1329,1944.2684210526315,435.4736842105263,-513.9328947368422,475.0,-611.1463157894736,180.0,-27.86578947368423,944.2684210526315,1950.0,-854.8421052631579,-782.2631578947369
1330,2252.8578947368424,385.1842105263158,-436.7855263157894,475.0,-549.4284210526315,180.0,126.42894736842118,1252.8578947368424,1950.0,-871.6052631578948,-807.4078947368421
1331,2444.0131578947367,386.5657894736842,-388.99671052631584,475.0,-511.19736842105266,180.0,222.00657894736833,1444.0131578947367,1950.0,-871.1447368421052,-806.7171052631579
1332,2124.371052631579,416.4078947368421,-468.90723684210525,475.0,-575.1257894736842,180.0,62.1855263157895,1124.371052631579,1950.0,-861.1973684210526,-791.796052631579
1333,2624.0052631578947,363.6315789473684,-343.99868421052633,475.0,-475.19894736842105,180.0,312.00263157894733,1624.0052631578947,1950.0,-878.7894736842105,-818.1842105263158
1334,2373.607894736842,365.0131578947368,-406.5980263157895,475.0,-525.2784210526316,180.0,186.80394736842095,1373.607894736842,1950.0,-878.328947368421,-817.4934210526316
1335,2132.218421052632,409.2236842105263,-466.945394736842,475.0,-573.5563157894736,180.0,66.10921052631602,1132.218421052632,1950.0,-863.5921052631579,-795.3881578947369
1336,2351.502631578947,399.2763157894737,-412.1243421052633,475.0,-529.6994736842106,180.0,175.75131578947344,1351.5026315789469,1950.0,-866.9078947368421,-800.3618421052631
1337,2278.665789473684,461.7236842105263,-430.333552631579,475.0,-544.2668421052632,180.0,139.33289473684204,1278.665789473684,1950.0,-846.0921052631579,-769.1381578947369
1338,2234.234210526316,428.5657894736842,-441.441447368421,475.0,-553.1531578947368,180.0,117.11710526315801,1234.234210526316,1950.0,-857.1447368421052,-785.7171052631579
1339,2227.4921052631576,408.6710526315789,-443.1269736842106,475.0,-554.5015789473684,180.0,113.74605263157878,1227.4921052631576,1950.0,-863.7763157894738,-795.6644736842105
1340,2651.028947368421,388.7763157894737,-337.24276315789473,475.0,-469.79421052631574,180.0,325.51447368421054,1651.028947368421,1950.0,-870.4078947368421,-805.6118421052631
1341,2065.128947368421,456.75,-483.71776315789475,475.0,-586.9742105263158,180.0,32.5644736842105,1065.128947368421,1950.0,-847.75,-771.625
1342,2091.213157894737,392.6447368421052,-477.19671052631577,475.0,-581.7573684210527,180.0,45.60657894736846,1091.213157894737,1950.0,-869.1184210526316,-803.6776315789474
1343,2214.3394736842106,380.4868421052632,-446.41513157894735,475.0,-557.1321052631579,180.0,107.1697368421053,1214.3394736842106,1950.0,-873.171052631579,-809.7565789473684
1344,2384.771052631578,426.9078947368421,-403.80723684210545,475.0,-523.0457894736844,180.0,192.3855263157891,1384.7710526315782,1950.0,-857.6973684210526,-786.546052631579
1345,2104.034210526316,371.6447368421052,-473.99144736842095,475.0,-579.1931578947367,180.0,52.0171052631581,1104.0342105263162,1950.0,-876.1184210526316,-814.1776315789474
1346,2384.8815789473683,365.0131578947368,-403.7796052631579,475.0,-523.0236842105263,180.0,192.44078947368416,1384.8815789473683,1950.0,-878.328947368421,-817.4934210526316
1347,2388.7499999999995,340.6973684210526,-402.8125000000001,475.0,-522.2500000000001,180.0,194.37499999999977,1388.7499999999995,1950.0,-886.4342105263158,-829.6513157894738
1348,2279.1631578947367,394.5789473684211,-430.2092105263158,475.0,-544.1673684210526,180.0,139.58157894736837,1279.1631578947367,1950.0,-868.4736842105262,-802.7105263157895
1349,2221.136842105263,383.5263157894737,-444.71578947368425,475.0,-555.7726315789474,180.0,110.56842105263149,1221.136842105263,1950.0,-872.1578947368421,-808.2368421052631
1350,2660.313157894737,403.6973684210526,-334.9217105263158,475.0,-467.9373684210526,180.0,330.1565789473684,1660.3131578947368,1950.0,-865.4342105263158,-798.1513157894738
1351,2452.192105263158,409.7763157894737,-386.95197368421054,475.0,-509.56157894736845,180.0,226.0960526315789,1452.1921052631578,1950.0,-863.4078947368421,-795.1118421052631
1352,2171.344736842105,369.4342105263158,-457.1638157894738,475.0,-565.731052631579,180.0,85.6723684210524,1171.3447368421048,1950.0,-876.8552631578948,-815.2828947368421
1353,2069.384210526316,399.0,-482.653947368421,475.0,-586.1231578947368,180.0,34.692105263158055,1069.384210526316,1950.0,-867.0,-800.5
1354,2074.8,428.8421052631579,-481.29999999999995,475.0,-585.04,180.0,37.40000000000009,1074.8000000000002,1950.0,-857.0526315789474,-785.578947368421
1355,2099.392105263158,453.4342105263158,-475.1519736842105,475.0,-580.1215789473683,180.0,49.69605263157905,1099.392105263158,1950.0,-848.8552631578948,-773.2828947368421
1356,2286.457894736842,433.8157894736842,-428.38552631578955,475.0,-542.7084210526316,180.0,143.2289473684209,1286.4578947368418,1950.0,-855.3947368421052,-783.0921052631579
1357,2185.271052631579,415.3026315789474,-453.6822368421052,475.0,-562.9457894736842,180.0,92.63552631578955,1185.271052631579,1950.0,-861.5657894736842,-792.3486842105262
1358,2205.884210526316,338.2105263157895,-448.528947368421,475.0,-558.8231578947368,180.0,102.94210526315806,1205.884210526316,1950.0,-887.2631578947369,-830.8947368421052
1359,2220.528947368421,352.8552631578948,-444.86776315789473,475.0,-555.8942105263158,180.0,110.26447368421054,1220.528947368421,1950.0,-882.3815789473684,-823.5723684210526
1360,1999.9736842105265,421.6578947368421,-500.0065789473684,475.0,-600.0052631578947,180.0,-0.01315789473676432,999.9736842105265,1950.0,-859.4473684210526,-789.171052631579
1361,2094.805263157895,443.2105263157895,-476.2986842105263,475.0,-581.0389473684211,180.0,47.40263157894742,1094.8052631578948,1950.0,-852.2631578947369,-778.3947368421052
1362,2150.234210526316,400.9342105263158,-462.441447368421,475.0,-569.9531578947368,180.0,75.11710526315801,1150.234210526316,1950.0,-866.3552631578948,-799.5328947368421
1363,2307.9,432.7105263157895,-423.025,475.0,-538.42,180.0,153.95000000000005,1307.9,1950.0,-855.7631578947369,-783.6447368421052
1364,2341.057894736842,400.1052631578948,-414.73552631578946,475.0,-531.7884210526315,180.0,170.5289473684211,1341.0578947368422,1950.0,-866.6315789473684,-799.9473684210526
1365,2167.863157894737,426.0789473684211,-458.03421052631575,475.0,-566.4273684210526,180.0,83.93157894736851,1167.863157894737,1950.0,-857.9736842105262,-786.9605263157895
1366,2246.502631578948,425.8026315789474,-438.37434210526305,475.0,-550.6994736842105,180.0,123.25131578947389,1246.5026315789478,1950.0,-858.0657894736842,-787.0986842105262
1367,2200.3578947368424,398.4473684210526,-449.9105263157894,475.0,-559.9284210526315,180.0,100.17894736842118,1200.3578947368424,1950.0,-867.1842105263158,-800.7763157894738
1368,2354.984210526316,361.4210526315789,-411.253947368421,475.0,-529.0031578947368,180.0,177.492105263158,1354.984210526316,1950.0,-879.5263157894738,-819.2894736842105
1369,2357.8026315789475,413.0921052631579,-410.5493421052631,475.0,-528.4394736842105,180.0,178.90131578947376,1357.8026315789475,1950.0,-862.3026315789474,-793.453947368421
1370,2309.613157894737,370.5394736842105,-422.59671052631575,475.0,-538.0773684210526,180.0,154.8065789473685,1309.613157894737,1950.0,-876.4868421052631,-814.7302631578948
1371,2152.5552631578944,397.6184210526316,-461.8611842105264,475.0,-569.4889473684211,180.0,76.2776315789472,1152.5552631578944,1950.0,-867.4605263157895,-801.1907894736842
1372,2255.621052631579,397.3421052631579,-436.09473684210525,475.0,-548.8757894736842,180.0,127.8105263157895,1255.621052631579,1950.0,-867.5526315789474,-801.328947368421
1373,2583.8289473684213,385.4605263157895,-354.0427631578947,475.0,-483.2342105263158,180.0,291.91447368421063,1583.8289473684213,1950.0,-871.5131578947369,-807.2697368421052
1374,2538.236842105263,405.6315789473684,-365.4407894736843,475.0,-492.3526315789474,180.0,269.11842105263145,1538.236842105263,1950.0,-864.7894736842105,-797.1842105263158
1375,2232.4105263157894,383.5263157894737,-441.89736842105265,475.0,-553.5178947368421,180.0,116.2052631578947,1232.4105263157894,1950.0,-872.1578947368421,-808.2368421052631
1376,2079.607894736842,409.2236842105263,-480.0980263157895,475.0,-584.0784210526316,180.0,39.80394736842095,1079.607894736842,1950.0,-863.5921052631579,-795.3881578947369
1377,1997.873684210526,385.7368421052632,-500.5315789473685,475.0,-600.4252631578947,180.0,-1.0631578947369462,997.8736842105261,1950.0,-871.421052631579,-807.1315789473684
1378,2289.5526315789475,420.0,-427.6118421052631,475.0,-542.0894736842105,180.0,144.77631578947376,1289.5526315789475,1950.0,-860.0,-790.0
1379,2246.7236842105262,348.9868421052632,-438.31907894736844,475.0,-550.6552631578948,180.0,123.36184210526312,1246.7236842105262,1950.0,-883.671052631579,-825.5065789473684
1380,2255.0684210526315,415.5789473684211,-436.2328947368421,475.0,-548.9863157894737,180.0,127.53421052631575,1255.0684210526315,1950.0,-861.4736842105262,-792.2105263157895
1381,2036.834210526316,462.2763157894737,-490.791447368421,475.0,-592.6331578947368,180.0,18.417105263157964,1036.834210526316,1950.0,-845.9078947368421,-768.8618421052631
1382,2259.1026315789472,368.8815789473684,-435.2243421052632,475.0,-548.1794736842105,180.0,129.55131578947362,1259.1026315789472,1950.0,-877.0394736842105,-815.5592105263158
1383,2190.3552631578946,452.3289473684211,-452.41118421052636,475.0,-561.9289473684211,180.0,95.17763157894728,1190.3552631578946,1950.0,-849.2236842105262,-773.8355263157895
1384,2238.9315789473685,442.6578947368421,-440.2671052631579,475.0,-552.2136842105263,180.0,119.46578947368425,1238.9315789473685,1950.0,-852.4473684210526,-778.671052631579
1385,2339.6763157894734,379.9342105263158,-415.08092105263165,475.0,-532.0647368421053,180.0,169.8381578947367,1339.6763157894734,1950.0,-873.3552631578948,-810.0328947368421
1386,2238.1026315789472,423.0394736842105,-440.4743421052632,475.0,-552.3794736842106,180.0,119.05131578947362,1238.1026315789472,1950.0,-858.9868421052631,-788.4802631578948
1387,2498.502631578948,433.5394736842105,-375.37434210526305,475.0,-500.29947368421045,180.0,249.2513157894739,1498.5026315789478,1950.0,-855.4868421052631,-783.2302631578948
1388,2418.702631578947,383.8026315789474,-395.3243421052632,475.0,-516.2594736842105,180.0,209.35131578947357,1418.7026315789471,1950.0,-872.0657894736842,-808.0986842105262
1389,2091.765789473684,430.7763157894737,-477.058552631579,475.0,-581.6468421052632,180.0,45.88289473684199,1091.765789473684,1950.0,-856.4078947368421,-784.6118421052631
1390,2704.2473684210527,381.8684210526316,-323.93815789473683,475.0,-459.1505263157894,180.0,352.12368421052633,1704.2473684210527,1950.0,-872.7105263157895,-809.0657894736842
1391,2161.121052631579,424.9736842105263,-459.71973684210525,475.0,-567.7757894736842,180.0,80.5605263157895,1161.121052631579,1950.0,-858.3421052631579,-787.5131578947369
1392,2224.2315789473687,435.4736842105263,-443.9421052631578,475.0,-555.1536842105263,180.0,112.11578947368434,1224.2315789473687,1950.0,-854.8421052631579,-782.2631578947369
1393,2685.236842105264,421.1052631578948,-328.69078947368405,475.0,-462.95263157894726,180.0,342.6184210526319,1685.2368421052638,1950.0,-859.6315789473684,-789.4473684210526
1394,2346.5289473684206,384.9078947368421,-413.36776315789484,475.0,-530.6942105263158,180.0,173.26447368421032,1346.5289473684206,1950.0,-871.6973684210526,-807.546052631579
1395,2483.802631578947,388.7763157894737,-379.04934210526324,475.0,-503.23947368421057,180.0,241.90131578947353,1483.802631578947,1950.0,-870.4078947368421,-805.6118421052631
1396,2135.202631578948,419.7236842105263,-466.199342105263,475.0,-572.9594736842104,180.0,67.60131578947403,1135.202631578948,1950.0,-860.0921052631579,-790.1381578947369
1397,2357.084210526316,350.3684210526316,-410.728947368421,475.0,-528.5831578947368,180.0,178.54210526315796,1357.084210526316,1950.0,-883.2105263157895,-824.8157894736842
1398,2470.3184210526315,358.3815789473684,-382.4203947368421,475.0,-505.9363157894737,180.0,235.15921052631575,1470.3184210526315,1950.0,-880.5394736842105,-820.8092105263158
1399,2321.605263157895,358.1052631578948,-419.59868421052624,475.0,-535.678947368421,180.0,160.8026315789475,1321.605263157895,1950.0,-880.6315789473684,-820.9473684210526
1400,2376.205263157895,324.39473684210526,-405.94868421052627,475.0,-524.758947368421,180.0,188.10263157894747,1376.205263157895,1950.0,-891.8684210526316,-837.8026315789474
1401,2401.7921052631577,365.0131578947368,-399.55197368421057,475.0,-519.6415789473684,180.0,200.89605263157887,1401.7921052631577,1950.0,-878.328947368421,-817.4934210526316
1402,2079.884210526316,371.9210526315789,-480.028947368421,475.0,-584.0231578947368,180.0,39.942105263158055,1079.884210526316,1950.0,-876.0263157894738,-814.0394736842105
1403,2248.657894736842,407.2894736842105,-437.8355263157895,475.0,-550.2684210526315,180.0,124.32894736842104,1248.657894736842,1950.0,-864.2368421052631,-796.3552631578948
1404,2331.1105263157897,399.5526315789474,-417.2223684210526,475.0,-533.7778947368421,180.0,165.55526315789484,1331.1105263157897,1950.0,-866.8157894736842,-800.2236842105262
1405,2214.284210526316,425.5263157894737,-446.42894736842095,475.0,-557.1431578947368,180.0,107.1421052631581,1214.2842105263162,1950.0,-858.1578947368421,-787.2368421052631
1406,2459.707894736842,344.0131578947368,-385.07302631578955,475.0,-508.0584210526316,180.0,229.8539473684209,1459.7078947368418,1950.0,-885.328947368421,-827.9934210526316
1407,2119.0105263157893,416.6842105263158,-470.24736842105267,475.0,-576.1978947368422,180.0,59.50526315789466,1119.0105263157893,1950.0,-861.1052631578948,-791.6578947368421
1408,2504.6921052631583,387.1184210526316,-373.82697368421043,475.0,-499.06157894736833,180.0,252.34605263157914,1504.6921052631583,1950.0,-870.9605263157895,-806.4407894736842
1409,2441.802631578947,393.75,-389.54934210526324,475.0,-511.6394736842106,180.0,220.90131578947353,1441.802631578947,1950.0,-868.75,-803.125
1410,2132.218421052632,446.8026315789474,-466.945394736842,475.0,-573.5563157894736,180.0,66.10921052631602,1132.218421052632,1950.0,-851.0657894736842,-776.5986842105262
1411,2403.726315789474,423.3157894736842,-399.0684210526315,475.0,-519.2547368421052,180.0,201.86315789473701,1403.726315789474,1950.0,-858.8947368421052,-788.3421052631579
1412,2178.3078947368417,387.6710526315789,-455.42302631578957,475.0,-564.3384210526317,180.0,89.15394736842086,1178.3078947368417,1950.0,-870.7763157894738,-806.1644736842105
1413,2160.955263157895,409.7763157894737,-459.76118421052627,475.0,-567.8089473684211,180.0,80.47763157894747,1160.955263157895,1950.0,-863.4078947368421,-795.1118421052631
1414,2361.063157894737,442.6578947368421,-409.7342105263158,475.0,-527.7873684210526,180.0,180.53157894736842,1361.0631578947368,1950.0,-852.4473684210526,-778.671052631579
1415,2330.8894736842103,410.6052631578948,-417.2776315789474,475.0,-533.8221052631579,180.0,165.44473684210516,1330.8894736842103,1950.0,-863.1315789473684,-794.6973684210526
1416,2417.321052631579,420.0,-395.6697368421053,475.0,-516.5357894736842,180.0,208.6605263157894,1417.3210526315788,1950.0,-860.0,-790.0
1417,2342.1631578947367,373.0263157894737,-414.4592105263158,475.0,-531.5673684210526,180.0,171.08157894736837,1342.1631578947367,1950.0,-875.6578947368421,-813.4868421052631
1418,2248.271052631579,440.7236842105263,-437.9322368421052,475.0,-550.3457894736841,180.0,124.13552631578955,1248.271052631579,1950.0,-853.0921052631579,-779.6381578947369
1419,2522.1000000000004,404.5263157894737,-369.4749999999999,475.0,-495.5799999999999,180.0,261.0500000000002,1522.1000000000004,1950.0,-865.1578947368421,-797.7368421052631
1420,2325.805263157895,411.1578947368421,-418.5486842105263,475.0,-534.838947368421,180.0,162.90263157894742,1325.8052631578948,1950.0,-862.9473684210526,-794.421052631579
1421,2178.031578947368,368.6052631578948,-455.492105263158,475.0,-564.3936842105264,180.0,89.01578947368398,1178.031578947368,1950.0,-877.1315789473684,-815.6973684210526
1422,2095.3578947368424,415.5789473684211,-476.1605263157894,475.0,-580.9284210526315,180.0,47.67894736842118,1095.3578947368424,1950.0,-861.4736842105262,-792.2105263157895
1423,2128.957894736842,436.0263157894737,-467.76052631578955,475.0,-574.2084210526316,180.0,64.4789473684209,1128.9578947368418,1950.0,-854.6578947368421,-781.9868421052631
1424,2016.5526315789475,372.4736842105263,-495.8618421052631,475.0,-596.6894736842105,180.0,8.276315789473756,1016.5526315789475,1950.0,-875.8421052631579,-813.7631578947369
1425,2144.321052631579,325.5,-463.9197368421053,475.0,-571.1357894736842,180.0,72.16052631578941,1144.3210526315788,1950.0,-891.5,-837.25
1426,2334.039473684211,389.3289473684211,-416.4901315789473,475.0,-533.1921052631578,180.0,167.01973684210543,1334.0394736842109,1950.0,-870.2236842105262,-805.3355263157895
1427,2350.452631578947,371.9210526315789,-412.3868421052632,475.0,-529.9094736842105,180.0,175.22631578947357,1350.4526315789471,1950.0,-876.0263157894738,-814.0394736842105
1428,2382.45,392.6447368421052,-404.38750000000005,475.0,-523.51,180.0,191.2249999999999,1382.4499999999998,1950.0,-869.1184210526316,-803.6776315789474
1429,2401.571052631579,432.4342105263158,-399.6072368421053,475.0,-519.6857894736843,180.0,200.7855263157894,1401.5710526315788,1950.0,-855.8552631578948,-783.7828947368421
1430,2297.123684210526,421.9342105263158,-425.71907894736853,475.0,-540.5752631578948,180.0,148.56184210526294,1297.1236842105259,1950.0,-859.3552631578948,-789.0328947368421
1431,2271.426315789474,377.4473684210526,-432.14342105263154,475.0,-545.7147368421053,180.0,135.71315789473692,1271.4263157894738,1950.0,-874.1842105263158,-811.2763157894738
1432,2160.513157894737,394.3026315789474,-459.8717105263157,475.0,-567.8973684210525,180.0,80.25657894736855,1160.513157894737,1950.0,-868.5657894736842,-802.8486842105262
1433,2278.113157894737,414.1973684210526,-430.47171052631575,475.0,-544.3773684210526,180.0,139.0565789473685,1278.113157894737,1950.0,-861.9342105263158,-792.9013157894738
1434,2431.578947368421,430.5,-392.1052631578948,475.0,-513.6842105263158,180.0,215.7894736842104,1431.5789473684208,1950.0,-856.5,-784.75
1435,2269.6026315789472,407.5657894736842,-432.5993421052632,475.0,-546.0794736842106,180.0,134.80131578947362,1269.6026315789472,1950.0,-864.1447368421052,-796.2171052631579
1436,2303.1473684210528,435.4736842105263,-424.2131578947368,475.0,-539.3705263157894,180.0,151.57368421052638,1303.1473684210528,1950.0,-854.8421052631579,-782.2631578947369
1437,2199.6947368421056,375.2368421052632,-450.0763157894736,475.0,-560.0610526315788,180.0,99.8473684210528,1199.6947368421056,1950.0,-874.921052631579,-812.3815789473684
1438,2477.171052631579,335.17105263157896,-380.7072368421052,475.0,-504.56578947368416,180.0,238.5855263157896,1477.1710526315792,1950.0,-888.2763157894736,-832.4144736842105
1439,2220.418421052632,405.3552631578948,-444.89539473684204,475.0,-555.9163157894736,180.0,110.20921052631593,1220.4184210526319,1950.0,-864.8815789473684,-797.3223684210526
1440,2190.963157894737,370.2631578947368,-452.25921052631577,475.0,-561.8073684210526,180.0,95.48157894736846,1190.963157894737,1950.0,-876.578947368421,-814.8684210526316
1441,2219.036842105263,413.3684210526316,-445.24078947368423,475.0,-556.1926315789474,180.0,109.51842105263154,1219.036842105263,1950.0,-862.2105263157895,-793.3157894736842
1442,2029.7605263157895,383.8026315789474,-492.5598684210526,475.0,-594.0478947368421,180.0,14.880263157894774,1029.7605263157895,1950.0,-872.0657894736842,-808.0986842105262
1443,2122.6026315789472,392.0921052631579,-469.3493421052632,475.0,-575.4794736842106,180.0,61.30131578947362,1122.6026315789472,1950.0,-869.3026315789474,-803.953947368421
1444,2411.076315789473,342.3552631578948,-397.23092105263174,475.0,-517.7847368421054,180.0,205.5381578947365,1411.076315789473,1950.0,-885.8815789473684,-828.8223684210526
1445,2404.113157894737,352.3026315789474,-398.97171052631575,475.0,-519.1773684210526,180.0,202.0565789473685,1404.113157894737,1950.0,-882.5657894736842,-823.8486842105262
1446,2090.936842105263,420.5526315789474,-477.2657894736842,475.0,-581.8126315789474,180.0,45.468421052631584,1090.9368421052632,1950.0,-859.8157894736842,-789.7236842105262
1447,2369.4631578947365,379.6578947368421,-407.6342105263159,475.0,-526.1073684210527,180.0,184.73157894736823,1369.4631578947365,1950.0,-873.4473684210526,-810.171052631579
1448,2244.1263157894737,464.7631578947368,-438.9684210526316,475.0,-551.1747368421053,180.0,122.06315789473683,1244.1263157894737,1950.0,-845.078947368421,-767.6184210526316
1449,2112.157894736842,345.9473684210526,-471.9605263157895,475.0,-577.5684210526316,180.0,56.07894736842104,1112.157894736842,1950.0,-884.6842105263158,-827.0263157894738
1450,2263.9657894736843,435.75,-434.00855263157894,475.0,-547.2068421052631,180.0,131.98289473684213,1263.9657894736843,1950.0,-854.75,-782.125
1451,2027.494736842105,445.4210526315789,-493.1263157894737,475.0,-594.501052631579,180.0,13.747368421052556,1027.494736842105,1950.0,-851.5263157894738,-777.2894736842105
1452,2180.7394736842107,416.4078947368421,-454.81513157894733,475.0,-563.8521052631579,180.0,90.36973684210534,1180.7394736842107,1950.0,-861.1973684210526,-791.796052631579
1453,2208.702631578947,408.6710526315789,-447.8243421052632,475.0,-558.2594736842105,180.0,104.35131578947357,1208.7026315789471,1950.0,-863.7763157894738,-795.6644736842105
1454,2214.007894736842,368.8815789473684,-446.4980263157895,475.0,-557.1984210526316,180.0,107.003947368421,1214.007894736842,1950.0,-877.0394736842105,-815.5592105263158
1455,2062.5315789473684,403.4210526315789,-484.3671052631579,475.0,-587.4936842105263,180.0,31.265789473684208,1062.5315789473684,1950.0,-865.5263157894738,-798.2894736842105
1456,2459.542105263158,394.5789473684211,-385.11447368421045,475.0,-508.09157894736836,180.0,229.7710526315791,1459.5421052631582,1950.0,-868.4736842105262,-802.7105263157895
1457,2410.578947368421,362.5263157894737,-397.3552631578948,475.0,-517.8842105263159,180.0,205.2894736842104,1410.5789473684208,1950.0,-879.1578947368421,-818.7368421052631
1458,2127.4105263157894,372.4736842105263,-468.14736842105265,475.0,-574.5178947368421,180.0,63.705263157894706,1127.4105263157894,1950.0,-875.8421052631579,-813.7631578947369
1459,2181.678947368421,402.3157894736842,-454.5802631578947,475.0,-563.6642105263157,180.0,90.83947368421059,1181.6789473684212,1950.0,-865.8947368421052,-798.8421052631579
1460,2559.457894736842,443.7631578947368,-360.13552631578955,475.0,-488.1084210526316,180.0,279.7289473684209,1559.4578947368418,1950.0,-852.078947368421,-778.1184210526316
1461,2299.721052631579,381.3157894736842,-425.06973684210527,475.0,-540.0557894736842,180.0,149.86052631578946,1299.721052631579,1950.0,-872.8947368421052,-809.3421052631579
1462,2238.6552631578948,404.8026315789474,-440.3361842105263,475.0,-552.2689473684211,180.0,119.32763157894738,1238.6552631578948,1950.0,-865.0657894736842,-797.5986842105262
1463,2414.060526315789,399.8289473684211,-396.48486842105274,475.0,-517.1878947368422,180.0,207.03026315789452,1414.060526315789,1950.0,-866.7236842105262,-800.0855263157895
1464,2140.9500000000003,432.9868421052632,-464.76249999999993,475.0,-571.81,180.0,70.47500000000014,1140.9500000000003,1950.0,-855.671052631579,-783.5065789473684
1465,2305.3026315789475,369.9868421052632,-423.6743421052631,475.0,-538.9394736842105,180.0,152.65131578947376,1305.3026315789475,1950.0,-876.671052631579,-815.0065789473684
1466,2226.718421052631,344.0131578947368,-443.3203947368422,475.0,-554.6563157894738,180.0,113.35921052631556,1226.7184210526311,1950.0,-885.328947368421,-827.9934210526316
1467,2153.9921052631576,344.5657894736842,-461.5019736842106,475.0,-569.2015789473685,180.0,76.99605263157878,1153.9921052631576,1950.0,-885.1447368421052,-827.7171052631579
1468,2350.618421052631,434.0921052631579,-412.3453947368422,475.0,-529.8763157894738,180.0,175.3092105263156,1350.6184210526312,1950.0,-855.3026315789474,-782.953947368421
1469,2484.742105263158,431.0526315789474,-378.8144736842105,475.0,-503.0515789473684,180.0,242.371052631579,1484.742105263158,1950.0,-856.3157894736842,-784.4736842105262
1470,2301.268421052632,435.4736842105263,-424.68289473684194,475.0,-539.7463157894736,180.0,150.6342105263161,1301.2684210526322,1950.0,-854.8421052631579,-782.2631578947369
1471,2303.865789473684,423.0394736842105,-424.033552631579,475.0,-539.2268421052632,180.0,151.93289473684194,1303.865789473684,1950.0,-858.9868421052631,-788.4802631578948
1472,2116.468421052632,459.2368421052632,-470.882894736842,475.0,-576.7063157894736,180.0,58.23421052631602,1116.468421052632,1950.0,-846.921052631579,-770.3815789473684
1473,2667.0,355.8947368421052,-333.25,475.0,-466.6,180.0,333.5,1667.0,1950.0,-881.3684210526316,-822.0526315789474
1474,2327.297368421053,453.9868421052632,-418.1756578947368,475.0,-534.5405263157894,180.0,163.64868421052643,1327.2973684210529,1950.0,-848.671052631579,-773.0065789473684
1475,2347.5236842105264,419.7236842105263,-413.1190789473684,475.0,-530.4952631578947,180.0,173.7618421052632,1347.5236842105264,1950.0,-860.0921052631579,-790.1381578947369
1476,2308.452631578948,386.2894736842105,-422.886842105263,475.0,-538.3094736842104,180.0,154.22631578947403,1308.452631578948,1950.0,-871.2368421052631,-806.8552631578948
1477,2460.2605263157893,344.5657894736842,-384.93486842105267,475.0,-507.94789473684216,180.0,230.13026315789466,1460.2605263157893,1950.0,-885.1447368421052,-827.7171052631579
1478,2306.9605263157896,399.8289473684211,-423.2598684210526,475.0,-538.6078947368421,180.0,153.4802631578948,1306.9605263157896,1950.0,-866.7236842105262,-800.0855263157895
1479,2352.165789473684,403.6973684210526,-411.958552631579,475.0,-529.5668421052632,180.0,176.08289473684204,1352.165789473684,1950.0,-865.4342105263158,-798.1513157894738
1480,2457.386842105263,375.5131578947368,-385.65328947368425,475.0,-508.5226315789474,180.0,228.6934210526315,1457.386842105263,1950.0,-874.828947368421,-812.2434210526316
1481,2120.778947368421,384.6315789473684,-469.80526315789473,475.0,-575.8442105263158,180.0,60.38947368421054,1120.778947368421,1950.0,-871.7894736842105,-807.6842105263158
1482,2371.286842105263,377.7236842105263,-407.17828947368423,475.0,-525.7426315789473,180.0,185.64342105263154,1371.286842105263,1950.0,-874.0921052631579,-811.1381578947369
1483,2037.828947368421,403.1447368421052,-490.54276315789474,475.0,-592.4342105263158,180.0,18.91447368421052,1037.828947368421,1950.0,-865.6184210526316,-798.4276315789474
1484,2305.0263157894733,388.5,-423.7434210526317,475.0,-538.9947368421053,180.0,152.51315789473665,1305.0263157894733,1950.0,-870.5,-805.75
1485,2041.4763157894736,418.0657894736842,-489.6309210526316,475.0,-591.7047368421053,180.0,20.738157894736787,1041.4763157894736,1950.0,-860.6447368421052,-790.9671052631579
1486,2509.8315789473686,388.5,-372.54210526315785,475.0,-498.0336842105263,180.0,254.9157894736843,1509.8315789473686,1950.0,-870.5,-805.75
1487,2218.2631578947367,405.0789473684211,-445.43421052631584,475.0,-556.3473684210527,180.0,109.13157894736833,1218.2631578947367,1950.0,-864.9736842105262,-797.4605263157895
1488,2187.702631578947,415.8552631578948,-453.0743421052632,475.0,-562.4594736842106,180.0,93.85131578947357,1187.7026315789471,1950.0,-861.3815789473684,-792.0723684210526
1489,2156.7000000000003,354.7894736842105,-460.82499999999993,475.0,-568.66,180.0,78.35000000000014,1156.7000000000003,1950.0,-881.7368421052631,-822.6052631578948
1490,2293.08947368421,440.4473684210526,-426.72763157894747,475.0,-541.382105263158,180.0,146.54473684210507,1293.0894736842101,1950.0,-853.1842105263158,-779.7763157894738
1491,2259.047368421053,385.7368421052632,-435.2381578947368,475.0,-548.1905263157894,180.0,129.52368421052643,1259.0473684210529,1950.0,-871.421052631579,-807.1315789473684
1492,2436.055263157895,380.4868421052632,-390.9861842105263,475.0,-512.7889473684211,180.0,218.02763157894742,1436.0552631578948,1950.0,-873.171052631579,-809.7565789473684
1493,2380.902631578947,404.25,-404.77434210526326,475.0,-523.8194736842106,180.0,190.45131578947348,1380.902631578947,1950.0,-865.25,-797.875
1494,2271.26052631579,446.8026315789474,-432.18486842105256,475.0,-545.747894736842,180.0,135.6302631578949,1271.2605263157898,1950.0,-851.0657894736842,-776.5986842105262
1495,2084.5263157894738,421.6578947368421,-478.86842105263156,475.0,-583.0947368421052,180.0,42.26315789473688,1084.5263157894738,1950.0,-859.4473684210526,-789.171052631579
1496,2380.294736842105,429.9473684210526,-404.92631578947373,475.0,-523.9410526315789,180.0,190.14736842105253,1380.294736842105,1950.0,-856.6842105263158,-785.0263157894738
1497,2448.268421052632,441.5526315789474,-387.93289473684194,475.0,-510.3463157894736,180.0,224.1342105263161,1448.2684210526322,1950.0,-852.8157894736842,-779.2236842105262
1498,2303.257894736842,401.7631578947368,-424.1855263157895,475.0,-539.3484210526316,180.0,151.628947368421,1303.257894736842,1950.0,-866.078947368421,-799.1184210526316
1499,2218.539473684211,358.3815789473684,-445.3651315789473,475.0,-556.2921052631579,180.0,109.26973684210543,1218.5394736842109,1950.0,-880.5394736842105,-820.8092105263158
1500,2351.944736842105,311.40789473684214,-412.0138157894737,475.0,-529.611052631579,180.0,175.97236842105258,1351.9447368421052,1950.0,-896.1973684210526,-844.296052631579
1501,2233.736842105264,401.7631578947368,-441.56578947368405,475.0,-553.2526315789472,180.0,116.8684210526319,1233.7368421052638,1950.0,-866.078947368421,-799.1184210526316
1502,2338.6815789473685,410.8815789473684,-415.3296052631579,475.0,-532.2636842105263,180.0,169.34078947368425,1338.6815789473685,1950.0,-863.0394736842105,-794.5592105263158
1503,2168.7473684210527,363.0789473684211,-457.81315789473683,475.0,-566.2505263157894,180.0,84.37368421052633,1168.7473684210527,1950.0,-878.9736842105262,-818.4605263157895
1504,2071.65,393.75,-482.0875,475.0,-585.67,180.0,35.825000000000045,1071.65,1950.0,-868.75,-803.125
1505,2059.436842105263,445.4210526315789,-485.1407894736842,475.0,-588.1126315789473,180.0,29.718421052631584,1059.4368421052632,1950.0,-851.5263157894738,-777.2894736842105
1506,2197.926315789474,360.3157894736842,-450.51842105263154,475.0,-560.4147368421052,180.0,98.96315789473692,1197.9263157894738,1950.0,-879.8947368421052,-819.8421052631579
1507,2224.95,376.0657894736842,-443.76250000000005,475.0,-555.01,180.0,112.47499999999991,1224.9499999999998,1950.0,-874.6447368421052,-811.9671052631579
1508,2116.523684210526,386.0131578947368,-470.8690789473685,475.0,-576.6952631578948,180.0,58.261842105262986,1116.523684210526,1950.0,-871.328947368421,-806.9934210526316
1509,2647.989473684211,357.5526315789474,-338.0026315789472,475.0,-470.40210526315775,180.0,323.99473684210557,1647.9894736842111,1950.0,-880.8157894736842,-821.2236842105262
1510,2166.813157894737,379.9342105263158,-458.2967105263158,475.0,-566.6373684210527,180.0,83.40657894736842,1166.8131578947368,1950.0,-873.3552631578948,-810.0328947368421
1511,2319.6710526315787,412.5394736842105,-420.0822368421053,475.0,-536.0657894736843,180.0,159.83552631578937,1319.6710526315787,1950.0,-862.4868421052631,-793.7302631578948
1512,2375.486842105263,383.8026315789474,-406.1282894736843,475.0,-524.9026315789474,180.0,187.74342105263145,1375.486842105263,1950.0,-872.0657894736842,-808.0986842105262
1513,2142.442105263158,410.0526315789474,-464.38947368421054,475.0,-571.5115789473684,180.0,71.22105263157891,1142.4421052631578,1950.0,-863.3157894736842,-794.9736842105262
1514,2349.1263157894737,485.2105263157895,-412.7184210526316,475.0,-530.1747368421053,180.0,174.56315789473683,1349.1263157894737,1950.0,-838.2631578947369,-757.3947368421052
1515,2039.7631578947369,423.8684210526316,-490.0592105263158,475.0,-592.0473684210526,180.0,19.88157894736844,1039.7631578947369,1950.0,-858.7105263157895,-788.0657894736842
1516,2524.6421052631576,361.9736842105263,-368.8394736842106,475.0,-495.0715789473685,180.0,262.3210526315788,1524.6421052631576,1950.0,-879.3421052631579,-819.0131578947369
1517,2247.442105263158,421.1052631578948,-438.13947368421054,475.0,-550.5115789473684,180.0,123.72105263157891,1247.4421052631578,1950.0,-859.6315789473684,-789.4473684210526
1518,2278.610526315789,422.2105263157895,-430.3473684210528,475.0,-544.2778947368422,180.0,139.3052631578944,1278.6105263157888,1950.0,-859.2631578947369,-788.8947368421052
1519,2088.4500000000003,389.8815789473684,-477.88749999999993,475.0,-582.31,180.0,44.225000000000136,1088.4500000000003,1950.0,-870.0394736842105,-805.0592105263158
1520,2202.844736842105,419.7236842105263,-449.2888157894738,475.0,-559.4310526315791,180.0,101.4223684210524,1202.8447368421048,1950.0,-860.0921052631579,-790.1381578947369
1521,2574.544736842105,417.5131578947368,-356.36381578947373,475.0,-485.09105263157903,180.0,287.27236842105253,1574.544736842105,1950.0,-860.828947368421,-791.2434210526316
1522,2184.884210526316,373.5789473684211,-453.778947368421,475.0,-563.0231578947368,180.0,92.44210526315806,1184.884210526316,1950.0,-875.4736842105262,-813.2105263157895
1523,2213.731578947368,396.7894736842105,-446.56710526315806,475.0,-557.2536842105264,180.0,106.86578947368389,1213.7315789473678,1950.0,-867.7368421052631,-801.6052631578948
1524,2213.178947368421,405.6315789473684,-446.7052631578947,475.0,-557.3642105263158,180.0,106.58947368421059,1213.1789473684212,1950.0,-864.7894736842105,-797.1842105263158
1525,2104.752631578948,453.1578947368421,-473.81184210526305,475.0,-579.0494736842104,180.0,52.37631578947389,1104.7526315789478,1950.0,-848.9473684210526,-773.421052631579
1526,2145.15,439.0657894736842,-463.7125,475.0,-570.97,180.0,72.57500000000005,1145.15,1950.0,-853.6447368421052,-780.4671052631579
1527,2507.289473684211,384.0789473684211,-373.1776315789473,475.0,-498.54210526315785,180.0,253.64473684210543,1507.2894736842109,1950.0,-871.9736842105262,-807.9605263157895
1528,2314.9736842105262,407.8421052631579,-421.25657894736844,475.0,-537.0052631578948,180.0,157.48684210526312,1314.9736842105262,1950.0,-864.0526315789474,-796.078947368421
1529,2350.618421052631,358.9342105263158,-412.3453947368422,475.0,-529.8763157894738,180.0,175.3092105263156,1350.6184210526312,1950.0,-880.3552631578948,-820.5328947368421
1530,2418.039473684211,379.3815789473684,-395.4901315789473,475.0,-516.3921052631579,180.0,209.01973684210543,1418.0394736842109,1950.0,-873.5394736842105,-810.3092105263158
1531,2177.976315789474,451.2236842105263,-455.5059210526315,475.0,-564.4047368421052,180.0,88.98815789473701,1177.976315789474,1950.0,-849.5921052631579,-774.3881578947369
1532,2325.363157894737,433.2631578947368,-418.65921052631575,475.0,-534.9273684210526,180.0,162.6815789473685,1325.363157894737,1950.0,-855.578947368421,-783.3684210526316
1533,2247.110526315789,475.2631578947368,-438.2223684210528,475.0,-550.5778947368423,180.0,123.55526315789439,1247.1105263157888,1950.0,-841.578947368421,-762.3684210526316
1534,2360.123684210526,419.1710526315789,-409.96907894736853,475.0,-527.9752631578948,180.0,180.06184210526294,1360.1236842105259,1950.0,-860.2763157894738,-790.4144736842105
1535,2477.834210526316,452.3289473684211,-380.541447368421,475.0,-504.43315789473684,180.0,238.91710526315796,1477.834210526316,1950.0,-849.2236842105262,-773.8355263157895
1536,2455.0105263157893,376.8947368421052,-386.24736842105267,475.0,-508.9978947368421,180.0,227.50526315789466,1455.0105263157893,1950.0,-874.3684210526316,-811.5526315789474
1537,2077.2868421052626,403.1447368421052,-480.67828947368434,475.0,-584.5426315789475,180.0,38.64342105263131,1077.2868421052626,1950.0,-865.6184210526316,-798.4276315789474
1538,2126.913157894737,373.8552631578948,-468.2717105263157,475.0,-574.6173684210526,180.0,63.4565789473686,1126.9131578947372,1950.0,-875.3815789473684,-813.0723684210526
1539,1981.0184210526315,397.0657894736842,-504.7453947368421,475.0,-603.7963157894737,180.0,-9.49078947368423,981.0184210526315,1950.0,-867.6447368421052,-801.4671052631579
1540,2220.0315789473684,382.4210526315789,-444.9921052631579,475.0,-555.9936842105263,180.0,110.01578947368421,1220.0315789473684,1950.0,-872.5263157894738,-808.7894736842105
1541,2360.842105263158,416.1315789473684,-409.7894736842105,475.0,-527.8315789473684,180.0,180.42105263157896,1360.842105263158,1950.0,-861.2894736842105,-791.9342105263158
1542,2241.915789473684,406.1842105263158,-439.521052631579,475.0,-551.6168421052632,180.0,120.95789473684204,1241.915789473684,1950.0,-864.6052631578948,-796.9078947368421
1543,2179.7447368421053,353.4078947368421,-455.06381578947367,475.0,-564.051052631579,180.0,89.87236842105267,1179.7447368421053,1950.0,-882.1973684210526,-823.296052631579
1544,2335.5868421052637,377.7236842105263,-416.1032894736841,475.0,-532.8826315789472,180.0,167.79342105263186,1335.5868421052637,1950.0,-874.0921052631579,-811.1381578947369
1545,2359.6263157894737,392.3684210526316,-410.0934210526316,475.0,-528.0747368421053,180.0,179.81315789473683,1359.6263157894737,1950.0,-869.2105263157895,-803.8157894736842
1546,2498.668421052632,420.5526315789474,-375.33289473684204,475.0,-500.26631578947365,180.0,249.33421052631593,1498.6684210526319,1950.0,-859.8157894736842,-789.7236842105262
1547,2273.636842105263,389.0526315789474,-431.59078947368425,475.0,-545.2726315789474,180.0,136.8184210526315,1273.636842105263,1950.0,-870.3157894736842,-805.4736842105262
1548,2504.9131578947367,432.4342105263158,-373.7717105263158,475.0,-499.01736842105265,180.0,252.45657894736837,1504.9131578947367,1950.0,-855.8552631578948,-783.7828947368421
1549,2228.5973684210526,372.1973684210526,-442.85065789473686,475.0,-554.2805263157895,180.0,114.29868421052629,1228.5973684210526,1950.0,-875.9342105263158,-813.9013157894738
1550,2105.913157894737,371.6447368421052,-473.5217105263157,475.0,-578.8173684210526,180.0,52.9565789473686,1105.9131578947372,1950.0,-876.1184210526316,-814.1776315789474
1551,2088.892105263158,386.5657894736842,-477.7769736842105,475.0,-582.2215789473684,180.0,44.44605263157905,1088.892105263158,1950.0,-871.1447368421052,-806.7171052631579
1552,2078.392105263158,441.8289473684211,-480.4019736842105,475.0,-584.3215789473684,180.0,39.19605263157905,1078.392105263158,1950.0,-852.7236842105262,-779.0855263157895
1553,2268.884210526316,448.1842105263158,-432.778947368421,475.0,-546.2231578947368,180.0,134.44210526315806,1268.884210526316,1950.0,-850.6052631578948,-775.9078947368421
1554,2263.2473684210527,420.0,-434.18815789473683,475.0,-547.3505263157895,180.0,131.62368421052633,1263.2473684210527,1950.0,-860.0,-790.0
1555,2181.9552631578945,355.6184210526316,-454.5111842105264,475.0,-563.6089473684211,180.0,90.97763157894724,1181.9552631578945,1950.0,-881.4605263157895,-822.1907894736842
1556,2147.581578947368,383.25,-463.10460526315796,475.0,-570.4836842105263,180.0,73.79078947368407,1147.5815789473681,1950.0,-872.25,-808.375
1557,2230.807894736842,402.5921052631579,-442.29802631578946,475.0,-553.8384210526316,180.0,115.40394736842109,1230.8078947368422,1950.0,-865.8026315789474,-798.703947368421
1558,2402.2894736842104,420.0,-399.4276315789474,475.0,-519.542105263158,180.0,201.1447368421052,1402.2894736842104,1950.0,-860.0,-790.0
1559,2187.2052631578945,445.4210526315789,-453.1986842105264,475.0,-562.5589473684211,180.0,93.60263157894724,1187.2052631578945,1950.0,-851.5263157894738,-777.2894736842105
1560,2294.692105263158,402.5921052631579,-426.32697368421054,475.0,-541.0615789473684,180.0,147.3460526315789,1294.6921052631578,1950.0,-865.8026315789474,-798.703947368421
1561,2191.9578947368423,452.0526315789474,-452.01052631578943,475.0,-561.6084210526316,180.0,95.97894736842113,1191.9578947368423,1950.0,-849.3157894736842,-773.9736842105262
1562,2175.047368421053,386.2894736842105,-456.2381578947368,475.0,-564.9905263157895,180.0,87.52368421052643,1175.0473684210529,1950.0,-871.2368421052631,-806.8552631578948
1563,2315.028947368421,372.1973684210526,-421.24276315789473,475.0,-536.9942105263158,180.0,157.51447368421054,1315.028947368421,1950.0,-875.9342105263158,-813.9013157894738
1564,2154.213157894737,465.0394736842105,-461.44671052631577,475.0,-569.1573684210526,180.0,77.10657894736846,1154.213157894737,1950.0,-844.9868421052631,-767.4802631578948
1565,2120.3921052631576,342.9078947368421,-469.9019736842106,475.0,-575.9215789473685,180.0,60.19605263157882,1120.3921052631576,1950.0,-885.6973684210526,-828.546052631579
1566,2261.810526315789,388.5,-434.54736842105274,475.0,-547.6378947368422,180.0,130.90526315789452,1261.810526315789,1950.0,-870.5,-805.75
1567,2220.971052631579,415.3026315789474,-444.75723684210527,475.0,-555.8057894736842,180.0,110.48552631578946,1220.971052631579,1950.0,-861.5657894736842,-792.3486842105262
1568,2261.036842105263,399.0,-434.74078947368423,475.0,-547.7926315789474,180.0,130.51842105263154,1261.036842105263,1950.0,-867.0,-800.5
1569,2220.6394736842103,366.1184210526316,-444.8401315789474,475.0,-555.8721052631579,180.0,110.31973684210516,1220.6394736842103,1950.0,-877.9605263157895,-816.9407894736842
1570,2127.8526315789472,416.1315789473684,-468.0368421052632,475.0,-574.4294736842105,180.0,63.92631578947362,1127.8526315789472,1950.0,-861.2894736842105,-791.9342105263158
1571,2394.442105263158,370.8157894736842,-401.38947368421054,475.0,-521.1115789473685,180.0,197.2210526315789,1394.4421052631578,1950.0,-876.3947368421052,-814.5921052631579
1572,2356.6421052631576,372.4736842105263,-410.8394736842106,475.0,-528.6715789473685,180.0,178.32105263157882,1356.6421052631576,1950.0,-875.8421052631579,-813.7631578947369
1573,2375.5421052631577,366.9473684210526,-406.11447368421057,475.0,-524.8915789473684,180.0,187.77105263157887,1375.5421052631577,1950.0,-877.6842105263158,-816.5263157894738
1574,2109.726315789474,411.1578947368421,-472.5684210526315,475.0,-578.0547368421052,180.0,54.863157894737014,1109.726315789474,1950.0,-862.9473684210526,-794.421052631579
1575,2224.507894736842,426.3552631578948,-443.8730263157895,475.0,-555.0984210526316,180.0,112.253947368421,1224.507894736842,1950.0,-857.8815789473684,-786.8223684210526
1576,2368.192105263158,419.7236842105263,-407.95197368421054,475.0,-526.3615789473685,180.0,184.0960526315789,1368.1921052631578,1950.0,-860.0921052631579,-790.1381578947369
1577,2400.3,369.1578947368421,-399.92499999999995,475.0,-519.9399999999999,180.0,200.1500000000001,1400.3000000000002,1950.0,-876.9473684210526,-815.421052631579
1578,2286.9,402.3157894736842,-428.275,475.0,-542.62,180.0,143.45000000000005,1286.9,1950.0,-865.8947368421052,-798.8421052631579
1579,2119.618421052632,381.5921052631579,-470.09539473684197,475.0,-576.0763157894736,180.0,59.809210526316065,1119.6184210526321,1950.0,-872.8026315789474,-809.203947368421
1580,2176.5394736842104,400.9342105263158,-455.8651315789474,475.0,-564.6921052631579,180.0,88.2697368421052,1176.5394736842104,1950.0,-866.3552631578948,-799.5328947368421
1581,2183.226315789474,381.3157894736842,-454.1934210526315,475.0,-563.3547368421052,180.0,91.61315789473701,1183.226315789474,1950.0,-872.8947368421052,-809.3421052631579
1582,2255.4,399.0,-436.15,475.0,-548.92,180.0,127.70000000000005,1255.4,1950.0,-867.0,-800.5
1583,2313.426315789474,391.2631578947368,-421.64342105263154,475.0,-537.3147368421053,180.0,156.71315789473692,1313.4263157894738,1950.0,-869.578947368421,-804.3684210526316
1584,2163.6631578947367,485.7631578947368,-459.0842105263158,475.0,-567.2673684210527,180.0,81.83157894736837,1163.6631578947367,1950.0,-838.078947368421,-757.1184210526316
1585,2136.75,389.3289473684211,-465.8125,475.0,-572.65,180.0,68.375,1136.75,1950.0,-870.2236842105262,-805.3355263157895
1586,2290.16052631579,422.4868421052632,-427.45986842105253,475.0,-541.967894736842,180.0,145.08026315789493,1290.1605263157899,1950.0,-859.171052631579,-788.7565789473684
1587,2196.2131578947365,441.2763157894737,-450.9467105263159,475.0,-560.7573684210527,180.0,98.10657894736823,1196.2131578947365,1950.0,-852.9078947368421,-779.3618421052631
1588,2369.73947368421,379.9342105263158,-407.56513157894744,475.0,-526.052105263158,180.0,184.8697368421051,1369.7394736842102,1950.0,-873.3552631578948,-810.0328947368421
1589,2408.810526315789,385.1842105263158,-397.79736842105274,475.0,-518.2378947368422,180.0,204.40526315789452,1408.810526315789,1950.0,-871.6052631578948,-807.4078947368421
1590,2744.478947368421,408.9473684210526,-313.8802631578948,475.0,-451.1042105263158,180.0,372.23947368421045,1744.478947368421,1950.0,-863.6842105263158,-795.5263157894738
1591,2506.0184210526318,367.7763157894737,-373.49539473684206,475.0,-498.7963157894736,180.0,253.00921052631588,1506.0184210526318,1950.0,-877.4078947368421,-816.1118421052631
1592,2065.792105263158,423.5921052631579,-483.55197368421045,475.0,-586.8415789473684,180.0,32.896052631579096,1065.7921052631582,1950.0,-858.8026315789474,-788.203947368421
1593,2377.034210526316,297.0394736842105,-405.74144736842095,475.0,-524.5931578947368,180.0,188.5171052631581,1377.0342105263162,1950.0,-900.9868421052631,-851.4802631578948
1594,2654.4552631578945,377.1710526315789,-336.3861842105264,475.0,-469.1089473684211,180.0,327.22763157894724,1654.4552631578945,1950.0,-874.2763157894738,-811.4144736842105
1595,2248.05,404.8026315789474,-437.98749999999995,475.0,-550.39,180.0,124.02500000000009,1248.0500000000002,1950.0,-865.0657894736842,-797.5986842105262
1596,1912.7684210526315,413.3684210526316,-521.8078947368422,475.0,-617.4463157894737,180.0,-43.61578947368423,912.7684210526315,1950.0,-862.2105263157895,-793.3157894736842
1597,2027.218421052632,454.5394736842105,-493.195394736842,475.0,-594.5563157894736,180.0,13.60921052631602,1027.218421052632,1950.0,-848.4868421052631,-772.7302631578948
1598,2124.0394736842104,414.1973684210526,-468.9901315789474,475.0,-575.1921052631579,180.0,62.0197368421052,1124.0394736842104,1950.0,-861.9342105263158,-792.9013157894738
1599,2339.952631578947,389.6052631578948,-415.0118421052632,475.0,-532.0094736842105,180.0,169.97631578947357,1339.9526315789471,1950.0,-870.1315789473684,-805.1973684210526
1600,2351.7236842105267,341.25,-412.0690789473683,475.0,-529.6552631578946,180.0,175.86184210526335,1351.7236842105267,1950.0,-886.25,-829.375
1601,2144.321052631579,363.0789473684211,-463.9197368421053,475.0,-571.1357894736842,180.0,72.16052631578941,1144.3210526315788,1950.0,-878.9736842105262,-818.4605263157895
1602,2300.4947368421053,389.6052631578948,-424.87631578947367,475.0,-539.901052631579,180.0,150.24736842105267,1300.4947368421053,1950.0,-870.1315789473684,-805.1973684210526
1603,2167.9736842105262,392.3684210526316,-458.00657894736844,475.0,-566.4052631578948,180.0,83.98684210526312,1167.9736842105262,1950.0,-869.2105263157895,-803.8157894736842
1604,2672.1394736842103,404.25,-331.9651315789474,475.0,-465.57210526315794,180.0,336.06973684210516,1672.1394736842103,1950.0,-865.25,-797.875
1605,2169.134210526316,423.5921052631579,-457.716447368421,475.0,-566.1731578947367,180.0,84.56710526315806,1169.134210526316,1950.0,-858.8026315789474,-788.203947368421
1606,2142.221052631579,421.1052631578948,-464.44473684210527,475.0,-571.5557894736842,180.0,71.11052631578946,1142.221052631579,1950.0,-859.6315789473684,-789.4473684210526
1607,2410.578947368421,390.7105263157895,-397.3552631578948,475.0,-517.8842105263159,180.0,205.2894736842104,1410.5789473684208,1950.0,-869.7631578947369,-804.6447368421052
1608,2362.334210526316,411.9868421052632,-409.416447368421,475.0,-527.5331578947369,180.0,181.16710526315796,1362.334210526316,1950.0,-862.671052631579,-794.0065789473684
1609,2292.15,351.1973684210526,-426.9625,475.0,-541.5699999999999,180.0,146.07500000000005,1292.15,1950.0,-882.9342105263158,-824.4013157894738
1610,2315.25,417.5131578947368,-421.1875,475.0,-536.95,180.0,157.625,1315.25,1950.0,-860.828947368421,-791.2434210526316
1611,2448.434210526316,409.7763157894737,-387.89144736842104,475.0,-510.31315789473683,180.0,224.21710526315792,1448.4342105263158,1950.0,-863.4078947368421,-795.1118421052631
1612,2420.471052631579,398.7236842105263,-394.88223684210527,475.0,-515.9057894736842,180.0,210.23552631578946,1420.471052631579,1950.0,-867.0921052631579,-800.6381578947369
1613,2559.6236842105263,402.5921052631579,-360.0940789473684,475.0,-488.0752631578947,180.0,279.81184210526317,1559.6236842105263,1950.0,-865.8026315789474,-798.703947368421
1614,2262.528947368421,376.0657894736842,-434.36776315789473,475.0,-547.4942105263158,180.0,131.26447368421054,1262.528947368421,1950.0,-874.6447368421052,-811.9671052631579
1615,2156.976315789474,439.6184210526316,-460.7559210526315,475.0,-568.6047368421052,180.0,78.48815789473701,1156.976315789474,1950.0,-853.4605263157895,-780.1907894736842
1616,2340.284210526316,382.4210526315789,-414.92894736842095,475.0,-531.9431578947367,180.0,170.1421052631581,1340.2842105263162,1950.0,-872.5263157894738,-808.7894736842105
1617,2186.984210526316,437.6842105263158,-453.253947368421,475.0,-562.6031578947368,180.0,93.49210526315801,1186.984210526316,1950.0,-854.1052631578948,-781.1578947368421
1618,2043.5210526315789,376.8947368421052,-489.1197368421053,475.0,-591.2957894736842,180.0,21.760526315789434,1043.5210526315789,1950.0,-874.3684210526316,-811.5526315789474
1619,2120.778947368421,412.8157894736842,-469.80526315789473,475.0,-575.8442105263158,180.0,60.38947368421054,1120.778947368421,1950.0,-862.3947368421052,-793.5921052631579
1620,2157.9157894736845,369.1578947368421,-460.52105263157887,475.0,-568.4168421052631,180.0,78.95789473684226,1157.9157894736845,1950.0,-876.9473684210526,-815.421052631579
1621,2306.463157894737,401.2105263157895,-423.38421052631577,475.0,-538.7073684210526,180.0,153.23157894736846,1306.463157894737,1950.0,-866.2631578947369,-799.3947368421052
1622,2119.507894736842,434.0921052631579,-470.1230263157895,475.0,-576.0984210526316,180.0,59.753947368420995,1119.507894736842,1950.0,-855.3026315789474,-782.953947368421
1623,2079.773684210526,349.2631578947368,-480.0565789473685,475.0,-584.0452631578949,180.0,39.886842105262986,1079.773684210526,1950.0,-883.578947368421,-825.3684210526316
1624,2333.3763157894737,403.6973684210526,-416.6559210526316,475.0,-533.3247368421053,180.0,166.68815789473683,1333.3763157894737,1950.0,-865.4342105263158,-798.1513157894738
1625,2329.452631578947,397.8947368421052,-417.6368421052632,475.0,-534.1094736842106,180.0,164.72631578947357,1329.4526315789471,1950.0,-867.3684210526316,-801.0526315789474
1626,2218.871052631579,416.9605263157895,-445.28223684210525,475.0,-556.2257894736842,180.0,109.4355263157895,1218.871052631579,1950.0,-861.0131578947369,-791.5197368421052
1627,2470.7052631578945,400.1052631578948,-382.3236842105264,475.0,-505.8589473684211,180.0,235.35263157894724,1470.7052631578945,1950.0,-866.6315789473684,-799.9473684210526
1628,2444.842105263158,406.1842105263158,-388.7894736842105,475.0,-511.0315789473684,180.0,222.42105263157896,1444.842105263158,1950.0,-864.6052631578948,-796.9078947368421
1629,2316.9631578947365,392.9210526315789,-420.7592105263159,475.0,-536.6073684210527,180.0,158.48157894736823,1316.9631578947365,1950.0,-869.0263157894738,-803.5394736842105
1630,2157.971052631579,418.0657894736842,-460.50723684210527,475.0,-568.4057894736842,180.0,78.98552631578946,1157.971052631579,1950.0,-860.6447368421052,-790.9671052631579
1631,2238.323684210526,430.7763157894737,-440.41907894736846,475.0,-552.3352631578948,180.0,119.16184210526308,1238.3236842105262,1950.0,-856.4078947368421,-784.6118421052631
1632,2322.986842105263,434.6447368421052,-419.2532894736843,475.0,-535.4026315789474,180.0,161.49342105263145,1322.986842105263,1950.0,-855.1184210526316,-782.6776315789474
1633,2207.486842105264,413.0921052631579,-448.12828947368405,475.0,-558.5026315789472,180.0,103.7434210526319,1207.4868421052638,1950.0,-862.3026315789474,-793.453947368421
1634,2046.5052631578944,424.9736842105263,-488.3736842105264,475.0,-590.6989473684212,180.0,23.252631578947216,1046.5052631578944,1950.0,-858.3421052631579,-787.5131578947369
1635,2464.736842105264,379.1052631578948,-383.81578947368405,475.0,-507.0526315789472,180.0,232.3684210526319,1464.7368421052638,1950.0,-873.6315789473684,-810.4473684210526
1636,2068.057894736842,390.1578947368421,-482.98552631578946,475.0,-586.3884210526315,180.0,34.028947368421086,1068.0578947368422,1950.0,-869.9473684210526,-804.921052631579
1637,2502.15,392.0921052631579,-374.4625,475.0,-499.57,180.0,251.07500000000005,1502.15,1950.0,-869.3026315789474,-803.953947368421
1638,2293.365789473684,440.7236842105263,-426.658552631579,475.0,-541.3268421052633,180.0,146.68289473684194,1293.365789473684,1950.0,-853.0921052631579,-779.6381578947369
1639,2227.215789473684,408.3947368421052,-443.19605263157905,475.0,-554.5568421052633,180.0,113.6078947368419,1227.2157894736838,1950.0,-863.8684210526316,-795.8026315789474
1640,2599.855263157895,420.2763157894737,-350.03618421052624,475.0,-480.028947368421,180.0,299.9276315789475,1599.855263157895,1950.0,-859.9078947368421,-789.8618421052631
1641,2200.91052631579,399.0,-449.77236842105253,475.0,-559.817894736842,180.0,100.45526315789493,1200.9105263157899,1950.0,-867.0,-800.5
1642,2146.476315789473,372.75,-463.3809210526317,475.0,-570.7047368421054,180.0,73.23815789473656,1146.4763157894731,1950.0,-875.75,-813.625
1643,2228.5973684210526,381.5921052631579,-442.85065789473686,475.0,-554.2805263157895,180.0,114.29868421052629,1228.5973684210526,1950.0,-872.8026315789474,-809.203947368421
1644,2400.3,387.9473684210526,-399.92499999999995,475.0,-519.9399999999999,180.0,200.1500000000001,1400.3000000000002,1950.0,-870.6842105263158,-806.0263157894738
1645,2276.5105263157893,376.8947368421052,-430.87236842105267,475.0,-544.6978947368422,180.0,138.25526315789466,1276.5105263157893,1950.0,-874.3684210526316,-811.5526315789474
1646,2341.444736842105,413.6447368421052,-414.6388157894737,475.0,-531.7110526315789,180.0,170.72236842105258,1341.4447368421052,1950.0,-862.1184210526316,-793.1776315789474
1647,2379.7973684210524,346.7763157894737,-405.0506578947369,475.0,-524.0405263157895,180.0,189.8986842105262,1379.7973684210524,1950.0,-884.4078947368421,-826.6118421052631
1648,2241.584210526316,413.3684210526316,-439.603947368421,475.0,-551.6831578947368,180.0,120.79210526315796,1241.584210526316,1950.0,-862.2105263157895,-793.3157894736842
1649,2339.234210526316,364.4605263157895,-415.191447368421,475.0,-532.1531578947368,180.0,169.617105263158,1339.234210526316,1950.0,-878.5131578947369,-817.7697368421052
1650,2212.4605263157896,418.0657894736842,-446.8848684210526,475.0,-557.5078947368421,180.0,106.2302631578948,1212.4605263157896,1950.0,-860.6447368421052,-790.9671052631579
1651,2368.6894736842105,361.9736842105263,-407.8276315789474,475.0,-526.2621052631579,180.0,184.34473684210525,1368.6894736842105,1950.0,-879.3421052631579,-819.0131578947369
1652,2157.0315789473684,385.1842105263158,-460.7421052631579,475.0,-568.5936842105264,180.0,78.51578947368421,1157.0315789473684,1950.0,-871.6052631578948,-807.4078947368421
1653,2208.094736842105,349.8157894736842,-447.9763157894738,475.0,-558.381052631579,180.0,104.0473684210524,1208.0947368421048,1950.0,-883.3947368421052,-825.0921052631579
1654,2098.065789473684,416.4078947368421,-475.48355263157896,475.0,-580.3868421052632,180.0,49.03289473684208,1098.0657894736842,1950.0,-861.1973684210526,-791.796052631579
1655,2293.034210526316,391.5394736842105,-426.74144736842095,475.0,-541.3931578947368,180.0,146.5171052631581,1293.0342105263162,1950.0,-869.4868421052631,-804.2302631578948
1656,2127.3552631578946,370.5394736842105,-468.16118421052636,475.0,-574.5289473684211,180.0,63.677631578947285,1127.3552631578946,1950.0,-876.4868421052631,-814.7302631578948
1657,2183.502631578948,306.4342105263158,-454.12434210526305,475.0,-563.2994736842104,180.0,91.75131578947389,1183.5026315789478,1950.0,-897.8552631578948,-846.7828947368421
1658,2137.8,397.8947368421052,-465.54999999999995,475.0,-572.4399999999999,180.0,68.90000000000009,1137.8000000000002,1950.0,-867.3684210526316,-801.0526315789474
1659,2312.265789473684,388.2236842105263,-421.933552631579,475.0,-537.5468421052632,180.0,156.132894736842,1312.265789473684,1950.0,-870.5921052631579,-805.8881578947369
1660,2378.084210526316,455.9210526315789,-405.478947368421,475.0,-524.3831578947368,180.0,189.04210526315796,1378.084210526316,1950.0,-848.0263157894738,-772.0394736842105
1661,2156.368421052632,427.7368421052632,-460.90789473684197,475.0,-568.7263157894736,180.0,78.18421052631606,1156.3684210526321,1950.0,-857.421052631579,-786.1315789473684
1662,2480.652631578947,391.2631578947368,-379.83684210526326,475.0,-503.8694736842106,180.0,240.32631578947348,1480.652631578947,1950.0,-869.578947368421,-804.3684210526316
1663,2255.344736842105,434.6447368421052,-436.1638157894738,475.0,-548.9310526315791,180.0,127.6723684210524,1255.3447368421048,1950.0,-855.1184210526316,-782.6776315789474
1664,2301.7657894736844,415.3026315789474,-424.5585526315789,475.0,-539.6468421052631,180.0,150.88289473684222,1301.7657894736844,1950.0,-861.5657894736842,-792.3486842105262
1665,2064.1894736842105,414.4736842105263,-483.9526315789474,475.0,-587.1621052631579,180.0,32.09473684210525,1064.1894736842105,1950.0,-861.8421052631579,-792.7631578947369
1666,2397.0394736842104,395.9605263157895,-400.7401315789474,475.0,-520.5921052631579,180.0,198.5197368421052,1397.0394736842104,1950.0,-868.0131578947369,-802.0197368421052
1667,2368.7447368421053,363.9078947368421,-407.81381578947367,475.0,-526.2510526315789,180.0,184.37236842105267,1368.7447368421053,1950.0,-878.6973684210526,-818.046052631579
1668,2192.565789473684,398.1710526315789,-451.85855263157896,475.0,-561.4868421052631,180.0,96.28289473684208,1192.5657894736842,1950.0,-867.2763157894738,-800.9144736842105
1669,2246.7236842105267,386.5657894736842,-438.3190789473683,475.0,-550.6552631578946,180.0,123.36184210526335,1246.7236842105267,1950.0,-871.1447368421052,-806.7171052631579
1670,2226.6078947368424,368.3289473684211,-443.3480263157894,475.0,-554.6784210526315,180.0,113.30394736842118,1226.6078947368424,1950.0,-877.2236842105262,-815.8355263157895
1671,2122.547368421053,418.3421052631579,-469.3631578947368,475.0,-575.4905263157895,180.0,61.273684210526426,1122.5473684210529,1950.0,-860.5526315789474,-790.828947368421
1672,2177.7000000000003,460.3421052631579,-455.57499999999993,475.0,-564.4599999999999,180.0,88.85000000000014,1177.7000000000003,1950.0,-846.5526315789474,-769.828947368421
1673,2374.326315789473,361.9736842105263,-406.41842105263174,475.0,-525.1347368421054,180.0,187.1631578947365,1374.326315789473,1950.0,-879.3421052631579,-819.0131578947369
1674,2170.128947368421,364.4605263157895,-457.46776315789475,475.0,-565.9742105263158,180.0,85.0644736842105,1170.128947368421,1950.0,-878.5131578947369,-817.7697368421052
1675,2292.757894736842,381.8684210526316,-426.8105263157895,475.0,-541.4484210526316,180.0,146.378947368421,1292.757894736842,1950.0,-872.7105263157895,-809.0657894736842
1676,2169.852631578948,373.5789473684211,-457.53684210526296,475.0,-566.0294736842104,180.0,84.92631578947407,1169.8526315789481,1950.0,-875.4736842105262,-813.2105263157895
1677,2382.781578947368,413.6447368421052,-404.304605263158,475.0,-523.4436842105264,180.0,191.39078947368398,1382.781578947368,1950.0,-862.1184210526316,-793.1776315789474
1678,2407.926315789474,391.8157894736842,-398.01842105263154,475.0,-518.4147368421052,180.0,203.96315789473692,1407.9263157894738,1950.0,-869.3947368421052,-804.0921052631579
1679,2303.8657894736843,376.0657894736842,-424.0335526315789,475.0,-539.2268421052631,180.0,151.93289473684217,1303.8657894736843,1950.0,-874.6447368421052,-811.9671052631579
1680,2159.960526315789,356.1710526315789,-460.0098684210527,475.0,-568.0078947368422,180.0,79.98026315789457,1159.9605263157891,1950.0,-881.2763157894738,-821.9144736842105
1681,2418.315789473684,473.6052631578948,-395.42105263157896,475.0,-516.3368421052631,180.0,209.15789473684208,1418.3157894736842,1950.0,-842.1315789473684,-763.1973684210526
1682,2368.634210526316,397.6184210526316,-407.841447368421,475.0,-526.2731578947368,180.0,184.31710526315806,1368.634210526316,1950.0,-867.4605263157895,-801.1907894736842
1683,2342.936842105263,400.1052631578948,-414.2657894736842,475.0,-531.4126315789474,180.0,171.46842105263158,1342.9368421052632,1950.0,-866.6315789473684,-799.9473684210526
1684,2276.5105263157893,395.6842105263158,-430.87236842105267,475.0,-544.6978947368422,180.0,138.25526315789466,1276.5105263157893,1950.0,-868.1052631578948,-802.1578947368421
1685,2215.942105263158,417.7894736842105,-446.01447368421054,475.0,-556.8115789473684,180.0,107.97105263157891,1215.9421052631578,1950.0,-860.7368421052631,-791.1052631578948
1686,2135.1473684210523,380.2105263157895,-466.2131578947369,475.0,-572.9705263157896,180.0,67.57368421052615,1135.1473684210523,1950.0,-873.2631578947369,-809.8947368421052
1687,2328.678947368421,389.6052631578948,-417.8302631578947,475.0,-534.2642105263158,180.0,164.3394736842106,1328.6789473684212,1950.0,-870.1315789473684,-805.1973684210526
1688,2099.2263157894736,410.0526315789474,-475.1934210526316,475.0,-580.1547368421053,180.0,49.61315789473679,1099.2263157894736,1950.0,-863.3157894736842,-794.9736842105262
1689,2223.071052631579,329.09210526315786,-444.2322368421053,475.0,-555.3857894736842,180.0,111.53552631578941,1223.0710526315788,1950.0,-890.3026315789474,-835.453947368421
1690,2127.078947368421,370.2631578947368,-468.2302631578948,475.0,-574.5842105263158,180.0,63.53947368421041,1127.0789473684208,1950.0,-876.578947368421,-814.8684210526316
1691,2320.113157894737,399.8289473684211,-419.97171052631575,475.0,-535.9773684210526,180.0,160.0565789473685,1320.113157894737,1950.0,-866.7236842105262,-800.0855263157895
1692,2488.8315789473686,405.0789473684211,-377.79210526315785,475.0,-502.2336842105263,180.0,244.4157894736843,1488.8315789473686,1950.0,-864.9736842105262,-797.4605263157895
1693,2427.323684210526,394.3026315789474,-393.16907894736846,475.0,-514.5352631578947,180.0,213.66184210526308,1427.3236842105262,1950.0,-868.5657894736842,-802.8486842105262
1694,2574.434210526316,413.6447368421052,-356.39144736842104,475.0,-485.1131578947368,180.0,287.2171052631579,1574.4342105263158,1950.0,-862.1184210526316,-793.1776315789474
1695,2157.252631578948,374.1315789473684,-460.68684210526305,475.0,-568.5494736842104,180.0,78.62631578947389,1157.2526315789478,1950.0,-875.2894736842105,-812.9342105263158
1696,2123.1552631578948,402.0394736842105,-469.2111842105263,475.0,-575.368947368421,180.0,61.577631578947376,1123.1552631578948,1950.0,-865.9868421052631,-798.9802631578948
1697,2134.65,419.1710526315789,-466.3375,475.0,-573.0699999999999,180.0,67.32500000000005,1134.65,1950.0,-860.2763157894738,-790.4144736842105
1698,2785.9815789473687,367.7763157894737,-303.5046052631578,475.0,-442.8036842105263,180.0,392.99078947368434,1785.9815789473687,1950.0,-877.4078947368421,-816.1118421052631
1699,2176.207894736842,342.3552631578948,-455.94802631578955,475.0,-564.7584210526317,180.0,88.1039473684209,1176.2078947368418,1950.0,-885.8815789473684,-828.8223684210526
1700,2527.515789473684,424.9736842105263,-368.121052631579,475.0,-494.4968421052632,180.0,263.757894736842,1527.515789473684,1950.0,-858.3421052631579,-787.5131578947369
1701,2305.9105263157894,391.2631578947368,-423.52236842105265,475.0,-538.8178947368422,180.0,152.9552631578947,1305.9105263157894,1950.0,-869.578947368421,-804.3684210526316
1702,2416.823684210526,468.3552631578948,-395.79407894736846,475.0,-516.6352631578948,180.0,208.41184210526308,1416.8236842105262,1950.0,-843.8815789473684,-765.8223684210526
1703,2016.828947368421,438.5131578947368,-495.79276315789474,475.0,-596.6342105263158,180.0,8.41447368421052,1016.828947368421,1950.0,-853.828947368421,-780.7434210526316
1704,2392.894736842105,335.4473684210526,-401.77631578947376,475.0,-521.421052631579,180.0,196.4473684210525,1392.894736842105,1950.0,-888.1842105263158,-832.2763157894738
1705,2304.363157894737,374.6842105263158,-423.90921052631575,475.0,-539.1273684210526,180.0,152.1815789473685,1304.363157894737,1950.0,-875.1052631578948,-812.6578947368421
1706,2112.6552631578948,429.1184210526316,-471.8361842105263,475.0,-577.468947368421,180.0,56.327631578947376,1112.6552631578948,1950.0,-856.9605263157895,-785.4407894736842
1707,2332.271052631579,383.8026315789474,-416.9322368421052,475.0,-533.5457894736842,180.0,166.13552631578955,1332.271052631579,1950.0,-872.0657894736842,-808.0986842105262
1708,2155.539473684211,389.3289473684211,-461.1151315789473,475.0,-568.8921052631579,180.0,77.76973684210543,1155.5394736842109,1950.0,-870.2236842105262,-805.3355263157895
1709,2326.9105263157894,402.8684210526316,-418.27236842105265,475.0,-534.6178947368421,180.0,163.4552631578947,1326.9105263157894,1950.0,-865.7105263157895,-798.5657894736842
1710,2570.1236842105263,375.5131578947368,-357.4690789473684,475.0,-485.9752631578947,180.0,285.06184210526317,1570.1236842105263,1950.0,-874.828947368421,-812.2434210526316
1711,2282.202631578947,407.0131578947368,-429.4493421052632,475.0,-543.5594736842106,180.0,141.10131578947357,1282.2026315789471,1950.0,-864.328947368421,-796.4934210526316
1712,2193.560526315789,376.6184210526316,-451.60986842105274,475.0,-561.2878947368422,180.0,96.78026315789452,1193.560526315789,1950.0,-874.4605263157895,-811.6907894736842
1713,2191.736842105263,444.3157894736842,-452.0657894736843,475.0,-561.6526315789474,180.0,95.86842105263145,1191.736842105263,1950.0,-851.8947368421052,-777.8421052631579
1714,2248.271052631579,374.9605263157895,-437.9322368421052,475.0,-550.3457894736841,180.0,124.13552631578955,1248.271052631579,1950.0,-875.0131578947369,-812.5197368421052
1715,2420.9131578947367,414.1973684210526,-394.7717105263158,475.0,-515.8173684210526,180.0,210.45657894736837,1420.9131578947367,1950.0,-861.9342105263158,-792.9013157894738
1716,2272.9184210526314,439.0657894736842,-431.77039473684215,475.0,-545.4163157894737,180.0,136.4592105263157,1272.9184210526314,1950.0,-853.6447368421052,-780.4671052631579
1717,2236.555263157895,434.6447368421052,-440.8611842105263,475.0,-552.688947368421,180.0,118.27763157894742,1236.5552631578948,1950.0,-855.1184210526316,-782.6776315789474
1718,2387.5894736842106,431.6052631578948,-403.10263157894735,475.0,-522.4821052631579,180.0,193.7947368421053,1387.5894736842106,1950.0,-856.1315789473684,-784.1973684210526
1719,2229.039473684211,368.8815789473684,-442.7401315789473,475.0,-554.1921052631578,180.0,114.51973684210543,1229.0394736842109,1950.0,-877.0394736842105,-815.5592105263158
1720,2340.45,435.1973684210526,-414.88750000000005,475.0,-531.9100000000001,180.0,170.2249999999999,1340.4499999999998,1950.0,-854.9342105263158,-782.4013157894738
1721,2542.271052631579,415.3026315789474,-364.4322368421052,475.0,-491.5457894736842,180.0,271.13552631578955,1542.271052631579,1950.0,-861.5657894736842,-792.3486842105262
1722,2196.2684210526318,471.3947368421052,-450.93289473684206,475.0,-560.7463157894737,180.0,98.13421052631588,1196.2684210526318,1950.0,-842.8684210526316,-764.3026315789474
1723,2314.807894736842,402.0394736842105,-421.29802631578946,475.0,-537.0384210526315,180.0,157.4039473684211,1314.8078947368422,1950.0,-865.9868421052631,-798.9802631578948
1724,2410.0263157894733,361.9736842105263,-397.4934210526317,475.0,-517.9947368421053,180.0,205.01315789473665,1410.0263157894733,1950.0,-879.3421052631579,-819.0131578947369
1725,2080.878947368421,425.5263157894737,-479.78026315789475,475.0,-583.8242105263158,180.0,40.4394736842105,1080.878947368421,1950.0,-858.1578947368421,-787.2368421052631
1726,2026.8315789473684,365.8421052631579,-493.2921052631579,475.0,-594.6336842105263,180.0,13.415789473684185,1026.8315789473684,1950.0,-878.0526315789474,-817.078947368421
1727,2236.3894736842103,372.4736842105263,-440.9026315789474,475.0,-552.7221052631579,180.0,118.19473684210516,1236.3894736842103,1950.0,-875.8421052631579,-813.7631578947369
1728,2264.73947368421,425.25,-433.81513157894744,475.0,-547.052105263158,180.0,132.3697368421051,1264.7394736842102,1950.0,-858.25,-787.375
1729,2140.9500000000003,423.5921052631579,-464.76249999999993,475.0,-571.81,180.0,70.47500000000014,1140.9500000000003,1950.0,-858.8026315789474,-788.203947368421
1730,2323.926315789474,392.3684210526316,-419.01842105263154,475.0,-535.2147368421053,180.0,161.96315789473692,1323.9263157894738,1950.0,-869.2105263157895,-803.8157894736842
1731,2242.4131578947367,395.4078947368421,-439.3967105263158,475.0,-551.5173684210527,180.0,121.20657894736837,1242.4131578947367,1950.0,-868.1973684210526,-802.296052631579
1732,2164.878947368421,415.5789473684211,-458.78026315789475,475.0,-567.0242105263158,180.0,82.4394736842105,1164.878947368421,1950.0,-861.4736842105262,-792.2105263157895
1733,2216.992105263158,426.3552631578948,-445.7519736842105,475.0,-556.6015789473684,180.0,108.496052631579,1216.992105263158,1950.0,-857.8815789473684,-786.8223684210526
1734,2178.528947368421,432.9868421052632,-455.36776315789473,475.0,-564.2942105263157,180.0,89.26447368421054,1178.528947368421,1950.0,-855.671052631579,-783.5065789473684
1735,2289.055263157895,383.8026315789474,-427.7361842105263,475.0,-542.188947368421,180.0,144.52763157894742,1289.0552631578948,1950.0,-872.0657894736842,-808.0986842105262
1736,2311.492105263158,398.7236842105263,-422.1269736842105,475.0,-537.7015789473684,180.0,155.746052631579,1311.492105263158,1950.0,-867.0921052631579,-800.6381578947369
1737,2473.8552631578946,388.2236842105263,-381.53618421052636,475.0,-505.2289473684211,180.0,236.92763157894728,1473.8552631578946,1950.0,-870.5921052631579,-805.8881578947369
1738,2276.1236842105263,391.5394736842105,-430.9690789473684,475.0,-544.7752631578948,180.0,138.06184210526317,1276.1236842105263,1950.0,-869.4868421052631,-804.2302631578948
1739,2048.8815789473683,461.1710526315789,-487.7796052631579,475.0,-590.2236842105264,180.0,24.440789473684163,1048.8815789473683,1950.0,-846.2763157894738,-769.4144736842105
1740,2129.676315789474,479.9605263157895,-467.58092105263154,475.0,-574.0647368421053,180.0,64.83815789473692,1129.6763157894738,1950.0,-840.0131578947369,-760.0197368421052
1741,2263.5789473684213,384.6315789473684,-434.1052631578947,475.0,-547.2842105263157,180.0,131.78947368421063,1263.5789473684213,1950.0,-871.7894736842105,-807.6842105263158
1742,2280.9315789473685,409.5,-429.7671052631579,475.0,-543.8136842105263,180.0,140.46578947368425,1280.9315789473685,1950.0,-863.5,-795.25
1743,2159.242105263158,453.1578947368421,-460.1894736842105,475.0,-568.1515789473684,180.0,79.621052631579,1159.242105263158,1950.0,-848.9473684210526,-773.421052631579
1744,2096.3526315789472,347.0526315789474,-475.9118421052632,475.0,-580.7294736842106,180.0,48.17631578947362,1096.3526315789472,1950.0,-884.3157894736842,-826.4736842105262
1745,2041.1447368421047,462.8289473684211,-489.7138157894738,475.0,-591.7710526315791,180.0,20.572368421052374,1041.1447368421047,1950.0,-845.7236842105262,-768.5855263157895
1746,2299.113157894737,369.4342105263158,-425.22171052631575,475.0,-540.1773684210526,180.0,149.5565789473685,1299.113157894737,1950.0,-876.8552631578948,-815.2828947368421
1747,2322.544736842105,400.3815789473684,-419.36381578947373,475.0,-535.491052631579,180.0,161.27236842105253,1322.544736842105,1950.0,-866.5394736842105,-799.8092105263158
1748,2304.4736842105262,359.7631578947368,-423.88157894736844,475.0,-539.1052631578948,180.0,152.23684210526312,1304.4736842105262,1950.0,-880.078947368421,-820.1184210526316
1749,2174.328947368421,417.5131578947368,-456.4177631578948,475.0,-565.1342105263159,180.0,87.1644736842104,1174.3289473684208,1950.0,-860.828947368421,-791.2434210526316
1750,2318.7315789473687,417.2368421052632,-420.3171052631578,475.0,-536.2536842105262,180.0,159.36578947368434,1318.7315789473687,1950.0,-860.921052631579,-791.3815789473684
1751,2251.586842105263,434.6447368421052,-437.1032894736843,475.0,-549.6826315789474,180.0,125.7934210526314,1251.5868421052628,1950.0,-855.1184210526316,-782.6776315789474
1752,2371.452631578947,392.9210526315789,-407.1368421052632,475.0,-525.7094736842106,180.0,185.72631578947357,1371.4526315789471,1950.0,-869.0263157894738,-803.5394736842105
1753,2473.7447368421053,431.3289473684211,-381.56381578947367,475.0,-505.25105263157894,180.0,236.87236842105267,1473.7447368421053,1950.0,-856.2236842105262,-784.3355263157895
1754,2137.8,397.8947368421052,-465.54999999999995,475.0,-572.4399999999999,180.0,68.90000000000009,1137.8000000000002,1950.0,-867.3684210526316,-801.0526315789474
1755,2209.421052631579,452.6052631578948,-447.6447368421052,475.0,-558.1157894736841,180.0,104.7105263157896,1209.4210526315792,1950.0,-849.1315789473684,-773.6973684210526
1756,2018.2105263157896,392.9210526315789,-495.4473684210526,475.0,-596.3578947368421,180.0,9.105263157894797,1018.2105263157896,1950.0,-869.0263157894738,-803.5394736842105
1757,2319.284210526316,342.6315789473684,-420.17894736842095,475.0,-536.1431578947368,180.0,159.6421052631581,1319.2842105263162,1950.0,-885.7894736842105,-828.6842105263158
1758,2095.6894736842105,408.3947368421052,-476.0776315789474,475.0,-580.8621052631579,180.0,47.84473684210525,1095.6894736842105,1950.0,-863.8684210526316,-795.8026315789474
1759,2619.805263157895,376.3421052631579,-345.0486842105263,475.0,-476.0389473684211,180.0,309.9026315789474,1619.8052631578948,1950.0,-874.5526315789474,-811.828947368421
1760,2251.4763157894736,411.9868421052632,-437.1309210526316,475.0,-549.7047368421053,180.0,125.73815789473679,1251.4763157894736,1950.0,-862.671052631579,-794.0065789473684
1761,2350.286842105263,450.6710526315789,-412.42828947368423,475.0,-529.9426315789474,180.0,175.14342105263154,1350.286842105263,1950.0,-849.7763157894738,-774.6644736842105
1762,2597.202631578948,402.5921052631579,-350.699342105263,475.0,-480.5594736842104,180.0,298.60131578947403,1597.202631578948,1950.0,-865.8026315789474,-798.703947368421
1763,2136.0315789473684,392.3684210526316,-465.9921052631579,475.0,-572.7936842105263,180.0,68.01578947368421,1136.0315789473684,1950.0,-869.2105263157895,-803.8157894736842
1764,2115.0315789473684,418.3421052631579,-471.2421052631579,475.0,-576.9936842105263,180.0,57.51578947368421,1115.0315789473684,1950.0,-860.5526315789474,-790.828947368421
1765,2365.815789473684,411.7105263157895,-408.54605263157896,475.0,-526.8368421052631,180.0,182.90789473684208,1365.8157894736842,1950.0,-862.7631578947369,-794.1447368421052
1766,2381.7315789473687,414.4736842105263,-404.5671052631578,475.0,-523.6536842105263,180.0,190.86578947368434,1381.7315789473687,1950.0,-861.8421052631579,-792.7631578947369
1767,2186.3763157894737,407.0131578947368,-453.4059210526316,475.0,-562.7247368421052,180.0,93.18815789473683,1186.3763157894737,1950.0,-864.328947368421,-796.4934210526316
1768,2249.7631578947367,436.5789473684211,-437.55921052631584,475.0,-550.0473684210526,180.0,124.88157894736833,1249.7631578947367,1950.0,-854.4736842105262,-781.7105263157895
1769,2226.221052631579,429.9473684210526,-443.44473684210527,475.0,-554.7557894736842,180.0,113.11052631578946,1226.221052631579,1950.0,-856.6842105263158,-785.0263157894738
1770,2281.7605263157893,419.7236842105263,-429.55986842105267,475.0,-543.6478947368421,180.0,140.88026315789466,1281.7605263157893,1950.0,-860.0921052631579,-790.1381578947369
1771,2161.8394736842106,384.3552631578948,-459.54013157894735,475.0,-567.6321052631579,180.0,80.9197368421053,1161.8394736842106,1950.0,-871.8815789473684,-807.8223684210526
1772,2148.0236842105264,408.1184210526316,-462.9940789473684,475.0,-570.3952631578948,180.0,74.01184210526321,1148.0236842105264,1950.0,-863.9605263157895,-795.9407894736842
1773,2069.3289473684213,397.0657894736842,-482.6677631578947,475.0,-586.1342105263158,180.0,34.664473684210634,1069.3289473684213,1950.0,-867.6447368421052,-801.4671052631579
1774,2394.773684210526,382.4210526315789,-401.3065789473685,475.0,-521.0452631578949,180.0,197.38684210526299,1394.773684210526,1950.0,-872.5263157894738,-808.7894736842105
1775,2047.3342105263157,425.8026315789474,-488.1664473684211,475.0,-590.5331578947369,180.0,23.66710526315785,1047.3342105263157,1950.0,-858.0657894736842,-787.0986842105262
1776,2306.9052631578948,369.7105263157895,-423.2736842105263,475.0,-538.618947368421,180.0,153.45263157894738,1306.9052631578948,1950.0,-876.7631578947369,-815.1447368421052
1777,2033.1868421052632,409.7763157894737,-491.7032894736842,475.0,-593.3626315789473,180.0,16.593421052631584,1033.1868421052632,1950.0,-863.4078947368421,-795.1118421052631
1778,2173.610526315789,401.7631578947368,-456.5973684210528,475.0,-565.2778947368422,180.0,86.80526315789439,1173.6105263157888,1950.0,-866.078947368421,-799.1184210526316
1779,2218.594736842105,369.7105263157895,-445.3513157894738,475.0,-556.2810526315791,180.0,109.2973684210524,1218.5947368421048,1950.0,-876.7631578947369,-815.1447368421052
1780,2252.8026315789475,420.8289473684211,-436.7993421052631,475.0,-549.4394736842105,180.0,126.40131578947376,1252.8026315789475,1950.0,-859.7236842105262,-789.5855263157895
1781,2417.321052631579,391.8157894736842,-395.6697368421053,475.0,-516.5357894736842,180.0,208.6605263157894,1417.3210526315788,1950.0,-869.3947368421052,-804.0921052631579
1782,2211.134210526316,456.1973684210526,-447.216447368421,475.0,-557.7731578947368,180.0,105.56710526315806,1211.134210526316,1950.0,-847.9342105263158,-771.9013157894738
1783,2299.057894736842,433.2631578947368,-425.23552631578946,475.0,-540.1884210526316,180.0,149.5289473684211,1299.0578947368422,1950.0,-855.578947368421,-783.3684210526316
1784,2322.1026315789472,441.2763157894737,-419.4743421052632,475.0,-535.5794736842106,180.0,161.05131578947362,1322.1026315789472,1950.0,-852.9078947368421,-779.3618421052631
1785,2278.721052631579,416.6842105263158,-430.31973684210527,475.0,-544.2557894736842,180.0,139.36052631578946,1278.721052631579,1950.0,-861.1052631578948,-791.6578947368421
1786,2347.0263157894738,411.7105263157895,-413.24342105263156,475.0,-530.5947368421052,180.0,173.51315789473688,1347.0263157894738,1950.0,-862.7631578947369,-794.1447368421052
1787,2307.513157894737,428.5657894736842,-423.1217105263157,475.0,-538.4973684210526,180.0,153.75657894736855,1307.513157894737,1950.0,-857.1447368421052,-785.7171052631579
1788,2279.218421052631,434.0921052631579,-430.1953947368422,475.0,-544.1563157894738,180.0,139.60921052631556,1279.2184210526311,1950.0,-855.3026315789474,-782.953947368421
1789,2321.4947368421053,401.2105263157895,-419.62631578947367,475.0,-535.7010526315789,180.0,160.74736842105267,1321.4947368421053,1950.0,-866.2631578947369,-799.3947368421052
1790,2029.484210526316,411.7105263157895,-492.628947368421,475.0,-594.1031578947368,180.0,14.74210526315801,1029.484210526316,1950.0,-862.7631578947369,-794.1447368421052
1791,2728.3973684210523,325.2236842105263,-317.9006578947369,475.0,-454.3205263157895,180.0,364.19868421052615,1728.3973684210523,1950.0,-891.5921052631579,-837.3881578947369
1792,1948.1921052631576,497.6447368421052,-512.9519736842105,475.0,-610.3615789473685,180.0,-25.9039473684212,948.1921052631576,1950.0,-834.1184210526316,-751.1776315789474
1793,2071.871052631579,401.4868421052632,-482.03223684210525,475.0,-585.6257894736842,180.0,35.9355263157895,1071.871052631579,1950.0,-866.171052631579,-799.2565789473684
1794,2519.5578947368417,381.3157894736842,-370.11052631578957,475.0,-496.08842105263165,180.0,259.77894736842086,1519.5578947368417,1950.0,-872.8947368421052,-809.3421052631579
1795,2417.8736842105263,382.9736842105263,-395.5315789473684,475.0,-516.4252631578947,180.0,208.93684210526317,1417.8736842105263,1950.0,-872.3421052631579,-808.5131578947369
1796,2307.071052631579,413.0921052631579,-423.2322368421053,475.0,-538.5857894736843,180.0,153.5355263157894,1307.0710526315788,1950.0,-862.3026315789474,-793.453947368421
1797,2269.5473684210524,358.6578947368421,-432.6131578947369,475.0,-546.0905263157895,180.0,134.7736842105262,1269.5473684210524,1950.0,-880.4473684210526,-820.671052631579
1798,2088.45,324.1184210526316,-477.88750000000005,475.0,-582.3100000000001,180.0,44.22499999999991,1088.4499999999998,1950.0,-891.9605263157895,-837.9407894736842
1799,2457.0,399.5526315789474,-385.75,475.0,-508.6,180.0,228.5,1457.0,1950.0,-866.8157894736842,-800.2236842105262
1800,2183.336842105263,385.1842105263158,-454.1657894736843,475.0,-563.3326315789475,180.0,91.6684210526314,1183.3368421052628,1950.0,-871.6052631578948,-807.4078947368421
1801,2305.9105263157894,447.6315789473684,-423.52236842105265,475.0,-538.8178947368422,180.0,152.9552631578947,1305.9105263157894,1950.0,-850.7894736842105,-776.1842105263158
1802,2119.507894736842,424.6973684210526,-470.1230263157895,475.0,-576.0984210526316,180.0,59.753947368420995,1119.507894736842,1950.0,-858.4342105263158,-787.6513157894738
1803,2152.6105263157897,324.39473684210526,-461.8473684210526,475.0,-569.477894736842,180.0,76.30526315789484,1152.6105263157897,1950.0,-891.8684210526316,-837.8026315789474
1804,2317.8473684210526,405.0789473684211,-420.53815789473686,475.0,-536.4305263157895,180.0,158.9236842105263,1317.8473684210526,1950.0,-864.9736842105262,-797.4605263157895
1805,2262.4184210526314,419.1710526315789,-434.39539473684215,475.0,-547.5163157894738,180.0,131.2092105263157,1262.4184210526314,1950.0,-860.2763157894738,-790.4144736842105
1806,2580.678947368421,444.3157894736842,-354.8302631578947,475.0,-483.8642105263158,180.0,290.3394736842106,1580.6789473684212,1950.0,-851.8947368421052,-777.8421052631579
1807,2265.236842105264,405.0789473684211,-433.69078947368405,475.0,-546.9526315789473,180.0,132.6184210526319,1265.2368421052638,1950.0,-864.9736842105262,-797.4605263157895
1808,2436.9947368421053,394.5789473684211,-390.75131578947367,475.0,-512.6010526315789,180.0,218.49736842105267,1436.9947368421053,1950.0,-868.4736842105262,-802.7105263157895
1809,2157.3078947368417,366.6710526315789,-460.67302631578957,475.0,-568.5384210526316,180.0,78.65394736842086,1157.3078947368417,1950.0,-877.7763157894738,-816.6644736842105
1810,2274.244736842105,429.1184210526316,-431.4388157894738,475.0,-545.151052631579,180.0,137.12236842105244,1274.2447368421049,1950.0,-856.9605263157895,-785.4407894736842
1811,2343.7105263157896,399.0,-414.0723684210526,475.0,-531.2578947368421,180.0,171.8552631578948,1343.7105263157896,1950.0,-867.0,-800.5
1812,2545.752631578948,396.2368421052632,-363.56184210526305,475.0,-490.84947368421047,180.0,272.8763157894739,1545.7526315789478,1950.0,-867.921052631579,-801.8815789473684
1813,2130.394736842105,392.3684210526316,-467.40131578947376,475.0,-573.921052631579,180.0,65.19736842105249,1130.394736842105,1950.0,-869.2105263157895,-803.8157894736842
1814,2461.2000000000003,368.0526315789474,-384.69999999999993,475.0,-507.75999999999993,180.0,230.60000000000014,1461.2000000000003,1950.0,-877.3157894736842,-815.9736842105262
1815,2266.121052631579,436.0263157894737,-433.46973684210525,475.0,-546.7757894736842,180.0,133.0605263157895,1266.121052631579,1950.0,-854.6578947368421,-781.9868421052631
1816,2215.721052631579,363.0789473684211,-446.06973684210527,475.0,-556.8557894736842,180.0,107.86052631578946,1215.721052631579,1950.0,-878.9736842105262,-818.4605263157895
1817,2475.402631578948,357.8289473684211,-381.14934210526303,475.0,-504.9194736842104,180.0,237.70131578947394,1475.4026315789479,1950.0,-880.7236842105262,-821.0855263157895
1818,2329.3973684210523,377.1710526315789,-417.6506578947369,475.0,-534.1205263157896,180.0,164.69868421052615,1329.3973684210523,1950.0,-874.2763157894738,-811.4144736842105
1819,2084.194736842105,353.6842105263158,-478.9513157894737,475.0,-583.161052631579,180.0,42.09736842105258,1084.1947368421052,1950.0,-882.1052631578948,-823.1578947368421
1820,2377.807894736842,314.7236842105263,-405.54802631578946,475.0,-524.4384210526316,180.0,188.9039473684211,1377.8078947368422,1950.0,-895.0921052631579,-842.6381578947369
1821,2257.721052631579,405.0789473684211,-435.56973684210527,475.0,-548.4557894736843,180.0,128.86052631578946,1257.721052631579,1950.0,-864.9736842105262,-797.4605263157895
1822,2182.3973684210528,502.6184210526316,-454.4006578947368,475.0,-563.5205263157894,180.0,91.19868421052638,1182.3973684210528,1950.0,-832.4605263157895,-748.6907894736842
1823,2154.931578947368,424.4210526315789,-461.267105263158,475.0,-569.0136842105264,180.0,77.46578947368403,1154.931578947368,1950.0,-858.5263157894738,-787.7894736842105
1824,2229.0394736842104,406.4605263157895,-442.7401315789474,475.0,-554.1921052631579,180.0,114.5197368421052,1229.0394736842104,1950.0,-864.5131578947369,-796.7697368421052
1825,2344.3736842105263,365.8421052631579,-413.9065789473684,475.0,-531.1252631578948,180.0,172.18684210526317,1344.3736842105263,1950.0,-878.0526315789474,-817.078947368421
1826,2188.5315789473684,369.7105263157895,-452.8671052631579,475.0,-562.2936842105263,180.0,94.26578947368421,1188.5315789473684,1950.0,-876.7631578947369,-815.1447368421052
1827,2130.892105263158,390.9868421052632,-467.2769736842105,475.0,-573.8215789473684,180.0,65.44605263157905,1130.892105263158,1950.0,-869.671052631579,-804.5065789473684
1828,2058.5526315789475,433.2631578947368,-485.3618421052631,475.0,-588.2894736842105,180.0,29.276315789473756,1058.5526315789475,1950.0,-855.578947368421,-783.3684210526316
1829,2582.6684210526314,344.8421052631579,-354.33289473684215,475.0,-483.4663157894737,180.0,291.3342105263157,1582.6684210526314,1950.0,-885.0526315789474,-827.578947368421
1830,2275.571052631579,409.7763157894737,-431.1072368421053,475.0,-544.8857894736842,180.0,137.7855263157894,1275.5710526315788,1950.0,-863.4078947368421,-795.1118421052631
1831,2174.936842105263,438.7894736842105,-456.2657894736842,475.0,-565.0126315789473,180.0,87.46842105263158,1174.9368421052632,1950.0,-853.7368421052631,-780.6052631578948
1832,2447.55,388.2236842105263,-388.11249999999995,475.0,-510.48999999999995,180.0,223.7750000000001,1447.5500000000002,1950.0,-870.5921052631579,-805.8881578947369
1833,2319.063157894737,391.2631578947368,-420.2342105263158,475.0,-536.1873684210526,180.0,159.53157894736842,1319.0631578947368,1950.0,-869.578947368421,-804.3684210526316
1834,2186.984210526316,390.7105263157895,-453.253947368421,475.0,-562.6031578947368,180.0,93.49210526315801,1186.984210526316,1950.0,-869.7631578947369,-804.6447368421052
1835,2268.552631578947,455.3684210526316,-432.86184210526324,475.0,-546.2894736842106,180.0,134.27631578947353,1268.552631578947,1950.0,-848.2105263157895,-772.3157894736842
1836,2272.9736842105262,375.2368421052632,-431.75657894736844,475.0,-545.4052631578948,180.0,136.48684210526312,1272.9736842105262,1950.0,-874.921052631579,-812.3815789473684
1837,2120.8894736842103,407.2894736842105,-469.7776315789474,475.0,-575.8221052631579,180.0,60.44473684210516,1120.8894736842103,1950.0,-864.2368421052631,-796.3552631578948
1838,2194.057894736842,478.5789473684211,-451.48552631578946,475.0,-561.1884210526316,180.0,97.02894736842109,1194.0578947368422,1950.0,-840.4736842105262,-760.7105263157895
1839,2148.797368421053,360.0394736842105,-462.8006578947368,475.0,-570.2405263157895,180.0,74.39868421052643,1148.7973684210529,1950.0,-879.9868421052631,-819.9802631578948
1840,2058.9947368421053,458.1315789473684,-485.25131578947367,475.0,-588.2010526315789,180.0,29.49736842105267,1058.9947368421053,1950.0,-847.2894736842105,-770.9342105263158
1841,2218.7605263157893,431.8815789473684,-445.30986842105267,475.0,-556.2478947368421,180.0,109.38026315789466,1218.7605263157893,1950.0,-856.0394736842105,-784.0592105263158
1842,2511.1026315789472,461.1710526315789,-372.2243421052632,475.0,-497.77947368421053,180.0,255.55131578947362,1511.1026315789472,1950.0,-846.2763157894738,-769.4144736842105
1843,2305.634210526316,381.5921052631579,-423.591447368421,475.0,-538.8731578947368,180.0,152.81710526315806,1305.634210526316,1950.0,-872.8026315789474,-809.203947368421
1844,2257.334210526316,419.7236842105263,-435.666447368421,475.0,-548.5331578947369,180.0,128.66710526315796,1257.334210526316,1950.0,-860.0921052631579,-790.1381578947369
1845,2284.2473684210527,441.0,-428.93815789473683,475.0,-543.1505263157894,180.0,142.12368421052633,1284.2473684210527,1950.0,-853.0,-779.5
1846,2311.1052631578946,385.1842105263158,-422.22368421052636,475.0,-537.7789473684211,180.0,155.55263157894728,1311.1052631578946,1950.0,-871.6052631578948,-807.4078947368421
1847,2054.573684210526,425.5263157894737,-486.35657894736846,475.0,-589.0852631578948,180.0,27.286842105263077,1054.5736842105262,1950.0,-858.1578947368421,-787.2368421052631
1848,2437.271052631578,394.8552631578948,-390.68223684210545,475.0,-512.5457894736844,180.0,218.6355263157891,1437.2710526315782,1950.0,-868.3815789473684,-802.5723684210526
1849,2341.002631578948,398.1710526315789,-414.74934210526305,475.0,-531.7994736842104,180.0,170.5013157894739,1341.0026315789478,1950.0,-867.2763157894738,-800.9144736842105
1850,2117.573684210526,413.3684210526316,-470.60657894736846,475.0,-576.4852631578948,180.0,58.78684210526308,1117.5736842105262,1950.0,-862.2105263157895,-793.3157894736842
1851,2107.6263157894737,365.8421052631579,-473.0934210526316,475.0,-578.4747368421052,180.0,53.81315789473683,1107.6263157894737,1950.0,-878.0526315789474,-817.078947368421
1852,2326.468421052632,396.7894736842105,-418.382894736842,475.0,-534.7063157894736,180.0,163.23421052631602,1326.468421052632,1950.0,-867.7368421052631,-801.6052631578948
1853,2238.323684210526,402.5921052631579,-440.41907894736846,475.0,-552.3352631578948,180.0,119.16184210526308,1238.3236842105262,1950.0,-865.8026315789474,-798.703947368421
1854,2151.8921052631576,346.2236842105263,-462.0269736842106,475.0,-569.6215789473684,180.0,75.94605263157882,1151.8921052631576,1950.0,-884.5921052631579,-826.8881578947369
1855,2339.234210526316,317.4868421052632,-415.191447368421,475.0,-532.1531578947368,180.0,169.617105263158,1339.234210526316,1950.0,-894.171052631579,-841.2565789473684
1856,2042.415789473684,394.5789473684211,-489.396052631579,475.0,-591.5168421052632,180.0,21.207894736842036,1042.415789473684,1950.0,-868.4736842105262,-802.7105263157895
1857,2151.5052631578947,501.7894736842105,-462.12368421052633,475.0,-569.698947368421,180.0,75.75263157894733,1151.5052631578947,1950.0,-832.7368421052631,-749.1052631578948
1858,2464.8473684210526,411.1578947368421,-383.78815789473686,475.0,-507.0305263157895,180.0,232.4236842105263,1464.8473684210526,1950.0,-862.9473684210526,-794.421052631579
1859,2226.773684210526,392.9210526315789,-443.3065789473685,475.0,-554.6452631578948,180.0,113.38684210526299,1226.773684210526,1950.0,-869.0263157894738,-803.5394736842105
1860,2192.786842105263,405.9078947368421,-451.80328947368423,475.0,-561.4426315789474,180.0,96.39342105263154,1192.786842105263,1950.0,-864.6973684210526,-797.046052631579
1861,2257.665789473684,440.7236842105263,-435.583552631579,475.0,-548.4668421052631,180.0,128.83289473684204,1257.665789473684,1950.0,-853.0921052631579,-779.6381578947369
1862,2197.484210526316,373.0263157894737,-450.628947368421,475.0,-560.5031578947368,180.0,98.74210526315801,1197.484210526316,1950.0,-875.6578947368421,-813.4868421052631
1863,2345.644736842105,382.1447368421052,-413.58881578947376,475.0,-530.871052631579,180.0,172.8223684210525,1345.644736842105,1950.0,-872.6184210526316,-808.9276315789474
1864,2277.118421052632,379.3815789473684,-430.72039473684197,475.0,-544.5763157894736,180.0,138.55921052631606,1277.1184210526321,1950.0,-873.5394736842105,-810.3092105263158
1865,2261.036842105263,333.2368421052632,-434.74078947368423,475.0,-547.7926315789474,180.0,130.51842105263154,1261.036842105263,1950.0,-888.921052631579,-833.3815789473684
1866,2497.176315789474,387.1184210526316,-375.70592105263154,475.0,-500.5647368421052,180.0,248.58815789473692,1497.1763157894738,1950.0,-870.9605263157895,-806.4407894736842
1867,2525.581578947368,413.6447368421052,-368.60460526315796,475.0,-494.8836842105264,180.0,262.7907894736841,1525.5815789473681,1950.0,-862.1184210526316,-793.1776315789474
1868,2223.955263157895,453.9868421052632,-444.01118421052627,475.0,-555.208947368421,180.0,111.97763157894747,1223.955263157895,1950.0,-848.671052631579,-773.0065789473684
1869,2514.363157894737,415.5789473684211,-371.40921052631575,475.0,-497.1273684210526,180.0,257.1815789473685,1514.363157894737,1950.0,-861.4736842105262,-792.2105263157895
1870,2097.292105263158,379.9342105263158,-475.67697368421045,475.0,-580.5415789473684,180.0,48.646052631579096,1097.2921052631582,1950.0,-873.3552631578948,-810.0328947368421
1871,2329.452631578948,407.2894736842105,-417.636842105263,475.0,-534.1094736842103,180.0,164.72631578947403,1329.452631578948,1950.0,-864.2368421052631,-796.3552631578948
1872,2431.3026315789475,373.8552631578948,-392.1743421052631,475.0,-513.7394736842105,180.0,215.65131578947376,1431.3026315789475,1950.0,-875.3815789473684,-813.0723684210526
1873,2342.826315789473,377.4473684210526,-414.29342105263174,475.0,-531.4347368421054,180.0,171.4131578947365,1342.826315789473,1950.0,-874.1842105263158,-811.2763157894738
1874,2418.536842105263,378.0,-395.36578947368423,475.0,-516.2926315789474,180.0,209.26842105263154,1418.536842105263,1950.0,-874.0,-811.0
1875,2351.944736842105,414.75,-412.0138157894737,475.0,-529.611052631579,180.0,175.97236842105258,1351.9447368421052,1950.0,-861.75,-792.625
1876,2218.484210526316,412.8157894736842,-445.378947368421,475.0,-556.3031578947368,180.0,109.24210526315801,1218.484210526316,1950.0,-862.3947368421052,-793.5921052631579
1877,2232.963157894737,412.2631578947368,-441.75921052631577,475.0,-553.4073684210526,180.0,116.48157894736846,1232.963157894737,1950.0,-862.578947368421,-793.8684210526316
1878,2524.8078947368417,377.1710526315789,-368.79802631578957,475.0,-495.03842105263163,180.0,262.40394736842086,1524.8078947368417,1950.0,-874.2763157894738,-811.4144736842105
1879,2524.9184210526314,390.4342105263158,-368.77039473684215,475.0,-495.0163157894737,180.0,262.4592105263157,1524.9184210526314,1950.0,-869.8552631578948,-804.7828947368421
1880,2127.576315789473,406.4605263157895,-468.10592105263174,475.0,-574.4847368421053,180.0,63.788157894736514,1127.576315789473,1950.0,-864.5131578947369,-796.7697368421052
1881,2074.6894736842105,368.6052631578948,-481.3276315789474,475.0,-585.062105263158,180.0,37.34473684210525,1074.6894736842105,1950.0,-877.1315789473684,-815.6973684210526
1882,2308.3973684210523,384.3552631578948,-422.9006578947369,475.0,-538.3205263157895,180.0,154.19868421052615,1308.3973684210523,1950.0,-871.8815789473684,-807.8223684210526
1883,2572.113157894737,351.1973684210526,-356.97171052631575,475.0,-485.5773684210526,180.0,286.0565789473685,1572.113157894737,1950.0,-882.9342105263158,-824.4013157894738
1884,2506.2394736842107,431.8815789473684,-373.44013157894733,475.0,-498.7521052631579,180.0,253.11973684210534,1506.2394736842107,1950.0,-856.0394736842105,-784.0592105263158
1885,2228.321052631579,390.7105263157895,-442.9197368421053,475.0,-554.3357894736843,180.0,114.16052631578941,1228.3210526315788,1950.0,-869.7631578947369,-804.6447368421052
1886,2413.231578947368,361.4210526315789,-396.69210526315806,475.0,-517.3536842105265,180.0,206.6157894736839,1413.2315789473678,1950.0,-879.5263157894738,-819.2894736842105
1887,2121.221052631579,400.1052631578948,-469.69473684210527,475.0,-575.7557894736842,180.0,60.61052631578946,1121.221052631579,1950.0,-866.6315789473684,-799.9473684210526
1888,2411.076315789473,379.9342105263158,-397.23092105263174,475.0,-517.7847368421054,180.0,205.5381578947365,1411.076315789473,1950.0,-873.3552631578948,-810.0328947368421
1889,2267.2263157894736,408.9473684210526,-433.1934210526316,475.0,-546.5547368421053,180.0,133.6131578947368,1267.2263157894736,1950.0,-863.6842105263158,-795.5263157894738
1890,2179.2473684210527,411.1578947368421,-455.18815789473683,475.0,-564.1505263157894,180.0,89.62368421052633,1179.2473684210527,1950.0,-862.9473684210526,-794.421052631579
1891,2349.9,418.3421052631579,-412.525,475.0,-530.02,180.0,174.95000000000005,1349.9,1950.0,-860.5526315789474,-790.828947368421
1892,2287.95,439.0657894736842,-428.01250000000005,475.0,-542.4100000000001,180.0,143.9749999999999,1287.9499999999998,1950.0,-853.6447368421052,-780.4671052631579
1893,2038.326315789474,429.9473684210526,-490.4184210526315,475.0,-592.3347368421053,180.0,19.16315789473697,1038.326315789474,1950.0,-856.6842105263158,-785.0263157894738
1894,2208.702631578947,418.0657894736842,-447.8243421052632,475.0,-558.2594736842105,180.0,104.35131578947357,1208.7026315789471,1950.0,-860.6447368421052,-790.9671052631579
1895,2226.93947368421,417.5131578947368,-443.2651315789475,475.0,-554.612105263158,180.0,113.46973684210502,1226.93947368421,1950.0,-860.828947368421,-791.2434210526316
1896,2176.428947368421,425.25,-455.8927631578947,475.0,-564.7142105263158,180.0,88.21447368421059,1176.4289473684212,1950.0,-858.25,-787.375
1897,2307.7894736842104,410.0526315789474,-423.0526315789474,475.0,-538.4421052631579,180.0,153.8947368421052,1307.7894736842104,1950.0,-863.3157894736842,-794.9736842105262
1898,2537.4631578947365,387.9473684210526,-365.6342105263159,475.0,-492.5073684210527,180.0,268.73157894736823,1537.4631578947365,1950.0,-870.6842105263158,-806.0263157894738
1899,2296.073684210526,422.7631578947368,-425.98157894736846,475.0,-540.7852631578947,180.0,148.03684210526308,1296.0736842105262,1950.0,-859.078947368421,-788.6184210526316
1900,2143.492105263158,493.7763157894737,-464.1269736842105,475.0,-571.3015789473684,180.0,71.746052631579,1143.492105263158,1950.0,-835.4078947368421,-753.1118421052631
1901,2123.8736842105263,352.0263157894737,-469.0315789473684,475.0,-575.2252631578947,180.0,61.93684210526317,1123.8736842105263,1950.0,-882.6578947368421,-823.9868421052631
1902,2426.7157894736843,391.8157894736842,-393.32105263157894,475.0,-514.6568421052632,180.0,213.35789473684213,1426.7157894736843,1950.0,-869.3947368421052,-804.0921052631579
1903,2221.0815789473686,428.5657894736842,-444.72960526315785,475.0,-555.7836842105263,180.0,110.5407894736843,1221.0815789473686,1950.0,-857.1447368421052,-785.7171052631579
1904,2355.2052631578945,434.9210526315789,-411.1986842105264,475.0,-528.9589473684211,180.0,177.60263157894724,1355.2052631578945,1950.0,-855.0263157894738,-782.5394736842105
1905,2273.636842105263,417.2368421052632,-431.59078947368425,475.0,-545.2726315789474,180.0,136.8184210526315,1273.636842105263,1950.0,-860.921052631579,-791.3815789473684
1906,2194.5,418.8947368421052,-451.375,475.0,-561.1,180.0,97.25,1194.5,1950.0,-860.3684210526316,-790.5526315789474
1907,2396.1552631578948,421.3815789473684,-400.9611842105263,475.0,-520.7689473684211,180.0,198.07763157894738,1396.1552631578948,1950.0,-859.5394736842105,-789.3092105263158
1908,2025.45,402.0394736842105,-493.6375,475.0,-594.91,180.0,12.725000000000023,1025.45,1950.0,-865.9868421052631,-798.9802631578948
1909,2184.331578947368,373.0263157894737,-453.91710526315796,475.0,-563.1336842105263,180.0,92.16578947368407,1184.3315789473681,1950.0,-875.6578947368421,-813.4868421052631
1910,2128.2394736842107,429.6710526315789,-467.94013157894733,475.0,-574.3521052631579,180.0,64.11973684210534,1128.2394736842107,1950.0,-856.7763157894738,-785.1644736842105
1911,2079.0,406.7368421052632,-480.25,475.0,-584.2,180.0,39.5,1079.0,1950.0,-864.421052631579,-796.6315789473684
1912,2066.731578947368,390.7105263157895,-483.31710526315806,475.0,-586.6536842105264,180.0,33.36578947368389,1066.7315789473678,1950.0,-869.7631578947369,-804.6447368421052
1913,2170.9026315789474,438.5131578947368,-457.27434210526314,475.0,-565.8194736842105,180.0,85.45131578947371,1170.9026315789474,1950.0,-853.828947368421,-780.7434210526316
1914,2328.9,340.9736842105263,-417.775,475.0,-534.22,180.0,164.45000000000005,1328.9,1950.0,-886.3421052631579,-829.5131578947369
1915,2235.118421052632,384.3552631578948,-441.22039473684197,475.0,-552.9763157894736,180.0,117.55921052631606,1235.1184210526321,1950.0,-871.8815789473684,-807.8223684210526
1916,2472.0868421052637,373.3026315789474,-381.9782894736841,475.0,-505.58263157894726,180.0,236.04342105263186,1472.0868421052637,1950.0,-875.5657894736842,-813.3486842105262
1917,2347.3026315789475,374.4078947368421,-413.1743421052631,475.0,-530.5394736842105,180.0,173.65131578947376,1347.3026315789475,1950.0,-875.1973684210526,-812.796052631579
1918,2117.960526315789,370.5394736842105,-470.5098684210527,475.0,-576.4078947368422,180.0,58.98026315789457,1117.9605263157891,1950.0,-876.4868421052631,-814.7302631578948
1919,2261.5894736842106,390.1578947368421,-434.60263157894735,475.0,-547.6821052631578,180.0,130.7947368421053,1261.5894736842106,1950.0,-869.9473684210526,-804.921052631579
1920,2095.468421052632,391.2631578947368,-476.132894736842,475.0,-580.9063157894736,180.0,47.73421052631602,1095.468421052632,1950.0,-869.578947368421,-804.3684210526316
1921,2010.3078947368424,426.3552631578948,-497.4230263157894,475.0,-597.9384210526315,180.0,5.1539473684212,1010.3078947368424,1950.0,-857.8815789473684,-786.8223684210526
1922,2136.307894736842,430.2236842105263,-465.92302631578946,475.0,-572.7384210526316,180.0,68.15394736842109,1136.3078947368422,1950.0,-856.5921052631579,-784.8881578947369
1923,2060.8736842105263,392.3684210526316,-484.7815789473684,475.0,-587.8252631578947,180.0,30.436842105263167,1060.8736842105263,1950.0,-869.2105263157895,-803.8157894736842
1924,2400.2447368421053,414.1973684210526,-399.93881578947367,475.0,-519.9510526315789,180.0,200.12236842105267,1400.2447368421053,1950.0,-861.9342105263158,-792.9013157894738
1925,2169.0789473684213,374.6842105263158,-457.7302631578947,475.0,-566.1842105263157,180.0,84.53947368421063,1169.0789473684213,1950.0,-875.1052631578948,-812.6578947368421
1926,2561.557894736842,385.7368421052632,-359.61052631578946,475.0,-487.6884210526316,180.0,280.7789473684211,1561.5578947368422,1950.0,-871.421052631579,-807.1315789473684
1927,2420.1947368421056,417.2368421052632,-394.9513157894736,475.0,-515.9610526315789,180.0,210.0973684210528,1420.1947368421056,1950.0,-860.921052631579,-791.3815789473684
1928,2180.85,401.4868421052632,-454.7875,475.0,-563.83,180.0,90.42499999999995,1180.85,1950.0,-866.171052631579,-799.2565789473684
1929,2417.2105263157896,387.9473684210526,-395.6973684210526,475.0,-516.5578947368421,180.0,208.6052631578948,1417.2105263157896,1950.0,-870.6842105263158,-806.0263157894738
1930,2257.3894736842103,393.4736842105263,-435.6526315789474,475.0,-548.522105263158,180.0,128.69473684210516,1257.3894736842103,1950.0,-868.8421052631579,-803.2631578947369
1931,2314.973684210526,398.4473684210526,-421.25657894736855,475.0,-537.0052631578949,180.0,157.4868421052629,1314.9736842105258,1950.0,-867.1842105263158,-800.7763157894738
1932,2527.184210526316,385.1842105263158,-368.20394736842104,475.0,-494.56315789473683,180.0,263.5921052631579,1527.1842105263158,1950.0,-871.6052631578948,-807.4078947368421
1933,2304.805263157895,408.9473684210526,-423.7986842105263,475.0,-539.0389473684211,180.0,152.40263157894742,1304.8052631578948,1950.0,-863.6842105263158,-795.5263157894738
1934,2267.557894736842,382.9736842105263,-433.11052631578946,475.0,-546.4884210526316,180.0,133.7789473684211,1267.5578947368422,1950.0,-872.3421052631579,-808.5131578947369
1935,2389.468421052632,412.8157894736842,-402.632894736842,475.0,-522.1063157894736,180.0,194.73421052631602,1389.468421052632,1950.0,-862.3947368421052,-793.5921052631579
1936,2169.8526315789472,382.9736842105263,-457.5368421052632,475.0,-566.0294736842105,180.0,84.92631578947362,1169.8526315789472,1950.0,-872.3421052631579,-808.5131578947369
1937,2329.784210526316,390.7105263157895,-417.55394736842095,475.0,-534.0431578947367,180.0,164.8921052631581,1329.7842105263162,1950.0,-869.7631578947369,-804.6447368421052
1938,1974.718421052632,411.4342105263158,-506.320394736842,475.0,-605.0563157894736,180.0,-12.64078947368398,974.718421052632,1950.0,-862.8552631578948,-794.2828947368421
1939,2294.1394736842103,411.4342105263158,-426.4651315789474,475.0,-541.172105263158,180.0,147.06973684210516,1294.1394736842103,1950.0,-862.8552631578948,-794.2828947368421
1940,2268.6631578947367,412.2631578947368,-432.8342105263158,475.0,-546.2673684210527,180.0,134.33157894736837,1268.6631578947367,1950.0,-862.578947368421,-793.8684210526316
1941,2046.118421052632,364.4605263157895,-488.470394736842,475.0,-590.7763157894736,180.0,23.05921052631595,1046.118421052632,1950.0,-878.5131578947369,-817.7697368421052
1942,2164.2157894736843,392.3684210526316,-458.94605263157894,475.0,-567.1568421052632,180.0,82.10789473684213,1164.2157894736843,1950.0,-869.2105263157895,-803.8157894736842
1943,2325.4184210526314,369.4342105263158,-418.64539473684215,475.0,-534.9163157894737,180.0,162.7092105263157,1325.4184210526314,1950.0,-876.8552631578948,-815.2828947368421
1944,2334.702631578948,431.3289473684211,-416.324342105263,475.0,-533.0594736842104,180.0,167.35131578947403,1334.702631578948,1950.0,-856.2236842105262,-784.3355263157895
1945,2170.3500000000004,381.5921052631579,-457.4124999999999,475.0,-565.93,180.0,85.17500000000018,1170.3500000000004,1950.0,-872.8026315789474,-809.203947368421
1946,2538.6789473684207,449.2894736842105,-365.3302631578948,475.0,-492.2642105263159,180.0,269.33947368421036,1538.6789473684207,1950.0,-850.2368421052631,-775.3552631578948
1947,2158.9105263157894,375.7894736842105,-460.27236842105265,475.0,-568.2178947368421,180.0,79.4552631578947,1158.9105263157894,1950.0,-874.7368421052631,-812.1052631578948
1948,2392.507894736842,397.0657894736842,-401.8730263157895,475.0,-521.4984210526316,180.0,196.253947368421,1392.507894736842,1950.0,-867.6447368421052,-801.4671052631579
1949,2336.084210526316,432.7105263157895,-415.978947368421,475.0,-532.7831578947369,180.0,168.04210526315796,1336.084210526316,1950.0,-855.7631578947369,-783.6447368421052
1950,2218.3736842105263,380.7631578947368,-445.4065789473684,475.0,-556.3252631578947,180.0,109.18684210526317,1218.3736842105263,1950.0,-873.078947368421,-809.6184210526316
1951,2053.634210526316,383.25,-486.591447368421,475.0,-589.2731578947368,180.0,26.817105263158055,1053.634210526316,1950.0,-872.25,-808.375
1952,2214.228947368421,386.0131578947368,-446.4427631578948,475.0,-557.1542105263159,180.0,107.11447368421045,1214.228947368421,1950.0,-871.328947368421,-806.9934210526316
1953,2390.9605263157896,380.4868421052632,-402.2598684210526,475.0,-521.8078947368421,180.0,195.4802631578948,1390.9605263157896,1950.0,-873.171052631579,-809.7565789473684
1954,2118.071052631579,402.5921052631579,-470.4822368421053,475.0,-576.3857894736842,180.0,59.03552631578941,1118.0710526315788,1950.0,-865.8026315789474,-798.703947368421
1955,2410.9105263157894,421.1052631578948,-397.27236842105265,475.0,-517.8178947368422,180.0,205.4552631578947,1410.9105263157894,1950.0,-859.6315789473684,-789.4473684210526
1956,1996.934210526316,465.5921052631579,-500.766447368421,475.0,-600.6131578947368,180.0,-1.5328947368419676,996.9342105263161,1950.0,-844.8026315789474,-767.203947368421
1957,2506.184210526316,373.5789473684211,-373.45394736842104,475.0,-498.7631578947368,180.0,253.09210526315792,1506.1842105263158,1950.0,-875.4736842105262,-813.2105263157895
1958,2454.0157894736844,360.8684210526316,-386.4960526315789,475.0,-509.1968421052631,180.0,227.00789473684222,1454.0157894736844,1950.0,-879.7105263157895,-819.5657894736842
1959,2199.0315789473684,436.5789473684211,-450.2421052631579,475.0,-560.1936842105263,180.0,99.51578947368421,1199.0315789473684,1950.0,-854.4736842105262,-781.7105263157895
1960,2238.6552631578948,395.4078947368421,-440.3361842105263,475.0,-552.2689473684211,180.0,119.32763157894738,1238.6552631578948,1950.0,-868.1973684210526,-802.296052631579
1961,2036.9447368421052,447.3552631578948,-490.7638157894737,475.0,-592.611052631579,180.0,18.47236842105258,1036.9447368421052,1950.0,-850.8815789473684,-776.3223684210526
1962,2329.673684210526,405.6315789473684,-417.5815789473685,475.0,-534.0652631578948,180.0,164.83684210526303,1329.673684210526,1950.0,-864.7894736842105,-797.1842105263158
1963,2240.5894736842106,406.7368421052632,-439.85263157894735,475.0,-551.8821052631579,180.0,120.2947368421053,1240.5894736842106,1950.0,-864.421052631579,-796.6315789473684
1964,2324.1473684210528,428.2894736842105,-418.9631578947368,475.0,-535.1705263157894,180.0,162.07368421052638,1324.1473684210528,1950.0,-857.2368421052631,-785.8552631578948
1965,2376.702631578947,407.5657894736842,-405.8243421052632,475.0,-524.6594736842105,180.0,188.35131578947357,1376.7026315789471,1950.0,-864.1447368421052,-796.2171052631579
1966,2186.597368421052,377.1710526315789,-453.35065789473697,475.0,-562.6805263157896,180.0,93.29868421052606,1186.5973684210521,1950.0,-874.2763157894738,-811.4144736842105
1967,2206.3815789473683,383.8026315789474,-448.4046052631579,475.0,-558.7236842105264,180.0,103.19078947368416,1206.3815789473683,1950.0,-872.0657894736842,-808.0986842105262
1968,2544.2605263157893,400.3815789473684,-363.93486842105267,475.0,-491.14789473684215,180.0,272.13026315789466,1544.2605263157893,1950.0,-866.5394736842105,-799.8092105263158
1969,2308.176315789474,423.5921052631579,-422.95592105263154,475.0,-538.3647368421052,180.0,154.08815789473692,1308.1763157894738,1950.0,-858.8026315789474,-788.203947368421
1970,2176.484210526316,436.5789473684211,-455.878947368421,475.0,-564.7031578947368,180.0,88.24210526315801,1176.484210526316,1950.0,-854.4736842105262,-781.7105263157895
1971,2007.765789473684,440.7236842105263,-498.058552631579,475.0,-598.4468421052632,180.0,3.8828947368419904,1007.765789473684,1950.0,-853.0921052631579,-779.6381578947369
1972,2480.7078947368423,430.7763157894737,-379.82302631578943,475.0,-503.85842105263157,180.0,240.35394736842113,1480.7078947368423,1950.0,-856.4078947368421,-784.6118421052631
1973,2059.1052631578946,405.6315789473684,-485.22368421052636,475.0,-588.1789473684211,180.0,29.552631578947285,1059.1052631578946,1950.0,-864.7894736842105,-797.1842105263158
1974,2178.8052631578944,339.3157894736842,-455.2986842105264,475.0,-564.2389473684211,180.0,89.4026315789472,1178.8052631578944,1950.0,-886.8947368421052,-830.3421052631579
1975,1990.3026315789475,440.1710526315789,-502.4243421052631,475.0,-601.9394736842105,180.0,-4.848684210526244,990.3026315789475,1950.0,-853.2763157894738,-779.9144736842105
1976,2157.307894736842,441.8289473684211,-460.67302631578946,475.0,-568.5384210526315,180.0,78.65394736842109,1157.3078947368422,1950.0,-852.7236842105262,-779.0855263157895
1977,2144.3763157894737,421.3815789473684,-463.9059210526316,475.0,-571.1247368421052,180.0,72.18815789473683,1144.3763157894737,1950.0,-859.5394736842105,-789.3092105263158
1978,2050.3736842105263,381.8684210526316,-487.4065789473684,475.0,-589.9252631578947,180.0,25.186842105263167,1050.3736842105263,1950.0,-872.7105263157895,-809.0657894736842
1979,2357.471052631579,392.0921052631579,-410.63223684210527,475.0,-528.5057894736842,180.0,178.73552631578946,1357.471052631579,1950.0,-869.3026315789474,-803.953947368421
1980,2381.786842105263,369.4342105263158,-404.55328947368423,475.0,-523.6426315789474,180.0,190.89342105263154,1381.786842105263,1950.0,-876.8552631578948,-815.2828947368421
1981,2085.521052631578,418.8947368421052,-478.61973684210545,475.0,-582.8957894736843,180.0,42.76052631578909,1085.5210526315782,1950.0,-860.3684210526316,-790.5526315789474
1982,2403.228947368421,434.0921052631579,-399.1927631578948,475.0,-519.3542105263158,180.0,201.61447368421045,1403.228947368421,1950.0,-855.3026315789474,-782.953947368421
1983,2385.157894736842,421.6578947368421,-403.7105263157895,475.0,-522.9684210526316,180.0,192.57894736842104,1385.157894736842,1950.0,-859.4473684210526,-789.171052631579
1984,2189.194736842105,374.1315789473684,-452.7013157894737,475.0,-562.161052631579,180.0,94.59736842105258,1189.1947368421052,1950.0,-875.2894736842105,-812.9342105263158
1985,1929.9,392.9210526315789,-517.525,475.0,-614.02,180.0,-35.049999999999955,929.9000000000001,1950.0,-869.0263157894738,-803.5394736842105
1986,2300.771052631579,371.0921052631579,-424.8072368421052,475.0,-539.8457894736841,180.0,150.38552631578955,1300.771052631579,1950.0,-876.3026315789474,-814.453947368421
1987,2377.918421052632,403.1447368421052,-405.52039473684204,475.0,-524.4163157894736,180.0,188.95921052631593,1377.9184210526319,1950.0,-865.6184210526316,-798.4276315789474
1988,2330.557894736842,380.2105263157895,-417.36052631578946,475.0,-533.8884210526315,180.0,165.2789473684211,1330.5578947368422,1950.0,-873.2631578947369,-809.8947368421052
1989,1999.365789473684,381.5921052631579,-500.158552631579,475.0,-600.1268421052632,180.0,-0.3171052631580551,999.3657894736839,1950.0,-872.8026315789474,-809.203947368421
1990,2350.784210526316,345.9473684210526,-412.30394736842095,475.0,-529.8431578947368,180.0,175.3921052631581,1350.7842105263162,1950.0,-884.6842105263158,-827.0263157894738
1991,2192.621052631579,381.3157894736842,-451.84473684210525,475.0,-561.4757894736842,180.0,96.3105263157895,1192.621052631579,1950.0,-872.8947368421052,-809.3421052631579
1992,1980.3,381.3157894736842,-504.925,475.0,-603.94,180.0,-9.850000000000023,980.3,1950.0,-872.8947368421052,-809.3421052631579
1993,2308.618421052632,410.8815789473684,-422.84539473684197,475.0,-538.2763157894735,180.0,154.30921052631606,1308.6184210526321,1950.0,-863.0394736842105,-794.5592105263158
1994,2278.334210526316,412.5394736842105,-430.416447368421,475.0,-544.3331578947368,180.0,139.16710526315796,1278.334210526316,1950.0,-862.4868421052631,-793.7302631578948
1995,2218.5394736842104,414.75,-445.3651315789474,475.0,-556.292105263158,180.0,109.2697368421052,1218.5394736842104,1950.0,-861.75,-792.625
1996,2478.055263157895,394.3026315789474,-380.4861842105263,475.0,-504.38894736842104,180.0,239.02763157894742,1478.0552631578948,1950.0,-868.5657894736842,-802.8486842105262
1997,2152.942105263158,401.7631578947368,-461.76447368421054,475.0,-569.4115789473684,180.0,76.47105263157891,1152.9421052631578,1950.0,-866.078947368421,-799.1184210526316
1998,2258.1631578947367,382.9736842105263,-435.4592105263158,475.0,-548.3673684210527,180.0,129.08157894736837,1258.1631578947367,1950.0,-872.3421052631579,-808.5131578947369
1999,2379.907894736842,453.9868421052632,-405.0230263157895,475.0,-524.0184210526315,180.0,189.95394736842104,1379.907894736842,1950.0,-848.671052631579,-773.0065789473684
2000,2127.963157894737,401.2105263157895,-468.00921052631577,475.0,-574.4073684210526,180.0,63.98157894736846,1127.963157894737,1950.0,-866.2631578947369,-799.3947368421052
2001,2274.8526315789472,412.8157894736842,-431.2868421052632,475.0,-545.0294736842105,180.0,137.42631578947362,1274.8526315789472,1950.0,-862.3947368421052,-793.5921052631579
2002,2311.823684210526,372.75,-422.04407894736846,475.0,-537.6352631578948,180.0,155.91184210526308,1311.8236842105262,1950.0,-875.75,-813.625
2003,2306.407894736842,418.0657894736842,-423.3980263157895,475.0,-538.7184210526316,180.0,153.20394736842104,1306.407894736842,1950.0,-860.6447368421052,-790.9671052631579
2004,2236.942105263158,485.7631578947368,-440.76447368421054,475.0,-552.6115789473685,180.0,118.47105263157891,1236.9421052631578,1950.0,-838.078947368421,-757.1184210526316
2005,2434.784210526316,420.5526315789474,-391.30394736842095,475.0,-513.0431578947367,180.0,217.3921052631581,1434.7842105263162,1950.0,-859.8157894736842,-789.7236842105262
2006,2153.6052631578946,443.7631578947368,-461.59868421052636,475.0,-569.2789473684211,180.0,76.80263157894728,1153.6052631578946,1950.0,-852.078947368421,-778.1184210526316
2007,2100.5526315789475,381.3157894736842,-474.8618421052631,475.0,-579.8894736842105,180.0,50.276315789473756,1100.5526315789475,1950.0,-872.8947368421052,-809.3421052631579
2008,2241.915789473684,396.7894736842105,-439.521052631579,475.0,-551.6168421052632,180.0,120.95789473684204,1241.915789473684,1950.0,-867.7368421052631,-801.6052631578948
2009,2360.731578947368,384.0789473684211,-409.81710526315806,475.0,-527.8536842105265,180.0,180.3657894736839,1360.7315789473678,1950.0,-871.9736842105262,-807.9605263157895
2010,2224.231578947368,426.0789473684211,-443.94210526315806,475.0,-555.1536842105264,180.0,112.11578947368389,1224.2315789473678,1950.0,-857.9736842105262,-786.9605263157895
2011,2564.486842105264,384.9078947368421,-358.87828947368405,475.0,-487.10263157894724,180.0,282.2434210526319,1564.4868421052638,1950.0,-871.6973684210526,-807.546052631579
2012,2161.342105263158,395.1315789473684,-459.6644736842105,475.0,-567.7315789473685,180.0,80.67105263157896,1161.342105263158,1950.0,-868.2894736842105,-802.4342105263158
2013,2302.7052631578945,429.3947368421052,-424.3236842105264,475.0,-539.4589473684211,180.0,151.35263157894724,1302.7052631578945,1950.0,-856.8684210526316,-785.3026315789474
2014,2173.6657894736845,413.0921052631579,-456.58355263157887,475.0,-565.2668421052631,180.0,86.83289473684226,1173.6657894736845,1950.0,-862.3026315789474,-793.453947368421
2015,2356.3657894736843,400.3815789473684,-410.9085526315789,475.0,-528.7268421052631,180.0,178.18289473684217,1356.3657894736843,1950.0,-866.5394736842105,-799.8092105263158
2016,2392.342105263158,419.4473684210526,-401.9144736842105,475.0,-521.5315789473684,180.0,196.17105263157896,1392.342105263158,1950.0,-860.1842105263158,-790.2763157894738
2017,2110.3342105263155,347.8815789473684,-472.41644736842113,475.0,-577.933157894737,180.0,55.16710526315774,1110.3342105263155,1950.0,-884.0394736842105,-826.0592105263158
2018,2610.1894736842105,434.3684210526316,-347.4526315789474,475.0,-477.9621052631579,180.0,305.09473684210525,1610.1894736842105,1950.0,-855.2105263157895,-782.8157894736842
2019,2356.5315789473684,359.2105263157895,-410.8671052631579,475.0,-528.6936842105263,180.0,178.2657894736842,1356.5315789473684,1950.0,-880.2631578947369,-820.3947368421052
2020,2305.9657894736843,393.1973684210526,-423.50855263157894,475.0,-538.8068421052632,180.0,152.98289473684213,1305.9657894736843,1950.0,-868.9342105263158,-803.4013157894738
2021,2504.25,362.25,-373.9375,475.0,-499.15,180.0,252.125,1504.25,1950.0,-879.25,-818.875
2022,2166.868421052632,381.8684210526316,-458.28289473684197,475.0,-566.6263157894736,180.0,83.43421052631606,1166.8684210526321,1950.0,-872.7105263157895,-809.0657894736842
2023,2365.594736842105,366.3947368421052,-408.6013157894738,475.0,-526.881052631579,180.0,182.7973684210524,1365.5947368421048,1950.0,-877.8684210526316,-816.8026315789474
2024,2465.786842105263,444.0394736842105,-383.55328947368423,475.0,-506.84263157894736,180.0,232.89342105263154,1465.786842105263,1950.0,-851.9868421052631,-777.9802631578948
2025,2096.9052631578948,460.3421052631579,-475.7736842105263,475.0,-580.618947368421,180.0,48.452631578947376,1096.9052631578948,1950.0,-846.5526315789474,-769.828947368421
2026,2552.936842105263,450.3947368421052,-361.7657894736842,475.0,-489.41263157894736,180.0,276.4684210526316,1552.9368421052632,1950.0,-849.8684210526316,-774.8026315789474
2027,2311.1605263157894,387.1184210526316,-422.20986842105265,475.0,-537.7678947368421,180.0,155.5802631578947,1311.1605263157894,1950.0,-870.9605263157895,-806.4407894736842
2028,2258.273684210526,377.4473684210526,-435.4315789473685,475.0,-548.3452631578948,180.0,129.13684210526299,1258.273684210526,1950.0,-874.1842105263158,-811.2763157894738
2029,2445.7815789473684,401.4868421052632,-388.5546052631579,475.0,-510.8436842105263,180.0,222.8907894736842,1445.7815789473684,1950.0,-866.171052631579,-799.2565789473684
2030,2321.8815789473683,377.1710526315789,-419.5296052631579,475.0,-535.6236842105263,180.0,160.94078947368416,1321.8815789473683,1950.0,-874.2763157894738,-811.4144736842105
2031,2154.9315789473685,386.8421052631579,-461.2671052631579,475.0,-569.0136842105263,180.0,77.46578947368425,1154.9315789473685,1950.0,-871.0526315789474,-806.578947368421
2032,2421.4657894736843,377.1710526315789,-394.63355263157894,475.0,-515.7068421052631,180.0,210.73289473684213,1421.4657894736843,1950.0,-874.2763157894738,-811.4144736842105
2033,2320.444736842105,364.4605263157895,-419.8888157894737,475.0,-535.911052631579,180.0,160.22236842105258,1320.4447368421052,1950.0,-878.5131578947369,-817.7697368421052
2034,2188.034210526316,408.6710526315789,-452.99144736842095,475.0,-562.3931578947368,180.0,94.0171052631581,1188.0342105263162,1950.0,-863.7763157894738,-795.6644736842105
2035,2176.2631578947367,428.8421052631579,-455.93421052631584,475.0,-564.7473684210527,180.0,88.13157894736833,1176.2631578947367,1950.0,-857.0526315789474,-785.578947368421
2036,2369.2973684210524,392.6447368421052,-407.6756578947369,475.0,-526.1405263157895,180.0,184.6486842105262,1369.2973684210524,1950.0,-869.1184210526316,-803.6776315789474
2037,2681.202631578947,402.0394736842105,-329.6993421052632,475.0,-463.75947368421055,180.0,340.6013157894736,1681.2026315789471,1950.0,-865.9868421052631,-798.9802631578948
2038,2198.036842105263,458.1315789473684,-450.49078947368423,475.0,-560.3926315789474,180.0,99.01842105263154,1198.036842105263,1950.0,-847.2894736842105,-770.9342105263158
2039,1958.028947368421,447.3552631578948,-510.49276315789473,475.0,-608.3942105263158,180.0,-20.985526315789457,958.0289473684211,1950.0,-850.8815789473684,-776.3223684210526
2040,2209.5315789473684,390.7105263157895,-447.6171052631579,475.0,-558.0936842105264,180.0,104.76578947368421,1209.5315789473684,1950.0,-869.7631578947369,-804.6447368421052
2041,2065.736842105264,449.8421052631579,-483.56578947368405,475.0,-586.8526315789472,180.0,32.8684210526319,1065.7368421052638,1950.0,-850.0526315789474,-775.078947368421
2042,2203.121052631579,457.5789473684211,-449.21973684210525,475.0,-559.3757894736842,180.0,101.5605263157895,1203.121052631579,1950.0,-847.4736842105262,-771.2105263157895
2043,2402.344736842105,346.7763157894737,-399.4138157894738,475.0,-519.5310526315791,180.0,201.1723684210524,1402.3447368421048,1950.0,-884.4078947368421,-826.6118421052631
2044,2273.415789473684,409.5,-431.646052631579,475.0,-545.3168421052632,180.0,136.70789473684204,1273.415789473684,1950.0,-863.5,-795.25
2045,2333.984210526316,424.9736842105263,-416.503947368421,475.0,-533.2031578947368,180.0,166.992105263158,1333.984210526316,1950.0,-858.3421052631579,-787.5131578947369
2046,2375.1,398.4473684210526,-406.225,475.0,-524.98,180.0,187.54999999999995,1375.1,1950.0,-867.1842105263158,-800.7763157894738
2047,2334.757894736842,386.2894736842105,-416.3105263157895,475.0,-533.0484210526316,180.0,167.378947368421,1334.757894736842,1950.0,-871.2368421052631,-806.8552631578948
2048,2306.297368421053,376.6184210526316,-423.4256578947368,475.0,-538.7405263157895,180.0,153.14868421052643,1306.2973684210529,1950.0,-874.4605263157895,-811.6907894736842
2049,2181.678947368421,392.9210526315789,-454.5802631578947,475.0,-563.6642105263157,180.0,90.83947368421059,1181.6789473684212,1950.0,-869.0263157894738,-803.5394736842105
2050,2148.1894736842105,451.5,-462.9526315789474,475.0,-570.3621052631579,180.0,74.09473684210525,1148.1894736842105,1950.0,-849.5,-774.25
2051,2401.9578947368423,399.0,-399.51052631578943,475.0,-519.6084210526316,180.0,200.97894736842113,1401.9578947368423,1950.0,-867.0,-800.5
2052,2266.728947368421,400.9342105263158,-433.3177631578948,475.0,-546.6542105263159,180.0,133.36447368421045,1266.728947368421,1950.0,-866.3552631578948,-799.5328947368421
2053,2065.184210526316,477.4736842105263,-483.70394736842104,475.0,-586.9631578947368,180.0,32.59210526315792,1065.1842105263158,1950.0,-840.8421052631579,-761.2631578947369
2054,2016.7736842105264,436.5789473684211,-495.8065789473684,475.0,-596.6452631578948,180.0,8.386842105263213,1016.7736842105264,1950.0,-854.4736842105262,-781.7105263157895
2055,2204.0052631578947,385.1842105263158,-448.99868421052633,475.0,-559.198947368421,180.0,102.00263157894733,1204.0052631578947,1950.0,-871.6052631578948,-807.4078947368421
2056,2217.986842105264,432.9868421052632,-445.50328947368405,475.0,-556.4026315789472,180.0,108.9934210526319,1217.9868421052638,1950.0,-855.671052631579,-783.5065789473684
2057,2265.5684210526315,416.6842105263158,-433.6078947368421,475.0,-546.8863157894737,180.0,132.78421052631575,1265.5684210526315,1950.0,-861.1052631578948,-791.6578947368421
2058,2166.0394736842104,343.4605263157895,-458.4901315789474,475.0,-566.792105263158,180.0,83.0197368421052,1166.0394736842104,1950.0,-885.5131578947369,-828.2697368421052
2059,2189.636842105263,399.0,-452.59078947368425,475.0,-562.0726315789474,180.0,94.81842105263149,1189.636842105263,1950.0,-867.0,-800.5
2060,1967.6447368421047,408.1184210526316,-508.0888157894738,475.0,-606.471052631579,180.0,-16.177631578947626,967.6447368421047,1950.0,-863.9605263157895,-795.9407894736842
2061,2118.457894736842,397.3421052631579,-470.38552631578955,475.0,-576.3084210526316,180.0,59.228947368420904,1118.4578947368418,1950.0,-867.5526315789474,-801.328947368421
2062,2286.402631578947,403.6973684210526,-428.39934210526326,475.0,-542.7194736842106,180.0,143.20131578947348,1286.402631578947,1950.0,-865.4342105263158,-798.1513157894738
2063,2181.1263157894737,354.7894736842105,-454.7184210526316,475.0,-563.7747368421053,180.0,90.56315789473683,1181.1263157894737,1950.0,-881.7368421052631,-822.6052631578948
2064,2565.0394736842104,366.6710526315789,-358.7401315789474,475.0,-486.9921052631579,180.0,282.5197368421052,1565.0394736842104,1950.0,-877.7763157894738,-816.6644736842105
2065,2546.968421052632,438.7894736842105,-363.257894736842,475.0,-490.60631578947357,180.0,273.484210526316,1546.968421052632,1950.0,-853.7368421052631,-780.6052631578948
2066,2473.0263157894733,387.3947368421052,-381.7434210526317,475.0,-505.3947368421053,180.0,236.51315789473665,1473.0263157894733,1950.0,-870.8684210526316,-806.3026315789474
2067,2068.002631578948,388.2236842105263,-482.99934210526305,475.0,-586.3994736842104,180.0,34.00131578947389,1068.0026315789478,1950.0,-870.5921052631579,-805.8881578947369
2068,2206.4368421052627,432.7105263157895,-448.3907894736843,475.0,-558.7126315789475,180.0,103.21842105263136,1206.4368421052627,1950.0,-855.7631578947369,-783.6447368421052
2069,2106.1894736842105,390.7105263157895,-473.4526315789474,475.0,-578.7621052631579,180.0,53.09473684210525,1106.1894736842105,1950.0,-869.7631578947369,-804.6447368421052
2070,2426.771052631578,421.9342105263158,-393.30723684210545,475.0,-514.6457894736843,180.0,213.3855263157891,1426.7710526315782,1950.0,-859.3552631578948,-789.0328947368421
2071,2545.08947368421,382.4210526315789,-363.72763157894747,475.0,-490.98210526315796,180.0,272.54473684210507,1545.0894736842101,1950.0,-872.5263157894738,-808.7894736842105
2072,2420.7473684210527,380.2105263157895,-394.81315789473683,475.0,-515.8505263157895,180.0,210.37368421052633,1420.7473684210527,1950.0,-873.2631578947369,-809.8947368421052
2073,2377.310526315789,363.0789473684211,-405.67236842105274,475.0,-524.5378947368422,180.0,188.65526315789452,1377.310526315789,1950.0,-878.9736842105262,-818.4605263157895
2074,2504.194736842105,473.0526315789474,-373.9513157894737,475.0,-499.16105263157897,180.0,252.09736842105258,1504.1947368421052,1950.0,-842.3157894736842,-763.4736842105262
2075,2434.673684210526,444.8684210526316,-391.3315789473685,475.0,-513.0652631578948,180.0,217.33684210526303,1434.673684210526,1950.0,-851.7105263157895,-777.5657894736842
2076,2170.128947368421,364.4605263157895,-457.46776315789475,475.0,-565.9742105263158,180.0,85.0644736842105,1170.128947368421,1950.0,-878.5131578947369,-817.7697368421052
2077,2203.894736842105,428.2894736842105,-449.02631578947376,475.0,-559.221052631579,180.0,101.94736842105249,1203.894736842105,1950.0,-857.2368421052631,-785.8552631578948
2078,2000.857894736842,396.2368421052632,-499.7855263157895,475.0,-599.8284210526316,180.0,0.4289473684209497,1000.8578947368419,1950.0,-867.921052631579,-801.8815789473684
2079,2204.392105263158,408.1184210526316,-448.9019736842105,475.0,-559.1215789473683,180.0,102.19605263157905,1204.392105263158,1950.0,-863.9605263157895,-795.9407894736842
2080,2127.576315789474,368.8815789473684,-468.1059210526315,475.0,-574.4847368421052,180.0,63.78815789473697,1127.576315789474,1950.0,-877.0394736842105,-815.5592105263158
2081,2123.8184210526315,415.8552631578948,-469.0453947368421,475.0,-575.2363157894737,180.0,61.909210526315746,1123.8184210526315,1950.0,-861.3815789473684,-792.0723684210526
2082,2528.510526315789,403.4210526315789,-367.8723684210528,475.0,-494.29789473684224,180.0,264.25526315789443,1528.5105263157889,1950.0,-865.5263157894738,-798.2894736842105
2083,2031.5289473684209,426.9078947368421,-492.1177631578948,475.0,-593.6942105263158,180.0,15.76447368421043,1031.5289473684209,1950.0,-857.6973684210526,-786.546052631579
2084,2056.894736842105,422.2105263157895,-485.77631578947376,475.0,-588.621052631579,180.0,28.447368421052488,1056.894736842105,1950.0,-859.2631578947369,-788.8947368421052
2085,2175.7105263157896,390.7105263157895,-456.0723684210526,475.0,-564.8578947368421,180.0,87.8552631578948,1175.7105263157896,1950.0,-869.7631578947369,-804.6447368421052
2086,2271.702631578948,349.5394736842105,-432.074342105263,475.0,-545.6594736842104,180.0,135.85131578947403,1271.702631578948,1950.0,-883.4868421052631,-825.2302631578948
2087,2212.0184210526318,449.5657894736842,-446.99539473684206,475.0,-557.5963157894737,180.0,106.00921052631588,1212.0184210526318,1950.0,-850.1447368421052,-775.2171052631579
2088,2638.705263157895,380.2105263157895,-340.32368421052627,475.0,-472.258947368421,180.0,319.35263157894747,1638.705263157895,1950.0,-873.2631578947369,-809.8947368421052
2089,2255.842105263158,386.2894736842105,-436.0394736842105,475.0,-548.8315789473684,180.0,127.92105263157896,1255.842105263158,1950.0,-871.2368421052631,-806.8552631578948
2090,2400.1894736842105,355.8947368421052,-399.9526315789474,475.0,-519.9621052631579,180.0,200.09473684210525,1400.1894736842105,1950.0,-881.3684210526316,-822.0526315789474
2091,2295.963157894737,428.2894736842105,-426.00921052631577,475.0,-540.8073684210526,180.0,147.98157894736846,1295.963157894737,1950.0,-857.2368421052631,-785.8552631578948
2092,2370.955263157895,356.7236842105263,-407.26118421052627,475.0,-525.8089473684211,180.0,185.47763157894747,1370.955263157895,1950.0,-881.0921052631579,-821.6381578947369
2093,2475.015789473684,372.4736842105263,-381.246052631579,475.0,-504.9968421052632,180.0,237.507894736842,1475.015789473684,1950.0,-875.8421052631579,-813.7631578947369
2094,2097.071052631579,456.75,-475.7322368421053,475.0,-580.5857894736843,180.0,48.53552631578941,1097.0710526315788,1950.0,-847.75,-771.625
2095,2218.484210526316,412.8157894736842,-445.378947368421,475.0,-556.3031578947368,180.0,109.24210526315801,1218.484210526316,1950.0,-862.3947368421052,-793.5921052631579
2096,2249.4315789473685,387.3947368421052,-437.6421052631579,475.0,-550.1136842105263,180.0,124.71578947368425,1249.4315789473685,1950.0,-870.8684210526316,-806.3026315789474
2097,2300.826315789473,420.0,-424.79342105263174,475.0,-539.8347368421054,180.0,150.4131578947365,1300.826315789473,1950.0,-860.0,-790.0
2098,2357.471052631579,373.3026315789474,-410.63223684210527,475.0,-528.5057894736842,180.0,178.73552631578946,1357.471052631579,1950.0,-875.5657894736842,-813.3486842105262
2099,2195.6605263157894,346.7763157894737,-451.08486842105265,475.0,-560.8678947368421,180.0,97.8302631578947,1195.6605263157894,1950.0,-884.4078947368421,-826.6118421052631
2100,2278.942105263158,396.2368421052632,-430.26447368421054,475.0,-544.2115789473685,180.0,139.4710526315789,1278.9421052631578,1950.0,-867.921052631579,-801.8815789473684
2101,2285.186842105263,398.7236842105263,-428.7032894736842,475.0,-542.9626315789474,180.0,142.59342105263158,1285.1868421052632,1950.0,-867.0921052631579,-800.6381578947369
2102,2241.4184210526314,388.7763157894737,-439.64539473684215,475.0,-551.7163157894737,180.0,120.7092105263157,1241.4184210526314,1950.0,-870.4078947368421,-805.6118421052631
2103,2095.4131578947367,379.9342105263158,-476.1467105263158,475.0,-580.9173684210526,180.0,47.70657894736837,1095.4131578947367,1950.0,-873.3552631578948,-810.0328947368421
2104,2165.763157894737,399.5526315789474,-458.5592105263157,475.0,-566.8473684210526,180.0,82.88157894736855,1165.763157894737,1950.0,-866.8157894736842,-800.2236842105262
2105,2145.757894736842,375.7894736842105,-463.5605263157895,475.0,-570.8484210526316,180.0,72.878947368421,1145.757894736842,1950.0,-874.7368421052631,-812.1052631578948
2106,1902.4894736842105,466.9736842105263,-524.3776315789473,475.0,-619.5021052631579,180.0,-48.755263157894774,902.4894736842105,1950.0,-844.3421052631579,-766.5131578947369
2107,2412.1263157894737,341.5263157894737,-396.9684210526316,475.0,-517.5747368421053,180.0,206.06315789473683,1412.1263157894737,1950.0,-886.1578947368421,-829.2368421052631
2108,2279.3289473684213,400.3815789473684,-430.1677631578947,475.0,-544.1342105263158,180.0,139.66447368421063,1279.3289473684213,1950.0,-866.5394736842105,-799.8092105263158
2109,2559.5684210526315,428.8421052631579,-360.1078947368421,475.0,-488.0863157894737,180.0,279.78421052631575,1559.5684210526315,1950.0,-857.0526315789474,-785.578947368421
2110,2477.3921052631576,465.0394736842105,-380.6519736842106,475.0,-504.5215789473685,180.0,238.69605263157882,1477.3921052631576,1950.0,-844.9868421052631,-767.4802631578948
2111,2302.7605263157893,393.75,-424.30986842105267,475.0,-539.4478947368422,180.0,151.38026315789466,1302.7605263157893,1950.0,-868.75,-803.125
2112,2396.265789473684,425.25,-400.933552631579,475.0,-520.7468421052632,180.0,198.132894736842,1396.265789473684,1950.0,-858.25,-787.375
2113,2346.4184210526314,428.0131578947368,-413.39539473684215,475.0,-530.7163157894737,180.0,173.2092105263157,1346.4184210526314,1950.0,-857.328947368421,-785.9934210526316
2114,2210.360526315789,391.5394736842105,-447.4098684210528,475.0,-557.9278947368423,180.0,105.18026315789439,1210.3605263157888,1950.0,-869.4868421052631,-804.2302631578948
2115,2455.452631578947,382.9736842105263,-386.1368421052632,475.0,-508.9094736842106,180.0,227.72631578947357,1455.4526315789471,1950.0,-872.3421052631579,-808.5131578947369
2116,2374.05,380.4868421052632,-406.48749999999995,475.0,-525.1899999999999,180.0,187.0250000000001,1374.0500000000002,1950.0,-873.171052631579,-809.7565789473684
2117,2222.407894736842,409.2236842105263,-444.3980263157895,475.0,-555.5184210526315,180.0,111.20394736842104,1222.407894736842,1950.0,-863.5921052631579,-795.3881578947369
2118,2219.7552631578947,325.7763157894737,-445.06118421052633,475.0,-556.0489473684211,180.0,109.87763157894733,1219.7552631578947,1950.0,-891.4078947368421,-837.1118421052631
2119,2195.8815789473683,410.8815789473684,-451.0296052631579,475.0,-560.8236842105264,180.0,97.94078947368416,1195.8815789473683,1950.0,-863.0394736842105,-794.5592105263158
2120,2087.8973684210523,417.5131578947368,-478.0256578947369,475.0,-582.4205263157895,180.0,43.94868421052615,1087.8973684210523,1950.0,-860.828947368421,-791.2434210526316
2121,2406.378947368421,403.4210526315789,-398.40526315789475,475.0,-518.7242105263158,180.0,203.1894736842105,1406.378947368421,1950.0,-865.5263157894738,-798.2894736842105
2122,2573.218421052631,333.5131578947368,-356.6953947368422,475.0,-485.3563157894738,180.0,286.60921052631556,1573.2184210526311,1950.0,-888.828947368421,-833.2434210526316
2123,2291.044736842105,472.2236842105263,-427.23881578947373,475.0,-541.791052631579,180.0,145.52236842105253,1291.044736842105,1950.0,-842.5921052631579,-763.8881578947369
2124,2341.721052631579,423.3157894736842,-414.56973684210527,475.0,-531.6557894736842,180.0,170.86052631578946,1341.721052631579,1950.0,-858.8947368421052,-788.3421052631579
2125,2200.192105263158,364.4605263157895,-449.95197368421054,475.0,-559.9615789473685,180.0,100.09605263157891,1200.1921052631578,1950.0,-878.5131578947369,-817.7697368421052
2126,2372.502631578948,373.3026315789474,-406.87434210526305,475.0,-525.4994736842104,180.0,186.2513157894739,1372.5026315789478,1950.0,-875.5657894736842,-813.3486842105262
2127,2220.528947368421,409.2236842105263,-444.86776315789473,475.0,-555.8942105263158,180.0,110.26447368421054,1220.528947368421,1950.0,-863.5921052631579,-795.3881578947369
2128,2159.076315789473,419.1710526315789,-460.23092105263174,475.0,-568.1847368421054,180.0,79.53815789473651,1159.076315789473,1950.0,-860.2763157894738,-790.4144736842105
2129,2181.678947368421,477.4736842105263,-454.5802631578947,475.0,-563.6642105263157,180.0,90.83947368421059,1181.6789473684212,1950.0,-840.8421052631579,-761.2631578947369
2130,2019.094736842105,414.4736842105263,-495.22631578947374,475.0,-596.181052631579,180.0,9.54736842105251,1019.094736842105,1950.0,-861.8421052631579,-792.7631578947369
2131,2141.7789473684206,386.8421052631579,-464.55526315789484,475.0,-571.6442105263159,180.0,70.88947368421032,1141.7789473684206,1950.0,-871.0526315789474,-806.578947368421
2132,2337.8526315789472,410.0526315789474,-415.5368421052632,475.0,-532.4294736842105,180.0,168.92631578947362,1337.8526315789472,1950.0,-863.3157894736842,-794.9736842105262
2133,2257.113157894737,411.9868421052632,-435.72171052631575,475.0,-548.5773684210526,180.0,128.5565789473685,1257.113157894737,1950.0,-862.671052631579,-794.0065789473684
2134,2287.894736842105,418.3421052631579,-428.02631578947376,475.0,-542.421052631579,180.0,143.9473684210525,1287.894736842105,1950.0,-860.5526315789474,-790.828947368421
2135,2025.7815789473684,385.4605263157895,-493.5546052631579,475.0,-594.8436842105264,180.0,12.890789473684208,1025.7815789473684,1950.0,-871.5131578947369,-807.2697368421052
2136,2380.294736842105,392.3684210526316,-404.92631578947373,475.0,-523.9410526315789,180.0,190.14736842105253,1380.294736842105,1950.0,-869.2105263157895,-803.8157894736842
2137,2234.7868421052635,410.3289473684211,-441.3032894736841,475.0,-553.0426315789473,180.0,117.39342105263177,1234.7868421052635,1950.0,-863.2236842105262,-794.8355263157895
2138,2373.5526315789475,438.2368421052632,-406.6118421052631,475.0,-525.2894736842105,180.0,186.77631578947376,1373.5526315789475,1950.0,-853.921052631579,-780.8815789473684
2139,2281.0421052631577,375.7894736842105,-429.73947368421057,475.0,-543.7915789473684,180.0,140.52105263157887,1281.0421052631577,1950.0,-874.7368421052631,-812.1052631578948
2140,2246.115789473684,440.4473684210526,-438.471052631579,475.0,-550.7768421052632,180.0,123.05789473684194,1246.115789473684,1950.0,-853.1842105263158,-779.7763157894738
2141,2279.936842105263,355.8947368421052,-430.0157894736842,475.0,-544.0126315789473,180.0,139.96842105263158,1279.9368421052632,1950.0,-881.3684210526316,-822.0526315789474
2142,2353.16052631579,372.75,-411.70986842105253,475.0,-529.367894736842,180.0,176.58026315789493,1353.1605263157899,1950.0,-875.75,-813.625
2143,2136.860526315789,355.6184210526316,-465.7848684210528,475.0,-572.6278947368422,180.0,68.43026315789439,1136.8605263157888,1950.0,-881.4605263157895,-822.1907894736842
2144,2148.6315789473683,363.6315789473684,-462.8421052631579,475.0,-570.2736842105263,180.0,74.31578947368416,1148.6315789473683,1950.0,-878.7894736842105,-818.1842105263158
2145,2321.55,374.9605263157895,-419.61249999999995,475.0,-535.6899999999999,180.0,160.7750000000001,1321.5500000000002,1950.0,-875.0131578947369,-812.5197368421052
2146,2207.5973684210526,341.8026315789474,-448.10065789473686,475.0,-558.4805263157895,180.0,103.79868421052629,1207.5973684210526,1950.0,-886.0657894736842,-829.0986842105262
2147,2018.1552631578948,419.1710526315789,-495.4611842105263,475.0,-596.368947368421,180.0,9.077631578947376,1018.1552631578948,1950.0,-860.2763157894738,-790.4144736842105
2148,2279.384210526316,374.1315789473684,-430.153947368421,475.0,-544.1231578947368,180.0,139.69210526315806,1279.384210526316,1950.0,-875.2894736842105,-812.9342105263158
2149,2445.671052631579,416.4078947368421,-388.5822368421052,475.0,-510.8657894736842,180.0,222.8355263157896,1445.6710526315792,1950.0,-861.1973684210526,-791.796052631579
2150,2382.3394736842106,407.5657894736842,-404.41513157894735,475.0,-523.5321052631579,180.0,191.1697368421053,1382.3394736842106,1950.0,-864.1447368421052,-796.2171052631579
2151,2378.7473684210527,394.5789473684211,-405.31315789473683,475.0,-524.2505263157894,180.0,189.37368421052633,1378.7473684210527,1950.0,-868.4736842105262,-802.7105263157895
2152,2085.6315789473683,413.3684210526316,-478.5921052631579,475.0,-582.8736842105263,180.0,42.81578947368416,1085.6315789473683,1950.0,-862.2105263157895,-793.3157894736842
2153,2191.4052631578948,432.7105263157895,-452.1486842105263,475.0,-561.718947368421,180.0,95.70263157894738,1191.4052631578948,1950.0,-855.7631578947369,-783.6447368421052
2154,2212.35,367.2236842105263,-446.9125,475.0,-557.53,180.0,106.17499999999995,1212.35,1950.0,-877.5921052631579,-816.3881578947369
2155,2366.8657894736843,429.6710526315789,-408.2835526315789,475.0,-526.6268421052631,180.0,183.43289473684217,1366.8657894736843,1950.0,-856.7763157894738,-785.1644736842105
2156,2145.371052631579,399.8289473684211,-463.65723684210525,475.0,-570.9257894736842,180.0,72.6855263157895,1145.371052631579,1950.0,-866.7236842105262,-800.0855263157895
2157,2353.823684210526,405.3552631578948,-411.54407894736846,475.0,-529.2352631578948,180.0,176.91184210526308,1353.8236842105262,1950.0,-864.8815789473684,-797.3223684210526
2158,2185.326315789474,389.0526315789474,-453.6684210526315,475.0,-562.9347368421052,180.0,92.66315789473697,1185.326315789474,1950.0,-870.3157894736842,-805.4736842105262
2159,2232.3,407.8421052631579,-441.92499999999995,475.0,-553.54,180.0,116.15000000000009,1232.3000000000002,1950.0,-864.0526315789474,-796.078947368421
2160,2247.221052631579,450.9473684210526,-438.19473684210527,475.0,-550.5557894736842,180.0,123.61052631578946,1247.221052631579,1950.0,-849.6842105263158,-774.5263157894738
2161,2310.221052631579,410.6052631578948,-422.44473684210527,475.0,-537.9557894736843,180.0,155.11052631578946,1310.221052631579,1950.0,-863.1315789473684,-794.6973684210526
2162,2242.136842105263,395.1315789473684,-439.46578947368425,475.0,-551.5726315789474,180.0,121.06842105263149,1242.136842105263,1950.0,-868.2894736842105,-802.4342105263158
2163,2386.7605263157893,430.7763157894737,-403.30986842105267,475.0,-522.6478947368421,180.0,193.38026315789466,1386.7605263157893,1950.0,-856.4078947368421,-784.6118421052631
2164,2365.981578947368,389.3289473684211,-408.50460526315806,475.0,-526.8036842105264,180.0,182.9907894736839,1365.9815789473678,1950.0,-870.2236842105262,-805.3355263157895
2165,2028.1578947368423,402.8684210526316,-492.9605263157894,475.0,-594.3684210526316,180.0,14.078947368421154,1028.1578947368423,1950.0,-865.7105263157895,-798.5657894736842
2166,2025.0631578947368,397.8947368421052,-493.7342105263158,475.0,-594.9873684210527,180.0,12.531578947368416,1025.0631578947368,1950.0,-867.3684210526316,-801.0526315789474
2167,2178.8605263157897,425.8026315789474,-455.2848684210526,475.0,-564.227894736842,180.0,89.43026315789484,1178.8605263157897,1950.0,-858.0657894736842,-787.0986842105262
2168,2071.1526315789474,395.1315789473684,-482.21184210526314,475.0,-585.7694736842105,180.0,35.57631578947371,1071.1526315789474,1950.0,-868.2894736842105,-802.4342105263158
2169,2473.8,395.6842105263158,-381.54999999999995,475.0,-505.23999999999995,180.0,236.9000000000001,1473.8000000000002,1950.0,-868.1052631578948,-802.1578947368421
2170,2073.8605263157897,424.1447368421052,-481.5348684210526,475.0,-585.227894736842,180.0,36.93026315789484,1073.8605263157897,1950.0,-858.6184210526316,-787.9276315789474
2171,2419.3657894736843,341.25,-395.1585526315789,475.0,-516.1268421052631,180.0,209.68289473684217,1419.3657894736843,1950.0,-886.25,-829.375
2172,2716.23947368421,435.1973684210526,-320.94013157894744,475.0,-456.752105263158,180.0,358.1197368421051,1716.2394736842102,1950.0,-854.9342105263158,-782.4013157894738
2173,2431.9657894736843,387.6710526315789,-392.00855263157894,475.0,-513.6068421052631,180.0,215.98289473684213,1431.9657894736843,1950.0,-870.7763157894738,-806.1644736842105
2174,2171.178947368421,438.7894736842105,-457.2052631578947,475.0,-565.7642105263158,180.0,85.58947368421059,1171.1789473684212,1950.0,-853.7368421052631,-780.6052631578948
2175,2263.136842105263,453.7105263157895,-434.21578947368425,475.0,-547.3726315789474,180.0,131.5684210526315,1263.136842105263,1950.0,-848.7631578947369,-773.1447368421052
2176,2132.163157894737,388.5,-466.9592105263157,475.0,-573.5673684210526,180.0,66.0815789473686,1132.1631578947372,1950.0,-870.5,-805.75
2177,2215.6657894736845,426.9078947368421,-446.08355263157887,475.0,-556.8668421052631,180.0,107.83289473684226,1215.6657894736845,1950.0,-857.6973684210526,-786.546052631579
2178,2182.286842105263,404.8026315789474,-454.42828947368423,475.0,-563.5426315789474,180.0,91.14342105263154,1182.286842105263,1950.0,-865.0657894736842,-797.5986842105262
2179,2270.486842105263,382.1447368421052,-432.3782894736843,475.0,-545.9026315789474,180.0,135.24342105263145,1270.486842105263,1950.0,-872.6184210526316,-808.9276315789474
2180,2222.684210526316,362.5263157894737,-444.32894736842104,475.0,-555.4631578947368,180.0,111.34210526315792,1222.6842105263158,1950.0,-879.1578947368421,-818.7368421052631
2181,2357.692105263158,343.4605263157895,-410.57697368421054,475.0,-528.4615789473685,180.0,178.8460526315789,1357.6921052631578,1950.0,-885.5131578947369,-828.2697368421052
2182,2108.565789473684,379.9342105263158,-472.85855263157896,475.0,-578.2868421052632,180.0,54.28289473684208,1108.5657894736842,1950.0,-873.3552631578948,-810.0328947368421
2183,2433.734210526316,411.9868421052632,-391.566447368421,475.0,-513.2531578947368,180.0,216.867105263158,1433.734210526316,1950.0,-862.671052631579,-794.0065789473684
2184,2188.2000000000003,386.2894736842105,-452.94999999999993,475.0,-562.3599999999999,180.0,94.10000000000014,1188.2000000000003,1950.0,-871.2368421052631,-806.8552631578948
2185,2163.2763157894738,368.8815789473684,-459.18092105263156,475.0,-567.3447368421052,180.0,81.63815789473688,1163.2763157894738,1950.0,-877.0394736842105,-815.5592105263158
2186,2200.6894736842105,400.6578947368421,-449.8276315789474,475.0,-559.8621052631579,180.0,100.34473684210525,1200.6894736842105,1950.0,-866.4473684210526,-799.671052631579
2187,2430.584210526316,414.4736842105263,-392.353947368421,475.0,-513.8831578947368,180.0,215.29210526315796,1430.584210526316,1950.0,-861.8421052631579,-792.7631578947369
2188,2261.7,431.6052631578948,-434.57500000000005,475.0,-547.6600000000001,180.0,130.8499999999999,1261.6999999999998,1950.0,-856.1315789473684,-784.1973684210526
2189,2478.331578947368,347.6052631578948,-380.41710526315796,475.0,-504.33368421052637,180.0,239.16578947368407,1478.3315789473681,1950.0,-884.1315789473684,-826.1973684210526
2190,2450.368421052632,364.7368421052632,-387.40789473684197,475.0,-509.92631578947356,180.0,225.18421052631606,1450.3684210526321,1950.0,-878.421052631579,-817.6315789473684
2191,2245.894736842105,470.2894736842105,-438.52631578947376,475.0,-550.821052631579,180.0,122.94736842105249,1245.894736842105,1950.0,-843.2368421052631,-764.8552631578948
2192,2169.023684210526,438.5131578947368,-457.7440789473685,475.0,-566.1952631578948,180.0,84.51184210526299,1169.023684210526,1950.0,-853.828947368421,-780.7434210526316
2193,2273.3605263157897,379.3815789473684,-431.6598684210526,475.0,-545.327894736842,180.0,136.68026315789484,1273.3605263157897,1950.0,-873.5394736842105,-810.3092105263158
2194,2325.1973684210525,399.2763157894737,-418.7006578947369,475.0,-534.9605263157895,180.0,162.59868421052624,1325.1973684210525,1950.0,-866.9078947368421,-800.3618421052631
2195,2236.334210526316,398.7236842105263,-440.916447368421,475.0,-552.7331578947368,180.0,118.16710526315796,1236.334210526316,1950.0,-867.0921052631579,-800.6381578947369
2196,2324.257894736842,413.3684210526316,-418.9355263157895,475.0,-535.1484210526316,180.0,162.128947368421,1324.257894736842,1950.0,-862.2105263157895,-793.3157894736842
2197,2240.036842105263,424.9736842105263,-439.99078947368423,475.0,-551.9926315789473,180.0,120.01842105263154,1240.036842105263,1950.0,-858.3421052631579,-787.5131578947369
2198,2115.75,405.9078947368421,-471.0625,475.0,-576.85,180.0,57.875,1115.75,1950.0,-864.6973684210526,-797.046052631579
2199,2057.5578947368417,436.0263157894737,-485.61052631578957,475.0,-588.4884210526317,180.0,28.77894736842086,1057.5578947368417,1950.0,-854.6578947368421,-781.9868421052631
2200,2126.0842105263155,363.6315789473684,-468.47894736842113,475.0,-574.7831578947369,180.0,63.04210526315774,1126.0842105263155,1950.0,-878.7894736842105,-818.1842105263158
2201,2250.15,384.3552631578948,-437.4625,475.0,-549.97,180.0,125.07500000000005,1250.15,1950.0,-871.8815789473684,-807.8223684210526
2202,2383.8315789473686,403.4210526315789,-404.04210526315785,475.0,-523.2336842105262,180.0,191.9157894736843,1383.8315789473686,1950.0,-865.5263157894738,-798.2894736842105
2203,2033.5736842105264,413.9210526315789,-491.6065789473684,475.0,-593.2852631578947,180.0,16.78684210526319,1033.5736842105264,1950.0,-862.0263157894738,-793.0394736842105
2204,2274.576315789473,412.5394736842105,-431.35592105263174,475.0,-545.0847368421054,180.0,137.2881578947365,1274.576315789473,1950.0,-862.4868421052631,-793.7302631578948
2205,2158.468421052632,369.7105263157895,-460.382894736842,475.0,-568.3063157894736,180.0,79.23421052631602,1158.468421052632,1950.0,-876.7631578947369,-815.1447368421052
2206,2245.231578947368,371.9210526315789,-438.69210526315806,475.0,-550.9536842105265,180.0,122.61578947368389,1245.2315789473678,1950.0,-876.0263157894738,-814.0394736842105
2207,2266.2868421052626,413.6447368421052,-433.42828947368434,475.0,-546.7426315789475,180.0,133.1434210526313,1266.2868421052626,1950.0,-862.1184210526316,-793.1776315789474
2208,2451.363157894737,399.5526315789474,-387.15921052631575,475.0,-509.7273684210526,180.0,225.6815789473685,1451.363157894737,1950.0,-866.8157894736842,-800.2236842105262
2209,2435.060526315789,420.8289473684211,-391.23486842105274,475.0,-512.9878947368422,180.0,217.53026315789452,1435.060526315789,1950.0,-859.7236842105262,-789.5855263157895
2210,2513.092105263157,446.25,-371.72697368421075,475.0,-497.3815789473686,180.0,256.5460526315785,1513.092105263157,1950.0,-851.25,-776.875
2211,2160.734210526316,411.4342105263158,-459.816447368421,475.0,-567.8531578947368,180.0,80.36710526315801,1160.734210526316,1950.0,-862.8552631578948,-794.2828947368421
2212,2307.844736842105,355.6184210526316,-423.0388157894738,475.0,-538.4310526315791,180.0,153.9223684210524,1307.8447368421048,1950.0,-881.4605263157895,-822.1907894736842
2213,2308.95,394.3026315789474,-422.76250000000005,475.0,-538.21,180.0,154.4749999999999,1308.9499999999998,1950.0,-868.5657894736842,-802.8486842105262
2214,2174.4947368421053,385.7368421052632,-456.37631578947367,475.0,-565.1010526315789,180.0,87.24736842105267,1174.4947368421053,1950.0,-871.421052631579,-807.1315789473684
2215,2128.23947368421,373.3026315789474,-467.94013157894744,475.0,-574.3521052631579,180.0,64.11973684210511,1128.2394736842102,1950.0,-875.5657894736842,-813.3486842105262
2216,2354.597368421052,413.6447368421052,-411.35065789473697,475.0,-529.0805263157896,180.0,177.29868421052606,1354.5973684210521,1950.0,-862.1184210526316,-793.1776315789474
2217,2142.607894736842,397.0657894736842,-464.3480263157895,475.0,-571.4784210526316,180.0,71.30394736842095,1142.607894736842,1950.0,-867.6447368421052,-801.4671052631579
2218,2280.213157894737,421.9342105263158,-429.94671052631577,475.0,-543.9573684210526,180.0,140.10657894736846,1280.213157894737,1950.0,-859.3552631578948,-789.0328947368421
2219,2424.45,406.4605263157895,-393.88750000000005,475.0,-515.11,180.0,212.2249999999999,1424.4499999999998,1950.0,-864.5131578947369,-796.7697368421052
2220,2155.7052631578945,376.3421052631579,-461.0736842105264,475.0,-568.8589473684211,180.0,77.85263157894724,1155.7052631578945,1950.0,-874.5526315789474,-811.828947368421
2221,2291.3763157894737,436.8552631578948,-427.1559210526316,475.0,-541.7247368421052,180.0,145.68815789473683,1291.3763157894737,1950.0,-854.3815789473684,-781.5723684210526
2222,2392.8394736842106,418.0657894736842,-401.79013157894735,475.0,-521.4321052631578,180.0,196.4197368421053,1392.8394736842106,1950.0,-860.6447368421052,-790.9671052631579
2223,2708.834210526316,420.2763157894737,-322.791447368421,475.0,-458.2331578947368,180.0,354.41710526315796,1708.834210526316,1950.0,-859.9078947368421,-789.8618421052631
2224,2226.9394736842105,361.1447368421052,-443.2651315789474,475.0,-554.6121052631579,180.0,113.46973684210525,1226.9394736842105,1950.0,-879.6184210526316,-819.4276315789474
2225,2326.8,399.0,-418.29999999999995,475.0,-534.64,180.0,163.4000000000001,1326.8000000000002,1950.0,-867.0,-800.5
2226,2279.4947368421053,321.63157894736844,-430.12631578947367,475.0,-544.1010526315789,180.0,139.74736842105267,1279.4947368421053,1950.0,-892.7894736842105,-839.1842105263158
2227,2058.110526315789,417.7894736842105,-485.4723684210528,475.0,-588.3778947368422,180.0,29.055263157894387,1058.1105263157888,1950.0,-860.7368421052631,-791.1052631578948
2228,2481.6473684210528,426.0789473684211,-379.5881578947368,475.0,-503.67052631578946,180.0,240.82368421052638,1481.6473684210528,1950.0,-857.9736842105262,-786.9605263157895
2229,2225.944736842105,354.5131578947368,-443.5138157894737,475.0,-554.811052631579,180.0,112.97236842105258,1225.9447368421052,1950.0,-881.828947368421,-822.7434210526316
2230,2034.2921052631575,373.3026315789474,-491.4269736842106,475.0,-593.1415789473685,180.0,17.146052631578755,1034.2921052631575,1950.0,-875.5657894736842,-813.3486842105262
2231,2712.2052631578945,463.1052631578948,-321.9486842105264,475.0,-457.55894736842106,180.0,356.10263157894724,1712.2052631578945,1950.0,-845.6315789473684,-768.4473684210526
2232,2615.2736842105264,386.8421052631579,-346.1815789473684,475.0,-476.9452631578947,180.0,307.6368421052632,1615.2736842105264,1950.0,-871.0526315789474,-806.578947368421
2233,2258.55,424.6973684210526,-435.36249999999995,475.0,-548.29,180.0,129.2750000000001,1258.5500000000002,1950.0,-858.4342105263158,-787.6513157894738
2234,2173.8315789473686,371.9210526315789,-456.54210526315785,475.0,-565.2336842105262,180.0,86.9157894736843,1173.8315789473686,1950.0,-876.0263157894738,-814.0394736842105
2235,2234.4552631578945,370.5394736842105,-441.3861842105264,475.0,-553.1089473684211,180.0,117.22763157894724,1234.4552631578945,1950.0,-876.4868421052631,-814.7302631578948
2236,2649.0947368421057,358.6578947368421,-337.7263157894736,475.0,-470.18105263157884,180.0,324.54736842105285,1649.0947368421057,1950.0,-880.4473684210526,-820.671052631579
2237,2240.1473684210528,438.2368421052632,-439.9631578947368,475.0,-551.9705263157895,180.0,120.07368421052638,1240.1473684210528,1950.0,-853.921052631579,-780.8815789473684
2238,2272.9184210526314,354.5131578947368,-431.77039473684215,475.0,-545.4163157894737,180.0,136.4592105263157,1272.9184210526314,1950.0,-881.828947368421,-822.7434210526316
2239,2207.3763157894737,362.25,-448.1559210526316,475.0,-558.5247368421053,180.0,103.68815789473683,1207.3763157894737,1950.0,-879.25,-818.875
2240,2210.194736842105,423.3157894736842,-447.4513157894737,475.0,-557.9610526315789,180.0,105.09736842105258,1210.1947368421052,1950.0,-858.8947368421052,-788.3421052631579
2241,2282.7552631578947,398.1710526315789,-429.31118421052633,475.0,-543.448947368421,180.0,141.37763157894733,1282.7552631578947,1950.0,-867.2763157894738,-800.9144736842105
2242,2436.0552631578944,418.0657894736842,-390.9861842105264,475.0,-512.7889473684211,180.0,218.0276315789472,1436.0552631578944,1950.0,-860.6447368421052,-790.9671052631579
2243,2334.757894736842,339.3157894736842,-416.3105263157895,475.0,-533.0484210526316,180.0,167.378947368421,1334.757894736842,1950.0,-886.8947368421052,-830.3421052631579
2244,2334.978947368421,384.6315789473684,-416.2552631578948,475.0,-533.0042105263158,180.0,167.48947368421045,1334.978947368421,1950.0,-871.7894736842105,-807.6842105263158
2245,2155.2631578947367,436.0263157894737,-461.18421052631584,475.0,-568.9473684210527,180.0,77.63157894736833,1155.2631578947367,1950.0,-854.6578947368421,-781.9868421052631
2246,2273.802631578947,366.6710526315789,-431.54934210526324,475.0,-545.2394736842106,180.0,136.90131578947353,1273.802631578947,1950.0,-877.7763157894738,-816.6644736842105
2247,2495.960526315789,400.9342105263158,-376.0098684210527,475.0,-500.8078947368422,180.0,247.98026315789457,1495.9605263157891,1950.0,-866.3552631578948,-799.5328947368421
2248,2541.6078947368424,457.8552631578948,-364.5980263157894,475.0,-491.6784210526315,180.0,270.8039473684212,1541.6078947368424,1950.0,-847.3815789473684,-771.0723684210526
2249,2555.368421052632,385.1842105263158,-361.15789473684197,475.0,-488.92631578947356,180.0,277.68421052631606,1555.3684210526321,1950.0,-871.6052631578948,-807.4078947368421
2250,2339.234210526316,402.0394736842105,-415.191447368421,475.0,-532.1531578947368,180.0,169.617105263158,1339.234210526316,1950.0,-865.9868421052631,-798.9802631578948
2251,1956.536842105263,413.9210526315789,-510.86578947368423,475.0,-608.6926315789474,180.0,-21.73157894736846,956.5368421052631,1950.0,-862.0263157894738,-793.0394736842105
2252,2510.328947368421,443.4868421052632,-372.4177631578948,475.0,-497.93421052631584,180.0,255.1644736842104,1510.3289473684208,1950.0,-852.171052631579,-778.2565789473684
2253,2176.8710526315786,403.1447368421052,-455.78223684210536,475.0,-564.6257894736843,180.0,88.43552631578928,1176.8710526315786,1950.0,-865.6184210526316,-798.4276315789474
2254,2321.4394736842105,399.2763157894737,-419.6401315789474,475.0,-535.7121052631579,180.0,160.71973684210525,1321.4394736842105,1950.0,-866.9078947368421,-800.3618421052631
2255,2278.444736842105,388.2236842105263,-430.3888157894737,475.0,-544.311052631579,180.0,139.22236842105258,1278.4447368421052,1950.0,-870.5921052631579,-805.8881578947369
2256,2148.1894736842105,451.5,-462.9526315789474,475.0,-570.3621052631579,180.0,74.09473684210525,1148.1894736842105,1950.0,-849.5,-774.25
2257,2472.252631578948,397.8947368421052,-381.93684210526305,475.0,-505.54947368421045,180.0,236.1263157894739,1472.2526315789478,1950.0,-867.3684210526316,-801.0526315789474
2258,2399.1394736842103,403.6973684210526,-400.2151315789474,475.0,-520.172105263158,180.0,199.56973684210516,1399.1394736842103,1950.0,-865.4342105263158,-798.1513157894738
2259,2093.368421052632,421.1052631578948,-476.65789473684197,475.0,-581.3263157894736,180.0,46.684210526316065,1093.3684210526321,1950.0,-859.6315789473684,-789.4473684210526
2260,2209.4210526315787,396.2368421052632,-447.6447368421053,475.0,-558.1157894736842,180.0,104.71052631578937,1209.4210526315787,1950.0,-867.921052631579,-801.8815789473684
2261,2068.665789473684,373.8552631578948,-482.833552631579,475.0,-586.2668421052632,180.0,34.332894736842036,1068.665789473684,1950.0,-875.3815789473684,-813.0723684210526
2262,2381.0131578947367,398.7236842105263,-404.74671052631584,475.0,-523.7973684210526,180.0,190.50657894736833,1381.0131578947367,1950.0,-867.0921052631579,-800.6381578947369
2263,2028.8210526315788,397.8947368421052,-492.7947368421053,475.0,-594.2357894736842,180.0,14.410526315789411,1028.8210526315788,1950.0,-867.3684210526316,-801.0526315789474
2264,2249.8184210526315,372.75,-437.5453947368421,475.0,-550.0363157894737,180.0,124.90921052631575,1249.8184210526315,1950.0,-875.75,-813.625
2265,2339.51052631579,364.7368421052632,-415.12236842105256,475.0,-532.097894736842,180.0,169.7552631578949,1339.5105263157898,1950.0,-878.421052631579,-817.6315789473684
2266,2309.834210526316,387.6710526315789,-422.541447368421,475.0,-538.0331578947369,180.0,154.91710526315796,1309.834210526316,1950.0,-870.7763157894738,-806.1644736842105
2267,2302.207894736842,449.5657894736842,-424.44802631578955,475.0,-539.5584210526316,180.0,151.1039473684209,1302.2078947368418,1950.0,-850.1447368421052,-775.2171052631579
2268,2370.236842105264,397.3421052631579,-407.44078947368405,475.0,-525.9526315789473,180.0,185.1184210526319,1370.2368421052638,1950.0,-867.5526315789474,-801.328947368421
2269,2119.8394736842106,408.1184210526316,-470.04013157894735,475.0,-576.0321052631579,180.0,59.919736842105294,1119.8394736842106,1950.0,-863.9605263157895,-795.9407894736842
2270,2336.9131578947367,386.5657894736842,-415.7717105263158,475.0,-532.6173684210527,180.0,168.45657894736837,1336.9131578947367,1950.0,-871.1447368421052,-806.7171052631579
2271,2143.7131578947365,369.9868421052632,-464.0717105263159,475.0,-571.2573684210527,180.0,71.85657894736823,1143.7131578947365,1950.0,-876.671052631579,-815.0065789473684
2272,2445.45,418.0657894736842,-388.63750000000005,475.0,-510.91,180.0,222.7249999999999,1445.4499999999998,1950.0,-860.6447368421052,-790.9671052631579
2273,2087.952631578948,438.2368421052632,-478.011842105263,475.0,-582.4094736842104,180.0,43.97631578947403,1087.952631578948,1950.0,-853.921052631579,-780.8815789473684
2274,2424.7815789473684,352.3026315789474,-393.8046052631579,475.0,-515.0436842105263,180.0,212.3907894736842,1424.7815789473684,1950.0,-882.5657894736842,-823.8486842105262
2275,2359.571052631579,343.4605263157895,-410.1072368421053,475.0,-528.0857894736843,180.0,179.7855263157894,1359.5710526315788,1950.0,-885.5131578947369,-828.2697368421052
2276,1966.3736842105263,438.7894736842105,-508.4065789473684,475.0,-606.7252631578947,180.0,-16.813157894736833,966.3736842105263,1950.0,-853.7368421052631,-780.6052631578948
2277,2309.778947368421,310.57894736842104,-422.55526315789473,475.0,-538.0442105263157,180.0,154.88947368421054,1309.778947368421,1950.0,-896.4736842105264,-844.7105263157895
2278,2058.718421052632,392.0921052631579,-485.320394736842,475.0,-588.2563157894735,180.0,29.35921052631602,1058.718421052632,1950.0,-869.3026315789474,-803.953947368421
2279,2140.176315789474,443.4868421052632,-464.95592105263154,475.0,-571.9647368421053,180.0,70.08815789473692,1140.1763157894738,1950.0,-852.171052631579,-778.2565789473684
2280,2408.5894736842106,358.6578947368421,-397.85263157894735,475.0,-518.2821052631579,180.0,204.2947368421053,1408.5894736842106,1950.0,-880.4473684210526,-820.671052631579
2281,2194.3342105263155,413.0921052631579,-451.41644736842113,475.0,-561.1331578947369,180.0,97.16710526315774,1194.3342105263155,1950.0,-862.3026315789474,-793.453947368421
2282,2443.128947368421,393.1973684210526,-389.21776315789475,475.0,-511.3742105263158,180.0,221.5644736842105,1443.128947368421,1950.0,-868.9342105263158,-803.4013157894738
2283,2246.4473684210525,320.5263157894737,-438.3881578947369,475.0,-550.7105263157895,180.0,123.22368421052624,1246.4473684210525,1950.0,-893.1578947368421,-839.7368421052631
2284,2430.4184210526314,389.8815789473684,-392.39539473684215,475.0,-513.9163157894737,180.0,215.2092105263157,1430.4184210526314,1950.0,-870.0394736842105,-805.0592105263158
2285,2336.1394736842103,387.6710526315789,-415.9651315789474,475.0,-532.772105263158,180.0,168.06973684210516,1336.1394736842103,1950.0,-870.7763157894738,-806.1644736842105
2286,2216.55,439.0657894736842,-445.86249999999995,475.0,-556.6899999999999,180.0,108.27500000000009,1216.5500000000002,1950.0,-853.6447368421052,-780.4671052631579
2287,2368.3578947368424,397.3421052631579,-407.9105263157894,475.0,-526.3284210526315,180.0,184.17894736842118,1368.3578947368424,1950.0,-867.5526315789474,-801.328947368421
2288,2573.163157894737,350.3684210526316,-356.7092105263157,475.0,-485.36736842105256,180.0,286.5815789473686,1573.1631578947372,1950.0,-883.2105263157895,-824.8157894736842
2289,2300.6052631578946,402.8684210526316,-424.84868421052636,475.0,-539.8789473684211,180.0,150.30263157894728,1300.6052631578946,1950.0,-865.7105263157895,-798.5657894736842
2290,2178.805263157895,386.2894736842105,-455.2986842105263,475.0,-564.238947368421,180.0,89.40263157894742,1178.8052631578948,1950.0,-871.2368421052631,-806.8552631578948
2291,2193.8368421052637,414.4736842105263,-451.5407894736841,475.0,-561.2326315789472,180.0,96.91842105263186,1193.8368421052637,1950.0,-861.8421052631579,-792.7631578947369
2292,2190.4105263157894,360.3157894736842,-452.39736842105265,475.0,-561.9178947368421,180.0,95.2052631578947,1190.4105263157894,1950.0,-879.8947368421052,-819.8421052631579
2293,2231.692105263158,386.5657894736842,-442.07697368421054,475.0,-553.6615789473684,180.0,115.84605263157891,1231.6921052631578,1950.0,-871.1447368421052,-806.7171052631579
2294,2206.602631578948,363.3552631578948,-448.34934210526296,475.0,-558.6794736842104,180.0,103.30131578947407,1206.6026315789481,1950.0,-878.8815789473684,-818.3223684210526
2295,2382.228947368421,366.1184210526316,-404.4427631578948,475.0,-523.5542105263158,180.0,191.11447368421045,1382.228947368421,1950.0,-877.9605263157895,-816.9407894736842
2296,2227.2157894736843,436.5789473684211,-443.19605263157894,475.0,-554.5568421052632,180.0,113.60789473684213,1227.2157894736843,1950.0,-854.4736842105262,-781.7105263157895
2297,2193.5052631578947,393.4736842105263,-451.62368421052633,475.0,-561.2989473684211,180.0,96.75263157894733,1193.5052631578947,1950.0,-868.8421052631579,-803.2631578947369
2298,2090.4394736842105,468.9078947368421,-477.3901315789474,475.0,-581.9121052631579,180.0,45.21973684210525,1090.4394736842105,1950.0,-843.6973684210526,-765.546052631579
2299,2213.178947368421,424.4210526315789,-446.7052631578947,475.0,-557.3642105263158,180.0,106.58947368421059,1213.1789473684212,1950.0,-858.5263157894738,-787.7894736842105
2300,2452.136842105263,360.8684210526316,-386.96578947368425,475.0,-509.5726315789474,180.0,226.0684210526315,1452.136842105263,1950.0,-879.7105263157895,-819.5657894736842
2301,2453.794736842105,381.3157894736842,-386.55131578947373,475.0,-509.241052631579,180.0,226.89736842105253,1453.794736842105,1950.0,-872.8947368421052,-809.3421052631579
2302,2660.478947368421,381.3157894736842,-334.8802631578948,475.0,-467.90421052631586,180.0,330.23947368421045,1660.478947368421,1950.0,-872.8947368421052,-809.3421052631579
2303,2414.2815789473684,398.1710526315789,-396.4296052631579,475.0,-517.1436842105263,180.0,207.1407894736842,1414.2815789473684,1950.0,-867.2763157894738,-800.9144736842105
2304,2171.786842105263,375.5131578947368,-457.05328947368423,475.0,-565.6426315789474,180.0,85.89342105263154,1171.786842105263,1950.0,-874.828947368421,-812.2434210526316
2305,2127.7973684210524,329.64473684210526,-468.0506578947369,475.0,-574.4405263157895,180.0,63.8986842105262,1127.7973684210524,1950.0,-890.1184210526316,-835.1776315789474
2306,2269.768421052632,375.7894736842105,-432.55789473684194,475.0,-546.0463157894735,180.0,134.8842105263161,1269.7684210526322,1950.0,-874.7368421052631,-812.1052631578948
2307,2254.073684210526,371.3684210526316,-436.48157894736846,475.0,-549.1852631578947,180.0,127.03684210526308,1254.0736842105262,1950.0,-876.2105263157895,-814.3157894736842
2308,2246.171052631579,414.1973684210526,-438.4572368421052,475.0,-550.7657894736842,180.0,123.0855263157896,1246.1710526315792,1950.0,-861.9342105263158,-792.9013157894738
2309,2102.542105263158,394.5789473684211,-474.36447368421045,475.0,-579.4915789473683,180.0,51.271052631579096,1102.5421052631582,1950.0,-868.4736842105262,-802.7105263157895
2310,2276.344736842105,465.0394736842105,-430.9138157894738,475.0,-544.731052631579,180.0,138.1723684210524,1276.3447368421048,1950.0,-844.9868421052631,-767.4802631578948
2311,2253.465789473684,444.0394736842105,-436.63355263157905,475.0,-549.3068421052633,180.0,126.7328947368419,1253.4657894736838,1950.0,-851.9868421052631,-777.9802631578948
2312,2413.894736842105,422.2105263157895,-396.52631578947376,475.0,-517.221052631579,180.0,206.9473684210525,1413.894736842105,1950.0,-859.2631578947369,-788.8947368421052
2313,2217.48947368421,443.7631578947368,-445.62763157894744,475.0,-556.502105263158,180.0,108.74473684210511,1217.4894736842102,1950.0,-852.078947368421,-778.1184210526316
2314,2201.9605263157896,379.3815789473684,-449.5098684210526,475.0,-559.6078947368421,180.0,100.9802631578948,1201.9605263157896,1950.0,-873.5394736842105,-810.3092105263158
2315,2490.6552631578943,356.1710526315789,-377.3361842105264,475.0,-501.8689473684211,180.0,245.32763157894715,1490.6552631578943,1950.0,-881.2763157894738,-821.9144736842105
2316,2234.8973684210528,414.1973684210526,-441.2756578947368,475.0,-553.0205263157894,180.0,117.44868421052638,1234.8973684210528,1950.0,-861.9342105263158,-792.9013157894738
2317,2217.157894736842,441.5526315789474,-445.7105263157895,475.0,-556.5684210526316,180.0,108.57894736842104,1217.157894736842,1950.0,-852.8157894736842,-779.2236842105262
2318,2419.752631578948,411.1578947368421,-395.06184210526305,475.0,-516.0494736842104,180.0,209.8763157894739,1419.7526315789478,1950.0,-862.9473684210526,-794.421052631579
2319,2031.4736842105265,424.9736842105263,-492.1315789473684,475.0,-593.7052631578947,180.0,15.736842105263236,1031.4736842105265,1950.0,-858.3421052631579,-787.5131578947369
2320,2277.615789473684,359.2105263157895,-430.596052631579,475.0,-544.4768421052632,180.0,138.80789473684194,1277.615789473684,1950.0,-880.2631578947369,-820.3947368421052
2321,2232.686842105263,449.5657894736842,-441.8282894736842,475.0,-553.4626315789474,180.0,116.34342105263158,1232.6868421052632,1950.0,-850.1447368421052,-775.2171052631579
2322,2470.65,388.7763157894737,-382.3375,475.0,-505.87,180.0,235.32500000000005,1470.65,1950.0,-870.4078947368421,-805.6118421052631
2323,2543.652631578948,379.1052631578948,-364.08684210526303,475.0,-491.2694736842104,180.0,271.82631578947394,1543.6526315789479,1950.0,-873.6315789473684,-810.4473684210526
2324,2221.7447368421053,367.2236842105263,-444.56381578947367,475.0,-555.651052631579,180.0,110.87236842105267,1221.7447368421053,1950.0,-877.5921052631579,-816.3881578947369
2325,2215.113157894737,379.3815789473684,-446.22171052631575,475.0,-556.9773684210526,180.0,107.55657894736851,1215.113157894737,1950.0,-873.5394736842105,-810.3092105263158
2326,2205.718421052632,416.9605263157895,-448.570394736842,475.0,-558.8563157894736,180.0,102.85921052631602,1205.718421052632,1950.0,-861.0131578947369,-791.5197368421052
2327,2174.052631578947,360.8684210526316,-456.48684210526324,475.0,-565.1894736842106,180.0,87.02631578947353,1174.052631578947,1950.0,-879.7105263157895,-819.5657894736842
2328,2390.076315789473,396.5131578947368,-402.48092105263174,475.0,-521.9847368421053,180.0,195.0381578947365,1390.076315789473,1950.0,-867.828947368421,-801.7434210526316
2329,2429.092105263158,418.6184210526316,-392.7269736842105,475.0,-514.1815789473684,180.0,214.54605263157896,1429.092105263158,1950.0,-860.4605263157895,-790.6907894736842
2330,2212.6815789473685,388.2236842105263,-446.8296052631579,475.0,-557.4636842105263,180.0,106.34078947368425,1212.6815789473685,1950.0,-870.5921052631579,-805.8881578947369
2331,2195.4394736842105,404.8026315789474,-451.1401315789474,475.0,-560.9121052631579,180.0,97.71973684210525,1195.4394736842105,1950.0,-865.0657894736842,-797.5986842105262
2332,2348.628947368421,364.4605263157895,-412.84276315789475,475.0,-530.2742105263158,180.0,174.3144736842105,1348.628947368421,1950.0,-878.5131578947369,-817.7697368421052
2333,2323.926315789474,401.7631578947368,-419.01842105263154,475.0,-535.2147368421053,180.0,161.96315789473692,1323.9263157894738,1950.0,-866.078947368421,-799.1184210526316
2334,2207.3763157894737,381.0394736842105,-448.1559210526316,475.0,-558.5247368421053,180.0,103.68815789473683,1207.3763157894737,1950.0,-872.9868421052631,-809.4802631578948
2335,2122.271052631578,408.6710526315789,-469.43223684210545,475.0,-575.5457894736844,180.0,61.13552631578909,1122.2710526315782,1950.0,-863.7763157894738,-795.6644736842105
2336,2460.371052631579,404.8026315789474,-384.90723684210525,475.0,-507.9257894736842,180.0,230.1855263157895,1460.371052631579,1950.0,-865.0657894736842,-797.5986842105262
2337,2076.071052631579,360.5921052631579,-480.9822368421053,475.0,-584.7857894736842,180.0,38.03552631578941,1076.0710526315788,1950.0,-879.8026315789474,-819.703947368421
2338,2539.2868421052626,414.1973684210526,-365.17828947368434,475.0,-492.1426315789475,180.0,269.6434210526313,1539.2868421052626,1950.0,-861.9342105263158,-792.9013157894738
2339,2438.4315789473685,416.6842105263158,-390.3921052631579,475.0,-512.3136842105263,180.0,219.21578947368425,1438.4315789473685,1950.0,-861.1052631578948,-791.6578947368421
2340,2303.092105263158,433.5394736842105,-424.2269736842105,475.0,-539.3815789473684,180.0,151.54605263157896,1303.092105263158,1950.0,-855.4868421052631,-783.2302631578948
2341,2140.121052631579,403.9736842105263,-464.96973684210525,475.0,-571.9757894736842,180.0,70.0605263157895,1140.121052631579,1950.0,-865.3421052631579,-798.0131578947369
2342,2393.171052631579,363.9078947368421,-401.7072368421052,475.0,-521.3657894736841,180.0,196.5855263157896,1393.1710526315792,1950.0,-878.6973684210526,-818.046052631579
2343,2122.878947368421,420.5526315789474,-469.28026315789475,475.0,-575.4242105263158,180.0,61.4394736842105,1122.878947368421,1950.0,-859.8157894736842,-789.7236842105262
2344,2326.7447368421053,434.6447368421052,-418.31381578947367,475.0,-534.651052631579,180.0,163.37236842105267,1326.7447368421053,1950.0,-855.1184210526316,-782.6776315789474
2345,2149.0184210526318,386.5657894736842,-462.74539473684206,475.0,-570.1963157894736,180.0,74.50921052631588,1149.0184210526318,1950.0,-871.1447368421052,-806.7171052631579
2346,2247.718421052631,430.7763157894737,-438.0703947368422,475.0,-550.4563157894738,180.0,123.85921052631556,1247.7184210526311,1950.0,-856.4078947368421,-784.6118421052631
2347,2361.394736842105,426.0789473684211,-409.65131578947376,475.0,-527.721052631579,180.0,180.6973684210525,1361.394736842105,1950.0,-857.9736842105262,-786.9605263157895
2348,2444.842105263158,359.2105263157895,-388.7894736842105,475.0,-511.0315789473684,180.0,222.42105263157896,1444.842105263158,1950.0,-880.2631578947369,-820.3947368421052
2349,2340.781578947368,381.0394736842105,-414.804605263158,475.0,-531.8436842105264,180.0,170.39078947368398,1340.781578947368,1950.0,-872.9868421052631,-809.4802631578948
2350,2410.855263157895,400.3815789473684,-397.28618421052624,475.0,-517.828947368421,180.0,205.4276315789475,1410.855263157895,1950.0,-866.5394736842105,-799.8092105263158
2351,2219.092105263158,387.1184210526316,-445.2269736842105,475.0,-556.1815789473684,180.0,109.54605263157896,1219.092105263158,1950.0,-870.9605263157895,-806.4407894736842
2352,2205.4973684210527,399.8289473684211,-448.62565789473683,475.0,-558.9005263157894,180.0,102.74868421052633,1205.4973684210527,1950.0,-866.7236842105262,-800.0855263157895
2353,2651.4157894736845,421.1052631578948,-337.14605263157887,475.0,-469.71684210526314,180.0,325.70789473684226,1651.4157894736845,1950.0,-859.6315789473684,-789.4473684210526
2354,2218.871052631579,398.1710526315789,-445.28223684210525,475.0,-556.2257894736842,180.0,109.4355263157895,1218.871052631579,1950.0,-867.2763157894738,-800.9144736842105
2355,2559.623684210526,440.1710526315789,-360.09407894736853,475.0,-488.0752631578948,180.0,279.81184210526294,1559.6236842105259,1950.0,-853.2763157894738,-779.9144736842105
2356,2216.55,401.4868421052632,-445.86249999999995,475.0,-556.6899999999999,180.0,108.27500000000009,1216.5500000000002,1950.0,-866.171052631579,-799.2565789473684
2357,2131.444736842105,382.1447368421052,-467.1388157894737,475.0,-573.7110526315789,180.0,65.72236842105258,1131.4447368421052,1950.0,-872.6184210526316,-808.9276315789474
2358,2593.9973684210527,412.5394736842105,-351.50065789473683,475.0,-481.2005263157895,180.0,296.99868421052633,1593.9973684210527,1950.0,-862.4868421052631,-793.7302631578948
2359,2595.765789473684,408.6710526315789,-351.058552631579,475.0,-480.84684210526325,180.0,297.882894736842,1595.765789473684,1950.0,-863.7763157894738,-795.6644736842105
2360,2325.694736842105,416.6842105263158,-418.5763157894737,475.0,-534.861052631579,180.0,162.84736842105258,1325.6947368421052,1950.0,-861.1052631578948,-791.6578947368421
2361,2294.028947368421,398.1710526315789,-426.49276315789473,475.0,-541.1942105263158,180.0,147.01447368421054,1294.028947368421,1950.0,-867.2763157894738,-800.9144736842105
2362,2372.3921052631576,388.2236842105263,-406.9019736842106,475.0,-525.5215789473684,180.0,186.19605263157882,1372.3921052631576,1950.0,-870.5921052631579,-805.8881578947369
2363,2051.4236842105265,399.8289473684211,-487.14407894736837,475.0,-589.7152631578947,180.0,25.71184210526326,1051.4236842105265,1950.0,-866.7236842105262,-800.0855263157895
2364,2196.2684210526318,349.2631578947368,-450.93289473684206,475.0,-560.7463157894737,180.0,98.13421052631588,1196.2684210526318,1950.0,-883.578947368421,-825.3684210526316
2365,2035.5631578947368,399.0,-491.1092105263158,475.0,-592.8873684210527,180.0,17.781578947368416,1035.5631578947368,1950.0,-867.0,-800.5
2366,2517.5684210526315,386.8421052631579,-370.6078947368421,475.0,-496.4863157894737,180.0,258.78421052631575,1517.5684210526315,1950.0,-871.0526315789474,-806.578947368421
2367,2376.15,360.0394736842105,-405.9625,475.0,-524.77,180.0,188.07500000000005,1376.15,1950.0,-879.9868421052631,-819.9802631578948
2368,2261.810526315789,426.0789473684211,-434.54736842105274,475.0,-547.6378947368422,180.0,130.90526315789452,1261.810526315789,1950.0,-857.9736842105262,-786.9605263157895
2369,2337.3,362.5263157894737,-415.67499999999995,475.0,-532.54,180.0,168.6500000000001,1337.3000000000002,1950.0,-879.1578947368421,-818.7368421052631
2370,2254.736842105263,366.3947368421052,-436.3157894736843,475.0,-549.0526315789474,180.0,127.36842105263145,1254.736842105263,1950.0,-877.8684210526316,-816.8026315789474
2371,2303.1473684210523,350.9210526315789,-424.2131578947369,475.0,-539.3705263157896,180.0,151.57368421052615,1303.1473684210523,1950.0,-883.0263157894738,-824.5394736842105
2372,2407.1526315789474,421.1052631578948,-398.21184210526314,475.0,-518.5694736842105,180.0,203.5763157894737,1407.1526315789474,1950.0,-859.6315789473684,-789.4473684210526
2373,2285.297368421053,383.8026315789474,-428.6756578947368,475.0,-542.9405263157894,180.0,142.64868421052643,1285.2973684210529,1950.0,-872.0657894736842,-808.0986842105262
2374,2378.7473684210527,403.9736842105263,-405.31315789473683,475.0,-524.2505263157894,180.0,189.37368421052633,1378.7473684210527,1950.0,-865.3421052631579,-798.0131578947369
2375,2452.8,393.4736842105263,-386.79999999999995,475.0,-509.43999999999994,180.0,226.4000000000001,1452.8000000000002,1950.0,-868.8421052631579,-803.2631578947369
2376,2339.842105263158,395.1315789473684,-415.0394736842105,475.0,-532.0315789473684,180.0,169.92105263157896,1339.842105263158,1950.0,-868.2894736842105,-802.4342105263158
2377,2354.1,368.0526315789474,-411.475,475.0,-529.1800000000001,180.0,177.04999999999995,1354.1,1950.0,-877.3157894736842,-815.9736842105262
2378,2353.5473684210524,376.8947368421052,-411.6131578947369,475.0,-529.2905263157895,180.0,176.7736842105262,1353.5473684210524,1950.0,-874.3684210526316,-811.5526315789474
2379,2186.321052631579,395.6842105263158,-453.4197368421053,475.0,-562.7357894736842,180.0,93.16052631578941,1186.3210526315788,1950.0,-868.1052631578948,-802.1578947368421
2380,2359.515789473684,388.5,-410.121052631579,475.0,-528.0968421052632,180.0,179.757894736842,1359.515789473684,1950.0,-870.5,-805.75
2381,2213.731578947368,340.4210526315789,-446.56710526315806,475.0,-557.2536842105264,180.0,106.86578947368389,1213.7315789473678,1950.0,-886.5263157894738,-829.7894736842105
2382,2173.7763157894733,435.75,-456.5559210526317,475.0,-565.2447368421053,180.0,86.88815789473665,1173.7763157894733,1950.0,-854.75,-782.125
2383,2269.547368421053,368.0526315789474,-432.6131578947368,475.0,-546.0905263157895,180.0,134.77368421052643,1269.5473684210529,1950.0,-877.3157894736842,-815.9736842105262
2384,2518.618421052631,386.0131578947368,-370.3453947368422,475.0,-496.27631578947376,180.0,259.3092105263156,1518.6184210526312,1950.0,-871.328947368421,-806.9934210526316
2385,2272.752631578948,405.0789473684211,-431.81184210526305,475.0,-545.4494736842105,180.0,136.3763157894739,1272.7526315789478,1950.0,-864.9736842105262,-797.4605263157895
2386,2631.244736842105,429.1184210526316,-342.1888157894738,475.0,-473.751052631579,180.0,315.62236842105244,1631.2447368421049,1950.0,-856.9605263157895,-785.4407894736842
2387,2280.544736842105,424.1447368421052,-429.86381578947373,475.0,-543.891052631579,180.0,140.27236842105253,1280.544736842105,1950.0,-858.6184210526316,-787.9276315789474
2388,2325.0315789473684,393.4736842105263,-418.7421052631579,475.0,-534.9936842105263,180.0,162.5157894736842,1325.0315789473684,1950.0,-868.8421052631579,-803.2631578947369
2389,2390.3526315789472,443.7631578947368,-402.4118421052632,475.0,-521.9294736842105,180.0,195.17631578947362,1390.3526315789472,1950.0,-852.078947368421,-778.1184210526316
2390,2167.642105263158,427.7368421052632,-458.0894736842105,475.0,-566.4715789473684,180.0,83.82105263157905,1167.642105263158,1950.0,-857.421052631579,-786.1315789473684
2391,2225.778947368421,395.6842105263158,-443.55526315789473,475.0,-554.8442105263158,180.0,112.88947368421054,1225.778947368421,1950.0,-868.1052631578948,-802.1578947368421
2392,2323.0973684210526,344.5657894736842,-419.22565789473686,475.0,-535.3805263157894,180.0,161.5486842105263,1323.0973684210526,1950.0,-885.1447368421052,-827.7171052631579
2393,2112.323684210526,379.9342105263158,-471.91907894736846,475.0,-577.5352631578947,180.0,56.16184210526308,1112.3236842105262,1950.0,-873.3552631578948,-810.0328947368421
2394,2311.713157894737,406.4605263157895,-422.07171052631577,475.0,-537.6573684210526,180.0,155.85657894736846,1311.713157894737,1950.0,-864.5131578947369,-796.7697368421052
2395,2190.907894736842,434.0921052631579,-452.2730263157895,475.0,-561.8184210526316,180.0,95.45394736842104,1190.907894736842,1950.0,-855.3026315789474,-782.953947368421
2396,2497.452631578947,424.9736842105263,-375.6368421052632,475.0,-500.50947368421055,180.0,248.72631578947357,1497.4526315789471,1950.0,-858.3421052631579,-787.5131578947369
2397,2490.9315789473685,412.8157894736842,-377.2671052631579,475.0,-501.8136842105263,180.0,245.46578947368425,1490.9315789473685,1950.0,-862.3947368421052,-793.5921052631579
2398,2151.228947368421,388.7763157894737,-462.1927631578948,475.0,-569.7542105263158,180.0,75.61447368421045,1151.228947368421,1950.0,-870.4078947368421,-805.6118421052631
2399,2499.718421052632,391.5394736842105,-375.070394736842,475.0,-500.0563157894736,180.0,249.85921052631602,1499.718421052632,1950.0,-869.4868421052631,-804.2302631578948
2400,2413.452631578948,406.7368421052632,-396.636842105263,475.0,-517.3094736842104,180.0,206.72631578947403,1413.452631578948,1950.0,-864.421052631579,-796.6315789473684
2401,2351.6684210526314,386.2894736842105,-412.08289473684215,475.0,-529.6663157894737,180.0,175.8342105263157,1351.6684210526314,1950.0,-871.2368421052631,-806.8552631578948
2402,1986.765789473684,391.5394736842105,-503.308552631579,475.0,-602.6468421052632,180.0,-6.61710526315801,986.765789473684,1950.0,-869.4868421052631,-804.2302631578948
2403,2352.386842105263,355.0657894736842,-411.90328947368425,475.0,-529.5226315789474,180.0,176.1934210526315,1352.386842105263,1950.0,-881.6447368421052,-822.4671052631579
2404,2448.6552631578948,379.9342105263158,-387.8361842105263,475.0,-510.26894736842104,180.0,224.32763157894738,1448.6552631578948,1950.0,-873.3552631578948,-810.0328947368421
2405,2370.678947368421,412.8157894736842,-407.3302631578947,475.0,-525.8642105263158,180.0,185.3394736842106,1370.6789473684212,1950.0,-862.3947368421052,-793.5921052631579
2406,2149.7921052631577,404.25,-462.55197368421057,475.0,-570.0415789473684,180.0,74.89605263157887,1149.7921052631577,1950.0,-865.25,-797.875
2407,2362.444736842105,387.6710526315789,-409.3888157894737,475.0,-527.511052631579,180.0,181.22236842105258,1362.4447368421052,1950.0,-870.7763157894738,-806.1644736842105
2408,2122.492105263158,407.0131578947368,-469.3769736842105,475.0,-575.5015789473684,180.0,61.246052631579005,1122.492105263158,1950.0,-864.328947368421,-796.4934210526316
2409,2135.4789473684214,391.8157894736842,-466.13026315789466,475.0,-572.9042105263158,180.0,67.73947368421068,1135.4789473684214,1950.0,-869.3947368421052,-804.0921052631579
2410,2333.486842105264,388.7763157894737,-416.62828947368405,475.0,-533.3026315789473,180.0,166.7434210526319,1333.4868421052638,1950.0,-870.4078947368421,-805.6118421052631
2411,2207.1,343.1842105263158,-448.225,475.0,-558.58,180.0,103.54999999999995,1207.1,1950.0,-885.6052631578948,-828.4078947368421
2412,2246.281578947368,436.8552631578948,-438.429605263158,475.0,-550.7436842105265,180.0,123.14078947368398,1246.281578947368,1950.0,-854.3815789473684,-781.5723684210526
2413,2090.384210526316,382.4210526315789,-477.403947368421,475.0,-581.9231578947367,180.0,45.192105263158055,1090.384210526316,1950.0,-872.5263157894738,-808.7894736842105
2414,2429.5894736842106,417.2368421052632,-392.60263157894735,475.0,-514.0821052631579,180.0,214.7947368421053,1429.5894736842106,1950.0,-860.921052631579,-791.3815789473684
2415,2354.321052631579,422.7631578947368,-411.4197368421053,475.0,-529.1357894736842,180.0,177.1605263157894,1354.3210526315788,1950.0,-859.078947368421,-788.6184210526316
2416,2584.492105263158,371.0921052631579,-353.8769736842105,475.0,-483.10157894736835,180.0,292.246052631579,1584.492105263158,1950.0,-876.3026315789474,-814.453947368421
2417,2369.297368421053,383.25,-407.6756578947368,475.0,-526.1405263157894,180.0,184.64868421052643,1369.2973684210529,1950.0,-872.25,-808.375
2418,2237.605263157895,443.2105263157895,-440.59868421052624,475.0,-552.478947368421,180.0,118.80263157894751,1237.605263157895,1950.0,-852.2631578947369,-778.3947368421052
2419,2413.3973684210523,461.1710526315789,-396.6506578947369,475.0,-517.3205263157895,180.0,206.69868421052615,1413.3973684210523,1950.0,-846.2763157894738,-769.4144736842105
2420,2281.9815789473687,380.4868421052632,-429.5046052631578,475.0,-543.6036842105262,180.0,140.99078947368434,1281.9815789473687,1950.0,-873.171052631579,-809.7565789473684
2421,2313.2605263157893,423.0394736842105,-421.68486842105267,475.0,-537.3478947368421,180.0,156.63026315789466,1313.2605263157893,1950.0,-858.9868421052631,-788.4802631578948
2422,2340.45,378.8289473684211,-414.88750000000005,475.0,-531.9100000000001,180.0,170.2249999999999,1340.4499999999998,1950.0,-873.7236842105262,-810.5855263157895
2423,2276.731578947368,403.4210526315789,-430.81710526315806,475.0,-544.6536842105264,180.0,138.3657894736839,1276.7315789473678,1950.0,-865.5263157894738,-798.2894736842105
2424,2349.347368421052,389.6052631578948,-412.66315789473697,475.0,-530.1305263157896,180.0,174.67368421052606,1349.3473684210521,1950.0,-870.1315789473684,-805.1973684210526
2425,2217.821052631579,361.4210526315789,-445.5447368421053,475.0,-556.4357894736843,180.0,108.91052631578941,1217.8210526315788,1950.0,-879.5263157894738,-819.2894736842105
2426,2324.202631578947,373.8552631578948,-418.9493421052632,475.0,-535.1594736842105,180.0,162.10131578947357,1324.2026315789471,1950.0,-875.3815789473684,-813.0723684210526
2427,2091.6552631578948,398.7236842105263,-477.0861842105263,475.0,-581.6689473684211,180.0,45.827631578947376,1091.6552631578948,1950.0,-867.0921052631579,-800.6381578947369
2428,1948.9657894736845,383.8026315789474,-512.7585526315788,475.0,-610.2068421052631,180.0,-25.51710526315776,948.9657894736845,1950.0,-872.0657894736842,-808.0986842105262
2429,2589.797368421052,387.6710526315789,-352.550657894737,475.0,-482.04052631578963,180.0,294.89868421052597,1589.797368421052,1950.0,-870.7763157894738,-806.1644736842105
2430,2115.971052631579,376.0657894736842,-471.00723684210527,475.0,-576.8057894736842,180.0,57.98552631578946,1115.971052631579,1950.0,-874.6447368421052,-811.9671052631579
2431,2343.544736842105,383.8026315789474,-414.11381578947373,475.0,-531.291052631579,180.0,171.77236842105253,1343.544736842105,1950.0,-872.0657894736842,-808.0986842105262
2432,2309.2815789473684,396.5131578947368,-422.6796052631579,475.0,-538.1436842105263,180.0,154.6407894736842,1309.2815789473684,1950.0,-867.828947368421,-801.7434210526316
2433,2046.7263157894736,489.0789473684211,-488.3184210526316,475.0,-590.6547368421053,180.0,23.363157894736787,1046.7263157894736,1950.0,-836.9736842105262,-755.4605263157895
2434,2067.8921052631576,384.3552631578948,-483.0269736842106,475.0,-586.4215789473685,180.0,33.94605263157882,1067.8921052631576,1950.0,-871.8815789473684,-807.8223684210526
2435,2241.252631578948,420.5526315789474,-439.68684210526305,475.0,-551.7494736842104,180.0,120.62631578947389,1241.2526315789478,1950.0,-859.8157894736842,-789.7236842105262
2436,2080.6026315789472,415.8552631578948,-479.8493421052632,475.0,-583.8794736842106,180.0,40.30131578947362,1080.6026315789472,1950.0,-861.3815789473684,-792.0723684210526
2437,2165.8736842105263,375.2368421052632,-458.5315789473684,475.0,-566.8252631578947,180.0,82.93684210526317,1165.8736842105263,1950.0,-874.921052631579,-812.3815789473684
2438,2520.9947368421053,356.4473684210526,-369.75131578947367,475.0,-495.80105263157895,180.0,260.49736842105267,1520.9947368421053,1950.0,-881.1842105263158,-821.7763157894738
2439,2280.544736842105,358.3815789473684,-429.86381578947373,475.0,-543.891052631579,180.0,140.27236842105253,1280.544736842105,1950.0,-880.5394736842105,-820.8092105263158
2440,2319.228947368421,406.4605263157895,-420.1927631578948,475.0,-536.1542105263159,180.0,159.61447368421045,1319.228947368421,1950.0,-864.5131578947369,-796.7697368421052
2441,2132.7157894736843,407.8421052631579,-466.82105263157894,475.0,-573.4568421052631,180.0,66.35789473684213,1132.7157894736843,1950.0,-864.0526315789474,-796.078947368421
2442,2340.007894736842,429.1184210526316,-414.9980263157895,475.0,-531.9984210526316,180.0,170.003947368421,1340.007894736842,1950.0,-856.9605263157895,-785.4407894736842
2443,2254.5157894736844,396.2368421052632,-436.3710526315789,475.0,-549.0968421052631,180.0,127.25789473684222,1254.5157894736844,1950.0,-867.921052631579,-801.8815789473684
2444,2114.1473684210528,396.7894736842105,-471.4631578947368,475.0,-577.1705263157894,180.0,57.07368421052638,1114.1473684210528,1950.0,-867.7368421052631,-801.6052631578948
2445,2540.8894736842103,348.1578947368421,-364.7776315789474,475.0,-491.82210526315794,180.0,270.44473684210516,1540.8894736842103,1950.0,-883.9473684210526,-825.921052631579
2446,2345.313157894737,426.9078947368421,-413.6717105263158,475.0,-530.9373684210526,180.0,172.65657894736842,1345.3131578947368,1950.0,-857.6973684210526,-786.546052631579
2447,2269.5473684210524,405.6315789473684,-432.6131578947369,475.0,-546.0905263157895,180.0,134.7736842105262,1269.5473684210524,1950.0,-864.7894736842105,-797.1842105263158
2448,2380.0184210526318,495.4342105263158,-404.99539473684206,475.0,-523.9963157894737,180.0,190.00921052631588,1380.0184210526318,1950.0,-834.8552631578948,-752.2828947368421
2449,2029.9263157894736,399.0,-492.5184210526316,475.0,-594.0147368421053,180.0,14.96315789473681,1029.9263157894736,1950.0,-867.0,-800.5
2450,2371.83947368421,425.25,-407.04013157894747,475.0,-525.632105263158,180.0,185.91973684210507,1371.8394736842101,1950.0,-858.25,-787.375
2451,2152.942105263158,411.1578947368421,-461.76447368421054,475.0,-569.4115789473684,180.0,76.47105263157891,1152.9421052631578,1950.0,-862.9473684210526,-794.421052631579
2452,2416.05,375.5131578947368,-395.98749999999995,475.0,-516.79,180.0,208.0250000000001,1416.0500000000002,1950.0,-874.828947368421,-812.2434210526316
2453,2222.73947368421,411.4342105263158,-444.31513157894744,475.0,-555.4521052631579,180.0,111.36973684210511,1222.7394736842102,1950.0,-862.8552631578948,-794.2828947368421
2454,2269.657894736842,390.7105263157895,-432.5855263157895,475.0,-546.0684210526316,180.0,134.82894736842104,1269.657894736842,1950.0,-869.7631578947369,-804.6447368421052
2455,2346.4184210526314,362.25,-413.39539473684215,475.0,-530.7163157894737,180.0,173.2092105263157,1346.4184210526314,1950.0,-879.25,-818.875
2456,2418.592105263158,389.3289473684211,-395.3519736842105,475.0,-516.2815789473684,180.0,209.29605263157896,1418.592105263158,1950.0,-870.2236842105262,-805.3355263157895
2457,2086.4605263157896,423.5921052631579,-478.3848684210526,475.0,-582.707894736842,180.0,43.2302631578948,1086.4605263157896,1950.0,-858.8026315789474,-788.203947368421
2458,2313.6473684210523,380.2105263157895,-421.5881578947369,475.0,-537.2705263157895,180.0,156.82368421052615,1313.6473684210523,1950.0,-873.2631578947369,-809.8947368421052
2459,2277.5052631578947,402.3157894736842,-430.62368421052633,475.0,-544.4989473684211,180.0,138.75263157894733,1277.5052631578947,1950.0,-865.8947368421052,-798.8421052631579
2460,2180.242105263158,445.9736842105263,-454.9394736842105,475.0,-563.9515789473684,180.0,90.121052631579,1180.242105263158,1950.0,-851.3421052631579,-777.0131578947369
2461,2344.926315789474,422.7631578947368,-413.76842105263154,475.0,-531.0147368421052,180.0,172.46315789473692,1344.9263157894738,1950.0,-859.078947368421,-788.6184210526316
2462,1975.8236842105264,440.7236842105263,-506.0440789473684,475.0,-604.8352631578947,180.0,-12.08815789473681,975.8236842105264,1950.0,-853.0921052631579,-779.6381578947369
2463,2215.002631578948,450.6710526315789,-446.24934210526305,475.0,-556.9994736842104,180.0,107.50131578947389,1215.0026315789478,1950.0,-849.7763157894738,-774.6644736842105
2464,2366.478947368421,434.9210526315789,-408.3802631578948,475.0,-526.7042105263158,180.0,183.23947368421045,1366.478947368421,1950.0,-855.0263157894738,-782.5394736842105
2465,2150.731578947368,408.9473684210526,-462.31710526315806,475.0,-569.8536842105265,180.0,75.36578947368389,1150.7315789473678,1950.0,-863.6842105263158,-795.5263157894738
2466,2099.7236842105262,399.2763157894737,-475.06907894736844,475.0,-580.0552631578947,180.0,49.86184210526312,1099.7236842105262,1950.0,-866.9078947368421,-800.3618421052631
2467,2132.384210526316,386.8421052631579,-466.903947368421,475.0,-573.5231578947368,180.0,66.19210526315806,1132.384210526316,1950.0,-871.0526315789474,-806.578947368421
2468,2123.6526315789474,410.0526315789474,-469.08684210526314,475.0,-575.2694736842105,180.0,61.82631578947371,1123.6526315789474,1950.0,-863.3157894736842,-794.9736842105262
2469,2383.278947368421,402.8684210526316,-404.18026315789473,475.0,-523.3442105263158,180.0,191.63947368421054,1383.278947368421,1950.0,-865.7105263157895,-798.5657894736842
2470,2360.0684210526315,454.8157894736842,-409.9828947368421,475.0,-527.9863157894737,180.0,180.03421052631575,1360.0684210526315,1950.0,-848.3947368421052,-772.5921052631579
2471,2362.002631578948,456.75,-409.49934210526305,475.0,-527.5994736842105,180.0,181.0013157894739,1362.0026315789478,1950.0,-847.75,-771.625
2472,2089.002631578948,399.8289473684211,-477.74934210526305,475.0,-582.1994736842105,180.0,44.50131578947389,1089.0026315789478,1950.0,-866.7236842105262,-800.0855263157895
2473,2036.2263157894736,431.6052631578948,-490.9434210526316,475.0,-592.7547368421053,180.0,18.113157894736787,1036.2263157894736,1950.0,-856.1315789473684,-784.1973684210526
2474,2145.536842105263,415.0263157894737,-463.61578947368423,475.0,-570.8926315789474,180.0,72.76842105263154,1145.536842105263,1950.0,-861.6578947368421,-792.4868421052631
2475,2221.7447368421053,470.5657894736842,-444.56381578947367,475.0,-555.651052631579,180.0,110.87236842105267,1221.7447368421053,1950.0,-843.1447368421052,-764.7171052631579
2476,2248.05,404.8026315789474,-437.98749999999995,475.0,-550.39,180.0,124.02500000000009,1248.0500000000002,1950.0,-865.0657894736842,-797.5986842105262
2477,2149.184210526316,354.7894736842105,-462.70394736842104,475.0,-570.1631578947369,180.0,74.59210526315792,1149.1842105263158,1950.0,-881.7368421052631,-822.6052631578948
2478,2245.452631578947,398.4473684210526,-438.6368421052632,475.0,-550.9094736842105,180.0,122.72631578947357,1245.4526315789471,1950.0,-867.1842105263158,-800.7763157894738
2479,1917.1894736842105,436.5789473684211,-520.7026315789474,475.0,-616.562105263158,180.0,-41.40526315789475,917.1894736842105,1950.0,-854.4736842105262,-781.7105263157895
2480,2128.073684210526,386.2894736842105,-467.98157894736846,475.0,-574.3852631578948,180.0,64.03684210526308,1128.0736842105262,1950.0,-871.2368421052631,-806.8552631578948
2481,2421.134210526316,393.75,-394.716447368421,475.0,-515.7731578947368,180.0,210.56710526315806,1421.134210526316,1950.0,-868.75,-803.125
2482,2033.794736842105,393.4736842105263,-491.55131578947373,475.0,-593.241052631579,180.0,16.897368421052533,1033.794736842105,1950.0,-868.8421052631579,-803.2631578947369
2483,2310.9394736842105,398.1710526315789,-422.2651315789474,475.0,-537.812105263158,180.0,155.46973684210525,1310.9394736842105,1950.0,-867.2763157894738,-800.9144736842105
2484,2099.060526315789,460.6184210526316,-475.23486842105274,475.0,-580.1878947368422,180.0,49.530263157894524,1099.060526315789,1950.0,-846.4605263157895,-769.6907894736842
2485,2267.171052631579,407.0131578947368,-433.2072368421052,475.0,-546.5657894736842,180.0,133.5855263157896,1267.1710526315792,1950.0,-864.328947368421,-796.4934210526316
2486,2270.1552631578943,379.9342105263158,-432.4611842105264,475.0,-545.9689473684211,180.0,135.07763157894715,1270.1552631578943,1950.0,-873.3552631578948,-810.0328947368421
2487,2290.657894736842,383.5263157894737,-427.3355263157895,475.0,-541.8684210526316,180.0,145.32894736842104,1290.657894736842,1950.0,-872.1578947368421,-808.2368421052631
2488,2205.386842105263,386.5657894736842,-448.65328947368425,475.0,-558.9226315789474,180.0,102.69342105263149,1205.386842105263,1950.0,-871.1447368421052,-806.7171052631579
2489,2303.092105263158,358.3815789473684,-424.2269736842105,475.0,-539.3815789473684,180.0,151.54605263157896,1303.092105263158,1950.0,-880.5394736842105,-820.8092105263158
2490,2311.878947368421,412.2631578947368,-422.03026315789475,475.0,-537.6242105263158,180.0,155.9394736842105,1311.878947368421,1950.0,-862.578947368421,-793.8684210526316
2491,2042.3605263157888,420.8289473684211,-489.4098684210528,475.0,-591.5278947368422,180.0,21.180263157894387,1042.3605263157888,1950.0,-859.7236842105262,-789.5855263157895
2492,2297.0131578947367,361.6973684210526,-425.74671052631584,475.0,-540.5973684210527,180.0,148.50657894736833,1297.0131578947367,1950.0,-879.4342105263158,-819.1513157894738
2493,2320.113157894737,456.1973684210526,-419.97171052631575,475.0,-535.9773684210526,180.0,160.0565789473685,1320.113157894737,1950.0,-847.9342105263158,-771.9013157894738
2494,2100.3868421052634,366.1184210526316,-474.90328947368414,475.0,-579.9226315789473,180.0,50.19342105263172,1100.3868421052634,1950.0,-877.9605263157895,-816.9407894736842
2495,2341.8868421052634,410.3289473684211,-414.52828947368414,475.0,-531.6226315789473,180.0,170.94342105263172,1341.8868421052634,1950.0,-863.2236842105262,-794.8355263157895
2496,2136.4736842105262,407.8421052631579,-465.88157894736844,475.0,-572.7052631578947,180.0,68.23684210526312,1136.4736842105262,1950.0,-864.0526315789474,-796.078947368421
2497,2254.736842105264,488.5263157894737,-436.31578947368405,475.0,-549.0526315789473,180.0,127.3684210526319,1254.7368421052638,1950.0,-837.1578947368421,-755.7368421052631
2498,2514.7499999999995,438.5131578947368,-371.3125000000001,475.0,-497.05000000000007,180.0,257.3749999999998,1514.7499999999995,1950.0,-853.828947368421,-780.7434210526316
2499,2196.9315789473685,410.0526315789474,-450.7671052631579,475.0,-560.6136842105263,180.0,98.46578947368425,1196.9315789473685,1950.0,-863.3157894736842,-794.9736842105262
2500,2469.2684210526318,387.3947368421052,-382.68289473684206,475.0,-506.14631578947365,180.0,234.63421052631588,1469.2684210526318,1950.0,-870.8684210526316,-806.3026315789474
2501,2143.657894736842,396.2368421052632,-464.0855263157895,475.0,-571.2684210526315,180.0,71.82894736842104,1143.657894736842,1950.0,-867.921052631579,-801.8815789473684
2502,2192.842105263157,379.6578947368421,-451.78947368421075,475.0,-561.4315789473686,180.0,96.4210526315785,1192.842105263157,1950.0,-873.4473684210526,-810.171052631579
2503,2289.1105263157897,366.9473684210526,-427.7223684210526,475.0,-542.1778947368421,180.0,144.55526315789484,1289.1105263157897,1950.0,-877.6842105263158,-816.5263157894738
2504,2057.834210526316,389.3289473684211,-485.541447368421,475.0,-588.4331578947368,180.0,28.917105263157964,1057.834210526316,1950.0,-870.2236842105262,-805.3355263157895
2505,2414.2263157894736,443.2105263157895,-396.4434210526316,475.0,-517.1547368421053,180.0,207.1131578947368,1414.2263157894736,1950.0,-852.2631578947369,-778.3947368421052
2506,2552.4947368421053,378.5526315789474,-361.87631578947367,475.0,-489.50105263157894,180.0,276.24736842105267,1552.4947368421053,1950.0,-873.8157894736842,-810.7236842105262
2507,2136.197368421053,369.9868421052632,-465.95065789473676,475.0,-572.7605263157894,180.0,68.09868421052647,1136.197368421053,1950.0,-876.671052631579,-815.0065789473684
2508,1968.5289473684209,401.4868421052632,-507.8677631578948,475.0,-606.2942105263159,180.0,-15.73552631578957,968.5289473684209,1950.0,-866.171052631579,-799.2565789473684
2509,2415.552631578947,367.5,-396.11184210526324,475.0,-516.8894736842105,180.0,207.77631578947353,1415.552631578947,1950.0,-877.5,-816.25
2510,2137.578947368421,380.7631578947368,-465.6052631578948,475.0,-572.4842105263158,180.0,68.7894736842104,1137.5789473684208,1950.0,-873.078947368421,-809.6184210526316
2511,2096.794736842105,418.8947368421052,-475.80131578947373,475.0,-580.641052631579,180.0,48.39736842105253,1096.794736842105,1950.0,-860.3684210526316,-790.5526315789474
2512,2592.560526315789,352.8552631578948,-351.85986842105274,475.0,-481.48789473684224,180.0,296.2802631578945,1592.560526315789,1950.0,-882.3815789473684,-823.5723684210526
2513,2225.8894736842103,343.1842105263158,-443.5276315789474,475.0,-554.8221052631579,180.0,112.94473684210516,1225.8894736842103,1950.0,-885.6052631578948,-828.4078947368421
2514,2111.826315789473,390.7105263157895,-472.04342105263174,475.0,-577.6347368421054,180.0,55.913157894736514,1111.826315789473,1950.0,-869.7631578947369,-804.6447368421052
2515,2513.810526315789,386.8421052631579,-371.54736842105274,475.0,-497.2378947368422,180.0,256.9052631578945,1513.810526315789,1950.0,-871.0526315789474,-806.578947368421
2516,2062.9736842105262,409.5,-484.25657894736844,475.0,-587.4052631578948,180.0,31.486842105263122,1062.9736842105262,1950.0,-863.5,-795.25
2517,2240.7000000000003,373.0263157894737,-439.82499999999993,475.0,-551.8599999999999,180.0,120.35000000000014,1240.7000000000003,1950.0,-875.6578947368421,-813.4868421052631
2518,2351.0052631578947,353.6842105263158,-412.24868421052633,475.0,-529.7989473684211,180.0,175.50263157894733,1351.0052631578947,1950.0,-882.1052631578948,-823.1578947368421
2519,2176.815789473684,382.4210526315789,-455.79605263157896,475.0,-564.6368421052632,180.0,88.40789473684208,1176.8157894736842,1950.0,-872.5263157894738,-808.7894736842105
2520,2404.2236842105267,393.75,-398.9440789473683,475.0,-519.1552631578946,180.0,202.11184210526335,1404.2236842105267,1950.0,-868.75,-803.125
2521,2217.9315789473685,431.0526315789474,-445.5171052631579,475.0,-556.4136842105263,180.0,108.96578947368425,1217.9315789473685,1950.0,-856.3157894736842,-784.4736842105262
2522,2187.0394736842104,430.2236842105263,-453.2401315789474,475.0,-562.5921052631579,180.0,93.5197368421052,1187.0394736842104,1950.0,-856.5921052631579,-784.8881578947369
2523,2133.434210526316,414.1973684210526,-466.64144736842104,475.0,-573.3131578947368,180.0,66.71710526315792,1133.4342105263158,1950.0,-861.9342105263158,-792.9013157894738
2524,2174.881578947369,380.4868421052632,-456.2796052631578,475.0,-565.0236842105262,180.0,87.44078947368439,1174.8815789473688,1950.0,-873.171052631579,-809.7565789473684
2525,2419.9736842105262,362.5263157894737,-395.00657894736844,475.0,-516.0052631578948,180.0,209.98684210526312,1419.9736842105262,1950.0,-879.1578947368421,-818.7368421052631
2526,2470.65,351.1973684210526,-382.3375,475.0,-505.87,180.0,235.32500000000005,1470.65,1950.0,-882.9342105263158,-824.4013157894738
2527,2184.9394736842105,366.1184210526316,-453.7651315789474,475.0,-563.0121052631579,180.0,92.46973684210525,1184.9394736842105,1950.0,-877.9605263157895,-816.9407894736842
2528,2257.886842105263,476.6447368421052,-435.52828947368425,475.0,-548.4226315789474,180.0,128.9434210526315,1257.886842105263,1950.0,-841.1184210526316,-761.6776315789474
2529,2410.2473684210527,435.4736842105263,-397.43815789473683,475.0,-517.9505263157895,180.0,205.12368421052633,1410.2473684210527,1950.0,-854.8421052631579,-782.2631578947369
2530,2583.9947368421053,325.5,-354.00131578947367,475.0,-483.20105263157893,180.0,291.99736842105267,1583.9947368421053,1950.0,-891.5,-837.25
2531,2182.894736842105,397.8947368421052,-454.27631578947376,475.0,-563.421052631579,180.0,91.44736842105249,1182.894736842105,1950.0,-867.3684210526316,-801.0526315789474
2532,2388.5842105263155,353.6842105263158,-402.85394736842113,475.0,-522.2831578947369,180.0,194.29210526315774,1388.5842105263155,1950.0,-882.1052631578948,-823.1578947368421
2533,2203.784210526316,415.0263157894737,-449.05394736842095,475.0,-559.2431578947368,180.0,101.8921052631581,1203.7842105263162,1950.0,-861.6578947368421,-792.4868421052631
2534,2062.5315789473684,478.5789473684211,-484.3671052631579,475.0,-587.4936842105263,180.0,31.265789473684208,1062.5315789473684,1950.0,-840.4736842105262,-760.7105263157895
2535,2318.565789473684,383.25,-420.35855263157896,475.0,-536.2868421052632,180.0,159.28289473684208,1318.5657894736842,1950.0,-872.25,-808.375
2536,2298.1736842105265,402.3157894736842,-425.45657894736837,475.0,-540.3652631578947,180.0,149.08684210526326,1298.1736842105265,1950.0,-865.8947368421052,-798.8421052631579
2537,2307.5684210526315,458.6842105263158,-423.1078947368421,475.0,-538.4863157894737,180.0,153.78421052631575,1307.5684210526315,1950.0,-847.1052631578948,-770.6578947368421
2538,2212.7921052631577,373.3026315789474,-446.80197368421057,475.0,-557.4415789473685,180.0,106.39605263157887,1212.7921052631577,1950.0,-875.5657894736842,-813.3486842105262
2539,2269.934210526316,419.1710526315789,-432.51644736842104,475.0,-546.0131578947369,180.0,134.96710526315792,1269.9342105263158,1950.0,-860.2763157894738,-790.4144736842105
2540,2191.4605263157896,406.4605263157895,-452.1348684210526,475.0,-561.707894736842,180.0,95.7302631578948,1191.4605263157896,1950.0,-864.5131578947369,-796.7697368421052
2541,2369.186842105263,369.9868421052632,-407.7032894736842,475.0,-526.1626315789474,180.0,184.59342105263158,1369.1868421052632,1950.0,-876.671052631579,-815.0065789473684
2542,2297.344736842105,420.2763157894737,-425.6638157894738,475.0,-540.5310526315791,180.0,148.6723684210524,1297.3447368421048,1950.0,-859.9078947368421,-789.8618421052631
2543,2095.357894736842,406.1842105263158,-476.1605263157895,475.0,-580.9284210526316,180.0,47.67894736842095,1095.357894736842,1950.0,-864.6052631578948,-796.9078947368421
2544,2351.557894736842,401.2105263157895,-412.11052631578946,475.0,-529.6884210526316,180.0,175.7789473684211,1351.5578947368422,1950.0,-866.2631578947369,-799.3947368421052
2545,2484.2447368421053,385.4605263157895,-378.93881578947367,475.0,-503.1510526315789,180.0,242.12236842105267,1484.2447368421053,1950.0,-871.5131578947369,-807.2697368421052
2546,2099.834210526316,374.9605263157895,-475.041447368421,475.0,-580.0331578947369,180.0,49.917105263157964,1099.834210526316,1950.0,-875.0131578947369,-812.5197368421052
2547,2328.181578947368,409.7763157894737,-417.954605263158,475.0,-534.3636842105263,180.0,164.09078947368403,1328.181578947368,1950.0,-863.4078947368421,-795.1118421052631
2548,2268.2763157894738,370.5394736842105,-432.93092105263156,475.0,-546.3447368421052,180.0,134.13815789473688,1268.2763157894738,1950.0,-876.4868421052631,-814.7302631578948
2549,2373.7736842105264,436.5789473684211,-406.5565789473684,475.0,-525.2452631578947,180.0,186.8868421052632,1373.7736842105264,1950.0,-854.4736842105262,-781.7105263157895
2550,2310.6631578947367,397.8947368421052,-422.3342105263158,475.0,-537.8673684210527,180.0,155.33157894736837,1310.6631578947367,1950.0,-867.3684210526316,-801.0526315789474
2551,2186.8736842105263,415.0263157894737,-453.2815789473684,475.0,-562.6252631578948,180.0,93.43684210526317,1186.8736842105263,1950.0,-861.6578947368421,-792.4868421052631
2552,2479.9342105263154,375.5131578947368,-380.01644736842115,475.0,-504.01315789473693,180.0,239.9671052631577,1479.9342105263154,1950.0,-874.828947368421,-812.2434210526316
2553,2253.963157894737,386.2894736842105,-436.50921052631577,475.0,-549.2073684210526,180.0,126.98157894736846,1253.963157894737,1950.0,-871.2368421052631,-806.8552631578948
2554,2252.471052631579,437.4078947368421,-436.88223684210527,475.0,-549.5057894736842,180.0,126.23552631578946,1252.471052631579,1950.0,-854.1973684210526,-781.296052631579
2555,2347.3026315789475,468.3552631578948,-413.1743421052631,475.0,-530.5394736842105,180.0,173.65131578947376,1347.3026315789475,1950.0,-843.8815789473684,-765.8223684210526
2556,2062.0894736842106,425.5263157894737,-484.47763157894735,475.0,-587.5821052631579,180.0,31.044736842105294,1062.0894736842106,1950.0,-858.1578947368421,-787.2368421052631
2557,2084.5263157894738,421.6578947368421,-478.86842105263156,475.0,-583.0947368421052,180.0,42.26315789473688,1084.5263157894738,1950.0,-859.4473684210526,-789.171052631579
2558,2153.328947368421,377.7236842105263,-461.6677631578948,475.0,-569.3342105263158,180.0,76.6644736842104,1153.3289473684208,1950.0,-874.0921052631579,-811.1381578947369
2559,2456.060526315789,394.8552631578948,-385.98486842105274,475.0,-508.7878947368422,180.0,228.03026315789452,1456.060526315789,1950.0,-868.3815789473684,-802.5723684210526
2560,2294.8026315789475,350.0921052631579,-426.2993421052631,475.0,-541.0394736842105,180.0,147.40131578947376,1294.8026315789475,1950.0,-883.3026315789474,-824.953947368421
2561,2739.615789473684,370.2631578947368,-315.096052631579,475.0,-452.07684210526327,180.0,369.80789473684194,1739.615789473684,1950.0,-876.578947368421,-814.8684210526316
2562,2211.0789473684213,360.3157894736842,-447.2302631578947,475.0,-557.7842105263157,180.0,105.53947368421063,1211.0789473684213,1950.0,-879.8947368421052,-819.8421052631579
2563,2213.4,357.0,-446.65,475.0,-557.3199999999999,180.0,106.70000000000005,1213.4,1950.0,-881.0,-821.5
2564,2145.702631578948,411.4342105263158,-463.574342105263,475.0,-570.8594736842103,180.0,72.85131578947403,1145.702631578948,1950.0,-862.8552631578948,-794.2828947368421
2565,2014.286842105263,424.6973684210526,-496.42828947368423,475.0,-597.1426315789474,180.0,7.143421052631538,1014.2868421052631,1950.0,-858.4342105263158,-787.6513157894738
2566,2296.23947368421,362.8026315789474,-425.94013157894744,475.0,-540.752105263158,180.0,148.1197368421051,1296.2394736842102,1950.0,-879.0657894736842,-818.5986842105262
2567,2156.313157894737,435.1973684210526,-460.9217105263158,475.0,-568.7373684210527,180.0,78.15657894736842,1156.3131578947368,1950.0,-854.9342105263158,-782.4013157894738
2568,2272.144736842105,411.9868421052632,-431.96381578947376,475.0,-545.571052631579,180.0,136.0723684210525,1272.144736842105,1950.0,-862.671052631579,-794.0065789473684
2569,2373.718421052632,425.25,-406.570394736842,475.0,-525.2563157894735,180.0,186.85921052631602,1373.718421052632,1950.0,-858.25,-787.375
2570,2070.102631578948,461.7236842105263,-482.47434210526296,475.0,-585.9794736842103,180.0,35.051315789474074,1070.1026315789481,1950.0,-846.0921052631579,-769.1381578947369
2571,2357.636842105263,416.6842105263158,-410.59078947368425,475.0,-528.4726315789474,180.0,178.8184210526315,1357.636842105263,1950.0,-861.1052631578948,-791.6578947368421
2572,2649.315789473684,413.3684210526316,-337.67105263157896,475.0,-470.1368421052632,180.0,324.6578947368421,1649.3157894736842,1950.0,-862.2105263157895,-793.3157894736842
2573,2288.8894736842108,415.5789473684211,-427.7776315789473,475.0,-542.2221052631578,180.0,144.44473684210539,1288.8894736842108,1950.0,-861.4736842105262,-792.2105263157895
2574,2187.813157894737,400.9342105263158,-453.0467105263158,475.0,-562.4373684210526,180.0,93.90657894736842,1187.8131578947368,1950.0,-866.3552631578948,-799.5328947368421
2575,2089.721052631579,415.5789473684211,-477.56973684210527,475.0,-582.0557894736842,180.0,44.86052631578946,1089.721052631579,1950.0,-861.4736842105262,-792.2105263157895
2576,2418.481578947368,357.2763157894737,-395.37960526315806,475.0,-516.3036842105264,180.0,209.2407894736839,1418.4815789473678,1950.0,-880.9078947368421,-821.3618421052631
2577,2339.8973684210523,387.6710526315789,-415.0256578947369,475.0,-532.0205263157895,180.0,169.94868421052615,1339.8973684210523,1950.0,-870.7763157894738,-806.1644736842105
2578,2409.0315789473684,374.1315789473684,-397.7421052631579,475.0,-518.1936842105263,180.0,204.5157894736842,1409.0315789473684,1950.0,-875.2894736842105,-812.9342105263158
2579,2187.813157894737,419.7236842105263,-453.0467105263158,475.0,-562.4373684210526,180.0,93.90657894736842,1187.8131578947368,1950.0,-860.0921052631579,-790.1381578947369
2580,2415.4973684210527,393.75,-396.12565789473683,475.0,-516.9005263157894,180.0,207.74868421052633,1415.4973684210527,1950.0,-868.75,-803.125
2581,2128.018421052632,374.9605263157895,-467.99539473684194,475.0,-574.3963157894735,180.0,64.00921052631611,1128.0184210526322,1950.0,-875.0131578947369,-812.5197368421052
2582,2200.7447368421053,374.4078947368421,-449.81381578947367,475.0,-559.8510526315789,180.0,100.37236842105267,1200.7447368421053,1950.0,-875.1973684210526,-812.796052631579
2583,2171.4552631578945,429.6710526315789,-457.1361842105264,475.0,-565.7089473684211,180.0,85.72763157894724,1171.4552631578945,1950.0,-856.7763157894738,-785.1644736842105
2584,2076.734210526316,421.3815789473684,-480.816447368421,475.0,-584.6531578947368,180.0,38.36710526315801,1076.734210526316,1950.0,-859.5394736842105,-789.3092105263158
2585,2404.113157894737,361.6973684210526,-398.97171052631575,475.0,-519.1773684210526,180.0,202.0565789473685,1404.113157894737,1950.0,-879.4342105263158,-819.1513157894738
2586,2343.4894736842107,363.0789473684211,-414.12763157894733,475.0,-531.3021052631578,180.0,171.74473684210534,1343.4894736842107,1950.0,-878.9736842105262,-818.4605263157895
2587,2113.5394736842104,394.3026315789474,-471.6151315789474,475.0,-577.292105263158,180.0,56.7697368421052,1113.5394736842104,1950.0,-868.5657894736842,-802.8486842105262
2588,2346.694736842105,381.3157894736842,-413.3263157894737,475.0,-530.661052631579,180.0,173.34736842105258,1346.6947368421052,1950.0,-872.8947368421052,-809.3421052631579
2589,2470.594736842105,386.8421052631579,-382.3513157894738,475.0,-505.88105263157905,180.0,235.2973684210524,1470.5947368421048,1950.0,-871.0526315789474,-806.578947368421
2590,2132.55,420.8289473684211,-466.86249999999995,475.0,-573.49,180.0,66.27500000000009,1132.5500000000002,1950.0,-859.7236842105262,-789.5855263157895
2591,2252.084210526316,414.4736842105263,-436.978947368421,475.0,-549.5831578947368,180.0,126.04210526315796,1252.084210526316,1950.0,-861.8421052631579,-792.7631578947369
2592,2242.0263157894733,428.8421052631579,-439.4934210526317,475.0,-551.5947368421054,180.0,121.01315789473665,1242.0263157894733,1950.0,-857.0526315789474,-785.578947368421
2593,2137.8552631578946,390.4342105263158,-465.53618421052636,475.0,-572.4289473684211,180.0,68.92763157894728,1137.8552631578946,1950.0,-869.8552631578948,-804.7828947368421
2594,2139.457894736842,418.3421052631579,-465.13552631578955,475.0,-572.1084210526317,180.0,69.7289473684209,1139.4578947368418,1950.0,-860.5526315789474,-790.828947368421
2595,2075.463157894737,386.2894736842105,-481.13421052631577,475.0,-584.9073684210526,180.0,37.73157894736846,1075.463157894737,1950.0,-871.2368421052631,-806.8552631578948
2596,2310.9947368421053,409.5,-422.25131578947367,475.0,-537.801052631579,180.0,155.49736842105267,1310.9947368421053,1950.0,-863.5,-795.25
2597,2211.797368421053,441.8289473684211,-447.0506578947368,475.0,-557.6405263157894,180.0,105.89868421052643,1211.7973684210529,1950.0,-852.7236842105262,-779.0855263157895
2598,2578.578947368421,417.7894736842105,-355.3552631578948,475.0,-484.28421052631586,180.0,289.2894736842104,1578.5789473684208,1950.0,-860.7368421052631,-791.1052631578948
2599,2377.531578947368,408.3947368421052,-405.617105263158,475.0,-524.4936842105265,180.0,188.76578947368398,1377.531578947368,1950.0,-863.8684210526316,-795.8026315789474
2600,2273.802631578947,385.4605263157895,-431.54934210526324,475.0,-545.2394736842106,180.0,136.90131578947353,1273.802631578947,1950.0,-871.5131578947369,-807.2697368421052
2601,2264.242105263158,370.2631578947368,-433.9394736842105,475.0,-547.1515789473684,180.0,132.121052631579,1264.242105263158,1950.0,-876.578947368421,-814.8684210526316
2602,2340.947368421052,424.4210526315789,-414.763157894737,475.0,-531.8105263157896,180.0,170.47368421052602,1340.947368421052,1950.0,-858.5263157894738,-787.7894736842105
2603,2211.742105263158,411.7105263157895,-447.0644736842105,475.0,-557.6515789473684,180.0,105.871052631579,1211.742105263158,1950.0,-862.7631578947369,-794.1447368421052
2604,2508.7263157894736,359.2105263157895,-372.8184210526316,475.0,-498.2547368421053,180.0,254.3631578947368,1508.7263157894736,1950.0,-880.2631578947369,-820.3947368421052
2605,2006.715789473684,385.1842105263158,-498.321052631579,475.0,-598.6568421052632,180.0,3.357894736842013,1006.715789473684,1950.0,-871.6052631578948,-807.4078947368421
2606,2494.5236842105264,416.4078947368421,-376.3690789473684,475.0,-501.0952631578947,180.0,247.2618421052632,1494.5236842105264,1950.0,-861.1973684210526,-791.796052631579
2607,2161.894736842105,405.0789473684211,-459.52631578947376,475.0,-567.621052631579,180.0,80.94736842105249,1161.894736842105,1950.0,-864.9736842105262,-797.4605263157895
2608,2334.426315789474,421.6578947368421,-416.39342105263154,475.0,-533.1147368421052,180.0,167.21315789473692,1334.4263157894738,1950.0,-859.4473684210526,-789.171052631579
2609,2130.5052631578947,386.8421052631579,-467.37368421052633,475.0,-573.8989473684211,180.0,65.25263157894733,1130.5052631578947,1950.0,-871.0526315789474,-806.578947368421
2610,2065.294736842105,396.7894736842105,-483.67631578947373,475.0,-586.9410526315789,180.0,32.64736842105253,1065.294736842105,1950.0,-867.7368421052631,-801.6052631578948
2611,2510.384210526316,342.0789473684211,-372.403947368421,475.0,-497.9231578947368,180.0,255.19210526315806,1510.384210526316,1950.0,-885.9736842105262,-828.9605263157895
2612,2132.771052631579,400.3815789473684,-466.8072368421052,475.0,-573.4457894736842,180.0,66.38552631578955,1132.771052631579,1950.0,-866.5394736842105,-799.8092105263158
2613,2146.807894736842,412.5394736842105,-463.29802631578946,475.0,-570.6384210526315,180.0,73.40394736842109,1146.8078947368422,1950.0,-862.4868421052631,-793.7302631578948
2614,2114.534210526316,306.9868421052632,-471.36644736842095,475.0,-577.0931578947368,180.0,57.2671052631581,1114.5342105263162,1950.0,-897.671052631579,-846.5065789473684
2615,2214.836842105263,350.9210526315789,-446.2907894736843,475.0,-557.0326315789474,180.0,107.4184210526314,1214.8368421052628,1950.0,-883.0263157894738,-824.5394736842105
2616,2314.5315789473684,420.5526315789474,-421.3671052631579,475.0,-537.0936842105264,180.0,157.2657894736842,1314.5315789473684,1950.0,-859.8157894736842,-789.7236842105262
2617,2135.257894736842,431.0526315789474,-466.1855263157895,475.0,-572.9484210526316,180.0,67.628947368421,1135.257894736842,1950.0,-856.3157894736842,-784.4736842105262
2618,2376.094736842105,358.1052631578948,-405.9763157894738,475.0,-524.7810526315791,180.0,188.0473684210524,1376.0947368421048,1950.0,-880.6315789473684,-820.9473684210526
2619,2548.515789473684,380.2105263157895,-362.871052631579,475.0,-490.2968421052632,180.0,274.257894736842,1548.515789473684,1950.0,-873.2631578947369,-809.8947368421052
2620,2373.6631578947367,404.5263157894737,-406.5842105263158,475.0,-525.2673684210527,180.0,186.83157894736837,1373.6631578947367,1950.0,-865.1578947368421,-797.7368421052631
2621,2285.021052631578,402.3157894736842,-428.74473684210545,475.0,-542.9957894736843,180.0,142.5105263157891,1285.0210526315782,1950.0,-865.8947368421052,-798.8421052631579
2622,2084.5263157894738,440.4473684210526,-478.86842105263156,475.0,-583.0947368421052,180.0,42.26315789473688,1084.5263157894738,1950.0,-853.1842105263158,-779.7763157894738
2623,2251.4210526315787,410.0526315789474,-437.1447368421053,475.0,-549.7157894736843,180.0,125.71052631578937,1251.4210526315787,1950.0,-863.3157894736842,-794.9736842105262
2624,2185.657894736842,410.0526315789474,-453.5855263157895,475.0,-562.8684210526316,180.0,92.82894736842104,1185.657894736842,1950.0,-863.3157894736842,-794.9736842105262
2625,2220.694736842105,358.6578947368421,-444.8263157894737,475.0,-555.861052631579,180.0,110.34736842105258,1220.6947368421052,1950.0,-880.4473684210526,-820.671052631579
2626,2356.3657894736843,400.3815789473684,-410.9085526315789,475.0,-528.7268421052631,180.0,178.18289473684217,1356.3657894736843,1950.0,-866.5394736842105,-799.8092105263158
2627,2325.694736842105,379.1052631578948,-418.5763157894737,475.0,-534.861052631579,180.0,162.84736842105258,1325.6947368421052,1950.0,-873.6315789473684,-810.4473684210526
2628,2159.794736842105,425.5263157894737,-460.05131578947373,475.0,-568.041052631579,180.0,79.89736842105253,1159.794736842105,1950.0,-858.1578947368421,-787.2368421052631
2629,2500.492105263158,371.6447368421052,-374.8769736842105,475.0,-499.9015789473684,180.0,250.246052631579,1500.492105263158,1950.0,-876.1184210526316,-814.1776315789474
2630,2256.45,416.9605263157895,-435.88750000000005,475.0,-548.71,180.0,128.2249999999999,1256.4499999999998,1950.0,-861.0131578947369,-791.5197368421052
2631,2286.1815789473685,358.3815789473684,-428.4546052631579,475.0,-542.7636842105263,180.0,143.09078947368425,1286.1815789473685,1950.0,-880.5394736842105,-820.8092105263158
2632,2457.2763157894733,381.0394736842105,-385.6809210526317,475.0,-508.54473684210535,180.0,228.63815789473665,1457.2763157894733,1950.0,-872.9868421052631,-809.4802631578948
2633,2249.486842105263,379.9342105263158,-437.6282894736843,475.0,-550.1026315789475,180.0,124.74342105263145,1249.486842105263,1950.0,-873.3552631578948,-810.0328947368421
2634,2526.686842105263,386.5657894736842,-368.3282894736842,475.0,-494.66263157894736,180.0,263.3434210526316,1526.6868421052632,1950.0,-871.1447368421052,-806.7171052631579
2635,2268.1105263157897,364.7368421052632,-432.9723684210526,475.0,-546.3778947368421,180.0,134.05526315789484,1268.1105263157897,1950.0,-878.421052631579,-817.6315789473684
2636,2384.55,372.1973684210526,-403.86249999999995,475.0,-523.0899999999999,180.0,192.2750000000001,1384.5500000000002,1950.0,-875.9342105263158,-813.9013157894738
2637,2291.928947368421,362.25,-427.0177631578947,475.0,-541.6142105263158,180.0,145.9644736842106,1291.9289473684212,1950.0,-879.25,-818.875
2638,2141.778947368421,349.2631578947368,-464.55526315789473,475.0,-571.6442105263158,180.0,70.88947368421054,1141.778947368421,1950.0,-883.578947368421,-825.3684210526316
2639,2452.8,421.6578947368421,-386.79999999999995,475.0,-509.43999999999994,180.0,226.4000000000001,1452.8000000000002,1950.0,-859.4473684210526,-789.171052631579
2640,2342.771052631579,403.6973684210526,-414.3072368421052,475.0,-531.4457894736842,180.0,171.38552631578955,1342.771052631579,1950.0,-865.4342105263158,-798.1513157894738
2641,2370.015789473684,464.7631578947368,-407.496052631579,475.0,-525.9968421052632,180.0,185.007894736842,1370.015789473684,1950.0,-845.078947368421,-767.6184210526316
2642,2168.857894736842,395.1315789473684,-457.7855263157895,475.0,-566.2284210526316,180.0,84.42894736842095,1168.857894736842,1950.0,-868.2894736842105,-802.4342105263158
2643,2201.352631578948,376.8947368421052,-449.66184210526296,475.0,-559.7294736842103,180.0,100.67631578947407,1201.3526315789481,1950.0,-874.3684210526316,-811.5526315789474
2644,2076.789473684211,451.5,-480.8026315789473,475.0,-584.6421052631579,180.0,38.39473684210543,1076.7894736842109,1950.0,-849.5,-774.25
2645,2172.8921052631576,386.0131578947368,-456.7769736842106,475.0,-565.4215789473685,180.0,86.44605263157882,1172.8921052631576,1950.0,-871.328947368421,-806.9934210526316
2646,2621.186842105263,387.1184210526316,-344.7032894736842,475.0,-475.7626315789473,180.0,310.5934210526316,1621.1868421052632,1950.0,-870.9605263157895,-806.4407894736842
2647,2056.618421052632,374.9605263157895,-485.84539473684197,475.0,-588.6763157894736,180.0,28.309210526316065,1056.6184210526321,1950.0,-875.0131578947369,-812.5197368421052
2648,2330.447368421053,385.7368421052632,-417.38815789473676,475.0,-533.9105263157894,180.0,165.22368421052647,1330.447368421053,1950.0,-871.421052631579,-807.1315789473684
2649,2365.594736842105,422.7631578947368,-408.6013157894738,475.0,-526.881052631579,180.0,182.7973684210524,1365.5947368421048,1950.0,-859.078947368421,-788.6184210526316
2650,2254.294736842105,369.7105263157895,-436.42631578947373,475.0,-549.141052631579,180.0,127.14736842105253,1254.294736842105,1950.0,-876.7631578947369,-815.1447368421052
2651,2149.4605263157896,430.2236842105263,-462.6348684210526,475.0,-570.1078947368421,180.0,74.7302631578948,1149.4605263157896,1950.0,-856.5921052631579,-784.8881578947369
2652,2394.0,468.0789473684211,-401.5,475.0,-521.2,180.0,197.0,1394.0,1950.0,-843.9736842105262,-765.9605263157895
2653,2203.065789473684,371.0921052631579,-449.23355263157896,475.0,-559.3868421052632,180.0,101.53289473684208,1203.0657894736842,1950.0,-876.3026315789474,-814.453947368421
2654,2404.831578947368,386.8421052631579,-398.79210526315796,475.0,-519.0336842105264,180.0,202.41578947368407,1404.8315789473681,1950.0,-871.0526315789474,-806.578947368421
2655,1984.721052631579,395.1315789473684,-503.81973684210527,475.0,-603.0557894736842,180.0,-7.639473684210543,984.7210526315789,1950.0,-868.2894736842105,-802.4342105263158
2656,2406.8763157894737,364.4605263157895,-398.2809210526316,475.0,-518.6247368421052,180.0,203.43815789473683,1406.8763157894737,1950.0,-878.5131578947369,-817.7697368421052
2657,2577.197368421053,425.8026315789474,-355.70065789473676,475.0,-484.5605263157894,180.0,288.59868421052647,1577.197368421053,1950.0,-858.0657894736842,-787.0986842105262
2658,2376.0394736842104,440.7236842105263,-405.9901315789474,475.0,-524.792105263158,180.0,188.0197368421052,1376.0394736842104,1950.0,-853.0921052631579,-779.6381578947369
2659,2255.786842105263,356.1710526315789,-436.05328947368423,475.0,-548.8426315789474,180.0,127.89342105263154,1255.786842105263,1950.0,-881.2763157894738,-821.9144736842105
2660,2117.352631578948,462.0,-470.66184210526296,475.0,-576.5294736842104,180.0,58.676315789474074,1117.3526315789481,1950.0,-846.0,-769.0
2661,2590.6815789473685,362.25,-352.3296052631579,475.0,-481.86368421052634,180.0,295.34078947368425,1590.6815789473685,1950.0,-879.25,-818.875
2662,2385.544736842105,416.4078947368421,-403.61381578947373,475.0,-522.891052631579,180.0,192.77236842105253,1385.544736842105,1950.0,-861.1973684210526,-791.796052631579
2663,2331.884210526316,445.4210526315789,-417.028947368421,475.0,-533.6231578947368,180.0,165.94210526315806,1331.884210526316,1950.0,-851.5263157894738,-777.2894736842105
2664,2248.436842105263,390.1578947368421,-437.8907894736842,475.0,-550.3126315789474,180.0,124.21842105263158,1248.4368421052632,1950.0,-869.9473684210526,-804.921052631579
2665,2331.0552631578944,407.0131578947368,-417.2361842105264,475.0,-533.7889473684211,180.0,165.5276315789472,1331.0552631578944,1950.0,-864.328947368421,-796.4934210526316
2666,2240.368421052632,408.3947368421052,-439.90789473684197,475.0,-551.9263157894736,180.0,120.18421052631606,1240.3684210526321,1950.0,-863.8684210526316,-795.8026315789474
2667,2345.1473684210523,383.5263157894737,-413.7131578947369,475.0,-530.9705263157896,180.0,172.57368421052615,1345.1473684210523,1950.0,-872.1578947368421,-808.2368421052631
2668,2198.423684210526,387.1184210526316,-450.3940789473685,475.0,-560.3152631578948,180.0,99.21184210526303,1198.423684210526,1950.0,-870.9605263157895,-806.4407894736842
2669,2180.076315789473,374.4078947368421,-454.98092105263174,475.0,-563.9847368421053,180.0,90.03815789473651,1180.076315789473,1950.0,-875.1973684210526,-812.796052631579
2670,2130.063157894737,427.7368421052632,-467.4842105263158,475.0,-573.9873684210527,180.0,65.03157894736842,1130.0631578947368,1950.0,-857.421052631579,-786.1315789473684
2671,2455.728947368421,430.2236842105263,-386.0677631578948,475.0,-508.8542105263158,180.0,227.86447368421045,1455.728947368421,1950.0,-856.5921052631579,-784.8881578947369
2672,2401.792105263158,402.5921052631579,-399.55197368421045,475.0,-519.6415789473683,180.0,200.8960526315791,1401.7921052631582,1950.0,-865.8026315789474,-798.703947368421
2673,2133.986842105264,348.9868421052632,-466.50328947368405,475.0,-573.2026315789473,180.0,66.9934210526319,1133.9868421052638,1950.0,-883.671052631579,-825.5065789473684
2674,2069.936842105263,408.9473684210526,-482.5157894736842,475.0,-586.0126315789473,180.0,34.968421052631584,1069.9368421052632,1950.0,-863.6842105263158,-795.5263157894738
2675,2279.273684210526,426.6315789473684,-430.1815789473685,475.0,-544.1452631578948,180.0,139.63684210526299,1279.273684210526,1950.0,-857.7894736842105,-786.6842105263158
2676,2241.086842105263,414.75,-439.7282894736843,475.0,-551.7826315789474,180.0,120.5434210526314,1241.0868421052628,1950.0,-861.75,-792.625
2677,2342.107894736842,389.8815789473684,-414.4730263157895,475.0,-531.5784210526316,180.0,171.05394736842095,1342.107894736842,1950.0,-870.0394736842105,-805.0592105263158
2678,2280.710526315789,354.7894736842105,-429.8223684210527,475.0,-543.8578947368421,180.0,140.35526315789457,1280.7105263157891,1950.0,-881.7368421052631,-822.6052631578948
2679,2285.5736842105266,384.0789473684211,-428.60657894736835,475.0,-542.8852631578947,180.0,142.7868421052633,1285.5736842105266,1950.0,-871.9736842105262,-807.9605263157895
2680,2591.0684210526315,385.1842105263158,-352.2328947368421,475.0,-481.78631578947375,180.0,295.53421052631575,1591.0684210526315,1950.0,-871.6052631578948,-807.4078947368421
2681,2458.1605263157894,430.7763157894737,-385.45986842105265,475.0,-508.3678947368421,180.0,229.0802631578947,1458.1605263157894,1950.0,-856.4078947368421,-784.6118421052631
2682,2623.0105263157893,375.7894736842105,-344.24736842105267,475.0,-475.3978947368421,180.0,311.50526315789466,1623.0105263157893,1950.0,-874.7368421052631,-812.1052631578948
2683,2263.6894736842105,388.5,-434.0776315789474,475.0,-547.2621052631579,180.0,131.84473684210525,1263.6894736842105,1950.0,-870.5,-805.75
2684,2360.1789473684207,364.7368421052632,-409.9552631578948,475.0,-527.9642105263158,180.0,180.08947368421036,1360.1789473684207,1950.0,-878.421052631579,-817.6315789473684
2685,2191.2394736842107,370.5394736842105,-452.19013157894733,475.0,-561.7521052631579,180.0,95.61973684210534,1191.2394736842107,1950.0,-876.4868421052631,-814.7302631578948
2686,2013.1815789473685,414.1973684210526,-496.7046052631579,475.0,-597.3636842105263,180.0,6.590789473684254,1013.1815789473685,1950.0,-861.9342105263158,-792.9013157894738
2687,2082.205263157895,415.5789473684211,-479.44868421052627,475.0,-583.5589473684211,180.0,41.10263157894747,1082.205263157895,1950.0,-861.4736842105262,-792.2105263157895
2688,2576.202631578948,390.9868421052632,-355.949342105263,475.0,-484.75947368421043,180.0,288.10131578947403,1576.202631578948,1950.0,-869.671052631579,-804.5065789473684
2689,2404.334210526316,388.2236842105263,-398.916447368421,475.0,-519.1331578947368,180.0,202.16710526315796,1404.334210526316,1950.0,-870.5921052631579,-805.8881578947369
2690,2120.3921052631576,389.8815789473684,-469.9019736842106,475.0,-575.9215789473685,180.0,60.19605263157882,1120.3921052631576,1950.0,-870.0394736842105,-805.0592105263158
2691,2210.857894736842,305.60526315789474,-447.2855263157895,475.0,-557.8284210526316,180.0,105.42894736842095,1210.857894736842,1950.0,-898.1315789473684,-847.1973684210526
2692,2236.444736842105,393.1973684210526,-440.8888157894737,475.0,-552.7110526315789,180.0,118.22236842105258,1236.4447368421052,1950.0,-868.9342105263158,-803.4013157894738
2693,2300.2736842105264,438.2368421052632,-424.9315789473684,475.0,-539.9452631578947,180.0,150.1368421052632,1300.2736842105264,1950.0,-853.921052631579,-780.8815789473684
2694,2241.3078947368417,366.1184210526316,-439.67302631578957,475.0,-551.7384210526317,180.0,120.65394736842086,1241.3078947368417,1950.0,-877.9605263157895,-816.9407894736842
2695,2191.571052631579,400.9342105263158,-452.1072368421053,475.0,-561.6857894736843,180.0,95.78552631578941,1191.5710526315788,1950.0,-866.3552631578948,-799.5328947368421
2696,2181.4578947368423,403.9736842105263,-454.63552631578943,475.0,-563.7084210526316,180.0,90.72894736842113,1181.4578947368423,1950.0,-865.3421052631579,-798.0131578947369
2697,2357.5815789473686,348.9868421052632,-410.60460526315785,475.0,-528.4836842105262,180.0,178.7907894736843,1357.5815789473686,1950.0,-883.671052631579,-825.5065789473684
2698,2066.1236842105263,397.6184210526316,-483.4690789473684,475.0,-586.7752631578948,180.0,33.06184210526317,1066.1236842105263,1950.0,-867.4605263157895,-801.1907894736842
2699,2287.894736842105,408.9473684210526,-428.02631578947376,475.0,-542.421052631579,180.0,143.9473684210525,1287.894736842105,1950.0,-863.6842105263158,-795.5263157894738
2700,2190.907894736842,415.3026315789474,-452.2730263157895,475.0,-561.8184210526316,180.0,95.45394736842104,1190.907894736842,1950.0,-861.5657894736842,-792.3486842105262
2701,2282.092105263158,412.5394736842105,-429.4769736842105,475.0,-543.5815789473684,180.0,141.04605263157896,1282.092105263158,1950.0,-862.4868421052631,-793.7302631578948
2702,2126.3052631578944,371.3684210526316,-468.4236842105264,475.0,-574.7389473684211,180.0,63.152631578947194,1126.3052631578944,1950.0,-876.2105263157895,-814.3157894736842
2703,2304.6394736842103,403.1447368421052,-423.8401315789474,475.0,-539.0721052631579,180.0,152.31973684210516,1304.6394736842103,1950.0,-865.6184210526316,-798.4276315789474
2704,2147.084210526316,422.2105263157895,-463.228947368421,475.0,-570.5831578947368,180.0,73.54210526315796,1147.084210526316,1950.0,-859.2631578947369,-788.8947368421052
2705,2207.0999999999995,390.1578947368421,-448.22500000000014,475.0,-558.5800000000002,180.0,103.54999999999973,1207.0999999999995,1950.0,-869.9473684210526,-804.921052631579
2706,2448.2131578947365,392.6447368421052,-387.9467105263159,475.0,-510.3573684210527,180.0,224.10657894736823,1448.2131578947365,1950.0,-869.1184210526316,-803.6776315789474
2707,2448.2684210526318,366.3947368421052,-387.93289473684206,475.0,-510.34631578947364,180.0,224.13421052631588,1448.2684210526318,1950.0,-877.8684210526316,-816.8026315789474
2708,2033.2421052631576,411.7105263157895,-491.6894736842106,475.0,-593.3515789473685,180.0,16.621052631578777,1033.2421052631576,1950.0,-862.7631578947369,-794.1447368421052
2709,2278.057894736842,393.4736842105263,-430.48552631578946,475.0,-544.3884210526315,180.0,139.0289473684211,1278.0578947368422,1950.0,-868.8421052631579,-803.2631578947369
2710,2389.192105263158,393.75,-402.70197368421054,475.0,-522.1615789473684,180.0,194.5960526315789,1389.1921052631578,1950.0,-868.75,-803.125
2711,2056.176315789474,425.25,-485.95592105263154,475.0,-588.7647368421052,180.0,28.088157894736923,1056.1763157894738,1950.0,-858.25,-787.375
2712,2610.1894736842105,434.3684210526316,-347.4526315789474,475.0,-477.9621052631579,180.0,305.09473684210525,1610.1894736842105,1950.0,-855.2105263157895,-782.8157894736842
2713,2293.5315789473684,343.1842105263158,-426.6171052631579,475.0,-541.2936842105263,180.0,146.7657894736842,1293.5315789473684,1950.0,-885.6052631578948,-828.4078947368421
2714,2361.6157894736843,368.0526315789474,-409.5960526315789,475.0,-527.6768421052632,180.0,180.80789473684217,1361.6157894736843,1950.0,-877.3157894736842,-815.9736842105262
2715,2412.678947368421,379.6578947368421,-396.8302631578947,475.0,-517.4642105263158,180.0,206.3394736842106,1412.6789473684212,1950.0,-873.4473684210526,-810.171052631579
2716,1940.4,450.3947368421052,-514.9,475.0,-611.92,180.0,-29.799999999999955,940.4000000000001,1950.0,-849.8684210526316,-774.8026315789474
2717,2051.0368421052626,376.8947368421052,-487.24078947368434,475.0,-589.7926315789475,180.0,25.51842105263131,1051.0368421052626,1950.0,-874.3684210526316,-811.5526315789474
2718,2173.7763157894738,407.5657894736842,-456.55592105263156,475.0,-565.2447368421052,180.0,86.88815789473688,1173.7763157894738,1950.0,-864.1447368421052,-796.2171052631579
2719,2112.047368421053,379.6578947368421,-471.9881578947368,475.0,-577.5905263157895,180.0,56.023684210526426,1112.0473684210529,1950.0,-873.4473684210526,-810.171052631579
2720,2183.4473684210525,398.4473684210526,-454.1381578947369,475.0,-563.3105263157895,180.0,91.72368421052624,1183.4473684210525,1950.0,-867.1842105263158,-800.7763157894738
2721,2197.76052631579,373.3026315789474,-450.55986842105256,475.0,-560.447894736842,180.0,98.88026315789489,1197.7605263157898,1950.0,-875.5657894736842,-813.3486842105262
2722,2127.2447368421053,441.8289473684211,-468.18881578947367,475.0,-574.551052631579,180.0,63.62236842105267,1127.2447368421053,1950.0,-852.7236842105262,-779.0855263157895
2723,2262.363157894737,426.6315789473684,-434.40921052631575,475.0,-547.5273684210526,180.0,131.1815789473685,1262.363157894737,1950.0,-857.7894736842105,-786.6842105263158
2724,2048.992105263158,436.8552631578948,-487.7519736842105,475.0,-590.2015789473684,180.0,24.496052631579005,1048.992105263158,1950.0,-854.3815789473684,-781.5723684210526
2725,2262.915789473684,370.8157894736842,-434.271052631579,475.0,-547.4168421052632,180.0,131.45789473684204,1262.915789473684,1950.0,-876.3947368421052,-814.5921052631579
2726,2320.444736842105,402.0394736842105,-419.8888157894737,475.0,-535.911052631579,180.0,160.22236842105258,1320.4447368421052,1950.0,-865.9868421052631,-798.9802631578948
2727,2464.460526315789,369.4342105263158,-383.8848684210527,475.0,-507.1078947368422,180.0,232.23026315789457,1464.4605263157891,1950.0,-876.8552631578948,-815.2828947368421
2728,2433.015789473684,415.0263157894737,-391.746052631579,475.0,-513.3968421052632,180.0,216.507894736842,1433.015789473684,1950.0,-861.6578947368421,-792.4868421052631
2729,2321.8815789473683,358.3815789473684,-419.5296052631579,475.0,-535.6236842105263,180.0,160.94078947368416,1321.8815789473683,1950.0,-880.5394736842105,-820.8092105263158
2730,2147.8026315789475,381.5921052631579,-463.0493421052631,475.0,-570.4394736842105,180.0,73.90131578947376,1147.8026315789475,1950.0,-872.8026315789474,-809.203947368421
2731,2376.813157894737,420.8289473684211,-405.7967105263158,475.0,-524.6373684210527,180.0,188.40657894736842,1376.8131578947368,1950.0,-859.7236842105262,-789.5855263157895
2732,2316.078947368421,361.9736842105263,-420.9802631578948,475.0,-536.7842105263159,180.0,158.0394736842104,1316.0789473684208,1950.0,-879.3421052631579,-819.0131578947369
2733,2173.5,435.4736842105263,-456.625,475.0,-565.3,180.0,86.75,1173.5,1950.0,-854.8421052631579,-782.2631578947369
2734,2291.3763157894737,361.6973684210526,-427.1559210526316,475.0,-541.7247368421052,180.0,145.68815789473683,1291.3763157894737,1950.0,-879.4342105263158,-819.1513157894738
2735,2185.823684210526,303.1184210526316,-453.54407894736846,475.0,-562.8352631578948,180.0,92.91184210526308,1185.8236842105262,1950.0,-898.9605263157895,-848.4407894736842
2736,2193.173684210526,438.2368421052632,-451.7065789473685,475.0,-561.3652631578948,180.0,96.58684210526303,1193.173684210526,1950.0,-853.921052631579,-780.8815789473684
2737,2303.313157894737,384.9078947368421,-424.1717105263158,475.0,-539.3373684210526,180.0,151.65657894736842,1303.3131578947368,1950.0,-871.6973684210526,-807.546052631579
2738,2265.9,428.2894736842105,-433.525,475.0,-546.8199999999999,180.0,132.95000000000005,1265.9,1950.0,-857.2368421052631,-785.8552631578948
2739,2076.734210526316,383.8026315789474,-480.816447368421,475.0,-584.6531578947368,180.0,38.36710526315801,1076.734210526316,1950.0,-872.0657894736842,-808.0986842105262
2740,2414.7789473684206,396.7894736842105,-396.30526315789484,475.0,-517.0442105263159,180.0,207.38947368421032,1414.7789473684206,1950.0,-867.7368421052631,-801.6052631578948
2741,2125.2,436.0263157894737,-468.70000000000005,475.0,-574.96,180.0,62.59999999999991,1125.1999999999998,1950.0,-854.6578947368421,-781.9868421052631
2742,2363.826315789473,473.6052631578948,-409.04342105263174,475.0,-527.2347368421053,180.0,181.9131578947365,1363.826315789473,1950.0,-842.1315789473684,-763.1973684210526
2743,2321.55,440.7236842105263,-419.61249999999995,475.0,-535.6899999999999,180.0,160.7750000000001,1321.5500000000002,1950.0,-853.0921052631579,-779.6381578947369
2744,2303.1473684210528,444.8684210526316,-424.2131578947368,475.0,-539.3705263157894,180.0,151.57368421052638,1303.1473684210528,1950.0,-851.7105263157895,-777.5657894736842
2745,2343.6552631578948,340.6973684210526,-414.0861842105263,475.0,-531.2689473684211,180.0,171.82763157894738,1343.6552631578948,1950.0,-886.4342105263158,-829.6513157894738
2746,2234.8973684210528,432.9868421052632,-441.2756578947368,475.0,-553.0205263157894,180.0,117.44868421052638,1234.8973684210528,1950.0,-855.671052631579,-783.5065789473684
2747,2416.878947368421,432.7105263157895,-395.78026315789475,475.0,-516.6242105263158,180.0,208.4394736842105,1416.878947368421,1950.0,-855.7631578947369,-783.6447368421052
2748,2093.3131578947364,419.1710526315789,-476.6717105263159,475.0,-581.3373684210527,180.0,46.65657894736819,1093.3131578947364,1950.0,-860.2763157894738,-790.4144736842105
2749,2280.8763157894737,416.9605263157895,-429.7809210526316,475.0,-543.8247368421053,180.0,140.43815789473683,1280.8763157894737,1950.0,-861.0131578947369,-791.5197368421052
2750,2364.986842105264,363.9078947368421,-408.75328947368405,475.0,-527.0026315789472,180.0,182.4934210526319,1364.9868421052638,1950.0,-878.6973684210526,-818.046052631579
2751,2091.268421052632,347.6052631578948,-477.18289473684194,475.0,-581.7463157894736,180.0,45.63421052631611,1091.2684210526322,1950.0,-884.1315789473684,-826.1973684210526
2752,2295.3,405.0789473684211,-426.17499999999995,475.0,-540.9399999999999,180.0,147.6500000000001,1295.3000000000002,1950.0,-864.9736842105262,-797.4605263157895
2753,2190.6315789473683,424.4210526315789,-452.3421052631579,475.0,-561.8736842105263,180.0,95.31578947368416,1190.6315789473683,1950.0,-858.5263157894738,-787.7894736842105
2754,2194.5552631578944,411.4342105263158,-451.3611842105264,475.0,-561.0889473684211,180.0,97.2776315789472,1194.5552631578944,1950.0,-862.8552631578948,-794.2828947368421
2755,2182.2315789473687,393.4736842105263,-454.4421052631578,475.0,-563.5536842105263,180.0,91.11578947368434,1182.2315789473687,1950.0,-868.8421052631579,-803.2631578947369
2756,2486.6763157894734,414.1973684210526,-378.33092105263165,475.0,-502.6647368421053,180.0,243.3381578947367,1486.6763157894734,1950.0,-861.9342105263158,-792.9013157894738
2757,2253.6315789473683,412.2631578947368,-436.5921052631579,475.0,-549.2736842105263,180.0,126.81578947368416,1253.6315789473683,1950.0,-862.578947368421,-793.8684210526316
2758,2135.644736842105,388.2236842105263,-466.08881578947376,475.0,-572.871052631579,180.0,67.82236842105249,1135.644736842105,1950.0,-870.5921052631579,-805.8881578947369
2759,2167.5315789473684,348.7105263157895,-458.1171052631579,475.0,-566.4936842105263,180.0,83.76578947368421,1167.5315789473684,1950.0,-883.7631578947369,-825.6447368421052
2760,2326.523684210526,342.3552631578948,-418.3690789473685,475.0,-534.6952631578948,180.0,163.26184210526299,1326.523684210526,1950.0,-885.8815789473684,-828.8223684210526
2761,2249.7078947368423,406.4605263157895,-437.57302631578943,475.0,-550.0584210526315,180.0,124.85394736842113,1249.7078947368423,1950.0,-864.5131578947369,-796.7697368421052
2762,2552.4947368421053,397.3421052631579,-361.87631578947367,475.0,-489.50105263157894,180.0,276.24736842105267,1552.4947368421053,1950.0,-867.5526315789474,-801.328947368421
2763,2291.6526315789474,371.3684210526316,-427.08684210526314,475.0,-541.6694736842105,180.0,145.8263157894737,1291.6526315789474,1950.0,-876.2105263157895,-814.3157894736842
2764,2357.471052631579,392.0921052631579,-410.63223684210527,475.0,-528.5057894736842,180.0,178.73552631578946,1357.471052631579,1950.0,-869.3026315789474,-803.953947368421
2765,2187.094736842105,347.6052631578948,-453.2263157894738,475.0,-562.581052631579,180.0,93.5473684210524,1187.0947368421048,1950.0,-884.1315789473684,-826.1973684210526
2766,2443.7921052631577,407.0131578947368,-389.05197368421057,475.0,-511.24157894736845,180.0,221.89605263157887,1443.7921052631577,1950.0,-864.328947368421,-796.4934210526316
2767,2301.4894736842107,443.2105263157895,-424.62763157894733,475.0,-539.7021052631578,180.0,150.74473684210534,1301.4894736842107,1950.0,-852.2631578947369,-778.3947368421052
2768,1973.2263157894731,387.3947368421052,-506.6934210526317,475.0,-605.3547368421054,180.0,-13.38684210526344,973.2263157894731,1950.0,-870.8684210526316,-806.3026315789474
2769,2261.7552631578947,377.1710526315789,-434.56118421052633,475.0,-547.6489473684211,180.0,130.87763157894733,1261.7552631578947,1950.0,-874.2763157894738,-811.4144736842105
2770,2314.9184210526314,358.9342105263158,-421.27039473684215,475.0,-537.0163157894738,180.0,157.4592105263157,1314.9184210526314,1950.0,-880.3552631578948,-820.5328947368421
2771,2169.2447368421053,399.2763157894737,-457.68881578947367,475.0,-566.151052631579,180.0,84.62236842105267,1169.2447368421053,1950.0,-866.9078947368421,-800.3618421052631
2772,2187.978947368421,406.7368421052632,-453.0052631578948,475.0,-562.4042105263159,180.0,93.98947368421045,1187.978947368421,1950.0,-864.421052631579,-796.6315789473684
2773,2434.894736842105,349.2631578947368,-391.27631578947376,475.0,-513.021052631579,180.0,217.4473684210525,1434.894736842105,1950.0,-883.578947368421,-825.3684210526316
2774,2362.6657894736845,395.4078947368421,-409.33355263157887,475.0,-527.4668421052631,180.0,181.33289473684226,1362.6657894736845,1950.0,-868.1973684210526,-802.296052631579
2775,2097.071052631579,419.1710526315789,-475.7322368421053,475.0,-580.5857894736843,180.0,48.53552631578941,1097.0710526315788,1950.0,-860.2763157894738,-790.4144736842105
2776,2255.731578947368,363.6315789473684,-436.06710526315806,475.0,-548.8536842105265,180.0,127.86578947368389,1255.7315789473678,1950.0,-878.7894736842105,-818.1842105263158
2777,2281.0421052631577,403.9736842105263,-429.73947368421057,475.0,-543.7915789473684,180.0,140.52105263157887,1281.0421052631577,1950.0,-865.3421052631579,-798.0131578947369
2778,2380.626315789473,385.1842105263158,-404.8434210526317,475.0,-523.8747368421053,180.0,190.3131578947366,1380.6263157894732,1950.0,-871.6052631578948,-807.4078947368421
2779,2681.1473684210523,400.1052631578948,-329.7131578947369,475.0,-463.77052631578954,180.0,340.57368421052615,1681.1473684210523,1950.0,-866.6315789473684,-799.9473684210526
2780,2119.8394736842106,342.3552631578948,-470.04013157894735,475.0,-576.0321052631579,180.0,59.919736842105294,1119.8394736842106,1950.0,-885.8815789473684,-828.8223684210526
2781,2247.331578947368,407.8421052631579,-438.16710526315796,475.0,-550.5336842105264,180.0,123.66578947368407,1247.3315789473681,1950.0,-864.0526315789474,-796.078947368421
2782,2709.6078947368424,381.5921052631579,-322.5980263157894,475.0,-458.0784210526315,180.0,354.8039473684212,1709.6078947368424,1950.0,-872.8026315789474,-809.203947368421
2783,2398.310526315789,440.4473684210526,-400.42236842105274,475.0,-520.3378947368421,180.0,199.15526315789452,1398.310526315789,1950.0,-853.1842105263158,-779.7763157894738
2784,2269.768421052632,403.9736842105263,-432.55789473684194,475.0,-546.0463157894735,180.0,134.8842105263161,1269.7684210526322,1950.0,-865.3421052631579,-798.0131578947369
2785,2289.718421052632,369.4342105263158,-427.570394736842,475.0,-542.0563157894736,180.0,144.85921052631602,1289.718421052632,1950.0,-876.8552631578948,-815.2828947368421
2786,2348.9052631578948,449.2894736842105,-412.7736842105263,475.0,-530.218947368421,180.0,174.45263157894738,1348.9052631578948,1950.0,-850.2368421052631,-775.3552631578948
2787,2280.765789473684,375.5131578947368,-429.808552631579,475.0,-543.8468421052632,180.0,140.382894736842,1280.765789473684,1950.0,-874.828947368421,-812.2434210526316
2788,2289.2763157894738,438.5131578947368,-427.68092105263156,475.0,-542.1447368421052,180.0,144.63815789473688,1289.2763157894738,1950.0,-853.828947368421,-780.7434210526316
2789,2203.673684210526,429.9473684210526,-449.0815789473685,475.0,-559.2652631578948,180.0,101.83684210526303,1203.673684210526,1950.0,-856.6842105263158,-785.0263157894738
2790,2487.173684210526,403.4210526315789,-378.2065789473685,475.0,-502.5652631578948,180.0,243.58684210526303,1487.173684210526,1950.0,-865.5263157894738,-798.2894736842105
2791,2564.2657894736844,471.1184210526316,-358.9335526315789,475.0,-487.1468421052631,180.0,282.1328947368422,1564.2657894736844,1950.0,-842.9605263157895,-764.4407894736842
2792,2318.455263157895,388.7763157894737,-420.38618421052627,475.0,-536.3089473684211,180.0,159.22763157894747,1318.455263157895,1950.0,-870.4078947368421,-805.6118421052631
2793,2426.55,386.0131578947368,-393.36249999999995,475.0,-514.6899999999999,180.0,213.2750000000001,1426.5500000000002,1950.0,-871.328947368421,-806.9934210526316
2794,2329.507894736842,409.2236842105263,-417.6230263157895,475.0,-534.0984210526316,180.0,164.753947368421,1329.507894736842,1950.0,-863.5921052631579,-795.3881578947369
2795,2152.9973684210527,394.3026315789474,-461.75065789473683,475.0,-569.4005263157894,180.0,76.49868421052633,1152.9973684210527,1950.0,-868.5657894736842,-802.8486842105262
2796,2387.810526315789,382.9736842105263,-403.04736842105274,475.0,-522.4378947368422,180.0,193.90526315789452,1387.810526315789,1950.0,-872.3421052631579,-808.5131578947369
2797,2204.115789473684,351.4736842105263,-448.971052631579,475.0,-559.1768421052632,180.0,102.05789473684194,1204.115789473684,1950.0,-882.8421052631579,-824.2631578947369
2798,2249.984210526316,359.7631578947368,-437.503947368421,475.0,-550.0031578947368,180.0,124.99210526315801,1249.984210526316,1950.0,-880.078947368421,-820.1184210526316
2799,2409.1421052631576,396.7894736842105,-397.7144736842106,475.0,-518.1715789473685,180.0,204.57105263157882,1409.1421052631576,1950.0,-867.7368421052631,-801.6052631578948
2800,2089.002631578948,418.6184210526316,-477.74934210526305,475.0,-582.1994736842105,180.0,44.50131578947389,1089.0026315789478,1950.0,-860.4605263157895,-790.6907894736842
2801,2129.676315789474,395.4078947368421,-467.58092105263154,475.0,-574.0647368421053,180.0,64.83815789473692,1129.6763157894738,1950.0,-868.1973684210526,-802.296052631579
2802,2162.7236842105262,405.9078947368421,-459.31907894736844,475.0,-567.4552631578947,180.0,81.36184210526312,1162.7236842105262,1950.0,-864.6973684210526,-797.046052631579
2803,2253.7973684210524,342.9078947368421,-436.5506578947369,475.0,-549.2405263157896,180.0,126.8986842105262,1253.7973684210524,1950.0,-885.6973684210526,-828.546052631579
2804,2171.4,408.9473684210526,-457.15,475.0,-565.72,180.0,85.70000000000005,1171.4,1950.0,-863.6842105263158,-795.5263157894738
2805,2155.3736842105263,402.3157894736842,-461.1565789473684,475.0,-568.9252631578947,180.0,77.68684210526317,1155.3736842105263,1950.0,-865.8947368421052,-798.8421052631579
2806,2040.481578947368,392.6447368421052,-489.879605263158,475.0,-591.9036842105264,180.0,20.240789473684003,1040.481578947368,1950.0,-869.1184210526316,-803.6776315789474
2807,2320.9973684210527,402.5921052631579,-419.75065789473683,475.0,-535.8005263157895,180.0,160.49868421052633,1320.9973684210527,1950.0,-865.8026315789474,-798.703947368421
2808,2269.1605263157894,335.7236842105263,-432.70986842105265,475.0,-546.1678947368421,180.0,134.5802631578947,1269.1605263157894,1950.0,-888.0921052631579,-832.1381578947369
2809,2187.536842105263,391.2631578947368,-453.11578947368423,475.0,-562.4926315789473,180.0,93.76842105263154,1187.536842105263,1950.0,-869.578947368421,-804.3684210526316
2810,2138.3526315789472,332.6842105263158,-465.4118421052632,475.0,-572.3294736842106,180.0,69.17631578947362,1138.3526315789472,1950.0,-889.1052631578948,-833.6578947368421
2811,2239.042105263158,418.3421052631579,-440.23947368421045,475.0,-552.1915789473684,180.0,119.5210526315791,1239.0421052631582,1950.0,-860.5526315789474,-790.828947368421
2812,2318.455263157895,369.9868421052632,-420.38618421052627,475.0,-536.3089473684211,180.0,159.22763157894747,1318.455263157895,1950.0,-876.671052631579,-815.0065789473684
2813,2403.284210526316,389.0526315789474,-399.17894736842095,475.0,-519.3431578947368,180.0,201.6421052631581,1403.2842105263162,1950.0,-870.3157894736842,-805.4736842105262
2814,2283.0868421052637,362.8026315789474,-429.2282894736841,475.0,-543.3826315789472,180.0,141.54342105263186,1283.0868421052637,1950.0,-879.0657894736842,-818.5986842105262
2815,2224.6736842105265,357.0,-443.83157894736837,475.0,-555.0652631578947,180.0,112.33684210526326,1224.6736842105265,1950.0,-881.0,-821.5
2816,2144.7078947368423,386.0131578947368,-463.82302631578943,475.0,-571.0584210526315,180.0,72.35394736842113,1144.7078947368423,1950.0,-871.328947368421,-806.9934210526316
2817,2236.610526315789,380.2105263157895,-440.8473684210528,475.0,-552.6778947368423,180.0,118.30526315789439,1236.6105263157888,1950.0,-873.2631578947369,-809.8947368421052
2818,2266.618421052632,415.8552631578948,-433.34539473684197,475.0,-546.6763157894736,180.0,133.30921052631606,1266.6184210526321,1950.0,-861.3815789473684,-792.0723684210526
2819,2463.134210526316,398.1710526315789,-384.216447368421,475.0,-507.3731578947368,180.0,231.56710526315806,1463.134210526316,1950.0,-867.2763157894738,-800.9144736842105
2820,2427.6,403.9736842105263,-393.1,475.0,-514.48,180.0,213.79999999999995,1427.6,1950.0,-865.3421052631579,-798.0131578947369
2821,2511.378947368421,376.8947368421052,-372.15526315789475,475.0,-497.7242105263158,180.0,255.6894736842105,1511.378947368421,1950.0,-874.3684210526316,-811.5526315789474
2822,2409.8605263157897,365.5657894736842,-397.5348684210526,475.0,-518.0278947368421,180.0,204.93026315789484,1409.8605263157897,1950.0,-878.1447368421052,-817.2171052631579
2823,2266.121052631579,370.2631578947368,-433.46973684210525,475.0,-546.7757894736842,180.0,133.0605263157895,1266.121052631579,1950.0,-876.578947368421,-814.8684210526316
2824,2230.3657894736843,415.3026315789474,-442.4085526315789,475.0,-553.9268421052632,180.0,115.18289473684217,1230.3657894736843,1950.0,-861.5657894736842,-792.3486842105262
2825,2421.576315789473,390.4342105263158,-394.60592105263174,475.0,-515.6847368421054,180.0,210.7881578947365,1421.576315789473,1950.0,-869.8552631578948,-804.7828947368421
2826,2246.8894736842108,373.5789473684211,-438.2776315789473,475.0,-550.6221052631579,180.0,123.44473684210539,1246.8894736842108,1950.0,-875.4736842105262,-813.2105263157895
2827,2189.636842105263,352.0263157894737,-452.59078947368425,475.0,-562.0726315789474,180.0,94.81842105263149,1189.636842105263,1950.0,-882.6578947368421,-823.9868421052631
2828,2661.6394736842103,403.1447368421052,-334.5901315789474,475.0,-467.67210526315796,180.0,330.81973684210516,1661.6394736842103,1950.0,-865.6184210526316,-798.4276315789474
2829,2570.7315789473687,415.5789473684211,-357.3171052631578,475.0,-485.85368421052624,180.0,285.36578947368434,1570.7315789473687,1950.0,-861.4736842105262,-792.2105263157895
2830,2319.560526315789,352.3026315789474,-420.10986842105274,475.0,-536.0878947368421,180.0,159.78026315789452,1319.560526315789,1950.0,-882.5657894736842,-823.8486842105262
2831,2131.1684210526314,381.8684210526316,-467.20789473684215,475.0,-573.7663157894738,180.0,65.5842105263157,1131.1684210526314,1950.0,-872.7105263157895,-809.0657894736842
2832,2147.3605263157897,422.4868421052632,-463.1598684210526,475.0,-570.5278947368421,180.0,73.68026315789484,1147.3605263157897,1950.0,-859.171052631579,-788.7565789473684
2833,2164.3815789473683,313.6184210526316,-458.9046052631579,475.0,-567.1236842105263,180.0,82.19078947368416,1164.3815789473683,1950.0,-895.4605263157895,-843.1907894736842
2834,2288.336842105263,424.4210526315789,-427.9157894736843,475.0,-542.3326315789475,180.0,144.1684210526314,1288.3368421052628,1950.0,-858.5263157894738,-787.7894736842105
2835,2255.1236842105263,455.0921052631579,-436.2190789473684,475.0,-548.9752631578947,180.0,127.56184210526317,1255.1236842105263,1950.0,-848.3026315789474,-772.453947368421
2836,2382.836842105263,406.1842105263158,-404.2907894736843,475.0,-523.4326315789474,180.0,191.4184210526314,1382.8368421052628,1950.0,-864.6052631578948,-796.9078947368421
2837,1995.5526315789475,360.8684210526316,-501.1118421052631,475.0,-600.8894736842105,180.0,-2.223684210526244,995.5526315789475,1950.0,-879.7105263157895,-819.5657894736842
2838,2425.444736842105,356.7236842105263,-393.6388157894737,475.0,-514.911052631579,180.0,212.72236842105258,1425.4447368421052,1950.0,-881.0921052631579,-821.6381578947369
2839,2206.271052631579,370.5394736842105,-448.4322368421052,475.0,-558.7457894736842,180.0,103.13552631578955,1206.271052631579,1950.0,-876.4868421052631,-814.7302631578948
2840,2407.484210526316,366.9473684210526,-398.128947368421,475.0,-518.5031578947368,180.0,203.742105263158,1407.484210526316,1950.0,-877.6842105263158,-816.5263157894738
2841,2357.581578947368,367.7763157894737,-410.60460526315796,475.0,-528.4836842105263,180.0,178.79078947368407,1357.5815789473681,1950.0,-877.4078947368421,-816.1118421052631
2842,2214.394736842105,344.8421052631579,-446.40131578947376,475.0,-557.121052631579,180.0,107.19736842105249,1214.394736842105,1950.0,-885.0526315789474,-827.578947368421
2843,2187.315789473684,430.5,-453.17105263157896,475.0,-562.5368421052632,180.0,93.65789473684208,1187.3157894736842,1950.0,-856.5,-784.75
2844,2157.252631578948,336.5526315789474,-460.68684210526305,475.0,-568.5494736842104,180.0,78.62631578947389,1157.2526315789478,1950.0,-887.8157894736842,-831.7236842105262
2845,2092.3184210526315,440.7236842105263,-476.9203947368421,475.0,-581.5363157894737,180.0,46.159210526315746,1092.3184210526315,1950.0,-853.0921052631579,-779.6381578947369
2846,2206.878947368421,401.2105263157895,-448.28026315789475,475.0,-558.6242105263158,180.0,103.4394736842105,1206.878947368421,1950.0,-866.2631578947369,-799.3947368421052
2847,2225.7236842105262,346.7763157894737,-443.56907894736844,475.0,-554.8552631578948,180.0,112.86184210526312,1225.7236842105262,1950.0,-884.4078947368421,-826.6118421052631
2848,2219.202631578947,428.5657894736842,-445.1993421052632,475.0,-556.1594736842105,180.0,109.60131578947357,1219.2026315789471,1950.0,-857.1447368421052,-785.7171052631579
2849,2289.607894736842,412.5394736842105,-427.5980263157895,475.0,-542.0784210526316,180.0,144.80394736842095,1289.607894736842,1950.0,-862.4868421052631,-793.7302631578948
2850,2452.578947368421,357.5526315789474,-386.8552631578948,475.0,-509.48421052631585,180.0,226.2894736842104,1452.5789473684208,1950.0,-880.8157894736842,-821.2236842105262
2851,2249.1552631578948,424.6973684210526,-437.7111842105263,475.0,-550.1689473684211,180.0,124.57763157894738,1249.1552631578948,1950.0,-858.4342105263158,-787.6513157894738
2852,2229.978947368421,382.9736842105263,-442.5052631578948,475.0,-554.0042105263158,180.0,114.98947368421045,1229.978947368421,1950.0,-872.3421052631579,-808.5131578947369
2853,2325.915789473684,433.8157894736842,-418.521052631579,475.0,-534.8168421052632,180.0,162.95789473684204,1325.915789473684,1950.0,-855.3947368421052,-783.0921052631579
2854,2377.6421052631576,337.1052631578948,-405.5894736842106,475.0,-524.4715789473685,180.0,188.82105263157882,1377.6421052631576,1950.0,-887.6315789473684,-831.4473684210526
2855,2111.107894736842,365.5657894736842,-472.2230263157895,475.0,-577.7784210526316,180.0,55.55394736842095,1111.107894736842,1950.0,-878.1447368421052,-817.2171052631579
2856,2411.076315789473,445.6973684210526,-397.23092105263174,475.0,-517.7847368421054,180.0,205.5381578947365,1411.076315789473,1950.0,-851.4342105263158,-777.1513157894738
2857,2360.786842105263,414.1973684210526,-409.80328947368423,475.0,-527.8426315789474,180.0,180.39342105263154,1360.786842105263,1950.0,-861.9342105263158,-792.9013157894738
2858,2357.968421052632,428.2894736842105,-410.507894736842,475.0,-528.4063157894736,180.0,178.98421052631602,1357.968421052632,1950.0,-857.2368421052631,-785.8552631578948
2859,2558.3526315789472,386.2894736842105,-360.4118421052632,475.0,-488.32947368421054,180.0,279.1763157894736,1558.3526315789472,1950.0,-871.2368421052631,-806.8552631578948
2860,2476.95,393.1973684210526,-380.76250000000005,475.0,-504.61,180.0,238.4749999999999,1476.9499999999998,1950.0,-868.9342105263158,-803.4013157894738
2861,2334.702631578947,356.1710526315789,-416.3243421052632,475.0,-533.0594736842106,180.0,167.35131578947357,1334.7026315789471,1950.0,-881.2763157894738,-821.9144736842105
2862,2205.055263157895,337.3815789473684,-448.7361842105263,475.0,-558.988947368421,180.0,102.52763157894742,1205.0552631578948,1950.0,-887.5394736842105,-831.3092105263158
2863,2475.236842105264,436.5789473684211,-381.19078947368405,475.0,-504.95263157894726,180.0,237.6184210526319,1475.2368421052638,1950.0,-854.4736842105262,-781.7105263157895
2864,2338.902631578947,362.25,-415.27434210526326,475.0,-532.2194736842106,180.0,169.45131578947348,1338.902631578947,1950.0,-879.25,-818.875
2865,2242.136842105263,460.8947368421052,-439.46578947368425,475.0,-551.5726315789474,180.0,121.06842105263149,1242.136842105263,1950.0,-846.3684210526316,-769.5526315789474
2866,2275.460526315789,387.1184210526316,-431.1348684210527,475.0,-544.9078947368422,180.0,137.73026315789457,1275.4605263157891,1950.0,-870.9605263157895,-806.4407894736842
2867,2173.886842105263,355.0657894736842,-456.52828947368425,475.0,-565.2226315789474,180.0,86.94342105263149,1173.886842105263,1950.0,-881.6447368421052,-822.4671052631579
2868,2471.8657894736843,374.9605263157895,-382.0335526315789,475.0,-505.6268421052631,180.0,235.93289473684217,1471.8657894736843,1950.0,-875.0131578947369,-812.5197368421052
2869,1813.7921052631575,406.4605263157895,-546.5519736842107,475.0,-637.2415789473685,180.0,-93.10394736842125,813.7921052631575,1950.0,-864.5131578947369,-796.7697368421052
2870,2256.33947368421,403.6973684210526,-435.91513157894747,475.0,-548.732105263158,180.0,128.16973684210507,1256.3394736842101,1950.0,-865.4342105263158,-798.1513157894738
2871,2102.3763157894737,360.5921052631579,-474.4059210526316,475.0,-579.5247368421053,180.0,51.18815789473683,1102.3763157894737,1950.0,-879.8026315789474,-819.703947368421
2872,2201.021052631578,421.6578947368421,-449.74473684210545,475.0,-559.7957894736844,180.0,100.5105263157891,1201.0210526315782,1950.0,-859.4473684210526,-789.171052631579
2873,2095.5236842105264,411.9868421052632,-476.1190789473684,475.0,-580.8952631578948,180.0,47.76184210526321,1095.5236842105264,1950.0,-862.671052631579,-794.0065789473684
2874,2140.7289473684214,406.4605263157895,-464.81776315789466,475.0,-571.8542105263157,180.0,70.36447368421068,1140.7289473684214,1950.0,-864.5131578947369,-796.7697368421052
2875,2245.0105263157893,411.1578947368421,-438.74736842105267,475.0,-550.9978947368421,180.0,122.50526315789466,1245.0105263157893,1950.0,-862.9473684210526,-794.421052631579
2876,2277.836842105263,432.7105263157895,-430.5407894736843,475.0,-544.4326315789474,180.0,138.9184210526314,1277.8368421052628,1950.0,-855.7631578947369,-783.6447368421052
2877,2145.3710526315786,371.6447368421052,-463.65723684210536,475.0,-570.9257894736843,180.0,72.68552631578928,1145.3710526315786,1950.0,-876.1184210526316,-814.1776315789474
2878,2332.934210526316,397.6184210526316,-416.76644736842104,475.0,-533.4131578947369,180.0,166.46710526315792,1332.9342105263158,1950.0,-867.4605263157895,-801.1907894736842
2879,2195.6052631578946,420.0,-451.09868421052636,475.0,-560.8789473684211,180.0,97.80263157894728,1195.6052631578946,1950.0,-860.0,-790.0
2880,2396.3763157894737,382.1447368421052,-400.9059210526316,475.0,-520.7247368421052,180.0,198.18815789473683,1396.3763157894737,1950.0,-872.6184210526316,-808.9276315789474
2881,2362.444736842105,425.25,-409.3888157894737,475.0,-527.511052631579,180.0,181.22236842105258,1362.4447368421052,1950.0,-858.25,-787.375
2882,2317.294736842105,395.1315789473684,-420.67631578947373,475.0,-536.541052631579,180.0,158.64736842105253,1317.294736842105,1950.0,-868.2894736842105,-802.4342105263158
2883,2304.307894736842,410.3289473684211,-423.92302631578946,475.0,-539.1384210526315,180.0,152.1539473684211,1304.3078947368422,1950.0,-863.2236842105262,-794.8355263157895
2884,2235.228947368421,416.4078947368421,-441.1927631578948,475.0,-552.9542105263158,180.0,117.61447368421045,1235.228947368421,1950.0,-861.1973684210526,-791.796052631579
2885,2214.5052631578947,442.6578947368421,-446.37368421052633,475.0,-557.098947368421,180.0,107.25263157894733,1214.5052631578947,1950.0,-852.4473684210526,-778.671052631579
2886,2110.8315789473686,393.4736842105263,-472.29210526315785,475.0,-577.8336842105263,180.0,55.4157894736843,1110.8315789473686,1950.0,-868.8421052631579,-803.2631578947369
2887,2033.1315789473683,445.4210526315789,-491.7171052631579,475.0,-593.3736842105263,180.0,16.565789473684163,1033.1315789473683,1950.0,-851.5263157894738,-777.2894736842105
2888,2418.978947368421,393.4736842105263,-395.2552631578948,475.0,-516.2042105263158,180.0,209.48947368421045,1418.978947368421,1950.0,-868.8421052631579,-803.2631578947369
2889,2267.6684210526314,415.0263157894737,-433.08289473684215,475.0,-546.4663157894737,180.0,133.8342105263157,1267.6684210526314,1950.0,-861.6578947368421,-792.4868421052631
2890,2487.4500000000003,347.3289473684211,-378.13749999999993,475.0,-502.50999999999993,180.0,243.72500000000014,1487.4500000000003,1950.0,-884.2236842105262,-826.3355263157895
2891,2281.042105263158,385.1842105263158,-429.73947368421045,475.0,-543.7915789473684,180.0,140.5210526315791,1281.0421052631582,1950.0,-871.6052631578948,-807.4078947368421
2892,2171.565789473684,358.3815789473684,-457.10855263157896,475.0,-565.6868421052632,180.0,85.78289473684208,1171.5657894736842,1950.0,-880.5394736842105,-820.8092105263158
2893,2157.3078947368417,347.8815789473684,-460.67302631578957,475.0,-568.5384210526316,180.0,78.65394736842086,1157.3078947368417,1950.0,-884.0394736842105,-826.0592105263158
2894,2243.463157894737,394.5789473684211,-439.13421052631577,475.0,-551.3073684210526,180.0,121.73157894736846,1243.463157894737,1950.0,-868.4736842105262,-802.7105263157895
2895,2057.613157894737,428.5657894736842,-485.59671052631575,475.0,-588.4773684210526,180.0,28.806578947368507,1057.613157894737,1950.0,-857.1447368421052,-785.7171052631579
2896,2377.4763157894736,350.0921052631579,-405.6309210526316,475.0,-524.5047368421053,180.0,188.7381578947368,1377.4763157894736,1950.0,-883.3026315789474,-824.953947368421
2897,2247.9394736842105,391.5394736842105,-438.0151315789474,475.0,-550.4121052631579,180.0,123.96973684210525,1247.9394736842105,1950.0,-869.4868421052631,-804.2302631578948
2898,2319.394736842105,412.2631578947368,-420.15131578947376,475.0,-536.121052631579,180.0,159.6973684210525,1319.394736842105,1950.0,-862.578947368421,-793.8684210526316
2899,2235.560526315789,399.8289473684211,-441.10986842105274,475.0,-552.8878947368422,180.0,117.78026315789452,1235.560526315789,1950.0,-866.7236842105262,-800.0855263157895
2900,2347.5236842105264,391.5394736842105,-413.1190789473684,475.0,-530.4952631578947,180.0,173.7618421052632,1347.5236842105264,1950.0,-869.4868421052631,-804.2302631578948
2901,2616.2131578947365,335.17105263157896,-345.9467105263159,475.0,-476.75736842105266,180.0,308.10657894736823,1616.2131578947365,1950.0,-888.2763157894736,-832.4144736842105
2902,2079.9394736842105,449.0131578947368,-480.0151315789474,475.0,-584.0121052631579,180.0,39.96973684210525,1079.9394736842105,1950.0,-850.328947368421,-775.4934210526316
2903,2392.8394736842106,399.2763157894737,-401.79013157894735,475.0,-521.4321052631578,180.0,196.4197368421053,1392.8394736842106,1950.0,-866.9078947368421,-800.3618421052631
2904,2197.9815789473687,409.2236842105263,-450.5046052631578,475.0,-560.4036842105263,180.0,98.99078947368434,1197.9815789473687,1950.0,-863.5921052631579,-795.3881578947369
2905,2535.363157894737,408.3947368421052,-366.15921052631575,475.0,-492.9273684210526,180.0,267.6815789473685,1535.363157894737,1950.0,-863.8684210526316,-795.8026315789474
2906,2485.294736842105,365.8421052631579,-378.67631578947373,475.0,-502.941052631579,180.0,242.64736842105253,1485.294736842105,1950.0,-878.0526315789474,-817.078947368421
2907,2304.307894736842,391.5394736842105,-423.92302631578946,475.0,-539.1384210526315,180.0,152.1539473684211,1304.3078947368422,1950.0,-869.4868421052631,-804.2302631578948
2908,2119.231578947368,349.2631578947368,-470.19210526315806,475.0,-576.1536842105264,180.0,59.61578947368389,1119.2315789473678,1950.0,-883.578947368421,-825.3684210526316
2909,2596.152631578947,394.0263157894737,-350.96184210526326,475.0,-480.76947368421065,180.0,298.0763157894735,1596.152631578947,1950.0,-868.6578947368421,-802.9868421052631
2910,2048.1078947368424,415.3026315789474,-487.9730263157894,475.0,-590.3784210526316,180.0,24.053947368421177,1048.1078947368424,1950.0,-861.5657894736842,-792.3486842105262
2911,2460.813157894737,382.6973684210526,-384.7967105263158,475.0,-507.83736842105264,180.0,230.40657894736842,1460.8131578947368,1950.0,-872.4342105263158,-808.6513157894738
2912,2098.3973684210528,399.8289473684211,-475.4006578947368,475.0,-580.3205263157895,180.0,49.19868421052638,1098.3973684210528,1950.0,-866.7236842105262,-800.0855263157895
2913,2195.992105263158,395.9605263157895,-451.0019736842105,475.0,-560.8015789473684,180.0,97.996052631579,1195.992105263158,1950.0,-868.0131578947369,-802.0197368421052
2914,2364.323684210526,406.4605263157895,-408.91907894736846,475.0,-527.1352631578948,180.0,182.16184210526308,1364.3236842105262,1950.0,-864.5131578947369,-796.7697368421052
2915,2299.942105263158,370.2631578947368,-425.01447368421054,475.0,-540.0115789473684,180.0,149.9710526315789,1299.9421052631578,1950.0,-876.578947368421,-814.8684210526316
2916,2364.544736842105,404.8026315789474,-408.86381578947373,475.0,-527.091052631579,180.0,182.27236842105253,1364.544736842105,1950.0,-865.0657894736842,-797.5986842105262
2917,2057.4473684210525,432.1578947368421,-485.6381578947369,475.0,-588.5105263157895,180.0,28.723684210526244,1057.4473684210525,1950.0,-855.9473684210526,-783.921052631579
2918,2149.073684210526,350.9210526315789,-462.73157894736846,475.0,-570.1852631578947,180.0,74.53684210526308,1149.0736842105262,1950.0,-883.0263157894738,-824.5394736842105
2919,2290.6026315789472,456.75,-427.3493421052632,475.0,-541.8794736842106,180.0,145.30131578947362,1290.6026315789472,1950.0,-847.75,-771.625
2920,2150.952631578948,426.0789473684211,-462.261842105263,475.0,-569.8094736842104,180.0,75.47631578947403,1150.952631578948,1950.0,-857.9736842105262,-786.9605263157895
2921,2156.313157894737,407.0131578947368,-460.9217105263158,475.0,-568.7373684210527,180.0,78.15657894736842,1156.3131578947368,1950.0,-864.328947368421,-796.4934210526316
2922,2300.328947368421,402.5921052631579,-424.9177631578948,475.0,-539.9342105263158,180.0,150.1644736842104,1300.3289473684208,1950.0,-865.8026315789474,-798.703947368421
2923,2512.705263157895,357.5526315789474,-371.82368421052627,475.0,-497.45894736842104,180.0,256.35263157894747,1512.705263157895,1950.0,-880.8157894736842,-821.2236842105262
2924,2396.984210526316,384.6315789473684,-400.753947368421,475.0,-520.6031578947368,180.0,198.492105263158,1396.984210526316,1950.0,-871.7894736842105,-807.6842105263158
2925,2174.8815789473683,361.6973684210526,-456.2796052631579,475.0,-565.0236842105263,180.0,87.44078947368416,1174.8815789473683,1950.0,-879.4342105263158,-819.1513157894738
2926,2203.563157894737,360.3157894736842,-449.1092105263158,475.0,-559.2873684210526,180.0,101.78157894736842,1203.5631578947368,1950.0,-879.8947368421052,-819.8421052631579
2927,2361.118421052632,378.8289473684211,-409.72039473684197,475.0,-527.7763157894735,180.0,180.55921052631606,1361.1184210526321,1950.0,-873.7236842105262,-810.5855263157895
2928,2244.5684210526315,376.8947368421052,-438.8578947368421,475.0,-551.0863157894737,180.0,122.28421052631575,1244.5684210526315,1950.0,-874.3684210526316,-811.5526315789474
2929,2244.3473684210526,387.9473684210526,-438.91315789473686,475.0,-551.1305263157894,180.0,122.17368421052629,1244.3473684210526,1950.0,-870.6842105263158,-806.0263157894738
2930,2264.1315789473683,357.0,-433.9671052631579,475.0,-547.1736842105263,180.0,132.06578947368416,1264.1315789473683,1950.0,-881.0,-821.5
2931,2185.7684210526318,423.3157894736842,-453.55789473684206,475.0,-562.8463157894737,180.0,92.88421052631588,1185.7684210526318,1950.0,-858.8947368421052,-788.3421052631579
2932,2076.292105263158,377.7236842105263,-480.92697368421045,475.0,-584.7415789473683,180.0,38.146052631579096,1076.2921052631582,1950.0,-874.0921052631579,-811.1381578947369
2933,2565.2605263157893,458.9605263157895,-358.68486842105267,475.0,-486.94789473684216,180.0,282.63026315789466,1565.2605263157893,1950.0,-847.0131578947369,-770.5197368421052
2934,2477.1710526315787,391.5394736842105,-380.7072368421053,475.0,-504.5657894736843,180.0,238.58552631578937,1477.1710526315787,1950.0,-869.4868421052631,-804.2302631578948
2935,2179.468421052632,343.7368421052632,-455.132894736842,475.0,-564.1063157894736,180.0,89.73421052631602,1179.468421052632,1950.0,-885.421052631579,-828.1315789473684
2936,2115.363157894737,382.9736842105263,-471.15921052631575,475.0,-576.9273684210526,180.0,57.68157894736851,1115.363157894737,1950.0,-872.3421052631579,-808.5131578947369
2937,2289.6631578947367,395.6842105263158,-427.5842105263158,475.0,-542.0673684210526,180.0,144.83157894736837,1289.6631578947367,1950.0,-868.1052631578948,-802.1578947368421
2938,2250.0394736842104,427.4605263157895,-437.4901315789474,475.0,-549.9921052631579,180.0,125.0197368421052,1250.0394736842104,1950.0,-857.5131578947369,-786.2697368421052
2939,2171.234210526316,412.5394736842105,-457.191447368421,475.0,-565.7531578947368,180.0,85.61710526315801,1171.234210526316,1950.0,-862.4868421052631,-793.7302631578948
2940,2363.9921052631576,376.0657894736842,-409.0019736842106,475.0,-527.2015789473685,180.0,181.99605263157878,1363.9921052631576,1950.0,-874.6447368421052,-811.9671052631579
2941,2373.828947368421,438.5131578947368,-406.5427631578948,475.0,-525.2342105263158,180.0,186.9144736842104,1373.8289473684208,1950.0,-853.828947368421,-780.7434210526316
2942,2339.786842105263,374.4078947368421,-415.05328947368423,475.0,-532.0426315789474,180.0,169.89342105263154,1339.786842105263,1950.0,-875.1973684210526,-812.796052631579
2943,2271.481578947368,323.0131578947368,-432.12960526315806,475.0,-545.7036842105265,180.0,135.7407894736839,1271.4815789473678,1950.0,-892.328947368421,-838.4934210526316
2944,1994.5578947368415,401.2105263157895,-501.3605263157896,475.0,-601.0884210526317,180.0,-2.721052631579255,994.5578947368415,1950.0,-866.2631578947369,-799.3947368421052
2945,2300.55,419.7236842105263,-424.86249999999995,475.0,-539.89,180.0,150.2750000000001,1300.5500000000002,1950.0,-860.0921052631579,-790.1381578947369
2946,2510.4394736842105,381.5921052631579,-372.3901315789474,475.0,-497.9121052631579,180.0,255.21973684210525,1510.4394736842105,1950.0,-872.8026315789474,-809.203947368421
2947,2249.7631578947367,323.84210526315786,-437.55921052631584,475.0,-550.0473684210526,180.0,124.88157894736833,1249.7631578947367,1950.0,-892.0526315789474,-838.078947368421
2948,2009.2026315789471,397.0657894736842,-497.6993421052632,475.0,-598.1594736842105,180.0,4.601315789473574,1009.2026315789471,1950.0,-867.6447368421052,-801.4671052631579
2949,2151.8368421052637,381.8684210526316,-462.0407894736841,475.0,-569.6326315789472,180.0,75.91842105263186,1151.8368421052637,1950.0,-872.7105263157895,-809.0657894736842
2950,2217.821052631579,352.0263157894737,-445.5447368421053,475.0,-556.4357894736843,180.0,108.91052631578941,1217.8210526315788,1950.0,-882.6578947368421,-823.9868421052631
2951,2210.084210526316,372.4736842105263,-447.478947368421,475.0,-557.9831578947368,180.0,105.04210526315796,1210.084210526316,1950.0,-875.8421052631579,-813.7631578947369
2952,2201.3526315789472,414.4736842105263,-449.6618421052632,475.0,-559.7294736842106,180.0,100.67631578947362,1201.3526315789472,1950.0,-861.8421052631579,-792.7631578947369
2953,2146.9736842105262,437.1315789473684,-463.25657894736844,475.0,-570.6052631578948,180.0,73.48684210526312,1146.9736842105262,1950.0,-854.2894736842105,-781.4342105263158
2954,2241.0868421052637,367.7763157894737,-439.7282894736841,475.0,-551.7826315789473,180.0,120.54342105263186,1241.0868421052637,1950.0,-877.4078947368421,-816.1118421052631
2955,2365.65,405.9078947368421,-408.5875,475.0,-526.87,180.0,182.82500000000005,1365.65,1950.0,-864.6973684210526,-797.046052631579
2956,2133.1026315789472,402.5921052631579,-466.7243421052632,475.0,-573.3794736842106,180.0,66.55131578947362,1133.1026315789472,1950.0,-865.8026315789474,-798.703947368421
2957,2291.928947368421,362.25,-427.0177631578947,475.0,-541.6142105263158,180.0,145.9644736842106,1291.9289473684212,1950.0,-879.25,-818.875
2958,2164.5473684210524,366.3947368421052,-458.8631578947369,475.0,-567.0905263157895,180.0,82.2736842105262,1164.5473684210524,1950.0,-877.8684210526316,-816.8026315789474
2959,2180.1315789473683,357.5526315789474,-454.9671052631579,475.0,-563.9736842105264,180.0,90.06578947368416,1180.1315789473683,1950.0,-880.8157894736842,-821.2236842105262
2960,2175.213157894737,410.8815789473684,-456.19671052631577,475.0,-564.9573684210526,180.0,87.60657894736846,1175.213157894737,1950.0,-863.0394736842105,-794.5592105263158
2961,2157.0315789473684,450.9473684210526,-460.7421052631579,475.0,-568.5936842105264,180.0,78.51578947368421,1157.0315789473684,1950.0,-849.6842105263158,-774.5263157894738
2962,1991.4631578947365,405.6315789473684,-502.1342105263159,475.0,-601.7073684210527,180.0,-4.268421052631766,991.4631578947365,1950.0,-864.7894736842105,-797.1842105263158
2963,2276.2894736842104,387.9473684210526,-430.9276315789474,475.0,-544.7421052631579,180.0,138.1447368421052,1276.2894736842104,1950.0,-870.6842105263158,-806.0263157894738
2964,2222.8499999999995,340.1447368421052,-444.28750000000014,475.0,-555.4300000000001,180.0,111.42499999999973,1222.8499999999995,1950.0,-886.6184210526316,-829.9276315789474
2965,2179.578947368421,403.9736842105263,-455.1052631578948,475.0,-564.0842105263158,180.0,89.7894736842104,1179.5789473684208,1950.0,-865.3421052631579,-798.0131578947369
2966,2491.7605263157893,432.4342105263158,-377.05986842105267,475.0,-501.64789473684215,180.0,245.88026315789466,1491.7605263157893,1950.0,-855.8552631578948,-783.7828947368421
2967,2187.2605263157893,466.1447368421052,-453.18486842105267,475.0,-562.5478947368422,180.0,93.63026315789466,1187.2605263157893,1950.0,-844.6184210526316,-766.9276315789474
2968,2482.6421052631576,423.3157894736842,-379.3394736842106,475.0,-503.47157894736847,180.0,241.32105263157882,1482.6421052631576,1950.0,-858.8947368421052,-788.3421052631579
2969,2337.963157894737,432.7105263157895,-415.50921052631577,475.0,-532.4073684210526,180.0,168.98157894736846,1337.963157894737,1950.0,-855.7631578947369,-783.6447368421052
2970,1979.415789473684,444.3157894736842,-505.146052631579,475.0,-604.1168421052632,180.0,-10.292105263157964,979.4157894736841,1950.0,-851.8947368421052,-777.8421052631579
2971,2381.1789473684207,385.7368421052632,-404.7052631578948,475.0,-523.7642105263159,180.0,190.58947368421036,1381.1789473684207,1950.0,-871.421052631579,-807.1315789473684
2972,2448.2684210526318,347.6052631578948,-387.93289473684206,475.0,-510.34631578947364,180.0,224.13421052631588,1448.2684210526318,1950.0,-884.1315789473684,-826.1973684210526
2973,2214.892105263158,418.6184210526316,-446.2769736842105,475.0,-557.0215789473684,180.0,107.44605263157905,1214.892105263158,1950.0,-860.4605263157895,-790.6907894736842
2974,2201.2973684210524,403.1447368421052,-449.6756578947369,475.0,-559.7405263157896,180.0,100.6486842105262,1201.2973684210524,1950.0,-865.6184210526316,-798.4276315789474
2975,2438.928947368421,321.35526315789474,-390.2677631578947,475.0,-512.2142105263158,180.0,219.4644736842106,1438.9289473684212,1950.0,-892.8815789473684,-839.3223684210526
2976,2165.4315789473685,416.1315789473684,-458.6421052631579,475.0,-566.9136842105263,180.0,82.71578947368425,1165.4315789473685,1950.0,-861.2894736842105,-791.9342105263158
2977,2202.7894736842104,399.0,-449.3026315789474,475.0,-559.4421052631579,180.0,101.3947368421052,1202.7894736842104,1950.0,-867.0,-800.5
2978,2176.2631578947367,363.0789473684211,-455.93421052631584,475.0,-564.7473684210527,180.0,88.13157894736833,1176.2631578947367,1950.0,-878.9736842105262,-818.4605263157895
2979,2466.284210526316,386.2894736842105,-383.42894736842095,475.0,-506.7431578947368,180.0,233.1421052631581,1466.2842105263162,1950.0,-871.2368421052631,-806.8552631578948
2980,2614.444736842105,376.6184210526316,-346.3888157894737,475.0,-477.111052631579,180.0,307.2223684210526,1614.4447368421052,1950.0,-874.4605263157895,-811.6907894736842
2981,2319.228947368421,359.4868421052632,-420.1927631578948,475.0,-536.1542105263159,180.0,159.61447368421045,1319.228947368421,1950.0,-880.171052631579,-820.2565789473684
2982,2102.5421052631577,422.7631578947368,-474.36447368421057,475.0,-579.4915789473685,180.0,51.27105263157887,1102.5421052631577,1950.0,-859.078947368421,-788.6184210526316
2983,2250.315789473684,343.1842105263158,-437.42105263157896,475.0,-549.9368421052632,180.0,125.15789473684208,1250.3157894736842,1950.0,-885.6052631578948,-828.4078947368421
2984,2091.986842105264,419.7236842105263,-477.00328947368405,475.0,-581.6026315789472,180.0,45.9934210526319,1091.9868421052638,1950.0,-860.0921052631579,-790.1381578947369
2985,2384.4947368421053,398.4473684210526,-403.87631578947367,475.0,-523.1010526315789,180.0,192.24736842105267,1384.4947368421053,1950.0,-867.1842105263158,-800.7763157894738
2986,2231.8026315789475,381.0394736842105,-442.0493421052631,475.0,-553.6394736842105,180.0,115.90131578947376,1231.8026315789475,1950.0,-872.9868421052631,-809.4802631578948
2987,2148.576315789473,408.6710526315789,-462.85592105263174,475.0,-570.2847368421054,180.0,74.28815789473651,1148.576315789473,1950.0,-863.7763157894738,-795.6644736842105
2988,2041.8631578947368,412.8157894736842,-489.5342105263158,475.0,-591.6273684210527,180.0,20.931578947368394,1041.8631578947368,1950.0,-862.3947368421052,-793.5921052631579
2989,1965.3236842105264,355.0657894736842,-508.6690789473684,475.0,-606.9352631578947,180.0,-17.33815789473681,965.3236842105264,1950.0,-881.6447368421052,-822.4671052631579
2990,2310.6631578947367,416.6842105263158,-422.3342105263158,475.0,-537.8673684210527,180.0,155.33157894736837,1310.6631578947367,1950.0,-861.1052631578948,-791.6578947368421
2991,2104.421052631579,441.5526315789474,-473.8947368421052,475.0,-579.1157894736841,180.0,52.21052631578959,1104.4210526315792,1950.0,-852.8157894736842,-779.2236842105262
2992,2036.5026315789476,384.9078947368421,-490.8743421052631,475.0,-592.6994736842105,180.0,18.25131578947378,1036.5026315789476,1950.0,-871.6973684210526,-807.546052631579
2993,2200.357894736842,351.4736842105263,-449.9105263157895,475.0,-559.9284210526316,180.0,100.17894736842095,1200.357894736842,1950.0,-882.8421052631579,-824.2631578947369
2994,2221.3026315789475,398.7236842105263,-444.6743421052631,475.0,-555.7394736842105,180.0,110.65131578947376,1221.3026315789475,1950.0,-867.0921052631579,-800.6381578947369
2995,2193.284210526316,395.1315789473684,-451.67894736842095,475.0,-561.3431578947368,180.0,96.6421052631581,1193.2842105263162,1950.0,-868.2894736842105,-802.4342105263158
2996,2436.110526315789,363.6315789473684,-390.9723684210528,475.0,-512.7778947368422,180.0,218.0552631578944,1436.1105263157888,1950.0,-878.7894736842105,-818.1842105263158
2997,2204.8894736842103,340.9736842105263,-448.7776315789474,475.0,-559.022105263158,180.0,102.44473684210516,1204.8894736842103,1950.0,-886.3421052631579,-829.5131578947369
2998,2312.3763157894737,382.6973684210526,-421.9059210526316,475.0,-537.5247368421053,180.0,156.18815789473683,1312.3763157894737,1950.0,-872.4342105263158,-808.6513157894738
2999,2416.436842105263,351.4736842105263,-395.8907894736842,475.0,-516.7126315789474,180.0,208.21842105263158,1416.4368421052632,1950.0,-882.8421052631579,-824.2631578947369
3000,2420.028947368421,411.4342105263158,-394.99276315789473,475.0,-515.9942105263158,180.0,210.01447368421054,1420.028947368421,1950.0,-862.8552631578948,-794.2828947368421
3001,2192.731578947368,366.3947368421052,-451.81710526315806,475.0,-561.4536842105265,180.0,96.36578947368389,1192.7315789473678,1950.0,-877.8684210526316,-816.8026315789474
3002,2197.815789473684,422.2105263157895,-450.54605263157896,475.0,-560.4368421052632,180.0,98.90789473684208,1197.8157894736842,1950.0,-859.2631578947369,-788.8947368421052
3003,2186.5973684210526,367.7763157894737,-453.35065789473686,475.0,-562.6805263157895,180.0,93.29868421052629,1186.5973684210526,1950.0,-877.4078947368421,-816.1118421052631
3004,2130.560526315789,369.9868421052632,-467.35986842105274,475.0,-573.8878947368422,180.0,65.28026315789452,1130.560526315789,1950.0,-876.671052631579,-815.0065789473684
3005,2261.810526315789,397.8947368421052,-434.54736842105274,475.0,-547.6378947368422,180.0,130.90526315789452,1261.810526315789,1950.0,-867.3684210526316,-801.0526315789474
3006,2128.2394736842107,457.8552631578948,-467.94013157894733,475.0,-574.3521052631579,180.0,64.11973684210534,1128.2394736842107,1950.0,-847.3815789473684,-771.0723684210526
3007,2211.521052631579,422.7631578947368,-447.1197368421052,475.0,-557.6957894736842,180.0,105.76052631578955,1211.521052631579,1950.0,-859.078947368421,-788.6184210526316
3008,2078.557894736842,410.0526315789474,-480.36052631578946,475.0,-584.2884210526315,180.0,39.278947368421086,1078.5578947368422,1950.0,-863.3157894736842,-794.9736842105262
3009,2456.6684210526314,425.5263157894737,-385.83289473684215,475.0,-508.66631578947374,180.0,228.3342105263157,1456.6684210526314,1950.0,-858.1578947368421,-787.2368421052631
3010,2268.9394736842105,440.7236842105263,-432.7651315789474,475.0,-546.2121052631579,180.0,134.46973684210525,1268.9394736842105,1950.0,-853.0921052631579,-779.6381578947369
3011,2160.678947368421,390.7105263157895,-459.8302631578947,475.0,-567.8642105263158,180.0,80.33947368421059,1160.6789473684212,1950.0,-869.7631578947369,-804.6447368421052
3012,2592.228947368421,360.0394736842105,-351.9427631578948,475.0,-481.55421052631584,180.0,296.11447368421045,1592.228947368421,1950.0,-879.9868421052631,-819.9802631578948
3013,2237.826315789474,441.5526315789474,-440.5434210526315,475.0,-552.4347368421052,180.0,118.91315789473697,1237.826315789474,1950.0,-852.8157894736842,-779.2236842105262
3014,2221.5236842105264,425.25,-444.6190789473684,475.0,-555.6952631578947,180.0,110.76184210526321,1221.5236842105264,1950.0,-858.25,-787.375
3015,2343.4894736842107,457.0263157894737,-414.12763157894733,475.0,-531.3021052631578,180.0,171.74473684210534,1343.4894736842107,1950.0,-847.6578947368421,-771.4868421052631
3016,2034.0157894736844,401.2105263157895,-491.4960526315789,475.0,-593.1968421052632,180.0,17.007894736842218,1034.0157894736844,1950.0,-866.2631578947369,-799.3947368421052
3017,2066.952631578947,370.2631578947368,-483.2618421052632,475.0,-586.6094736842106,180.0,33.476315789473574,1066.9526315789471,1950.0,-876.578947368421,-814.8684210526316
3018,2523.4263157894734,403.9736842105263,-369.14342105263165,475.0,-495.31473684210533,180.0,261.7131578947367,1523.4263157894734,1950.0,-865.3421052631579,-798.0131578947369
3019,2168.0289473684206,394.3026315789474,-457.99276315789484,475.0,-566.3942105263159,180.0,84.01447368421032,1168.0289473684206,1950.0,-868.5657894736842,-802.8486842105262
3020,2439.9236842105265,403.1447368421052,-390.01907894736837,475.0,-512.0152631578947,180.0,219.96184210526326,1439.9236842105265,1950.0,-865.6184210526316,-798.4276315789474
3021,2243.628947368421,419.1710526315789,-439.09276315789475,475.0,-551.2742105263158,180.0,121.8144736842105,1243.628947368421,1950.0,-860.2763157894738,-790.4144736842105
3022,2356.144736842105,345.6710526315789,-410.96381578947376,475.0,-528.771052631579,180.0,178.0723684210525,1356.144736842105,1950.0,-884.7763157894738,-827.1644736842105
3023,2017.4368421052632,394.0263157894737,-495.6407894736842,475.0,-596.5126315789473,180.0,8.718421052631584,1017.4368421052632,1950.0,-868.6578947368421,-802.9868421052631
3024,2251.144736842105,381.5921052631579,-437.21381578947376,475.0,-549.771052631579,180.0,125.57236842105249,1251.144736842105,1950.0,-872.8026315789474,-809.203947368421
3025,2385.5999999999995,390.1578947368421,-403.60000000000014,475.0,-522.8800000000001,180.0,192.79999999999973,1385.5999999999995,1950.0,-869.9473684210526,-804.921052631579
3026,2143.2157894736843,399.5526315789474,-464.19605263157894,475.0,-571.3568421052631,180.0,71.60789473684213,1143.2157894736843,1950.0,-866.8157894736842,-800.2236842105262
3027,2156.313157894737,397.6184210526316,-460.9217105263158,475.0,-568.7373684210527,180.0,78.15657894736842,1156.3131578947368,1950.0,-867.4605263157895,-801.1907894736842
3028,2687.4473684210525,442.1052631578948,-328.1381578947369,475.0,-462.51052631578955,180.0,343.72368421052624,1687.4473684210525,1950.0,-852.6315789473684,-778.9473684210526
3029,2482.752631578948,427.1842105263158,-379.31184210526305,475.0,-503.44947368421043,180.0,241.3763157894739,1482.7526315789478,1950.0,-857.6052631578948,-786.4078947368421
3030,2391.513157894737,381.0394736842105,-402.1217105263157,475.0,-521.6973684210526,180.0,195.75657894736855,1391.513157894737,1950.0,-872.9868421052631,-809.4802631578948
3031,2566.0894736842106,384.6315789473684,-358.47763157894735,475.0,-486.78210526315786,180.0,283.0447368421053,1566.0894736842106,1950.0,-871.7894736842105,-807.6842105263158
3032,2315.0289473684206,475.5394736842105,-421.24276315789484,475.0,-536.9942105263159,180.0,157.51447368421032,1315.0289473684206,1950.0,-841.4868421052631,-762.2302631578948
3033,2135.257894736842,374.6842105263158,-466.1855263157895,475.0,-572.9484210526316,180.0,67.628947368421,1135.257894736842,1950.0,-875.1052631578948,-812.6578947368421
3034,2097.3473684210526,381.8684210526316,-475.66315789473686,475.0,-580.5305263157895,180.0,48.67368421052629,1097.3473684210526,1950.0,-872.7105263157895,-809.0657894736842
3035,2042.8026315789475,417.5131578947368,-489.2993421052631,475.0,-591.4394736842105,180.0,21.401315789473756,1042.8026315789475,1950.0,-860.828947368421,-791.2434210526316
3036,2355.15,423.5921052631579,-411.2125,475.0,-528.97,180.0,177.57500000000005,1355.15,1950.0,-858.8026315789474,-788.203947368421
3037,2366.644736842105,412.5394736842105,-408.33881578947376,475.0,-526.671052631579,180.0,183.3223684210525,1366.644736842105,1950.0,-862.4868421052631,-793.7302631578948
3038,2033.0763157894733,452.8815789473684,-491.7309210526317,475.0,-593.3847368421053,180.0,16.538157894736628,1033.0763157894733,1950.0,-849.0394736842105,-773.5592105263158
3039,1926.5842105263157,417.7894736842105,-518.3539473684211,475.0,-614.6831578947368,180.0,-36.70789473684215,926.5842105263157,1950.0,-860.7368421052631,-791.1052631578948
3040,2477.613157894737,444.5921052631579,-380.59671052631575,475.0,-504.4773684210526,180.0,238.8065789473685,1477.613157894737,1950.0,-851.8026315789474,-777.703947368421
3041,2081.321052631579,394.0263157894737,-479.6697368421053,475.0,-583.7357894736842,180.0,40.66052631578941,1081.3210526315788,1950.0,-868.6578947368421,-802.9868421052631
3042,2088.7263157894736,437.1315789473684,-477.8184210526316,475.0,-582.2547368421053,180.0,44.36315789473679,1088.7263157894736,1950.0,-854.2894736842105,-781.4342105263158
3043,2089.278947368421,362.5263157894737,-477.68026315789473,475.0,-582.1442105263158,180.0,44.63947368421054,1089.278947368421,1950.0,-879.1578947368421,-818.7368421052631
3044,2418.3710526315786,400.3815789473684,-395.40723684210536,475.0,-516.3257894736843,180.0,209.18552631578928,1418.3710526315786,1950.0,-866.5394736842105,-799.8092105263158
3045,2364.48947368421,412.2631578947368,-408.87763157894744,475.0,-527.1021052631579,180.0,182.2447368421051,1364.4894736842102,1950.0,-862.578947368421,-793.8684210526316
3046,2194.057894736842,356.4473684210526,-451.48552631578946,475.0,-561.1884210526316,180.0,97.02894736842109,1194.0578947368422,1950.0,-881.1842105263158,-821.7763157894738
3047,2139.1263157894737,406.7368421052632,-465.2184210526316,475.0,-572.1747368421053,180.0,69.56315789473683,1139.1263157894737,1950.0,-864.421052631579,-796.6315789473684
3048,2025.3394736842104,369.9868421052632,-493.6651315789474,475.0,-594.932105263158,180.0,12.66973684210518,1025.3394736842104,1950.0,-876.671052631579,-815.0065789473684
3049,2391.513157894737,352.8552631578948,-402.1217105263157,475.0,-521.6973684210526,180.0,195.75657894736855,1391.513157894737,1950.0,-882.3815789473684,-823.5723684210526
3050,2144.984210526316,376.8947368421052,-463.753947368421,475.0,-571.0031578947368,180.0,72.49210526315801,1144.984210526316,1950.0,-874.3684210526316,-811.5526315789474
3051,2275.23947368421,341.8026315789474,-431.19013157894744,475.0,-544.9521052631579,180.0,137.6197368421051,1275.2394736842102,1950.0,-886.0657894736842,-829.0986842105262
3052,2349.015789473684,359.2105263157895,-412.746052631579,475.0,-530.1968421052632,180.0,174.507894736842,1349.015789473684,1950.0,-880.2631578947369,-820.3947368421052
3053,2581.673684210526,413.3684210526316,-354.5815789473685,475.0,-483.66526315789474,180.0,290.83684210526303,1581.673684210526,1950.0,-862.2105263157895,-793.3157894736842
3054,2544.371052631579,404.25,-363.90723684210525,475.0,-491.1257894736842,180.0,272.1855263157895,1544.371052631579,1950.0,-865.25,-797.875
3055,2457.165789473684,414.75,-385.708552631579,475.0,-508.56684210526316,180.0,228.58289473684204,1457.165789473684,1950.0,-861.75,-792.625
3056,2457.884210526316,345.9473684210526,-385.528947368421,475.0,-508.4231578947368,180.0,228.94210526315806,1457.884210526316,1950.0,-884.6842105263158,-827.0263157894738
3057,2383.3894736842103,406.7368421052632,-404.1526315789474,475.0,-523.3221052631579,180.0,191.69473684210516,1383.3894736842103,1950.0,-864.421052631579,-796.6315789473684
3058,2256.947368421053,396.7894736842105,-435.76315789473676,475.0,-548.6105263157895,180.0,128.47368421052647,1256.947368421053,1950.0,-867.7368421052631,-801.6052631578948
3059,2096.628947368421,403.6973684210526,-475.84276315789475,475.0,-580.6742105263158,180.0,48.3144736842105,1096.628947368421,1950.0,-865.4342105263158,-798.1513157894738
3060,2119.95,346.2236842105263,-470.01250000000005,475.0,-576.01,180.0,59.97499999999991,1119.9499999999998,1950.0,-884.5921052631579,-826.8881578947369
3061,2271.813157894737,362.8026315789474,-432.0467105263158,475.0,-545.6373684210527,180.0,135.90657894736842,1271.8131578947368,1950.0,-879.0657894736842,-818.5986842105262
3062,2591.842105263158,384.0789473684211,-352.0394736842105,475.0,-481.63157894736844,180.0,295.92105263157896,1591.842105263158,1950.0,-871.9736842105262,-807.9605263157895
3063,2097.6236842105263,382.1447368421052,-475.5940789473684,475.0,-580.4752631578947,180.0,48.81184210526317,1097.6236842105263,1950.0,-872.6184210526316,-808.9276315789474
3064,2303.368421052632,452.6052631578948,-424.15789473684197,475.0,-539.3263157894736,180.0,151.68421052631606,1303.3684210526321,1950.0,-849.1315789473684,-773.6973684210526
3065,2375.1,360.8684210526316,-406.225,475.0,-524.98,180.0,187.54999999999995,1375.1,1950.0,-879.7105263157895,-819.5657894736842
3066,2315.968421052631,470.8421052631579,-421.0078947368422,475.0,-536.8063157894737,180.0,157.98421052631556,1315.9684210526311,1950.0,-843.0526315789474,-764.578947368421
3067,2221.0263157894733,445.4210526315789,-444.7434210526317,475.0,-555.7947368421053,180.0,110.51315789473665,1221.0263157894733,1950.0,-851.5263157894738,-777.2894736842105
3068,2430.307894736842,414.1973684210526,-392.42302631578946,475.0,-513.9384210526316,180.0,215.1539473684211,1430.3078947368422,1950.0,-861.9342105263158,-792.9013157894738
3069,2217.1026315789472,364.4605263157895,-445.7243421052632,475.0,-556.5794736842106,180.0,108.55131578947362,1217.1026315789472,1950.0,-878.5131578947369,-817.7697368421052
3070,2241.75,400.3815789473684,-439.5625,475.0,-551.65,180.0,120.875,1241.75,1950.0,-866.5394736842105,-799.8092105263158
3071,2198.534210526316,437.9605263157895,-450.36644736842095,475.0,-560.2931578947367,180.0,99.2671052631581,1198.5342105263162,1950.0,-854.0131578947369,-781.0197368421052
3072,2279.605263157895,419.4473684210526,-430.09868421052624,475.0,-544.078947368421,180.0,139.8026315789475,1279.605263157895,1950.0,-860.1842105263158,-790.2763157894738
3073,2534.8657894736843,334.6184210526316,-366.2835526315789,475.0,-493.02684210526314,180.0,267.4328947368422,1534.8657894736843,1950.0,-888.4605263157895,-832.6907894736842
3074,2141.060526315789,465.0394736842105,-464.73486842105274,475.0,-571.7878947368422,180.0,70.53026315789452,1141.060526315789,1950.0,-844.9868421052631,-767.4802631578948
3075,2314.4210526315787,360.3157894736842,-421.3947368421053,475.0,-537.1157894736842,180.0,157.21052631578937,1314.4210526315787,1950.0,-879.8947368421052,-819.8421052631579
3076,2091.710526315789,344.2894736842105,-477.0723684210527,475.0,-581.6578947368422,180.0,45.85526315789457,1091.7105263157891,1950.0,-885.2368421052631,-827.8552631578948
3077,2003.6210526315788,445.9736842105263,-499.0947368421053,475.0,-599.2757894736842,180.0,1.8105263157893887,1003.6210526315788,1950.0,-851.3421052631579,-777.0131578947369
3078,2214.9473684210525,401.7631578947368,-446.2631578947369,475.0,-557.0105263157895,180.0,107.47368421052624,1214.9473684210525,1950.0,-866.078947368421,-799.1184210526316
3079,2165.763157894737,371.3684210526316,-458.5592105263157,475.0,-566.8473684210526,180.0,82.88157894736855,1165.763157894737,1950.0,-876.2105263157895,-814.3157894736842
3080,2257.886842105263,457.8552631578948,-435.52828947368425,475.0,-548.4226315789474,180.0,128.9434210526315,1257.886842105263,1950.0,-847.3815789473684,-771.0723684210526
3081,2127.4105263157894,391.2631578947368,-468.14736842105265,475.0,-574.5178947368421,180.0,63.705263157894706,1127.4105263157894,1950.0,-869.578947368421,-804.3684210526316
3082,2264.960526315789,395.4078947368421,-433.7598684210527,475.0,-547.0078947368422,180.0,132.48026315789457,1264.9605263157891,1950.0,-868.1973684210526,-802.296052631579
3083,2220.031578947368,410.6052631578948,-444.992105263158,475.0,-555.9936842105265,180.0,110.01578947368398,1220.031578947368,1950.0,-863.1315789473684,-794.6973684210526
3084,2273.968421052632,363.0789473684211,-431.507894736842,475.0,-545.2063157894736,180.0,136.98421052631602,1273.968421052632,1950.0,-878.9736842105262,-818.4605263157895
3085,2571.3394736842106,380.4868421052632,-357.16513157894735,475.0,-485.7321052631579,180.0,285.6697368421053,1571.3394736842106,1950.0,-873.171052631579,-809.7565789473684
3086,2193.9473684210525,390.1578947368421,-451.5131578947369,475.0,-561.2105263157895,180.0,96.97368421052624,1193.9473684210525,1950.0,-869.9473684210526,-804.921052631579
3087,2410.9105263157894,411.7105263157895,-397.27236842105265,475.0,-517.8178947368422,180.0,205.4552631578947,1410.9105263157894,1950.0,-862.7631578947369,-794.1447368421052
3088,2254.184210526316,422.2105263157895,-436.45394736842104,475.0,-549.1631578947369,180.0,127.09210526315792,1254.1842105263158,1950.0,-859.2631578947369,-788.8947368421052
3089,2118.3473684210526,374.6842105263158,-470.41315789473686,475.0,-576.3305263157895,180.0,59.17368421052629,1118.3473684210526,1950.0,-875.1052631578948,-812.6578947368421
3090,2394.0,411.7105263157895,-401.5,475.0,-521.2,180.0,197.0,1394.0,1950.0,-862.7631578947369,-794.1447368421052
3091,2307.5684210526315,402.3157894736842,-423.1078947368421,475.0,-538.4863157894737,180.0,153.78421052631575,1307.5684210526315,1950.0,-865.8947368421052,-798.8421052631579
3092,1976.0447368421053,401.4868421052632,-505.9888157894737,475.0,-604.791052631579,180.0,-11.977631578947353,976.0447368421053,1950.0,-866.171052631579,-799.2565789473684
3093,2209.9736842105267,415.5789473684211,-447.5065789473683,475.0,-558.0052631578947,180.0,104.98684210526335,1209.9736842105267,1950.0,-861.4736842105262,-792.2105263157895
3094,2236.7763157894738,414.1973684210526,-440.80592105263156,475.0,-552.6447368421052,180.0,118.38815789473688,1236.7763157894738,1950.0,-861.9342105263158,-792.9013157894738
3095,2056.507894736842,361.6973684210526,-485.8730263157895,475.0,-588.6984210526316,180.0,28.253947368420995,1056.507894736842,1950.0,-879.4342105263158,-819.1513157894738
3096,2119.618421052632,400.3815789473684,-470.09539473684197,475.0,-576.0763157894736,180.0,59.809210526316065,1119.6184210526321,1950.0,-866.5394736842105,-799.8092105263158
3097,2287.8394736842106,360.0394736842105,-428.04013157894735,475.0,-542.4321052631578,180.0,143.9197368421053,1287.8394736842106,1950.0,-879.9868421052631,-819.9802631578948
3098,2249.044736842105,392.6447368421052,-437.73881578947373,475.0,-550.1910526315789,180.0,124.52236842105253,1249.044736842105,1950.0,-869.1184210526316,-803.6776315789474
3099,2396.4315789473685,393.4736842105263,-400.8921052631579,475.0,-520.7136842105263,180.0,198.21578947368425,1396.4315789473685,1950.0,-868.8421052631579,-803.2631578947369
3100,2211.907894736842,417.5131578947368,-447.0230263157895,475.0,-557.6184210526316,180.0,105.95394736842104,1211.907894736842,1950.0,-860.828947368421,-791.2434210526316
3101,2477.613157894737,350.6447368421052,-380.59671052631575,475.0,-504.4773684210526,180.0,238.8065789473685,1477.613157894737,1950.0,-883.1184210526316,-824.6776315789474
3102,2114.1473684210528,415.5789473684211,-471.4631578947368,475.0,-577.1705263157894,180.0,57.07368421052638,1114.1473684210528,1950.0,-861.4736842105262,-792.2105263157895
3103,2450.9763157894736,320.25,-387.2559210526316,475.0,-509.8047368421053,180.0,225.4881578947368,1450.9763157894736,1950.0,-893.25,-839.875
3104,2399.7473684210527,406.1842105263158,-400.06315789473683,475.0,-520.0505263157895,180.0,199.87368421052633,1399.7473684210527,1950.0,-864.6052631578948,-796.9078947368421
3105,2171.0684210526315,350.3684210526316,-457.2328947368421,475.0,-565.7863157894737,180.0,85.53421052631575,1171.0684210526315,1950.0,-883.2105263157895,-824.8157894736842
3106,2029.0421052631575,433.8157894736842,-492.7394736842106,475.0,-594.1915789473685,180.0,14.521052631578755,1029.0421052631575,1950.0,-855.3947368421052,-783.0921052631579
3107,2083.9736842105267,402.3157894736842,-479.0065789473683,475.0,-583.2052631578947,180.0,41.98684210526335,1083.9736842105267,1950.0,-865.8947368421052,-798.8421052631579
3108,2280.0473684210524,425.5263157894737,-429.9881578947369,475.0,-543.9905263157896,180.0,140.0236842105262,1280.0473684210524,1950.0,-858.1578947368421,-787.2368421052631
3109,2290.713157894737,376.0657894736842,-427.32171052631577,475.0,-541.8573684210526,180.0,145.35657894736846,1290.713157894737,1950.0,-874.6447368421052,-811.9671052631579
3110,1978.3105263157893,405.6315789473684,-505.4223684210527,475.0,-604.3378947368421,180.0,-10.844736842105362,978.3105263157893,1950.0,-864.7894736842105,-797.1842105263158
3111,2374.7684210526318,405.6315789473684,-406.30789473684206,475.0,-525.0463157894736,180.0,187.38421052631588,1374.7684210526318,1950.0,-864.7894736842105,-797.1842105263158
3112,2102.4315789473685,353.1315789473684,-474.3921052631579,475.0,-579.5136842105263,180.0,51.215789473684254,1102.4315789473685,1950.0,-882.2894736842105,-823.4342105263158
3113,2317.1842105263154,400.6578947368421,-420.70394736842115,475.0,-536.563157894737,180.0,158.5921052631577,1317.1842105263154,1950.0,-866.4473684210526,-799.671052631579
3114,2383.886842105263,386.5657894736842,-404.02828947368425,475.0,-523.2226315789474,180.0,191.9434210526315,1383.886842105263,1950.0,-871.1447368421052,-806.7171052631579
3115,2308.065789473684,410.3289473684211,-422.98355263157896,475.0,-538.3868421052632,180.0,154.03289473684208,1308.0657894736842,1950.0,-863.2236842105262,-794.8355263157895
3116,2594.4394736842105,343.4605263157895,-351.3901315789474,475.0,-481.1121052631579,180.0,297.21973684210525,1594.4394736842105,1950.0,-885.5131578947369,-828.2697368421052
3117,2100.0552631578944,354.5131578947368,-474.9861842105264,475.0,-579.9889473684211,180.0,50.027631578947194,1100.0552631578944,1950.0,-881.828947368421,-822.7434210526316
3118,2320.5552631578944,396.5131578947368,-419.8611842105264,475.0,-535.8889473684211,180.0,160.2776315789472,1320.5552631578944,1950.0,-867.828947368421,-801.7434210526316
3119,2094.0315789473684,397.3421052631579,-476.4921052631579,475.0,-581.1936842105263,180.0,47.01578947368421,1094.0315789473684,1950.0,-867.5526315789474,-801.328947368421
3120,2265.015789473684,387.9473684210526,-433.746052631579,475.0,-546.9968421052632,180.0,132.507894736842,1265.015789473684,1950.0,-870.6842105263158,-806.0263157894738
3121,2188.531578947368,397.8947368421052,-452.867105263158,475.0,-562.2936842105264,180.0,94.26578947368398,1188.531578947368,1950.0,-867.3684210526316,-801.0526315789474
3122,2132.6605263157894,424.6973684210526,-466.83486842105265,475.0,-573.4678947368421,180.0,66.3302631578947,1132.6605263157894,1950.0,-858.4342105263158,-787.6513157894738
3123,2461.365789473684,449.0131578947368,-384.658552631579,475.0,-507.72684210526324,180.0,230.68289473684194,1461.365789473684,1950.0,-850.328947368421,-775.4934210526316
3124,2088.947368421053,426.0789473684211,-477.76315789473676,475.0,-582.2105263157894,180.0,44.47368421052647,1088.947368421053,1950.0,-857.9736842105262,-786.9605263157895
3125,2096.2973684210524,429.6710526315789,-475.9256578947369,475.0,-580.7405263157896,180.0,48.1486842105262,1096.2973684210524,1950.0,-856.7763157894738,-785.1644736842105
3126,2163.110526315789,372.4736842105263,-459.2223684210528,475.0,-567.3778947368422,180.0,81.55526315789439,1163.1105263157888,1950.0,-875.8421052631579,-813.7631578947369
3127,2293.310526315789,382.4210526315789,-426.67236842105274,475.0,-541.3378947368421,180.0,146.65526315789452,1293.310526315789,1950.0,-872.5263157894738,-808.7894736842105
3128,2351.8894736842103,450.3947368421052,-412.0276315789474,475.0,-529.6221052631579,180.0,175.94473684210516,1351.8894736842103,1950.0,-849.8684210526316,-774.8026315789474
3129,2181.236842105263,424.4210526315789,-454.6907894736843,475.0,-563.7526315789474,180.0,90.61842105263145,1181.236842105263,1950.0,-858.5263157894738,-787.7894736842105
3130,2096.076315789473,403.1447368421052,-475.98092105263174,475.0,-580.7847368421054,180.0,48.038157894736514,1096.076315789473,1950.0,-865.6184210526316,-798.4276315789474
3131,2043.7973684210529,424.1447368421052,-489.0506578947368,475.0,-591.2405263157895,180.0,21.898684210526426,1043.7973684210529,1950.0,-858.6184210526316,-787.9276315789474
3132,2158.8552631578946,402.0394736842105,-460.28618421052636,475.0,-568.2289473684211,180.0,79.42763157894728,1158.8552631578946,1950.0,-865.9868421052631,-798.9802631578948
3133,2516.463157894737,385.7368421052632,-370.88421052631577,475.0,-496.7073684210526,180.0,258.23157894736846,1516.463157894737,1950.0,-871.421052631579,-807.1315789473684
3134,2547.3,356.4473684210526,-363.17499999999995,475.0,-490.53999999999996,180.0,273.6500000000001,1547.3000000000002,1950.0,-881.1842105263158,-821.7763157894738
3135,2456.060526315789,432.4342105263158,-385.98486842105274,475.0,-508.7878947368422,180.0,228.03026315789452,1456.060526315789,1950.0,-855.8552631578948,-783.7828947368421
3136,2347.8,420.0,-413.04999999999995,475.0,-530.4399999999999,180.0,173.9000000000001,1347.8000000000002,1950.0,-860.0,-790.0
3137,2302.3736842105263,380.2105263157895,-424.4065789473684,475.0,-539.5252631578948,180.0,151.18684210526317,1302.3736842105263,1950.0,-873.2631578947369,-809.8947368421052
3138,2064.3,446.5263157894737,-483.92499999999995,475.0,-587.14,180.0,32.15000000000009,1064.3000000000002,1950.0,-851.1578947368421,-776.7368421052631
3139,2160.1263157894737,408.9473684210526,-459.9684210526316,475.0,-567.9747368421052,180.0,80.06315789473683,1160.1263157894737,1950.0,-863.6842105263158,-795.5263157894738
3140,2257.3894736842103,374.6842105263158,-435.6526315789474,475.0,-548.522105263158,180.0,128.69473684210516,1257.3894736842103,1950.0,-875.1052631578948,-812.6578947368421
3141,2295.7421052631576,420.5526315789474,-426.0644736842106,475.0,-540.8515789473685,180.0,147.87105263157878,1295.7421052631576,1950.0,-859.8157894736842,-789.7236842105262
3142,2173.444736842105,424.1447368421052,-456.6388157894737,475.0,-565.311052631579,180.0,86.72236842105258,1173.4447368421052,1950.0,-858.6184210526316,-787.9276315789474
3143,2316.3552631578946,390.4342105263158,-420.91118421052636,475.0,-536.7289473684211,180.0,158.17763157894728,1316.3552631578946,1950.0,-869.8552631578948,-804.7828947368421
3144,2385.9315789473685,439.3421052631579,-403.5171052631579,475.0,-522.8136842105263,180.0,192.96578947368425,1385.9315789473685,1950.0,-853.5526315789474,-780.328947368421
3145,2500.271052631579,392.0921052631579,-374.9322368421052,475.0,-499.94578947368416,180.0,250.13552631578955,1500.271052631579,1950.0,-869.3026315789474,-803.953947368421
3146,2194.6657894736845,443.4868421052632,-451.33355263157887,475.0,-561.066842105263,180.0,97.33289473684226,1194.6657894736845,1950.0,-852.171052631579,-778.2565789473684
3147,2227.5473684210524,401.2105263157895,-443.1131578947369,475.0,-554.4905263157896,180.0,113.7736842105262,1227.5473684210524,1950.0,-866.2631578947369,-799.3947368421052
3148,2253.521052631578,361.4210526315789,-436.61973684210545,475.0,-549.2957894736844,180.0,126.7605263157891,1253.5210526315782,1950.0,-879.5263157894738,-819.2894736842105
3149,2405.107894736842,387.1184210526316,-398.7230263157895,475.0,-518.9784210526316,180.0,202.55394736842095,1405.107894736842,1950.0,-870.9605263157895,-806.4407894736842
3150,2149.184210526316,373.5789473684211,-462.70394736842104,475.0,-570.1631578947369,180.0,74.59210526315792,1149.1842105263158,1950.0,-875.4736842105262,-813.2105263157895
3151,2307.5684210526315,402.3157894736842,-423.1078947368421,475.0,-538.4863157894737,180.0,153.78421052631575,1307.5684210526315,1950.0,-865.8947368421052,-798.8421052631579
3152,2047.7763157894735,394.3026315789474,-488.0559210526316,475.0,-590.4447368421053,180.0,23.888157894736764,1047.7763157894735,1950.0,-868.5657894736842,-802.8486842105262
3153,2458.271052631579,340.6973684210526,-385.4322368421052,475.0,-508.3457894736842,180.0,229.13552631578955,1458.271052631579,1950.0,-886.4342105263158,-829.6513157894738
3154,2164.105263157895,491.8421052631579,-458.97368421052624,475.0,-567.178947368421,180.0,82.05263157894751,1164.105263157895,1950.0,-836.0526315789474,-754.078947368421
3155,2130.7815789473684,377.7236842105263,-467.3046052631579,475.0,-573.8436842105264,180.0,65.39078947368421,1130.7815789473684,1950.0,-874.0921052631579,-811.1381578947369
3156,2121.718421052632,379.9342105263158,-469.570394736842,475.0,-575.6563157894736,180.0,60.85921052631602,1121.718421052632,1950.0,-873.3552631578948,-810.0328947368421
3157,2156.8657894736843,435.75,-460.7835526315789,475.0,-568.6268421052631,180.0,78.43289473684217,1156.8657894736843,1950.0,-854.75,-782.125
3158,2083.9736842105267,421.1052631578948,-479.0065789473683,475.0,-583.2052631578947,180.0,41.98684210526335,1083.9736842105267,1950.0,-859.6315789473684,-789.4473684210526
3159,2311.271052631578,456.75,-422.18223684210545,475.0,-537.7457894736843,180.0,155.6355263157891,1311.2710526315782,1950.0,-847.75,-771.625
3160,2289.386842105263,376.6184210526316,-427.65328947368425,475.0,-542.1226315789474,180.0,144.6934210526315,1289.386842105263,1950.0,-874.4605263157895,-811.6907894736842
3161,2443.8473684210526,380.7631578947368,-389.03815789473686,475.0,-511.23052631578946,180.0,221.9236842105263,1443.8473684210526,1950.0,-873.078947368421,-809.6184210526316
3162,2274.907894736842,452.3289473684211,-431.2730263157895,475.0,-545.0184210526315,180.0,137.45394736842104,1274.907894736842,1950.0,-849.2236842105262,-773.8355263157895
3163,2412.2921052631577,384.9078947368421,-396.92697368421057,475.0,-517.5415789473684,180.0,206.14605263157887,1412.2921052631577,1950.0,-871.6973684210526,-807.546052631579
3164,2389.2473684210527,395.6842105263158,-402.68815789473683,475.0,-522.1505263157894,180.0,194.62368421052633,1389.2473684210527,1950.0,-868.1052631578948,-802.1578947368421
3165,2000.9684210526316,362.5263157894737,-499.7578947368421,475.0,-599.8063157894737,180.0,0.48421052631579187,1000.9684210526316,1950.0,-879.1578947368421,-818.7368421052631
3166,2108.1236842105263,411.4342105263158,-472.9690789473684,475.0,-578.3752631578948,180.0,54.06184210526317,1108.1236842105263,1950.0,-862.8552631578948,-794.2828947368421
3167,2330.1157894736843,392.9210526315789,-417.4710526315789,475.0,-533.9768421052631,180.0,165.05789473684217,1330.1157894736843,1950.0,-869.0263157894738,-803.5394736842105
3168,2279.771052631579,378.2763157894737,-430.0572368421052,475.0,-544.0457894736842,180.0,139.88552631578955,1279.771052631579,1950.0,-873.9078947368421,-810.8618421052631
3169,2090.6605263157894,439.0657894736842,-477.33486842105265,475.0,-581.8678947368421,180.0,45.330263157894706,1090.6605263157894,1950.0,-853.6447368421052,-780.4671052631579
3170,2274.023684210526,393.1973684210526,-431.4940789473685,475.0,-545.1952631578948,180.0,137.01184210526299,1274.023684210526,1950.0,-868.9342105263158,-803.4013157894738
3171,2444.565789473684,396.5131578947368,-388.85855263157896,475.0,-511.08684210526314,180.0,222.28289473684208,1444.5657894736842,1950.0,-867.828947368421,-801.7434210526316
3172,2430.0315789473684,404.5263157894737,-392.4921052631579,475.0,-513.9936842105263,180.0,215.0157894736842,1430.0315789473684,1950.0,-865.1578947368421,-797.7368421052631
3173,2093.478947368421,443.7631578947368,-476.6302631578948,475.0,-581.3042105263158,180.0,46.73947368421045,1093.478947368421,1950.0,-852.078947368421,-778.1184210526316
3174,2192.4,476.9210526315789,-451.9,475.0,-561.52,180.0,96.20000000000005,1192.4,1950.0,-841.0263157894738,-761.5394736842105
3175,2109.2289473684214,384.3552631578948,-472.69276315789466,475.0,-578.1542105263158,180.0,54.61447368421068,1109.2289473684214,1950.0,-871.8815789473684,-807.8223684210526
3176,2555.921052631579,357.5526315789474,-361.0197368421052,475.0,-488.81578947368416,180.0,277.9605263157896,1555.9210526315792,1950.0,-880.8157894736842,-821.2236842105262
3177,2425.278947368421,435.4736842105263,-393.68026315789473,475.0,-514.9442105263158,180.0,212.63947368421054,1425.278947368421,1950.0,-854.8421052631579,-782.2631578947369
3178,2217.1026315789472,449.0131578947368,-445.7243421052632,475.0,-556.5794736842106,180.0,108.55131578947362,1217.1026315789472,1950.0,-850.328947368421,-775.4934210526316
3179,2031.9710526315791,423.5921052631579,-492.0072368421052,475.0,-593.6057894736841,180.0,15.98552631578957,1031.9710526315791,1950.0,-858.8026315789474,-788.203947368421
3180,2116.081578947368,445.6973684210526,-470.97960526315796,475.0,-576.7836842105264,180.0,58.04078947368407,1116.0815789473681,1950.0,-851.4342105263158,-777.1513157894738
3181,2043.1894736842105,421.6578947368421,-489.2026315789474,475.0,-591.3621052631579,180.0,21.59473684210525,1043.1894736842105,1950.0,-859.4473684210526,-789.171052631579
3182,1929.457894736842,405.6315789473684,-517.6355263157895,475.0,-614.1084210526316,180.0,-35.27105263157898,929.457894736842,1950.0,-864.7894736842105,-797.1842105263158
3183,2162.557894736842,409.5,-459.36052631578946,475.0,-567.4884210526316,180.0,81.27894736842109,1162.5578947368422,1950.0,-863.5,-795.25
3184,2266.83947368421,348.4342105263158,-433.29013157894747,475.0,-546.632105263158,180.0,133.41973684210507,1266.8394736842101,1950.0,-883.8552631578948,-825.7828947368421
3185,2131.942105263158,343.1842105263158,-467.01447368421054,475.0,-573.6115789473685,180.0,65.97105263157891,1131.9421052631578,1950.0,-885.6052631578948,-828.4078947368421
3186,2371.728947368421,383.8026315789474,-407.0677631578948,475.0,-525.6542105263159,180.0,185.86447368421045,1371.728947368421,1950.0,-872.0657894736842,-808.0986842105262
3187,2344.318421052632,448.4605263157895,-413.920394736842,475.0,-531.1363157894737,180.0,172.15921052631597,1344.318421052632,1950.0,-850.5131578947369,-775.7697368421052
3188,2273.471052631579,411.4342105263158,-431.63223684210527,475.0,-545.3057894736842,180.0,136.73552631578946,1273.471052631579,1950.0,-862.8552631578948,-794.2828947368421
3189,2519.226315789474,379.1052631578948,-370.1934210526315,475.0,-496.1547368421052,180.0,259.613157894737,1519.226315789474,1950.0,-873.6315789473684,-810.4473684210526
3190,2415.055263157895,415.8552631578948,-396.2361842105263,475.0,-516.988947368421,180.0,207.52763157894742,1415.0552631578948,1950.0,-861.3815789473684,-792.0723684210526
3191,2138.242105263158,394.5789473684211,-465.4394736842105,475.0,-572.3515789473684,180.0,69.121052631579,1138.242105263158,1950.0,-868.4736842105262,-802.7105263157895
3192,2273.4710526315785,383.25,-431.6322368421054,475.0,-545.3057894736843,180.0,136.73552631578923,1273.4710526315785,1950.0,-872.25,-808.375
3193,2653.184210526316,351.4736842105263,-336.70394736842104,475.0,-469.3631578947368,180.0,326.5921052631579,1653.1842105263158,1950.0,-882.8421052631579,-824.2631578947369
3194,2253.244736842105,370.5394736842105,-436.6888157894738,475.0,-549.351052631579,180.0,126.62236842105244,1253.2447368421049,1950.0,-876.4868421052631,-814.7302631578948
3195,2329.8394736842106,364.4605263157895,-417.54013157894735,475.0,-534.0321052631579,180.0,164.9197368421053,1329.8394736842106,1950.0,-878.5131578947369,-817.7697368421052
3196,2365.7052631578945,379.6578947368421,-408.5736842105264,475.0,-526.8589473684211,180.0,182.85263157894724,1365.7052631578945,1950.0,-873.4473684210526,-810.171052631579
3197,2166.315789473684,456.4736842105263,-458.42105263157896,475.0,-566.7368421052631,180.0,83.15789473684208,1166.3157894736842,1950.0,-847.8421052631579,-771.7631578947369
3198,2163.3868421052634,410.3289473684211,-459.15328947368414,475.0,-567.3226315789473,180.0,81.69342105263172,1163.3868421052634,1950.0,-863.2236842105262,-794.8355263157895
3199,2211.686842105263,419.1710526315789,-447.0782894736842,475.0,-557.6626315789474,180.0,105.84342105263158,1211.6868421052632,1950.0,-860.2763157894738,-790.4144736842105
3200,2283.6394736842103,382.1447368421052,-429.0901315789474,475.0,-543.272105263158,180.0,141.81973684210516,1283.6394736842103,1950.0,-872.6184210526316,-808.9276315789474
3201,2262.4736842105262,421.1052631578948,-434.38157894736844,475.0,-547.5052631578948,180.0,131.23684210526312,1262.4736842105262,1950.0,-859.6315789473684,-789.4473684210526
3202,2132.4394736842105,388.7763157894737,-466.8901315789474,475.0,-573.5121052631579,180.0,66.21973684210525,1132.4394736842105,1950.0,-870.4078947368421,-805.6118421052631
3203,2578.357894736842,419.4473684210526,-355.4105263157895,475.0,-484.3284210526316,180.0,289.17894736842095,1578.357894736842,1950.0,-860.1842105263158,-790.2763157894738
3204,2236.057894736842,407.8421052631579,-440.98552631578946,475.0,-552.7884210526315,180.0,118.02894736842109,1236.0578947368422,1950.0,-864.0526315789474,-796.078947368421
3205,2375.707894736842,457.3026315789474,-406.07302631578955,475.0,-524.8584210526317,180.0,187.8539473684209,1375.7078947368418,1950.0,-847.5657894736842,-771.3486842105262
3206,2058.718421052632,410.8815789473684,-485.320394736842,475.0,-588.2563157894735,180.0,29.35921052631602,1058.718421052632,1950.0,-863.0394736842105,-794.5592105263158
3207,2401.515789473684,383.5263157894737,-399.621052631579,475.0,-519.6968421052632,180.0,200.757894736842,1401.515789473684,1950.0,-872.1578947368421,-808.2368421052631
3208,2663.1315789473683,399.0,-334.2171052631579,475.0,-467.37368421052633,180.0,331.56578947368416,1663.1315789473683,1950.0,-867.0,-800.5
3209,2216.715789473684,407.2894736842105,-445.82105263157905,475.0,-556.6568421052632,180.0,108.3578947368419,1216.7157894736838,1950.0,-864.2368421052631,-796.3552631578948
3210,2400.521052631578,376.8947368421052,-399.86973684210545,475.0,-519.8957894736843,180.0,200.2605263157891,1400.5210526315782,1950.0,-874.3684210526316,-811.5526315789474
3211,2109.228947368421,403.1447368421052,-472.6927631578948,475.0,-578.1542105263159,180.0,54.61447368421045,1109.228947368421,1950.0,-865.6184210526316,-798.4276315789474
3212,2307.0157894736844,420.5526315789474,-423.2460526315789,475.0,-538.5968421052631,180.0,153.50789473684222,1307.0157894736844,1950.0,-859.8157894736842,-789.7236842105262
3213,1934.1552631578948,457.3026315789474,-516.4611842105263,475.0,-613.1689473684211,180.0,-32.922368421052624,934.1552631578948,1950.0,-847.5657894736842,-771.3486842105262
3214,2281.7052631578945,427.1842105263158,-429.5736842105264,475.0,-543.6589473684211,180.0,140.85263157894724,1281.7052631578945,1950.0,-857.6052631578948,-786.4078947368421
3215,2364.6552631578948,361.6973684210526,-408.8361842105263,475.0,-527.068947368421,180.0,182.32763157894738,1364.6552631578948,1950.0,-879.4342105263158,-819.1513157894738
3216,2373.331578947368,355.3421052631579,-406.66710526315796,475.0,-525.3336842105264,180.0,186.66578947368407,1373.3315789473681,1950.0,-881.5526315789474,-822.328947368421
3217,2169.521052631579,399.5526315789474,-457.6197368421052,475.0,-566.0957894736841,180.0,84.76052631578955,1169.521052631579,1950.0,-866.8157894736842,-800.2236842105262
3218,2276.676315789474,382.6973684210526,-430.83092105263154,475.0,-544.6647368421052,180.0,138.33815789473692,1276.6763157894738,1950.0,-872.4342105263158,-808.6513157894738
3219,2365.871052631579,357.2763157894737,-408.53223684210525,475.0,-526.8257894736842,180.0,182.9355263157895,1365.871052631579,1950.0,-880.9078947368421,-821.3618421052631
3220,2151.6710526315787,432.4342105263158,-462.0822368421053,475.0,-569.6657894736843,180.0,75.83552631578937,1151.6710526315787,1950.0,-855.8552631578948,-783.7828947368421
3221,2304.363157894737,412.2631578947368,-423.90921052631575,475.0,-539.1273684210526,180.0,152.1815789473685,1304.363157894737,1950.0,-862.578947368421,-793.8684210526316
3222,2223.9552631578945,425.8026315789474,-444.0111842105264,475.0,-555.2089473684211,180.0,111.97763157894724,1223.9552631578945,1950.0,-858.0657894736842,-787.0986842105262
3223,2186.210526315789,410.6052631578948,-453.4473684210527,475.0,-562.7578947368422,180.0,93.10526315789457,1186.2105263157891,1950.0,-863.1315789473684,-794.6973684210526
3224,2410.965789473684,423.0394736842105,-397.25855263157905,475.0,-517.8068421052633,180.0,205.4828947368419,1410.9657894736838,1950.0,-858.9868421052631,-788.4802631578948
3225,2356.144736842105,373.8552631578948,-410.96381578947376,475.0,-528.771052631579,180.0,178.0723684210525,1356.144736842105,1950.0,-875.3815789473684,-813.0723684210526
3226,2356.3657894736843,381.5921052631579,-410.9085526315789,475.0,-528.7268421052631,180.0,178.18289473684217,1356.3657894736843,1950.0,-872.8026315789474,-809.203947368421
3227,2196.544736842105,415.3026315789474,-450.86381578947373,475.0,-560.6910526315789,180.0,98.27236842105253,1196.544736842105,1950.0,-861.5657894736842,-792.3486842105262
3228,2185.98947368421,402.8684210526316,-453.50263157894744,475.0,-562.802105263158,180.0,92.99473684210511,1185.9894736842102,1950.0,-865.7105263157895,-798.5657894736842
3229,2157.6394736842108,397.0657894736842,-460.5901315789473,475.0,-568.4721052631578,180.0,78.81973684210539,1157.6394736842108,1950.0,-867.6447368421052,-801.4671052631579
3230,2024.123684210526,402.5921052631579,-493.9690789473685,475.0,-595.1752631578947,180.0,12.061842105263054,1024.123684210526,1950.0,-865.8026315789474,-798.703947368421
3231,2144.3763157894737,411.9868421052632,-463.9059210526316,475.0,-571.1247368421052,180.0,72.18815789473683,1144.3763157894737,1950.0,-862.671052631579,-794.0065789473684
3232,2331.6631578947363,371.9210526315789,-417.0842105263159,475.0,-533.6673684210527,180.0,165.83157894736814,1331.6631578947363,1950.0,-876.0263157894738,-814.0394736842105
3233,2114.4789473684214,380.2105263157895,-471.38026315789466,475.0,-577.1042105263157,180.0,57.23947368421068,1114.4789473684214,1950.0,-873.2631578947369,-809.8947368421052
3234,2057.944736842105,421.3815789473684,-485.5138157894737,475.0,-588.411052631579,180.0,28.97236842105258,1057.9447368421052,1950.0,-859.5394736842105,-789.3092105263158
3235,2304.6394736842103,346.7763157894737,-423.8401315789474,475.0,-539.0721052631579,180.0,152.31973684210516,1304.6394736842103,1950.0,-884.4078947368421,-826.6118421052631
3236,1967.1473684210528,503.4473684210526,-508.2131578947368,475.0,-606.5705263157895,180.0,-16.42631578947362,967.1473684210528,1950.0,-832.1842105263158,-748.2763157894738
3237,2650.9184210526314,366.1184210526316,-337.27039473684215,475.0,-469.8163157894737,180.0,325.4592105263157,1650.9184210526314,1950.0,-877.9605263157895,-816.9407894736842
3238,2541.221052631579,369.1578947368421,-364.69473684210527,475.0,-491.7557894736842,180.0,270.61052631578946,1541.221052631579,1950.0,-876.9473684210526,-815.421052631579
3239,2066.1236842105263,435.1973684210526,-483.4690789473684,475.0,-586.7752631578948,180.0,33.06184210526317,1066.1236842105263,1950.0,-854.9342105263158,-782.4013157894738
3240,2348.407894736842,384.9078947368421,-412.8980263157895,475.0,-530.3184210526316,180.0,174.20394736842104,1348.407894736842,1950.0,-871.6973684210526,-807.546052631579
3241,2266.176315789474,372.1973684210526,-433.45592105263154,475.0,-546.7647368421052,180.0,133.08815789473692,1266.1763157894738,1950.0,-875.9342105263158,-813.9013157894738
3242,2230.3657894736843,387.1184210526316,-442.4085526315789,475.0,-553.9268421052632,180.0,115.18289473684217,1230.3657894736843,1950.0,-870.9605263157895,-806.4407894736842
3243,2336.1394736842103,378.2763157894737,-415.9651315789474,475.0,-532.772105263158,180.0,168.06973684210516,1336.1394736842103,1950.0,-873.9078947368421,-810.8618421052631
3244,2243.2421052631576,424.4210526315789,-439.1894736842106,475.0,-551.3515789473685,180.0,121.62105263157878,1243.2421052631576,1950.0,-858.5263157894738,-787.7894736842105
3245,2289.5526315789475,391.8157894736842,-427.6118421052631,475.0,-542.0894736842105,180.0,144.77631578947376,1289.5526315789475,1950.0,-869.3947368421052,-804.0921052631579
3246,2317.4052631578948,370.8157894736842,-420.6486842105263,475.0,-536.5189473684211,180.0,158.70263157894738,1317.4052631578948,1950.0,-876.3947368421052,-814.5921052631579
3247,2219.5894736842106,376.3421052631579,-445.10263157894735,475.0,-556.0821052631579,180.0,109.7947368421053,1219.5894736842106,1950.0,-874.5526315789474,-811.828947368421
3248,2141.944736842105,402.0394736842105,-464.5138157894737,475.0,-571.611052631579,180.0,70.97236842105258,1141.9447368421052,1950.0,-865.9868421052631,-798.9802631578948
3249,2469.1578947368416,392.9210526315789,-382.7105263157896,475.0,-506.1684210526317,180.0,234.5789473684208,1469.1578947368416,1950.0,-869.0263157894738,-803.5394736842105
3250,2077.286842105263,440.7236842105263,-480.67828947368423,475.0,-584.5426315789474,180.0,38.64342105263154,1077.286842105263,1950.0,-853.0921052631579,-779.6381578947369
3251,2283.75,376.6184210526316,-429.0625,475.0,-543.25,180.0,141.875,1283.75,1950.0,-874.4605263157895,-811.6907894736842
3252,2093.976315789474,395.4078947368421,-476.5059210526315,475.0,-581.2047368421051,180.0,46.988157894737014,1093.976315789474,1950.0,-868.1973684210526,-802.296052631579
3253,1978.5315789473684,394.5789473684211,-505.3671052631579,475.0,-604.2936842105263,180.0,-10.734210526315792,978.5315789473684,1950.0,-868.4736842105262,-802.7105263157895
3254,2255.4,370.8157894736842,-436.15,475.0,-548.92,180.0,127.70000000000005,1255.4,1950.0,-876.3947368421052,-814.5921052631579
3255,2361.173684210526,399.5526315789474,-409.7065789473685,475.0,-527.7652631578948,180.0,180.58684210526303,1361.173684210526,1950.0,-866.8157894736842,-800.2236842105262
3256,2023.0184210526315,420.2763157894737,-494.2453947368421,475.0,-595.3963157894736,180.0,11.50921052631577,1023.0184210526315,1950.0,-859.9078947368421,-789.8618421052631
3257,2185.823684210526,387.6710526315789,-453.54407894736846,475.0,-562.8352631578948,180.0,92.91184210526308,1185.8236842105262,1950.0,-870.7763157894738,-806.1644736842105
3258,2097.6789473684207,402.8684210526316,-475.5802631578948,475.0,-580.4642105263158,180.0,48.83947368421036,1097.6789473684207,1950.0,-865.7105263157895,-798.5657894736842
3259,2328.734210526316,353.9605263157895,-417.816447368421,475.0,-534.2531578947368,180.0,164.367105263158,1328.734210526316,1950.0,-882.0131578947369,-823.0197368421052
3260,1946.8105263157893,430.5,-513.2973684210526,475.0,-610.6378947368421,180.0,-26.594736842105362,946.8105263157893,1950.0,-856.5,-784.75
3261,2256.560526315789,411.4342105263158,-435.85986842105274,475.0,-548.6878947368422,180.0,128.28026315789452,1256.560526315789,1950.0,-862.8552631578948,-794.2828947368421
3262,2252.857894736842,403.9736842105263,-436.7855263157895,475.0,-549.4284210526316,180.0,126.42894736842095,1252.857894736842,1950.0,-865.3421052631579,-798.0131578947369
3263,2606.8184210526315,410.3289473684211,-348.2953947368421,475.0,-478.63631578947366,180.0,303.40921052631575,1606.8184210526315,1950.0,-863.2236842105262,-794.8355263157895
3264,2429.036842105263,407.2894736842105,-392.74078947368423,475.0,-514.1926315789474,180.0,214.51842105263154,1429.036842105263,1950.0,-864.2368421052631,-796.3552631578948
3265,2354.321052631579,366.3947368421052,-411.4197368421053,475.0,-529.1357894736842,180.0,177.1605263157894,1354.3210526315788,1950.0,-877.8684210526316,-816.8026315789474
3266,2199.0315789473684,370.8157894736842,-450.2421052631579,475.0,-560.1936842105263,180.0,99.51578947368421,1199.0315789473684,1950.0,-876.3947368421052,-814.5921052631579
3267,2370.2921052631577,399.2763157894737,-407.42697368421057,475.0,-525.9415789473685,180.0,185.14605263157887,1370.2921052631577,1950.0,-866.9078947368421,-800.3618421052631
3268,2155.2631578947367,417.2368421052632,-461.18421052631584,475.0,-568.9473684210527,180.0,77.63157894736833,1155.2631578947367,1950.0,-860.921052631579,-791.3815789473684
3269,2174.1631578947367,449.2894736842105,-456.4592105263158,475.0,-565.1673684210526,180.0,87.08157894736837,1174.1631578947367,1950.0,-850.2368421052631,-775.3552631578948
3270,2176.0421052631577,439.8947368421052,-455.98947368421057,475.0,-564.7915789473684,180.0,88.02105263157887,1176.0421052631577,1950.0,-853.3684210526316,-780.0526315789474
3271,2266.3973684210523,351.75,-433.4006578947369,475.0,-546.7205263157896,180.0,133.19868421052615,1266.3973684210523,1950.0,-882.75,-824.125
3272,2145.205263157895,394.0263157894737,-463.69868421052627,475.0,-570.958947368421,180.0,72.60263157894747,1145.205263157895,1950.0,-868.6578947368421,-802.9868421052631
3273,2220.418421052632,424.1447368421052,-444.89539473684204,475.0,-555.9163157894736,180.0,110.20921052631593,1220.4184210526319,1950.0,-858.6184210526316,-787.9276315789474
3274,2433.236842105263,375.7894736842105,-391.6907894736843,475.0,-513.3526315789475,180.0,216.61842105263145,1433.236842105263,1950.0,-874.7368421052631,-812.1052631578948
3275,2454.236842105264,368.6052631578948,-386.44078947368405,475.0,-509.15263157894725,180.0,227.1184210526319,1454.2368421052638,1950.0,-877.1315789473684,-815.6973684210526
3276,2284.5789473684213,405.6315789473684,-428.8552631578947,475.0,-543.0842105263157,180.0,142.28947368421063,1284.5789473684213,1950.0,-864.7894736842105,-797.1842105263158
3277,2105.968421052632,420.5526315789474,-473.507894736842,475.0,-578.8063157894736,180.0,52.98421052631602,1105.968421052632,1950.0,-859.8157894736842,-789.7236842105262
3278,2341.0578947368417,381.3157894736842,-414.73552631578957,475.0,-531.7884210526316,180.0,170.52894736842086,1341.0578947368417,1950.0,-872.8947368421052,-809.3421052631579
3279,2266.3973684210528,379.9342105263158,-433.4006578947368,475.0,-546.7205263157895,180.0,133.19868421052638,1266.3973684210528,1950.0,-873.3552631578948,-810.0328947368421
3280,2279.0526315789475,381.3157894736842,-430.2368421052631,475.0,-544.1894736842105,180.0,139.52631578947376,1279.0526315789475,1950.0,-872.8947368421052,-809.3421052631579
3281,2110.3342105263155,423.0394736842105,-472.41644736842113,475.0,-577.933157894737,180.0,55.16710526315774,1110.3342105263155,1950.0,-858.9868421052631,-788.4802631578948
3282,2108.1789473684207,479.1315789473684,-472.9552631578948,475.0,-578.3642105263159,180.0,54.08947368421036,1108.1789473684207,1950.0,-840.2894736842105,-760.4342105263158
3283,2500.1605263157894,313.0657894736842,-374.95986842105265,475.0,-499.96789473684214,180.0,250.0802631578947,1500.1605263157894,1950.0,-895.6447368421052,-843.4671052631579
3284,2377.255263157895,473.8815789473684,-405.6861842105262,475.0,-524.548947368421,180.0,188.62763157894756,1377.2552631578951,1950.0,-842.0394736842105,-763.0592105263158
3285,2143.271052631579,457.8552631578948,-464.1822368421052,475.0,-571.3457894736841,180.0,71.63552631578955,1143.271052631579,1950.0,-847.3815789473684,-771.0723684210526
3286,2369.242105263158,418.8947368421052,-407.6894736842105,475.0,-526.1515789473684,180.0,184.621052631579,1369.242105263158,1950.0,-860.3684210526316,-790.5526315789474
3287,2205.718421052632,426.3552631578948,-448.570394736842,475.0,-558.8563157894736,180.0,102.85921052631602,1205.718421052632,1950.0,-857.8815789473684,-786.8223684210526
3288,2300.0526315789475,402.3157894736842,-424.9868421052631,475.0,-539.9894736842105,180.0,150.02631578947376,1300.0526315789475,1950.0,-865.8947368421052,-798.8421052631579
3289,2079.2763157894738,425.8026315789474,-480.18092105263156,475.0,-584.1447368421052,180.0,39.63815789473688,1079.2763157894738,1950.0,-858.0657894736842,-787.0986842105262
3290,2178.142105263158,363.0789473684211,-455.4644736842105,475.0,-564.3715789473683,180.0,89.07105263157905,1178.142105263158,1950.0,-878.9736842105262,-818.4605263157895
3291,2243.9052631578948,381.8684210526316,-439.0236842105263,475.0,-551.218947368421,180.0,121.95263157894738,1243.9052631578948,1950.0,-872.7105263157895,-809.0657894736842
3292,2384.4947368421053,342.0789473684211,-403.87631578947367,475.0,-523.1010526315789,180.0,192.24736842105267,1384.4947368421053,1950.0,-885.9736842105262,-828.9605263157895
3293,2173.168421052632,414.4736842105263,-456.70789473684204,475.0,-565.3663157894737,180.0,86.58421052631593,1173.1684210526319,1950.0,-861.8421052631579,-792.7631578947369
3294,2081.3763157894737,367.7763157894737,-479.6559210526316,475.0,-583.7247368421052,180.0,40.68815789473683,1081.3763157894737,1950.0,-877.4078947368421,-816.1118421052631
3295,2496.1263157894737,416.1315789473684,-375.9684210526316,475.0,-500.77473684210526,180.0,248.06315789473683,1496.1263157894737,1950.0,-861.2894736842105,-791.9342105263158
3296,2161.563157894737,412.2631578947368,-459.6092105263158,475.0,-567.6873684210526,180.0,80.78157894736842,1161.5631578947368,1950.0,-862.578947368421,-793.8684210526316
3297,2510.2736842105264,432.1578947368421,-372.4315789473684,475.0,-497.9452631578947,180.0,255.1368421052632,1510.2736842105264,1950.0,-855.9473684210526,-783.921052631579
3298,2310.6631578947367,426.0789473684211,-422.3342105263158,475.0,-537.8673684210527,180.0,155.33157894736837,1310.6631578947367,1950.0,-857.9736842105262,-786.9605263157895
3299,2204.7236842105262,363.3552631578948,-448.81907894736844,475.0,-559.0552631578947,180.0,102.36184210526312,1204.7236842105262,1950.0,-878.8815789473684,-818.3223684210526
3300,2204.7236842105262,382.1447368421052,-448.81907894736844,475.0,-559.0552631578947,180.0,102.36184210526312,1204.7236842105262,1950.0,-872.6184210526316,-808.9276315789474
3301,2297.786842105263,369.9868421052632,-425.55328947368423,475.0,-540.4426315789474,180.0,148.89342105263154,1297.786842105263,1950.0,-876.671052631579,-815.0065789473684
3302,2155.428947368421,376.0657894736842,-461.1427631578947,475.0,-568.9142105263157,180.0,77.71447368421059,1155.4289473684212,1950.0,-874.6447368421052,-811.9671052631579
3303,2309.834210526316,397.0657894736842,-422.541447368421,475.0,-538.0331578947369,180.0,154.91710526315796,1309.834210526316,1950.0,-867.6447368421052,-801.4671052631579
3304,2304.971052631579,461.7236842105263,-423.75723684210527,475.0,-539.0057894736842,180.0,152.48552631578946,1304.971052631579,1950.0,-846.0921052631579,-769.1381578947369
3305,2189.360526315789,408.1184210526316,-452.6598684210528,475.0,-562.1278947368422,180.0,94.68026315789439,1189.3605263157888,1950.0,-863.9605263157895,-795.9407894736842
3306,2274.521052631578,420.0,-431.36973684210545,475.0,-545.0957894736844,180.0,137.2605263157891,1274.5210526315782,1950.0,-860.0,-790.0
3307,2277.173684210526,324.9473684210526,-430.7065789473685,475.0,-544.5652631578948,180.0,138.58684210526303,1277.173684210526,1950.0,-891.6842105263158,-837.5263157894738
3308,2486.1236842105263,413.6447368421052,-378.4690789473684,475.0,-502.77526315789476,180.0,243.06184210526317,1486.1236842105263,1950.0,-862.1184210526316,-793.1776315789474
3309,2094.0868421052637,408.6710526315789,-476.4782894736841,475.0,-581.1826315789473,180.0,47.04342105263186,1094.0868421052637,1950.0,-863.7763157894738,-795.6644736842105
3310,2620.5236842105264,373.3026315789474,-344.8690789473684,475.0,-475.89526315789476,180.0,310.2618421052632,1620.5236842105264,1950.0,-875.5657894736842,-813.3486842105262
3311,2121.7736842105264,410.0526315789474,-469.5565789473684,475.0,-575.6452631578948,180.0,60.88684210526321,1121.7736842105264,1950.0,-863.3157894736842,-794.9736842105262
3312,2249.6526315789474,319.9736842105263,-437.58684210526314,475.0,-550.0694736842105,180.0,124.82631578947371,1249.6526315789474,1950.0,-893.3421052631579,-840.0131578947369
3313,2192.6763157894734,430.2236842105263,-451.83092105263165,475.0,-561.4647368421054,180.0,96.3381578947367,1192.6763157894734,1950.0,-856.5921052631579,-784.8881578947369
3314,2075.186842105263,395.4078947368421,-481.2032894736842,475.0,-584.9626315789474,180.0,37.593421052631584,1075.1868421052632,1950.0,-868.1973684210526,-802.296052631579
3315,2113.0973684210526,397.6184210526316,-471.72565789473686,475.0,-577.3805263157894,180.0,56.54868421052629,1113.0973684210526,1950.0,-867.4605263157895,-801.1907894736842
3316,2185.326315789473,436.0263157894737,-453.66842105263174,475.0,-562.9347368421054,180.0,92.66315789473651,1185.326315789473,1950.0,-854.6578947368421,-781.9868421052631
3317,2379.852631578948,329.92105263157896,-405.03684210526296,475.0,-524.0294736842104,180.0,189.92631578947407,1379.8526315789481,1950.0,-890.0263157894736,-835.0394736842105
3318,2260.2078947368423,463.9342105263158,-434.94802631578943,475.0,-547.9584210526316,180.0,130.10394736842113,1260.2078947368423,1950.0,-845.3552631578948,-768.0328947368421
3319,2440.2552631578947,386.5657894736842,-389.93618421052633,475.0,-511.94894736842105,180.0,220.12763157894733,1440.2552631578947,1950.0,-871.1447368421052,-806.7171052631579
3320,2287.894736842105,390.1578947368421,-428.02631578947376,475.0,-542.421052631579,180.0,143.9473684210525,1287.894736842105,1950.0,-869.9473684210526,-804.921052631579
3321,2476.5631578947373,389.0526315789474,-380.8592105263157,475.0,-504.68736842105255,180.0,238.28157894736864,1476.5631578947373,1950.0,-870.3157894736842,-805.4736842105262
3322,2639.036842105263,382.4210526315789,-340.24078947368423,475.0,-472.1926315789474,180.0,319.51842105263154,1639.036842105263,1950.0,-872.5263157894738,-808.7894736842105
3323,2428.926315789474,384.6315789473684,-392.76842105263154,475.0,-514.2147368421053,180.0,214.46315789473692,1428.9263157894738,1950.0,-871.7894736842105,-807.6842105263158
3324,2124.2605263157893,421.9342105263158,-468.93486842105267,475.0,-575.1478947368421,180.0,62.13026315789466,1124.2605263157893,1950.0,-859.3552631578948,-789.0328947368421
3325,2562.8289473684213,364.4605263157895,-359.2927631578947,475.0,-487.4342105263157,180.0,281.41447368421063,1562.8289473684213,1950.0,-878.5131578947369,-817.7697368421052
3326,2170.9026315789474,438.5131578947368,-457.27434210526314,475.0,-565.8194736842105,180.0,85.45131578947371,1170.9026315789474,1950.0,-853.828947368421,-780.7434210526316
3327,2226.221052631579,401.7631578947368,-443.44473684210527,475.0,-554.7557894736842,180.0,113.11052631578946,1226.221052631579,1950.0,-866.078947368421,-799.1184210526316
3328,2260.2631578947367,390.7105263157895,-434.93421052631584,475.0,-547.9473684210527,180.0,130.13157894736833,1260.2631578947367,1950.0,-869.7631578947369,-804.6447368421052
3329,2543.1552631578948,352.3026315789474,-364.2111842105263,475.0,-491.36894736842106,180.0,271.5776315789474,1543.1552631578948,1950.0,-882.5657894736842,-823.8486842105262
3330,2205.884210526316,403.9736842105263,-448.528947368421,475.0,-558.8231578947368,180.0,102.94210526315806,1205.884210526316,1950.0,-865.3421052631579,-798.0131578947369
3331,2270.7631578947367,401.2105263157895,-432.30921052631584,475.0,-545.8473684210527,180.0,135.38157894736833,1270.7631578947367,1950.0,-866.2631578947369,-799.3947368421052
3332,2247.3315789473686,342.0789473684211,-438.16710526315785,475.0,-550.5336842105263,180.0,123.6657894736843,1247.3315789473686,1950.0,-885.9736842105262,-828.9605263157895
3333,2335.9184210526314,379.9342105263158,-416.02039473684215,475.0,-532.8163157894737,180.0,167.9592105263157,1335.9184210526314,1950.0,-873.3552631578948,-810.0328947368421
3334,2665.784210526316,388.5,-333.55394736842095,475.0,-466.8431578947368,180.0,332.8921052631581,1665.7842105263162,1950.0,-870.5,-805.75
3335,2092.815789473684,429.9473684210526,-476.79605263157896,475.0,-581.4368421052632,180.0,46.40789473684208,1092.8157894736842,1950.0,-856.6842105263158,-785.0263157894738
3336,2052.9157894736845,367.5,-486.77105263157887,475.0,-589.4168421052631,180.0,26.457894736842263,1052.9157894736845,1950.0,-877.5,-816.25
3337,2646.828947368421,373.3026315789474,-338.2927631578948,475.0,-470.6342105263159,180.0,323.4144736842104,1646.8289473684208,1950.0,-875.5657894736842,-813.3486842105262
3338,2221.2473684210527,387.3947368421052,-444.68815789473683,475.0,-555.7505263157894,180.0,110.62368421052633,1221.2473684210527,1950.0,-870.8684210526316,-806.3026315789474
3339,2246.7236842105262,377.1710526315789,-438.31907894736844,475.0,-550.6552631578948,180.0,123.36184210526312,1246.7236842105262,1950.0,-874.2763157894738,-811.4144736842105
3340,2128.294736842105,365.8421052631579,-467.92631578947373,475.0,-574.341052631579,180.0,64.14736842105253,1128.294736842105,1950.0,-878.0526315789474,-817.078947368421
3341,2373.0,371.9210526315789,-406.75,475.0,-525.4,180.0,186.5,1373.0,1950.0,-876.0263157894738,-814.0394736842105
3342,2337.686842105263,366.6710526315789,-415.5782894736842,475.0,-532.4626315789474,180.0,168.84342105263158,1337.6868421052632,1950.0,-877.7763157894738,-816.6644736842105
3343,2419.4763157894736,382.6973684210526,-395.1309210526316,475.0,-516.1047368421052,180.0,209.7381578947368,1419.4763157894736,1950.0,-872.4342105263158,-808.6513157894738
3344,2294.194736842105,394.5789473684211,-426.4513157894737,475.0,-541.161052631579,180.0,147.09736842105258,1294.1947368421052,1950.0,-868.4736842105262,-802.7105263157895
3345,2341.2236842105262,405.9078947368421,-414.69407894736844,475.0,-531.7552631578948,180.0,170.61184210526312,1341.2236842105262,1950.0,-864.6973684210526,-797.046052631579
3346,2092.871052631579,422.4868421052632,-476.78223684210525,475.0,-581.4257894736842,180.0,46.4355263157895,1092.871052631579,1950.0,-859.171052631579,-788.7565789473684
3347,2161.121052631579,396.7894736842105,-459.71973684210525,475.0,-567.7757894736842,180.0,80.5605263157895,1161.121052631579,1950.0,-867.7368421052631,-801.6052631578948
3348,2328.181578947368,437.9605263157895,-417.954605263158,475.0,-534.3636842105263,180.0,164.09078947368403,1328.181578947368,1950.0,-854.0131578947369,-781.0197368421052
3349,2283.363157894737,363.0789473684211,-429.15921052631575,475.0,-543.3273684210526,180.0,141.6815789473685,1283.363157894737,1950.0,-878.9736842105262,-818.4605263157895
3350,2267.834210526316,345.6710526315789,-433.041447368421,475.0,-546.4331578947368,180.0,133.91710526315796,1267.834210526316,1950.0,-884.7763157894738,-827.1644736842105
3351,2448.434210526316,409.7763157894737,-387.89144736842104,475.0,-510.31315789473683,180.0,224.21710526315792,1448.4342105263158,1950.0,-863.4078947368421,-795.1118421052631
3352,2041.863157894737,422.2105263157895,-489.53421052631575,475.0,-591.6273684210526,180.0,20.931578947368507,1041.863157894737,1950.0,-859.2631578947369,-788.8947368421052
3353,2157.4184210526314,426.9078947368421,-460.64539473684215,475.0,-568.5163157894738,180.0,78.7092105263157,1157.4184210526314,1950.0,-857.6973684210526,-786.546052631579
3354,2043.4657894736845,393.75,-489.1335526315789,475.0,-591.3068421052631,180.0,21.73289473684224,1043.4657894736845,1950.0,-868.75,-803.125
3355,2337.078947368421,382.9736842105263,-415.7302631578948,475.0,-532.5842105263158,180.0,168.5394736842104,1337.0789473684208,1950.0,-872.3421052631579,-808.5131578947369
3356,2129.1789473684207,434.3684210526316,-467.7052631578948,475.0,-574.1642105263159,180.0,64.58947368421036,1129.1789473684207,1950.0,-855.2105263157895,-782.8157894736842
3357,2302.981578947368,382.6973684210526,-424.25460526315806,475.0,-539.4036842105264,180.0,151.4907894736839,1302.9815789473678,1950.0,-872.4342105263158,-808.6513157894738
3358,2243.186842105263,413.0921052631579,-439.2032894736842,475.0,-551.3626315789473,180.0,121.59342105263158,1243.1868421052632,1950.0,-862.3026315789474,-793.453947368421
3359,2442.742105263158,398.4473684210526,-389.3144736842105,475.0,-511.4515789473684,180.0,221.371052631579,1442.742105263158,1950.0,-867.1842105263158,-800.7763157894738
3360,2084.4157894736845,399.0,-478.89605263157887,475.0,-583.1168421052631,180.0,42.20789473684226,1084.4157894736845,1950.0,-867.0,-800.5
3361,2177.7552631578947,377.7236842105263,-455.56118421052633,475.0,-564.448947368421,180.0,88.87763157894733,1177.7552631578947,1950.0,-874.0921052631579,-811.1381578947369
3362,2271.0394736842104,401.4868421052632,-432.2401315789474,475.0,-545.792105263158,180.0,135.5197368421052,1271.0394736842104,1950.0,-866.171052631579,-799.2565789473684
3363,2087.731578947368,411.7105263157895,-478.06710526315806,475.0,-582.4536842105265,180.0,43.86578947368389,1087.7315789473678,1950.0,-862.7631578947369,-794.1447368421052
3364,2738.842105263158,399.5526315789474,-315.2894736842105,475.0,-452.23157894736846,180.0,369.42105263157896,1738.842105263158,1950.0,-866.8157894736842,-800.2236842105262
3365,2101.7131578947365,356.1710526315789,-474.5717105263159,475.0,-579.6573684210528,180.0,50.856578947368234,1101.7131578947365,1950.0,-881.2763157894738,-821.9144736842105
3366,2303.810526315789,383.5263157894737,-424.04736842105274,475.0,-539.2378947368422,180.0,151.90526315789452,1303.810526315789,1950.0,-872.1578947368421,-808.2368421052631
3367,1991.1868421052632,499.3026315789474,-502.2032894736842,475.0,-601.7626315789473,180.0,-4.406578947368416,991.1868421052632,1950.0,-833.5657894736842,-750.3486842105262
3368,2360.842105263158,425.5263157894737,-409.7894736842105,475.0,-527.8315789473684,180.0,180.42105263157896,1360.842105263158,1950.0,-858.1578947368421,-787.2368421052631
3369,2399.25,388.7763157894737,-400.1875,475.0,-520.15,180.0,199.625,1399.25,1950.0,-870.4078947368421,-805.6118421052631
3370,2448.378947368421,389.0526315789474,-387.90526315789475,475.0,-510.3242105263158,180.0,224.1894736842105,1448.378947368421,1950.0,-870.3157894736842,-805.4736842105262
3371,2251.034210526316,358.9342105263158,-437.24144736842095,475.0,-549.7931578947367,180.0,125.5171052631581,1251.0342105263162,1950.0,-880.3552631578948,-820.5328947368421
3372,2347.523684210526,382.1447368421052,-413.1190789473685,475.0,-530.4952631578948,180.0,173.76184210526299,1347.523684210526,1950.0,-872.6184210526316,-808.9276315789474
3373,2254.6815789473685,383.25,-436.3296052631579,475.0,-549.0636842105263,180.0,127.34078947368425,1254.6815789473685,1950.0,-872.25,-808.375
3374,2447.881578947368,381.0394736842105,-388.02960526315803,475.0,-510.4236842105264,180.0,223.94078947368394,1447.8815789473679,1950.0,-872.9868421052631,-809.4802631578948
3375,2458.9894736842107,375.2368421052632,-385.25263157894733,475.0,-508.2021052631579,180.0,229.49473684210534,1458.9894736842107,1950.0,-874.921052631579,-812.3815789473684
3376,2306.573684210526,358.1052631578948,-423.35657894736846,475.0,-538.6852631578947,180.0,153.28684210526308,1306.5736842105262,1950.0,-880.6315789473684,-820.9473684210526
3377,2240.7552631578947,393.75,-439.81118421052633,475.0,-551.848947368421,180.0,120.37763157894733,1240.7552631578947,1950.0,-868.75,-803.125
3378,2323.207894736842,470.5657894736842,-419.19802631578955,475.0,-535.3584210526317,180.0,161.6039473684209,1323.2078947368418,1950.0,-843.1447368421052,-764.7171052631579
3379,2349.6236842105263,352.3026315789474,-412.5940789473684,475.0,-530.0752631578947,180.0,174.81184210526317,1349.6236842105263,1950.0,-882.5657894736842,-823.8486842105262
3380,2299.665789473684,463.9342105263158,-425.083552631579,475.0,-540.0668421052632,180.0,149.83289473684204,1299.665789473684,1950.0,-845.3552631578948,-768.0328947368421
3381,2567.8578947368424,427.7368421052632,-358.0355263157894,475.0,-486.4284210526315,180.0,283.9289473684212,1567.8578947368424,1950.0,-857.421052631579,-786.1315789473684
3382,2129.2894736842104,419.4473684210526,-467.6776315789474,475.0,-574.1421052631579,180.0,64.6447368421052,1129.2894736842104,1950.0,-860.1842105263158,-790.2763157894738
3383,2320.721052631579,364.7368421052632,-419.81973684210527,475.0,-535.8557894736842,180.0,160.36052631578946,1320.721052631579,1950.0,-878.421052631579,-817.6315789473684
3384,2537.5184210526318,418.0657894736842,-365.62039473684206,475.0,-492.49631578947367,180.0,268.7592105263159,1537.5184210526318,1950.0,-860.6447368421052,-790.9671052631579
3385,2086.073684210526,410.0526315789474,-478.48157894736846,475.0,-582.7852631578947,180.0,43.03684210526308,1086.0736842105262,1950.0,-863.3157894736842,-794.9736842105262
3386,2381.731578947368,395.6842105263158,-404.56710526315806,475.0,-523.6536842105264,180.0,190.8657894736839,1381.7315789473678,1950.0,-868.1052631578948,-802.1578947368421
3387,2317.571052631579,339.0394736842105,-420.6072368421053,475.0,-536.4857894736842,180.0,158.7855263157894,1317.5710526315788,1950.0,-886.9868421052631,-830.4802631578948
3388,2695.9578947368414,382.9736842105263,-326.01052631578966,475.0,-460.80842105263173,180.0,347.9789473684207,1695.9578947368414,1950.0,-872.3421052631579,-808.5131578947369
3389,2093.7,517.2631578947369,-476.57500000000005,475.0,-581.26,180.0,46.84999999999991,1093.6999999999998,1950.0,-827.578947368421,-741.3684210526316
3390,2034.623684210526,356.7236842105263,-491.3440789473685,475.0,-593.0752631578948,180.0,17.311842105263054,1034.623684210526,1950.0,-881.0921052631579,-821.6381578947369
3391,2502.702631578947,373.8552631578948,-374.3243421052632,475.0,-499.4594736842106,180.0,251.35131578947357,1502.7026315789471,1950.0,-875.3815789473684,-813.0723684210526
3392,1959.6315789473688,447.0789473684211,-510.0921052631578,475.0,-608.0736842105263,180.0,-20.18421052631561,959.6315789473688,1950.0,-850.9736842105262,-776.4605263157895
3393,2447.218421052632,367.2236842105263,-388.195394736842,475.0,-510.5563157894736,180.0,223.60921052631602,1447.218421052632,1950.0,-877.5921052631579,-816.3881578947369
3394,2044.294736842105,432.1578947368421,-488.92631578947373,475.0,-591.141052631579,180.0,22.147368421052533,1044.294736842105,1950.0,-855.9473684210526,-783.921052631579
3395,2543.1552631578948,371.0921052631579,-364.2111842105263,475.0,-491.36894736842106,180.0,271.5776315789474,1543.1552631578948,1950.0,-876.3026315789474,-814.453947368421
3396,2368.3026315789475,367.2236842105263,-407.9243421052631,475.0,-526.3394736842105,180.0,184.15131578947376,1368.3026315789475,1950.0,-877.5921052631579,-816.3881578947369
3397,2373.9394736842105,357.8289473684211,-406.5151315789474,475.0,-525.2121052631579,180.0,186.96973684210525,1373.9394736842105,1950.0,-880.7236842105262,-821.0855263157895
3398,2192.234210526316,377.1710526315789,-451.941447368421,475.0,-561.5531578947368,180.0,96.11710526315801,1192.234210526316,1950.0,-874.2763157894738,-811.4144736842105
3399,2101.768421052632,405.0789473684211,-474.55789473684194,475.0,-579.6463157894735,180.0,50.88421052631611,1101.7684210526322,1950.0,-864.9736842105262,-797.4605263157895
3400,2505.686842105263,384.3552631578948,-373.5782894736842,475.0,-498.86263157894734,180.0,252.84342105263158,1505.6868421052632,1950.0,-871.8815789473684,-807.8223684210526
3401,2175.821052631579,432.1578947368421,-456.0447368421053,475.0,-564.8357894736843,180.0,87.91052631578941,1175.8210526315788,1950.0,-855.9473684210526,-783.921052631579
3402,2022.134210526316,398.7236842105263,-494.466447368421,475.0,-595.5731578947368,180.0,11.067105263158055,1022.1342105263161,1950.0,-867.0921052631579,-800.6381578947369
3403,2258.55,405.9078947368421,-435.36249999999995,475.0,-548.29,180.0,129.2750000000001,1258.5500000000002,1950.0,-864.6973684210526,-797.046052631579
3404,2132.992105263158,417.5131578947368,-466.7519736842105,475.0,-573.4015789473684,180.0,66.496052631579,1132.992105263158,1950.0,-860.828947368421,-791.2434210526316
3405,1983.1184210526317,442.3815789473684,-504.2203947368421,475.0,-603.3763157894737,180.0,-8.440789473684163,983.1184210526317,1950.0,-852.5394736842105,-778.8092105263158
3406,2239.428947368421,384.9078947368421,-440.1427631578947,475.0,-552.1142105263158,180.0,119.71447368421059,1239.4289473684212,1950.0,-871.6973684210526,-807.546052631579
3407,2672.305263157895,400.6578947368421,-331.9236842105263,475.0,-465.5389473684211,180.0,336.1526315789474,1672.3052631578948,1950.0,-866.4473684210526,-799.671052631579
3408,2177.423684210526,403.6973684210526,-455.6440789473685,475.0,-564.5152631578948,180.0,88.71184210526303,1177.423684210526,1950.0,-865.4342105263158,-798.1513157894738
3409,2481.2605263157893,365.5657894736842,-379.68486842105267,475.0,-503.7478947368421,180.0,240.63026315789466,1481.2605263157893,1950.0,-878.1447368421052,-817.2171052631579
3410,2349.6236842105263,380.4868421052632,-412.5940789473684,475.0,-530.0752631578947,180.0,174.81184210526317,1349.6236842105263,1950.0,-873.171052631579,-809.7565789473684
3411,2093.4236842105265,385.4605263157895,-476.64407894736837,475.0,-581.3152631578947,180.0,46.71184210526326,1093.4236842105265,1950.0,-871.5131578947369,-807.2697368421052
3412,2217.378947368421,411.7105263157895,-445.65526315789475,475.0,-556.5242105263158,180.0,108.6894736842105,1217.378947368421,1950.0,-862.7631578947369,-794.1447368421052
3413,2389.2473684210527,395.6842105263158,-402.68815789473683,475.0,-522.1505263157894,180.0,194.62368421052633,1389.2473684210527,1950.0,-868.1052631578948,-802.1578947368421
3414,2238.378947368421,395.1315789473684,-440.40526315789475,475.0,-552.3242105263158,180.0,119.1894736842105,1238.378947368421,1950.0,-868.2894736842105,-802.4342105263158
3415,2237.8815789473683,396.5131578947368,-440.5296052631579,475.0,-552.4236842105263,180.0,118.94078947368416,1237.8815789473683,1950.0,-867.828947368421,-801.7434210526316
3416,2541.8289473684213,418.6184210526316,-364.5427631578947,475.0,-491.63421052631577,180.0,270.91447368421063,1541.8289473684213,1950.0,-860.4605263157895,-790.6907894736842
3417,2461.2552631578947,379.3815789473684,-384.68618421052633,475.0,-507.74894736842106,180.0,230.62763157894733,1461.2552631578947,1950.0,-873.5394736842105,-810.3092105263158
3418,2244.734210526316,420.2763157894737,-438.816447368421,475.0,-551.0531578947368,180.0,122.36710526315801,1244.734210526316,1950.0,-859.9078947368421,-789.8618421052631
3419,2478.221052631579,381.3157894736842,-380.44473684210527,475.0,-504.35578947368424,180.0,239.11052631578946,1478.221052631579,1950.0,-872.8947368421052,-809.3421052631579
3420,2551.721052631579,379.6578947368421,-362.06973684210527,475.0,-489.6557894736842,180.0,275.86052631578946,1551.721052631579,1950.0,-873.4473684210526,-810.171052631579
3421,2060.2105263157896,387.9473684210526,-484.9473684210526,475.0,-587.957894736842,180.0,30.105263157894797,1060.2105263157896,1950.0,-870.6842105263158,-806.0263157894738
3422,2270.1,378.0,-432.475,475.0,-545.98,180.0,135.04999999999995,1270.1,1950.0,-874.0,-811.0
3423,2005.2236842105265,426.9078947368421,-498.6940789473684,475.0,-598.9552631578947,180.0,2.6118421052632357,1005.2236842105265,1950.0,-857.6973684210526,-786.546052631579
3424,2123.597368421052,361.1447368421052,-469.10065789473697,475.0,-575.2805263157895,180.0,61.79868421052606,1123.5973684210521,1950.0,-879.6184210526316,-819.4276315789474
3425,2079.221052631579,433.2631578947368,-480.19473684210527,475.0,-584.1557894736842,180.0,39.61052631578946,1079.221052631579,1950.0,-855.578947368421,-783.3684210526316
3426,2266.121052631579,417.2368421052632,-433.46973684210525,475.0,-546.7757894736842,180.0,133.0605263157895,1266.121052631579,1950.0,-860.921052631579,-791.3815789473684
3427,2102.542105263158,403.9736842105263,-474.36447368421045,475.0,-579.4915789473683,180.0,51.271052631579096,1102.5421052631582,1950.0,-865.3421052631579,-798.0131578947369
3428,2306.1315789473683,352.0263157894737,-423.4671052631579,475.0,-538.7736842105263,180.0,153.06578947368416,1306.1315789473683,1950.0,-882.6578947368421,-823.9868421052631
3429,2575.484210526316,356.4473684210526,-356.128947368421,475.0,-484.90315789473675,180.0,287.742105263158,1575.484210526316,1950.0,-881.1842105263158,-821.7763157894738
3430,2297.731578947368,377.4473684210526,-425.56710526315806,475.0,-540.4536842105265,180.0,148.8657894736839,1297.7315789473678,1950.0,-874.1842105263158,-811.2763157894738
3431,2376.094736842105,395.6842105263158,-405.9763157894738,475.0,-524.7810526315791,180.0,188.0473684210524,1376.0947368421048,1950.0,-868.1052631578948,-802.1578947368421
3432,2235.45,320.8026315789474,-441.13750000000005,475.0,-552.9100000000001,180.0,117.72499999999991,1235.4499999999998,1950.0,-893.0657894736842,-839.5986842105262
3433,2289.0,400.6578947368421,-427.75,475.0,-542.2,180.0,144.5,1289.0,1950.0,-866.4473684210526,-799.671052631579
3434,2170.7921052631577,387.6710526315789,-457.30197368421057,475.0,-565.8415789473685,180.0,85.39605263157887,1170.7921052631577,1950.0,-870.7763157894738,-806.1644736842105
3435,2250.813157894737,360.5921052631579,-437.2967105263158,475.0,-549.8373684210526,180.0,125.40657894736842,1250.8131578947368,1950.0,-879.8026315789474,-819.703947368421
3436,2359.4052631578948,347.0526315789474,-410.1486842105263,475.0,-528.118947368421,180.0,179.70263157894738,1359.4052631578948,1950.0,-884.3157894736842,-826.4736842105262
3437,2302.3184210526315,425.25,-424.4203947368421,475.0,-539.5363157894737,180.0,151.15921052631575,1302.3184210526315,1950.0,-858.25,-787.375
3438,2169.355263157895,384.3552631578948,-457.66118421052624,475.0,-566.128947368421,180.0,84.67763157894751,1169.355263157895,1950.0,-871.8815789473684,-807.8223684210526
3439,2039.1,363.0789473684211,-490.225,475.0,-592.1800000000001,180.0,19.549999999999955,1039.1,1950.0,-878.9736842105262,-818.4605263157895
3440,2330.226315789473,378.0,-417.4434210526317,475.0,-533.9547368421054,180.0,165.11315789473656,1330.2263157894731,1950.0,-874.0,-811.0
3441,2305.081578947368,371.6447368421052,-423.72960526315796,475.0,-538.9836842105263,180.0,152.54078947368407,1305.0815789473681,1950.0,-876.1184210526316,-814.1776315789474
3442,2293.807894736842,428.0131578947368,-426.54802631578946,475.0,-541.2384210526316,180.0,146.9039473684211,1293.8078947368422,1950.0,-857.328947368421,-785.9934210526316
3443,2068.4447368421056,422.4868421052632,-482.8888157894736,475.0,-586.3110526315788,180.0,34.222368421052806,1068.4447368421056,1950.0,-859.171052631579,-788.7565789473684
3444,2752.3815789473683,356.7236842105263,-311.9046052631579,475.0,-449.5236842105263,180.0,376.19078947368416,1752.3815789473683,1950.0,-881.0921052631579,-821.6381578947369
3445,2539.342105263158,378.5526315789474,-365.1644736842105,475.0,-492.13157894736844,180.0,269.67105263157896,1539.342105263158,1950.0,-873.8157894736842,-810.7236842105262
3446,1882.5947368421048,437.6842105263158,-529.3513157894738,475.0,-623.481052631579,180.0,-58.7026315789476,882.5947368421048,1950.0,-854.1052631578948,-781.1578947368421
3447,2212.6263157894737,405.0789473684211,-446.8434210526316,475.0,-557.4747368421052,180.0,106.31315789473683,1212.6263157894737,1950.0,-864.9736842105262,-797.4605263157895
3448,2302.428947368421,372.75,-424.3927631578947,475.0,-539.5142105263158,180.0,151.2144736842106,1302.4289473684212,1950.0,-875.75,-813.625
3449,2204.502631578948,402.5921052631579,-448.87434210526305,475.0,-559.0994736842105,180.0,102.25131578947389,1204.5026315789478,1950.0,-865.8026315789474,-798.703947368421
3450,2604.718421052631,393.1973684210526,-348.8203947368422,475.0,-479.05631578947373,180.0,302.35921052631556,1604.7184210526311,1950.0,-868.9342105263158,-803.4013157894738
3451,2315.8578947368424,429.3947368421052,-421.0355263157894,475.0,-536.8284210526315,180.0,157.92894736842118,1315.8578947368424,1950.0,-856.8684210526316,-785.3026315789474
3452,2213.565789473684,400.3815789473684,-446.60855263157896,475.0,-557.2868421052632,180.0,106.78289473684208,1213.5657894736842,1950.0,-866.5394736842105,-799.8092105263158
3453,2363.494736842105,339.8684210526316,-409.1263157894738,475.0,-527.3010526315791,180.0,181.74736842105244,1363.4947368421049,1950.0,-886.7105263157895,-830.0657894736842
3454,2183.2815789473684,420.8289473684211,-454.1796052631579,475.0,-563.3436842105264,180.0,91.64078947368421,1183.2815789473684,1950.0,-859.7236842105262,-789.5855263157895
3455,2535.915789473684,380.7631578947368,-366.021052631579,475.0,-492.81684210526316,180.0,267.95789473684204,1535.915789473684,1950.0,-873.078947368421,-809.6184210526316
3456,2211.852631578948,415.5789473684211,-447.03684210526296,475.0,-557.6294736842103,180.0,105.92631578947407,1211.8526315789481,1950.0,-861.4736842105262,-792.2105263157895
3457,2508.118421052631,441.2763157894737,-372.9703947368422,475.0,-498.3763157894738,180.0,254.0592105263156,1508.1184210526312,1950.0,-852.9078947368421,-779.3618421052631
3458,2214.5052631578947,423.8684210526316,-446.37368421052633,475.0,-557.098947368421,180.0,107.25263157894733,1214.5052631578947,1950.0,-858.7105263157895,-788.0657894736842
3459,2261.8657894736843,390.4342105263158,-434.5335526315789,475.0,-547.6268421052631,180.0,130.93289473684217,1261.8657894736843,1950.0,-869.8552631578948,-804.7828947368421
3460,2201.076315789473,367.2236842105263,-449.73092105263174,475.0,-559.7847368421054,180.0,100.53815789473651,1201.076315789473,1950.0,-877.5921052631579,-816.3881578947369
3461,2337.078947368421,411.1578947368421,-415.7302631578948,475.0,-532.5842105263158,180.0,168.5394736842104,1337.0789473684208,1950.0,-862.9473684210526,-794.421052631579
3462,2251.2552631578947,413.6447368421052,-437.18618421052633,475.0,-549.7489473684211,180.0,125.62763157894733,1251.2552631578947,1950.0,-862.1184210526316,-793.1776315789474
3463,2069.273684210526,395.1315789473684,-482.6815789473685,475.0,-586.1452631578948,180.0,34.636842105262986,1069.273684210526,1950.0,-868.2894736842105,-802.4342105263158
3464,2228.3763157894737,364.4605263157895,-442.9059210526316,475.0,-554.3247368421053,180.0,114.18815789473683,1228.3763157894737,1950.0,-878.5131578947369,-817.7697368421052
3465,2150.0684210526315,395.1315789473684,-462.4828947368421,475.0,-569.9863157894737,180.0,75.03421052631575,1150.0684210526315,1950.0,-868.2894736842105,-802.4342105263158
3466,2440.2552631578947,395.9605263157895,-389.93618421052633,475.0,-511.94894736842105,180.0,220.12763157894733,1440.2552631578947,1950.0,-868.0131578947369,-802.0197368421052
3467,2291.9289473684207,428.0131578947368,-427.0177631578948,475.0,-541.6142105263159,180.0,145.96447368421036,1291.9289473684207,1950.0,-857.328947368421,-785.9934210526316
3468,2303.7,454.8157894736842,-424.07500000000005,475.0,-539.26,180.0,151.8499999999999,1303.6999999999998,1950.0,-848.3947368421052,-772.5921052631579
3469,2436.6631578947367,392.3684210526316,-390.8342105263158,475.0,-512.6673684210526,180.0,218.33157894736837,1436.6631578947367,1950.0,-869.2105263157895,-803.8157894736842
3470,2242.081578947368,402.5921052631579,-439.47960526315796,475.0,-551.5836842105264,180.0,121.04078947368407,1242.0815789473681,1950.0,-865.8026315789474,-798.703947368421
3471,2241.860526315789,385.4605263157895,-439.5348684210528,475.0,-551.6278947368422,180.0,120.93026315789439,1241.8605263157888,1950.0,-871.5131578947369,-807.2697368421052
3472,2260.815789473684,400.6578947368421,-434.79605263157896,475.0,-547.8368421052631,180.0,130.40789473684208,1260.8157894736842,1950.0,-866.4473684210526,-799.671052631579
3473,2178.252631578948,348.1578947368421,-455.43684210526305,475.0,-564.3494736842105,180.0,89.12631578947389,1178.2526315789478,1950.0,-883.9473684210526,-825.921052631579
3474,2153.660526315789,379.9342105263158,-461.58486842105276,475.0,-569.2678947368422,180.0,76.83026315789448,1153.660526315789,1950.0,-873.3552631578948,-810.0328947368421
3475,2012.9052631578948,423.3157894736842,-496.7736842105263,475.0,-597.4189473684211,180.0,6.452631578947376,1012.9052631578948,1950.0,-858.8947368421052,-788.3421052631579
3476,2090.8815789473683,390.4342105263158,-477.2796052631579,475.0,-581.8236842105264,180.0,45.44078947368416,1090.8815789473683,1950.0,-869.8552631578948,-804.7828947368421
3477,2386.815789473684,395.1315789473684,-403.29605263157896,475.0,-522.6368421052632,180.0,193.40789473684208,1386.8157894736842,1950.0,-868.2894736842105,-802.4342105263158
3478,2045.1236842105263,386.0131578947368,-488.7190789473684,475.0,-590.9752631578947,180.0,22.561842105263167,1045.1236842105263,1950.0,-871.328947368421,-806.9934210526316
3479,1929.5684210526315,437.6842105263158,-517.6078947368421,475.0,-614.0863157894737,180.0,-35.215789473684254,929.5684210526315,1950.0,-854.1052631578948,-781.1578947368421
3480,2531.826315789473,416.1315789473684,-367.04342105263174,475.0,-493.6347368421054,180.0,265.9131578947365,1531.826315789473,1950.0,-861.2894736842105,-791.9342105263158
3481,2313.536842105263,319.9736842105263,-421.61578947368423,475.0,-537.2926315789474,180.0,156.76842105263154,1313.536842105263,1950.0,-893.3421052631579,-840.0131578947369
3482,2329.452631578947,341.5263157894737,-417.6368421052632,475.0,-534.1094736842106,180.0,164.72631578947357,1329.4526315789471,1950.0,-886.1578947368421,-829.2368421052631
3483,2251.034210526316,396.5131578947368,-437.24144736842095,475.0,-549.7931578947367,180.0,125.5171052631581,1251.0342105263162,1950.0,-867.828947368421,-801.7434210526316
3484,2301.710526315789,375.7894736842105,-424.5723684210527,475.0,-539.6578947368422,180.0,150.85526315789457,1301.7105263157891,1950.0,-874.7368421052631,-812.1052631578948
3485,2031.6947368421052,423.3157894736842,-492.0763157894737,475.0,-593.661052631579,180.0,15.847368421052579,1031.6947368421052,1950.0,-858.8947368421052,-788.3421052631579
3486,2132.218421052632,390.4342105263158,-466.945394736842,475.0,-573.5563157894736,180.0,66.10921052631602,1132.218421052632,1950.0,-869.8552631578948,-804.7828947368421
3487,2051.7,418.8947368421052,-487.07500000000005,475.0,-589.6600000000001,180.0,25.84999999999991,1051.6999999999998,1950.0,-860.3684210526316,-790.5526315789474
3488,2300.4394736842105,350.0921052631579,-424.8901315789474,475.0,-539.9121052631579,180.0,150.21973684210525,1300.4394736842105,1950.0,-883.3026315789474,-824.953947368421
3489,2236.057894736842,351.4736842105263,-440.98552631578946,475.0,-552.7884210526315,180.0,118.02894736842109,1236.0578947368422,1950.0,-882.8421052631579,-824.2631578947369
3490,2070.9315789473685,378.0,-482.2671052631579,475.0,-585.8136842105263,180.0,35.465789473684254,1070.9315789473685,1950.0,-874.0,-811.0
3491,2267.171052631579,407.0131578947368,-433.2072368421052,475.0,-546.5657894736842,180.0,133.5855263157896,1267.1710526315792,1950.0,-864.328947368421,-796.4934210526316
3492,2280.6,388.5,-429.85,475.0,-543.88,180.0,140.29999999999995,1280.6,1950.0,-870.5,-805.75
3493,2447.1078947368424,400.9342105263158,-388.2230263157894,475.0,-510.57842105263154,180.0,223.55394736842118,1447.1078947368424,1950.0,-866.3552631578948,-799.5328947368421
3494,2505.576315789473,361.6973684210526,-373.60592105263174,475.0,-498.8847368421054,180.0,252.7881578947365,1505.576315789473,1950.0,-879.4342105263158,-819.1513157894738
3495,2419.6421052631576,407.2894736842105,-395.0894736842106,475.0,-516.0715789473685,180.0,209.82105263157882,1419.6421052631576,1950.0,-864.2368421052631,-796.3552631578948
3496,2114.478947368421,417.7894736842105,-471.3802631578948,475.0,-577.1042105263158,180.0,57.23947368421045,1114.478947368421,1950.0,-860.7368421052631,-791.1052631578948
3497,2410.5789473684213,381.3157894736842,-397.3552631578947,475.0,-517.8842105263158,180.0,205.28947368421063,1410.5789473684213,1950.0,-872.8947368421052,-809.3421052631579
3498,2412.5684210526315,394.5789473684211,-396.8578947368421,475.0,-517.4863157894737,180.0,206.28421052631575,1412.5684210526315,1950.0,-868.4736842105262,-802.7105263157895
3499,2176.871052631579,384.3552631578948,-455.78223684210525,475.0,-564.6257894736842,180.0,88.4355263157895,1176.871052631579,1950.0,-871.8815789473684,-807.8223684210526
3500,2214.726315789474,412.8157894736842,-446.3184210526315,475.0,-557.0547368421052,180.0,107.36315789473701,1214.726315789474,1950.0,-862.3947368421052,-793.5921052631579
3501,2330.3368421052637,410.0526315789474,-417.4157894736841,475.0,-533.9326315789473,180.0,165.16842105263186,1330.3368421052637,1950.0,-863.3157894736842,-794.9736842105262
3502,2714.692105263158,409.2236842105263,-321.32697368421054,475.0,-457.0615789473684,180.0,357.3460526315789,1714.6921052631578,1950.0,-863.5921052631579,-795.3881578947369
3503,2382.284210526316,377.4473684210526,-404.42894736842095,475.0,-523.5431578947367,180.0,191.1421052631581,1382.2842105263162,1950.0,-874.1842105263158,-811.2763157894738
3504,2185.713157894737,393.1973684210526,-453.57171052631577,475.0,-562.8573684210526,180.0,92.85657894736846,1185.713157894737,1950.0,-868.9342105263158,-803.4013157894738
3505,2367.805263157895,396.7894736842105,-408.0486842105263,475.0,-526.438947368421,180.0,183.90263157894742,1367.8052631578948,1950.0,-867.7368421052631,-801.6052631578948
3506,2398.9184210526314,442.9342105263158,-400.27039473684215,475.0,-520.2163157894737,180.0,199.4592105263157,1398.9184210526314,1950.0,-852.3552631578948,-778.5328947368421
3507,2140.065789473684,364.4605263157895,-464.98355263157896,475.0,-571.9868421052631,180.0,70.03289473684208,1140.0657894736842,1950.0,-878.5131578947369,-817.7697368421052
3508,2131.5,346.5,-467.125,475.0,-573.7,180.0,65.75,1131.5,1950.0,-884.5,-826.75
3509,2205.718421052632,426.3552631578948,-448.570394736842,475.0,-558.8563157894736,180.0,102.85921052631602,1205.718421052632,1950.0,-857.8815789473684,-786.8223684210526
3510,2160.7894736842104,357.0,-459.8026315789474,475.0,-567.8421052631579,180.0,80.3947368421052,1160.7894736842104,1950.0,-881.0,-821.5
3511,1997.5973684210528,423.0394736842105,-500.6006578947368,475.0,-600.4805263157895,180.0,-1.2013157894735969,997.5973684210528,1950.0,-858.9868421052631,-788.4802631578948
3512,2109.118421052631,408.6710526315789,-472.7203947368422,475.0,-578.1763157894737,180.0,54.55921052631561,1109.1184210526312,1950.0,-863.7763157894738,-795.6644736842105
3513,2262.142105263158,390.7105263157895,-434.4644736842105,475.0,-547.5715789473684,180.0,131.07105263157905,1262.142105263158,1950.0,-869.7631578947369,-804.6447368421052
3514,2239.0421052631577,408.9473684210526,-440.23947368421057,475.0,-552.1915789473685,180.0,119.52105263157887,1239.0421052631577,1950.0,-863.6842105263158,-795.5263157894738
3515,2542.9894736842107,402.8684210526316,-364.25263157894733,475.0,-491.40210526315786,180.0,271.49473684210534,1542.9894736842107,1950.0,-865.7105263157895,-798.5657894736842
3516,2159.186842105263,423.0394736842105,-460.2032894736842,475.0,-568.1626315789474,180.0,79.59342105263158,1159.1868421052632,1950.0,-858.9868421052631,-788.4802631578948
3517,2064.907894736842,420.8289473684211,-483.7730263157895,475.0,-587.0184210526315,180.0,32.45394736842104,1064.907894736842,1950.0,-859.7236842105262,-789.5855263157895
3518,2276.786842105263,386.5657894736842,-430.80328947368423,475.0,-544.6426315789474,180.0,138.39342105263154,1276.786842105263,1950.0,-871.1447368421052,-806.7171052631579
3519,2351.8894736842103,431.6052631578948,-412.0276315789474,475.0,-529.6221052631579,180.0,175.94473684210516,1351.8894736842103,1950.0,-856.1315789473684,-784.1973684210526
3520,2169.1894736842105,406.7368421052632,-457.7026315789474,475.0,-566.1621052631579,180.0,84.59473684210525,1169.1894736842105,1950.0,-864.421052631579,-796.6315789473684
3521,2101.713157894737,431.3289473684211,-474.57171052631577,475.0,-579.6573684210526,180.0,50.85657894736846,1101.713157894737,1950.0,-856.2236842105262,-784.3355263157895
3522,2346.805263157895,469.7368421052632,-413.2986842105263,475.0,-530.638947368421,180.0,173.40263157894742,1346.8052631578948,1950.0,-843.421052631579,-765.1315789473684
3523,2159.518421052632,425.25,-460.12039473684194,475.0,-568.0963157894736,180.0,79.75921052631611,1159.5184210526322,1950.0,-858.25,-787.375
3524,2263.357894736842,423.8684210526316,-434.1605263157895,475.0,-547.3284210526316,180.0,131.67894736842095,1263.357894736842,1950.0,-858.7105263157895,-788.0657894736842
3525,2234.565789473684,402.5921052631579,-441.35855263157896,475.0,-553.0868421052631,180.0,117.28289473684208,1234.5657894736842,1950.0,-865.8026315789474,-798.703947368421
3526,2265.623684210526,390.4342105263158,-433.59407894736853,475.0,-546.8752631578948,180.0,132.81184210526294,1265.6236842105259,1950.0,-869.8552631578948,-804.7828947368421
3527,2623.452631578948,400.6578947368421,-344.136842105263,475.0,-475.3094736842104,180.0,311.72631578947403,1623.452631578948,1950.0,-866.4473684210526,-799.671052631579
3528,2329.121052631579,329.92105263157896,-417.71973684210525,475.0,-534.1757894736842,180.0,164.5605263157895,1329.121052631579,1950.0,-890.0263157894736,-835.0394736842105
3529,2272.310526315789,389.6052631578948,-431.92236842105274,475.0,-545.5378947368422,180.0,136.15526315789452,1272.310526315789,1950.0,-870.1315789473684,-805.1973684210526
3530,2336.8578947368424,431.6052631578948,-415.7855263157894,475.0,-532.6284210526316,180.0,168.42894736842118,1336.8578947368424,1950.0,-856.1315789473684,-784.1973684210526
3531,2132.328947368421,413.0921052631579,-466.9177631578948,475.0,-573.5342105263159,180.0,66.1644736842104,1132.3289473684208,1950.0,-862.3026315789474,-793.453947368421
3532,2216.218421052632,389.8815789473684,-445.945394736842,475.0,-556.7563157894735,180.0,108.10921052631602,1216.218421052632,1950.0,-870.0394736842105,-805.0592105263158
3533,2008.815789473684,449.2894736842105,-497.796052631579,475.0,-598.2368421052632,180.0,4.407894736841968,1008.8157894736839,1950.0,-850.2368421052631,-775.3552631578948
3534,2407.2078947368423,404.25,-398.19802631578943,475.0,-518.5584210526315,180.0,203.60394736842113,1407.2078947368423,1950.0,-865.25,-797.875
3535,2223.236842105264,391.2631578947368,-444.19078947368405,475.0,-555.3526315789472,180.0,111.6184210526319,1223.2368421052638,1950.0,-869.578947368421,-804.3684210526316
3536,2422.2394736842107,376.0657894736842,-394.44013157894733,475.0,-515.5521052631578,180.0,211.11973684210534,1422.2394736842107,1950.0,-874.6447368421052,-811.9671052631579
3537,2297.786842105263,398.1710526315789,-425.55328947368423,475.0,-540.4426315789474,180.0,148.89342105263154,1297.786842105263,1950.0,-867.2763157894738,-800.9144736842105
3538,2255.0131578947367,451.2236842105263,-436.24671052631584,475.0,-548.9973684210527,180.0,127.50657894736833,1255.0131578947367,1950.0,-849.5921052631579,-774.3881578947369
3539,2468.992105263158,434.0921052631579,-382.7519736842105,475.0,-506.2015789473684,180.0,234.496052631579,1468.992105263158,1950.0,-855.3026315789474,-782.953947368421
3540,2347.8,420.0,-413.04999999999995,475.0,-530.4399999999999,180.0,173.9000000000001,1347.8000000000002,1950.0,-860.0,-790.0
3541,2328.6236842105263,434.6447368421052,-417.8440789473684,475.0,-534.2752631578948,180.0,164.31184210526317,1328.6236842105263,1950.0,-855.1184210526316,-782.6776315789474
3542,2189.028947368421,396.5131578947368,-452.74276315789473,475.0,-562.1942105263158,180.0,94.51447368421054,1189.028947368421,1950.0,-867.828947368421,-801.7434210526316
3543,2155.5394736842104,408.1184210526316,-461.1151315789474,475.0,-568.8921052631579,180.0,77.7697368421052,1155.5394736842104,1950.0,-863.9605263157895,-795.9407894736842
3544,2484.9078947368416,389.8815789473684,-378.7730263157896,475.0,-503.01842105263165,180.0,242.4539473684208,1484.9078947368416,1950.0,-870.0394736842105,-805.0592105263158
3545,2415.7736842105264,412.8157894736842,-396.0565789473684,475.0,-516.8452631578947,180.0,207.8868421052632,1415.7736842105264,1950.0,-862.3947368421052,-793.5921052631579
3546,2498.2815789473684,397.6184210526316,-375.4296052631579,475.0,-500.3436842105263,180.0,249.1407894736842,1498.2815789473684,1950.0,-867.4605263157895,-801.1907894736842
3547,2524.2,365.2894736842105,-368.95000000000005,475.0,-495.16,180.0,262.0999999999999,1524.1999999999998,1950.0,-878.2368421052631,-817.3552631578948
3548,2305.247368421052,415.0263157894737,-423.68815789473695,475.0,-538.9505263157896,180.0,152.6236842105261,1305.2473684210522,1950.0,-861.6578947368421,-792.4868421052631
3549,2067.5052631578947,370.8157894736842,-483.12368421052633,475.0,-586.4989473684211,180.0,33.75263157894733,1067.5052631578947,1950.0,-876.3947368421052,-814.5921052631579
3550,2341.942105263158,402.8684210526316,-414.51447368421054,475.0,-531.6115789473685,180.0,170.9710526315789,1341.9421052631578,1950.0,-865.7105263157895,-798.5657894736842
3551,2189.0289473684206,349.5394736842105,-452.74276315789484,475.0,-562.1942105263158,180.0,94.51447368421032,1189.0289473684206,1950.0,-883.4868421052631,-825.2302631578948
3552,2186.8736842105263,452.6052631578948,-453.2815789473684,475.0,-562.6252631578948,180.0,93.43684210526317,1186.8736842105263,1950.0,-849.1315789473684,-773.6973684210526
3553,2372.778947368421,382.9736842105263,-406.80526315789473,475.0,-525.4442105263158,180.0,186.38947368421054,1372.778947368421,1950.0,-872.3421052631579,-808.5131578947369
3554,2154.323684210526,384.3552631578948,-461.41907894736846,475.0,-569.1352631578948,180.0,77.16184210526308,1154.3236842105262,1950.0,-871.8815789473684,-807.8223684210526
3555,2230.08947368421,377.4473684210526,-442.47763157894747,475.0,-553.982105263158,180.0,115.04473684210507,1230.0894736842101,1950.0,-874.1842105263158,-811.2763157894738
3556,2152.444736842105,459.5131578947368,-461.8888157894737,475.0,-569.511052631579,180.0,76.22236842105258,1152.4447368421052,1950.0,-846.828947368421,-770.2434210526316
3557,2141.447368421053,375.2368421052632,-464.63815789473676,475.0,-571.7105263157894,180.0,70.72368421052647,1141.447368421053,1950.0,-874.921052631579,-812.3815789473684
3558,2270.4315789473685,389.6052631578948,-432.3921052631579,475.0,-545.9136842105263,180.0,135.21578947368425,1270.4315789473685,1950.0,-870.1315789473684,-805.1973684210526
3559,1961.3447368421052,441.2763157894737,-509.6638157894737,475.0,-607.7310526315789,180.0,-19.327631578947376,961.3447368421052,1950.0,-852.9078947368421,-779.3618421052631
3560,2093.644736842105,374.4078947368421,-476.58881578947376,475.0,-581.271052631579,180.0,46.82236842105249,1093.644736842105,1950.0,-875.1973684210526,-812.796052631579
3561,2483.3605263157897,373.3026315789474,-379.1598684210526,475.0,-503.32789473684204,180.0,241.68026315789484,1483.3605263157897,1950.0,-875.5657894736842,-813.3486842105262
3562,2263.302631578947,356.1710526315789,-434.17434210526324,475.0,-547.3394736842106,180.0,131.65131578947353,1263.302631578947,1950.0,-881.2763157894738,-821.9144736842105
3563,2251.9736842105262,410.6052631578948,-437.00657894736844,475.0,-549.6052631578948,180.0,125.98684210526312,1251.9736842105262,1950.0,-863.1315789473684,-794.6973684210526
3564,2207.6526315789474,343.7368421052632,-448.08684210526314,475.0,-558.4694736842105,180.0,103.82631578947371,1207.6526315789474,1950.0,-885.421052631579,-828.1315789473684
3565,2203.6736842105265,336.0,-449.08157894736837,475.0,-559.2652631578947,180.0,101.83684210526326,1203.6736842105265,1950.0,-888.0,-832.0
3566,2532.378947368421,379.1052631578948,-366.90526315789475,475.0,-493.5242105263158,180.0,266.1894736842105,1532.378947368421,1950.0,-873.6315789473684,-810.4473684210526
3567,2177.7552631578947,405.9078947368421,-455.56118421052633,475.0,-564.448947368421,180.0,88.87763157894733,1177.7552631578947,1950.0,-864.6973684210526,-797.046052631579
3568,2310.939473684211,407.5657894736842,-422.26513157894726,475.0,-537.8121052631578,180.0,155.46973684210548,1310.939473684211,1950.0,-864.1447368421052,-796.2171052631579
3569,2333.265789473684,381.0394736842105,-416.683552631579,475.0,-533.3468421052632,180.0,166.632894736842,1333.265789473684,1950.0,-872.9868421052631,-809.4802631578948
3570,2458.3815789473683,353.9605263157895,-385.4046052631579,475.0,-508.3236842105263,180.0,229.19078947368416,1458.3815789473683,1950.0,-882.0131578947369,-823.0197368421052
3571,2244.3473684210526,397.3421052631579,-438.91315789473686,475.0,-551.1305263157894,180.0,122.17368421052629,1244.3473684210526,1950.0,-867.5526315789474,-801.328947368421
3572,2158.2473684210527,361.9736842105263,-460.43815789473683,475.0,-568.3505263157895,180.0,79.12368421052633,1158.2473684210527,1950.0,-879.3421052631579,-819.0131578947369
3573,2231.471052631579,388.2236842105263,-442.13223684210527,475.0,-553.7057894736843,180.0,115.73552631578946,1231.471052631579,1950.0,-870.5921052631579,-805.8881578947369
3574,2050.815789473684,463.1052631578948,-487.29605263157896,475.0,-589.8368421052631,180.0,25.40789473684208,1050.8157894736842,1950.0,-845.6315789473684,-768.4473684210526
3575,2189.8026315789475,395.4078947368421,-452.5493421052631,475.0,-562.0394736842105,180.0,94.90131578947376,1189.8026315789475,1950.0,-868.1973684210526,-802.296052631579
3576,2204.613157894737,397.0657894736842,-448.84671052631575,475.0,-559.0773684210526,180.0,102.30657894736851,1204.613157894737,1950.0,-867.6447368421052,-801.4671052631579
3577,2077.728947368421,409.2236842105263,-480.5677631578948,475.0,-584.4542105263158,180.0,38.86447368421045,1077.728947368421,1950.0,-863.5921052631579,-795.3881578947369
3578,2224.6736842105265,394.5789473684211,-443.83157894736837,475.0,-555.0652631578947,180.0,112.33684210526326,1224.6736842105265,1950.0,-868.4736842105262,-802.7105263157895
3579,2366.810526315789,427.7368421052632,-408.29736842105274,475.0,-526.6378947368422,180.0,183.40526315789452,1366.810526315789,1950.0,-857.421052631579,-786.1315789473684
3580,2466.007894736842,432.9868421052632,-383.4980263157895,475.0,-506.7984210526316,180.0,233.003947368421,1466.007894736842,1950.0,-855.671052631579,-783.5065789473684
3581,2366.9210526315787,375.2368421052632,-408.2697368421053,475.0,-526.6157894736842,180.0,183.46052631578937,1366.9210526315787,1950.0,-874.921052631579,-812.3815789473684
3582,2177.036842105263,408.9473684210526,-455.74078947368423,475.0,-564.5926315789474,180.0,88.51842105263154,1177.036842105263,1950.0,-863.6842105263158,-795.5263157894738
3583,2344.2631578947367,418.3421052631579,-413.93421052631584,475.0,-531.1473684210526,180.0,172.13157894736833,1344.2631578947367,1950.0,-860.5526315789474,-790.828947368421
3584,2191.4052631578948,366.9473684210526,-452.1486842105263,475.0,-561.718947368421,180.0,95.70263157894738,1191.4052631578948,1950.0,-877.6842105263158,-816.5263157894738
3585,2298.45,421.3815789473684,-425.38750000000005,475.0,-540.3100000000001,180.0,149.2249999999999,1298.4499999999998,1950.0,-859.5394736842105,-789.3092105263158
3586,2177.58947368421,371.9210526315789,-455.60263157894747,475.0,-564.482105263158,180.0,88.79473684210507,1177.5894736842101,1950.0,-876.0263157894738,-814.0394736842105
3587,2185.215789473684,422.7631578947368,-453.69605263157905,475.0,-562.9568421052633,180.0,92.6078947368419,1185.2157894736838,1950.0,-859.078947368421,-788.6184210526316
3588,2404.7763157894733,384.9078947368421,-398.8059210526317,475.0,-519.0447368421053,180.0,202.38815789473665,1404.7763157894733,1950.0,-871.6973684210526,-807.546052631579
3589,2356.9184210526314,372.75,-410.77039473684215,475.0,-528.6163157894737,180.0,178.4592105263157,1356.9184210526314,1950.0,-875.75,-813.625
3590,2022.078947368421,434.3684210526316,-494.48026315789474,475.0,-595.5842105263158,180.0,11.03947368421052,1022.078947368421,1950.0,-855.2105263157895,-782.8157894736842
3591,2210.5263157894738,359.7631578947368,-447.36842105263156,475.0,-557.8947368421052,180.0,105.26315789473688,1210.5263157894738,1950.0,-880.078947368421,-820.1184210526316
3592,2384.1631578947367,415.0263157894737,-403.9592105263158,475.0,-523.1673684210526,180.0,192.08157894736837,1384.1631578947367,1950.0,-861.6578947368421,-792.4868421052631
3593,2436.055263157895,427.4605263157895,-390.9861842105263,475.0,-512.7889473684211,180.0,218.02763157894742,1436.0552631578948,1950.0,-857.5131578947369,-786.2697368421052
3594,2065.128947368421,466.1447368421052,-483.71776315789475,475.0,-586.9742105263158,180.0,32.5644736842105,1065.128947368421,1950.0,-844.6184210526316,-766.9276315789474
3595,2268.221052631579,434.3684210526316,-432.94473684210527,475.0,-546.3557894736842,180.0,134.11052631578946,1268.221052631579,1950.0,-855.2105263157895,-782.8157894736842
3596,2254.9026315789474,484.9342105263158,-436.27434210526314,475.0,-549.0194736842105,180.0,127.45131578947371,1254.9026315789474,1950.0,-838.3552631578948,-757.5328947368421
3597,2107.0184210526318,447.9078947368421,-473.24539473684206,475.0,-578.5963157894737,180.0,53.50921052631588,1107.0184210526318,1950.0,-850.6973684210526,-776.046052631579
3598,2296.902631578947,386.0131578947368,-425.77434210526326,475.0,-540.6194736842106,180.0,148.45131578947348,1296.902631578947,1950.0,-871.328947368421,-806.9934210526316
3599,2166.481578947368,368.3289473684211,-458.37960526315806,475.0,-566.7036842105265,180.0,83.24078947368389,1166.4815789473678,1950.0,-877.2236842105262,-815.8355263157895
3600,2181.236842105264,396.2368421052632,-454.69078947368405,475.0,-563.7526315789472,180.0,90.6184210526319,1181.2368421052638,1950.0,-867.921052631579,-801.8815789473684
3601,2039.6526315789476,373.0263157894737,-490.0868421052631,475.0,-592.0694736842105,180.0,19.826315789473824,1039.6526315789476,1950.0,-875.6578947368421,-813.4868421052631
3602,2191.184210526316,415.5789473684211,-452.20394736842104,475.0,-561.7631578947369,180.0,95.59210526315792,1191.1842105263158,1950.0,-861.4736842105262,-792.2105263157895
3603,2190.0236842105264,393.75,-452.4940789473684,475.0,-561.9952631578947,180.0,95.01184210526321,1190.0236842105264,1950.0,-868.75,-803.125
3604,2516.076315789473,409.7763157894737,-370.98092105263174,475.0,-496.7847368421054,180.0,258.0381578947365,1516.076315789473,1950.0,-863.4078947368421,-795.1118421052631
3605,2314.144736842105,397.6184210526316,-421.46381578947376,475.0,-537.171052631579,180.0,157.0723684210525,1314.144736842105,1950.0,-867.4605263157895,-801.1907894736842
3606,2193.7263157894736,373.0263157894737,-451.5684210526316,475.0,-561.2547368421053,180.0,96.86315789473679,1193.7263157894736,1950.0,-875.6578947368421,-813.4868421052631
3607,2084.471052631579,447.9078947368421,-478.88223684210527,475.0,-583.1057894736842,180.0,42.23552631578946,1084.471052631579,1950.0,-850.6973684210526,-776.046052631579
3608,2184.7736842105264,388.5,-453.8065789473684,475.0,-563.0452631578947,180.0,92.38684210526321,1184.7736842105264,1950.0,-870.5,-805.75
3609,2503.2,391.2631578947368,-374.20000000000005,475.0,-499.36,180.0,251.5999999999999,1503.1999999999998,1950.0,-869.578947368421,-804.3684210526316
3610,2373.718421052632,415.8552631578948,-406.570394736842,475.0,-525.2563157894735,180.0,186.85921052631602,1373.718421052632,1950.0,-861.3815789473684,-792.0723684210526
3611,2127.576315789473,406.4605263157895,-468.10592105263174,475.0,-574.4847368421053,180.0,63.788157894736514,1127.576315789473,1950.0,-864.5131578947369,-796.7697368421052
3612,2359.6815789473685,384.9078947368421,-410.0796052631579,475.0,-528.0636842105263,180.0,179.84078947368425,1359.6815789473685,1950.0,-871.6973684210526,-807.546052631579
3613,2097.6236842105263,429.1184210526316,-475.5940789473684,475.0,-580.4752631578947,180.0,48.81184210526317,1097.6236842105263,1950.0,-856.9605263157895,-785.4407894736842
3614,2332.436842105263,352.0263157894737,-416.8907894736842,475.0,-533.5126315789473,180.0,166.21842105263158,1332.4368421052632,1950.0,-882.6578947368421,-823.9868421052631
3615,2143.9894736842107,436.0263157894737,-464.00263157894733,475.0,-571.2021052631578,180.0,71.99473684210534,1143.9894736842107,1950.0,-854.6578947368421,-781.9868421052631
3616,2330.2815789473684,408.1184210526316,-417.4296052631579,475.0,-533.9436842105263,180.0,165.1407894736842,1330.2815789473684,1950.0,-863.9605263157895,-795.9407894736842
3617,2201.573684210526,431.6052631578948,-449.60657894736846,475.0,-559.6852631578947,180.0,100.78684210526308,1201.5736842105262,1950.0,-856.1315789473684,-784.1973684210526
3618,2352.2763157894733,435.75,-411.9309210526317,475.0,-529.5447368421053,180.0,176.13815789473665,1352.2763157894733,1950.0,-854.75,-782.125
3619,2010.9157894736843,400.6578947368421,-497.2710526315789,475.0,-597.8168421052632,180.0,5.4578947368421495,1010.9157894736843,1950.0,-866.4473684210526,-799.671052631579
3620,2296.515789473684,419.4473684210526,-425.871052631579,475.0,-540.6968421052632,180.0,148.257894736842,1296.515789473684,1950.0,-860.1842105263158,-790.2763157894738
3621,2337.7973684210524,342.3552631578948,-415.5506578947369,475.0,-532.4405263157895,180.0,168.8986842105262,1337.7973684210524,1950.0,-885.8815789473684,-828.8223684210526
3622,2153.4394736842105,437.9605263157895,-461.6401315789474,475.0,-569.312105263158,180.0,76.71973684210525,1153.4394736842105,1950.0,-854.0131578947369,-781.0197368421052
3623,2236.886842105263,389.8815789473684,-440.77828947368425,475.0,-552.6226315789474,180.0,118.44342105263149,1236.886842105263,1950.0,-870.0394736842105,-805.0592105263158
3624,2199.75,367.7763157894737,-450.0625,475.0,-560.05,180.0,99.875,1199.75,1950.0,-877.4078947368421,-816.1118421052631
3625,2291.4315789473685,391.8157894736842,-427.1421052631579,475.0,-541.7136842105263,180.0,145.71578947368425,1291.4315789473685,1950.0,-869.3947368421052,-804.0921052631579
3626,2211.742105263158,364.7368421052632,-447.0644736842105,475.0,-557.6515789473684,180.0,105.871052631579,1211.742105263158,1950.0,-878.421052631579,-817.6315789473684
3627,2387.313157894737,365.5657894736842,-403.1717105263158,475.0,-522.5373684210526,180.0,193.65657894736842,1387.3131578947368,1950.0,-878.1447368421052,-817.2171052631579
3628,2314.586842105263,488.25,-421.3532894736843,475.0,-537.0826315789475,180.0,157.2934210526314,1314.5868421052628,1950.0,-837.25,-755.875
3629,2079.442105263158,412.8157894736842,-480.13947368421054,475.0,-584.1115789473685,180.0,39.721052631578914,1079.4421052631578,1950.0,-862.3947368421052,-793.5921052631579
3630,2295.134210526316,399.2763157894737,-426.216447368421,475.0,-540.9731578947368,180.0,147.56710526315806,1295.134210526316,1950.0,-866.9078947368421,-800.3618421052631
3631,2179.0263157894738,375.2368421052632,-455.24342105263156,475.0,-564.1947368421053,180.0,89.51315789473688,1179.0263157894738,1950.0,-874.921052631579,-812.3815789473684
3632,2311.6026315789472,393.1973684210526,-422.0993421052632,475.0,-537.6794736842105,180.0,155.80131578947362,1311.6026315789472,1950.0,-868.9342105263158,-803.4013157894738
3633,2218.981578947368,392.6447368421052,-445.25460526315806,475.0,-556.2036842105265,180.0,109.49078947368389,1218.9815789473678,1950.0,-869.1184210526316,-803.6776315789474
3634,2393.171052631579,392.0921052631579,-401.7072368421052,475.0,-521.3657894736841,180.0,196.5855263157896,1393.1710526315792,1950.0,-869.3026315789474,-803.953947368421
3635,2286.9,458.6842105263158,-428.275,475.0,-542.62,180.0,143.45000000000005,1286.9,1950.0,-847.1052631578948,-770.6578947368421
3636,2428.3736842105263,393.4736842105263,-392.9065789473684,475.0,-514.3252631578947,180.0,214.18684210526317,1428.3736842105263,1950.0,-868.8421052631579,-803.2631578947369
3637,2433.236842105263,357.0,-391.6907894736843,475.0,-513.3526315789475,180.0,216.61842105263145,1433.236842105263,1950.0,-881.0,-821.5
3638,2345.4236842105265,468.3552631578948,-413.64407894736837,475.0,-530.9152631578947,180.0,172.71184210526326,1345.4236842105265,1950.0,-843.8815789473684,-765.8223684210526
3639,2391.0157894736844,410.6052631578948,-402.2460526315789,475.0,-521.7968421052631,180.0,195.50789473684222,1391.0157894736844,1950.0,-863.1315789473684,-794.6973684210526
3640,2368.0815789473686,397.0657894736842,-407.97960526315785,475.0,-526.3836842105263,180.0,184.0407894736843,1368.0815789473686,1950.0,-867.6447368421052,-801.4671052631579
3641,2098.342105263157,397.8947368421052,-475.41447368421075,475.0,-580.3315789473686,180.0,49.171052631578505,1098.342105263157,1950.0,-867.3684210526316,-801.0526315789474
3642,2417.3763157894737,374.9605263157895,-395.6559210526316,475.0,-516.5247368421053,180.0,208.68815789473683,1417.3763157894737,1950.0,-875.0131578947369,-812.5197368421052
3643,2025.505263157895,413.3684210526316,-493.6236842105263,475.0,-594.898947368421,180.0,12.752631578947444,1025.505263157895,1950.0,-862.2105263157895,-793.3157894736842
3644,2322.047368421053,373.5789473684211,-419.4881578947368,475.0,-535.5905263157895,180.0,161.02368421052643,1322.0473684210529,1950.0,-875.4736842105262,-813.2105263157895
3645,2190.907894736842,377.7236842105263,-452.2730263157895,475.0,-561.8184210526316,180.0,95.45394736842104,1190.907894736842,1950.0,-874.0921052631579,-811.1381578947369
3646,2195.218421052632,425.25,-451.195394736842,475.0,-560.9563157894736,180.0,97.60921052631602,1195.218421052632,1950.0,-858.25,-787.375
3647,2301.876315789473,419.1710526315789,-424.5309210526317,475.0,-539.6247368421053,180.0,150.9381578947366,1301.8763157894732,1950.0,-860.2763157894738,-790.4144736842105
3648,2315.9131578947367,365.5657894736842,-421.0217105263158,475.0,-536.8173684210526,180.0,157.95657894736837,1315.9131578947367,1950.0,-878.1447368421052,-817.2171052631579
3649,2420.3052631578944,458.6842105263158,-394.9236842105264,475.0,-515.9389473684212,180.0,210.1526315789472,1420.3052631578944,1950.0,-847.1052631578948,-770.6578947368421
3650,2262.4736842105262,392.9210526315789,-434.38157894736844,475.0,-547.5052631578948,180.0,131.23684210526312,1262.4736842105262,1950.0,-869.0263157894738,-803.5394736842105
3651,2368.6894736842105,361.9736842105263,-407.8276315789474,475.0,-526.2621052631579,180.0,184.34473684210525,1368.6894736842105,1950.0,-879.3421052631579,-819.0131578947369
3652,2392.83947368421,408.6710526315789,-401.79013157894747,475.0,-521.432105263158,180.0,196.41973684210507,1392.8394736842101,1950.0,-863.7763157894738,-795.6644736842105
3653,2198.5894736842106,402.3157894736842,-450.35263157894735,475.0,-560.2821052631579,180.0,99.2947368421053,1198.5894736842106,1950.0,-865.8947368421052,-798.8421052631579
3654,2186.8184210526315,441.2763157894737,-453.2953947368421,475.0,-562.6363157894737,180.0,93.40921052631575,1186.8184210526315,1950.0,-852.9078947368421,-779.3618421052631
3655,2211.8526315789472,434.3684210526316,-447.0368421052632,475.0,-557.6294736842106,180.0,105.92631578947362,1211.8526315789472,1950.0,-855.2105263157895,-782.8157894736842
3656,2213.786842105263,436.3026315789474,-446.55328947368423,475.0,-557.2426315789473,180.0,106.89342105263154,1213.786842105263,1950.0,-854.5657894736842,-781.8486842105262
3657,2357.1394736842103,408.6710526315789,-410.7151315789474,475.0,-528.5721052631579,180.0,178.56973684210516,1357.1394736842103,1950.0,-863.7763157894738,-795.6644736842105
3658,2403.560526315789,370.5394736842105,-399.10986842105274,475.0,-519.2878947368422,180.0,201.78026315789452,1403.560526315789,1950.0,-876.4868421052631,-814.7302631578948
3659,2490.986842105263,414.75,-377.2532894736843,475.0,-501.8026315789474,180.0,245.49342105263145,1490.986842105263,1950.0,-861.75,-792.625
3660,2620.0263157894733,346.5,-344.9934210526317,475.0,-475.99473684210534,180.0,310.01315789473665,1620.0263157894733,1950.0,-884.5,-826.75
3661,2308.3973684210523,346.7763157894737,-422.9006578947369,475.0,-538.3205263157895,180.0,154.19868421052615,1308.3973684210523,1950.0,-884.4078947368421,-826.6118421052631
3662,2232.8526315789472,455.3684210526316,-441.7868421052632,475.0,-553.4294736842105,180.0,116.42631578947362,1232.8526315789472,1950.0,-848.2105263157895,-772.3157894736842
3663,2302.1526315789474,381.8684210526316,-424.46184210526314,475.0,-539.5694736842105,180.0,151.0763157894737,1302.1526315789474,1950.0,-872.7105263157895,-809.0657894736842
3664,2214.284210526316,378.5526315789474,-446.42894736842095,475.0,-557.1431578947368,180.0,107.1421052631581,1214.2842105263162,1950.0,-873.8157894736842,-810.7236842105262
3665,2194.002631578948,316.9342105263158,-451.49934210526305,475.0,-561.1994736842105,180.0,97.00131578947389,1194.0026315789478,1950.0,-894.3552631578948,-841.5328947368421
3666,2038.989473684211,406.1842105263158,-490.2526315789473,475.0,-592.2021052631578,180.0,19.494736842105453,1038.989473684211,1950.0,-864.6052631578948,-796.9078947368421
3667,2218.5394736842104,405.3552631578948,-445.3651315789474,475.0,-556.292105263158,180.0,109.2697368421052,1218.5394736842104,1950.0,-864.8815789473684,-797.3223684210526
3668,2376.6473684210523,415.0263157894737,-405.8381578947369,475.0,-524.6705263157895,180.0,188.32368421052615,1376.6473684210523,1950.0,-861.6578947368421,-792.4868421052631
3669,2420.857894736842,393.4736842105263,-394.7855263157895,475.0,-515.8284210526316,180.0,210.42894736842095,1420.857894736842,1950.0,-868.8421052631579,-803.2631578947369
3670,2335.752631578948,411.7105263157895,-416.06184210526305,475.0,-532.8494736842105,180.0,167.8763157894739,1335.7526315789478,1950.0,-862.7631578947369,-794.1447368421052
3671,2274.521052631578,382.4210526315789,-431.36973684210545,475.0,-545.0957894736844,180.0,137.2605263157891,1274.5210526315782,1950.0,-872.5263157894738,-808.7894736842105
3672,2310.110526315789,425.5263157894737,-422.4723684210528,475.0,-537.9778947368422,180.0,155.0552631578944,1310.1105263157888,1950.0,-858.1578947368421,-787.2368421052631
3673,2042.8026315789475,389.3289473684211,-489.2993421052631,475.0,-591.4394736842105,180.0,21.401315789473756,1042.8026315789475,1950.0,-870.2236842105262,-805.3355263157895
3674,2463.576315789473,423.0394736842105,-384.10592105263174,475.0,-507.2847368421054,180.0,231.7881578947365,1463.576315789473,1950.0,-858.9868421052631,-788.4802631578948
3675,2391.734210526316,398.1710526315789,-402.066447368421,475.0,-521.6531578947368,180.0,195.867105263158,1391.734210526316,1950.0,-867.2763157894738,-800.9144736842105
3676,2317.571052631579,367.2236842105263,-420.6072368421053,475.0,-536.4857894736842,180.0,158.7855263157894,1317.5710526315788,1950.0,-877.5921052631579,-816.3881578947369
3677,2244.789473684211,384.6315789473684,-438.8026315789473,475.0,-551.0421052631579,180.0,122.39473684210543,1244.7894736842109,1950.0,-871.7894736842105,-807.6842105263158
3678,2461.5868421052637,353.4078947368421,-384.6032894736841,475.0,-507.6826315789473,180.0,230.79342105263186,1461.5868421052637,1950.0,-882.1973684210526,-823.296052631579
3679,2272.034210526316,370.5394736842105,-431.99144736842095,475.0,-545.5931578947368,180.0,136.0171052631581,1272.0342105263162,1950.0,-876.4868421052631,-814.7302631578948
3680,2172.394736842105,387.3947368421052,-456.90131578947376,475.0,-565.521052631579,180.0,86.19736842105249,1172.394736842105,1950.0,-870.8684210526316,-806.3026315789474
3681,2320.7763157894738,385.4605263157895,-419.80592105263156,475.0,-535.8447368421052,180.0,160.38815789473688,1320.7763157894738,1950.0,-871.5131578947369,-807.2697368421052
3682,2391.292105263158,392.0921052631579,-402.17697368421045,475.0,-521.7415789473683,180.0,195.6460526315791,1391.2921052631582,1950.0,-869.3026315789474,-803.953947368421
3683,2470.0973684210526,341.25,-382.47565789473686,475.0,-505.98052631578946,180.0,235.0486842105263,1470.0973684210526,1950.0,-886.25,-829.375
3684,2272.365789473684,382.1447368421052,-431.908552631579,475.0,-545.5268421052632,180.0,136.18289473684194,1272.365789473684,1950.0,-872.6184210526316,-808.9276315789474
3685,2496.678947368421,397.8947368421052,-375.8302631578947,475.0,-500.66421052631574,180.0,248.3394736842106,1496.6789473684212,1950.0,-867.3684210526316,-801.0526315789474
3686,2212.5157894736844,391.8157894736842,-446.8710526315789,475.0,-557.4968421052631,180.0,106.25789473684222,1212.5157894736844,1950.0,-869.3947368421052,-804.0921052631579
3687,2141.502631578948,377.1710526315789,-464.62434210526305,475.0,-571.6994736842105,180.0,70.75131578947389,1141.5026315789478,1950.0,-874.2763157894738,-811.4144736842105
3688,2172.394736842105,396.7894736842105,-456.90131578947376,475.0,-565.521052631579,180.0,86.19736842105249,1172.394736842105,1950.0,-867.7368421052631,-801.6052631578948
3689,2262.3078947368417,471.6710526315789,-434.42302631578957,475.0,-547.5384210526316,180.0,131.15394736842086,1262.3078947368417,1950.0,-842.7763157894738,-764.1644736842105
3690,2140.784210526316,352.0263157894737,-464.80394736842095,475.0,-571.8431578947368,180.0,70.3921052631581,1140.7842105263162,1950.0,-882.6578947368421,-823.9868421052631
3691,2282.257894736842,427.7368421052632,-429.4355263157895,475.0,-543.5484210526316,180.0,141.128947368421,1282.257894736842,1950.0,-857.421052631579,-786.1315789473684
3692,2174.4394736842105,402.5921052631579,-456.3901315789474,475.0,-565.1121052631579,180.0,87.21973684210525,1174.4394736842105,1950.0,-865.8026315789474,-798.703947368421
3693,2279.771052631578,387.6710526315789,-430.05723684210545,475.0,-544.0457894736844,180.0,139.8855263157891,1279.7710526315782,1950.0,-870.7763157894738,-806.1644736842105
3694,1968.3078947368424,393.75,-507.9230263157894,475.0,-606.3384210526315,180.0,-15.8460526315788,968.3078947368424,1950.0,-868.75,-803.125
3695,1966.3736842105263,438.7894736842105,-508.4065789473684,475.0,-606.7252631578947,180.0,-16.813157894736833,966.3736842105263,1950.0,-853.7368421052631,-780.6052631578948
3696,2148.797368421053,378.8289473684211,-462.8006578947368,475.0,-570.2405263157895,180.0,74.39868421052643,1148.7973684210529,1950.0,-873.7236842105262,-810.5855263157895
3697,2128.7921052631577,439.6184210526316,-467.80197368421057,475.0,-574.2415789473685,180.0,64.39605263157887,1128.7921052631577,1950.0,-853.4605263157895,-780.1907894736842
3698,2181.236842105264,490.1842105263158,-454.69078947368405,475.0,-563.7526315789472,180.0,90.6184210526319,1181.2368421052638,1950.0,-836.6052631578948,-754.9078947368421
3699,2227.326315789473,440.4473684210526,-443.16842105263174,475.0,-554.5347368421054,180.0,113.66315789473651,1227.326315789473,1950.0,-853.1842105263158,-779.7763157894738
3700,2235.2289473684214,303.67105263157896,-441.19276315789466,475.0,-552.9542105263157,180.0,117.61447368421068,1235.2289473684214,1950.0,-898.7763157894736,-848.1644736842105
3701,2340.560526315789,401.4868421052632,-414.85986842105274,475.0,-531.8878947368422,180.0,170.28026315789452,1340.560526315789,1950.0,-866.171052631579,-799.2565789473684
3702,2165.5421052631577,420.0,-458.61447368421057,475.0,-566.8915789473684,180.0,82.77105263157887,1165.5421052631577,1950.0,-860.0,-790.0
3703,2309.7236842105262,402.5921052631579,-422.56907894736844,475.0,-538.0552631578947,180.0,154.86184210526312,1309.7236842105262,1950.0,-865.8026315789474,-798.703947368421
3704,1987.0421052631575,420.0,-503.2394736842106,475.0,-602.5915789473685,180.0,-6.478947368421245,987.0421052631575,1950.0,-860.0,-790.0
3705,2334.813157894737,425.8026315789474,-416.2967105263158,475.0,-533.0373684210526,180.0,167.40657894736842,1334.8131578947368,1950.0,-858.0657894736842,-787.0986842105262
3706,2273.360526315789,398.1710526315789,-431.6598684210528,475.0,-545.3278947368423,180.0,136.6802631578944,1273.3605263157888,1950.0,-867.2763157894738,-800.9144736842105
3707,2461.8078947368417,370.5394736842105,-384.54802631578957,475.0,-507.63842105263166,180.0,230.90394736842086,1461.8078947368417,1950.0,-876.4868421052631,-814.7302631578948
3708,2367.086842105263,371.6447368421052,-408.2282894736843,475.0,-526.5826315789475,180.0,183.5434210526314,1367.0868421052628,1950.0,-876.1184210526316,-814.1776315789474
3709,2187.978947368421,434.9210526315789,-453.0052631578948,475.0,-562.4042105263159,180.0,93.98947368421045,1187.978947368421,1950.0,-855.0263157894738,-782.5394736842105
3710,2180.794736842105,390.1578947368421,-454.80131578947373,475.0,-563.841052631579,180.0,90.39736842105253,1180.794736842105,1950.0,-869.9473684210526,-804.921052631579
3711,2490.6,401.2105263157895,-377.35,475.0,-501.88,180.0,245.29999999999995,1490.6,1950.0,-866.2631578947369,-799.3947368421052
3712,2144.5421052631577,389.6052631578948,-463.86447368421057,475.0,-571.0915789473685,180.0,72.27105263157887,1144.5421052631577,1950.0,-870.1315789473684,-805.1973684210526
3713,2289.9394736842105,452.3289473684211,-427.5151315789474,475.0,-542.0121052631579,180.0,144.96973684210525,1289.9394736842105,1950.0,-849.2236842105262,-773.8355263157895
3714,2047.831578947368,443.2105263157895,-488.042105263158,475.0,-590.4336842105264,180.0,23.915789473683958,1047.831578947368,1950.0,-852.2631578947369,-778.3947368421052
3715,2278.3894736842108,405.0789473684211,-430.4026315789473,475.0,-544.3221052631578,180.0,139.19473684210539,1278.3894736842108,1950.0,-864.9736842105262,-797.4605263157895
3716,2181.0157894736844,379.1052631578948,-454.7460526315789,475.0,-563.7968421052631,180.0,90.50789473684222,1181.0157894736844,1950.0,-873.6315789473684,-810.4473684210526
3717,2085.521052631578,437.6842105263158,-478.61973684210545,475.0,-582.8957894736843,180.0,42.76052631578909,1085.5210526315782,1950.0,-854.1052631578948,-781.1578947368421
3718,2492.478947368421,401.2105263157895,-376.8802631578948,475.0,-501.50421052631583,180.0,246.23947368421045,1492.478947368421,1950.0,-866.2631578947369,-799.3947368421052
3719,2057.171052631579,431.8815789473684,-485.7072368421052,475.0,-588.5657894736842,180.0,28.585526315789593,1057.1710526315792,1950.0,-856.0394736842105,-784.0592105263158
3720,2231.8578947368424,439.3421052631579,-442.0355263157894,475.0,-553.6284210526316,180.0,115.92894736842118,1231.8578947368424,1950.0,-853.5526315789474,-780.328947368421
3721,2096.186842105263,388.2236842105263,-475.9532894736842,475.0,-580.7626315789473,180.0,48.093421052631584,1096.1868421052632,1950.0,-870.5921052631579,-805.8881578947369
3722,2234.621052631579,423.3157894736842,-441.34473684210525,475.0,-553.0757894736842,180.0,117.3105263157895,1234.621052631579,1950.0,-858.8947368421052,-788.3421052631579
3723,2251.6973684210525,363.3552631578948,-437.0756578947369,475.0,-549.6605263157895,180.0,125.84868421052624,1251.6973684210525,1950.0,-878.8815789473684,-818.3223684210526
3724,1964.6605263157892,435.1973684210526,-508.8348684210527,475.0,-607.0678947368422,180.0,-17.669736842105408,964.6605263157892,1950.0,-854.9342105263158,-782.4013157894738
3725,2074.2473684210527,437.6842105263158,-481.43815789473683,475.0,-585.1505263157894,180.0,37.123684210526335,1074.2473684210527,1950.0,-854.1052631578948,-781.1578947368421
3726,2499.884210526316,397.3421052631579,-375.028947368421,475.0,-500.02315789473676,180.0,249.94210526315806,1499.884210526316,1950.0,-867.5526315789474,-801.328947368421
3727,2043.244736842105,442.3815789473684,-489.1888157894737,475.0,-591.351052631579,180.0,21.622368421052556,1043.244736842105,1950.0,-852.5394736842105,-778.8092105263158
3728,2471.257894736842,381.8684210526316,-382.1855263157895,475.0,-505.7484210526316,180.0,235.628947368421,1471.257894736842,1950.0,-872.7105263157895,-809.0657894736842
3729,2072.257894736842,368.0526315789474,-481.9355263157895,475.0,-585.5484210526316,180.0,36.128947368420995,1072.257894736842,1950.0,-877.3157894736842,-815.9736842105262
3730,2320.113157894737,343.4605263157895,-419.97171052631575,475.0,-535.9773684210526,180.0,160.0565789473685,1320.113157894737,1950.0,-885.5131578947369,-828.2697368421052
3731,2449.484210526316,399.5526315789474,-387.628947368421,475.0,-510.1031578947368,180.0,224.742105263158,1449.484210526316,1950.0,-866.8157894736842,-800.2236842105262
3732,2253.0236842105264,437.9605263157895,-436.7440789473684,475.0,-549.3952631578948,180.0,126.51184210526321,1253.0236842105264,1950.0,-854.0131578947369,-781.0197368421052
3733,2069.4947368421053,384.0789473684211,-482.62631578947367,475.0,-586.1010526315789,180.0,34.74736842105267,1069.4947368421053,1950.0,-871.9736842105262,-807.9605263157895
3734,2137.081578947368,363.3552631578948,-465.72960526315796,475.0,-572.5836842105264,180.0,68.54078947368407,1137.0815789473681,1950.0,-878.8815789473684,-818.3223684210526
3735,2377.310526315789,391.2631578947368,-405.67236842105274,475.0,-524.5378947368422,180.0,188.65526315789452,1377.310526315789,1950.0,-869.578947368421,-804.3684210526316
3736,2514.6947368421056,436.5789473684211,-371.3263157894736,475.0,-497.0610526315789,180.0,257.3473684210528,1514.6947368421056,1950.0,-854.4736842105262,-781.7105263157895
3737,2213.7868421052635,389.3289473684211,-446.5532894736841,475.0,-557.2426315789473,180.0,106.89342105263177,1213.7868421052635,1950.0,-870.2236842105262,-805.3355263157895
3738,2070.0473684210524,375.2368421052632,-482.4881578947369,475.0,-585.9905263157896,180.0,35.0236842105262,1070.0473684210524,1950.0,-874.921052631579,-812.3815789473684
3739,2148.686842105263,393.75,-462.8282894736842,475.0,-570.2626315789473,180.0,74.34342105263158,1148.6868421052632,1950.0,-868.75,-803.125
3740,2405.328947368421,423.0394736842105,-398.6677631578948,475.0,-518.9342105263158,180.0,202.6644736842104,1405.3289473684208,1950.0,-858.9868421052631,-788.4802631578948
3741,2123.044736842105,360.5921052631579,-469.23881578947373,475.0,-575.391052631579,180.0,61.52236842105253,1123.044736842105,1950.0,-879.8026315789474,-819.703947368421
3742,2073.75,420.2763157894737,-481.5625,475.0,-585.25,180.0,36.875,1073.75,1950.0,-859.9078947368421,-789.8618421052631
3743,2677.5552631578944,396.5131578947368,-330.6111842105264,475.0,-464.4889473684211,180.0,338.7776315789472,1677.5552631578944,1950.0,-867.828947368421,-801.7434210526316
3744,2434.618421052632,461.7236842105263,-391.34539473684197,475.0,-513.0763157894736,180.0,217.30921052631606,1434.6184210526321,1950.0,-846.0921052631579,-769.1381578947369
3745,2221.2473684210527,359.2105263157895,-444.68815789473683,475.0,-555.7505263157894,180.0,110.62368421052633,1221.2473684210527,1950.0,-880.2631578947369,-820.3947368421052
3746,2314.9736842105262,417.2368421052632,-421.25657894736844,475.0,-537.0052631578948,180.0,157.48684210526312,1314.9736842105262,1950.0,-860.921052631579,-791.3815789473684
3747,2493.4736842105262,379.6578947368421,-376.63157894736844,475.0,-501.30526315789473,180.0,246.73684210526312,1493.4736842105262,1950.0,-873.4473684210526,-810.171052631579
3748,2163.1105263157897,410.0526315789474,-459.2223684210526,475.0,-567.3778947368421,180.0,81.55526315789484,1163.1105263157897,1950.0,-863.3157894736842,-794.9736842105262
3749,2257.8315789473686,427.7368421052632,-435.54210526315785,475.0,-548.4336842105263,180.0,128.9157894736843,1257.8315789473686,1950.0,-857.421052631579,-786.1315789473684
3750,2220.418421052632,424.1447368421052,-444.89539473684204,475.0,-555.9163157894736,180.0,110.20921052631593,1220.4184210526319,1950.0,-858.6184210526316,-787.9276315789474
3751,2288.1710526315783,371.6447368421052,-427.95723684210543,475.0,-542.3657894736843,180.0,144.08552631578914,1288.1710526315783,1950.0,-876.1184210526316,-814.1776315789474
3752,2223.9552631578945,416.4078947368421,-444.0111842105264,475.0,-555.2089473684211,180.0,111.97763157894724,1223.9552631578945,1950.0,-861.1973684210526,-791.796052631579
3753,2536.8,374.1315789473684,-365.79999999999995,475.0,-492.64,180.0,268.4000000000001,1536.8000000000002,1950.0,-875.2894736842105,-812.9342105263158
3754,2289.9947368421053,388.5,-427.50131578947367,475.0,-542.0010526315789,180.0,144.99736842105267,1289.9947368421053,1950.0,-870.5,-805.75
3755,2379.7973684210524,384.3552631578948,-405.0506578947369,475.0,-524.0405263157895,180.0,189.8986842105262,1379.7973684210524,1950.0,-871.8815789473684,-807.8223684210526
3756,2230.9736842105262,408.3947368421052,-442.25657894736844,475.0,-553.8052631578947,180.0,115.48684210526312,1230.9736842105262,1950.0,-863.8684210526316,-795.8026315789474
3757,2397.15,362.25,-400.7125,475.0,-520.5699999999999,180.0,198.57500000000005,1397.15,1950.0,-879.25,-818.875
3758,2154.0473684210524,355.8947368421052,-461.4881578947369,475.0,-569.1905263157895,180.0,77.0236842105262,1154.0473684210524,1950.0,-881.3684210526316,-822.0526315789474
3759,2528.234210526316,412.5394736842105,-367.941447368421,475.0,-494.3531578947368,180.0,264.117105263158,1528.234210526316,1950.0,-862.4868421052631,-793.7302631578948
3760,2363.4394736842105,422.4868421052632,-409.1401315789474,475.0,-527.312105263158,180.0,181.71973684210525,1363.4394736842105,1950.0,-859.171052631579,-788.7565789473684
3761,2095.523684210526,374.4078947368421,-476.1190789473685,475.0,-580.8952631578948,180.0,47.761842105262986,1095.523684210526,1950.0,-875.1973684210526,-812.796052631579
3762,2100.0,380.7631578947368,-475.0,475.0,-580.0,180.0,50.0,1100.0,1950.0,-873.078947368421,-809.6184210526316
3763,2308.342105263158,448.1842105263158,-422.9144736842105,475.0,-538.3315789473684,180.0,154.17105263157896,1308.342105263158,1950.0,-850.6052631578948,-775.9078947368421
3764,2284.302631578947,367.7763157894737,-428.92434210526324,475.0,-543.1394736842105,180.0,142.15131578947353,1284.302631578947,1950.0,-877.4078947368421,-816.1118421052631
3765,2273.194736842105,392.3684210526316,-431.7013157894737,475.0,-545.361052631579,180.0,136.59736842105258,1273.1947368421052,1950.0,-869.2105263157895,-803.8157894736842
3766,2300.6052631578946,374.6842105263158,-424.84868421052636,475.0,-539.8789473684211,180.0,150.30263157894728,1300.6052631578946,1950.0,-875.1052631578948,-812.6578947368421
3767,2251.586842105263,387.6710526315789,-437.1032894736843,475.0,-549.6826315789474,180.0,125.7934210526314,1251.5868421052628,1950.0,-870.7763157894738,-806.1644736842105
3768,2369.5184210526318,400.3815789473684,-407.62039473684206,475.0,-526.0963157894737,180.0,184.75921052631588,1369.5184210526318,1950.0,-866.5394736842105,-799.8092105263158
3769,2144.7631578947367,369.1578947368421,-463.80921052631584,475.0,-571.0473684210526,180.0,72.38157894736833,1144.7631578947367,1950.0,-876.9473684210526,-815.421052631579
3770,2260.871052631579,393.1973684210526,-434.78223684210525,475.0,-547.8257894736842,180.0,130.4355263157895,1260.871052631579,1950.0,-868.9342105263158,-803.4013157894738
3771,2032.6894736842105,392.3684210526316,-491.8276315789474,475.0,-593.4621052631579,180.0,16.34473684210525,1032.6894736842105,1950.0,-869.2105263157895,-803.8157894736842
3772,2390.9052631578948,434.9210526315789,-402.2736842105263,475.0,-521.818947368421,180.0,195.45263157894738,1390.9052631578948,1950.0,-855.0263157894738,-782.5394736842105
3773,2313.315789473684,424.9736842105263,-421.67105263157896,475.0,-537.3368421052631,180.0,156.65789473684208,1313.3157894736842,1950.0,-858.3421052631579,-787.5131578947369
3774,2333.542105263158,353.1315789473684,-416.61447368421045,475.0,-533.2915789473684,180.0,166.7710526315791,1333.5421052631582,1950.0,-882.2894736842105,-823.4342105263158
3775,2434.563157894737,422.2105263157895,-391.3592105263158,475.0,-513.0873684210526,180.0,217.28157894736842,1434.5631578947368,1950.0,-859.2631578947369,-788.8947368421052
3776,2121.884210526316,301.1842105263158,-469.528947368421,475.0,-575.6231578947368,180.0,60.942105263158055,1121.884210526316,1950.0,-899.6052631578948,-849.4078947368421
3777,2400.9078947368425,362.25,-399.77302631578937,475.0,-519.8184210526315,180.0,200.45394736842127,1400.9078947368425,1950.0,-879.25,-818.875
3778,2365.3184210526315,356.7236842105263,-408.6703947368421,475.0,-526.9363157894737,180.0,182.65921052631575,1365.3184210526315,1950.0,-881.0921052631579,-821.6381578947369
3779,2176.9815789473687,416.4078947368421,-455.7546052631578,475.0,-564.6036842105262,180.0,88.49078947368434,1176.9815789473687,1950.0,-861.1973684210526,-791.796052631579
3780,2406.4894736842107,407.2894736842105,-398.37763157894733,475.0,-518.7021052631578,180.0,203.24473684210534,1406.4894736842107,1950.0,-864.2368421052631,-796.3552631578948
3781,2491.981578947368,421.3815789473684,-377.00460526315806,475.0,-501.60368421052647,180.0,245.9907894736839,1491.9815789473678,1950.0,-859.5394736842105,-789.3092105263158
3782,2313.094736842105,389.0526315789474,-421.7263157894738,475.0,-537.381052631579,180.0,156.5473684210524,1313.0947368421048,1950.0,-870.3157894736842,-805.4736842105262
3783,2356.3657894736843,400.3815789473684,-410.9085526315789,475.0,-528.7268421052631,180.0,178.18289473684217,1356.3657894736843,1950.0,-866.5394736842105,-799.8092105263158
3784,2046.3947368421052,364.7368421052632,-488.4013157894737,475.0,-590.7210526315789,180.0,23.1973684210526,1046.3947368421052,1950.0,-878.421052631579,-817.6315789473684
3785,2196.323684210526,351.1973684210526,-450.91907894736846,475.0,-560.7352631578948,180.0,98.16184210526308,1196.3236842105262,1950.0,-882.9342105263158,-824.4013157894738
3786,2242.9657894736843,377.1710526315789,-439.25855263157894,475.0,-551.4068421052632,180.0,121.48289473684213,1242.9657894736843,1950.0,-874.2763157894738,-811.4144736842105
3787,2244.9,379.1052631578948,-438.775,475.0,-551.02,180.0,122.45000000000005,1244.9,1950.0,-873.6315789473684,-810.4473684210526
3788,2132.992105263158,398.7236842105263,-466.7519736842105,475.0,-573.4015789473684,180.0,66.496052631579,1132.992105263158,1950.0,-867.0921052631579,-800.6381578947369
3789,2537.242105263158,408.3947368421052,-365.6894736842105,475.0,-492.5515789473684,180.0,268.621052631579,1537.242105263158,1950.0,-863.8684210526316,-795.8026315789474
3790,2262.086842105263,398.1710526315789,-434.4782894736843,475.0,-547.5826315789475,180.0,131.0434210526314,1262.0868421052628,1950.0,-867.2763157894738,-800.9144736842105
3791,1995.0,416.6842105263158,-501.25,475.0,-601.0,180.0,-2.5,995.0,1950.0,-861.1052631578948,-791.6578947368421
3792,2552.384210526316,412.2631578947368,-361.903947368421,475.0,-489.52315789473676,180.0,276.19210526315806,1552.384210526316,1950.0,-862.578947368421,-793.8684210526316
3793,2350.728947368421,390.9868421052632,-412.3177631578948,475.0,-529.8542105263158,180.0,175.36447368421045,1350.728947368421,1950.0,-869.671052631579,-804.5065789473684
3794,2131.665789473684,399.2763157894737,-467.083552631579,475.0,-573.6668421052632,180.0,65.83289473684204,1131.665789473684,1950.0,-866.9078947368421,-800.3618421052631
3795,2383.113157894737,378.2763157894737,-404.22171052631575,475.0,-523.3773684210526,180.0,191.5565789473685,1383.113157894737,1950.0,-873.9078947368421,-810.8618421052631
3796,2511.9315789473685,368.0526315789474,-372.0171052631579,475.0,-497.6136842105263,180.0,255.96578947368425,1511.9315789473685,1950.0,-877.3157894736842,-815.9736842105262
3797,2491.263157894737,368.0526315789474,-377.1842105263157,475.0,-501.74736842105256,180.0,245.63157894736855,1491.263157894737,1950.0,-877.3157894736842,-815.9736842105262
3798,2037.221052631579,419.4473684210526,-490.69473684210527,475.0,-592.5557894736842,180.0,18.610526315789457,1037.221052631579,1950.0,-860.1842105263158,-790.2763157894738
3799,2390.684210526316,361.4210526315789,-402.32894736842104,475.0,-521.8631578947368,180.0,195.34210526315792,1390.6842105263158,1950.0,-879.5263157894738,-819.2894736842105
3800,2385.6,437.1315789473684,-403.6,475.0,-522.88,180.0,192.79999999999995,1385.6,1950.0,-854.2894736842105,-781.4342105263158
3801,2533.594736842105,393.4736842105263,-366.6013157894738,475.0,-493.28105263157903,180.0,266.7973684210524,1533.5947368421048,1950.0,-868.8421052631579,-803.2631578947369
3802,2660.202631578947,381.0394736842105,-334.9493421052632,475.0,-467.9594736842106,180.0,330.1013157894736,1660.2026315789471,1950.0,-872.9868421052631,-809.4802631578948
3803,2104.9736842105262,366.9473684210526,-473.75657894736844,475.0,-579.0052631578948,180.0,52.48684210526312,1104.9736842105262,1950.0,-877.6842105263158,-816.5263157894738
3804,2254.184210526316,365.8421052631579,-436.45394736842104,475.0,-549.1631578947369,180.0,127.09210526315792,1254.1842105263158,1950.0,-878.0526315789474,-817.078947368421
3805,2081.4315789473685,426.0789473684211,-479.6421052631579,475.0,-583.7136842105263,180.0,40.715789473684254,1081.4315789473685,1950.0,-857.9736842105262,-786.9605263157895
3806,2247.442105263158,496.2631578947368,-438.13947368421054,475.0,-550.5115789473684,180.0,123.72105263157891,1247.4421052631578,1950.0,-834.578947368421,-751.8684210526316
3807,2325.418421052632,416.4078947368421,-418.64539473684204,475.0,-534.9163157894736,180.0,162.70921052631593,1325.4184210526319,1950.0,-861.1973684210526,-791.796052631579
3808,2036.171052631579,429.6710526315789,-490.95723684210526,475.0,-592.7657894736842,180.0,18.08552631578948,1036.171052631579,1950.0,-856.7763157894738,-785.1644736842105
3809,2215.444736842105,381.5921052631579,-446.1388157894737,475.0,-556.911052631579,180.0,107.72236842105258,1215.4447368421052,1950.0,-872.8026315789474,-809.203947368421
3810,2272.8078947368417,482.1710526315789,-431.79802631578957,475.0,-545.4384210526316,180.0,136.40394736842086,1272.8078947368417,1950.0,-839.2763157894738,-758.9144736842105
3811,2103.868421052632,375.2368421052632,-474.03289473684197,475.0,-579.2263157894736,180.0,51.934210526316065,1103.8684210526321,1950.0,-874.921052631579,-812.3815789473684
3812,2043.6315789473683,399.5526315789474,-489.0921052631579,475.0,-591.2736842105263,180.0,21.815789473684163,1043.6315789473683,1950.0,-866.8157894736842,-800.2236842105262
3813,2117.3526315789472,386.8421052631579,-470.6618421052632,475.0,-576.5294736842105,180.0,58.67631578947362,1117.3526315789472,1950.0,-871.0526315789474,-806.578947368421
3814,2098.231578947368,403.4210526315789,-475.44210526315806,475.0,-580.3536842105265,180.0,49.11578947368389,1098.2315789473678,1950.0,-865.5263157894738,-798.2894736842105
3815,2193.947368421053,399.5526315789474,-451.51315789473676,475.0,-561.2105263157894,180.0,96.97368421052647,1193.947368421053,1950.0,-866.8157894736842,-800.2236842105262
3816,2181.5131578947367,405.9078947368421,-454.62171052631584,475.0,-563.6973684210527,180.0,90.75657894736833,1181.5131578947367,1950.0,-864.6973684210526,-797.046052631579
3817,2280.2684210526318,395.6842105263158,-429.93289473684206,475.0,-543.9463157894736,180.0,140.13421052631588,1280.2684210526318,1950.0,-868.1052631578948,-802.1578947368421
3818,2149.6815789473685,447.3552631578948,-462.5796052631579,475.0,-570.0636842105263,180.0,74.84078947368425,1149.6815789473685,1950.0,-850.8815789473684,-776.3223684210526
3819,2268.718421052632,376.6184210526316,-432.820394736842,475.0,-546.2563157894735,180.0,134.35921052631602,1268.718421052632,1950.0,-874.4605263157895,-811.6907894736842
3820,2314.863157894737,394.5789473684211,-421.28421052631575,475.0,-537.0273684210526,180.0,157.4315789473685,1314.863157894737,1950.0,-868.4736842105262,-802.7105263157895
3821,2319.118421052632,411.9868421052632,-420.22039473684197,475.0,-536.1763157894736,180.0,159.55921052631606,1319.1184210526321,1950.0,-862.671052631579,-794.0065789473684
3822,2040.4263157894732,428.2894736842105,-489.8934210526317,475.0,-591.9147368421054,180.0,20.213157894736582,1040.4263157894732,1950.0,-857.2368421052631,-785.8552631578948
3823,2496.015789473684,393.4736842105263,-375.996052631579,475.0,-500.7968421052632,180.0,248.007894736842,1496.015789473684,1950.0,-868.8421052631579,-803.2631578947369
3824,2520.9394736842105,326.32894736842104,-369.7651315789474,475.0,-495.8121052631579,180.0,260.46973684210525,1520.9394736842105,1950.0,-891.2236842105264,-836.8355263157895
3825,2205.386842105263,358.3815789473684,-448.65328947368425,475.0,-558.9226315789474,180.0,102.69342105263149,1205.386842105263,1950.0,-880.5394736842105,-820.8092105263158
3826,2057.778947368421,406.1842105263158,-485.55526315789473,475.0,-588.4442105263158,180.0,28.889473684210543,1057.778947368421,1950.0,-864.6052631578948,-796.9078947368421
3827,2278.057894736842,393.4736842105263,-430.48552631578946,475.0,-544.3884210526315,180.0,139.0289473684211,1278.0578947368422,1950.0,-868.8421052631579,-803.2631578947369
3828,2145.2052631578945,403.4210526315789,-463.6986842105264,475.0,-570.9589473684211,180.0,72.60263157894724,1145.2052631578945,1950.0,-865.5263157894738,-798.2894736842105
3829,2054.131578947369,372.4736842105263,-486.4671052631578,475.0,-589.1736842105263,180.0,27.06578947368439,1054.1315789473688,1950.0,-875.8421052631579,-813.7631578947369
3830,2241.528947368421,383.25,-439.61776315789473,475.0,-551.6942105263158,180.0,120.76447368421054,1241.528947368421,1950.0,-872.25,-808.375
3831,2261.036842105263,427.1842105263158,-434.74078947368423,475.0,-547.7926315789474,180.0,130.51842105263154,1261.036842105263,1950.0,-857.6052631578948,-786.4078947368421
3832,2401.018421052632,394.3026315789474,-399.74539473684194,475.0,-519.7963157894735,180.0,200.5092105263161,1401.0184210526322,1950.0,-868.5657894736842,-802.8486842105262
3833,2225.1157894736843,381.8684210526316,-443.7210526315789,475.0,-554.9768421052631,180.0,112.55789473684217,1225.1157894736843,1950.0,-872.7105263157895,-809.0657894736842
3834,2247.607894736842,436.3026315789474,-438.0980263157895,475.0,-550.4784210526316,180.0,123.80394736842095,1247.607894736842,1950.0,-854.5657894736842,-781.8486842105262
3835,2194.057894736842,328.2631578947368,-451.48552631578946,475.0,-561.1884210526316,180.0,97.02894736842109,1194.0578947368422,1950.0,-890.578947368421,-835.8684210526316
3836,2603.226315789474,331.57894736842104,-349.1934210526315,475.0,-479.35473684210524,180.0,301.613157894737,1603.226315789474,1950.0,-889.4736842105264,-834.2105263157895
3837,2104.034210526316,409.2236842105263,-473.99144736842095,475.0,-579.1931578947367,180.0,52.0171052631581,1104.0342105263162,1950.0,-863.5921052631579,-795.3881578947369
3838,2230.310526315789,403.9736842105263,-442.42236842105274,475.0,-553.9378947368422,180.0,115.15526315789452,1230.310526315789,1950.0,-865.3421052631579,-798.0131578947369
3839,2508.228947368421,388.7763157894737,-372.9427631578948,475.0,-498.3542105263158,180.0,254.11447368421045,1508.228947368421,1950.0,-870.4078947368421,-805.6118421052631
3840,2213.731578947368,331.0263157894737,-446.56710526315806,475.0,-557.2536842105264,180.0,106.86578947368389,1213.7315789473678,1950.0,-889.6578947368421,-834.4868421052631
3841,2024.731578947368,376.8947368421052,-493.817105263158,475.0,-595.0536842105264,180.0,12.365789473684003,1024.731578947368,1950.0,-874.3684210526316,-811.5526315789474
3842,2179.413157894737,426.3552631578948,-455.1467105263157,475.0,-564.1173684210526,180.0,89.7065789473686,1179.4131578947372,1950.0,-857.8815789473684,-786.8223684210526
3843,2360.731578947368,384.0789473684211,-409.81710526315806,475.0,-527.8536842105265,180.0,180.3657894736839,1360.7315789473678,1950.0,-871.9736842105262,-807.9605263157895
3844,2054.2973684210524,387.6710526315789,-486.4256578947369,475.0,-589.1405263157895,180.0,27.1486842105262,1054.2973684210524,1950.0,-870.7763157894738,-806.1644736842105
3845,2255.8973684210528,397.6184210526316,-436.0256578947368,475.0,-548.8205263157895,180.0,127.94868421052638,1255.8973684210528,1950.0,-867.4605263157895,-801.1907894736842
3846,2212.23947368421,438.5131578947368,-446.94013157894744,475.0,-557.552105263158,180.0,106.11973684210511,1212.2394736842102,1950.0,-853.828947368421,-780.7434210526316
3847,2278.113157894737,404.8026315789474,-430.47171052631575,475.0,-544.3773684210526,180.0,139.0565789473685,1278.113157894737,1950.0,-865.0657894736842,-797.5986842105262
3848,2259.0473684210524,413.9210526315789,-435.2381578947369,475.0,-548.1905263157895,180.0,129.5236842105262,1259.0473684210524,1950.0,-862.0263157894738,-793.0394736842105
3849,2167.4210526315787,420.0,-458.1447368421053,475.0,-566.5157894736842,180.0,83.71052631578937,1167.4210526315787,1950.0,-860.0,-790.0
3850,2246.502631578948,369.4342105263158,-438.37434210526305,475.0,-550.6994736842105,180.0,123.25131578947389,1246.5026315789478,1950.0,-876.8552631578948,-815.2828947368421
3851,2384.605263157895,374.1315789473684,-403.84868421052624,475.0,-523.078947368421,180.0,192.3026315789475,1384.605263157895,1950.0,-875.2894736842105,-812.9342105263158
3852,2278.831578947368,354.7894736842105,-430.29210526315796,475.0,-544.2336842105263,180.0,139.41578947368407,1278.8315789473681,1950.0,-881.7368421052631,-822.6052631578948
3853,2325.0315789473684,346.5,-418.7421052631579,475.0,-534.9936842105263,180.0,162.5157894736842,1325.0315789473684,1950.0,-884.5,-826.75
3854,2344.2631578947367,380.7631578947368,-413.93421052631584,475.0,-531.1473684210526,180.0,172.13157894736833,1344.2631578947367,1950.0,-873.078947368421,-809.6184210526316
3855,2089.278947368421,437.6842105263158,-477.68026315789473,475.0,-582.1442105263158,180.0,44.63947368421054,1089.278947368421,1950.0,-854.1052631578948,-781.1578947368421
3856,2264.3526315789472,402.3157894736842,-433.9118421052632,475.0,-547.1294736842106,180.0,132.17631578947362,1264.3526315789472,1950.0,-865.8947368421052,-798.8421052631579
3857,2343.8763157894737,329.64473684210526,-414.0309210526316,475.0,-531.2247368421052,180.0,171.93815789473683,1343.8763157894737,1950.0,-890.1184210526316,-835.1776315789474
3858,2045.5657894736844,420.2763157894737,-488.6085526315789,475.0,-590.8868421052631,180.0,22.782894736842195,1045.5657894736844,1950.0,-859.9078947368421,-789.8618421052631
3859,2017.2710526315784,388.2236842105263,-495.6822368421054,475.0,-596.5457894736843,180.0,8.635526315789207,1017.2710526315784,1950.0,-870.5921052631579,-805.8881578947369
3860,2211.742105263158,421.1052631578948,-447.0644736842105,475.0,-557.6515789473684,180.0,105.871052631579,1211.742105263158,1950.0,-859.6315789473684,-789.4473684210526
3861,2430.086842105263,434.6447368421052,-392.4782894736843,475.0,-513.9826315789475,180.0,215.0434210526314,1430.0868421052628,1950.0,-855.1184210526316,-782.6776315789474
3862,2308.894736842105,420.5526315789474,-422.77631578947376,475.0,-538.221052631579,180.0,154.4473684210525,1308.894736842105,1950.0,-859.8157894736842,-789.7236842105262
3863,2471.1473684210528,359.2105263157895,-382.2131578947368,475.0,-505.7705263157894,180.0,235.57368421052638,1471.1473684210528,1950.0,-880.2631578947369,-820.3947368421052
3864,2219.9763157894736,389.8815789473684,-445.0059210526316,475.0,-556.0047368421053,180.0,109.98815789473679,1219.9763157894736,1950.0,-870.0394736842105,-805.0592105263158
3865,2377.6973684210525,386.0131578947368,-405.5756578947369,475.0,-524.4605263157895,180.0,188.84868421052624,1377.6973684210525,1950.0,-871.328947368421,-806.9934210526316
3866,2359.7921052631577,426.3552631578948,-410.05197368421057,475.0,-528.0415789473684,180.0,179.89605263157887,1359.7921052631577,1950.0,-857.8815789473684,-786.8223684210526
3867,2078.7236842105262,378.2763157894737,-480.31907894736844,475.0,-584.2552631578948,180.0,39.36184210526312,1078.7236842105262,1950.0,-873.9078947368421,-810.8618421052631
3868,2321.1631578947367,380.2105263157895,-419.7092105263158,475.0,-535.7673684210527,180.0,160.58157894736837,1321.1631578947367,1950.0,-873.2631578947369,-809.8947368421052
3869,2234.786842105263,419.7236842105263,-441.30328947368423,475.0,-553.0426315789474,180.0,117.39342105263154,1234.786842105263,1950.0,-860.0921052631579,-790.1381578947369
3870,2389.8,386.8421052631579,-402.54999999999995,475.0,-522.04,180.0,194.9000000000001,1389.8000000000002,1950.0,-871.0526315789474,-806.578947368421
3871,2213.8973684210528,411.9868421052632,-446.5256578947368,475.0,-557.2205263157895,180.0,106.94868421052638,1213.8973684210528,1950.0,-862.671052631579,-794.0065789473684
3872,2434.784210526316,392.3684210526316,-391.30394736842095,475.0,-513.0431578947367,180.0,217.3921052631581,1434.7842105263162,1950.0,-869.2105263157895,-803.8157894736842
3873,2110.665789473684,387.6710526315789,-472.333552631579,475.0,-577.8668421052632,180.0,55.332894736842036,1110.665789473684,1950.0,-870.7763157894738,-806.1644736842105
3874,2082.8131578947364,408.6710526315789,-479.2967105263159,475.0,-583.4373684210527,180.0,41.40657894736819,1082.8131578947364,1950.0,-863.7763157894738,-795.6644736842105
3875,2187.0394736842104,402.0394736842105,-453.2401315789474,475.0,-562.5921052631579,180.0,93.5197368421052,1187.0394736842104,1950.0,-865.9868421052631,-798.9802631578948
3876,2369.9052631578948,432.7105263157895,-407.5236842105263,475.0,-526.0189473684211,180.0,184.95263157894738,1369.9052631578948,1950.0,-855.7631578947369,-783.6447368421052
3877,2318.234210526316,399.8289473684211,-420.441447368421,475.0,-536.3531578947368,180.0,159.117105263158,1318.234210526316,1950.0,-866.7236842105262,-800.0855263157895
3878,2036.778947368421,385.1842105263158,-490.80526315789473,475.0,-592.6442105263158,180.0,18.389473684210543,1036.778947368421,1950.0,-871.6052631578948,-807.4078947368421
3879,2302.263157894737,357.5526315789474,-424.4342105263157,475.0,-539.5473684210526,180.0,151.13157894736855,1302.263157894737,1950.0,-880.8157894736842,-821.2236842105262
3880,2157.3078947368417,366.6710526315789,-460.67302631578957,475.0,-568.5384210526316,180.0,78.65394736842086,1157.3078947368417,1950.0,-877.7763157894738,-816.6644736842105
3881,2153.771052631579,402.5921052631579,-461.5572368421052,475.0,-569.2457894736842,180.0,76.88552631578955,1153.771052631579,1950.0,-865.8026315789474,-798.703947368421
3882,2315.1394736842103,413.6447368421052,-421.2151315789474,475.0,-536.9721052631579,180.0,157.56973684210516,1315.1394736842103,1950.0,-862.1184210526316,-793.1776315789474
3883,2137.468421052631,442.6578947368421,-465.6328947368422,475.0,-572.5063157894738,180.0,68.73421052631556,1137.4684210526311,1950.0,-852.4473684210526,-778.671052631579
3884,2262.4736842105262,439.8947368421052,-434.38157894736844,475.0,-547.5052631578948,180.0,131.23684210526312,1262.4736842105262,1950.0,-853.3684210526316,-780.0526315789474
3885,2269.492105263158,375.5131578947368,-432.6269736842105,475.0,-546.1015789473684,180.0,134.746052631579,1269.492105263158,1950.0,-874.828947368421,-812.2434210526316
3886,2099.8894736842103,470.8421052631579,-475.0276315789474,475.0,-580.022105263158,180.0,49.94473684210516,1099.8894736842103,1950.0,-843.0526315789474,-764.578947368421
3887,2132.218421052632,362.25,-466.945394736842,475.0,-573.5563157894736,180.0,66.10921052631602,1132.218421052632,1950.0,-879.25,-818.875
3888,2082.2605263157893,389.3289473684211,-479.43486842105267,475.0,-583.5478947368422,180.0,41.13026315789466,1082.2605263157893,1950.0,-870.2236842105262,-805.3355263157895
3889,2201.684210526316,416.6842105263158,-449.57894736842104,475.0,-559.6631578947369,180.0,100.84210526315792,1201.6842105263158,1950.0,-861.1052631578948,-791.6578947368421
3890,2357.8578947368424,377.4473684210526,-410.5355263157894,475.0,-528.4284210526315,180.0,178.92894736842118,1357.8578947368424,1950.0,-874.1842105263158,-811.2763157894738
3891,2406.434210526316,367.7763157894737,-398.39144736842104,475.0,-518.7131578947368,180.0,203.21710526315792,1406.4342105263158,1950.0,-877.4078947368421,-816.1118421052631
3892,2419.0894736842106,378.5526315789474,-395.22763157894735,475.0,-516.1821052631578,180.0,209.5447368421053,1419.0894736842106,1950.0,-873.8157894736842,-810.7236842105262
3893,2130.7815789473684,415.3026315789474,-467.3046052631579,475.0,-573.8436842105264,180.0,65.39078947368421,1130.7815789473684,1950.0,-861.5657894736842,-792.3486842105262
3894,2220.031578947368,410.6052631578948,-444.992105263158,475.0,-555.9936842105265,180.0,110.01578947368398,1220.031578947368,1950.0,-863.1315789473684,-794.6973684210526
3895,2451.915789473684,390.7105263157895,-387.021052631579,475.0,-509.6168421052632,180.0,225.95789473684204,1451.915789473684,1950.0,-869.7631578947369,-804.6447368421052
3896,2420.692105263158,378.2763157894737,-394.82697368421054,475.0,-515.8615789473685,180.0,210.3460526315789,1420.6921052631578,1950.0,-873.9078947368421,-810.8618421052631
3897,2154.2131578947365,371.0921052631579,-461.4467105263159,475.0,-569.1573684210528,180.0,77.10657894736823,1154.2131578947365,1950.0,-876.3026315789474,-814.453947368421
3898,2430.4184210526314,465.0394736842105,-392.39539473684215,475.0,-513.9163157894737,180.0,215.2092105263157,1430.4184210526314,1950.0,-844.9868421052631,-767.4802631578948
3899,2381.786842105263,416.4078947368421,-404.55328947368423,475.0,-523.6426315789474,180.0,190.89342105263154,1381.786842105263,1950.0,-861.1973684210526,-791.796052631579
3900,2414.8894736842103,372.4736842105263,-396.2776315789474,475.0,-517.022105263158,180.0,207.44473684210516,1414.8894736842103,1950.0,-875.8421052631579,-813.7631578947369
3901,2499.221052631579,364.7368421052632,-375.19473684210527,475.0,-500.1557894736842,180.0,249.61052631578946,1499.221052631579,1950.0,-878.421052631579,-817.6315789473684
3902,2235.063157894737,373.0263157894737,-441.2342105263158,475.0,-552.9873684210527,180.0,117.53157894736842,1235.0631578947368,1950.0,-875.6578947368421,-813.4868421052631
3903,2170.128947368421,383.25,-457.46776315789475,475.0,-565.9742105263158,180.0,85.0644736842105,1170.128947368421,1950.0,-872.25,-808.375
3904,2460.868421052631,356.4473684210526,-384.7828947368422,475.0,-507.82631578947377,180.0,230.4342105263156,1460.8684210526312,1950.0,-881.1842105263158,-821.7763157894738
3905,2391.5131578947367,409.2236842105263,-402.12171052631584,475.0,-521.6973684210527,180.0,195.75657894736833,1391.5131578947367,1950.0,-863.5921052631579,-795.3881578947369
3906,2160.071052631579,397.6184210526316,-459.9822368421053,475.0,-567.9857894736842,180.0,80.03552631578941,1160.0710526315788,1950.0,-867.4605263157895,-801.1907894736842
3907,2224.673684210526,385.1842105263158,-443.8315789473685,475.0,-555.0652631578948,180.0,112.33684210526303,1224.673684210526,1950.0,-871.6052631578948,-807.4078947368421
3908,2297.676315789474,366.1184210526316,-425.58092105263154,475.0,-540.4647368421053,180.0,148.83815789473692,1297.6763157894738,1950.0,-877.9605263157895,-816.9407894736842
3909,2344.428947368421,395.9605263157895,-413.8927631578947,475.0,-531.1142105263158,180.0,172.2144736842106,1344.4289473684212,1950.0,-868.0131578947369,-802.0197368421052
3910,2336.8578947368424,441.0,-415.7855263157894,475.0,-532.6284210526316,180.0,168.42894736842118,1336.8578947368424,1950.0,-853.0,-779.5
3911,2244.3473684210526,444.3157894736842,-438.91315789473686,475.0,-551.1305263157894,180.0,122.17368421052629,1244.3473684210526,1950.0,-851.8947368421052,-777.8421052631579
3912,2059.934210526316,378.2763157894737,-485.01644736842104,475.0,-588.0131578947369,180.0,29.96710526315792,1059.9342105263158,1950.0,-873.9078947368421,-810.8618421052631
3913,2100.828947368421,400.3815789473684,-474.7927631578948,475.0,-579.8342105263158,180.0,50.41447368421041,1100.8289473684208,1950.0,-866.5394736842105,-799.8092105263158
3914,2101.1052631578946,447.6315789473684,-474.72368421052636,475.0,-579.7789473684211,180.0,50.552631578947285,1101.1052631578946,1950.0,-850.7894736842105,-776.1842105263158
3915,2260.539473684211,428.5657894736842,-434.8651315789473,475.0,-547.8921052631579,180.0,130.26973684210543,1260.5394736842109,1950.0,-857.1447368421052,-785.7171052631579
3916,2301.544736842105,341.8026315789474,-424.61381578947373,475.0,-539.6910526315789,180.0,150.77236842105253,1301.544736842105,1950.0,-886.0657894736842,-829.0986842105262
3917,2279.1631578947367,450.9473684210526,-430.2092105263158,475.0,-544.1673684210526,180.0,139.58157894736837,1279.1631578947367,1950.0,-849.6842105263158,-774.5263157894738
3918,2223.4578947368423,399.0,-444.13552631578943,475.0,-555.3084210526315,180.0,111.72894736842113,1223.4578947368423,1950.0,-867.0,-800.5
3919,2628.371052631579,366.1184210526316,-342.90723684210525,475.0,-474.32578947368415,180.0,314.1855263157895,1628.371052631579,1950.0,-877.9605263157895,-816.9407894736842
3920,2018.7631578947369,384.0789473684211,-495.3092105263158,475.0,-596.2473684210527,180.0,9.381578947368439,1018.7631578947369,1950.0,-871.9736842105262,-807.9605263157895
3921,2253.2447368421053,342.3552631578948,-436.68881578947367,475.0,-549.3510526315789,180.0,126.62236842105267,1253.2447368421053,1950.0,-885.8815789473684,-828.8223684210526
3922,2039.7631578947369,423.8684210526316,-490.0592105263158,475.0,-592.0473684210526,180.0,19.88157894736844,1039.7631578947369,1950.0,-858.7105263157895,-788.0657894736842
3923,2068.278947368421,388.5,-482.93026315789473,475.0,-586.3442105263158,180.0,34.13947368421054,1068.278947368421,1950.0,-870.5,-805.75
3924,2195.4947368421053,359.7631578947368,-451.12631578947367,475.0,-560.901052631579,180.0,97.74736842105267,1195.4947368421053,1950.0,-880.078947368421,-820.1184210526316
3925,2287.176315789474,365.0131578947368,-428.20592105263154,475.0,-542.5647368421053,180.0,143.58815789473692,1287.1763157894738,1950.0,-878.328947368421,-817.4934210526316
3926,2135.202631578948,419.7236842105263,-466.199342105263,475.0,-572.9594736842104,180.0,67.60131578947403,1135.202631578948,1950.0,-860.0921052631579,-790.1381578947369
3927,2395.271052631579,409.2236842105263,-401.1822368421052,475.0,-520.9457894736842,180.0,197.63552631578955,1395.271052631579,1950.0,-863.5921052631579,-795.3881578947369
3928,2402.7315789473687,435.4736842105263,-399.3171052631578,475.0,-519.4536842105263,180.0,201.36578947368434,1402.7315789473687,1950.0,-854.8421052631579,-782.2631578947369
3929,2190.797368421053,430.2236842105263,-452.3006578947368,475.0,-561.8405263157895,180.0,95.39868421052643,1190.7973684210529,1950.0,-856.5921052631579,-784.8881578947369
3930,2426.1078947368424,379.9342105263158,-393.4730263157894,475.0,-514.7784210526315,180.0,213.05394736842118,1426.1078947368424,1950.0,-873.3552631578948,-810.0328947368421
3931,2220.805263157895,362.5263157894737,-444.7986842105263,475.0,-555.838947368421,180.0,110.40263157894742,1220.8052631578948,1950.0,-879.1578947368421,-818.7368421052631
3932,2322.4894736842107,417.2368421052632,-419.37763157894733,475.0,-535.5021052631579,180.0,161.24473684210534,1322.4894736842107,1950.0,-860.921052631579,-791.3815789473684
3933,2454.2921052631577,417.5131578947368,-386.42697368421057,475.0,-509.14157894736843,180.0,227.14605263157887,1454.2921052631577,1950.0,-860.828947368421,-791.2434210526316
3934,2307.3473684210526,385.1842105263158,-423.16315789473686,475.0,-538.5305263157895,180.0,153.6736842105263,1307.3473684210526,1950.0,-871.6052631578948,-807.4078947368421
3935,2142.331578947368,368.6052631578948,-464.41710526315796,475.0,-571.5336842105264,180.0,71.16578947368407,1142.3315789473681,1950.0,-877.1315789473684,-815.6973684210526
3936,2212.8473684210526,394.0263157894737,-446.78815789473686,475.0,-557.4305263157895,180.0,106.42368421052629,1212.8473684210526,1950.0,-868.6578947368421,-802.9868421052631
3937,2260.7052631578945,406.1842105263158,-434.8236842105264,475.0,-547.8589473684211,180.0,130.35263157894724,1260.7052631578945,1950.0,-864.6052631578948,-796.9078947368421
3938,2120.502631578948,431.3289473684211,-469.87434210526305,475.0,-575.8994736842104,180.0,60.25131578947389,1120.5026315789478,1950.0,-856.2236842105262,-784.3355263157895
3939,2436.1105263157897,420.0,-390.9723684210526,475.0,-512.7778947368421,180.0,218.05526315789484,1436.1105263157897,1950.0,-860.0,-790.0
3940,2216.218421052632,389.8815789473684,-445.945394736842,475.0,-556.7563157894735,180.0,108.10921052631602,1216.218421052632,1950.0,-870.0394736842105,-805.0592105263158
3941,2351.668421052632,348.7105263157895,-412.08289473684204,475.0,-529.6663157894736,180.0,175.83421052631593,1351.6684210526319,1950.0,-883.7631578947369,-825.6447368421052
3942,2351.1157894736843,385.7368421052632,-412.2210526315789,475.0,-529.7768421052631,180.0,175.55789473684217,1351.1157894736843,1950.0,-871.421052631579,-807.1315789473684
3943,2473.6894736842105,401.2105263157895,-381.5776315789474,475.0,-505.2621052631579,180.0,236.84473684210525,1473.6894736842105,1950.0,-866.2631578947369,-799.3947368421052
3944,2113.926315789474,398.4473684210526,-471.51842105263154,475.0,-577.2147368421053,180.0,56.96315789473692,1113.9263157894738,1950.0,-867.1842105263158,-800.7763157894738
3945,2261.423684210526,412.5394736842105,-434.6440789473685,475.0,-547.7152631578948,180.0,130.71184210526303,1261.423684210526,1950.0,-862.4868421052631,-793.7302631578948
3946,2418.923684210526,400.9342105263158,-395.2690789473685,475.0,-516.2152631578948,180.0,209.46184210526303,1418.923684210526,1950.0,-866.3552631578948,-799.5328947368421
3947,2423.234210526316,326.32894736842104,-394.191447368421,475.0,-515.3531578947368,180.0,211.617105263158,1423.234210526316,1950.0,-891.2236842105264,-836.8355263157895
3948,2304.252631578948,370.8157894736842,-423.93684210526305,475.0,-539.1494736842104,180.0,152.1263157894739,1304.2526315789478,1950.0,-876.3947368421052,-814.5921052631579
3949,2209.0894736842106,412.8157894736842,-447.72763157894735,475.0,-558.1821052631578,180.0,104.5447368421053,1209.0894736842106,1950.0,-862.3947368421052,-793.5921052631579
3950,2171.786842105263,366.1184210526316,-457.05328947368423,475.0,-565.6426315789474,180.0,85.89342105263154,1171.786842105263,1950.0,-877.9605263157895,-816.9407894736842
3951,2401.4052631578948,389.0526315789474,-399.6486842105263,475.0,-519.718947368421,180.0,200.70263157894738,1401.4052631578948,1950.0,-870.3157894736842,-805.4736842105262
3952,2027.328947368421,392.6447368421052,-493.16776315789474,475.0,-594.5342105263157,180.0,13.66447368421052,1027.328947368421,1950.0,-869.1184210526316,-803.6776315789474
3953,2499.552631578947,395.1315789473684,-375.11184210526324,475.0,-500.0894736842106,180.0,249.77631578947353,1499.552631578947,1950.0,-868.2894736842105,-802.4342105263158
3954,2557.8,423.3157894736842,-360.54999999999995,475.0,-488.43999999999994,180.0,278.9000000000001,1557.8000000000002,1950.0,-858.8947368421052,-788.3421052631579
3955,2294.471052631579,376.0657894736842,-426.38223684210527,475.0,-541.1057894736842,180.0,147.23552631578946,1294.471052631579,1950.0,-874.6447368421052,-811.9671052631579
3956,2270.265789473684,355.6184210526316,-432.433552631579,475.0,-545.9468421052632,180.0,135.132894736842,1270.265789473684,1950.0,-881.4605263157895,-822.1907894736842
3957,2219.865789473684,386.0131578947368,-445.033552631579,475.0,-556.0268421052632,180.0,109.93289473684194,1219.865789473684,1950.0,-871.328947368421,-806.9934210526316
3958,2221.523684210526,415.8552631578948,-444.6190789473685,475.0,-555.6952631578948,180.0,110.76184210526299,1221.523684210526,1950.0,-861.3815789473684,-792.0723684210526
3959,2564.818421052631,396.5131578947368,-358.79539473684224,475.0,-487.03631578947375,180.0,282.4092105263155,1564.818421052631,1950.0,-867.828947368421,-801.7434210526316
3960,2400.4105263157894,401.2105263157895,-399.89736842105265,475.0,-519.9178947368421,180.0,200.2052631578947,1400.4105263157894,1950.0,-866.2631578947369,-799.3947368421052
3961,2061.6473684210528,410.0526315789474,-484.5881578947368,475.0,-587.6705263157894,180.0,30.82368421052638,1061.6473684210528,1950.0,-863.3157894736842,-794.9736842105262
3962,2261.202631578948,432.9868421052632,-434.699342105263,475.0,-547.7594736842104,180.0,130.60131578947403,1261.202631578948,1950.0,-855.671052631579,-783.5065789473684
3963,2189.471052631579,393.1973684210526,-452.63223684210527,475.0,-562.1057894736842,180.0,94.73552631578946,1189.471052631579,1950.0,-868.9342105263158,-803.4013157894738
3964,2180.463157894737,378.5526315789474,-454.88421052631577,475.0,-563.9073684210526,180.0,90.23157894736846,1180.463157894737,1950.0,-873.8157894736842,-810.7236842105262
3965,2256.5052631578947,381.3157894736842,-435.87368421052633,475.0,-548.698947368421,180.0,128.25263157894733,1256.5052631578947,1950.0,-872.8947368421052,-809.3421052631579
3966,2114.202631578947,473.8815789473684,-471.4493421052632,475.0,-577.1594736842105,180.0,57.101315789473574,1114.2026315789471,1950.0,-842.0394736842105,-763.0592105263158
3967,2210.360526315789,429.1184210526316,-447.4098684210528,475.0,-557.9278947368423,180.0,105.18026315789439,1210.3605263157888,1950.0,-856.9605263157895,-785.4407894736842
3968,2265.5131578947367,414.75,-433.62171052631584,475.0,-546.8973684210526,180.0,132.75657894736833,1265.5131578947367,1950.0,-861.75,-792.625
3969,2108.621052631579,381.8684210526316,-472.84473684210525,475.0,-578.2757894736842,180.0,54.3105263157895,1108.621052631579,1950.0,-872.7105263157895,-809.0657894736842
3970,2342.826315789474,368.0526315789474,-414.2934210526315,475.0,-531.4347368421052,180.0,171.41315789473697,1342.826315789474,1950.0,-877.3157894736842,-815.9736842105262
3971,2279.273684210526,389.0526315789474,-430.1815789473685,475.0,-544.1452631578948,180.0,139.63684210526299,1279.273684210526,1950.0,-870.3157894736842,-805.4736842105262
3972,2301.1578947368416,384.6315789473684,-424.7105263157896,475.0,-539.7684210526317,180.0,150.5789473684208,1301.1578947368416,1950.0,-871.7894736842105,-807.6842105263158
3973,2463.686842105263,426.9078947368421,-384.0782894736842,475.0,-507.2626315789474,180.0,231.84342105263158,1463.6868421052632,1950.0,-857.6973684210526,-786.546052631579
3974,2098.121052631579,390.1578947368421,-475.46973684210525,475.0,-580.3757894736842,180.0,49.0605263157895,1098.121052631579,1950.0,-869.9473684210526,-804.921052631579
3975,2380.1842105263154,332.13157894736844,-404.95394736842115,475.0,-523.9631578947369,180.0,190.0921052631577,1380.1842105263154,1950.0,-889.2894736842105,-833.9342105263158
3976,2144.652631578947,421.6578947368421,-463.83684210526326,475.0,-571.0694736842106,180.0,72.32631578947348,1144.652631578947,1950.0,-859.4473684210526,-789.171052631579
3977,2206.713157894737,404.8026315789474,-448.32171052631577,475.0,-558.6573684210526,180.0,103.35657894736846,1206.713157894737,1950.0,-865.0657894736842,-797.5986842105262
3978,2007.8763157894737,407.0131578947368,-498.0309210526316,475.0,-598.4247368421053,180.0,3.9381578947368325,1007.8763157894737,1950.0,-864.328947368421,-796.4934210526316
3979,2119.1210526315786,364.1842105263158,-470.21973684210536,475.0,-576.1757894736843,180.0,59.560526315789275,1119.1210526315786,1950.0,-878.6052631578948,-817.9078947368421
3980,2114.9763157894736,378.8289473684211,-471.2559210526316,475.0,-577.0047368421053,180.0,57.48815789473679,1114.9763157894736,1950.0,-873.7236842105262,-810.5855263157895
3981,2070.157894736842,426.0789473684211,-482.4605263157895,475.0,-585.9684210526316,180.0,35.07894736842104,1070.157894736842,1950.0,-857.9736842105262,-786.9605263157895
3982,2315.084210526316,336.5526315789474,-421.228947368421,475.0,-536.9831578947368,180.0,157.54210526315796,1315.084210526316,1950.0,-887.8157894736842,-831.7236842105262
3983,2310.0,402.8684210526316,-422.5,475.0,-538.0,180.0,155.0,1310.0,1950.0,-865.7105263157895,-798.5657894736842
3984,2501.707894736842,367.2236842105263,-374.57302631578955,475.0,-499.65842105263164,180.0,250.8539473684209,1501.7078947368418,1950.0,-877.5921052631579,-816.3881578947369
3985,2009.1473684210528,479.6842105263158,-497.7131578947368,475.0,-598.1705263157894,180.0,4.57368421052638,1009.1473684210528,1950.0,-840.1052631578948,-760.1578947368421
3986,2016.2763157894733,400.3815789473684,-495.9309210526317,475.0,-596.7447368421053,180.0,8.13815789473665,1016.2763157894733,1950.0,-866.5394736842105,-799.8092105263158
3987,2385.821052631579,388.5,-403.5447368421053,475.0,-522.8357894736843,180.0,192.9105263157894,1385.8210526315788,1950.0,-870.5,-805.75
3988,2142.607894736842,378.2763157894737,-464.3480263157895,475.0,-571.4784210526316,180.0,71.30394736842095,1142.607894736842,1950.0,-873.9078947368421,-810.8618421052631
3989,2428.926315789474,375.2368421052632,-392.76842105263154,475.0,-514.2147368421053,180.0,214.46315789473692,1428.9263157894738,1950.0,-874.921052631579,-812.3815789473684
3990,2376.5368421052635,439.3421052631579,-405.8657894736841,475.0,-524.6926315789473,180.0,188.26842105263177,1376.5368421052635,1950.0,-853.5526315789474,-780.328947368421
3991,2171.621052631579,407.2894736842105,-457.09473684210525,475.0,-565.6757894736842,180.0,85.8105263157895,1171.621052631579,1950.0,-864.2368421052631,-796.3552631578948
3992,2264.076315789473,449.0131578947368,-433.98092105263174,475.0,-547.1847368421054,180.0,132.0381578947365,1264.076315789473,1950.0,-850.328947368421,-775.4934210526316
3993,2312.265789473684,397.6184210526316,-421.933552631579,475.0,-537.5468421052632,180.0,156.132894736842,1312.265789473684,1950.0,-867.4605263157895,-801.1907894736842
3994,2718.6710526315787,379.3815789473684,-320.3322368421053,475.0,-456.2657894736842,180.0,359.33552631578937,1718.6710526315787,1950.0,-873.5394736842105,-810.3092105263158
3995,2361.615789473684,377.4473684210526,-409.596052631579,475.0,-527.6768421052632,180.0,180.80789473684194,1361.615789473684,1950.0,-874.1842105263158,-811.2763157894738
3996,2288.0052631578947,450.3947368421052,-427.99868421052633,475.0,-542.3989473684211,180.0,144.00263157894733,1288.0052631578947,1950.0,-849.8684210526316,-774.8026315789474
3997,2223.789473684211,391.8157894736842,-444.0526315789473,475.0,-555.2421052631578,180.0,111.89473684210543,1223.7894736842109,1950.0,-869.3947368421052,-804.0921052631579
3998,2241.9710526315785,361.1447368421052,-439.5072368421054,475.0,-551.6057894736844,180.0,120.98552631578923,1241.9710526315785,1950.0,-879.6184210526316,-819.4276315789474
3999,2201.684210526316,473.0526315789474,-449.57894736842104,475.0,-559.6631578947369,180.0,100.84210526315792,1201.6842105263158,1950.0,-842.3157894736842,-763.4736842105262
4000,2076.5684210526315,387.3947368421052,-480.8578947368421,475.0,-584.6863157894737,180.0,38.284210526315746,1076.5684210526315,1950.0,-870.8684210526316,-806.3026315789474
