replica,taxa_pedidos_checkout_dia,taxa_linhas_tarif_pap_inf_dia,taxa_linhas_tarif_pap_sup_dia,taxa_pedidos_pap_dia,taxa_pedidos_colmeia_dia,vol_mes_pedidos_checkout,vol_mes_linhas_tarif_pap_inf,receita_alt2_inf,receita_alt3_inf,cobertura_alt2_inf,cobertura_alt3_inf
1,50.0,74.42105263157895,74.42105263157895,37.421052631578945,54.578947368421055,1050.0,1562.842105263158,390.7105263157895,2175.7105263157896,0.0662221231043711,0.368764495985727
2,53.526315789473685,76.57894736842105,76.57894736842105,37.0,67.73684210526316,1124.0526315789473,1608.157894736842,402.0394736842105,2312.9289473684207,0.06814228367528992,0.392021855486173
3,53.10526315789474,72.73684210526316,72.73684210526316,36.73684210526316,53.68421052631579,1115.2105263157896,1527.4736842105265,381.8684210526316,2277.726315789474,0.06472346119536129,0.3860553077609278
4,54.8421052631579,75.42105263157895,75.42105263157895,35.526315789473685,60.78947368421053,1151.6842105263158,1583.842105263158,395.9605263157895,2353.823684210526,0.06711195361284568,0.39895316681534343
5,54.26315789473684,76.63157894736842,76.63157894736842,39.578947368421055,58.05263157894737,1139.5263157894738,1609.2631578947369,402.3157894736842,2339.51052631579,0.06818911685994648,0.39652720785013384
6,51.36842105263158,75.21052631578948,75.21052631578948,38.10526315789474,66.3157894736842,1078.7368421052631,1579.4210526315792,394.8552631578948,2228.707894736842,0.06692462087421945,0.37774710080285456
7,57.473684210526315,76.47368421052632,76.47368421052632,39.05263157894737,64.57894736842105,1206.9473684210527,1605.9473684210527,401.4868421052632,2453.297368421053,0.0680486173059768,0.4158131132917039
8,53.21052631578947,65.42105263157895,65.42105263157895,33.63157894736842,60.10526315789474,1117.421052631579,1373.842105263158,343.4605263157895,2243.0763157894735,0.05821364852809991,0.3801824264049955
9,44.94736842105263,79.21052631578948,79.21052631578948,39.8421052631579,54.526315789473685,943.8947368421052,1663.4210526315792,415.8552631578948,2020.4763157894736,0.07048394290811776,0.3424536128456735
10,46.89473684210526,81.36842105263158,81.36842105263158,41.0,55.526315789473685,984.7894736842104,1708.7368421052631,427.1842105263158,2101.3263157894735,0.07240410347903657,0.35615700267618194
11,51.1578947368421,68.47368421052632,68.47368421052632,35.1578947368421,51.31578947368421,1074.3157894736842,1437.9473684210527,359.4868421052632,2185.823684210526,0.0609299732381802,0.370478590544157
12,48.578947368421055,76.52631578947368,76.52631578947368,38.78947368421053,58.21052631578947,1020.1578947368422,1607.0526315789473,401.7631578947368,2136.0315789473684,0.06809545049063336,0.3620392506690455
13,48.21052631578947,80.78947368421052,80.78947368421052,41.578947368421055,62.26315789473684,1012.421052631579,1696.5789473684208,424.1447368421052,2145.2605263157893,0.07188893844781444,0.3636034790365745
14,50.78947368421053,82.52631578947368,82.52631578947368,41.68421052631579,57.68421052631579,1066.578947368421,1733.0526315789473,433.2631578947368,2246.4473684210525,0.07343443354148081,0.3807537912578055
15,56.10526315789474,76.78947368421052,76.78947368421052,37.578947368421055,70.36842105263158,1178.2105263157896,1612.5789473684208,403.1447368421052,2406.1026315789477,0.06832961641391613,0.407814005352364
16,49.473684210526315,68.0,68.0,36.36842105263158,54.8421052631579,1038.9473684210527,1428.0,357.0,2123.2105263157896,0.06050847457627118,0.35986619090098126
17,46.473684210526315,83.47368421052632,83.47368421052632,41.0,53.21052631578947,975.9473684210526,1752.9473684210527,438.2368421052632,2097.3473684210526,0.07427743086529884,0.35548260481712757
18,56.421052631578945,76.73684210526316,76.73684210526316,37.68421052631579,70.15789473684211,1184.842105263158,1611.4736842105265,402.8684210526316,2417.1,0.0682827832292596,0.4096779661016949
19,55.63157894736842,65.94736842105263,65.94736842105263,31.94736842105263,66.3157894736842,1168.2631578947369,1384.8947368421052,346.2236842105263,2332.271052631579,0.058681980374665474,0.39530017841213205
20,48.73684210526316,81.26315789473684,81.26315789473684,41.0,54.0,1023.4736842105264,1706.5263157894735,426.6315789473684,2166.536842105263,0.07231043710972346,0.3672096342551293
21,46.526315789473685,75.89473684210526,75.89473684210526,36.94736842105263,55.0,977.0526315789474,1593.7894736842104,398.4473684210526,2059.436842105263,0.06753345227475469,0.349057091882248
22,48.578947368421055,68.36842105263158,68.36842105263158,32.21052631578947,56.26315789473684,1020.1578947368422,1435.7368421052631,358.9342105263158,2093.2026315789476,0.06083630686886708,0.35478010704727925
23,50.94736842105263,75.57894736842105,75.57894736842105,37.31578947368421,58.78947368421053,1069.8947368421052,1587.157894736842,396.7894736842105,2215.6105263157892,0.06725245316681534,0.37552720785013377
24,51.526315789473685,64.26315789473684,64.26315789473684,32.26315789473684,63.26315789473684,1082.0526315789473,1349.5263157894735,337.3815789473684,2176.8710526315786,0.05718331846565566,0.3689611953612845
25,57.21052631578947,70.84210526315789,70.84210526315789,33.73684210526316,65.42105263157895,1201.421052631579,1487.6842105263156,371.9210526315789,2414.336842105263,0.06303746654772524,0.4092096342551293
26,59.26315789473684,71.42105263157895,71.42105263157895,36.36842105263158,64.42105263157895,1244.5263157894738,1499.842105263158,374.9605263157895,2490.6552631578948,0.06355263157894737,0.4221449598572703
27,50.78947368421053,81.05263157894737,81.05263157894737,40.94736842105263,61.473684210526315,1066.578947368421,1702.1052631578948,425.5263157894737,2238.710526315789,0.07212310437109724,0.3794424620874219
28,53.36842105263158,74.3157894736842,74.3157894736842,38.473684210526315,59.89473684210526,1120.7368421052631,1560.6315789473683,390.1578947368421,2295.4105263157894,0.06612845673505797,0.38905263157894737
29,55.578947368421055,72.84210526315789,72.84210526315789,34.526315789473685,60.36842105263158,1167.157894736842,1529.6842105263156,382.4210526315789,2366.58947368421,0.06481712756467439,0.4011168599464763
30,50.10526315789474,77.6842105263158,77.6842105263158,39.36842105263158,55.68421052631579,1052.2105263157896,1631.3684210526317,407.8421052631579,2196.6000000000004,0.06912578055307761,0.3723050847457628
31,50.21052631578947,68.89473684210526,68.89473684210526,36.0,64.42105263157895,1054.421052631579,1446.7894736842104,361.6973684210526,2154.213157894737,0.061304638715432645,0.36512087421944694
32,54.8421052631579,70.89473684210526,70.89473684210526,36.1578947368421,67.05263157894737,1151.6842105263158,1488.7894736842104,372.1973684210526,2330.0605263157895,0.06308429973238179,0.3949255129348796
33,46.421052631578945,71.84210526315789,71.84210526315789,35.94736842105263,56.94736842105263,974.8421052631578,1508.6842105263156,377.1710526315789,2034.4026315789472,0.06392729705619982,0.34481400535236395
34,49.8421052631579,86.36842105263158,86.36842105263158,43.26315789473684,59.78947368421053,1046.6842105263158,1813.7368421052631,453.4342105263158,2232.7973684210524,0.07685325602140945,0.3784402319357716
35,50.36842105263158,70.63157894736842,70.63157894736842,35.73684210526316,58.36842105263158,1057.7368421052631,1483.2631578947369,370.8157894736842,2168.9684210526316,0.06285013380909903,0.36762176628010707
36,45.68421052631579,81.73684210526316,81.73684210526316,41.63157894736842,52.10526315789474,959.3684210526316,1716.4736842105265,429.1184210526316,2060.044736842105,0.07273193577163248,0.3491601248884924
37,54.526315789473685,75.89473684210526,75.89473684210526,38.31578947368421,62.78947368421053,1145.0526315789473,1593.7894736842104,398.4473684210526,2345.036842105263,0.06753345227475469,0.3974638715432649
38,63.36842105263158,79.47368421052632,79.47368421052632,40.05263157894737,73.0,1330.7368421052631,1668.9473684210527,417.2368421052632,2679.4894736842107,0.07071810883140053,0.45415075825156115
39,52.68421052631579,73.73684210526316,73.73684210526316,35.78947368421053,66.63157894736842,1106.3684210526314,1548.4736842105265,387.1184210526316,2267.944736842105,0.06561329170383587,0.38439741302408564
40,54.21052631578947,87.6842105263158,87.6842105263158,43.473684210526315,62.31578947368421,1138.421052631579,1841.3684210526317,460.3421052631579,2395.657894736842,0.07802408563782337,0.4060437109723461
41,50.578947368421055,71.21052631578948,71.21052631578948,35.78947368421053,58.421052631578945,1062.157894736842,1495.4210526315792,373.8552631578948,2179.523684210526,0.06336529884032115,0.36941079393398746
42,54.578947368421055,66.94736842105263,66.94736842105263,34.36842105263158,61.10526315789474,1146.157894736842,1405.8947368421052,351.4736842105263,2299.942105263158,0.05957181088314005,0.3898206958073149
43,49.73684210526316,81.15789473684211,81.15789473684211,41.63157894736842,57.473684210526315,1044.4736842105262,1704.3157894736844,426.0789473684211,2201.684210526316,0.07221677074041036,0.37316681534344337
44,56.36842105263158,77.6842105263158,77.6842105263158,38.526315789473685,68.94736842105263,1183.7368421052631,1631.3684210526317,407.8421052631579,2420.194736842105,0.06912578055307761,0.41020249776984835
45,50.26315789473684,73.0,73.0,37.1578947368421,58.578947368421055,1055.5263157894738,1533.0,383.25,2177.6447368421054,0.06495762711864407,0.36909232827832295
46,53.78947368421053,76.42105263157895,76.42105263157895,39.21052631578947,55.05263157894737,1129.578947368421,1604.842105263158,401.2105263157895,2321.4947368421053,0.06800178412132026,0.3934736842105263
47,53.31578947368421,77.78947368421052,77.78947368421052,39.473684210526315,64.63157894736842,1119.6315789473686,1633.5789473684208,408.3947368421052,2311.7684210526318,0.06921944692239071,0.3918251561106156
48,57.21052631578947,64.63157894736842,64.63157894736842,32.0,63.05263157894737,1201.421052631579,1357.2631578947369,339.3157894736842,2381.7315789473682,0.05751115075825156,0.40368331846565564
49,53.526315789473685,69.3157894736842,69.3157894736842,35.36842105263158,65.21052631578948,1124.0526315789473,1455.6315789473683,363.9078947368421,2274.7973684210524,0.0616793041926851,0.3855588760035682
50,46.78947368421053,79.26315789473684,79.26315789473684,38.8421052631579,51.10526315789474,982.578947368421,1664.5263157894735,416.1315789473684,2086.515789473684,0.0705307760927743,0.3536467439785905
51,48.26315789473684,84.15789473684211,84.15789473684211,43.05263157894737,56.473684210526315,1013.5263157894736,1767.3157894736844,441.8289473684211,2164.823684210526,0.07488626226583409,0.3669192685102587
52,47.8421052631579,76.78947368421052,76.78947368421052,38.73684210526316,50.10526315789474,1004.6842105263158,1612.5789473684208,403.1447368421052,2111.1078947368424,0.06832961641391613,0.35781489741302414
53,57.05263157894737,76.57894736842105,76.57894736842105,38.526315789473685,61.578947368421055,1198.1052631578948,1608.157894736842,402.0394736842105,2438.8184210526315,0.06814228367528992,0.41335905441570026
54,52.0,68.73684210526316,68.73684210526316,36.21052631578947,59.1578947368421,1092.0,1443.4736842105265,360.8684210526316,2217.2684210526313,0.06116413916146299,0.3758082069580731
55,46.36842105263158,75.05263157894737,75.05263157894737,36.73684210526316,52.36842105263158,973.7368421052632,1576.1052631578948,394.0263157894737,2049.378947368421,0.06678412132024977,0.3473523639607493
56,54.578947368421055,68.42105263157895,68.42105263157895,35.578947368421055,59.21052631578947,1146.157894736842,1436.842105263158,359.2105263157895,2307.678947368421,0.06088314005352364,0.3911320249776985
57,53.421052631578945,83.3157894736842,83.3157894736842,42.31578947368421,60.68421052631579,1121.842105263158,1749.6315789473683,437.4078947368421,2344.5394736842104,0.07413693131132916,0.3973795718108831
58,53.78947368421053,73.89473684210526,73.89473684210526,36.78947368421053,59.21052631578947,1129.578947368421,1551.7894736842104,387.9473684210526,2308.2315789473682,0.06575379125780552,0.3912256913470116
59,50.63157894736842,74.3157894736842,74.3157894736842,38.1578947368421,55.578947368421055,1063.2631578947369,1560.6315789473683,390.1578947368421,2197.7052631578945,0.06612845673505797,0.3724924174843889
60,51.89473684210526,67.89473684210526,67.89473684210526,34.8421052631579,60.10526315789474,1089.7894736842104,1425.7894736842104,356.4473684210526,2209.08947368421,0.06041480820695807,0.374421944692239
61,47.89473684210526,75.10526315789474,75.10526315789474,39.21052631578947,59.63157894736842,1005.7894736842104,1577.2105263157896,394.3026315789474,2104.144736842105,0.06683095450490634,0.3566347011596788
62,50.31578947368421,78.21052631578948,78.21052631578948,40.63157894736842,59.94736842105263,1056.6315789473686,1642.4210526315792,410.6052631578948,2206.878947368421,0.06959411239964318,0.3740472792149866
63,53.36842105263158,77.36842105263158,77.36842105263158,37.526315789473685,67.57894736842105,1120.7368421052631,1624.7368421052631,406.1842105263158,2311.436842105263,0.06884478144513827,0.39176895628902764
64,51.94736842105263,71.94736842105263,71.94736842105263,35.0,59.473684210526315,1090.8947368421052,1510.8947368421052,377.7236842105263,2232.2447368421053,0.06402096342551293,0.3783465655664585
65,55.73684210526316,75.89473684210526,75.89473684210526,37.36842105263158,61.526315789473685,1170.4736842105262,1593.7894736842104,398.4473684210526,2388.2526315789473,0.06753345227475469,0.4047885816235504
66,54.63157894736842,82.3157894736842,82.3157894736842,39.73684210526316,62.473684210526315,1147.2631578947369,1728.6315789473683,432.1578947368421,2382.5052631578947,0.07324710080285458,0.403814451382694
67,52.68421052631579,82.42105263157895,82.42105263157895,43.05263157894737,65.52631578947368,1106.3684210526314,1730.842105263158,432.7105263157895,2313.536842105263,0.07334076717216771,0.39212488849241744
68,49.0,81.05263157894737,81.05263157894737,41.73684210526316,62.10526315789474,1029.0,1702.1052631578948,425.5263157894737,2174.8263157894735,0.07212310437109724,0.368614629794826
69,51.78947368421053,80.52631578947368,80.52631578947368,41.94736842105263,55.473684210526315,1087.578947368421,1691.0526315789473,422.7631578947368,2271.6473684210523,0.07165477252453166,0.38502497769848343
70,52.68421052631579,76.89473684210526,76.89473684210526,37.63157894736842,69.57894736842105,1106.3684210526314,1614.7894736842104,403.6973684210526,2284.523684210526,0.06842328278322926,0.387207404103479
71,51.21052631578947,79.84210526315789,79.84210526315789,39.73684210526316,56.63157894736842,1075.421052631579,1676.6842105263156,419.1710526315789,2247.386842105263,0.07104594112399643,0.3809130240856378
72,54.78947368421053,74.52631578947368,74.52631578947368,37.63157894736842,60.31578947368421,1150.578947368421,1565.0526315789473,391.2631578947368,2347.2473684210527,0.0663157894736842,0.3978385370205174
73,51.473684210526315,65.78947368421052,65.78947368421052,31.789473684210527,64.52631578947368,1080.9473684210527,1381.5789473684208,345.3947368421052,2183.0052631578947,0.058541480820695796,0.3700008920606601
74,53.05263157894737,77.05263157894737,77.05263157894737,40.1578947368421,56.473684210526315,1114.1052631578948,1618.1052631578948,404.5263157894737,2298.5052631578947,0.06856378233719893,0.3895771632471008
75,53.0,71.57894736842105,71.57894736842105,35.94736842105263,64.15789473684211,1113.0,1503.157894736842,375.7894736842105,2267.8894736842103,0.06369313113291704,0.3843880463871543
76,48.526315789473685,79.05263157894737,79.05263157894737,38.05263157894737,61.36842105263158,1019.0526315789474,1660.1052631578948,415.0263157894737,2147.415789473684,0.07034344335414809,0.36396877787689563
77,47.05263157894737,82.6842105263158,82.6842105263158,42.473684210526315,57.1578947368421,988.1052631578948,1736.3684210526317,434.0921052631579,2113.871052631579,0.07357493309545049,0.35828322925958966
78,60.21052631578947,64.57894736842105,64.57894736842105,30.736842105263158,69.57894736842105,1264.421052631579,1356.157894736842,339.0394736842105,2488.5552631578944,0.057464317573595006,0.4217890276538804
79,53.26315789473684,72.0,72.0,36.68421052631579,65.47368421052632,1118.5263157894738,1512.0,378.0,2279.4947368421053,0.0640677966101695,0.3863550401427297
80,48.78947368421053,75.05263157894737,75.05263157894737,38.473684210526315,53.31578947368421,1024.578947368421,1576.1052631578948,394.0263157894737,2135.8105263157895,0.06678412132024977,0.3620017841213203
81,52.94736842105263,74.52631578947368,74.52631578947368,36.63157894736842,65.78947368421052,1111.8947368421052,1565.0526315789473,391.2631578947368,2281.4842105263156,0.0663157894736842,0.38669223907225686
82,49.473684210526315,80.84210526315789,80.84210526315789,40.89473684210526,65.94736842105263,1038.9473684210527,1697.6842105263156,424.4210526315789,2190.6315789473683,0.071935771632471,0.3712934879571811
83,49.10526315789474,78.47368421052632,78.47368421052632,39.473684210526315,58.21052631578947,1031.2105263157896,1647.9473684210527,411.9868421052632,2165.0447368421055,0.06982827832292596,0.366956735057984
84,49.31578947368421,82.78947368421052,82.78947368421052,42.26315789473684,62.10526315789474,1035.6315789473686,1738.5789473684208,434.6447368421052,2195.2184210526316,0.07366859946476359,0.37207091882247995
85,56.89473684210526,62.05263157894737,62.05263157894737,30.42105263157895,62.89473684210526,1194.7894736842104,1303.1052631578948,325.7763157894737,2356.9184210526314,0.05521632471008029,0.39947769848349685
86,48.526315789473685,83.21052631578948,83.21052631578948,43.473684210526315,48.10526315789474,1019.0526315789474,1747.4210526315792,436.8552631578948,2169.2447368421053,0.07404326494201607,0.3676685994647636
87,52.578947368421055,77.78947368421052,77.78947368421052,39.31578947368421,56.89473684210526,1104.157894736842,1633.5789473684208,408.3947368421052,2285.4631578947365,0.06921944692239071,0.3873666369313113
88,50.1578947368421,78.21052631578948,78.21052631578948,39.68421052631579,53.21052631578947,1053.3157894736842,1642.4210526315792,410.6052631578948,2201.242105263158,0.06959411239964318,0.3730918822479929
89,46.31578947368421,72.15789473684211,72.15789473684211,36.473684210526315,58.78947368421053,972.6315789473684,1515.3157894736844,378.8289473684211,2032.3026315789473,0.06420829616413917,0.34445807314897414
90,53.26315789473684,74.42105263157895,74.42105263157895,37.73684210526316,63.36842105263158,1118.5263157894738,1562.842105263158,390.7105263157895,2292.205263157895,0.0662221231043711,0.38850936663693136
91,55.1578947368421,79.42105263157895,79.42105263157895,39.0,62.1578947368421,1158.3157894736842,1667.842105263158,416.9605263157895,2386.0973684210526,0.07067127564674398,0.40442328278322925
92,44.78947368421053,86.84210526315789,86.84210526315789,45.0,53.89473684210526,940.578947368421,1823.6842105263156,455.9210526315789,2054.9052631578948,0.07727475468331846,0.3482890276538805
93,50.421052631578945,86.57894736842105,86.57894736842105,43.78947368421053,56.68421052631579,1058.842105263158,1818.157894736842,454.5394736842105,2254.571052631579,0.07704058876003568,0.38213068688670826
94,51.26315789473684,77.89473684210526,77.89473684210526,38.21052631578947,61.473684210526315,1076.5263157894738,1635.7894736842104,408.9473684210526,2239.0421052631577,0.06931311329170384,0.37949866190900977
95,48.36842105263158,80.05263157894737,80.05263157894737,41.473684210526315,58.68421052631579,1015.7368421052632,1681.1052631578948,420.2763157894737,2147.028947368421,0.07123327386262267,0.36390321141837645
96,50.73684210526316,85.73684210526316,85.73684210526316,43.36842105263158,56.21052631578947,1065.4736842105262,1800.4736842105265,450.1184210526316,2261.423684210526,0.07629125780553078,0.38329214986619087
97,48.78947368421053,69.73684210526316,69.73684210526316,35.68421052631579,54.31578947368421,1024.578947368421,1464.4736842105265,366.1184210526316,2107.9026315789474,0.062053969669937564,0.357271632471008
98,51.78947368421053,67.63157894736842,67.63157894736842,34.68421052631579,57.94736842105263,1087.578947368421,1420.2631578947369,355.0657894736842,2203.95,0.06018064228367529,0.37355084745762707
99,53.526315789473685,67.0,67.0,34.31578947368421,58.26315789473684,1124.0526315789473,1407.0,351.75,2262.6394736842103,0.05961864406779661,0.3834982158786797
100,57.473684210526315,76.05263157894737,76.05263157894737,37.26315789473684,73.57894736842105,1206.9473684210527,1597.1052631578948,399.2763157894737,2451.0868421052633,0.06767395182872435,0.4154384478144514
101,54.36842105263158,74.21052631578948,74.21052631578948,37.10526315789474,61.63157894736842,1141.7368421052631,1558.4210526315792,389.6052631578948,2330.557894736842,0.06603479036574487,0.3950098126672614
102,53.526315789473685,76.6842105263158,76.6842105263158,37.63157894736842,69.05263157894737,1124.0526315789473,1610.3684210526317,402.5921052631579,2313.4815789473682,0.06823595004460303,0.39211552185548615
103,57.36842105263158,70.42105263157895,70.42105263157895,35.578947368421055,63.68421052631579,1204.7368421052631,1478.842105263158,369.7105263157895,2417.7631578947367,0.0626628010704728,0.4097903657448706
104,58.05263157894737,69.6842105263158,69.6842105263158,35.36842105263158,64.52631578947368,1219.1052631578948,1463.3684210526317,365.8421052631579,2438.321052631579,0.062007136485281,0.4132747546833184
105,55.10526315789474,75.63157894736842,75.63157894736842,37.21052631578947,68.21052631578948,1157.2105263157896,1588.2631578947369,397.0657894736842,2364.3236842105266,0.06729928635147191,0.40073282783229264
106,53.10526315789474,81.3157894736842,81.3157894736842,41.78947368421053,61.94736842105263,1115.2105263157896,1707.6315789473683,426.9078947368421,2322.7657894736844,0.07235727029438001,0.3936891168599465
107,54.05263157894737,78.21052631578948,78.21052631578948,38.89473684210526,56.94736842105263,1135.1052631578948,1642.4210526315792,410.6052631578948,2340.284210526316,0.06959411239964318,0.3966583407671722
108,49.526315789473685,78.05263157894737,78.05263157894737,38.89473684210526,61.78947368421053,1040.0526315789473,1639.1052631578948,409.7763157894737,2177.865789473684,0.06945361284567352,0.36912979482604813
109,55.0,66.57894736842105,66.57894736842105,33.0,60.36842105263158,1155.0,1398.157894736842,349.5394736842105,2313.0394736842104,0.05924397859054416,0.39204058876003567
110,51.05263157894737,84.0,84.0,43.421052631578945,58.0,1072.1052631578948,1764.0,441.0,2263.578947368421,0.07474576271186441,0.383657448706512
111,50.31578947368421,86.89473684210526,86.89473684210526,42.63157894736842,56.05263157894737,1056.6315789473686,1824.7894736842104,456.1973684210526,2252.471052631579,0.07732158786797502,0.38177475468331845
112,48.10526315789474,72.57894736842105,72.57894736842105,35.8421052631579,57.78947368421053,1010.2105263157896,1524.157894736842,381.0394736842105,2098.3973684210528,0.06458296164139161,0.3556605709188225
113,50.78947368421053,74.26315789473684,74.26315789473684,37.421052631578945,55.526315789473685,1066.578947368421,1559.5263157894735,389.8815789473684,2203.065789473684,0.06608162355040142,0.3734009812667261
114,57.31578947368421,83.47368421052632,83.47368421052632,40.31578947368421,71.84210526315789,1203.6315789473686,1752.9473684210527,438.2368421052632,2484.41052631579,0.07427743086529884,0.42108652988403217
115,50.10526315789474,86.0,86.0,43.578947368421055,60.1578947368421,1052.2105263157896,1806.0,451.5,2240.257894736842,0.07652542372881356,0.3797047279214986
116,54.578947368421055,71.3157894736842,71.3157894736842,36.63157894736842,73.0,1146.157894736842,1497.6315789473683,374.4078947368421,2322.8763157894737,0.06345896520963425,0.3937078501338091
117,52.578947368421055,78.73684210526316,78.73684210526316,38.68421052631579,65.36842105263158,1104.157894736842,1653.4736842105265,413.3684210526316,2290.436842105263,0.07006244424620875,0.38820963425512933
118,52.8421052631579,77.57894736842105,77.57894736842105,37.578947368421055,58.78947368421053,1109.6842105263158,1629.157894736842,407.2894736842105,2293.7526315789473,0.0690321141837645,0.38877163247100804
119,48.578947368421055,74.6842105263158,74.6842105263158,38.1578947368421,55.8421052631579,1020.1578947368422,1568.3684210526317,392.0921052631579,2126.3605263157897,0.06645628902765388,0.36040008920606603
120,53.73684210526316,86.0,86.0,43.1578947368421,67.21052631578948,1128.4736842105262,1806.0,451.5,2369.9052631578943,0.07652542372881356,0.401678858162355
121,51.526315789473685,75.42105263157895,75.42105263157895,38.78947368421053,55.8421052631579,1082.0526315789473,1583.842105263158,395.9605263157895,2235.45,0.06711195361284568,0.3788898305084745
122,46.526315789473685,80.84210526315789,80.84210526315789,41.10526315789474,55.421052631578945,977.0526315789474,1697.6842105263156,424.4210526315789,2085.4105263157894,0.071935771632471,0.3534594112399643
123,54.26315789473684,66.21052631578948,66.21052631578948,32.73684210526316,60.36842105263158,1139.5263157894738,1390.4210526315792,347.6052631578948,2284.8,0.05891614629794827,0.3872542372881356
124,55.36842105263158,84.0,84.0,39.36842105263158,68.6842105263158,1162.7368421052631,1764.0,441.0,2417.652631578947,0.07474576271186441,0.40977163247100795
125,59.8421052631579,73.94736842105263,73.94736842105263,34.68421052631579,70.42105263157895,1256.6842105263158,1552.8947368421052,388.2236842105263,2524.5868421052633,0.06580062444246208,0.42789607493309545
126,48.26315789473684,87.3157894736842,87.3157894736842,44.421052631578945,51.8421052631579,1013.5263157894736,1833.6315789473683,458.4078947368421,2181.402631578947,0.07769625334522746,0.369729259589652
127,55.578947368421055,79.94736842105263,79.94736842105263,39.94736842105263,64.42105263157895,1167.157894736842,1678.8947368421052,419.7236842105263,2403.8921052631576,0.07113960749330954,0.40743933987511144
128,56.94736842105263,75.21052631578948,75.21052631578948,37.421052631578945,63.89473684210526,1195.8947368421052,1579.4210526315792,394.8552631578948,2427.8763157894737,0.06692462087421945,0.4115044603033006
129,48.1578947368421,83.94736842105263,83.94736842105263,41.8421052631579,60.05263157894737,1011.3157894736842,1762.8947368421052,440.7236842105263,2159.9605263157896,0.07469892952720784,0.3660950044603033
130,54.473684210526315,77.42105263157895,77.42105263157895,39.1578947368421,64.26315789473684,1143.9473684210527,1625.842105263158,406.4605263157895,2351.171052631579,0.06889161462979483,0.39850356824264055
131,43.1578947368421,80.52631578947368,80.52631578947368,41.578947368421055,52.36842105263158,906.3157894736842,1691.0526315789473,422.7631578947368,1963.5,0.07165477252453166,0.3327966101694915
132,46.473684210526315,73.36842105263158,73.36842105263158,38.8421052631579,51.89473684210526,975.9473684210526,1540.7368421052631,385.1842105263158,2044.2947368421053,0.06528545941123996,0.3464906333630687
133,57.63157894736842,82.05263157894737,82.05263157894737,40.1578947368421,61.89473684210526,1210.2631578947369,1723.1052631578948,430.7763157894737,2488.2236842105262,0.07301293487957182,0.4217328278322926
134,56.78947368421053,70.05263157894737,70.05263157894737,35.21052631578947,66.42105263157895,1192.578947368421,1471.1052631578948,367.7763157894737,2395.1605263157894,0.0623349687778769,0.4059594112399643
135,48.8421052631579,74.84210526315789,74.84210526315789,38.0,61.36842105263158,1025.6842105263158,1571.6842105263156,392.9210526315789,2136.584210526316,0.06659678858162354,0.36213291703835865
136,52.421052631578945,68.84210526315789,68.84210526315789,33.26315789473684,61.73684210526316,1100.842105263158,1445.6842105263156,361.4210526315789,2232.8526315789472,0.06125780553077609,0.37844959857270294
137,49.05263157894737,87.10526315789474,87.10526315789474,44.31578947368421,59.73684210526316,1030.1052631578948,1829.2105263157896,457.3026315789474,2208.4815789473687,0.07750892060660125,0.3743189116859947
138,48.473684210526315,73.21052631578948,73.21052631578948,37.73684210526316,58.78947368421053,1017.9473684210526,1537.4210526315792,384.3552631578948,2114.8657894736843,0.0651449598572703,0.35845182872435327
139,53.26315789473684,79.05263157894737,79.05263157894737,39.1578947368421,59.526315789473685,1118.5263157894738,1660.1052631578948,415.0263157894737,2316.521052631579,0.07034344335414809,0.3926306868867083
140,50.63157894736842,72.94736842105263,72.94736842105263,37.10526315789474,53.31578947368421,1063.2631578947369,1531.8947368421052,382.9736842105263,2190.521052631579,0.0649107939339875,0.3712747546833185
141,60.68421052631579,66.89473684210526,66.89473684210526,32.0,74.89473684210526,1274.3684210526314,1404.7894736842104,351.1973684210526,2517.623684210526,0.05952497769848349,0.42671587867975014
142,53.421052631578945,72.47368421052632,72.47368421052632,36.473684210526315,62.473684210526315,1121.842105263158,1521.9473684210527,380.4868421052632,2287.6184210526317,0.0644892952720785,0.3877319357716325
143,54.63157894736842,85.3157894736842,85.3157894736842,42.8421052631579,68.42105263157895,1147.2631578947369,1791.6315789473683,447.9078947368421,2398.2552631578947,0.07591659232827831,0.40648394290811773
144,61.10526315789474,75.57894736842105,75.57894736842105,36.31578947368421,69.47368421052632,1283.2105263157896,1587.157894736842,396.7894736842105,2578.2473684210527,0.06725245316681534,0.43699107939339876
145,61.473684210526315,71.63157894736842,71.63157894736842,34.89473684210526,70.78947368421052,1290.9473684210527,1504.2631578947369,376.0657894736842,2570.676315789474,0.0637399643175736,0.43570785013380914
146,45.36842105263158,78.3157894736842,78.3157894736842,40.578947368421055,49.526315789473685,952.7368421052632,1644.6315789473683,411.1578947368421,2030.8105263157895,0.06968777876895628,0.3442051739518287
147,54.10526315789474,64.47368421052632,64.47368421052632,32.73684210526316,61.0,1136.2105263157896,1353.9473684210527,338.4868421052632,2270.0447368421055,0.05737065120428189,0.3847533452274755
148,52.0,73.89473684210526,73.89473684210526,38.10526315789474,59.31578947368421,1092.0,1551.7894736842104,387.9473684210526,2244.3473684210526,0.06575379125780552,0.3803978590544157
149,53.578947368421055,71.3157894736842,71.3157894736842,36.0,62.94736842105263,1125.157894736842,1497.6315789473683,374.4078947368421,2287.176315789474,0.06345896520963425,0.387657002676182
150,49.21052631578947,85.63157894736842,85.63157894736842,45.26315789473684,52.8421052631579,1033.421052631579,1798.2631578947369,449.5657894736842,2206.3815789473683,0.07619759143621767,0.3739629794826048
151,52.05263157894737,81.89473684210526,81.89473684210526,40.78947368421053,53.473684210526315,1093.1052631578948,1719.7894736842104,429.9473684210526,2288.2263157894736,0.07287243532560214,0.3878349687778769
152,51.73684210526316,68.94736842105263,68.94736842105263,33.68421052631579,59.26315789473684,1086.4736842105262,1447.8947368421052,361.9736842105263,2208.978947368421,0.0613514719000892,0.3744032114183764
153,48.68421052631579,86.78947368421052,86.78947368421052,43.63157894736842,61.578947368421055,1022.3684210526316,1822.5789473684208,455.6447368421052,2193.6710526315787,0.0772279214986619,0.37180865298840315
154,56.8421052631579,65.26315789473684,65.26315789473684,30.842105263157894,68.36842105263158,1193.6842105263158,1370.5263157894735,342.6315789473684,2371.8947368421054,0.05807314897413023,0.40201605709188226
155,53.94736842105263,70.57894736842105,70.57894736842105,36.05263157894737,58.10526315789474,1132.8947368421052,1482.157894736842,370.5394736842105,2296.460526315789,0.06280330062444246,0.3892305976806422
156,53.26315789473684,81.10526315789474,81.10526315789474,40.526315789473685,62.73684210526316,1118.5263157894738,1703.2105263157896,425.8026315789474,2327.297368421053,0.0721699375557538,0.39445718108831407
157,50.421052631578945,85.78947368421052,85.78947368421052,42.26315789473684,62.578947368421055,1058.842105263158,1801.5789473684208,450.3947368421052,2250.426315789474,0.07633809099018732,0.38142818911686
158,48.94736842105263,72.84210526315789,72.84210526315789,37.63157894736842,60.89473684210526,1027.8947368421052,1529.6842105263156,382.4210526315789,2129.8421052631575,0.06481712756467439,0.3609901873327386
159,51.1578947368421,77.10526315789474,77.10526315789474,39.473684210526315,60.05263157894737,1074.3157894736842,1619.2105263157896,404.8026315789474,2231.1394736842103,0.06861061552185549,0.37815923282783226
160,50.26315789473684,71.26315789473684,71.26315789473684,36.89473684210526,61.78947368421053,1055.5263157894738,1496.5263157894735,374.1315789473684,2168.5263157894738,0.0634121320249777,0.3675468331846566
161,56.63157894736842,66.05263157894737,66.05263157894737,33.473684210526315,60.31578947368421,1189.2631578947369,1387.1052631578948,346.7763157894737,2368.5236842105264,0.058775646743978595,0.40144469223907225
162,52.94736842105263,71.42105263157895,71.42105263157895,37.21052631578947,58.26315789473684,1111.8947368421052,1499.842105263158,374.9605263157895,2265.181578947368,0.06355263157894737,0.38392908117752
163,52.94736842105263,78.05263157894737,78.05263157894737,38.68421052631579,65.36842105263158,1111.8947368421052,1639.1052631578948,409.7763157894737,2299.997368421052,0.06945361284567352,0.3898300624442461
164,55.526315789473685,74.57894736842105,74.57894736842105,38.0,62.1578947368421,1166.0526315789473,1566.157894736842,391.5394736842105,2373.828947368421,0.06636262265834077,0.4023438893844781
165,55.63157894736842,68.0,68.0,32.473684210526315,61.73684210526316,1168.2631578947369,1428.0,357.0,2343.047368421053,0.06050847457627118,0.3971266726137378
166,56.473684210526315,77.05263157894737,77.05263157894737,38.63157894736842,62.526315789473685,1185.9473684210527,1618.1052631578948,404.5263157894737,2420.636842105263,0.06856378233719893,0.41027743086529883
167,52.26315789473684,77.05263157894737,77.05263157894737,36.63157894736842,58.473684210526315,1097.5263157894738,1618.1052631578948,404.5263157894737,2270.321052631579,0.06856378233719893,0.384800178412132
168,52.31578947368421,69.10526315789474,69.10526315789474,35.0,59.526315789473685,1098.6315789473686,1451.2105263157896,362.8026315789474,2230.476315789474,0.06149197145405888,0.3780468331846566
169,57.63157894736842,72.15789473684211,72.15789473684211,35.05263157894737,72.63157894736842,1210.2631578947369,1515.3157894736844,378.8289473684211,2436.2763157894738,0.06420829616413917,0.41292818911685997
170,53.8421052631579,73.73684210526316,73.73684210526316,36.63157894736842,66.73684210526316,1130.6842105263158,1548.4736842105265,387.1184210526316,2309.2815789473684,0.06561329170383587,0.39140365744870653
171,51.0,70.73684210526316,70.73684210526316,32.78947368421053,61.1578947368421,1071.0,1485.4736842105265,371.3684210526316,2192.0684210526315,0.06294380017841214,0.3715370205173952
172,52.36842105263158,73.57894736842105,73.57894736842105,38.63157894736842,56.8421052631579,1099.7368421052631,1545.157894736842,386.2894736842105,2255.842105263158,0.06547279214986619,0.38234611953612846
173,48.89473684210526,84.0,84.0,40.63157894736842,55.63157894736842,1026.7894736842104,1764.0,441.0,2186.5421052631577,0.07474576271186441,0.370600356824264
174,50.89473684210526,73.78947368421052,73.78947368421052,37.36842105263158,59.78947368421053,1068.7894736842104,1549.5789473684208,387.3947368421052,2204.336842105263,0.0656601248884924,0.37361641391614625
175,43.10526315789474,84.3157894736842,84.3157894736842,42.78947368421053,49.0,905.2105263157896,1770.6315789473683,442.6578947368421,1981.5157894736844,0.07502676181980374,0.33585013380909906
176,46.421052631578945,77.10526315789474,77.10526315789474,39.421052631578945,53.68421052631579,974.8421052631578,1619.2105263157896,404.8026315789474,2062.0342105263157,0.06861061552185549,0.3494973238180196
177,44.73684210526316,77.3157894736842,77.3157894736842,39.31578947368421,58.31578947368421,939.4736842105264,1623.6315789473683,405.9078947368421,2003.0131578947369,0.0687979482604817,0.33949375557537914
178,47.73684210526316,72.10526315789474,72.10526315789474,37.1578947368421,55.68421052631579,1002.4736842105264,1514.2105263157896,378.5526315789474,2082.757894736842,0.06416146297948261,0.35300981266726134
179,52.8421052631579,77.63157894736842,77.63157894736842,36.89473684210526,56.21052631578947,1109.6842105263158,1630.2631578947369,407.5657894736842,2294.028947368421,0.06907894736842106,0.3888184656556646
180,48.73684210526316,74.05263157894737,74.05263157894737,38.1578947368421,54.0,1023.4736842105264,1555.1052631578948,388.7763157894737,2128.6815789473685,0.0658942908117752,0.3607934879571811
181,54.526315789473685,76.15789473684211,76.15789473684211,39.05263157894737,67.6842105263158,1145.0526315789473,1599.3157894736844,399.8289473684211,2346.4184210526314,0.06776761819803748,0.3976980374665477
182,45.73684210526316,81.36842105263158,81.36842105263158,42.73684210526316,53.89473684210526,960.4736842105264,1708.7368421052631,427.1842105263158,2059.9894736842107,0.07240410347903657,0.3491507582515611
183,49.10526315789474,67.05263157894737,67.05263157894737,33.578947368421055,64.52631578947368,1031.2105263157896,1408.1052631578948,352.0263157894737,2105.084210526316,0.05966547725245317,0.3567939339875112
184,46.94736842105263,79.89473684210526,79.89473684210526,40.526315789473685,49.0,985.8947368421052,1677.7894736842104,419.4473684210526,2095.4684210526316,0.07109277430865299,0.355164139161463
185,53.78947368421053,74.6842105263158,74.6842105263158,38.63157894736842,64.15789473684211,1129.578947368421,1568.3684210526317,392.0921052631579,2312.3763157894737,0.06645628902765388,0.39192818911685995
186,52.1578947368421,80.73684210526316,80.73684210526316,41.05263157894737,56.94736842105263,1095.3157894736842,1695.4736842105265,423.8684210526316,2285.9052631578948,0.0718421052631579,0.38744157002676183
187,56.78947368421053,86.42105263157895,86.42105263157895,42.73684210526316,61.10526315789474,1192.578947368421,1814.842105263158,453.7105263157895,2481.0947368421052,0.07690008920606602,0.42052453166815346
188,46.578947368421055,82.42105263157895,82.42105263157895,40.89473684210526,52.8421052631579,978.1578947368422,1730.842105263158,432.7105263157895,2095.5789473684213,0.07334076717216771,0.35518287243532565
189,56.421052631578945,65.10526315789474,65.10526315789474,30.68421052631579,67.21052631578948,1184.842105263158,1367.2105263157896,341.8026315789474,2356.0342105263157,0.057932649420160576,0.3993278322925959
190,51.421052631578945,80.3157894736842,80.3157894736842,38.68421052631579,65.94736842105263,1079.842105263158,1686.6315789473683,421.6578947368421,2257.3894736842103,0.07146743978590543,0.38260838537020514
191,52.1578947368421,77.26315789473684,77.26315789473684,39.68421052631579,62.21052631578947,1095.3157894736842,1622.5263157894735,405.6315789473684,2267.6684210526314,0.06875111507582515,0.38435057983942905
192,60.63157894736842,71.57894736842105,71.57894736842105,35.578947368421055,73.94736842105263,1273.2631578947369,1503.157894736842,375.7894736842105,2540.3368421052633,0.06369313113291704,0.4305655664585192
193,50.89473684210526,79.15789473684211,79.15789473684211,40.526315789473685,58.8421052631579,1068.7894736842104,1662.3157894736844,415.5789473684211,2232.5210526315786,0.0704371097234612,0.37839339875111505
194,50.73684210526316,80.21052631578948,80.21052631578948,41.78947368421053,57.78947368421053,1065.4736842105262,1684.4210526315792,421.1052631578948,2232.4105263157894,0.07137377341659233,0.37837466547725246
195,49.473684210526315,72.05263157894737,72.05263157894737,36.526315789473685,56.578947368421055,1038.9473684210527,1513.1052631578948,378.2763157894737,2144.4868421052633,0.06411462979482604,0.36347234611953616
196,48.36842105263158,74.36842105263158,74.36842105263158,37.526315789473685,54.05263157894737,1015.7368421052632,1561.7368421052631,390.4342105263158,2117.186842105263,0.06617528991971454,0.3588452274754683
197,49.473684210526315,82.6842105263158,82.6842105263158,40.473684210526315,61.0,1038.9473684210527,1736.3684210526317,434.0921052631579,2200.3026315789475,0.07357493309545049,0.3729326494201606
198,46.473684210526315,90.3157894736842,90.3157894736842,45.473684210526315,49.8421052631579,975.9473684210526,1896.6315789473683,474.1578947368421,2133.2684210526313,0.0803657448706512,0.3615709188224799
199,48.21052631578947,75.52631578947368,75.52631578947368,38.68421052631579,59.63157894736842,1012.421052631579,1586.0526315789473,396.5131578947368,2117.628947368421,0.06720561998215878,0.3589201605709188
200,48.26315789473684,78.57894736842105,78.57894736842105,38.94736842105263,55.10526315789474,1013.5263157894736,1650.157894736842,412.5394736842105,2135.5342105263157,0.06992194469223907,0.3619549509366637
201,54.26315789473684,75.0,75.0,39.31578947368421,61.473684210526315,1139.5263157894738,1575.0,393.75,2330.944736842105,0.06673728813559322,0.39507537912578056
202,48.8421052631579,89.05263157894737,89.05263157894737,43.473684210526315,55.94736842105263,1025.6842105263158,1870.1052631578948,467.5263157894737,2211.1894736842105,0.07924174843889385,0.3747778768956289
203,47.26315789473684,71.15789473684211,71.15789473684211,36.73684210526316,53.8421052631579,992.5263157894736,1494.3157894736844,373.5789473684211,2060.8736842105263,0.0633184656556646,0.34930062444246207
204,64.10526315789474,86.05263157894737,86.05263157894737,42.26315789473684,73.36842105263158,1346.2105263157896,1807.1052631578948,451.7763157894737,2740.334210526316,0.07657225691347012,0.4644634255129349
205,50.05263157894737,78.10526315789474,78.10526315789474,39.578947368421055,57.63157894736842,1051.1052631578948,1640.2105263157896,410.0526315789474,2196.9315789473685,0.06950044603033007,0.37236128456735057
206,48.73684210526316,74.05263157894737,74.05263157894737,37.421052631578945,51.473684210526315,1023.4736842105264,1555.1052631578948,388.7763157894737,2128.6815789473685,0.0658942908117752,0.3607934879571811
207,51.73684210526316,82.36842105263158,82.36842105263158,43.0,65.21052631578948,1086.4736842105262,1729.7368421052631,432.4342105263158,2279.4394736842105,0.07329393398751115,0.3863456735057984
208,51.0,71.05263157894737,71.05263157894737,37.31578947368421,59.89473684210526,1071.0,1492.1052631578948,373.0263157894737,2193.7263157894736,0.06322479928635147,0.3718180196253345
209,50.421052631578945,76.3157894736842,76.3157894736842,38.8421052631579,58.36842105263158,1058.842105263158,1602.6315789473683,400.6578947368421,2200.6894736842105,0.06790811775200713,0.37299821587867976
210,52.68421052631579,76.05263157894737,76.05263157894737,37.10526315789474,61.63157894736842,1106.3684210526314,1597.1052631578948,399.2763157894737,2280.1026315789472,0.06767395182872435,0.3864580731489741
211,55.10526315789474,79.89473684210526,79.89473684210526,40.63157894736842,62.21052631578947,1157.2105263157896,1677.7894736842104,419.4473684210526,2386.705263157895,0.07109277430865299,0.40452631578947373
212,53.26315789473684,76.36842105263158,76.36842105263158,37.89473684210526,69.73684210526316,1118.5263157894738,1603.7368421052631,400.9342105263158,2302.428947368421,0.06795495093666369,0.3902421944692239
213,50.21052631578947,71.21052631578948,71.21052631578948,35.526315789473685,56.36842105263158,1054.421052631579,1495.4210526315792,373.8552631578948,2166.371052631579,0.06336529884032115,0.3671815343443354
214,60.36842105263158,64.73684210526316,64.73684210526316,31.94736842105263,64.94736842105263,1267.7368421052631,1359.4736842105265,339.8684210526316,2495.021052631579,0.057604817127564684,0.4228849241748439
215,54.0,80.84210526315789,80.84210526315789,41.421052631578945,56.10526315789474,1134.0,1697.6842105263156,424.4210526315789,2352.221052631579,0.071935771632471,0.3986815343443354
216,47.8421052631579,80.89473684210526,80.89473684210526,42.36842105263158,55.21052631578947,1004.6842105263158,1698.7894736842104,424.6973684210526,2132.6605263157894,0.07198260481712757,0.3614678858162355
217,52.0,74.73684210526316,74.73684210526316,36.78947368421053,59.8421052631579,1092.0,1569.4736842105265,392.3684210526316,2248.7684210526313,0.06650312221231044,0.38114719000892056
218,48.526315789473685,77.42105263157895,77.42105263157895,39.10526315789474,57.26315789473684,1019.0526315789474,1625.842105263158,406.4605263157895,2138.85,0.06889161462979483,0.36251694915254234
219,61.8421052631579,71.73684210526316,71.73684210526316,34.8421052631579,73.42105263157895,1298.6842105263158,1506.4736842105265,376.6184210526316,2584.3815789473683,0.06383363068688672,0.4380307760927743
220,44.21052631578947,74.0,74.0,38.10526315789474,51.10526315789474,928.421052631579,1554.0,388.5,1966.8157894736842,0.06584745762711865,0.3333586083853702
221,53.05263157894737,75.6842105263158,75.6842105263158,36.526315789473685,60.1578947368421,1114.1052631578948,1589.3684210526317,397.3421052631579,2291.321052631579,0.06734611953612846,0.3883595004460303
222,49.8421052631579,79.26315789473684,79.26315789473684,39.73684210526316,60.421052631578945,1046.6842105263158,1664.5263157894735,416.1315789473684,2195.4947368421053,0.0705307760927743,0.3721177520071365
223,54.0,74.63157894736842,74.63157894736842,37.473684210526315,65.73684210526316,1134.0,1567.2631578947369,391.8157894736842,2319.6157894736843,0.06640945584299733,0.39315521855486174
224,58.94736842105263,72.57894736842105,72.57894736842105,35.63157894736842,63.89473684210526,1237.8947368421052,1524.157894736842,381.0394736842105,2485.460526315789,0.06458296164139161,0.42126449598572696
225,57.421052631578945,79.94736842105263,79.94736842105263,39.89473684210526,60.73684210526316,1205.842105263158,1678.8947368421052,419.7236842105263,2469.6552631578948,0.07113960749330954,0.418585637823372
226,57.31578947368421,70.6842105263158,70.6842105263158,35.68421052631579,65.52631578947368,1203.6315789473686,1484.3684210526317,371.0921052631579,2417.2657894736844,0.06289696699375558,0.4097060660124889
227,45.1578947368421,80.26315789473684,80.26315789473684,42.26315789473684,50.31578947368421,948.3157894736842,1685.5263157894735,421.3815789473684,2033.5184210526313,0.07142060660124888,0.34466413916146293
228,51.94736842105263,65.15789473684211,65.15789473684211,32.94736842105263,64.89473684210526,1090.8947368421052,1368.3157894736844,342.0789473684211,2196.6,0.05797948260481713,0.3723050847457627
229,55.36842105263158,69.3157894736842,69.3157894736842,33.26315789473684,58.63157894736842,1162.7368421052631,1455.6315789473683,363.9078947368421,2340.5605263157895,0.0616793041926851,0.39670517395182875
230,51.10526315789474,71.21052631578948,71.21052631578948,34.63157894736842,59.05263157894737,1073.2105263157896,1495.4210526315792,373.8552631578948,2198.313157894737,0.06336529884032115,0.37259545049063336
231,58.89473684210526,69.94736842105263,69.94736842105263,35.26315789473684,65.6842105263158,1236.7894736842104,1468.8947368421052,367.2236842105263,2469.765789473684,0.06224130240856378,0.4186043710972346
232,53.526315789473685,85.21052631578948,85.21052631578948,42.578947368421055,64.0,1124.0526315789473,1789.4210526315792,447.3552631578948,2358.2447368421053,0.07582292595896523,0.39970249776984834
233,52.21052631578947,75.84210526315789,75.84210526315789,37.0,59.1578947368421,1096.421052631579,1592.6842105263156,398.1710526315789,2262.086842105263,0.06748661909009812,0.3834045495093666
234,54.26315789473684,67.6842105263158,67.6842105263158,32.421052631578945,65.42105263157895,1139.5263157894738,1421.3684210526317,355.3421052631579,2292.5368421052635,0.06022747546833185,0.38856556645851925
235,50.78947368421053,69.94736842105263,69.94736842105263,35.31578947368421,65.05263157894737,1066.578947368421,1468.8947368421052,367.2236842105263,2180.407894736842,0.06224130240856378,0.3695606601248885
236,51.473684210526315,73.6842105263158,73.6842105263158,36.94736842105263,59.21052631578947,1080.9473684210527,1547.3684210526317,386.8421052631579,2224.452631578947,0.0655664585191793,0.3770258697591436
237,52.0,68.42105263157895,68.42105263157895,34.63157894736842,64.0,1092.0,1436.842105263158,359.2105263157895,2215.6105263157892,0.06088314005352364,0.37552720785013377
238,55.73684210526316,73.89473684210526,73.89473684210526,36.26315789473684,59.421052631578945,1170.4736842105262,1551.7894736842104,387.9473684210526,2377.7526315789473,0.06575379125780552,0.40300892060660126
239,45.05263157894737,87.3157894736842,87.3157894736842,42.1578947368421,52.8421052631579,946.1052631578948,1833.6315789473683,458.4078947368421,2066.7868421052635,0.07769625334522746,0.3503028545941125
240,55.36842105263158,81.36842105263158,81.36842105263158,41.0,67.47368421052632,1162.7368421052631,1708.7368421052631,427.1842105263158,2403.836842105263,0.07240410347903657,0.40742997323818014
241,51.473684210526315,82.10526315789474,82.10526315789474,41.26315789473684,60.1578947368421,1080.9473684210527,1724.2105263157896,431.0526315789474,2268.6631578947367,0.07305976806422837,0.38451917930419266
242,51.68421052631579,80.42105263157895,80.42105263157895,39.78947368421053,61.578947368421055,1085.3684210526314,1688.842105263158,422.2105263157895,2267.336842105263,0.07156110615521856,0.38429438001784116
243,51.8421052631579,62.89473684210526,62.89473684210526,30.94736842105263,67.6842105263158,1088.6842105263158,1320.7894736842104,330.1973684210526,2180.9605263157896,0.05596565566458519,0.3696543264942016
244,51.78947368421053,69.21052631578948,69.21052631578948,35.05263157894737,67.94736842105263,1087.578947368421,1453.4210526315792,363.3552631578948,2212.2394736842107,0.061585637823372,0.3749558429973238
245,46.578947368421055,81.47368421052632,81.47368421052632,40.10526315789474,49.526315789473685,978.1578947368422,1710.9473684210527,427.7368421052632,2090.605263157895,0.07249776984834969,0.3543398751115076
246,61.89473684210526,74.52631578947368,74.52631578947368,35.36842105263158,71.10526315789474,1299.7894736842104,1565.0526315789473,391.2631578947368,2600.9052631578943,0.0663157894736842,0.44083140053523634
247,56.21052631578947,72.15789473684211,72.15789473684211,36.21052631578947,62.0,1180.421052631579,1515.3157894736844,378.8289473684211,2385.5447368421055,0.06420829616413917,0.4043296164139162
248,57.68421052631579,58.68421052631579,58.68421052631579,29.36842105263158,58.578947368421055,1211.3684210526314,1232.3684210526314,308.09210526315786,2367.4184210526314,0.052219000892060656,0.401257359500446
249,52.10526315789474,69.26315789473684,69.26315789473684,33.68421052631579,65.6842105263158,1094.2105263157896,1454.5263157894735,363.6315789473684,2223.789473684211,0.06163247100802854,0.37691347011596793
250,51.63157894736842,82.52631578947368,82.52631578947368,39.05263157894737,63.421052631578945,1084.2631578947369,1733.0526315789473,433.2631578947368,2276.5105263157893,0.07343443354148081,0.3858492417484389
251,46.94736842105263,75.78947368421052,75.78947368421052,37.8421052631579,56.94736842105263,985.8947368421052,1591.5789473684208,397.8947368421052,2073.915789473684,0.06743978590544156,0.3515111507582515
252,48.31578947368421,77.21052631578948,77.21052631578948,37.89473684210526,55.8421052631579,1014.6315789473684,1621.4210526315792,405.3552631578948,2130.2289473684214,0.0687042818911686,0.36105575379125787
253,54.21052631578947,72.94736842105263,72.94736842105263,36.421052631578945,68.63157894736842,1138.421052631579,1531.8947368421052,382.9736842105263,2318.2894736842104,0.0649107939339875,0.39293041926851024
254,61.0,69.15789473684211,69.15789473684211,34.10526315789474,71.73684210526316,1281.0,1452.3157894736844,363.0789473684211,2540.778947368421,0.06153880463871544,0.43064049955396966
255,57.578947368421055,64.15789473684211,64.15789473684211,31.36842105263158,66.57894736842105,1209.157894736842,1347.3157894736844,336.8289473684211,2392.3973684210528,0.05708965209634256,0.4054910793933988
256,63.73684210526316,70.84210526315789,70.84210526315789,33.26315789473684,75.3157894736842,1338.4736842105262,1487.6842105263156,371.9210526315789,2647.3263157894735,0.06303746654772524,0.44869937555753786
257,47.78947368421053,85.42105263157895,85.42105263157895,43.526315789473685,57.1578947368421,1003.578947368421,1793.842105263158,448.4605263157895,2154.544736842105,0.07601025869759144,0.3651770740410348
258,47.73684210526316,69.84210526315789,69.84210526315789,33.8421052631579,55.89473684210526,1002.4736842105264,1466.6842105263156,366.6710526315789,2070.8763157894737,0.062147636039250664,0.35099598572702945
259,52.68421052631579,90.94736842105263,90.94736842105263,44.63157894736842,63.68421052631579,1106.3684210526314,1909.8947368421052,477.4736842105263,2358.2999999999997,0.08092774308652988,0.39971186440677964
260,54.63157894736842,77.0,77.0,38.421052631578945,65.0,1147.2631578947369,1617.0,404.25,2354.5973684210526,0.06851694915254238,0.3990842997323818
261,60.526315789473685,72.89473684210526,72.89473684210526,37.89473684210526,71.0,1271.0526315789473,1530.7894736842104,382.6973684210526,2543.486842105263,0.06486396074933094,0.4310994647636039
262,51.73684210526316,80.05263157894737,80.05263157894737,40.05263157894737,60.1578947368421,1086.4736842105262,1681.1052631578948,420.2763157894737,2267.2815789473684,0.07123327386262267,0.3842850133809099
263,54.0,77.15789473684211,77.15789473684211,37.89473684210526,63.73684210526316,1134.0,1620.3157894736844,405.0789473684211,2332.878947368421,0.06865744870651205,0.3954032114183764
264,45.526315789473685,89.6842105263158,89.6842105263158,46.526315789473685,54.26315789473684,956.0526315789474,1883.3684210526317,470.8421052631579,2096.1315789473683,0.07980374665477252,0.3552765388046387
265,57.31578947368421,77.57894736842105,77.57894736842105,36.68421052631579,63.8421052631579,1203.6315789473686,1629.157894736842,407.2894736842105,2453.463157894737,0.0690321141837645,0.4158412132024978
266,50.31578947368421,68.21052631578948,68.21052631578948,34.0,65.6842105263158,1056.6315789473686,1432.4210526315792,358.1052631578948,2154.378947368421,0.060695807314897425,0.36514897413024083
267,53.63157894736842,81.6842105263158,81.6842105263158,41.73684210526316,64.42105263157895,1126.2631578947369,1715.3684210526317,428.8421052631579,2343.4894736842107,0.07268510258697591,0.3972016057091883
268,59.526315789473685,76.6842105263158,76.6842105263158,37.473684210526315,74.42105263157895,1250.0526315789473,1610.3684210526317,402.5921052631579,2527.681578947368,0.06823595004460303,0.4284206066012488
269,57.1578947368421,80.15789473684211,80.15789473684211,40.73684210526316,70.42105263157895,1200.3157894736842,1683.3157894736844,420.8289473684211,2461.3657894736843,0.07132694023193578,0.4171806422836753
270,52.421052631578945,76.89473684210526,76.89473684210526,39.26315789473684,64.63157894736842,1100.842105263158,1614.7894736842104,403.6973684210526,2275.128947368421,0.06842328278322926,0.3856150758251561
271,49.473684210526315,64.84210526315789,64.84210526315789,32.73684210526316,65.21052631578948,1038.9473684210527,1361.6842105263156,340.4210526315789,2106.6315789473683,0.05769848349687778,0.35705619982158787
272,51.21052631578947,61.78947368421053,61.78947368421053,31.68421052631579,55.68421052631579,1075.421052631579,1297.578947368421,324.39473684210526,2152.6105263157897,0.0549821587867975,0.3648492417484389
273,54.31578947368421,80.26315789473684,80.26315789473684,39.421052631578945,68.10526315789474,1140.6315789473686,1685.5263157894735,421.3815789473684,2360.455263157895,0.07142060660124888,0.40007716324710085
274,56.89473684210526,67.42105263157895,67.42105263157895,31.842105263157894,69.57894736842105,1194.7894736842104,1415.842105263158,353.9605263157895,2385.1026315789472,0.05999330954504906,0.40425468331846565
275,49.526315789473685,76.94736842105263,76.94736842105263,39.36842105263158,54.8421052631579,1040.0526315789473,1615.8947368421052,403.9736842105263,2172.063157894737,0.06847011596788581,0.3681462979482605
276,49.73684210526316,79.6842105263158,79.6842105263158,39.36842105263158,59.526315789473685,1044.4736842105262,1673.3684210526317,418.3421052631579,2193.9473684210525,0.07090544157002676,0.37185548617305975
277,55.526315789473685,72.63157894736842,72.63157894736842,35.421052631578945,63.78947368421053,1166.0526315789473,1525.2631578947369,381.3157894736842,2363.6052631578946,0.06462979482604818,0.4006110615521855
278,47.526315789473685,77.84210526315789,77.84210526315789,40.36842105263158,51.0,998.0526315789474,1634.6842105263156,408.6710526315789,2105.3605263157892,0.06926628010704727,0.35684076717216767
279,55.10526315789474,73.52631578947368,73.52631578947368,35.36842105263158,57.21052631578947,1157.2105263157896,1544.0526315789473,386.0131578947368,2353.271052631579,0.06542595896520963,0.39885950044603036
280,54.1578947368421,80.42105263157895,80.42105263157895,39.73684210526316,58.21052631578947,1137.3157894736842,1688.842105263158,422.2105263157895,2355.6473684210523,0.07156110615521856,0.39926226583407665
281,45.63157894736842,78.89473684210526,78.89473684210526,40.31578947368421,49.473684210526315,958.2631578947368,1656.7894736842104,414.1973684210526,2043.2447368421049,0.07020294380017841,0.3463126672613737
282,56.26315789473684,70.47368421052632,70.47368421052632,34.8421052631579,64.63157894736842,1181.5263157894738,1479.9473684210527,369.9868421052632,2378.5815789473686,0.06270963425512935,0.4031494201605709
283,48.78947368421053,74.52631578947368,74.52631578947368,39.36842105263158,52.78947368421053,1024.578947368421,1565.0526315789473,391.2631578947368,2133.0473684210524,0.0663157894736842,0.36153345227475464
284,52.473684210526315,78.3157894736842,78.3157894736842,41.1578947368421,64.52631578947368,1101.9473684210527,1644.6315789473683,411.1578947368421,2284.4684210526316,0.06968777876895628,0.38719803746654774
285,59.73684210526316,79.52631578947368,79.52631578947368,40.68421052631579,65.94736842105263,1254.4736842105262,1670.0526315789473,417.5131578947368,2550.118421052631,0.07076494201605708,0.4322234611953612
286,48.36842105263158,68.21052631578948,68.21052631578948,34.0,57.8421052631579,1015.7368421052632,1432.4210526315792,358.1052631578948,2084.8578947368424,0.060695807314897425,0.35336574487065125
287,47.526315789473685,84.84210526315789,84.84210526315789,43.21052631578947,51.21052631578947,998.0526315789474,1781.6842105263156,445.4210526315789,2142.1105263157892,0.0754950936663693,0.3630695807314897
288,48.26315789473684,75.21052631578948,75.21052631578948,38.0,59.89473684210526,1013.5263157894736,1579.4210526315792,394.8552631578948,2117.85,0.06692462087421945,0.35895762711864404
289,54.63157894736842,80.15789473684211,80.15789473684211,42.0,67.42105263157895,1147.2631578947369,1683.3157894736844,420.8289473684211,2371.176315789474,0.07132694023193578,0.40189429081177525
290,57.8421052631579,73.42105263157895,73.42105263157895,35.63157894736842,67.73684210526316,1214.6842105263158,1541.842105263158,385.4605263157895,2450.4236842105265,0.06533229259589653,0.41532604817127566
291,49.89473684210526,85.42105263157895,85.42105263157895,43.73684210526316,57.1578947368421,1047.7894736842104,1793.842105263158,448.4605263157895,2229.702631578947,0.07601025869759144,0.37791570026761817
292,50.94736842105263,72.36842105263158,72.36842105263158,36.05263157894737,59.473684210526315,1069.8947368421052,1519.7368421052631,379.9342105263158,2198.7552631578947,0.06439562890276539,0.37267038358608384
293,50.73684210526316,73.15789473684211,73.15789473684211,37.21052631578947,53.89473684210526,1065.4736842105262,1536.3157894736844,384.0789473684211,2195.3842105263157,0.06509812667261375,0.37209901873327383
294,63.68421052631579,69.94736842105263,69.94736842105263,34.63157894736842,75.0,1337.3684210526314,1468.8947368421052,367.2236842105263,2640.7499999999995,0.06224130240856378,0.4475847457627118
295,45.63157894736842,79.78947368421052,79.78947368421052,41.421052631578945,55.0,958.2631578947368,1675.5789473684208,418.8947368421052,2047.9421052631576,0.07099910793933986,0.34710883140053517
296,60.68421052631579,71.6842105263158,71.6842105263158,35.68421052631579,61.94736842105263,1274.3684210526314,1505.3684210526317,376.3421052631579,2542.7684210526313,0.06378679750223015,0.4309776984834968
297,49.89473684210526,69.73684210526316,69.73684210526316,33.78947368421053,65.05263157894737,1047.7894736842104,1464.4736842105265,366.1184210526316,2147.3605263157892,0.062053969669937564,0.3639594112399643
298,48.78947368421053,76.42105263157895,76.42105263157895,38.21052631578947,55.1578947368421,1024.578947368421,1604.842105263158,401.2105263157895,2142.9947368421053,0.06800178412132026,0.3632194469223907
299,49.68421052631579,83.26315789473684,83.26315789473684,42.68421052631579,62.0,1043.3684210526314,1748.5263157894735,437.1315789473684,2210.857894736842,0.07409009812667261,0.374721677074041
300,53.31578947368421,70.57894736842105,70.57894736842105,37.21052631578947,61.31578947368421,1119.6315789473686,1482.157894736842,370.5394736842105,2273.913157894737,0.06280330062444246,0.38540900981266735
301,47.0,86.78947368421052,86.78947368421052,44.78947368421053,50.526315789473685,987.0,1822.5789473684208,455.6447368421052,2133.544736842105,0.0772279214986619,0.3616177520071365
302,57.31578947368421,73.57894736842105,73.57894736842105,35.63157894736842,67.73684210526316,1203.6315789473686,1545.157894736842,386.2894736842105,2432.463157894737,0.06547279214986619,0.4122818911685995
303,48.36842105263158,81.21052631578948,81.21052631578948,42.05263157894737,57.31578947368421,1015.7368421052632,1705.4210526315792,426.3552631578948,2153.1078947368424,0.07226360392506692,0.36493354148082074
304,50.0,64.47368421052632,64.47368421052632,33.8421052631579,53.1578947368421,1050.0,1353.9473684210527,338.4868421052632,2123.4868421052633,0.05737065120428189,0.35991302408563786
305,51.89473684210526,77.26315789473684,77.26315789473684,40.73684210526316,60.94736842105263,1089.7894736842104,1622.5263157894735,405.6315789473684,2258.273684210526,0.06875111507582515,0.3827582515611061
306,44.94736842105263,80.63157894736842,80.63157894736842,40.78947368421053,51.1578947368421,943.8947368421052,1693.2631578947369,423.3157894736842,2027.936842105263,0.07174843889384479,0.34371810883140047
307,63.31578947368421,71.42105263157895,71.42105263157895,34.68421052631579,72.94736842105263,1329.6315789473686,1499.842105263158,374.9605263157895,2635.334210526316,0.06355263157894737,0.4466668153434434
308,49.68421052631579,71.42105263157895,71.42105263157895,36.8421052631579,54.578947368421055,1043.3684210526314,1499.842105263158,374.9605263157895,2148.6868421052627,0.06355263157894737,0.3641842105263157
309,45.8421052631579,77.15789473684211,77.15789473684211,41.0,56.578947368421055,962.6842105263158,1620.3157894736844,405.0789473684211,2041.6421052631579,0.06865744870651205,0.34604103479036574
310,51.89473684210526,76.84210526315789,76.84210526315789,40.10526315789474,51.526315789473685,1089.7894736842104,1613.6842105263156,403.4210526315789,2256.0631578947364,0.0683764495985727,0.38238358608385364
311,52.526315789473685,76.73684210526316,76.73684210526316,39.63157894736842,65.84210526315789,1103.0526315789473,1611.4736842105265,402.8684210526316,2278.0578947368417,0.0682827832292596,0.38611150758251556
312,51.63157894736842,83.6842105263158,83.6842105263158,43.10526315789474,61.26315789473684,1084.2631578947369,1757.3684210526317,439.3421052631579,2282.5894736842106,0.07446476360392507,0.38687957181088317
313,53.94736842105263,67.05263157894737,67.05263157894737,33.1578947368421,62.8421052631579,1132.8947368421052,1408.1052631578948,352.0263157894737,2277.9473684210525,0.05966547725245317,0.38609277430865296
314,56.526315789473685,75.78947368421052,75.78947368421052,34.421052631578945,62.94736842105263,1187.0526315789473,1591.5789473684208,397.8947368421052,2415.8842105263157,0.06743978590544156,0.40947190008920603
315,45.10526315789474,73.6842105263158,73.6842105263158,35.8421052631579,52.78947368421053,947.2105263157896,1547.3684210526317,386.8421052631579,1997.1000000000001,0.0655664585191793,0.33849152542372885
316,53.578947368421055,81.36842105263158,81.36842105263158,40.421052631578945,62.63157894736842,1125.157894736842,1708.7368421052631,427.1842105263158,2339.952631578947,0.07240410347903657,0.39660214094558427
317,52.0,82.36842105263158,82.36842105263158,42.26315789473684,63.36842105263158,1092.0,1729.7368421052631,432.4342105263158,2288.8342105263155,0.07329393398751115,0.38793800178412124
318,61.1578947368421,74.78947368421052,74.78947368421052,35.63157894736842,77.15789473684211,1284.3157894736842,1570.5789473684208,392.6447368421052,2575.981578947368,0.06654995539696698,0.4366070472792149
319,58.421052631578945,72.05263157894737,72.05263157894737,35.8421052631579,64.47368421052632,1226.842105263158,1513.1052631578948,378.2763157894737,2463.907894736842,0.06411462979482604,0.4176115075825156
320,51.94736842105263,69.52631578947368,69.52631578947368,35.10526315789474,60.0,1090.8947368421052,1460.0526315789473,365.0131578947368,2219.5342105263157,0.06186663693131132,0.3761922390722569
321,48.421052631578945,72.15789473684211,72.15789473684211,35.8421052631579,60.73684210526316,1016.8421052631578,1515.3157894736844,378.8289473684211,2107.4605263157896,0.06420829616413917,0.35719669937555754
322,50.10526315789474,73.89473684210526,73.89473684210526,37.1578947368421,59.36842105263158,1052.2105263157896,1551.7894736842104,387.9473684210526,2176.705263157895,0.06575379125780552,0.3689330954504907
323,50.473684210526315,75.05263157894737,75.05263157894737,37.8421052631579,56.26315789473684,1059.9473684210527,1576.1052631578948,394.0263157894737,2195.936842105263,0.06678412132024977,0.37219268510258696
324,49.63157894736842,76.89473684210526,76.89473684210526,37.10526315789474,59.63157894736842,1042.2631578947369,1614.7894736842104,403.6973684210526,2175.544736842105,0.06842328278322926,0.3687363960749331
325,59.05263157894737,71.6842105263158,71.6842105263158,36.526315789473685,63.89473684210526,1240.1052631578948,1505.3684210526317,376.3421052631579,2484.521052631579,0.06378679750223015,0.42110526315789476
326,47.8421052631579,78.84210526315789,78.84210526315789,41.1578947368421,58.78947368421053,1004.6842105263158,1655.6842105263156,413.9210526315789,2121.8842105263157,0.07015611061552185,0.35964139161462977
327,59.1578947368421,69.36842105263158,69.36842105263158,35.421052631578945,65.84210526315789,1242.3157894736842,1456.7368421052631,364.1842105263158,2476.121052631579,0.06172613737734166,0.4196815343443354
328,46.89473684210526,86.42105263157895,86.42105263157895,44.526315789473685,53.36842105263158,984.7894736842104,1814.842105263158,453.7105263157895,2127.8526315789472,0.07690008920606602,0.3606529884032114
329,54.94736842105263,72.63157894736842,72.63157894736842,33.1578947368421,66.78947368421052,1153.8947368421052,1525.2631578947369,381.3157894736842,2342.936842105263,0.06462979482604818,0.3971079393398751
330,47.578947368421055,76.3157894736842,76.3157894736842,39.26315789473684,53.8421052631579,999.1578947368422,1602.6315789473683,400.6578947368421,2099.226315789474,0.06790811775200713,0.3558010704727922
331,54.421052631578945,72.36842105263158,72.36842105263158,37.421052631578945,60.68421052631579,1142.842105263158,1519.7368421052631,379.9342105263158,2322.765789473684,0.06439562890276539,0.39368911685994645
332,57.421052631578945,75.6842105263158,75.6842105263158,36.1578947368421,66.21052631578948,1205.842105263158,1589.3684210526317,397.3421052631579,2447.2736842105264,0.06734611953612846,0.4147921498661909
333,59.21052631578947,80.05263157894737,80.05263157894737,38.526315789473685,73.52631578947368,1243.421052631579,1681.1052631578948,420.2763157894737,2534.092105263158,0.07123327386262267,0.429507136485281
334,44.578947368421055,80.10526315789474,80.10526315789474,39.31578947368421,50.10526315789474,936.1578947368422,1682.2105263157896,420.5526315789474,2012.021052631579,0.07128010704727922,0.3410205173951829
335,49.10526315789474,82.57894736842105,82.57894736842105,40.421052631578945,53.473684210526315,1031.2105263157896,1734.157894736842,433.5394736842105,2186.5973684210526,0.07348126672613738,0.37060972346119536
336,57.0,74.42105263157895,74.42105263157895,36.63157894736842,62.94736842105263,1197.0,1562.842105263158,390.7105263157895,2425.6105263157892,0.0662221231043711,0.4111204281891168
337,47.31578947368421,79.36842105263158,79.36842105263158,40.78947368421053,52.26315789473684,993.6315789473684,1666.7368421052631,416.6842105263158,2105.857894736842,0.07062444246208742,0.35692506690454945
338,50.89473684210526,75.52631578947368,75.52631578947368,37.36842105263158,59.526315789473685,1068.7894736842104,1586.0526315789473,396.5131578947368,2213.4552631578945,0.06720561998215878,0.3751619090098126
339,51.21052631578947,77.63157894736842,77.63157894736842,39.94736842105263,58.63157894736842,1075.421052631579,1630.2631578947369,407.5657894736842,2235.7815789473684,0.06907894736842106,0.37894603033006247
340,50.78947368421053,77.3157894736842,77.3157894736842,37.94736842105263,65.42105263157895,1066.578947368421,1623.6315789473683,405.9078947368421,2219.0921052631575,0.0687979482604817,0.37611730597680637
341,48.421052631578945,83.94736842105263,83.94736842105263,43.78947368421053,58.473684210526315,1016.8421052631578,1762.8947368421052,440.7236842105263,2169.3552631578946,0.07469892952720784,0.3676873327386262
342,60.1578947368421,78.78947368421052,78.78947368421052,38.0,69.42105263157895,1263.3157894736842,1654.5789473684208,413.6447368421052,2561.281578947368,0.07010927743086529,0.4341155218554861
343,51.578947368421055,84.57894736842105,84.57894736842105,42.26315789473684,63.68421052631579,1083.157894736842,1776.157894736842,444.0394736842105,2285.407894736842,0.07526092774308653,0.38735727029438
344,46.89473684210526,79.05263157894737,79.05263157894737,40.68421052631579,53.26315789473684,984.7894736842104,1660.1052631578948,415.0263157894737,2089.1684210526314,0.07034344335414809,0.35409634255129346
345,44.8421052631579,93.0,93.0,48.36842105263158,47.10526315789474,941.6842105263158,1953.0,488.25,2089.113157894737,0.0827542372881356,0.3540869759143622
346,48.63157894736842,75.84210526315789,75.84210526315789,38.73684210526316,57.78947368421053,1021.2631578947368,1592.6842105263156,398.1710526315789,2134.3184210526315,0.06748661909009812,0.36174888492417484
347,57.26315789473684,75.47368421052632,75.47368421052632,38.21052631578947,67.94736842105263,1202.5263157894738,1584.9473684210527,396.2368421052632,2440.5315789473684,0.06715878679750223,0.41364942016057094
348,46.36842105263158,75.15789473684211,75.15789473684211,38.21052631578947,55.05263157894737,973.7368421052632,1578.3157894736844,394.5789473684211,2049.9315789473685,0.0668777876895629,0.34744603033006244
349,53.8421052631579,85.84210526315789,85.84210526315789,42.89473684210526,60.8421052631579,1130.6842105263158,1802.6842105263156,450.6710526315789,2372.834210526316,0.07638492417484388,0.4021752899197146
350,47.05263157894737,84.3157894736842,84.3157894736842,42.473684210526315,53.26315789473684,988.1052631578948,1770.6315789473683,442.6578947368421,2122.436842105263,0.07502676181980374,0.3597350579839429
351,56.73684210526316,68.57894736842105,68.57894736842105,34.10526315789474,56.473684210526315,1191.4736842105262,1440.157894736842,360.0394736842105,2385.544736842105,0.06102363960749331,0.4043296164139161
352,49.05263157894737,78.21052631578948,78.21052631578948,38.1578947368421,58.0,1030.1052631578948,1642.4210526315792,410.6052631578948,2161.784210526316,0.06959411239964318,0.3664041034790366
353,48.578947368421055,79.26315789473684,79.26315789473684,41.05263157894737,51.78947368421053,1020.1578947368422,1664.5263157894735,416.1315789473684,2150.4,0.0705307760927743,0.36447457627118646
354,54.26315789473684,77.26315789473684,77.26315789473684,39.578947368421055,57.05263157894737,1139.5263157894738,1622.5263157894735,405.6315789473684,2342.826315789474,0.06875111507582515,0.39708920606601256
355,57.0,80.15789473684211,80.15789473684211,40.21052631578947,59.21052631578947,1197.0,1683.3157894736844,420.8289473684211,2455.728947368421,0.07132694023193578,0.41622524531668154
356,50.526315789473685,69.21052631578948,69.21052631578948,34.10526315789474,55.421052631578945,1061.0526315789473,1453.4210526315792,363.3552631578948,2167.144736842105,0.061585637823372,0.36731266726137374
357,53.36842105263158,68.94736842105263,68.94736842105263,34.421052631578945,65.26315789473684,1120.7368421052631,1447.8947368421052,361.9736842105263,2267.2263157894736,0.0613514719000892,0.38427564674397857
358,54.26315789473684,69.3157894736842,69.3157894736842,35.21052631578947,62.94736842105263,1139.5263157894738,1455.6315789473683,363.9078947368421,2301.1026315789477,0.0616793041926851,0.3900173951828725
359,51.68421052631579,71.78947368421052,71.78947368421052,34.78947368421053,62.36842105263158,1085.3684210526314,1507.5789473684208,376.8947368421052,2222.0210526315786,0.06388046387154325,0.3766137377341659
360,47.36842105263158,76.52631578947368,76.52631578947368,39.31578947368421,47.73684210526316,994.7368421052632,1607.0526315789473,401.7631578947368,2092.815789473684,0.06809545049063336,0.35471454058876
361,51.578947368421055,77.42105263157895,77.42105263157895,40.0,68.15789473684211,1083.157894736842,1625.842105263158,406.4605263157895,2247.828947368421,0.06889161462979483,0.3809879571810883
362,53.21052631578947,74.52631578947368,74.52631578947368,36.421052631578945,63.26315789473684,1117.421052631579,1565.0526315789473,391.2631578947368,2290.878947368421,0.0663157894736842,0.3882845673505798
363,58.73684210526316,76.3157894736842,76.3157894736842,38.36842105263158,60.78947368421053,1233.4736842105262,1602.6315789473683,400.6578947368421,2497.563157894737,0.06790811775200713,0.4233157894736842
364,48.05263157894737,85.26315789473684,85.26315789473684,44.31578947368421,48.63157894736842,1009.1052631578948,1790.5263157894735,447.6315789473684,2163.1105263157897,0.07586975914362176,0.36662890276538806
365,48.73684210526316,78.15789473684211,78.15789473684211,40.68421052631579,52.421052631578945,1023.4736842105264,1641.3157894736844,410.3289473684211,2150.234210526316,0.06954727921498663,0.36444647636039257
366,57.578947368421055,75.47368421052632,75.47368421052632,37.1578947368421,70.6842105263158,1209.157894736842,1584.9473684210527,396.2368421052632,2451.805263157895,0.06715878679750223,0.41556021409455846
367,56.78947368421053,74.6842105263158,74.6842105263158,37.26315789473684,71.57894736842105,1192.578947368421,1568.3684210526317,392.0921052631579,2419.4763157894736,0.06645628902765388,0.4100807314897413
368,55.421052631578945,75.15789473684211,75.15789473684211,37.73684210526316,60.421052631578945,1163.842105263158,1578.3157894736844,394.5789473684211,2373.1105263157897,0.0668777876895629,0.4022221231043711
369,53.05263157894737,83.94736842105263,83.94736842105263,42.421052631578945,58.78947368421053,1114.1052631578948,1762.8947368421052,440.7236842105263,2334.7026315789476,0.07469892952720784,0.39571231043710975
370,49.1578947368421,79.78947368421052,79.78947368421052,39.78947368421053,53.21052631578947,1032.3157894736842,1675.5789473684208,418.8947368421052,2173.831578947368,0.07099910793933986,0.3684460303300624
371,54.89473684210526,81.26315789473684,81.26315789473684,39.26315789473684,65.3157894736842,1152.7894736842104,1706.5263157894735,426.6315789473684,2386.373684210526,0.07231043710972346,0.40447011596788573
372,58.36842105263158,79.05263157894737,79.05263157894737,39.26315789473684,64.3157894736842,1225.7368421052631,1660.1052631578948,415.0263157894737,2498.778947368421,0.07034344335414809,0.42352185548617305
373,48.10526315789474,69.78947368421052,69.78947368421052,36.73684210526316,56.421052631578945,1010.2105263157896,1465.5789473684208,366.3947368421052,2083.7526315789473,0.0621008028545941,0.35317841213202494
374,51.73684210526316,82.57894736842105,82.57894736842105,42.421052631578945,57.578947368421055,1086.4736842105262,1734.157894736842,433.5394736842105,2280.544736842105,0.07348126672613738,0.3865330062444246
375,58.21052631578947,73.57894736842105,73.57894736842105,36.36842105263158,75.94736842105263,1222.421052631579,1545.157894736842,386.2894736842105,2464.4052631578948,0.06547279214986619,0.4176958073148974
376,52.421052631578945,69.47368421052632,69.47368421052632,34.94736842105263,55.8421052631579,1100.842105263158,1458.9473684210527,364.7368421052632,2236.168421052632,0.06181980374665478,0.37901159678858165
377,48.89473684210526,74.26315789473684,74.26315789473684,37.94736842105263,49.78947368421053,1026.7894736842104,1559.5263157894735,389.8815789473684,2135.423684210526,0.06608162355040142,0.36193621766280104
378,53.8421052631579,69.47368421052632,69.47368421052632,32.94736842105263,59.78947368421053,1130.6842105263158,1458.9473684210527,364.7368421052632,2286.9,0.06181980374665478,0.38761016949152544
379,63.73684210526316,83.63157894736842,83.63157894736842,41.36842105263158,69.78947368421052,1338.4736842105262,1756.2631578947369,439.0657894736842,2714.471052631579,0.07441793041926852,0.46007983942908115
380,48.89473684210526,64.84210526315789,64.84210526315789,33.473684210526315,55.526315789473685,1026.7894736842104,1361.6842105263156,340.4210526315789,2085.9631578947365,0.05769848349687778,0.35355307760927734
381,48.578947368421055,74.3157894736842,74.3157894736842,38.10526315789474,54.05263157894737,1020.1578947368422,1560.6315789473683,390.1578947368421,2124.426315789474,0.06612845673505797,0.36007225691347017
382,55.05263157894737,79.73684210526316,79.73684210526316,40.31578947368421,74.73684210526316,1156.1052631578948,1674.4736842105265,418.6184210526316,2383.9973684210527,0.07095227475468333,0.40406735057983945
383,51.26315789473684,75.6842105263158,75.6842105263158,37.21052631578947,67.73684210526316,1076.5263157894738,1589.3684210526317,397.3421052631579,2227.436842105263,0.06734611953612846,0.3775316681534344
384,54.36842105263158,69.36842105263158,69.36842105263158,33.63157894736842,68.47368421052632,1141.7368421052631,1456.7368421052631,364.1842105263158,2305.136842105263,0.06172613737734166,0.39070115967885816
385,50.68421052631579,67.47368421052632,67.47368421052632,34.473684210526315,60.68421052631579,1064.3684210526314,1416.9473684210527,354.2368421052632,2163.6631578947367,0.06004014272970563,0.36672256913470114
386,55.94736842105263,83.6842105263158,83.6842105263158,41.73684210526316,62.36842105263158,1174.8947368421052,1757.3684210526317,439.3421052631579,2436.6631578947367,0.07446476360392507,0.4129937555753791
387,51.89473684210526,67.94736842105263,67.94736842105263,34.05263157894737,63.10526315789474,1089.7894736842104,1426.8947368421052,356.7236842105263,2209.365789473684,0.060461641391614626,0.3744687778768956
388,51.21052631578947,72.84210526315789,72.84210526315789,35.526315789473685,53.31578947368421,1075.421052631579,1529.6842105263156,382.4210526315789,2210.636842105263,0.06481712756467439,0.3746842105263158
389,54.8421052631579,68.6842105263158,68.6842105263158,34.0,64.36842105263158,1151.6842105263158,1442.3684210526317,360.5921052631579,2318.4552631578945,0.061117305976806424,0.39295851917930413
390,49.8421052631579,71.6842105263158,71.6842105263158,36.94736842105263,58.94736842105263,1046.6842105263158,1505.3684210526317,376.3421052631579,2155.7052631578945,0.06378679750223015,0.3653737734165923
391,50.21052631578947,78.21052631578948,78.21052631578948,37.78947368421053,55.421052631578945,1054.421052631579,1642.4210526315792,410.6052631578948,2203.121052631579,0.06959411239964318,0.37341034790365746
392,51.05263157894737,81.0,81.0,41.31578947368421,56.36842105263158,1072.1052631578948,1701.0,425.25,2247.828947368421,0.07207627118644068,0.3809879571810883
393,43.21052631578947,78.47368421052632,78.47368421052632,40.8421052631579,48.1578947368421,907.421052631579,1647.9473684210527,411.9868421052632,1954.6026315789472,0.06982827832292596,0.3312885816235504
394,55.89473684210526,75.57894736842105,75.57894736842105,38.73684210526316,59.36842105263158,1173.7894736842104,1587.157894736842,396.7894736842105,2392.2315789473682,0.06725245316681534,0.4054629794826048
395,54.473684210526315,61.36842105263158,61.36842105263158,31.210526315789473,63.578947368421055,1143.9473684210527,1288.7368421052631,322.1842105263158,2266.8947368421054,0.05460749330954505,0.38421944692239074
396,48.94736842105263,78.52631578947368,78.52631578947368,40.94736842105263,58.73684210526316,1027.8947368421052,1649.0526315789473,412.2631578947368,2159.6842105263154,0.06987511150758251,0.36604817127564665
397,51.94736842105263,69.63157894736842,69.63157894736842,36.526315789473685,57.05263157894737,1090.8947368421052,1462.2631578947369,365.5657894736842,2220.0868421052633,0.06196030330062444,0.37628590544157003
398,51.73684210526316,81.05263157894737,81.05263157894737,40.10526315789474,62.89473684210526,1086.4736842105262,1702.1052631578948,425.5263157894737,2272.5315789473684,0.07212310437109724,0.3851748438893845
399,47.78947368421053,75.3157894736842,75.3157894736842,37.89473684210526,47.421052631578945,1003.578947368421,1581.6315789473683,395.4078947368421,2101.492105263158,0.06701828724353255,0.35618510258697594
400,47.68421052631579,83.3157894736842,83.3157894736842,42.578947368421055,55.421052631578945,1001.3684210526316,1749.6315789473683,437.4078947368421,2139.734210526316,0.07413693131132916,0.3626668153434434
401,44.36842105263158,73.42105263157895,73.42105263157895,36.89473684210526,49.0,931.7368421052632,1541.842105263158,385.4605263157895,1969.4131578947367,0.06533229259589653,0.3337988403211418
402,61.473684210526315,77.78947368421052,77.78947368421052,39.05263157894737,71.3157894736842,1290.9473684210527,1633.5789473684208,408.3947368421052,2603.0052631578947,0.06921944692239071,0.4411873327386262
403,59.1578947368421,84.36842105263158,84.36842105263158,40.73684210526316,65.73684210526316,1242.3157894736842,1771.7368421052631,442.9342105263158,2554.871052631579,0.0750735950044603,0.43302899197145406
404,50.8421052631579,67.47368421052632,67.47368421052632,33.1578947368421,54.94736842105263,1067.6842105263158,1416.9473684210527,354.2368421052632,2169.3,0.06004014272970563,0.36767796610169495
405,55.0,72.05263157894737,72.05263157894737,35.473684210526315,60.31578947368421,1155.0,1513.1052631578948,378.2763157894737,2341.7763157894738,0.06411462979482604,0.3969112399643176
406,48.68421052631579,77.63157894736842,77.63157894736842,39.36842105263158,58.10526315789474,1022.3684210526316,1630.2631578947369,407.5657894736842,2145.592105263158,0.06907894736842106,0.36365967885816236
407,55.31578947368421,71.57894736842105,71.57894736842105,35.73684210526316,61.36842105263158,1161.6315789473686,1503.157894736842,375.7894736842105,2350.563157894737,0.06369313113291704,0.39840053523639607
408,52.36842105263158,67.84210526315789,67.84210526315789,33.1578947368421,61.73684210526316,1099.7368421052631,1424.6842105263156,356.1710526315789,2225.7236842105262,0.06036797502230151,0.3772413024085638
409,42.0,82.47368421052632,82.47368421052632,41.73684210526316,43.36842105263158,882.0,1731.9473684210527,432.9868421052632,1932.386842105263,0.07338760035682426,0.3275231935771632
410,45.0,77.78947368421052,77.78947368421052,40.68421052631579,46.94736842105263,945.0,1633.5789473684208,408.3947368421052,2014.8947368421052,0.06921944692239071,0.34150758251561103
411,53.31578947368421,72.3157894736842,72.3157894736842,36.0,58.36842105263158,1119.6315789473686,1518.6315789473683,379.6578947368421,2283.031578947369,0.06434879571810882,0.3869545049063337
412,48.36842105263158,72.63157894736842,72.63157894736842,37.68421052631579,56.94736842105263,1015.7368421052632,1525.2631578947369,381.3157894736842,2108.068421052632,0.06462979482604818,0.357299732381802
413,49.26315789473684,79.63157894736842,79.63157894736842,39.421052631578945,60.421052631578945,1034.5263157894738,1672.2631578947369,418.0657894736842,2176.76052631579,0.07085860838537021,0.368942462087422
414,45.68421052631579,84.0,84.0,41.94736842105263,53.68421052631579,959.3684210526316,1764.0,441.0,2071.926315789474,0.07474576271186441,0.3511739518287244
415,44.36842105263158,87.10526315789474,87.10526315789474,43.578947368421055,47.526315789473685,931.7368421052632,1829.2105263157896,457.3026315789474,2041.2552631578947,0.07750892060660125,0.34597546833184656
416,51.8421052631579,73.42105263157895,73.42105263157895,36.78947368421053,59.36842105263158,1088.6842105263158,1541.842105263158,385.4605263157895,2236.2236842105262,0.06533229259589653,0.37902096342551295
417,57.31578947368421,62.78947368421053,62.78947368421053,32.421052631578945,62.68421052631579,1203.6315789473686,1318.578947368421,329.64473684210526,2375.818421052632,0.055871989295272075,0.4026810883140054
418,58.73684210526316,77.05263157894737,77.05263157894737,37.26315789473684,65.63157894736842,1233.4736842105262,1618.1052631578948,404.5263157894737,2501.4315789473685,0.06856378233719893,0.42397145405887604
419,49.68421052631579,80.42105263157895,80.42105263157895,39.63157894736842,56.63157894736842,1043.3684210526314,1688.842105263158,422.2105263157895,2195.9368421052627,0.07156110615521856,0.3721926851025869
420,47.8421052631579,80.47368421052632,80.47368421052632,39.526315789473685,50.526315789473685,1004.6842105263158,1689.9473684210527,422.4868421052632,2130.4500000000003,0.07160793933987511,0.3610932203389831
421,50.21052631578947,79.42105263157895,79.42105263157895,38.8421052631579,60.63157894736842,1054.421052631579,1667.842105263158,416.9605263157895,2209.4763157894736,0.07067127564674398,0.37448751115075823
422,51.473684210526315,77.6842105263158,77.6842105263158,38.89473684210526,58.421052631578945,1080.9473684210527,1631.3684210526317,407.8421052631579,2245.452631578947,0.06912578055307761,0.3805851917930419
423,52.73684210526316,78.73684210526316,78.73684210526316,39.526315789473685,62.31578947368421,1107.4736842105262,1653.4736842105265,413.3684210526316,2296.073684210526,0.07006244424620875,0.3891650312221231
424,46.89473684210526,79.6842105263158,79.6842105263158,41.421052631578945,52.421052631578945,984.7894736842104,1673.3684210526317,418.3421052631579,2092.4842105263156,0.07090544157002676,0.3546583407671721
425,48.0,75.21052631578948,75.21052631578948,38.89473684210526,53.1578947368421,1008.0,1579.4210526315792,394.8552631578948,2108.4552631578945,0.06692462087421945,0.3573652988403211
426,52.21052631578947,72.0,72.0,37.05263157894737,60.68421052631579,1096.421052631579,1512.0,378.0,2241.915789473684,0.0640677966101695,0.379985727029438
427,51.36842105263158,73.63157894736842,73.63157894736842,36.94736842105263,56.1578947368421,1078.7368421052631,1546.2631578947369,386.5657894736842,2220.4184210526314,0.06551962533452275,0.37634210526315787
428,57.0,61.21052631578947,61.21052631578947,30.36842105263158,66.47368421052632,1197.0,1285.421052631579,321.35526315789474,2356.2552631578947,0.05446699375557538,0.3993652988403211
429,53.36842105263158,81.52631578947368,81.52631578947368,40.73684210526316,65.6842105263158,1120.7368421052631,1712.0526315789473,428.0131578947368,2333.265789473684,0.07254460303300624,0.3954687778768956
430,51.73684210526316,74.21052631578948,74.21052631578948,37.0,67.78947368421052,1086.4736842105262,1558.4210526315792,389.6052631578948,2236.6105263157897,0.06603479036574487,0.37908652988403213
431,48.89473684210526,71.36842105263158,71.36842105263158,37.68421052631579,54.36842105263158,1026.7894736842104,1498.7368421052631,374.6842105263158,2120.2263157894736,0.06350579839429081,0.35936039250669044
432,48.8421052631579,73.3157894736842,73.3157894736842,36.8421052631579,59.89473684210526,1025.6842105263158,1539.6315789473683,384.9078947368421,2128.571052631579,0.0652386262265834,0.36077475468331843
433,50.0,71.52631578947368,71.52631578947368,36.21052631578947,58.421052631578945,1050.0,1502.0526315789473,375.5131578947368,2160.5131578947367,0.06364629794826047,0.36618867082961637
434,53.10526315789474,86.05263157894737,86.05263157894737,42.1578947368421,65.3157894736842,1115.2105263157896,1807.1052631578948,451.7763157894737,2347.634210526316,0.07657225691347012,0.39790410347903665
435,53.473684210526315,86.0,86.0,43.26315789473684,59.8421052631579,1122.9473684210527,1806.0,451.5,2360.5105263157893,0.07652542372881356,0.4000865298840321
436,54.73684210526316,79.94736842105263,79.94736842105263,37.89473684210526,60.05263157894737,1149.4736842105262,1678.8947368421052,419.7236842105263,2373.828947368421,0.07113960749330954,0.4023438893844781
437,46.63157894736842,74.10526315789474,74.10526315789474,37.73684210526316,51.473684210526315,979.2631578947368,1556.2105263157896,389.0526315789474,2053.7999999999997,0.06594112399643176,0.34810169491525417
438,49.36842105263158,78.47368421052632,78.47368421052632,40.89473684210526,61.8421052631579,1036.7368421052631,1647.9473684210527,411.9868421052632,2174.4394736842105,0.06982827832292596,0.3685490633363069
439,46.21052631578947,79.21052631578948,79.21052631578948,39.26315789473684,53.10526315789474,970.421052631579,1663.4210526315792,415.8552631578948,2065.571052631579,0.07048394290811776,0.3500967885816235
440,48.63157894736842,67.52631578947368,67.52631578947368,34.10526315789474,55.578947368421055,1021.2631578947368,1418.0526315789473,354.5131578947368,2090.6605263157894,0.06008697591436217,0.3543492417484389
441,52.36842105263158,78.78947368421052,78.78947368421052,39.73684210526316,56.31578947368421,1099.7368421052631,1654.5789473684208,413.6447368421052,2283.1973684210525,0.07010927743086529,0.38698260481712754
442,52.89473684210526,69.63157894736842,69.63157894736842,34.68421052631579,62.8421052631579,1110.7894736842104,1462.2631578947369,365.5657894736842,2253.907894736842,0.06196030330062444,0.38201828724353254
443,46.68421052631579,90.0,90.0,45.578947368421055,52.8421052631579,980.3684210526316,1890.0,472.5,2139.1263157894737,0.08008474576271186,0.36256378233719894
444,46.421052631578945,82.47368421052632,82.47368421052632,40.21052631578947,55.05263157894737,974.8421052631578,1731.9473684210527,432.9868421052632,2090.2184210526316,0.07338760035682426,0.3542743086529884
445,58.1578947368421,76.57894736842105,76.57894736842105,36.21052631578947,70.89473684210526,1221.3157894736842,1608.157894736842,402.0394736842105,2478.2763157894733,0.06814228367528992,0.42004683318465647
446,58.78947368421053,78.0,78.0,37.421052631578945,73.36842105263158,1234.578947368421,1638.0,409.5,2508.2842105263157,0.06940677966101695,0.4251329170383586
447,51.31578947368421,83.57894736842105,83.57894736842105,39.473684210526315,63.94736842105263,1077.6315789473686,1755.157894736842,438.7894736842105,2270.763157894737,0.07437109723461195,0.3848751115075826
448,49.31578947368421,74.21052631578948,74.21052631578948,37.94736842105263,56.05263157894737,1035.6315789473686,1558.4210526315792,389.6052631578948,2150.178947368421,0.06603479036574487,0.3644371097234612
449,49.36842105263158,71.47368421052632,71.47368421052632,37.473684210526315,56.578947368421055,1036.7368421052631,1500.9473684210527,375.2368421052632,2137.6894736842105,0.06359946476360392,0.36232024977698485
450,49.89473684210526,73.6842105263158,73.6842105263158,37.05263157894737,56.78947368421053,1047.7894736842104,1547.3684210526317,386.8421052631579,2168.0842105263155,0.0655664585191793,0.367471900089206
451,57.0,79.47368421052632,79.47368421052632,40.526315789473685,67.26315789473684,1197.0,1668.9473684210527,417.2368421052632,2452.136842105263,0.07071810883140053,0.4156164139161463
452,53.63157894736842,76.36842105263158,76.36842105263158,37.36842105263158,60.26315789473684,1126.2631578947369,1603.7368421052631,400.9342105263158,2315.581578947368,0.06795495093666369,0.39247145405887596
453,54.526315789473685,67.47368421052632,67.47368421052632,33.1578947368421,59.0,1145.0526315789473,1416.9473684210527,354.2368421052632,2300.8263157894735,0.06004014272970563,0.38997056199821584
454,60.8421052631579,71.21052631578948,71.21052631578948,34.94736842105263,74.63157894736842,1277.6842105263158,1495.4210526315792,373.8552631578948,2545.918421052632,0.06336529884032115,0.4315115967885817
455,55.1578947368421,78.47368421052632,78.47368421052632,40.26315789473684,56.0,1158.3157894736842,1647.9473684210527,411.9868421052632,2381.1236842105263,0.06982827832292596,0.40358028545941127
456,50.63157894736842,76.6842105263158,76.6842105263158,38.89473684210526,57.21052631578947,1063.2631578947369,1610.3684210526317,402.5921052631579,2210.1394736842103,0.06823595004460303,0.37459991079393395
457,55.578947368421055,73.47368421052632,73.47368421052632,36.78947368421053,60.68421052631579,1167.157894736842,1542.9473684210527,385.7368421052632,2369.9052631578948,0.06537912578055308,0.40167885816235505
458,52.578947368421055,81.10526315789474,81.10526315789474,41.1578947368421,63.31578947368421,1104.157894736842,1703.2105263157896,425.8026315789474,2302.871052631579,0.0721699375557538,0.3903171275646744
459,50.21052631578947,70.26315789473684,70.26315789473684,34.89473684210526,57.68421052631579,1054.421052631579,1475.5263157894735,368.8815789473684,2161.3973684210528,0.06252230151650312,0.36633853702051744
460,47.1578947368421,77.0,77.0,39.0,52.73684210526316,990.3157894736842,1617.0,404.25,2087.786842105263,0.06851694915254238,0.35386217662801067
461,54.78947368421053,77.94736842105263,77.94736842105263,37.578947368421055,59.578947368421055,1150.578947368421,1636.8947368421052,409.2236842105263,2365.2078947368423,0.06935994647636039,0.4008826940231936
462,49.68421052631579,79.0,79.0,41.10526315789474,52.578947368421055,1043.3684210526314,1659.0,414.75,2188.476315789473,0.07029661016949153,0.3709281891168599
463,48.1578947368421,80.47368421052632,80.47368421052632,41.31578947368421,58.36842105263158,1011.3157894736842,1689.9473684210527,422.4868421052632,2141.7236842105262,0.07160793933987511,0.3630040142729706
464,48.1578947368421,86.21052631578948,86.21052631578948,44.10526315789474,54.21052631578947,1011.3157894736842,1810.4210526315792,452.6052631578948,2171.842105263158,0.0767127564674398,0.36810883140053524
465,55.26315789473684,78.89473684210526,78.89473684210526,37.31578947368421,69.78947368421052,1160.5263157894738,1656.7894736842104,414.1973684210526,2387.092105263158,0.07020294380017841,0.40459188224799286
466,48.31578947368421,80.0,80.0,40.526315789473685,55.526315789473685,1014.6315789473684,1680.0,420.0,2144.8736842105263,0.0711864406779661,0.3635379125780553
467,47.26315789473684,71.52631578947368,71.52631578947368,35.73684210526316,58.89473684210526,992.5263157894736,1502.0526315789473,375.5131578947368,2062.8078947368417,0.06364629794826047,0.34962845673505794
468,47.94736842105263,80.42105263157895,80.42105263157895,41.36842105263158,46.421052631578945,1006.8947368421052,1688.842105263158,422.2105263157895,2133.9315789473685,0.07156110615521856,0.36168331846565566
469,51.68421052631579,79.57894736842105,79.57894736842105,38.89473684210526,59.0,1085.3684210526314,1671.157894736842,417.7894736842105,2262.915789473684,0.07081177520071365,0.3835450490633363
470,47.78947368421053,82.78947368421052,82.78947368421052,43.0,55.473684210526315,1003.578947368421,1738.5789473684208,434.6447368421052,2140.728947368421,0.07366859946476359,0.3628354148082069
471,52.421052631578945,70.42105263157895,70.42105263157895,34.89473684210526,64.3157894736842,1100.842105263158,1478.842105263158,369.7105263157895,2241.142105263158,0.0626628010704728,0.3798545941123997
472,57.89473684210526,81.0,81.0,39.0,73.10526315789474,1215.7894736842104,1701.0,425.25,2492.0921052631575,0.07207627118644068,0.42238849241748433
473,55.89473684210526,70.63157894736842,70.63157894736842,35.421052631578945,65.63157894736842,1173.7894736842104,1483.2631578947369,370.8157894736842,2366.257894736842,0.06285013380909903,0.40106066012488845
474,57.05263157894737,71.94736842105263,71.94736842105263,35.94736842105263,62.8421052631579,1198.1052631578948,1510.8947368421052,377.7236842105263,2414.5026315789473,0.06402096342551293,0.4092377341659233
475,50.473684210526315,79.05263157894737,79.05263157894737,40.78947368421053,59.36842105263158,1059.9473684210527,1660.1052631578948,415.0263157894737,2216.936842105263,0.07034344335414809,0.37575200713648527
476,57.63157894736842,74.6842105263158,74.6842105263158,37.68421052631579,61.21052631578947,1210.2631578947369,1568.3684210526317,392.0921052631579,2449.5394736842104,0.06645628902765388,0.41517618198037465
477,51.10526315789474,71.84210526315789,71.84210526315789,37.1578947368421,57.36842105263158,1073.2105263157896,1508.6842105263156,377.1710526315789,2201.628947368421,0.06392729705619982,0.373157448706512
478,46.0,86.73684210526316,86.73684210526316,43.78947368421053,55.0,966.0,1821.4736842105265,455.3684210526316,2097.5684210526315,0.07718108831400536,0.3555200713648528
479,53.21052631578947,88.89473684210526,88.89473684210526,45.36842105263158,58.21052631578947,1117.421052631579,1866.7894736842104,466.6973684210526,2366.313157894737,0.07910124888492417,0.4010700267618198
480,51.8421052631579,88.05263157894737,88.05263157894737,43.0,68.36842105263158,1088.6842105263158,1849.1052631578948,462.2763157894737,2313.0394736842104,0.07835191793041928,0.39204058876003567
481,47.78947368421053,86.10526315789474,86.10526315789474,43.473684210526315,60.21052631578947,1003.578947368421,1808.2105263157896,452.0526315789474,2158.136842105263,0.07661909009812667,0.36578590544157
482,57.78947368421053,70.94736842105263,70.94736842105263,35.8421052631579,62.68421052631579,1213.578947368421,1489.8947368421052,372.4736842105263,2435.557894736842,0.06313113291703835,0.4128064228367529
483,53.05263157894737,73.36842105263158,73.36842105263158,37.31578947368421,59.94736842105263,1114.1052631578948,1540.7368421052631,385.1842105263158,2279.1631578947367,0.06528545941123996,0.3862988403211418
484,51.05263157894737,83.47368421052632,83.47368421052632,42.63157894736842,59.89473684210526,1072.1052631578948,1752.9473684210527,438.2368421052632,2260.815789473684,0.07427743086529884,0.38318911685994644
485,46.68421052631579,68.73684210526316,68.73684210526316,35.63157894736842,52.473684210526315,980.3684210526316,1443.4736842105265,360.8684210526316,2027.4947368421053,0.06116413916146299,0.34364317573595005
486,49.68421052631579,85.73684210526316,85.73684210526316,44.473684210526315,50.73684210526316,1043.3684210526314,1800.4736842105265,450.1184210526316,2223.844736842105,0.07629125780553078,0.3769228367528991
487,46.8421052631579,76.15789473684211,76.15789473684211,38.421052631578945,53.10526315789474,983.6842105263158,1599.3157894736844,399.8289473684211,2072.092105263158,0.06776761819803748,0.3512020517395183
488,47.63157894736842,83.15789473684211,83.15789473684211,41.73684210526316,52.36842105263158,1000.2631578947368,1746.3157894736844,436.5789473684211,2137.0263157894738,0.07399643175735951,0.36220785013380913
489,50.89473684210526,84.47368421052632,84.47368421052632,42.94736842105263,61.10526315789474,1068.7894736842104,1773.9473684210527,443.4868421052632,2260.4289473684207,0.07516726137377341,0.38312355040142726
490,51.421052631578945,71.15789473684211,71.15789473684211,36.10526315789474,62.421052631578945,1079.842105263158,1494.3157894736844,373.5789473684211,2209.3105263157895,0.0633184656556646,0.37445941123996435
491,53.0,64.78947368421052,64.78947368421052,31.42105263157895,59.1578947368421,1113.0,1360.5789473684208,340.1447368421052,2232.2447368421053,0.05765165031222122,0.3783465655664585
492,61.8421052631579,70.42105263157895,70.42105263157895,32.78947368421053,71.26315789473684,1298.6842105263158,1478.842105263158,369.7105263157895,2577.4736842105262,0.0626628010704728,0.4368599464763604
493,50.68421052631579,69.36842105263158,69.36842105263158,36.0,61.0,1064.3684210526314,1456.7368421052631,364.1842105263158,2173.6105263157892,0.06172613737734166,0.36840856378233716
494,46.473684210526315,76.73684210526316,76.73684210526316,40.0,48.94736842105263,975.9473684210526,1611.4736842105265,402.8684210526316,2061.978947368421,0.0682827832292596,0.34948795718108827
495,55.94736842105263,70.57894736842105,70.57894736842105,34.8421052631579,70.52631578947368,1174.8947368421052,1482.157894736842,370.5394736842105,2367.8605263157892,0.06280330062444246,0.4013322925958965
496,58.73684210526316,62.63157894736842,62.63157894736842,28.63157894736842,61.526315789473685,1233.4736842105262,1315.2631578947369,328.8157894736842,2425.721052631579,0.05573148974130241,0.41113916146297946
497,43.73684210526316,87.15789473684211,87.15789473684211,42.26315789473684,48.63157894736842,918.4736842105264,1830.3157894736844,457.5789473684211,2018.9842105263158,0.07755575379125781,0.3422007136485281
498,55.21052631578947,74.15789473684211,74.15789473684211,36.473684210526315,65.6842105263158,1159.421052631579,1557.3157894736844,389.3289473684211,2360.3447368421052,0.06598795718108832,0.4000584299732382
499,52.78947368421053,72.47368421052632,72.47368421052632,37.21052631578947,53.05263157894737,1108.578947368421,1521.9473684210527,380.4868421052632,2265.071052631579,0.0644892952720785,0.3839103479036574
500,52.05263157894737,69.94736842105263,69.94736842105263,35.68421052631579,60.526315789473685,1093.1052631578948,1468.8947368421052,367.2236842105263,2225.5026315789473,0.06224130240856378,0.37720383586083855
501,50.31578947368421,70.05263157894737,70.05263157894737,36.68421052631579,56.89473684210526,1056.6315789473686,1471.1052631578948,367.7763157894737,2164.05,0.0623349687778769,0.3667881355932204
502,51.89473684210526,70.89473684210526,70.89473684210526,35.63157894736842,57.21052631578947,1089.7894736842104,1488.7894736842104,372.1973684210526,2224.83947368421,0.06308429973238179,0.3770914362176627
503,57.73684210526316,77.47368421052632,77.47368421052632,37.73684210526316,67.94736842105263,1212.4736842105262,1626.9473684210527,406.7368421052632,2467.942105263158,0.06893844781445138,0.4182952720785013
504,47.89473684210526,76.0,76.0,38.78947368421053,50.1578947368421,1005.7894736842104,1596.0,399.0,2108.8421052631575,0.0676271186440678,0.3574308652988403
505,43.36842105263158,84.52631578947368,84.52631578947368,43.10526315789474,47.63157894736842,910.7368421052632,1775.0526315789473,443.7631578947368,1992.0157894736844,0.07521409455842996,0.3376297948260482
506,51.578947368421055,69.42105263157895,69.42105263157895,34.1578947368421,61.36842105263158,1083.157894736842,1457.842105263158,364.4605263157895,2205.828947368421,0.061772970561998215,0.3738693131132917
507,51.473684210526315,77.57894736842105,77.57894736842105,37.73684210526316,63.94736842105263,1080.9473684210527,1629.157894736842,407.2894736842105,2244.9,0.0690321141837645,0.3804915254237288
508,58.473684210526315,71.63157894736842,71.63157894736842,34.94736842105263,67.57894736842105,1227.9473684210527,1504.2631578947369,376.0657894736842,2463.576315789474,0.0637399643175736,0.4175553077609278
509,59.1578947368421,76.73684210526316,76.73684210526316,37.78947368421053,69.63157894736842,1242.3157894736842,1611.4736842105265,402.8684210526316,2514.805263157895,0.0682827832292596,0.42623818019625337
510,50.05263157894737,78.52631578947368,78.52631578947368,39.0,64.3157894736842,1051.1052631578948,1649.0526315789473,412.2631578947368,2199.1421052631576,0.06987511150758251,0.37273595004460297
511,49.89473684210526,73.52631578947368,73.52631578947368,37.21052631578947,54.94736842105263,1047.7894736842104,1544.0526315789473,386.0131578947368,2167.255263157894,0.06542595896520963,0.36733140053523633
512,53.8421052631579,74.63157894736842,74.63157894736842,36.473684210526315,60.26315789473684,1130.6842105263158,1567.2631578947369,391.8157894736842,2313.9789473684214,0.06640945584299733,0.39219982158786804
513,48.89473684210526,77.26315789473684,77.26315789473684,40.0,58.10526315789474,1026.7894736842104,1622.5263157894735,405.6315789473684,2151.173684210526,0.06875111507582515,0.36460570918822477
514,50.05263157894737,71.26315789473684,71.26315789473684,36.68421052631579,56.26315789473684,1051.1052631578948,1496.5263157894735,374.1315789473684,2161.0105263157893,0.0634121320249777,0.3662729705619982
515,49.36842105263158,77.21052631578948,77.21052631578948,39.36842105263158,54.1578947368421,1036.7368421052631,1621.4210526315792,405.3552631578948,2167.807894736842,0.0687042818911686,0.3674250669045495
516,46.473684210526315,88.89473684210526,88.89473684210526,44.10526315789474,55.10526315789474,975.9473684210526,1866.7894736842104,466.6973684210526,2125.807894736842,0.07910124888492417,0.3603064228367529
517,56.526315789473685,63.473684210526315,63.473684210526315,32.578947368421055,60.473684210526315,1187.0526315789473,1332.9473684210527,333.2368421052632,2351.2263157894736,0.056480820695807316,0.3985129348795718
518,48.0,81.21052631578948,81.21052631578948,40.78947368421053,55.421052631578945,1008.0,1705.4210526315792,426.3552631578948,2139.9552631578945,0.07226360392506692,0.36270428189116855
519,54.78947368421053,82.21052631578948,82.21052631578948,40.78947368421053,65.26315789473684,1150.578947368421,1726.4210526315792,431.6052631578948,2387.5894736842106,0.0731534344335415,0.4046761819803747
520,49.63157894736842,78.26315789473684,78.26315789473684,37.36842105263158,57.526315789473685,1042.2631578947369,1643.5263157894735,410.8815789473684,2182.728947368421,0.06964094558429973,0.3699540588760035
521,58.578947368421055,67.21052631578948,67.21052631578948,34.0,58.473684210526315,1230.157894736842,1411.4210526315792,352.8552631578948,2444.1236842105263,0.05980597680642285,0.4142582515611062
522,51.578947368421055,73.21052631578948,73.21052631578948,35.21052631578947,66.52631578947368,1083.157894736842,1537.4210526315792,384.3552631578948,2225.7236842105262,0.0651449598572703,0.3772413024085638
523,53.0,70.10526315789474,70.10526315789474,36.421052631578945,66.3157894736842,1113.0,1472.2105263157896,368.0526315789474,2260.1526315789474,0.062381801962533456,0.3830767172167707
524,56.526315789473685,72.15789473684211,72.15789473684211,35.63157894736842,75.47368421052632,1187.0526315789473,1515.3157894736844,378.8289473684211,2396.8184210526315,0.06420829616413917,0.40624041034790365
525,52.578947368421055,81.78947368421052,81.78947368421052,40.36842105263158,57.526315789473685,1104.157894736842,1717.5789473684208,429.3947368421052,2306.4631578947365,0.07277876895628901,0.3909259589652096
526,53.68421052631579,76.84210526315789,76.84210526315789,37.421052631578945,65.57894736842105,1127.3684210526314,1613.6842105263156,403.4210526315789,2319.947368421052,0.0683764495985727,0.3932114183764495
527,49.473684210526315,86.26315789473684,86.26315789473684,43.8421052631579,55.578947368421055,1038.9473684210527,1811.5263157894735,452.8815789473684,2219.092105263158,0.07675958965209634,0.3761173059768064
528,59.89473684210526,67.89473684210526,67.89473684210526,35.05263157894737,66.05263157894737,1257.7894736842104,1425.7894736842104,356.4473684210526,2494.68947368421,0.06041480820695807,0.4228287243532559
529,45.73684210526316,82.3157894736842,82.3157894736842,42.1578947368421,50.26315789473684,960.4736842105264,1728.6315789473683,432.1578947368421,2064.963157894737,0.07324710080285458,0.34999375557537915
530,53.21052631578947,86.15789473684211,86.15789473684211,42.578947368421055,62.526315789473685,1117.421052631579,1809.3157894736844,452.3289473684211,2351.944736842105,0.07666592328278324,0.39863470115967886
531,55.421052631578945,75.05263157894737,75.05263157894737,37.26315789473684,57.21052631578947,1163.842105263158,1576.1052631578948,394.0263157894737,2372.557894736842,0.06678412132024977,0.402128456735058
532,49.526315789473685,71.94736842105263,71.94736842105263,36.26315789473684,59.1578947368421,1040.0526315789473,1510.8947368421052,377.7236842105263,2145.813157894737,0.06402096342551293,0.3636971454058876
533,56.73684210526316,72.21052631578948,72.21052631578948,35.526315789473685,66.0,1191.4736842105262,1516.4210526315792,379.1052631578948,2404.6105263157897,0.06425512934879572,0.40756110615521857
534,52.63157894736842,72.15789473684211,72.15789473684211,36.0,61.21052631578947,1105.2631578947369,1515.3157894736844,378.8289473684211,2257.7763157894738,0.06420829616413917,0.3826739518287244
535,55.89473684210526,76.0,76.0,39.10526315789474,56.10526315789474,1173.7894736842104,1596.0,399.0,2394.442105263158,0.0676271186440678,0.40583764495985725
536,57.36842105263158,67.10526315789474,67.10526315789474,33.05263157894737,66.3157894736842,1204.7368421052631,1409.2105263157896,352.3026315789474,2400.3552631578946,0.05971231043710973,0.40683987511150754
537,43.31578947368421,95.47368421052632,95.47368421052632,48.421052631578945,51.473684210526315,909.6315789473684,2004.9473684210527,501.2368421052632,2047.6105263157895,0.08495539696699377,0.3470526315789474
538,47.63157894736842,76.78947368421052,76.78947368421052,39.05263157894737,60.10526315789474,1000.2631578947368,1612.5789473684208,403.1447368421052,2103.5921052631575,0.06832961641391613,0.3565410347903657
539,50.1578947368421,73.05263157894737,73.05263157894737,34.8421052631579,58.526315789473685,1053.3157894736842,1534.1052631578948,383.5263157894737,2174.1631578947367,0.06500446030330062,0.3685022301516503
540,49.8421052631579,80.10526315789474,80.10526315789474,41.526315789473685,56.21052631578947,1046.6842105263158,1682.2105263157896,420.5526315789474,2199.915789473684,0.07128010704727922,0.3728670829616414
541,51.05263157894737,72.0,72.0,35.73684210526316,60.36842105263158,1072.1052631578948,1512.0,378.0,2200.578947368421,0.0640677966101695,0.3729794826048171
542,45.0,84.94736842105263,84.94736842105263,43.8421052631579,50.36842105263158,945.0,1783.8947368421052,445.9736842105263,2052.4736842105262,0.07558876003568242,0.3478768956289027
543,50.10526315789474,72.89473684210526,72.89473684210526,36.526315789473685,50.421052631578945,1052.2105263157896,1530.7894736842104,382.6973684210526,2171.455263157895,0.06486396074933094,0.3680432649420161
544,50.63157894736842,78.0,78.0,39.63157894736842,52.0,1063.2631578947369,1638.0,409.5,2217.047368421053,0.06940677966101695,0.3757707404103479
545,50.473684210526315,78.52631578947368,78.52631578947368,38.1578947368421,53.63157894736842,1059.9473684210527,1649.0526315789473,412.2631578947368,2214.1736842105265,0.06987511150758251,0.37528367528991974
546,56.89473684210526,80.84210526315789,80.84210526315789,40.05263157894737,67.94736842105263,1194.7894736842104,1697.6842105263156,424.4210526315789,2455.5631578947364,0.071935771632471,0.41619714540588754
547,62.36842105263158,75.42105263157895,75.42105263157895,36.26315789473684,82.10526315789474,1309.7368421052631,1583.842105263158,395.9605263157895,2622.5131578947367,0.06711195361284568,0.44449375557537907
548,55.78947368421053,71.26315789473684,71.26315789473684,33.21052631578947,69.10526315789474,1171.578947368421,1496.5263157894735,374.1315789473684,2365.815789473684,0.0634121320249777,0.40098572702943797
549,59.421052631578945,79.36842105263158,79.36842105263158,37.63157894736842,78.63157894736842,1247.842105263158,1666.7368421052631,416.6842105263158,2538.0157894736844,0.07062444246208742,0.43017216770740413
550,48.0,77.73684210526316,77.73684210526316,39.526315789473685,53.05263157894737,1008.0,1632.4736842105265,408.1184210526316,2121.7184210526316,0.06917261373773417,0.3596132917038359
551,51.473684210526315,73.3157894736842,73.3157894736842,37.78947368421053,54.10526315789474,1080.9473684210527,1539.6315789473683,384.9078947368421,2222.5184210526313,0.0652386262265834,0.3766980374665477
552,49.26315789473684,77.89473684210526,77.89473684210526,37.578947368421055,52.8421052631579,1034.5263157894738,1635.7894736842104,408.9473684210526,2167.642105263158,0.06931311329170384,0.3673969669937556
553,51.0,78.15789473684211,78.15789473684211,39.8421052631579,63.63157894736842,1071.0,1641.3157894736844,410.3289473684211,2231.028947368421,0.06954727921498663,0.37814049955396967
554,55.36842105263158,71.36842105263158,71.36842105263158,37.26315789473684,61.526315789473685,1162.7368421052631,1498.7368421052631,374.6842105263158,2351.336842105263,0.06350579839429081,0.3985316681534344
555,53.05263157894737,72.89473684210526,72.89473684210526,36.578947368421055,66.0,1114.1052631578948,1530.7894736842104,382.6973684210526,2276.676315789474,0.06486396074933094,0.3858773416592329
556,47.78947368421053,74.36842105263158,74.36842105263158,37.1578947368421,53.05263157894737,1003.578947368421,1561.7368421052631,390.4342105263158,2096.5184210526313,0.06617528991971454,0.35534210526315785
557,54.421052631578945,67.57894736842105,67.57894736842105,34.10526315789474,66.0,1142.842105263158,1419.157894736842,354.7894736842105,2297.621052631579,0.060133809099018734,0.38942729705619983
558,51.473684210526315,78.05263157894737,78.05263157894737,38.473684210526315,58.89473684210526,1080.9473684210527,1639.1052631578948,409.7763157894737,2247.386842105263,0.06945361284567352,0.3809130240856378
559,50.31578947368421,71.84210526315789,71.84210526315789,35.1578947368421,65.84210526315789,1056.6315789473686,1508.6842105263156,377.1710526315789,2173.444736842105,0.06392729705619982,0.3683804638715433
560,50.26315789473684,68.84210526315789,68.84210526315789,35.68421052631579,61.26315789473684,1055.5263157894738,1445.6842105263156,361.4210526315789,2155.815789473684,0.06125780553077609,0.3653925066904549
561,48.8421052631579,71.10526315789474,71.10526315789474,37.31578947368421,52.421052631578945,1025.6842105263158,1493.2105263157896,373.3026315789474,2116.9657894736843,0.06327163247100803,0.3588077609277431
562,51.89473684210526,67.52631578947368,67.52631578947368,32.8421052631579,54.421052631578945,1089.7894736842104,1418.0526315789473,354.5131578947368,2207.1552631578943,0.06008697591436217,0.3740941123996431
563,63.473684210526315,74.36842105263158,74.36842105263158,37.36842105263158,71.63157894736842,1332.9473684210527,1561.7368421052631,390.4342105263158,2656.4447368421056,0.06617528991971454,0.45024487065120433
564,50.63157894736842,71.05263157894737,71.05263157894737,35.1578947368421,56.31578947368421,1063.2631578947369,1492.1052631578948,373.0263157894737,2180.573684210526,0.06322479928635147,0.3695887600356824
565,56.05263157894737,71.94736842105263,71.94736842105263,34.526315789473685,62.68421052631579,1177.1052631578948,1510.8947368421052,377.7236842105263,2378.8026315789475,0.06402096342551293,0.40318688670829617
566,55.473684210526315,71.63157894736842,71.63157894736842,35.8421052631579,63.10526315789474,1164.9473684210527,1504.2631578947369,376.0657894736842,2356.476315789474,0.0637399643175736,0.3994027653880464
567,53.31578947368421,70.21052631578948,70.21052631578948,33.78947368421053,62.526315789473685,1119.6315789473686,1474.4210526315792,368.6052631578948,2271.9789473684214,0.06247546833184658,0.3850811775200714
568,49.68421052631579,72.78947368421052,72.78947368421052,37.78947368421053,52.73684210526316,1043.3684210526314,1528.5789473684208,382.1447368421052,2155.8710526315786,0.06477029438001783,0.3654018733273862
569,53.36842105263158,78.78947368421052,78.78947368421052,40.31578947368421,67.15789473684211,1120.7368421052631,1654.5789473684208,413.6447368421052,2318.8973684210523,0.07010927743086529,0.3930334522747546
570,51.68421052631579,85.3157894736842,85.3157894736842,42.10526315789474,62.89473684210526,1085.3684210526314,1791.6315789473683,447.9078947368421,2293.0342105263153,0.07591659232827831,0.3886498661909009
571,59.63157894736842,65.89473684210526,65.89473684210526,33.578947368421055,67.21052631578948,1252.2631578947369,1383.7894736842104,345.9473684210526,2474.794736842105,0.05863514719000892,0.4194567350579839
572,55.578947368421055,82.21052631578948,82.21052631578948,40.1578947368421,71.21052631578948,1167.157894736842,1726.4210526315792,431.6052631578948,2415.773684210526,0.0731534344335415,0.4094531668153434
573,50.8421052631579,78.89473684210526,78.89473684210526,40.63157894736842,61.05263157894737,1067.6842105263158,1656.7894736842104,414.1973684210526,2229.2605263157893,0.07020294380017841,0.3778407671721677
574,61.94736842105263,69.21052631578948,69.21052631578948,33.63157894736842,77.84210526315789,1300.8947368421052,1453.4210526315792,363.3552631578948,2574.8763157894737,0.061585637823372,0.43641971454058875
575,53.526315789473685,78.84210526315789,78.84210526315789,38.0,55.89473684210526,1124.0526315789473,1655.6842105263156,413.9210526315789,2324.810526315789,0.07015611061552185,0.3940356824264049
576,53.473684210526315,67.6842105263158,67.6842105263158,33.421052631578945,69.78947368421052,1122.9473684210527,1421.3684210526317,355.3421052631579,2264.3526315789477,0.06022747546833185,0.38378858162355045
577,56.78947368421053,66.94736842105263,66.94736842105263,36.0,60.10526315789474,1192.578947368421,1405.8947368421052,351.4736842105263,2378.857894736842,0.05957181088314005,0.40319625334522746
578,50.10526315789474,74.52631578947368,74.52631578947368,37.10526315789474,57.473684210526315,1052.2105263157896,1565.0526315789473,391.2631578947368,2180.021052631579,0.0663157894736842,0.36949509366636935
579,47.1578947368421,79.84210526315789,79.84210526315789,40.21052631578947,60.05263157894737,990.3157894736842,1676.6842105263156,419.1710526315789,2102.707894736842,0.07104594112399643,0.35639116859946474
580,49.8421052631579,80.78947368421052,80.78947368421052,40.31578947368421,54.94736842105263,1046.6842105263158,1696.5789473684208,424.1447368421052,2203.507894736842,0.07188893844781444,0.3734759143621766
581,46.63157894736842,79.15789473684211,79.15789473684211,40.36842105263158,57.421052631578945,979.2631578947368,1662.3157894736844,415.5789473684211,2080.3263157894735,0.0704371097234612,0.35259768064228364
582,51.89473684210526,75.78947368421052,75.78947368421052,38.421052631578945,63.78947368421053,1089.7894736842104,1591.5789473684208,397.8947368421052,2250.5368421052626,0.06743978590544156,0.3814469223907225
583,57.73684210526316,63.578947368421055,63.578947368421055,31.526315789473685,69.57894736842105,1212.4736842105262,1335.157894736842,333.7894736842105,2394.994736842105,0.05657448706512043,0.4059313113291703
584,53.26315789473684,78.73684210526316,78.73684210526316,39.63157894736842,61.94736842105263,1118.5263157894738,1653.4736842105265,413.3684210526316,2314.863157894737,0.07006244424620875,0.392349687778769
585,49.05263157894737,69.73684210526316,69.73684210526316,34.78947368421053,58.578947368421055,1030.1052631578948,1464.4736842105265,366.1184210526316,2117.297368421053,0.062053969669937564,0.35886396074933097
586,54.10526315789474,76.26315789473684,76.26315789473684,37.63157894736842,62.73684210526316,1136.2105263157896,1601.5263157894735,400.3815789473684,2331.9394736842105,0.06786128456735058,0.39524397859054416
587,43.89473684210526,81.21052631578948,81.21052631578948,41.63157894736842,53.94736842105263,921.7894736842104,1705.4210526315792,426.3552631578948,1993.3973684210525,0.07226360392506692,0.33786396074933095
588,54.31578947368421,64.10526315789474,64.10526315789474,30.473684210526315,67.26315789473684,1140.6315789473686,1346.2105263157896,336.5526315789474,2275.6263157894737,0.057042818911686,0.3856993755575379
589,53.8421052631579,76.26315789473684,76.26315789473684,38.73684210526316,70.21052631578948,1130.6842105263158,1601.5263157894735,400.3815789473684,2322.5447368421055,0.06786128456735058,0.39365165031222127
590,49.94736842105263,70.26315789473684,70.26315789473684,34.89473684210526,49.10526315789474,1048.8947368421052,1475.5263157894735,368.8815789473684,2152.0026315789473,0.06252230151650312,0.3647462087421945
591,57.473684210526315,65.42105263157895,65.42105263157895,32.89473684210526,62.05263157894737,1206.9473684210527,1373.842105263158,343.4605263157895,2395.271052631579,0.05821364852809991,0.40597814451382697
592,53.0,66.26315789473684,66.26315789473684,32.21052631578947,65.3157894736842,1113.0,1391.5263157894735,347.8815789473684,2239.9815789473682,0.05896297948260481,0.3796578947368421
593,50.0,77.47368421052632,77.47368421052632,40.26315789473684,57.63157894736842,1050.0,1626.9473684210527,406.7368421052632,2191.7368421052633,0.06893844781445138,0.37148082069580735
594,49.78947368421053,68.94736842105263,68.94736842105263,33.0,58.78947368421053,1045.578947368421,1447.8947368421052,361.9736842105263,2139.4578947368423,0.0613514719000892,0.3626199821587868
595,50.36842105263158,73.89473684210526,73.89473684210526,36.21052631578947,62.05263157894737,1057.7368421052631,1551.7894736842104,387.9473684210526,2186.1,0.06575379125780552,0.37052542372881353
596,51.8421052631579,73.36842105263158,73.36842105263158,37.31578947368421,59.1578947368421,1088.6842105263158,1540.7368421052631,385.1842105263158,2235.9473684210525,0.06528545941123996,0.37897413024085636
597,56.78947368421053,65.42105263157895,65.42105263157895,31.526315789473685,64.94736842105263,1192.578947368421,1373.842105263158,343.4605263157895,2370.8447368421052,0.05821364852809991,0.40183809099018736
598,46.68421052631579,66.94736842105263,66.94736842105263,33.421052631578945,50.0,980.3684210526316,1405.8947368421052,351.4736842105263,2018.1,0.05957181088314005,0.3420508474576271
599,58.05263157894737,83.89473684210526,83.89473684210526,40.21052631578947,64.84210526315789,1219.1052631578948,1761.7894736842104,440.4473684210526,2512.9263157894734,0.0746520963425513,0.4259197145405887
600,50.526315789473685,71.52631578947368,71.52631578947368,36.21052631578947,52.473684210526315,1061.0526315789473,1502.0526315789473,375.5131578947368,2179.302631578947,0.06364629794826047,0.3693733273862622
601,52.73684210526316,78.0,78.0,39.473684210526315,59.21052631578947,1107.4736842105262,1638.0,409.5,2292.2052631578945,0.06940677966101695,0.38850936663693125
602,52.73684210526316,77.15789473684211,77.15789473684211,39.68421052631579,57.36842105263158,1107.4736842105262,1620.3157894736844,405.0789473684211,2287.7842105263157,0.06865744870651205,0.3877600356824264
603,52.89473684210526,73.6842105263158,73.6842105263158,34.526315789473685,59.89473684210526,1110.7894736842104,1547.3684210526317,386.8421052631579,2275.184210526316,0.0655664585191793,0.38562444246208744
604,53.21052631578947,75.84210526315789,75.84210526315789,37.78947368421053,58.68421052631579,1117.421052631579,1592.6842105263156,398.1710526315789,2297.786842105263,0.06748661909009812,0.3894553969669937
605,54.26315789473684,72.84210526315789,72.84210526315789,37.26315789473684,62.526315789473685,1139.5263157894738,1529.6842105263156,382.4210526315789,2319.6157894736843,0.06481712756467439,0.39315521855486174
606,50.63157894736842,83.84210526315789,83.84210526315789,42.421052631578945,65.15789473684211,1063.2631578947369,1760.6842105263156,440.1710526315789,2247.7184210526316,0.07460526315789473,0.3809692239072257
607,50.73684210526316,84.78947368421052,84.78947368421052,42.94736842105263,59.1578947368421,1065.4736842105262,1780.5789473684208,445.1447368421052,2256.45,0.07544826048171274,0.38244915254237283
608,58.73684210526316,71.57894736842105,71.57894736842105,35.473684210526315,62.21052631578947,1233.4736842105262,1503.157894736842,375.7894736842105,2472.694736842105,0.06369313113291704,0.4191008028545941
609,51.21052631578947,75.84210526315789,75.84210526315789,36.94736842105263,54.8421052631579,1075.421052631579,1592.6842105263156,398.1710526315789,2226.386842105263,0.06748661909009812,0.3773537020517395
610,54.05263157894737,79.94736842105263,79.94736842105263,41.26315789473684,58.31578947368421,1135.1052631578948,1678.8947368421052,419.7236842105263,2349.4026315789474,0.07113960749330954,0.3982038358608386
611,60.31578947368421,75.10526315789474,75.10526315789474,36.578947368421055,69.36842105263158,1266.6315789473686,1577.2105263157896,394.3026315789474,2547.576315789474,0.06683095450490634,0.431792595896521
612,49.31578947368421,72.6842105263158,72.6842105263158,36.73684210526316,51.421052631578945,1035.6315789473686,1526.3684210526317,381.5921052631579,2142.1657894736845,0.06467662801070473,0.3630789473684211
613,45.89473684210526,76.78947368421052,76.78947368421052,39.473684210526315,56.8421052631579,963.7894736842104,1612.5789473684208,403.1447368421052,2041.5868421052628,0.06832961641391613,0.3460316681534344
614,55.10526315789474,77.47368421052632,77.47368421052632,39.63157894736842,74.3157894736842,1157.2105263157896,1626.9473684210527,406.7368421052632,2373.9947368421053,0.06893844781445138,0.40237198929527207
615,49.21052631578947,79.94736842105263,79.94736842105263,42.05263157894737,57.421052631578945,1033.421052631579,1678.8947368421052,419.7236842105263,2176.5394736842104,0.07113960749330954,0.3689049955396967
616,55.73684210526316,73.78947368421052,73.78947368421052,35.578947368421055,68.73684210526316,1170.4736842105262,1549.5789473684208,387.3947368421052,2377.2,0.0656601248884924,0.4029152542372881
617,56.0,75.3157894736842,75.3157894736842,37.05263157894737,64.0,1176.0,1581.6315789473683,395.4078947368421,2394.6078947368424,0.06701828724353255,0.40586574487065125
618,50.1578947368421,77.05263157894737,77.05263157894737,37.78947368421053,53.10526315789474,1053.3157894736842,1618.1052631578948,404.5263157894737,2195.1631578947367,0.06856378233719893,0.3720615521855486
619,56.526315789473685,73.42105263157895,73.42105263157895,36.05263157894737,67.47368421052632,1187.0526315789473,1541.842105263158,385.4605263157895,2403.45,0.06533229259589653,0.40736440677966096
620,52.05263157894737,80.57894736842105,80.57894736842105,40.10526315789474,54.21052631578947,1093.1052631578948,1692.157894736842,423.0394736842105,2281.3184210526315,0.07170160570918822,0.38666413916146297
621,49.94736842105263,68.63157894736842,68.63157894736842,33.63157894736842,65.3157894736842,1048.8947368421052,1441.2631578947369,360.3157894736842,2143.436842105263,0.06107047279214987,0.3632943800178412
622,65.57894736842105,70.84210526315789,70.84210526315789,33.1578947368421,82.47368421052632,1377.157894736842,1487.6842105263156,371.9210526315789,2713.08947368421,0.06303746654772524,0.4598456735057983
623,51.473684210526315,74.47368421052632,74.47368421052632,38.05263157894737,59.526315789473685,1080.9473684210527,1563.9473684210527,390.9868421052632,2228.5973684210526,0.06626895628902765,0.37772836752899197
624,59.421052631578945,76.47368421052632,76.47368421052632,39.05263157894737,70.21052631578948,1247.842105263158,1605.9473684210527,401.4868421052632,2522.818421052632,0.0680486173059768,0.42759634255129353
625,55.63157894736842,78.78947368421052,78.78947368421052,40.578947368421055,65.26315789473684,1168.2631578947369,1654.5789473684208,413.6447368421052,2399.692105263158,0.07010927743086529,0.4067274754683318
626,49.8421052631579,73.78947368421052,73.78947368421052,36.73684210526316,60.578947368421055,1046.6842105263158,1549.5789473684208,387.3947368421052,2166.757894736842,0.0656601248884924,0.36724710080285455
627,50.8421052631579,72.47368421052632,72.47368421052632,36.26315789473684,57.05263157894737,1067.6842105263158,1521.9473684210527,380.4868421052632,2195.55,0.0644892952720785,0.37212711864406783
628,51.89473684210526,68.84210526315789,68.84210526315789,34.10526315789474,52.94736842105263,1089.7894736842104,1445.6842105263156,361.4210526315789,2214.0631578947364,0.06125780553077609,0.37526494201605703
629,55.578947368421055,78.89473684210526,78.89473684210526,38.8421052631579,61.89473684210526,1167.157894736842,1656.7894736842104,414.1973684210526,2398.365789473684,0.07020294380017841,0.4065026761819803
630,53.10526315789474,76.73684210526316,76.73684210526316,38.89473684210526,67.57894736842105,1115.2105263157896,1611.4736842105265,402.8684210526316,2298.726315789474,0.0682827832292596,0.3896146297948261
631,50.78947368421053,79.47368421052632,79.47368421052632,39.68421052631579,56.89473684210526,1066.578947368421,1668.9473684210527,417.2368421052632,2230.4210526315787,0.07071810883140053,0.3780374665477252
632,56.31578947368421,72.78947368421052,72.78947368421052,36.21052631578947,64.26315789473684,1182.6315789473686,1528.5789473684208,382.1447368421052,2392.6184210526317,0.06477029438001783,0.40552854594112403
633,54.05263157894737,70.52631578947368,70.52631578947368,36.73684210526316,53.8421052631579,1135.1052631578948,1481.0526315789473,370.2631578947368,2299.942105263158,0.0627564674397859,0.3898206958073149
634,66.10526315789474,69.21052631578948,69.21052631578948,32.10526315789474,79.73684210526316,1388.2105263157896,1453.4210526315792,363.3552631578948,2723.313157894737,0.061585637823372,0.461578501338091
635,49.473684210526315,78.84210526315789,78.84210526315789,40.421052631578945,49.89473684210526,1038.9473684210527,1655.6842105263156,413.9210526315789,2180.1315789473683,0.07015611061552185,0.36951382694023194
636,46.78947368421053,74.47368421052632,74.47368421052632,37.26315789473684,57.63157894736842,982.578947368421,1563.9473684210527,390.9868421052632,2061.371052631579,0.06626895628902765,0.3493849241748439
637,57.21052631578947,63.63157894736842,63.63157894736842,31.0,64.15789473684211,1201.421052631579,1336.2631578947369,334.0657894736842,2376.4815789473682,0.05662132024977699,0.40279348795718106
638,58.63157894736842,88.73684210526316,88.73684210526316,43.473684210526315,73.36842105263158,1231.2631578947369,1863.4736842105265,465.8684210526316,2559.0157894736844,0.07896074933095451,0.43373148974130243
639,59.89473684210526,68.0,68.0,33.0,67.94736842105263,1257.7894736842104,1428.0,357.0,2495.2421052631576,0.06050847457627118,0.4229223907225691
640,55.63157894736842,72.6842105263158,72.6842105263158,36.89473684210526,61.1578947368421,1168.2631578947369,1526.3684210526317,381.5921052631579,2367.6394736842103,0.06467662801070473,0.40129482604817124
641,52.21052631578947,67.15789473684211,67.15789473684211,32.94736842105263,58.05263157894737,1096.421052631579,1410.3157894736844,352.5789473684211,2216.4947368421053,0.059759143621766285,0.3756770740410348
642,58.26315789473684,71.57894736842105,71.57894736842105,35.578947368421055,66.78947368421052,1223.5263157894738,1503.157894736842,375.7894736842105,2455.7842105263157,0.06369313113291704,0.41623461195361283
643,55.31578947368421,83.36842105263158,83.36842105263158,40.05263157894737,62.05263157894737,1161.6315789473686,1750.7368421052631,437.6842105263158,2412.4578947368423,0.07418376449598572,0.4088911685994648
644,44.78947368421053,76.63157894736842,76.63157894736842,40.63157894736842,48.94736842105263,940.578947368421,1609.2631578947369,402.3157894736842,2001.3,0.06818911685994648,0.33920338983050846
645,50.21052631578947,76.57894736842105,76.57894736842105,40.8421052631579,58.473684210526315,1054.421052631579,1608.157894736842,402.0394736842105,2194.555263157895,0.06814228367528992,0.3719585191793042
646,51.0,63.36842105263158,63.36842105263158,31.263157894736842,62.05263157894737,1071.0,1330.7368421052631,332.6842105263158,2153.3842105263157,0.0563871543264942,0.3649803746654772
647,48.68421052631579,69.78947368421052,69.78947368421052,35.73684210526316,53.89473684210526,1022.3684210526316,1465.5789473684208,366.3947368421052,2104.4210526315787,0.0621008028545941,0.35668153434433536
648,57.78947368421053,72.63157894736842,72.63157894736842,36.31578947368421,67.3157894736842,1213.578947368421,1525.2631578947369,381.3157894736842,2444.4,0.06462979482604818,0.4143050847457627
649,48.473684210526315,79.15789473684211,79.15789473684211,39.21052631578947,58.89473684210526,1017.9473684210526,1662.3157894736844,415.5789473684211,2146.0894736842106,0.0704371097234612,0.3637439785905442
650,56.421052631578945,72.05263157894737,72.05263157894737,34.21052631578947,66.89473684210526,1184.842105263158,1513.1052631578948,378.2763157894737,2392.507894736842,0.06411462979482604,0.4055098126672613
651,52.578947368421055,65.94736842105263,65.94736842105263,34.94736842105263,57.63157894736842,1104.157894736842,1384.8947368421052,346.2236842105263,2223.2921052631577,0.058681980374665474,0.37682917038358604
652,54.0,71.15789473684211,71.15789473684211,32.21052631578947,68.3157894736842,1134.0,1494.3157894736844,373.5789473684211,2301.378947368421,0.0633184656556646,0.39006422836752896
653,51.8421052631579,75.6842105263158,75.6842105263158,38.21052631578947,60.473684210526315,1088.6842105263158,1589.3684210526317,397.3421052631579,2248.105263157895,0.06734611953612846,0.38103479036574495
654,54.8421052631579,76.26315789473684,76.26315789473684,37.578947368421055,60.94736842105263,1151.6842105263158,1601.5263157894735,400.3815789473684,2358.2447368421053,0.06786128456735058,0.39970249776984834
655,52.578947368421055,71.89473684210526,71.89473684210526,36.578947368421055,55.31578947368421,1104.157894736842,1509.7894736842104,377.4473684210526,2254.515789473684,0.06397413024085637,0.38212132024977696
656,58.8421052631579,72.36842105263158,72.36842105263158,33.73684210526316,73.89473684210526,1235.6842105263158,1519.7368421052631,379.9342105263158,2480.5973684210526,0.06439562890276539,0.4204402319357716
657,57.421052631578945,74.89473684210526,74.89473684210526,36.421052631578945,66.57894736842105,1205.842105263158,1572.7894736842104,393.1973684210526,2443.128947368421,0.0666436217662801,0.4140896520963425
658,56.578947368421055,70.78947368421052,70.78947368421052,35.31578947368421,71.15789473684211,1188.157894736842,1486.5789473684208,371.6447368421052,2391.5131578947367,0.06299063336306868,0.4053412132024977
659,48.473684210526315,79.15789473684211,79.15789473684211,39.73684210526316,52.0,1017.9473684210526,1662.3157894736844,415.5789473684211,2146.0894736842106,0.0704371097234612,0.3637439785905442
660,46.0,79.05263157894737,79.05263157894737,41.421052631578945,50.73684210526316,966.0,1660.1052631578948,415.0263157894737,2057.2263157894736,0.07034344335414809,0.3486824264049955
661,50.421052631578945,77.57894736842105,77.57894736842105,38.421052631578945,57.89473684210526,1058.842105263158,1629.157894736842,407.2894736842105,2207.321052631579,0.0690321141837645,0.3741222123104371
662,51.63157894736842,72.47368421052632,72.47368421052632,36.10526315789474,59.8421052631579,1084.2631578947369,1521.9473684210527,380.4868421052632,2223.734210526316,0.0644892952720785,0.37690410347903663
663,48.89473684210526,86.26315789473684,86.26315789473684,43.05263157894737,54.89473684210526,1026.7894736842104,1811.5263157894735,452.8815789473684,2198.423684210526,0.07675958965209634,0.37261418376449595
664,50.421052631578945,80.21052631578948,80.21052631578948,40.63157894736842,54.36842105263158,1058.842105263158,1684.4210526315792,421.1052631578948,2221.136842105263,0.07137377341659233,0.37646387154326494
665,50.10526315789474,74.0,74.0,36.36842105263158,62.36842105263158,1052.2105263157896,1554.0,388.5,2177.257894736842,0.06584745762711865,0.3690267618198037
666,54.68421052631579,70.63157894736842,70.63157894736842,34.63157894736842,71.78947368421052,1148.3684210526314,1483.2631578947369,370.8157894736842,2323.0421052631577,0.06285013380909903,0.393735950044603
667,57.78947368421053,76.21052631578948,76.21052631578948,38.94736842105263,67.0,1213.578947368421,1600.4210526315792,400.1052631578948,2463.1894736842105,0.06781445138269403,0.41748974130240857
668,59.36842105263158,76.63157894736842,76.63157894736842,38.526315789473685,63.31578947368421,1246.7368421052631,1609.2631578947369,402.3157894736842,2521.7684210526313,0.06818911685994648,0.4274183764495985
669,55.31578947368421,72.52631578947368,72.52631578947368,35.421052631578945,62.526315789473685,1161.6315789473686,1523.0526315789473,380.7631578947368,2355.536842105263,0.06453612845673505,0.39924353256021405
670,53.8421052631579,71.10526315789474,71.10526315789474,33.78947368421053,63.78947368421053,1130.6842105263158,1493.2105263157896,373.3026315789474,2295.4657894736843,0.06327163247100803,0.38906199821587867
671,55.473684210526315,73.36842105263158,73.36842105263158,34.473684210526315,59.578947368421055,1164.9473684210527,1540.7368421052631,385.1842105263158,2365.5947368421052,0.06528545941123996,0.4009482604817128
672,56.526315789473685,83.6842105263158,83.6842105263158,40.73684210526316,63.1578947368421,1187.0526315789473,1757.3684210526317,439.3421052631579,2457.331578947368,0.07446476360392507,0.4164968777876895
673,59.78947368421053,70.63157894736842,70.63157894736842,34.26315789473684,73.15789473684211,1255.578947368421,1483.2631578947369,370.8157894736842,2505.2999999999997,0.06285013380909903,0.42462711864406777
674,53.421052631578945,74.57894736842105,74.57894736842105,36.89473684210526,61.89473684210526,1121.842105263158,1566.157894736842,391.5394736842105,2298.6710526315787,0.06636262265834077,0.3896052631578947
675,45.68421052631579,79.94736842105263,79.94736842105263,40.36842105263158,47.0,959.3684210526316,1678.8947368421052,419.7236842105263,2050.65,0.07113960749330954,0.3475677966101695
676,61.68421052631579,68.52631578947368,68.52631578947368,35.10526315789474,72.78947368421052,1295.3684210526314,1439.0526315789473,359.7631578947368,2561.88947368421,0.060976806422836746,0.4342185548617305
677,54.421052631578945,71.94736842105263,71.94736842105263,34.10526315789474,67.26315789473684,1142.842105263158,1510.8947368421052,377.7236842105263,2320.555263157895,0.06402096342551293,0.39331445138269405
678,57.68421052631579,76.89473684210526,76.89473684210526,38.26315789473684,64.42105263157895,1211.3684210526314,1614.7894736842104,403.6973684210526,2463.023684210526,0.06842328278322926,0.41746164139161457
679,57.89473684210526,77.73684210526316,77.73684210526316,37.78947368421053,67.42105263157895,1215.7894736842104,1632.4736842105265,408.1184210526316,2474.960526315789,0.06917261373773417,0.4194848349687778
680,59.89473684210526,70.21052631578948,70.21052631578948,36.421052631578945,66.6842105263158,1257.7894736842104,1474.4210526315792,368.6052631578948,2506.847368421052,0.06247546833184658,0.42488938447814445
681,49.89473684210526,88.21052631578948,88.21052631578948,45.421052631578945,50.578947368421055,1047.7894736842104,1852.4210526315792,463.1052631578948,2244.347368421052,0.07849241748438895,0.3803978590544156
682,53.68421052631579,76.94736842105263,76.94736842105263,38.89473684210526,65.78947368421052,1127.3684210526314,1615.8947368421052,403.9736842105263,2320.4999999999995,0.06847011596788581,0.39330508474576265
683,44.89473684210526,76.0,76.0,39.36842105263158,53.1578947368421,942.7894736842104,1596.0,399.0,2001.7421052631576,0.0676271186440678,0.3392783229259589
684,51.421052631578945,65.10526315789474,65.10526315789474,33.578947368421055,55.73684210526316,1079.842105263158,1367.2105263157896,341.8026315789474,2177.5342105263157,0.057932649420160576,0.3690735950044603
685,47.36842105263158,86.10526315789474,86.10526315789474,42.73684210526316,55.89473684210526,994.7368421052632,1808.2105263157896,452.0526315789474,2143.105263157895,0.07661909009812667,0.36323818019625337
686,51.0,74.10526315789474,74.10526315789474,36.8421052631579,61.8421052631579,1071.0,1556.2105263157896,389.0526315789474,2209.7526315789473,0.06594112399643176,0.3745343443354148
687,64.47368421052632,65.15789473684211,65.15789473684211,30.842105263157894,74.47368421052632,1353.9473684210527,1368.3157894736844,342.0789473684211,2643.789473684211,0.05797948260481713,0.448099910793934
688,53.68421052631579,71.0,71.0,36.1578947368421,64.73684210526316,1127.3684210526314,1491.0,372.75,2289.2763157894733,0.06317796610169492,0.3880129348795717
689,47.78947368421053,79.21052631578948,79.21052631578948,38.0,60.94736842105263,1003.578947368421,1663.4210526315792,415.8552631578948,2121.9394736842105,0.07048394290811776,0.3596507582515611
690,47.05263157894737,73.84210526315789,73.84210526315789,39.421052631578945,51.8421052631579,988.1052631578948,1550.6842105263156,387.6710526315789,2067.45,0.06570695807314897,0.3504152542372881
691,51.26315789473684,72.84210526315789,72.84210526315789,36.94736842105263,66.26315789473684,1076.5263157894738,1529.6842105263156,382.4210526315789,2212.515789473684,0.06481712756467439,0.37500267618198035
692,49.473684210526315,68.05263157894737,68.05263157894737,31.57894736842105,62.78947368421053,1038.9473684210527,1429.1052631578948,357.2763157894737,2123.4868421052633,0.06055530776092775,0.35991302408563786
693,51.05263157894737,74.10526315789474,74.10526315789474,38.0,59.78947368421053,1072.1052631578948,1556.2105263157896,389.0526315789474,2211.6315789473683,0.06594112399643176,0.3748528099910794
694,51.73684210526316,75.3157894736842,75.3157894736842,38.10526315789474,67.21052631578948,1086.4736842105262,1581.6315789473683,395.4078947368421,2242.4131578947367,0.06701828724353255,0.3800700267618198
695,51.421052631578945,79.0,79.0,39.421052631578945,64.10526315789474,1079.842105263158,1659.0,414.75,2250.4815789473687,0.07029661016949153,0.3814375557537913
696,61.578947368421055,68.73684210526316,68.73684210526316,34.0,71.52631578947368,1293.157894736842,1443.4736842105265,360.8684210526316,2559.2368421052633,0.06116413916146299,0.4337689562890277
697,50.578947368421055,78.10526315789474,78.10526315789474,38.05263157894737,58.78947368421053,1062.157894736842,1640.2105263157896,410.0526315789474,2215.721052631579,0.06950044603033007,0.3755459411239964
698,55.21052631578947,77.36842105263158,77.36842105263158,38.26315789473684,59.526315789473685,1159.421052631579,1624.7368421052631,406.1842105263158,2377.2,0.06884478144513827,0.4029152542372881
699,42.0,82.52631578947368,82.52631578947368,43.78947368421053,49.421052631578945,882.0,1733.0526315789473,433.2631578947368,1932.6631578947367,0.07343443354148081,0.3275700267618198
700,52.526315789473685,76.05263157894737,76.05263157894737,38.73684210526316,53.8421052631579,1103.0526315789473,1597.1052631578948,399.2763157894737,2274.465789473684,0.06767395182872435,0.3855026761819803
701,54.68421052631579,66.78947368421052,66.78947368421052,33.8421052631579,58.1578947368421,1148.3684210526314,1402.5789473684208,350.6447368421052,2302.8710526315786,0.05943131132917037,0.39031712756467435
702,51.36842105263158,76.05263157894737,76.05263157894737,37.578947368421055,63.36842105263158,1078.7368421052631,1597.1052631578948,399.2763157894737,2233.128947368421,0.06767395182872435,0.3784964317573595
703,50.578947368421055,80.57894736842105,80.57894736842105,40.8421052631579,53.36842105263158,1062.157894736842,1692.157894736842,423.0394736842105,2228.707894736842,0.07170160570918822,0.37774710080285456
704,49.473684210526315,78.10526315789474,78.10526315789474,39.21052631578947,63.78947368421053,1038.9473684210527,1640.2105263157896,410.0526315789474,2176.263157894737,0.06950044603033007,0.3688581623550402
705,47.31578947368421,81.89473684210526,81.89473684210526,41.8421052631579,52.94736842105263,993.6315789473684,1719.7894736842104,429.9473684210526,2119.121052631579,0.07287243532560214,0.35917305976806424
706,50.8421052631579,84.26315789473684,84.26315789473684,42.578947368421055,66.63157894736842,1067.6842105263158,1769.5263157894735,442.3815789473684,2257.444736842105,0.07497992863514719,0.3826177520071365
707,52.78947368421053,69.0,69.0,34.10526315789474,60.05263157894737,1108.578947368421,1449.0,362.25,2246.8342105263155,0.06139830508474576,0.38081935771632464
708,61.94736842105263,79.89473684210526,79.89473684210526,39.78947368421053,71.0,1300.8947368421052,1677.7894736842104,419.4473684210526,2630.968421052631,0.07109277430865299,0.4459268510258697
709,56.21052631578947,63.73684210526316,63.73684210526316,32.10526315789474,71.78947368421052,1180.421052631579,1338.4736842105262,334.61842105263156,2341.334210526316,0.056714986619090094,0.3968363068688671
710,52.421052631578945,76.84210526315789,76.84210526315789,40.26315789473684,58.68421052631579,1100.842105263158,1613.6842105263156,403.4210526315789,2274.8526315789472,0.0683764495985727,0.38556824264049955
711,51.421052631578945,74.73684210526316,74.73684210526316,37.63157894736842,61.94736842105263,1079.842105263158,1569.4736842105265,392.3684210526316,2228.1,0.06650312221231044,0.37764406779661014
712,53.78947368421053,72.57894736842105,72.57894736842105,36.63157894736842,64.42105263157895,1129.578947368421,1524.157894736842,381.0394736842105,2301.323684210526,0.06458296164139161,0.39005486173059767
713,63.1578947368421,73.52631578947368,73.52631578947368,36.73684210526316,66.52631578947368,1326.3157894736842,1544.0526315789473,386.0131578947368,2640.7499999999995,0.06542595896520963,0.4475847457627118
714,49.21052631578947,88.78947368421052,88.78947368421052,45.26315789473684,56.36842105263158,1033.421052631579,1864.5789473684208,466.1447368421052,2222.960526315789,0.07900758251561105,0.37677297056199816
715,57.68421052631579,73.15789473684211,73.15789473684211,35.421052631578945,63.1578947368421,1211.3684210526314,1536.3157894736844,384.0789473684211,2443.4052631578948,0.06509812667261375,0.4141364852809991
716,50.68421052631579,75.21052631578948,75.21052631578948,39.05263157894737,56.31578947368421,1064.3684210526314,1579.4210526315792,394.8552631578948,2204.281578947368,0.06692462087421945,0.3736070472792149
717,56.0,71.84210526315789,71.84210526315789,33.526315789473685,67.21052631578948,1176.0,1508.6842105263156,377.1710526315789,2376.371052631579,0.06392729705619982,0.40277475468331847
718,52.63157894736842,74.0,74.0,37.31578947368421,61.0,1105.2631578947369,1554.0,388.5,2267.4473684210525,0.06584745762711865,0.3843131132917038
719,54.78947368421053,75.52631578947368,75.52631578947368,36.31578947368421,68.78947368421052,1150.578947368421,1586.0526315789473,396.5131578947368,2352.4973684210527,0.06720561998215878,0.398728367528992
720,48.31578947368421,73.21052631578948,73.21052631578948,36.8421052631579,55.21052631578947,1014.6315789473684,1537.4210526315792,384.3552631578948,2109.2289473684214,0.0651449598572703,0.35749643175735957
721,55.10526315789474,76.52631578947368,76.52631578947368,36.473684210526315,70.05263157894737,1157.2105263157896,1607.0526315789473,401.7631578947368,2369.021052631579,0.06809545049063336,0.4015289919714541
722,51.526315789473685,72.05263157894737,72.05263157894737,35.526315789473685,61.36842105263158,1082.0526315789473,1513.1052631578948,378.2763157894737,2217.765789473684,0.06411462979482604,0.37589250669045493
723,69.89473684210526,70.89473684210526,70.89473684210526,34.78947368421053,80.6842105263158,1467.7894736842104,1488.7894736842104,372.1973684210526,2867.43947368421,0.06308429973238179,0.4860066904549509
724,55.05263157894737,69.94736842105263,69.94736842105263,34.26315789473684,69.84210526315789,1156.1052631578948,1468.8947368421052,367.2236842105263,2332.6026315789472,0.06224130240856378,0.3953563782337199
725,50.1578947368421,81.15789473684211,81.15789473684211,39.78947368421053,54.94736842105263,1053.3157894736842,1704.3157894736844,426.0789473684211,2216.7157894736843,0.07221677074041036,0.37571454058876
726,54.36842105263158,79.26315789473684,79.26315789473684,39.89473684210526,61.68421052631579,1141.7368421052631,1664.5263157894735,416.1315789473684,2357.0842105263155,0.0705307760927743,0.39950579839429073
727,55.36842105263158,72.05263157894737,72.05263157894737,35.473684210526315,71.57894736842105,1162.7368421052631,1513.1052631578948,378.2763157894737,2354.9289473684207,0.06411462979482604,0.39914049955396963
728,50.10526315789474,76.73684210526316,76.73684210526316,39.8421052631579,58.473684210526315,1052.2105263157896,1611.4736842105265,402.8684210526316,2191.6263157894737,0.0682827832292596,0.3714620874219447
729,54.526315789473685,75.36842105263158,75.36842105263158,36.89473684210526,60.578947368421055,1145.0526315789473,1582.7368421052631,395.6842105263158,2342.273684210526,0.06706512042818912,0.3969955396966993
730,59.1578947368421,67.6842105263158,67.6842105263158,32.68421052631579,68.47368421052632,1242.3157894736842,1421.3684210526317,355.3421052631579,2467.278947368421,0.06022747546833185,0.4181828724353256
731,60.8421052631579,72.36842105263158,72.36842105263158,32.63157894736842,77.78947368421052,1277.6842105263158,1519.7368421052631,379.9342105263158,2551.9973684210527,0.06439562890276539,0.4325419268510259
732,52.8421052631579,69.36842105263158,69.36842105263158,37.1578947368421,54.05263157894737,1109.6842105263158,1456.7368421052631,364.1842105263158,2250.6473684210528,0.06172613737734166,0.38146565566458523
733,52.73684210526316,73.52631578947368,73.52631578947368,36.1578947368421,62.21052631578947,1107.4736842105262,1544.0526315789473,386.0131578947368,2268.718421052631,0.06542595896520963,0.3845285459411239
734,53.1578947368421,68.15789473684211,68.15789473684211,33.526315789473685,58.63157894736842,1116.3157894736842,1431.3157894736844,357.8289473684211,2255.565789473684,0.06064897413024086,0.38229928635147187
735,48.68421052631579,77.63157894736842,77.63157894736842,39.21052631578947,51.526315789473685,1022.3684210526316,1630.2631578947369,407.5657894736842,2145.592105263158,0.06907894736842106,0.36365967885816236
736,54.10526315789474,79.94736842105263,79.94736842105263,38.26315789473684,63.10526315789474,1136.2105263157896,1678.8947368421052,419.7236842105263,2351.2815789473684,0.07113960749330954,0.39852230151650314
737,65.52631578947368,66.52631578947368,66.52631578947368,32.526315789473685,79.36842105263158,1376.0526315789473,1397.0526315789473,349.2631578947368,2688.552631578947,0.059197145405887594,0.4556868867082961
738,46.8421052631579,89.84210526315789,89.84210526315789,45.94736842105263,56.8421052631579,983.6842105263158,1886.6842105263156,471.6710526315789,2143.934210526316,0.07994424620874219,0.36337867975022303
739,46.1578947368421,77.3157894736842,77.3157894736842,39.421052631578945,54.26315789473684,969.3157894736842,1623.6315789473683,405.9078947368421,2053.7447368421053,0.0687979482604817,0.3480923282783229
740,48.0,80.94736842105263,80.94736842105263,40.8421052631579,62.1578947368421,1008.0,1699.8947368421052,424.9736842105263,2138.573684210526,0.07202943800178412,0.3624701159678858
741,56.10526315789474,67.6842105263158,67.6842105263158,33.26315789473684,65.6842105263158,1178.2105263157896,1421.3684210526317,355.3421052631579,2358.3,0.06022747546833185,0.3997118644067797
742,48.68421052631579,85.94736842105263,85.94736842105263,41.473684210526315,52.10526315789474,1022.3684210526316,1804.8947368421052,451.2236842105263,2189.25,0.076478590544157,0.3710593220338983
743,44.526315789473685,88.26315789473684,88.26315789473684,45.63157894736842,52.31578947368421,935.0526315789474,1853.5263157894735,463.3815789473684,2052.971052631579,0.07853925066904549,0.34796119536128456
744,51.73684210526316,67.10526315789474,67.10526315789474,34.10526315789474,63.473684210526315,1086.4736842105262,1409.2105263157896,352.3026315789474,2199.307894736842,0.05971231043710973,0.37276404995539697
745,58.10526315789474,68.36842105263158,68.36842105263158,33.63157894736842,71.57894736842105,1220.2105263157896,1435.7368421052631,358.9342105263158,2433.292105263158,0.06083630686886708,0.4124223907225692
746,60.63157894736842,75.36842105263158,75.36842105263158,38.94736842105263,70.57894736842105,1273.2631578947369,1582.7368421052631,395.6842105263158,2560.2315789473687,0.06706512042818912,0.4339375557537913
747,55.94736842105263,68.47368421052632,68.47368421052632,33.89473684210526,66.21052631578948,1174.8947368421052,1437.9473684210527,359.4868421052632,2356.807894736842,0.0609299732381802,0.39945896520963425
748,45.421052631578945,81.15789473684211,81.15789473684211,39.94736842105263,52.21052631578947,953.8421052631578,1704.3157894736844,426.0789473684211,2047.6105263157892,0.07221677074041036,0.34705263157894733
749,60.473684210526315,69.10526315789474,69.10526315789474,33.526315789473685,73.84210526315789,1269.9473684210527,1451.2105263157896,362.8026315789474,2521.713157894737,0.06149197145405888,0.4274090098126673
750,53.05263157894737,68.63157894736842,68.63157894736842,35.63157894736842,59.1578947368421,1114.1052631578948,1441.2631578947369,360.3157894736842,2254.2947368421055,0.06107047279214987,0.3820838537020518
751,49.36842105263158,75.3157894736842,75.3157894736842,38.68421052631579,60.89473684210526,1036.7368421052631,1581.6315789473683,395.4078947368421,2157.8605263157892,0.06701828724353255,0.36573907225691343
752,56.89473684210526,71.26315789473684,71.26315789473684,35.26315789473684,70.94736842105263,1194.7894736842104,1496.5263157894735,374.1315789473684,2405.273684210526,0.0634121320249777,0.40767350579839423
753,52.94736842105263,69.63157894736842,69.63157894736842,35.36842105263158,56.26315789473684,1111.8947368421052,1462.2631578947369,365.5657894736842,2255.786842105263,0.06196030330062444,0.3823367528991971
754,56.8421052631579,77.3157894736842,77.3157894736842,40.0,66.10526315789474,1193.6842105263158,1623.6315789473683,405.9078947368421,2435.171052631579,0.0687979482604817,0.41274085637823377
755,53.0,72.47368421052632,72.47368421052632,36.68421052631579,61.36842105263158,1113.0,1521.9473684210527,380.4868421052632,2272.5868421052633,0.0644892952720785,0.3851842105263158
756,45.36842105263158,72.57894736842105,72.57894736842105,35.78947368421053,52.1578947368421,952.7368421052632,1524.157894736842,381.0394736842105,2000.6921052631578,0.06458296164139161,0.33910035682426404
757,56.10526315789474,85.36842105263158,85.36842105263158,42.21052631578947,66.78947368421052,1178.2105263157896,1792.7368421052631,448.1842105263158,2451.142105263158,0.07596342551293488,0.41544781445138274
758,43.526315789473685,77.89473684210526,77.89473684210526,40.78947368421053,42.73684210526316,914.0526315789474,1635.7894736842104,408.9473684210526,1962.8368421052633,0.06931311329170384,0.3326842105263158
759,59.21052631578947,69.3157894736842,69.3157894736842,32.68421052631579,71.15789473684211,1243.421052631579,1455.6315789473683,363.9078947368421,2477.7236842105262,0.0616793041926851,0.41995316681534345
760,52.31578947368421,77.47368421052632,77.47368421052632,39.21052631578947,60.78947368421053,1098.6315789473686,1626.9473684210527,406.7368421052632,2274.41052631579,0.06893844781445138,0.3854933095450491
761,53.8421052631579,67.21052631578948,67.21052631578948,32.89473684210526,57.8421052631579,1130.6842105263158,1411.4210526315792,352.8552631578948,2275.0184210526318,0.05980597680642285,0.38559634255129355
762,57.26315789473684,71.63157894736842,71.63157894736842,33.526315789473685,70.10526315789474,1202.5263157894738,1504.2631578947369,376.0657894736842,2420.3605263157897,0.0637399643175736,0.4102305976806423
763,46.10526315789474,79.57894736842105,79.57894736842105,40.68421052631579,58.05263157894737,968.2105263157896,1671.157894736842,417.7894736842105,2063.7473684210527,0.07081177520071365,0.3497876895628903
764,45.89473684210526,97.6842105263158,97.6842105263158,48.8421052631579,50.73684210526316,963.7894736842104,2051.3684210526317,512.8421052631579,2151.2842105263153,0.08692239072256915,0.36462444246208736
765,54.89473684210526,68.36842105263158,68.36842105263158,33.8421052631579,57.78947368421053,1152.7894736842104,1435.7368421052631,358.9342105263158,2318.6763157894734,0.06083630686886708,0.3929959857270294
766,70.0,69.47368421052632,69.47368421052632,33.0,85.10526315789474,1470.0,1458.9473684210527,364.7368421052632,2863.7368421052633,0.06181980374665478,0.4853791257805531
767,51.63157894736842,79.89473684210526,79.89473684210526,41.26315789473684,52.473684210526315,1084.2631578947369,1677.7894736842104,419.4473684210526,2262.694736842105,0.07109277430865299,0.38350758251561107
768,55.0,72.3157894736842,72.3157894736842,36.578947368421055,60.0,1155.0,1518.6315789473683,379.6578947368421,2343.157894736842,0.06434879571810882,0.39714540588760033
769,51.68421052631579,71.57894736842105,71.57894736842105,34.473684210526315,61.578947368421055,1085.3684210526314,1503.157894736842,375.7894736842105,2220.915789473684,0.06369313113291704,0.3764264049955397
770,51.63157894736842,79.21052631578948,79.21052631578948,39.1578947368421,60.421052631578945,1084.2631578947369,1663.4210526315792,415.8552631578948,2259.1026315789477,0.07048394290811776,0.3828987511150759
771,53.26315789473684,75.3157894736842,75.3157894736842,36.1578947368421,64.36842105263158,1118.5263157894738,1581.6315789473683,395.4078947368421,2296.9026315789474,0.06701828724353255,0.38930553077609276
772,50.8421052631579,72.47368421052632,72.47368421052632,36.63157894736842,57.578947368421055,1067.6842105263158,1521.9473684210527,380.4868421052632,2195.55,0.0644892952720785,0.37212711864406783
773,60.36842105263158,83.26315789473684,83.26315789473684,42.1578947368421,65.57894736842105,1267.7368421052631,1748.5263157894735,437.1315789473684,2592.2842105263157,0.07409009812667261,0.4393702051739518
774,57.63157894736842,74.3157894736842,74.3157894736842,38.421052631578945,62.526315789473685,1210.2631578947369,1560.6315789473683,390.1578947368421,2447.6052631578946,0.06612845673505797,0.41484834968777873
775,48.05263157894737,75.47368421052632,75.47368421052632,39.1578947368421,53.21052631578947,1009.1052631578948,1584.9473684210527,396.2368421052632,2111.7157894736843,0.06715878679750223,0.3579179304192685
776,54.421052631578945,70.57894736842105,70.57894736842105,34.89473684210526,63.10526315789474,1142.842105263158,1482.157894736842,370.5394736842105,2313.371052631579,0.06280330062444246,0.39209678858162356
777,47.89473684210526,80.0,80.0,39.63157894736842,51.1578947368421,1005.7894736842104,1680.0,420.0,2129.8421052631575,0.0711864406779661,0.3609901873327386
778,56.89473684210526,73.73684210526316,73.73684210526316,37.89473684210526,67.05263157894737,1194.7894736842104,1548.4736842105265,387.1184210526316,2418.2605263157893,0.06561329170383587,0.40987466547725243
779,45.8421052631579,77.57894736842105,77.57894736842105,40.473684210526315,51.68421052631579,962.6842105263158,1629.157894736842,407.2894736842105,2043.8526315789472,0.0690321141837645,0.3464157002676182
780,48.0,88.05263157894737,88.05263157894737,45.526315789473685,54.31578947368421,1008.0,1849.1052631578948,462.2763157894737,2175.8763157894737,0.07835191793041928,0.36879259589652097
781,57.31578947368421,75.10526315789474,75.10526315789474,37.10526315789474,67.10526315789474,1203.6315789473686,1577.2105263157896,394.3026315789474,2440.476315789474,0.06683095450490634,0.41364005352363964
782,51.89473684210526,72.36842105263158,72.36842105263158,37.68421052631579,56.36842105263158,1089.7894736842104,1519.7368421052631,379.9342105263158,2232.5763157894735,0.06439562890276539,0.37840276538804635
783,60.473684210526315,75.21052631578948,75.21052631578948,37.68421052631579,68.57894736842105,1269.9473684210527,1579.4210526315792,394.8552631578948,2553.765789473684,0.06692462087421945,0.4328416592328278
784,50.05263157894737,78.15789473684211,78.15789473684211,40.21052631578947,55.578947368421055,1051.1052631578948,1641.3157894736844,410.3289473684211,2197.2078947368423,0.06954727921498663,0.37240811775200716
785,54.73684210526316,76.52631578947368,76.52631578947368,35.526315789473685,66.73684210526316,1149.4736842105262,1607.0526315789473,401.7631578947368,2355.868421052631,0.06809545049063336,0.3992997323818019
786,49.31578947368421,71.78947368421052,71.78947368421052,34.89473684210526,59.578947368421055,1035.6315789473686,1507.5789473684208,376.8947368421052,2137.4684210526316,0.06388046387154325,0.3622827832292596
787,53.473684210526315,71.94736842105263,71.94736842105263,35.578947368421055,67.89473684210526,1122.9473684210527,1510.8947368421052,377.7236842105263,2286.734210526316,0.06402096342551293,0.38758206958073155
788,49.89473684210526,78.89473684210526,78.89473684210526,40.89473684210526,56.526315789473685,1047.7894736842104,1656.7894736842104,414.1973684210526,2195.43947368421,0.07020294380017841,0.3721083853702051
789,50.578947368421055,77.21052631578948,77.21052631578948,38.68421052631579,64.57894736842105,1062.157894736842,1621.4210526315792,405.3552631578948,2211.023684210526,0.0687042818911686,0.3747497769848349
790,52.526315789473685,68.57894736842105,68.57894736842105,34.26315789473684,55.26315789473684,1103.0526315789473,1440.157894736842,360.0394736842105,2235.228947368421,0.06102363960749331,0.3788523639607493
791,48.8421052631579,81.52631578947368,81.52631578947368,41.73684210526316,55.1578947368421,1025.6842105263158,1712.0526315789473,428.0131578947368,2171.676315789474,0.07254460303300624,0.36808073148974135
792,50.05263157894737,77.94736842105263,77.94736842105263,40.526315789473685,58.1578947368421,1051.1052631578948,1636.8947368421052,409.2236842105263,2196.1026315789472,0.06935994647636039,0.3722207850133809
793,60.421052631578945,71.84210526315789,71.84210526315789,35.421052631578945,73.94736842105263,1268.842105263158,1508.6842105263156,377.1710526315789,2534.202631578947,0.06392729705619982,0.4295258697591436
794,54.78947368421053,77.47368421052632,77.47368421052632,35.89473684210526,66.52631578947368,1150.578947368421,1626.9473684210527,406.7368421052632,2362.721052631579,0.06893844781445138,0.40046119536128455
795,46.26315789473684,78.89473684210526,78.89473684210526,40.78947368421053,57.05263157894737,971.5263157894736,1656.7894736842104,414.1973684210526,2065.7921052631577,0.07020294380017841,0.35013425512934876
796,48.68421052631579,73.3157894736842,73.3157894736842,37.78947368421053,54.36842105263158,1022.3684210526316,1539.6315789473683,384.9078947368421,2122.934210526316,0.0652386262265834,0.35981935771632473
797,56.63157894736842,80.21052631578948,80.21052631578948,39.0,65.89473684210526,1189.2631578947369,1684.4210526315792,421.1052631578948,2442.8526315789477,0.07137377341659233,0.41404281891168604
798,55.73684210526316,70.42105263157895,70.42105263157895,33.526315789473685,65.26315789473684,1170.4736842105262,1478.842105263158,369.7105263157895,2359.515789473684,0.0626628010704728,0.3999179304192685
799,48.89473684210526,76.10526315789474,76.10526315789474,38.94736842105263,59.526315789473685,1026.7894736842104,1598.2105263157896,399.5526315789474,2145.0947368421052,0.06772078501338091,0.36357537912578053
800,46.473684210526315,73.78947368421052,73.78947368421052,36.68421052631579,54.63157894736842,975.9473684210526,1549.5789473684208,387.3947368421052,2046.5052631578947,0.0656601248884924,0.34686529884032113
801,48.421052631578945,72.52631578947368,72.52631578947368,35.526315789473685,54.68421052631579,1016.8421052631578,1523.0526315789473,380.7631578947368,2109.394736842105,0.06453612845673505,0.3575245316681534
802,54.73684210526316,78.6842105263158,78.6842105263158,38.526315789473685,69.3157894736842,1149.4736842105262,1652.3684210526317,413.0921052631579,2367.1973684210525,0.07001561106155219,0.40121989295272076
803,52.8421052631579,73.05263157894737,73.05263157894737,36.73684210526316,63.21052631578947,1109.6842105263158,1534.1052631578948,383.5263157894737,2269.9894736842107,0.06500446030330062,0.38474397859054416
804,46.94736842105263,81.63157894736842,81.63157894736842,41.89473684210526,48.526315789473685,985.8947368421052,1714.2631578947369,428.5657894736842,2104.5868421052633,0.07263826940231936,0.35670963425512936
805,58.26315789473684,70.84210526315789,70.84210526315789,35.473684210526315,59.26315789473684,1223.5263157894738,1487.6842105263156,371.9210526315789,2451.915789473684,0.06303746654772524,0.41557894736842105
806,53.578947368421055,79.47368421052632,79.47368421052632,41.26315789473684,59.68421052631579,1125.157894736842,1668.9473684210527,417.2368421052632,2330.0052631578947,0.07071810883140053,0.39491614629794825
807,52.473684210526315,77.21052631578948,77.21052631578948,39.0,64.42105263157895,1101.9473684210527,1621.4210526315792,405.3552631578948,2278.6657894736845,0.0687042818911686,0.3862145405887601
808,51.78947368421053,72.26315789473684,72.26315789473684,35.8421052631579,60.0,1087.578947368421,1517.5263157894735,379.3815789473684,2228.265789473684,0.06430196253345227,0.3776721677074041
809,52.473684210526315,61.8421052631579,61.8421052631579,30.05263157894737,64.15789473684211,1101.9473684210527,1298.6842105263158,324.67105263157896,2197.9815789473687,0.05502899197145406,0.37253925066904553
810,53.1578947368421,71.89473684210526,71.89473684210526,35.63157894736842,58.78947368421053,1116.3157894736842,1509.7894736842104,377.4473684210526,2275.184210526316,0.06397413024085637,0.38562444246208744
811,57.26315789473684,67.15789473684211,67.15789473684211,34.73684210526316,62.78947368421053,1202.5263157894738,1410.3157894736844,352.5789473684211,2396.8736842105263,0.059759143621766285,0.406249776984835
812,62.68421052631579,74.15789473684211,74.15789473684211,37.0,71.0,1316.3684210526314,1557.3157894736844,389.3289473684211,2627.1552631578948,0.06598795718108832,0.4452805530776093
813,56.21052631578947,68.94736842105263,68.94736842105263,34.421052631578945,67.47368421052632,1180.421052631579,1447.8947368421052,361.9736842105263,2368.6894736842105,0.0613514719000892,0.4014727921498662
814,52.526315789473685,74.57894736842105,74.57894736842105,37.1578947368421,61.78947368421053,1103.0526315789473,1566.157894736842,391.5394736842105,2266.728947368421,0.06636262265834077,0.38419134701159674
815,54.26315789473684,67.73684210526316,67.73684210526316,32.473684210526315,60.10526315789474,1139.5263157894738,1422.4736842105265,355.6184210526316,2292.813157894737,0.06027430865298841,0.38861239964317573
816,54.05263157894737,67.21052631578948,67.21052631578948,33.0,67.36842105263158,1135.1052631578948,1411.4210526315792,352.8552631578948,2282.534210526316,0.05980597680642285,0.3868702051739519
817,58.73684210526316,78.6842105263158,78.6842105263158,39.31578947368421,68.47368421052632,1233.4736842105262,1652.3684210526317,413.0921052631579,2509.9973684210527,0.07001561106155219,0.4254232827832293
818,56.73684210526316,75.63157894736842,75.63157894736842,37.31578947368421,61.21052631578947,1191.4736842105262,1588.2631578947369,397.0657894736842,2422.571052631579,0.06729928635147191,0.4106052631578947
819,52.63157894736842,80.6842105263158,80.6842105263158,39.31578947368421,59.8421052631579,1105.2631578947369,1694.3684210526317,423.5921052631579,2302.539473684211,0.07179527207850134,0.39026092774308657
820,52.73684210526316,59.36842105263158,59.36842105263158,27.36842105263158,64.78947368421052,1107.4736842105262,1246.7368421052631,311.6842105263158,2194.3894736842103,0.0528278322925959,0.3719304192685102
821,53.94736842105263,74.3157894736842,74.3157894736842,37.1578947368421,61.473684210526315,1132.8947368421052,1560.6315789473683,390.1578947368421,2316.078947368421,0.06612845673505797,0.3925557537912578
822,45.94736842105263,77.36842105263158,77.36842105263158,40.526315789473685,54.31578947368421,964.8947368421052,1624.7368421052631,406.1842105263158,2046.5052631578947,0.06884478144513827,0.34686529884032113
823,58.8421052631579,80.15789473684211,80.15789473684211,39.31578947368421,77.6842105263158,1235.6842105263158,1683.3157894736844,420.8289473684211,2521.492105263158,0.07132694023193578,0.42737154326494203
824,48.8421052631579,94.21052631578948,94.21052631578948,47.21052631578947,60.1578947368421,1025.6842105263158,1978.4210526315792,494.6052631578948,2238.2684210526318,0.08383140053523641,0.37936752899197146
825,49.8421052631579,79.52631578947368,79.52631578947368,41.578947368421055,58.78947368421053,1046.6842105263158,1670.0526315789473,417.5131578947368,2196.8763157894737,0.07076494201605708,0.3723519179304193
826,56.89473684210526,72.52631578947368,72.52631578947368,35.421052631578945,69.3157894736842,1194.7894736842104,1523.0526315789473,380.7631578947368,2411.9052631578943,0.06453612845673505,0.4087975022301516
827,52.36842105263158,81.57894736842105,81.57894736842105,40.94736842105263,68.10526315789474,1099.7368421052631,1713.157894736842,428.2894736842105,2297.842105263158,0.0725914362176628,0.38946476360392507
828,54.578947368421055,77.15789473684211,77.15789473684211,37.1578947368421,61.10526315789474,1146.157894736842,1620.3157894736844,405.0789473684211,2353.547368421053,0.06865744870651205,0.39890633363068695
829,51.10526315789474,85.73684210526316,85.73684210526316,43.63157894736842,58.63157894736842,1073.2105263157896,1800.4736842105265,450.1184210526316,2274.576315789474,0.07629125780553078,0.38552140945584307
830,48.21052631578947,77.36842105263158,77.36842105263158,39.05263157894737,52.36842105263158,1012.421052631579,1624.7368421052631,406.1842105263158,2127.2999999999997,0.06884478144513827,0.36055932203389823
831,53.10526315789474,74.36842105263158,74.36842105263158,38.1578947368421,56.94736842105263,1115.2105263157896,1561.7368421052631,390.4342105263158,2286.292105263158,0.06617528991971454,0.38750713648528107
832,52.421052631578945,69.10526315789474,69.10526315789474,35.73684210526316,53.94736842105263,1100.842105263158,1451.2105263157896,362.8026315789474,2234.234210526316,0.06149197145405888,0.3786837644959858
833,48.8421052631579,71.42105263157895,71.42105263157895,37.05263157894737,48.8421052631579,1025.6842105263158,1499.842105263158,374.9605263157895,2118.6236842105263,0.06355263157894737,0.3590887600356824
834,51.1578947368421,84.52631578947368,84.52631578947368,43.31578947368421,62.73684210526316,1074.3157894736842,1775.0526315789473,443.7631578947368,2270.1,0.07521409455842996,0.38476271186440675
835,48.526315789473685,81.26315789473684,81.26315789473684,40.578947368421055,54.578947368421055,1019.0526315789474,1706.5263157894735,426.6315789473684,2159.021052631579,0.07231043710972346,0.36593577163247104
836,52.78947368421053,68.05263157894737,68.05263157894737,35.94736842105263,54.421052631578945,1108.578947368421,1429.1052631578948,357.2763157894737,2241.8605263157892,0.06055530776092775,0.37997636039250665
837,55.73684210526316,68.84210526315789,68.84210526315789,33.10526315789474,67.84210526315789,1170.4736842105262,1445.6842105263156,361.4210526315789,2351.2263157894736,0.06125780553077609,0.3985129348795718
838,48.36842105263158,76.36842105263158,76.36842105263158,39.1578947368421,55.8421052631579,1015.7368421052632,1603.7368421052631,400.9342105263158,2127.686842105263,0.06795495093666369,0.3606248884924175
839,51.36842105263158,86.0,86.0,43.31578947368421,60.10526315789474,1078.7368421052631,1806.0,451.5,2285.3526315789472,0.07652542372881356,0.3873479036574487
840,48.36842105263158,84.47368421052632,84.47368421052632,41.10526315789474,52.473684210526315,1015.7368421052632,1773.9473684210527,443.4868421052632,2170.2394736842107,0.07516726137377341,0.3678371989295272
841,49.10526315789474,83.36842105263158,83.36842105263158,41.31578947368421,59.89473684210526,1031.2105263157896,1750.7368421052631,437.6842105263158,2190.742105263158,0.07418376449598572,0.37131222123104374
842,50.05263157894737,67.94736842105263,67.94736842105263,32.89473684210526,55.94736842105263,1051.1052631578948,1426.8947368421052,356.7236842105263,2143.6026315789472,0.060461641391614626,0.36332247992863514
843,54.05263157894737,82.3157894736842,82.3157894736842,41.8421052631579,64.0,1135.1052631578948,1728.6315789473683,432.1578947368421,2361.8368421052633,0.07324710080285458,0.4003113291703836
844,52.526315789473685,81.15789473684211,81.15789473684211,40.68421052631579,68.15789473684211,1103.0526315789473,1704.3157894736844,426.0789473684211,2301.2684210526313,0.07221677074041036,0.3900454950936663
845,57.68421052631579,65.89473684210526,65.89473684210526,33.26315789473684,63.26315789473684,1211.3684210526314,1383.7894736842104,345.9473684210526,2405.273684210526,0.05863514719000892,0.40767350579839423
846,55.473684210526315,71.0,71.0,37.10526315789474,59.05263157894737,1164.9473684210527,1491.0,372.75,2353.16052631579,0.06317796610169492,0.39884076717216776
847,52.78947368421053,61.73684210526316,61.73684210526316,30.68421052631579,58.68421052631579,1108.578947368421,1296.4736842105262,324.11842105263156,2208.702631578947,0.05493532560214094,0.37435637823371987
848,48.73684210526316,77.05263157894737,77.05263157894737,39.63157894736842,58.0,1023.4736842105264,1618.1052631578948,404.5263157894737,2144.4315789473685,0.06856378233719893,0.3634629794826048
849,53.36842105263158,65.84210526315789,65.84210526315789,33.63157894736842,62.26315789473684,1120.7368421052631,1382.6842105263156,345.6710526315789,2250.923684210526,0.05858831400535235,0.3815124888492417
850,53.1578947368421,82.0,82.0,40.78947368421053,63.73684210526316,1116.3157894736842,1722.0,430.5,2328.2368421052633,0.07296610169491526,0.3946164139161463
851,44.26315789473684,86.73684210526316,86.73684210526316,45.31578947368421,51.1578947368421,929.5263157894736,1821.4736842105265,455.3684210526316,2035.5631578947368,0.07718108831400536,0.3450107047279215
852,49.578947368421055,77.42105263157895,77.42105263157895,37.26315789473684,56.94736842105263,1041.157894736842,1625.842105263158,406.4605263157895,2176.428947368421,0.06889161462979483,0.3688862622658341
853,51.31578947368421,82.84210526315789,82.84210526315789,42.10526315789474,60.0,1077.6315789473686,1739.6842105263156,434.9210526315789,2266.8947368421054,0.07371543264942015,0.38421944692239074
854,46.89473684210526,82.15789473684211,82.15789473684211,42.10526315789474,53.421052631578945,984.7894736842104,1725.3157894736844,431.3289473684211,2105.471052631579,0.07310660124888493,0.3568595004460303
855,56.36842105263158,67.05263157894737,67.05263157894737,33.421052631578945,69.52631578947368,1183.7368421052631,1408.1052631578948,352.0263157894737,2364.378947368421,0.05966547725245317,0.4007421944692239
856,54.473684210526315,71.05263157894737,71.05263157894737,35.05263157894737,61.21052631578947,1143.9473684210527,1492.1052631578948,373.0263157894737,2317.7368421052633,0.06322479928635147,0.3928367528991972
857,47.1578947368421,72.63157894736842,72.63157894736842,36.63157894736842,61.89473684210526,990.3157894736842,1525.2631578947369,381.3157894736842,2064.8526315789472,0.06462979482604818,0.3499750223015165
858,54.8421052631579,63.0,63.0,31.842105263157894,58.526315789473685,1151.6842105263158,1323.0,330.75,2288.613157894737,0.0560593220338983,0.3879005352363961
859,58.8421052631579,64.84210526315789,64.84210526315789,32.73684210526316,67.26315789473684,1235.6842105263158,1361.6842105263156,340.4210526315789,2441.0842105263155,0.05769848349687778,0.41374308652988395
860,50.94736842105263,66.63157894736842,66.63157894736842,32.473684210526315,68.73684210526316,1069.8947368421052,1399.2631578947369,349.8157894736842,2168.636842105263,0.059290811775200715,0.3675655664585192
861,48.26315789473684,79.26315789473684,79.26315789473684,41.0,59.73684210526316,1013.5263157894736,1664.5263157894735,416.1315789473684,2139.1263157894737,0.0705307760927743,0.36256378233719894
862,56.73684210526316,71.63157894736842,71.63157894736842,35.526315789473685,71.3157894736842,1191.4736842105262,1504.2631578947369,376.0657894736842,2401.571052631579,0.0637399643175736,0.4070459411239964
863,50.31578947368421,76.42105263157895,76.42105263157895,38.78947368421053,65.42105263157895,1056.6315789473686,1604.842105263158,401.2105263157895,2197.484210526316,0.06800178412132026,0.37245495093666375
864,58.31578947368421,71.0,71.0,36.31578947368421,63.1578947368421,1224.6315789473686,1491.0,372.75,2454.6236842105263,0.06317796610169492,0.41603791257805534
865,53.0,68.15789473684211,68.15789473684211,34.31578947368421,64.36842105263158,1113.0,1431.3157894736844,357.8289473684211,2249.928947368421,0.06064897413024086,0.38134388938447816
866,57.0,80.57894736842105,80.57894736842105,39.578947368421055,63.21052631578947,1197.0,1692.157894736842,423.0394736842105,2457.9394736842105,0.07170160570918822,0.416599910793934
867,51.21052631578947,75.94736842105263,75.94736842105263,37.89473684210526,59.0,1075.421052631579,1594.8947368421052,398.7236842105263,2226.9394736842105,0.06758028545941124,0.37744736842105264
868,48.421052631578945,78.0,78.0,40.89473684210526,53.89473684210526,1016.8421052631578,1638.0,409.5,2138.1315789473683,0.06940677966101695,0.36239518287243533
869,53.421052631578945,78.57894736842105,78.57894736842105,40.473684210526315,66.78947368421052,1121.842105263158,1650.157894736842,412.5394736842105,2319.6710526315787,0.06992194469223907,0.393164585191793
870,50.526315789473685,69.21052631578948,69.21052631578948,34.63157894736842,67.52631578947368,1061.0526315789473,1453.4210526315792,363.3552631578948,2167.144736842105,0.061585637823372,0.36731266726137374
871,51.1578947368421,74.26315789473684,74.26315789473684,36.0,61.26315789473684,1074.3157894736842,1559.5263157894735,389.8815789473684,2216.2184210526316,0.06608162355040142,0.37563024085637825
872,53.63157894736842,80.0,80.0,41.10526315789474,58.1578947368421,1126.2631578947369,1680.0,420.0,2334.6473684210523,0.0711864406779661,0.39570294380017834
873,48.94736842105263,74.42105263157895,74.42105263157895,39.1578947368421,58.578947368421055,1027.8947368421052,1562.842105263158,390.7105263157895,2138.1315789473683,0.0662221231043711,0.36239518287243533
874,48.526315789473685,75.10526315789474,75.10526315789474,39.05263157894737,55.31578947368421,1019.0526315789474,1577.2105263157896,394.3026315789474,2126.692105263158,0.06683095450490634,0.36045628902765386
875,50.73684210526316,85.36842105263158,85.36842105263158,41.73684210526316,59.8421052631579,1065.4736842105262,1792.7368421052631,448.1842105263158,2259.48947368421,0.07596342551293488,0.38296431757359495
876,41.21052631578947,95.52631578947368,95.52631578947368,49.21052631578947,49.21052631578947,865.421052631579,2006.0526315789473,501.5131578947368,1972.7289473684211,0.08500223015165032,0.33436083853702053
877,56.94736842105263,74.52631578947368,74.52631578947368,37.05263157894737,66.42105263157895,1195.8947368421052,1565.0526315789473,391.2631578947368,2424.2842105263157,0.0663157894736842,0.4108956289027654
878,60.26315789473684,71.73684210526316,71.73684210526316,36.8421052631579,69.0,1265.5263157894738,1506.4736842105265,376.6184210526316,2528.013157894737,0.06383363068688672,0.4284768064228368
879,55.421052631578945,67.89473684210526,67.89473684210526,33.05263157894737,69.6842105263158,1163.842105263158,1425.7894736842104,356.4473684210526,2334.978947368421,0.06041480820695807,0.39575914362176623
880,45.31578947368421,76.21052631578948,76.21052631578948,37.36842105263158,54.73684210526316,951.6315789473684,1600.4210526315792,400.1052631578948,2017.878947368421,0.06781445138269403,0.34201338090990185
881,52.05263157894737,79.6842105263158,79.6842105263158,39.94736842105263,63.526315789473685,1093.1052631578948,1673.3684210526317,418.3421052631579,2276.621052631579,0.07090544157002676,0.3858679750223015
882,51.63157894736842,68.63157894736842,68.63157894736842,34.578947368421055,54.473684210526315,1084.2631578947369,1441.2631578947369,360.3157894736842,2203.563157894737,0.06107047279214987,0.37348528099910794
883,63.10526315789474,67.63157894736842,67.63157894736842,31.842105263157894,74.47368421052632,1325.2105263157896,1420.2631578947369,355.0657894736842,2607.9236842105265,0.06018064228367529,0.44202096342551295
884,51.526315789473685,76.0,76.0,37.8421052631579,60.05263157894737,1082.0526315789473,1596.0,399.0,2238.48947368421,0.0676271186440678,0.37940499553969664
885,50.31578947368421,65.47368421052632,65.47368421052632,31.68421052631579,65.73684210526316,1056.6315789473686,1374.9473684210527,343.7368421052632,2140.01052631579,0.05826048171275647,0.36271364852809995
886,50.421052631578945,80.3157894736842,80.3157894736842,40.36842105263158,62.78947368421053,1058.842105263158,1686.6315789473683,421.6578947368421,2221.6894736842105,0.07146743978590543,0.37655753791257807
887,48.94736842105263,86.15789473684211,86.15789473684211,44.89473684210526,60.68421052631579,1027.8947368421052,1809.3157894736844,452.3289473684211,2199.75,0.07666592328278324,0.37283898305084745
888,57.578947368421055,74.78947368421052,74.78947368421052,36.8421052631579,69.26315789473684,1209.157894736842,1570.5789473684208,392.6447368421052,2448.2131578947365,0.06654995539696698,0.41495138269402315
889,55.1578947368421,77.84210526315789,77.84210526315789,39.68421052631579,70.15789473684211,1158.3157894736842,1634.6842105263156,408.6710526315789,2377.8078947368417,0.06926628010704727,0.4030182872435325
890,47.0,77.26315789473684,77.26315789473684,37.05263157894737,51.578947368421055,987.0,1622.5263157894735,405.6315789473684,2083.5315789473684,0.06875111507582515,0.35314094558429976
891,47.10526315789474,70.63157894736842,70.63157894736842,37.26315789473684,53.1578947368421,989.2105263157896,1483.2631578947369,370.8157894736842,2052.4736842105267,0.06285013380909903,0.34787689562890284
892,50.10526315789474,75.73684210526316,75.73684210526316,37.1578947368421,61.36842105263158,1052.2105263157896,1590.4736842105265,397.6184210526316,2186.3763157894737,0.06739295272078502,0.3705722569134701
893,49.21052631578947,79.36842105263158,79.36842105263158,39.89473684210526,52.63157894736842,1033.421052631579,1666.7368421052631,416.6842105263158,2173.5,0.07062444246208742,0.36838983050847457
894,45.0,79.36842105263158,79.36842105263158,42.1578947368421,48.578947368421055,945.0,1666.7368421052631,416.6842105263158,2023.1842105263158,0.07062444246208742,0.3429125780553078
895,55.73684210526316,73.05263157894737,73.05263157894737,37.8421052631579,56.94736842105263,1170.4736842105262,1534.1052631578948,383.5263157894737,2373.331578947368,0.06500446030330062,0.4022595896520963
896,54.21052631578947,72.3157894736842,72.3157894736842,36.21052631578947,72.78947368421052,1138.421052631579,1518.6315789473683,379.6578947368421,2314.9736842105262,0.06434879571810882,0.3923684210526316
897,52.1578947368421,74.15789473684211,74.15789473684211,37.26315789473684,60.473684210526315,1095.3157894736842,1557.3157894736844,389.3289473684211,2251.3657894736843,0.06598795718108832,0.38158742194469225
898,55.31578947368421,81.05263157894737,81.05263157894737,41.31578947368421,59.10526315789474,1161.6315789473686,1702.1052631578948,425.5263157894737,2400.3,0.07212310437109724,0.4068305084745763
899,62.0,72.89473684210526,72.89473684210526,36.26315789473684,68.73684210526316,1302.0,1530.7894736842104,382.6973684210526,2596.0973684210526,0.06486396074933094,0.4400165031222123
900,51.26315789473684,72.42105263157895,72.42105263157895,36.31578947368421,55.63157894736842,1076.5263157894738,1520.842105263158,380.2105263157895,2210.305263157895,0.06444246208742195,0.37462801070472795
901,54.05263157894737,76.89473684210526,76.89473684210526,38.1578947368421,67.6842105263158,1135.1052631578948,1614.7894736842104,403.6973684210526,2333.3763157894737,0.06842328278322926,0.39548751115075825
902,46.473684210526315,79.26315789473684,79.26315789473684,40.63157894736842,59.05263157894737,975.9473684210526,1664.5263157894735,416.1315789473684,2075.242105263158,0.0705307760927743,0.35173595004460306
903,58.1578947368421,74.26315789473684,74.26315789473684,36.63157894736842,75.15789473684211,1221.3157894736842,1559.5263157894735,389.8815789473684,2466.118421052631,0.06608162355040142,0.417986173059768
904,56.526315789473685,78.0,78.0,37.68421052631579,77.89473684210526,1187.0526315789473,1638.0,409.5,2427.48947368421,0.06940677966101695,0.4114388938447814
905,57.94736842105263,79.10526315789474,79.10526315789474,39.05263157894737,65.6842105263158,1216.8947368421052,1661.2105263157896,415.3026315789474,2484.0236842105264,0.07039027653880464,0.42102096342551293
906,53.89473684210526,77.36842105263158,77.36842105263158,38.78947368421053,59.21052631578947,1131.7894736842104,1624.7368421052631,406.1842105263158,2330.2263157894736,0.06884478144513827,0.3949536128456735
907,53.21052631578947,83.36842105263158,83.36842105263158,40.68421052631579,63.05263157894737,1117.421052631579,1750.7368421052631,437.6842105263158,2337.2999999999997,0.07418376449598572,0.39615254237288133
908,44.78947368421053,77.42105263157895,77.42105263157895,40.36842105263158,49.473684210526315,940.578947368421,1625.842105263158,406.4605263157895,2005.4447368421052,0.06889161462979483,0.3399058876003568
909,59.421052631578945,78.26315789473684,78.26315789473684,38.473684210526315,69.78947368421052,1247.842105263158,1643.5263157894735,410.8815789473684,2532.213157894737,0.06964094558429973,0.4291886708296164
910,57.8421052631579,73.3157894736842,73.3157894736842,35.94736842105263,70.47368421052632,1214.6842105263158,1539.6315789473683,384.9078947368421,2449.871052631579,0.0652386262265834,0.41523238180196254
911,55.05263157894737,74.84210526315789,74.84210526315789,37.63157894736842,59.1578947368421,1156.1052631578948,1571.6842105263156,392.9210526315789,2358.2999999999997,0.06659678858162354,0.39971186440677964
912,52.0,76.73684210526316,76.73684210526316,37.526315789473685,59.05263157894737,1092.0,1611.4736842105265,402.8684210526316,2259.2684210526313,0.0682827832292596,0.3829268510258697
913,60.31578947368421,64.05263157894737,64.05263157894737,31.894736842105264,67.73684210526316,1266.6315789473686,1345.1052631578948,336.2763157894737,2489.55,0.05699598572702944,0.4219576271186441
914,53.89473684210526,69.05263157894737,69.05263157894737,32.26315789473684,58.526315789473685,1131.7894736842104,1450.1052631578948,362.5263157894737,2286.5684210526315,0.06144513826940232,0.38755396966993755
915,48.21052631578947,74.42105263157895,74.42105263157895,38.73684210526316,52.21052631578947,1012.421052631579,1562.842105263158,390.7105263157895,2111.8263157894735,0.0662221231043711,0.3579366636931311
916,56.473684210526315,73.57894736842105,73.57894736842105,37.94736842105263,65.21052631578948,1185.9473684210527,1545.157894736842,386.2894736842105,2402.4,0.06547279214986619,0.4071864406779661
917,57.10526315789474,70.57894736842105,70.57894736842105,34.526315789473685,67.21052631578948,1199.2105263157896,1482.157894736842,370.5394736842105,2409.197368421053,0.06280330062444246,0.4083385370205174
918,48.526315789473685,74.47368421052632,74.47368421052632,37.421052631578945,50.31578947368421,1019.0526315789474,1563.9473684210527,390.9868421052632,2123.3763157894737,0.06626895628902765,0.3598942908117752
919,52.63157894736842,79.73684210526316,79.73684210526316,41.8421052631579,49.8421052631579,1105.2631578947369,1674.4736842105265,418.6184210526316,2297.565789473684,0.07095227475468333,0.3894179304192685
920,49.8421052631579,77.47368421052632,77.47368421052632,38.68421052631579,59.63157894736842,1046.6842105263158,1626.9473684210527,406.7368421052632,2186.1,0.06893844781445138,0.37052542372881353
921,58.1578947368421,71.15789473684211,71.15789473684211,35.0,65.89473684210526,1221.3157894736842,1494.3157894736844,373.5789473684211,2449.815789473684,0.0633184656556646,0.41522301516503124
922,49.26315789473684,72.52631578947368,72.52631578947368,38.421052631578945,54.73684210526316,1034.5263157894738,1523.0526315789473,380.7631578947368,2139.4578947368423,0.06453612845673505,0.3626199821587868
923,56.94736842105263,77.47368421052632,77.47368421052632,37.89473684210526,65.15789473684211,1195.8947368421052,1626.9473684210527,406.7368421052632,2439.757894736842,0.06893844781445138,0.41351828724353257
924,48.73684210526316,70.26315789473684,70.26315789473684,35.63157894736842,52.526315789473685,1023.4736842105264,1475.5263157894735,368.8815789473684,2108.786842105263,0.06252230151650312,0.357421498661909
925,49.473684210526315,74.78947368421052,74.78947368421052,36.21052631578947,57.94736842105263,1038.9473684210527,1570.5789473684208,392.6447368421052,2158.855263157895,0.06654995539696698,0.3659076717216771
926,47.94736842105263,78.57894736842105,78.57894736842105,39.05263157894737,59.26315789473684,1006.8947368421052,1650.157894736842,412.5394736842105,2124.2605263157893,0.06992194469223907,0.36004415700267617
927,43.526315789473685,74.63157894736842,74.63157894736842,37.526315789473685,51.05263157894737,914.0526315789474,1567.2631578947369,391.8157894736842,1945.7052631578947,0.06640945584299733,0.3297805530776093
928,48.78947368421053,72.63157894736842,72.63157894736842,38.421052631578945,53.78947368421053,1024.578947368421,1525.2631578947369,381.3157894736842,2123.1,0.06462979482604818,0.3598474576271186
929,53.68421052631579,74.6842105263158,74.6842105263158,36.36842105263158,64.63157894736842,1127.3684210526314,1568.3684210526317,392.0921052631579,2308.618421052631,0.06645628902765388,0.3912912578055307
930,47.36842105263158,77.05263157894737,77.05263157894737,39.78947368421053,56.73684210526316,994.7368421052632,1618.1052631578948,404.5263157894737,2095.5789473684213,0.06856378233719893,0.35518287243532565
931,55.578947368421055,76.47368421052632,76.47368421052632,38.473684210526315,67.26315789473684,1167.157894736842,1605.9473684210527,401.4868421052632,2385.6552631578948,0.0680486173059768,0.4043483496877788
932,53.73684210526316,78.05263157894737,78.05263157894737,39.578947368421055,65.15789473684211,1128.4736842105262,1639.1052631578948,409.7763157894737,2328.181578947368,0.06945361284567352,0.3946070472792149
933,45.526315789473685,82.26315789473684,82.26315789473684,41.21052631578947,53.526315789473685,956.0526315789474,1727.5263157894735,431.8815789473684,2057.171052631579,0.07320026761819803,0.3486730597680643
934,50.05263157894737,71.21052631578948,71.21052631578948,37.0,60.8421052631579,1051.1052631578948,1495.4210526315792,373.8552631578948,2160.734210526316,0.06336529884032115,0.3662261373773417
935,51.94736842105263,85.42105263157895,85.42105263157895,41.89473684210526,60.73684210526316,1090.8947368421052,1793.842105263158,448.4605263157895,2302.9815789473682,0.07601025869759144,0.390335860838537
936,54.05263157894737,82.26315789473684,82.26315789473684,39.94736842105263,59.1578947368421,1135.1052631578948,1727.5263157894735,431.8815789473684,2361.5605263157895,0.07320026761819803,0.40026449598572705
937,49.63157894736842,82.0,82.0,40.578947368421055,54.473684210526315,1042.2631578947369,1722.0,430.5,2202.3473684210526,0.07296610169491526,0.3732792149866191
938,53.73684210526316,72.89473684210526,72.89473684210526,35.73684210526316,67.0,1128.4736842105262,1530.7894736842104,382.6973684210526,2301.1026315789472,0.06486396074933094,0.39001739518287243
939,53.36842105263158,73.47368421052632,73.47368421052632,37.73684210526316,57.0,1120.7368421052631,1542.9473684210527,385.7368421052632,2290.9894736842107,0.06537912578055308,0.3883033006244425
940,48.8421052631579,67.3157894736842,67.3157894736842,35.0,53.68421052631579,1025.6842105263158,1413.6315789473683,353.4078947368421,2097.071052631579,0.05989964317573595,0.355435771632471
941,51.73684210526316,74.84210526315789,74.84210526315789,36.8421052631579,57.73684210526316,1086.4736842105262,1571.6842105263156,392.9210526315789,2239.9263157894734,0.06659678858162354,0.37964852809991073
942,58.63157894736842,70.78947368421052,70.78947368421052,34.78947368421053,68.52631578947368,1231.2631578947369,1486.5789473684208,371.6447368421052,2464.792105263158,0.06299063336306868,0.41776137377341666
943,61.26315789473684,63.31578947368421,63.31578947368421,30.94736842105263,70.42105263157895,1286.5263157894738,1329.6315789473686,332.40789473684214,2519.5026315789473,0.05634032114183765,0.4270343443354148
944,49.68421052631579,77.47368421052632,77.47368421052632,40.05263157894737,57.89473684210526,1043.3684210526314,1626.9473684210527,406.7368421052632,2180.4631578947365,0.06893844781445138,0.3695700267618197
945,56.31578947368421,69.78947368421052,69.78947368421052,33.68421052631579,68.47368421052632,1182.6315789473686,1465.5789473684208,366.3947368421052,2376.8684210526317,0.0621008028545941,0.4028590544157003
946,49.31578947368421,77.15789473684211,77.15789473684211,39.31578947368421,58.0,1035.6315789473686,1620.3157894736844,405.0789473684211,2165.6526315789474,0.06865744870651205,0.36705976806422835
947,50.68421052631579,81.63157894736842,81.63157894736842,41.94736842105263,55.526315789473685,1064.3684210526314,1714.2631578947369,428.5657894736842,2237.9921052631576,0.07263826940231936,0.37932069580731487
948,52.68421052631579,82.47368421052632,82.47368421052632,40.36842105263158,64.63157894736842,1106.3684210526314,1731.9473684210527,432.9868421052632,2313.813157894737,0.07338760035682426,0.39217172167707404
949,53.68421052631579,73.05263157894737,73.05263157894737,35.63157894736842,63.421052631578945,1127.3684210526314,1534.1052631578948,383.5263157894737,2300.052631578947,0.06500446030330062,0.38983942908117747
950,52.8421052631579,71.84210526315789,71.84210526315789,35.0,66.78947368421052,1109.6842105263158,1508.6842105263156,377.1710526315789,2263.6342105263157,0.06392729705619982,0.3836668153434433
951,56.26315789473684,70.94736842105263,70.94736842105263,37.1578947368421,66.47368421052632,1181.5263157894738,1489.8947368421052,372.4736842105263,2381.0684210526315,0.06313113291703835,0.4035709188224799
952,48.68421052631579,73.21052631578948,73.21052631578948,38.94736842105263,48.78947368421053,1022.3684210526316,1537.4210526315792,384.3552631578948,2122.3815789473683,0.0651449598572703,0.3597256913470116
953,54.26315789473684,71.47368421052632,71.47368421052632,35.578947368421055,59.8421052631579,1139.5263157894738,1500.9473684210527,375.2368421052632,2312.4315789473685,0.06359946476360392,0.39193755575379124
954,57.73684210526316,73.42105263157895,73.42105263157895,36.68421052631579,65.73684210526316,1212.4736842105262,1541.842105263158,385.4605263157895,2446.665789473684,0.06533229259589653,0.41468911685994647
955,50.89473684210526,86.47368421052632,86.47368421052632,43.10526315789474,58.421052631578945,1068.7894736842104,1815.9473684210527,453.9868421052632,2270.9289473684207,0.07694692239072257,0.3849032114183764
956,59.73684210526316,73.26315789473684,73.26315789473684,34.94736842105263,66.3157894736842,1254.4736842105262,1538.5263157894735,384.6315789473684,2517.236842105263,0.06519179304192685,0.426650312221231
957,50.1578947368421,76.42105263157895,76.42105263157895,38.89473684210526,54.31578947368421,1053.3157894736842,1604.842105263158,401.2105263157895,2191.8473684210526,0.06800178412132026,0.37149955396966994
958,49.0,73.78947368421052,73.78947368421052,36.421052631578945,59.8421052631579,1029.0,1549.5789473684208,387.3947368421052,2136.694736842105,0.0656601248884924,0.36215165031222124
959,55.21052631578947,70.89473684210526,70.89473684210526,36.36842105263158,68.26315789473684,1159.421052631579,1488.7894736842104,372.1973684210526,2343.213157894737,0.06308429973238179,0.3971547725245317
960,48.473684210526315,85.05263157894737,85.05263157894737,43.21052631578947,59.94736842105263,1017.9473684210526,1786.1052631578948,446.5263157894737,2177.036842105263,0.07568242640499555,0.36898929527207847
961,55.78947368421053,73.57894736842105,73.57894736842105,36.31578947368421,66.05263157894737,1171.578947368421,1545.157894736842,386.2894736842105,2377.9736842105262,0.06547279214986619,0.4030463871543265
962,52.36842105263158,68.21052631578948,68.21052631578948,34.526315789473685,53.473684210526315,1099.7368421052631,1432.4210526315792,358.1052631578948,2227.657894736842,0.060695807314897425,0.37756913470115966
963,53.94736842105263,73.73684210526316,73.73684210526316,35.31578947368421,59.63157894736842,1132.8947368421052,1548.4736842105265,387.1184210526316,2313.0394736842104,0.06561329170383587,0.39204058876003567
964,52.1578947368421,55.05263157894737,55.05263157894737,27.105263157894736,60.473684210526315,1095.3157894736842,1156.1052631578948,289.0263157894737,2151.063157894737,0.04898751115075826,0.3645869759143622
965,54.31578947368421,89.63157894736842,89.63157894736842,44.1578947368421,69.89473684210526,1140.6315789473686,1882.2631578947369,470.5657894736842,2409.6394736842108,0.07975691347011597,0.4084134701159679
966,46.94736842105263,66.94736842105263,66.94736842105263,34.26315789473684,58.10526315789474,985.8947368421052,1405.8947368421052,351.4736842105263,2027.494736842105,0.05957181088314005,0.34364317573595005
967,49.31578947368421,77.0,77.0,40.05263157894737,56.421052631578945,1035.6315789473686,1617.0,404.25,2164.823684210526,0.06851694915254238,0.3669192685102587
968,60.21052631578947,78.0,78.0,39.63157894736842,67.6842105263158,1264.421052631579,1638.0,409.5,2559.015789473684,0.06940677966101695,0.4337314897413024
969,52.21052631578947,67.6842105263158,67.6842105263158,34.26315789473684,56.31578947368421,1096.421052631579,1421.3684210526317,355.3421052631579,2219.257894736842,0.06022747546833185,0.3761454058876003
970,51.36842105263158,72.89473684210526,72.89473684210526,36.473684210526315,61.10526315789474,1078.7368421052631,1530.7894736842104,382.6973684210526,2216.5499999999997,0.06486396074933094,0.3756864406779661
971,49.94736842105263,72.73684210526316,72.73684210526316,35.36842105263158,54.31578947368421,1048.8947368421052,1527.4736842105265,381.8684210526316,2164.98947368421,0.06472346119536129,0.3669473684210526
972,55.526315789473685,74.89473684210526,74.89473684210526,36.63157894736842,62.78947368421053,1166.0526315789473,1572.7894736842104,393.1973684210526,2375.486842105263,0.0666436217662801,0.40262488849241745
973,51.526315789473685,72.05263157894737,72.05263157894737,36.473684210526315,61.21052631578947,1082.0526315789473,1513.1052631578948,378.2763157894737,2217.765789473684,0.06411462979482604,0.37589250669045493
974,59.73684210526316,74.0,74.0,37.421052631578945,67.94736842105263,1254.4736842105262,1554.0,388.5,2521.1052631578946,0.06584745762711865,0.4273059768064228
975,53.473684210526315,69.26315789473684,69.26315789473684,36.421052631578945,59.26315789473684,1122.9473684210527,1454.5263157894735,363.6315789473684,2272.642105263158,0.06163247100802854,0.38519357716324715
976,46.31578947368421,73.26315789473684,73.26315789473684,37.73684210526316,56.8421052631579,972.6315789473684,1538.5263157894735,384.6315789473684,2038.1052631578946,0.06519179304192685,0.3454415700267618
977,47.578947368421055,81.94736842105263,81.94736842105263,41.63157894736842,56.89473684210526,999.1578947368422,1720.8947368421052,430.2236842105263,2128.792105263158,0.07291926851025869,0.3608122212310438
978,58.21052631578947,74.73684210526316,74.73684210526316,35.78947368421053,67.42105263157895,1222.421052631579,1569.4736842105265,392.3684210526316,2470.484210526316,0.06650312221231044,0.4187261373773417
979,49.578947368421055,81.78947368421052,81.78947368421052,40.26315789473684,56.73684210526316,1041.157894736842,1717.5789473684208,429.3947368421052,2199.363157894737,0.07277876895628901,0.3727734165923283
980,44.473684210526315,82.0,82.0,41.21052631578947,47.1578947368421,933.9473684210526,1722.0,430.5,2018.2105263157894,0.07296610169491526,0.34206958073148974
981,48.578947368421055,81.21052631578948,81.21052631578948,39.78947368421053,56.21052631578947,1020.1578947368422,1705.4210526315792,426.3552631578948,2160.6236842105263,0.07226360392506692,0.366207404103479
982,58.78947368421053,69.94736842105263,69.94736842105263,36.36842105263158,61.578947368421055,1234.578947368421,1468.8947368421052,367.2236842105263,2466.007894736842,0.06224130240856378,0.41796743978590545
983,56.21052631578947,63.1578947368421,63.1578947368421,30.94736842105263,68.6842105263158,1180.421052631579,1326.3157894736842,331.57894736842104,2338.2947368421055,0.056199821587867974,0.396321141837645
984,48.10526315789474,76.89473684210526,76.89473684210526,38.8421052631579,58.8421052631579,1010.2105263157896,1614.7894736842104,403.6973684210526,2121.055263157895,0.06842328278322926,0.35950089206066016
985,54.68421052631579,72.3157894736842,72.3157894736842,34.89473684210526,66.26315789473684,1148.3684210526314,1518.6315789473683,379.6578947368421,2331.8842105263157,0.06434879571810882,0.3952346119536128
986,62.1578947368421,72.78947368421052,72.78947368421052,36.05263157894737,74.52631578947368,1305.3157894736842,1528.5789473684208,382.1447368421052,2601.1815789473685,0.06477029438001783,0.440878233719893
987,54.421052631578945,74.21052631578948,74.21052631578948,36.78947368421053,62.578947368421055,1142.842105263158,1558.4210526315792,389.6052631578948,2332.436842105263,0.06603479036574487,0.39532827832292594
988,59.05263157894737,77.52631578947368,77.52631578947368,38.421052631578945,67.57894736842105,1240.1052631578948,1628.0526315789473,407.0131578947368,2515.192105263158,0.06898528099910793,0.4263037466547725
989,46.05263157894737,84.10526315789474,84.10526315789474,40.63157894736842,58.94736842105263,967.1052631578948,1766.2105263157896,441.5526315789474,2085.6315789473683,0.07483942908117752,0.35349687778768957
990,48.21052631578947,68.73684210526316,68.73684210526316,35.1578947368421,59.36842105263158,1012.421052631579,1443.4736842105265,360.8684210526316,2081.9842105263156,0.06116413916146299,0.35287867975022297
991,47.78947368421053,80.78947368421052,80.78947368421052,39.10526315789474,54.0,1003.578947368421,1696.5789473684208,424.1447368421052,2130.228947368421,0.07188893844781444,0.36105575379125776
992,51.89473684210526,80.21052631578948,80.21052631578948,40.05263157894737,62.78947368421053,1089.7894736842104,1684.4210526315792,421.1052631578948,2273.7473684210527,0.07137377341659233,0.38538090990187335
993,53.94736842105263,72.10526315789474,72.10526315789474,34.526315789473685,65.36842105263158,1132.8947368421052,1514.2105263157896,378.5526315789474,2304.4736842105262,0.06416146297948261,0.39058876003568244
994,44.78947368421053,86.15789473684211,86.15789473684211,44.31578947368421,48.68421052631579,940.578947368421,1809.3157894736844,452.3289473684211,2051.313157894737,0.07666592328278324,0.34768019625334523
995,49.526315789473685,80.26315789473684,80.26315789473684,41.8421052631579,55.473684210526315,1040.0526315789473,1685.5263157894735,421.3815789473684,2189.471052631579,0.07142060660124888,0.37109678858162354
996,53.21052631578947,72.57894736842105,72.57894736842105,35.31578947368421,59.63157894736842,1117.421052631579,1524.157894736842,381.0394736842105,2280.6552631578948,0.06458296164139161,0.38655173951828725
997,49.578947368421055,78.0,78.0,39.63157894736842,53.26315789473684,1041.157894736842,1638.0,409.5,2179.4684210526316,0.06940677966101695,0.3694014272970562
998,46.36842105263158,71.42105263157895,71.42105263157895,35.94736842105263,56.26315789473684,973.7368421052632,1499.842105263158,374.9605263157895,2030.3131578947368,0.06355263157894737,0.3441208742194469
999,47.63157894736842,80.3157894736842,80.3157894736842,39.89473684210526,57.8421052631579,1000.2631578947368,1686.6315789473683,421.6578947368421,2122.1052631578946,0.07146743978590543,0.359678858162355
1000,56.26315789473684,70.21052631578948,70.21052631578948,34.73684210526316,69.0,1181.5263157894738,1474.4210526315792,368.6052631578948,2377.2,0.06247546833184658,0.4029152542372881
1001,55.68421052631579,73.89473684210526,73.89473684210526,37.473684210526315,65.57894736842105,1169.3684210526314,1551.7894736842104,387.9473684210526,2375.873684210526,0.06575379125780552,0.4026904549509366
1002,51.421052631578945,70.10526315789474,70.10526315789474,34.05263157894737,65.42105263157895,1079.842105263158,1472.2105263157896,368.0526315789474,2203.7842105263157,0.062381801962533456,0.3735227475468332
1003,46.78947368421053,74.63157894736842,74.63157894736842,37.89473684210526,54.73684210526316,982.578947368421,1567.2631578947369,391.8157894736842,2062.2,0.06640945584299733,0.3495254237288135
1004,54.89473684210526,73.47368421052632,73.47368421052632,37.73684210526316,64.05263157894737,1152.7894736842104,1542.9473684210527,385.7368421052632,2345.478947368421,0.06537912578055308,0.3975388046387154
1005,54.1578947368421,80.21052631578948,80.21052631578948,41.473684210526315,59.31578947368421,1137.3157894736842,1684.4210526315792,421.1052631578948,2354.5421052631577,0.07137377341659233,0.39907493309545045
1006,45.10526315789474,84.05263157894737,84.05263157894737,42.78947368421053,51.68421052631579,947.2105263157896,1765.1052631578948,441.2763157894737,2051.5342105263157,0.07479259589652097,0.34771766280107047
1007,48.473684210526315,74.47368421052632,74.47368421052632,37.63157894736842,50.63157894736842,1017.9473684210526,1563.9473684210527,390.9868421052632,2121.4973684210527,0.06626895628902765,0.35957582515611064
1008,56.73684210526316,87.6842105263158,87.6842105263158,41.94736842105263,70.15789473684211,1191.4736842105262,1841.3684210526317,460.3421052631579,2485.8473684210526,0.07802408563782337,0.4213300624442462
1009,47.94736842105263,74.21052631578948,74.21052631578948,38.89473684210526,61.73684210526316,1006.8947368421052,1558.4210526315792,389.6052631578948,2101.3263157894735,0.06603479036574487,0.35615700267618194
1010,52.8421052631579,78.15789473684211,78.15789473684211,39.89473684210526,60.78947368421053,1109.6842105263158,1641.3157894736844,410.3289473684211,2296.792105263158,0.06954727921498663,0.3892867975022302
1011,44.26315789473684,77.36842105263158,77.36842105263158,39.68421052631579,50.21052631578947,929.5263157894736,1624.7368421052631,406.1842105263158,1986.378947368421,0.06884478144513827,0.3366743978590544
1012,56.68421052631579,77.26315789473684,77.26315789473684,38.8421052631579,61.473684210526315,1190.3684210526314,1622.5263157894735,405.6315789473684,2429.257894736842,0.06875111507582515,0.4117386262265834
1013,49.68421052631579,74.10526315789474,74.10526315789474,37.63157894736842,60.8421052631579,1043.3684210526314,1556.2105263157896,389.0526315789474,2162.7789473684206,0.06594112399643176,0.3665727029438001
1014,50.473684210526315,63.10526315789474,63.10526315789474,31.05263157894737,56.05263157894737,1059.9473684210527,1325.2105263157896,331.3026315789474,2133.213157894737,0.056152988403211423,0.36156155218554864
1015,54.05263157894737,79.84210526315789,79.84210526315789,40.1578947368421,65.05263157894737,1135.1052631578948,1676.6842105263156,419.1710526315789,2348.85,0.07104594112399643,0.3981101694915254
1016,50.78947368421053,74.0,74.0,38.31578947368421,56.36842105263158,1066.578947368421,1554.0,388.5,2201.684210526316,0.06584745762711865,0.37316681534344337
1017,56.0,77.78947368421052,77.78947368421052,39.473684210526315,64.26315789473684,1176.0,1633.5789473684208,408.3947368421052,2407.5947368421052,0.06921944692239071,0.4080669045495094
1018,49.36842105263158,84.3157894736842,84.3157894736842,44.05263157894737,56.63157894736842,1036.7368421052631,1770.6315789473683,442.6578947368421,2205.1105263157892,0.07502676181980374,0.3737475468331846
1019,51.578947368421055,75.6842105263158,75.6842105263158,39.26315789473684,54.1578947368421,1083.157894736842,1589.3684210526317,397.3421052631579,2238.710526315789,0.06734611953612846,0.3794424620874219
1020,51.78947368421053,79.15789473684211,79.15789473684211,38.473684210526315,66.36842105263158,1087.578947368421,1662.3157894736844,415.5789473684211,2264.463157894737,0.0704371097234612,0.38380731489741304
1021,49.21052631578947,81.52631578947368,81.52631578947368,41.8421052631579,57.89473684210526,1033.421052631579,1712.0526315789473,428.0131578947368,2184.828947368421,0.07254460303300624,0.3703099910793934
1022,52.8421052631579,82.78947368421052,82.78947368421052,41.89473684210526,61.473684210526315,1109.6842105263158,1738.5789473684208,434.6447368421052,2321.1078947368424,0.07366859946476359,0.3934081177520072
1023,47.73684210526316,76.89473684210526,76.89473684210526,39.63157894736842,55.94736842105263,1002.4736842105264,1614.7894736842104,403.6973684210526,2107.9026315789474,0.06842328278322926,0.357271632471008
1024,50.31578947368421,77.52631578947368,77.52631578947368,38.68421052631579,57.8421052631579,1056.6315789473686,1628.0526315789473,407.0131578947368,2203.286842105263,0.06898528099910793,0.37343844781445135
1025,58.63157894736842,81.36842105263158,81.36842105263158,39.21052631578947,73.15789473684211,1231.2631578947369,1708.7368421052631,427.1842105263158,2520.3315789473686,0.07240410347903657,0.4271748438893845
1026,58.89473684210526,74.78947368421052,74.78947368421052,36.36842105263158,67.52631578947368,1236.7894736842104,1570.5789473684208,392.6447368421052,2495.186842105263,0.06654995539696698,0.4229130240856378
1027,53.8421052631579,81.52631578947368,81.52631578947368,41.526315789473685,60.73684210526316,1130.6842105263158,1712.0526315789473,428.0131578947368,2350.176315789474,0.07254460303300624,0.39833496877787694
1028,62.421052631578945,71.63157894736842,71.63157894736842,34.05263157894737,77.52631578947368,1310.842105263158,1504.2631578947369,376.0657894736842,2604.4973684210527,0.0637399643175736,0.44144023193577164
1029,48.8421052631579,74.78947368421052,74.78947368421052,39.0,55.421052631578945,1025.6842105263158,1570.5789473684208,392.6447368421052,2136.307894736842,0.06654995539696698,0.36208608385370206
1030,52.473684210526315,68.42105263157895,68.42105263157895,33.21052631578947,63.05263157894737,1101.9473684210527,1436.842105263158,359.2105263157895,2232.521052631579,0.06088314005352364,0.3783933987511151
1031,49.26315789473684,84.26315789473684,84.26315789473684,42.21052631578947,54.8421052631579,1034.5263157894738,1769.5263157894735,442.3815789473684,2201.076315789474,0.07497992863514719,0.37306378233719895
1032,56.0,78.21052631578948,78.21052631578948,39.68421052631579,61.05263157894737,1176.0,1642.4210526315792,410.6052631578948,2409.805263157895,0.06959411239964318,0.40844157002676185
1033,48.78947368421053,78.94736842105263,78.94736842105263,40.63157894736842,56.26315789473684,1024.578947368421,1657.8947368421052,414.4736842105263,2156.257894736842,0.07024977698483496,0.3654674397859054
1034,50.89473684210526,73.57894736842105,73.57894736842105,38.05263157894737,54.94736842105263,1068.7894736842104,1545.157894736842,386.2894736842105,2203.2315789473682,0.06547279214986619,0.37342908117752005
1035,53.73684210526316,68.6842105263158,68.6842105263158,35.36842105263158,63.94736842105263,1128.4736842105262,1442.3684210526317,360.5921052631579,2278.9973684210527,0.061117305976806424,0.3862707404103479
1036,50.73684210526316,75.73684210526316,75.73684210526316,38.421052631578945,59.526315789473685,1065.4736842105262,1590.4736842105265,397.6184210526316,2208.923684210526,0.06739295272078502,0.3743938447814451
1037,55.31578947368421,74.84210526315789,74.84210526315789,37.89473684210526,59.78947368421053,1161.6315789473686,1571.6842105263156,392.9210526315789,2367.694736842105,0.06659678858162354,0.4013041926851026
1038,57.1578947368421,76.05263157894737,76.05263157894737,37.421052631578945,60.1578947368421,1200.3157894736842,1597.1052631578948,399.2763157894737,2439.813157894737,0.06767395182872435,0.41352765388046386
1039,54.26315789473684,74.36842105263158,74.36842105263158,37.1578947368421,64.36842105263158,1139.5263157894738,1561.7368421052631,390.4342105263158,2327.628947368421,0.06617528991971454,0.39451338090990185
1040,54.94736842105263,75.21052631578948,75.21052631578948,37.8421052631579,63.473684210526315,1153.8947368421052,1579.4210526315792,394.8552631578948,2356.4763157894736,0.06692462087421945,0.39940276538804637
1041,49.31578947368421,79.10526315789474,79.10526315789474,40.473684210526315,55.31578947368421,1035.6315789473686,1661.2105263157896,415.3026315789474,2175.8763157894737,0.07039027653880464,0.36879259589652097
1042,51.8421052631579,75.6842105263158,75.6842105263158,36.526315789473685,60.89473684210526,1088.6842105263158,1589.3684210526317,397.3421052631579,2248.105263157895,0.06734611953612846,0.38103479036574495
1043,47.526315789473685,73.42105263157895,73.42105263157895,37.05263157894737,57.10526315789474,998.0526315789474,1541.842105263158,385.4605263157895,2082.15,0.06533229259589653,0.35290677966101697
1044,57.05263157894737,76.94736842105263,76.94736842105263,37.63157894736842,63.36842105263158,1198.1052631578948,1615.8947368421052,403.9736842105263,2440.7526315789473,0.06847011596788581,0.4136868867082962
1045,50.78947368421053,85.73684210526316,85.73684210526316,42.473684210526315,60.26315789473684,1066.578947368421,1800.4736842105265,450.1184210526316,2263.302631578947,0.07629125780553078,0.38361061552185544
1046,52.10526315789474,82.84210526315789,82.84210526315789,42.0,57.94736842105263,1094.2105263157896,1739.6842105263156,434.9210526315789,2295.0789473684213,0.07371543264942015,0.38899643175735954
1047,50.05263157894737,81.05263157894737,81.05263157894737,41.21052631578947,58.73684210526316,1051.1052631578948,1702.1052631578948,425.5263157894737,2212.4052631578948,0.07212310437109724,0.37498394290811776
1048,56.10526315789474,67.15789473684211,67.15789473684211,33.0,63.68421052631579,1178.2105263157896,1410.3157894736844,352.5789473684211,2355.5368421052635,0.059759143621766285,0.39924353256021416
1049,49.26315789473684,83.47368421052632,83.47368421052632,41.68421052631579,57.10526315789474,1034.5263157894738,1752.9473684210527,438.2368421052632,2196.9315789473685,0.07427743086529884,0.37236128456735057
1050,57.578947368421055,60.1578947368421,60.1578947368421,29.42105263157895,62.8421052631579,1209.157894736842,1263.3157894736842,315.82894736842104,2371.3973684210523,0.053530330062444245,0.4019317573595004
1051,49.73684210526316,74.6842105263158,74.6842105263158,36.94736842105263,64.3157894736842,1044.4736842105262,1568.3684210526317,392.0921052631579,2167.6973684210525,0.06645628902765388,0.36740633363068687
1052,45.94736842105263,94.21052631578948,94.21052631578948,45.0,53.94736842105263,964.8947368421052,1978.4210526315792,494.6052631578948,2134.926315789474,0.08383140053523641,0.3618519179304193
1053,44.63157894736842,82.15789473684211,82.15789473684211,42.0,51.421052631578945,937.2631578947368,1725.3157894736844,431.3289473684211,2024.6763157894734,0.07310660124888493,0.3431654772524531
1054,52.8421052631579,70.47368421052632,70.47368421052632,35.68421052631579,60.8421052631579,1109.6842105263158,1479.9473684210527,369.9868421052632,2256.4500000000003,0.06270963425512935,0.38244915254237294
1055,59.63157894736842,75.84210526315789,75.84210526315789,37.10526315789474,67.78947368421052,1252.2631578947369,1592.6842105263156,398.1710526315789,2527.0184210526313,0.06748661909009812,0.4283082069580731
1056,53.578947368421055,62.578947368421055,62.578947368421055,32.10526315789474,60.21052631578947,1125.157894736842,1314.157894736842,328.5394736842105,2241.307894736842,0.05568465655664585,0.3798826940231936
1057,69.94736842105263,74.6842105263158,74.6842105263158,34.578947368421055,79.0,1468.8947368421052,1568.3684210526317,392.0921052631579,2889.213157894737,0.06645628902765388,0.4896971454058876
1058,57.73684210526316,78.63157894736842,78.63157894736842,35.94736842105263,67.6842105263158,1212.4736842105262,1651.2631578947369,412.8157894736842,2474.0210526315786,0.06996877787689564,0.41932560214094555
1059,41.94736842105263,86.63157894736842,86.63157894736842,43.526315789473685,47.473684210526315,880.8947368421052,1819.2631578947369,454.8157894736842,1952.336842105263,0.07708742194469224,0.3309045495093666
1060,51.63157894736842,77.52631578947368,77.52631578947368,38.526315789473685,56.63157894736842,1084.2631578947369,1628.0526315789473,407.0131578947368,2250.2605263157893,0.06898528099910793,0.381400089206066
1061,54.89473684210526,75.52631578947368,75.52631578947368,39.526315789473685,61.31578947368421,1152.7894736842104,1586.0526315789473,396.5131578947368,2356.255263157894,0.06720561998215878,0.39936529884032107
1062,54.36842105263158,92.36842105263158,92.36842105263158,46.578947368421055,65.15789473684211,1141.7368421052631,1939.7368421052631,484.9342105263158,2425.886842105263,0.08219223907225691,0.4111672613737734
1063,51.78947368421053,71.78947368421052,71.78947368421052,36.21052631578947,53.31578947368421,1087.578947368421,1507.5789473684208,376.8947368421052,2225.7789473684206,0.06388046387154325,0.37725066904549504
1064,55.89473684210526,67.94736842105263,67.94736842105263,36.05263157894737,65.78947368421052,1173.7894736842104,1426.8947368421052,356.7236842105263,2352.165789473684,0.060461641391614626,0.3986721677074041
1065,57.26315789473684,73.63157894736842,73.63157894736842,36.36842105263158,68.42105263157895,1202.5263157894738,1546.2631578947369,386.5657894736842,2430.8605263157897,0.06551962533452275,0.41201025869759145
1066,52.26315789473684,66.0,66.0,33.73684210526316,59.10526315789474,1097.5263157894738,1386.0,346.5,2212.2947368421055,0.05872881355932203,0.37496520963425517
1067,53.0,71.0,71.0,35.8421052631579,63.21052631578947,1113.0,1491.0,372.75,2264.85,0.06317796610169492,0.38387288135593217
1068,51.94736842105263,60.05263157894737,60.05263157894737,30.894736842105264,56.1578947368421,1090.8947368421052,1261.1052631578948,315.2763157894737,2169.7973684210524,0.05343666369313114,0.3677622658340767
1069,49.526315789473685,74.0,74.0,38.10526315789474,57.63157894736842,1040.0526315789473,1554.0,388.5,2156.58947368421,0.06584745762711865,0.36552363960749323
1070,45.0,79.78947368421052,79.78947368421052,40.94736842105263,52.8421052631579,945.0,1675.5789473684208,418.8947368421052,2025.3947368421052,0.07099910793933986,0.3432872435325602
1071,51.473684210526315,79.10526315789474,79.10526315789474,38.36842105263158,63.526315789473685,1080.9473684210527,1661.2105263157896,415.3026315789474,2252.9131578947367,0.07039027653880464,0.38184968777876893
1072,54.473684210526315,71.42105263157895,71.42105263157895,34.8421052631579,57.578947368421055,1143.9473684210527,1499.842105263158,374.9605263157895,2319.671052631579,0.06355263157894737,0.3931645851917931
1073,50.68421052631579,73.52631578947368,73.52631578947368,37.10526315789474,58.578947368421055,1064.3684210526314,1544.0526315789473,386.0131578947368,2195.43947368421,0.06542595896520963,0.3721083853702051
1074,52.78947368421053,74.57894736842105,74.57894736842105,38.73684210526316,60.73684210526316,1108.578947368421,1566.157894736842,391.5394736842105,2276.1236842105263,0.06636262265834077,0.3857836752899197
1075,50.1578947368421,74.57894736842105,74.57894736842105,37.05263157894737,61.26315789473684,1053.3157894736842,1566.157894736842,391.5394736842105,2182.1763157894734,0.06636262265834077,0.3698603925066904
1076,50.78947368421053,78.73684210526316,78.73684210526316,39.63157894736842,58.31578947368421,1066.578947368421,1653.4736842105265,413.3684210526316,2226.552631578947,0.07006244424620875,0.3773818019625334
1077,53.526315789473685,64.94736842105263,64.94736842105263,34.78947368421053,58.473684210526315,1124.0526315789473,1363.8947368421052,340.9736842105263,2251.8631578947366,0.0577921498661909,0.38167172167707397
1078,65.73684210526316,71.0,71.0,33.1578947368421,77.21052631578948,1380.4736842105265,1491.0,372.75,2719.555263157895,0.06317796610169492,0.46094157002676184
1079,46.421052631578945,74.57894736842105,74.57894736842105,39.63157894736842,47.94736842105263,974.8421052631578,1566.157894736842,391.5394736842105,2048.7710526315786,0.06636262265834077,0.34724933095450483
1080,56.526315789473685,84.3157894736842,84.3157894736842,42.21052631578947,67.84210526315789,1187.0526315789473,1770.6315789473683,442.6578947368421,2460.6473684210523,0.07502676181980374,0.41705887600356817
1081,54.94736842105263,64.52631578947368,64.52631578947368,31.42105263157895,60.94736842105263,1153.8947368421052,1355.0526315789473,338.7631578947368,2300.3842105263157,0.05741748438893844,0.38989562890276536
1082,53.421052631578945,83.42105263157895,83.42105263157895,41.94736842105263,62.73684210526316,1121.842105263158,1751.842105263158,437.9605263157895,2345.092105263158,0.07423059768064229,0.39747323818019625
1083,57.473684210526315,73.57894736842105,73.57894736842105,36.05263157894737,69.05263157894737,1206.9473684210527,1545.157894736842,386.2894736842105,2438.1,0.06547279214986619,0.4132372881355932
1084,52.31578947368421,79.63157894736842,79.63157894736842,38.89473684210526,56.78947368421053,1098.6315789473686,1672.2631578947369,418.0657894736842,2285.7394736842107,0.07085860838537021,0.38741347011596794
1085,47.10526315789474,82.6842105263158,82.6842105263158,42.73684210526316,51.63157894736842,989.2105263157896,1736.3684210526317,434.0921052631579,2115.75,0.07357493309545049,0.35860169491525423
1086,48.10526315789474,73.42105263157895,73.42105263157895,38.78947368421053,47.473684210526315,1010.2105263157896,1541.842105263158,385.4605263157895,2102.818421052632,0.06533229259589653,0.35640990187332744
1087,51.73684210526316,74.84210526315789,74.84210526315789,39.1578947368421,58.26315789473684,1086.4736842105262,1571.6842105263156,392.9210526315789,2239.9263157894734,0.06659678858162354,0.37964852809991073
1088,48.05263157894737,72.6842105263158,72.6842105263158,37.421052631578945,55.0,1009.1052631578948,1526.3684210526317,381.5921052631579,2097.071052631579,0.06467662801070473,0.355435771632471
1089,51.05263157894737,73.73684210526316,73.73684210526316,38.94736842105263,57.94736842105263,1072.1052631578948,1548.4736842105265,387.1184210526316,2209.6973684210525,0.06561329170383587,0.3745249776984835
1090,45.8421052631579,79.21052631578948,79.21052631578948,41.63157894736842,54.421052631578945,962.6842105263158,1663.4210526315792,415.8552631578948,2052.418421052632,0.07048394290811776,0.3478675289919715
1091,48.05263157894737,83.57894736842105,83.57894736842105,42.26315789473684,54.526315789473685,1009.1052631578948,1755.157894736842,438.7894736842105,2154.2684210526318,0.07437109723461195,0.36513024085637824
1092,44.421052631578945,86.21052631578948,86.21052631578948,43.26315789473684,44.10526315789474,932.8421052631578,1810.4210526315792,452.6052631578948,2038.436842105263,0.0767127564674398,0.3454977698483497
1093,54.526315789473685,77.05263157894737,77.05263157894737,40.10526315789474,50.36842105263158,1145.0526315789473,1618.1052631578948,404.5263157894737,2351.115789473684,0.06856378233719893,0.39849420160570914
1094,58.05263157894737,64.3157894736842,64.3157894736842,32.1578947368421,63.63157894736842,1219.1052631578948,1350.6315789473683,337.6578947368421,2410.136842105263,0.057230151650312214,0.4084977698483497
1095,48.05263157894737,76.15789473684211,76.15789473684211,38.473684210526315,52.78947368421053,1009.1052631578948,1599.3157894736844,399.8289473684211,2115.307894736842,0.06776761819803748,0.35852676181980375
1096,60.63157894736842,76.10526315789474,76.10526315789474,37.05263157894737,73.84210526315789,1273.2631578947369,1598.2105263157896,399.5526315789474,2564.1000000000004,0.06772078501338091,0.4345932203389831
1097,53.8421052631579,75.63157894736842,75.63157894736842,37.36842105263158,62.26315789473684,1130.6842105263158,1588.2631578947369,397.0657894736842,2319.2289473684214,0.06729928635147191,0.3930896520963426
1098,46.89473684210526,84.52631578947368,84.52631578947368,43.78947368421053,53.05263157894737,984.7894736842104,1775.0526315789473,443.7631578947368,2117.9052631578943,0.07521409455842996,0.3589669937555753
1099,54.473684210526315,72.26315789473684,72.26315789473684,35.89473684210526,60.21052631578947,1143.9473684210527,1517.5263157894735,379.3815789473684,2324.092105263158,0.06430196253345227,0.39391391614629795
1100,45.63157894736842,76.6842105263158,76.6842105263158,39.8421052631579,48.89473684210526,958.2631578947368,1610.3684210526317,402.5921052631579,2031.6394736842103,0.06823595004460303,0.34434567350579837
1101,50.68421052631579,80.73684210526316,80.73684210526316,40.10526315789474,61.21052631578947,1064.3684210526314,1695.4736842105265,423.8684210526316,2233.294736842105,0.0718421052631579,0.3785245316681534
1102,53.26315789473684,79.05263157894737,79.05263157894737,39.1578947368421,62.0,1118.5263157894738,1660.1052631578948,415.0263157894737,2316.521052631579,0.07034344335414809,0.3926306868867083
1103,51.21052631578947,77.42105263157895,77.42105263157895,38.31578947368421,58.89473684210526,1075.421052631579,1625.842105263158,406.4605263157895,2234.676315789474,0.06889161462979483,0.37875869759143627
1104,54.63157894736842,70.36842105263158,70.36842105263158,35.78947368421053,60.31578947368421,1147.2631578947369,1477.7368421052631,369.4342105263158,2319.7815789473684,0.06261596788581623,0.3931833184656557
1105,49.26315789473684,73.73684210526316,73.73684210526316,39.26315789473684,53.73684210526316,1034.5263157894738,1548.4736842105265,387.1184210526316,2145.813157894737,0.06561329170383587,0.3636971454058876
1106,55.10526315789474,76.36842105263158,76.36842105263158,37.526315789473685,69.36842105263158,1157.2105263157896,1603.7368421052631,400.9342105263158,2368.192105263158,0.06795495093666369,0.40138849241748437
1107,49.8421052631579,76.47368421052632,76.47368421052632,37.89473684210526,59.526315789473685,1046.6842105263158,1605.9473684210527,401.4868421052632,2180.85,0.0680486173059768,0.36963559322033895
1108,48.578947368421055,81.78947368421052,81.78947368421052,40.94736842105263,58.73684210526316,1020.1578947368422,1717.5789473684208,429.3947368421052,2163.663157894737,0.07277876895628901,0.3667225691347012
1109,50.89473684210526,75.42105263157895,75.42105263157895,37.21052631578947,58.421052631578945,1068.7894736842104,1583.842105263158,395.9605263157895,2212.902631578947,0.06711195361284568,0.3750682426404995
1110,44.421052631578945,75.89473684210526,75.89473684210526,39.05263157894737,57.8421052631579,932.8421052631578,1593.7894736842104,398.4473684210526,1984.2789473684206,0.06753345227475469,0.33631846565566453
1111,46.473684210526315,73.26315789473684,73.26315789473684,38.73684210526316,58.0,975.9473684210526,1538.5263157894735,384.6315789473684,2043.7421052631578,0.06519179304192685,0.34639696699375555
1112,45.526315789473685,74.47368421052632,74.47368421052632,37.68421052631579,59.89473684210526,956.0526315789474,1563.9473684210527,390.9868421052632,2016.2763157894738,0.06626895628902765,0.3417417484388939
1113,67.89473684210526,75.57894736842105,75.57894736842105,36.10526315789474,77.78947368421052,1425.7894736842104,1587.157894736842,396.7894736842105,2820.631578947368,0.06725245316681534,0.47807314897413017
1114,53.73684210526316,66.26315789473684,66.26315789473684,31.526315789473685,54.05263157894737,1128.4736842105262,1391.5263157894735,347.8815789473684,2266.286842105263,0.05896297948260481,0.38411641391614626
1115,54.0,79.15789473684211,79.15789473684211,39.31578947368421,58.05263157894737,1134.0,1662.3157894736844,415.5789473684211,2343.378947368421,0.0704371097234612,0.3971828724353256
1116,49.05263157894737,80.0,80.0,41.1578947368421,54.21052631578947,1030.1052631578948,1680.0,420.0,2171.178947368421,0.0711864406779661,0.3679964317573595
1117,54.89473684210526,86.78947368421052,86.78947368421052,42.526315789473685,66.21052631578948,1152.7894736842104,1822.5789473684208,455.6447368421052,2415.386842105263,0.0772279214986619,0.40938760035682425
1118,56.1578947368421,70.3157894736842,70.3157894736842,34.8421052631579,71.36842105263158,1179.3157894736842,1476.6315789473683,369.1578947368421,2373.9947368421053,0.06256913470115967,0.40237198929527207
1119,44.68421052631579,73.3157894736842,73.3157894736842,38.526315789473685,46.73684210526316,938.3684210526316,1539.6315789473683,384.9078947368421,1980.1342105263157,0.0652386262265834,0.3356159678858162
1120,49.05263157894737,84.47368421052632,84.47368421052632,42.473684210526315,52.05263157894737,1030.1052631578948,1773.9473684210527,443.4868421052632,2194.6657894736845,0.07516726137377341,0.3719772524531669
1121,54.26315789473684,65.84210526315789,65.84210526315789,33.94736842105263,52.1578947368421,1139.5263157894738,1382.6842105263156,345.6710526315789,2282.8657894736843,0.05858831400535235,0.3869264049955397
1122,54.73684210526316,79.15789473684211,79.15789473684211,38.89473684210526,68.73684210526316,1149.4736842105262,1662.3157894736844,415.5789473684211,2369.684210526316,0.0704371097234612,0.4016413916146298
1123,55.94736842105263,60.05263157894737,60.05263157894737,29.31578947368421,69.63157894736842,1174.8947368421052,1261.1052631578948,315.2763157894737,2312.5973684210526,0.05343666369313114,0.3919656556645852
1124,51.68421052631579,83.57894736842105,83.57894736842105,40.94736842105263,61.473684210526315,1085.3684210526314,1755.157894736842,438.7894736842105,2283.915789473684,0.07437109723461195,0.3871043710972346
1125,55.473684210526315,74.73684210526316,74.73684210526316,37.73684210526316,63.526315789473685,1164.9473684210527,1569.4736842105265,392.3684210526316,2372.778947368421,0.06650312221231044,0.4021659232827832
1126,50.473684210526315,82.89473684210526,82.89473684210526,41.31578947368421,62.89473684210526,1059.9473684210527,1740.7894736842104,435.1973684210526,2237.1078947368424,0.07376226583407672,0.37917082961641396
1127,52.89473684210526,74.3157894736842,74.3157894736842,37.78947368421053,66.05263157894737,1110.7894736842104,1560.6315789473683,390.1578947368421,2278.5,0.06612845673505797,0.3861864406779661
1128,49.1578947368421,85.84210526315789,85.84210526315789,43.73684210526316,59.89473684210526,1032.3157894736842,1802.6842105263156,450.6710526315789,2205.607894736842,0.07638492417484388,0.37383184656556645
1129,51.21052631578947,78.89473684210526,78.89473684210526,40.36842105263158,58.05263157894737,1075.421052631579,1656.7894736842104,414.1973684210526,2242.4131578947367,0.07020294380017841,0.3800700267618198
1130,51.36842105263158,81.94736842105263,81.94736842105263,40.94736842105263,57.89473684210526,1078.7368421052631,1720.8947368421052,430.2236842105263,2264.0763157894735,0.07291926851025869,0.3837417484388938
1131,50.21052631578947,82.42105263157895,82.42105263157895,41.68421052631579,54.0,1054.421052631579,1730.842105263158,432.7105263157895,2225.2263157894736,0.07334076717216771,0.37715700267618196
1132,57.8421052631579,76.78947368421052,76.78947368421052,39.473684210526315,64.78947368421052,1214.6842105263158,1612.5789473684208,403.1447368421052,2468.1078947368424,0.06832961641391613,0.4183233719892953
1133,63.36842105263158,66.6842105263158,66.6842105263158,33.8421052631579,74.0,1330.7368421052631,1400.3684210526317,350.0921052631579,2612.3447368421052,0.05933764495985727,0.44277029438001786
1134,56.421052631578945,72.3157894736842,72.3157894736842,33.05263157894737,63.05263157894737,1184.842105263158,1518.6315789473683,379.6578947368421,2393.8894736842103,0.06434879571810882,0.4057439785905441
1135,60.05263157894737,64.52631578947368,64.52631578947368,31.157894736842106,63.1578947368421,1261.1052631578948,1355.0526315789473,338.7631578947368,2482.6421052631576,0.05741748438893844,0.42078679750223014
1136,43.473684210526315,76.84210526315789,76.84210526315789,38.89473684210526,55.68421052631579,912.9473684210526,1613.6842105263156,403.4210526315789,1955.4315789473683,0.0683764495985727,0.33142908117752007
1137,58.421052631578945,76.05263157894737,76.05263157894737,38.26315789473684,62.473684210526315,1226.842105263158,1597.1052631578948,399.2763157894737,2484.907894736842,0.06767395182872435,0.4211708296164139
1138,53.8421052631579,80.63157894736842,80.63157894736842,40.05263157894737,64.52631578947368,1130.6842105263158,1693.2631578947369,423.3157894736842,2345.4789473684214,0.07174843889384479,0.3975388046387155
1139,50.36842105263158,69.78947368421052,69.78947368421052,35.526315789473685,56.26315789473684,1057.7368421052631,1465.5789473684208,366.3947368421052,2164.5473684210524,0.0621008028545941,0.3668724353256021
1140,52.10526315789474,73.84210526315789,73.84210526315789,37.473684210526315,58.68421052631579,1094.2105263157896,1550.6842105263156,387.6710526315789,2247.8289473684213,0.06570695807314897,0.38098795718108835
1141,48.578947368421055,80.36842105263158,80.36842105263158,42.31578947368421,55.94736842105263,1020.1578947368422,1687.7368421052631,421.9342105263158,2156.2026315789476,0.071514272970562,0.36545807314897416
1142,50.473684210526315,73.57894736842105,73.57894736842105,37.78947368421053,59.31578947368421,1059.9473684210527,1545.157894736842,386.2894736842105,2188.2000000000003,0.06547279214986619,0.37088135593220345
1143,57.36842105263158,77.26315789473684,77.26315789473684,37.526315789473685,65.73684210526316,1204.7368421052631,1622.5263157894735,405.6315789473684,2453.6842105263154,0.06875111507582515,0.41587867975022297
1144,62.21052631578947,77.78947368421052,77.78947368421052,38.10526315789474,68.89473684210526,1306.421052631579,1633.5789473684208,408.3947368421052,2629.3105263157895,0.06921944692239071,0.44564585191793044
1145,57.473684210526315,72.36842105263158,72.36842105263158,35.21052631578947,72.47368421052632,1206.9473684210527,1519.7368421052631,379.9342105263158,2431.7447368421053,0.06439562890276539,0.4121601248884924
1146,49.21052631578947,84.42105263157895,84.42105263157895,42.1578947368421,62.1578947368421,1033.421052631579,1772.842105263158,443.2105263157895,2200.0263157894738,0.07512042818911686,0.37288581623550404
1147,41.94736842105263,84.05263157894737,84.05263157894737,43.73684210526316,51.0,880.8947368421052,1765.1052631578948,441.2763157894737,1938.7973684210526,0.07479259589652097,0.3286097234611954
1148,49.21052631578947,69.05263157894737,69.05263157894737,35.0,57.421052631578945,1033.421052631579,1450.1052631578948,362.5263157894737,2119.342105263158,0.06144513826940232,0.3592105263157895
1149,54.89473684210526,70.78947368421052,70.78947368421052,33.63157894736842,61.26315789473684,1152.7894736842104,1486.5789473684208,371.6447368421052,2331.386842105263,0.06299063336306868,0.39515031222123104
1150,58.36842105263158,63.8421052631579,63.8421052631579,30.63157894736842,65.05263157894737,1225.7368421052631,1340.6842105263158,335.17105263157896,2418.9236842105265,0.056808652988403215,0.4099870651204282
1151,59.63157894736842,67.05263157894737,67.05263157894737,31.0,71.3157894736842,1252.2631578947369,1408.1052631578948,352.0263157894737,2480.8736842105263,0.05966547725245317,0.4204870651204282
1152,53.73684210526316,78.10526315789474,78.10526315789474,39.10526315789474,58.68421052631579,1128.4736842105262,1640.2105263157896,410.0526315789474,2328.457894736842,0.06950044603033007,0.3946538804638715
1153,55.473684210526315,64.78947368421052,64.78947368421052,32.26315789473684,68.15789473684211,1164.9473684210527,1360.5789473684208,340.1447368421052,2320.555263157895,0.05765165031222122,0.39331445138269405
1154,57.05263157894737,81.3157894736842,81.3157894736842,40.578947368421055,69.36842105263158,1198.1052631578948,1707.6315789473683,426.9078947368421,2463.686842105263,0.07235727029438001,0.41757404103479034
1155,51.421052631578945,84.05263157894737,84.05263157894737,41.68421052631579,66.05263157894737,1079.842105263158,1765.1052631578948,441.2763157894737,2277.007894736842,0.07479259589652097,0.38593354148082065
1156,52.68421052631579,79.15789473684211,79.15789473684211,38.94736842105263,58.68421052631579,1106.3684210526314,1662.3157894736844,415.5789473684211,2296.4052631578948,0.0704371097234612,0.389221231043711
1157,54.421052631578945,69.42105263157895,69.42105263157895,35.21052631578947,64.57894736842105,1142.842105263158,1457.842105263158,364.4605263157895,2307.2921052631577,0.061772970561998215,0.39106645851917926
1158,50.05263157894737,82.15789473684211,82.15789473684211,41.78947368421053,56.31578947368421,1051.1052631578948,1725.3157894736844,431.3289473684211,2218.2078947368423,0.07310660124888493,0.37596743978590547
1159,54.31578947368421,72.26315789473684,72.26315789473684,34.73684210526316,61.10526315789474,1140.6315789473686,1517.5263157894735,379.3815789473684,2318.455263157895,0.06430196253345227,0.39295851917930424
1160,53.78947368421053,62.578947368421055,62.578947368421055,29.94736842105263,62.05263157894737,1129.578947368421,1314.157894736842,328.5394736842105,2248.823684210526,0.05568465655664585,0.3811565566458519
1161,46.21052631578947,83.10526315789474,83.10526315789474,43.1578947368421,53.26315789473684,970.421052631579,1745.2105263157896,436.3026315789474,2086.0184210526318,0.07394959857270295,0.35356244424620875
1162,52.8421052631579,72.36842105263158,72.36842105263158,36.21052631578947,65.6842105263158,1109.6842105263158,1519.7368421052631,379.9342105263158,2266.3973684210528,0.06439562890276539,0.38413514719000896
1163,55.421052631578945,75.57894736842105,75.57894736842105,36.578947368421055,63.526315789473685,1163.842105263158,1587.157894736842,396.7894736842105,2375.321052631579,0.06725245316681534,0.4025967885816235
1164,54.68421052631579,79.47368421052632,79.47368421052632,37.73684210526316,61.94736842105263,1148.3684210526314,1668.9473684210527,417.2368421052632,2369.4631578947365,0.07071810883140053,0.4016039250669045
1165,55.21052631578947,76.84210526315789,76.84210526315789,39.26315789473684,61.421052631578945,1159.421052631579,1613.6842105263156,403.4210526315789,2374.436842105263,0.0683764495985727,0.40244692239072255
1166,45.8421052631579,77.0,77.0,38.68421052631579,50.68421052631579,962.6842105263158,1617.0,404.25,2040.8131578947368,0.06851694915254238,0.3459005352363961
1167,50.89473684210526,81.89473684210526,81.89473684210526,39.05263157894737,62.473684210526315,1068.7894736842104,1719.7894736842104,429.9473684210526,2246.8894736842103,0.07287243532560214,0.380828724353256
1168,52.63157894736842,78.78947368421052,78.78947368421052,41.8421052631579,60.73684210526316,1105.2631578947369,1654.5789473684208,413.6447368421052,2292.592105263158,0.07010927743086529,0.3885749330954505
1169,55.8421052631579,70.73684210526316,70.73684210526316,35.94736842105263,64.26315789473684,1172.6842105263158,1485.4736842105265,371.3684210526316,2364.9315789473685,0.06294380017841214,0.40083586083853706
1170,59.0,76.3157894736842,76.3157894736842,39.1578947368421,72.63157894736842,1239.0,1602.6315789473683,400.6578947368421,2506.957894736842,0.06790811775200713,0.4249081177520071
1171,48.73684210526316,73.6842105263158,73.6842105263158,37.89473684210526,49.473684210526315,1023.4736842105264,1547.3684210526317,386.8421052631579,2126.7473684210527,0.0655664585191793,0.3604656556645852
1172,48.8421052631579,70.57894736842105,70.57894736842105,35.94736842105263,55.78947368421053,1025.6842105263158,1482.157894736842,370.5394736842105,2114.2026315789476,0.06280330062444246,0.35833942908117755
1173,50.8421052631579,75.89473684210526,75.89473684210526,37.73684210526316,53.8421052631579,1067.6842105263158,1593.7894736842104,398.4473684210526,2213.5105263157893,0.06753345227475469,0.37517127564674396
1174,46.421052631578945,70.84210526315789,70.84210526315789,36.36842105263158,57.21052631578947,974.8421052631578,1487.6842105263156,371.9210526315789,2029.1526315789472,0.06303746654772524,0.3439241748438894
1175,50.89473684210526,76.36842105263158,76.36842105263158,37.1578947368421,53.8421052631579,1068.7894736842104,1603.7368421052631,400.9342105263158,2217.876315789473,0.06795495093666369,0.37591123996431747
1176,60.36842105263158,67.89473684210526,67.89473684210526,32.89473684210526,68.6842105263158,1267.7368421052631,1425.7894736842104,356.4473684210526,2511.6,0.06041480820695807,0.42569491525423725
1177,62.10526315789474,73.6842105263158,73.6842105263158,35.26315789473684,74.21052631578948,1304.2105263157896,1547.3684210526317,386.8421052631579,2604.0,0.0655664585191793,0.4413559322033898
1178,50.94736842105263,79.52631578947368,79.52631578947368,39.473684210526315,55.31578947368421,1069.8947368421052,1670.0526315789473,417.5131578947368,2236.3342105263155,0.07076494201605708,0.3790396966993755
1179,58.36842105263158,75.73684210526316,75.73684210526316,37.10526315789474,68.84210526315789,1225.7368421052631,1590.4736842105265,397.6184210526316,2481.371052631579,0.06739295272078502,0.42057136485281
1180,58.10526315789474,70.15789473684211,70.15789473684211,34.05263157894737,68.89473684210526,1220.2105263157896,1473.3157894736844,368.3289473684211,2442.6868421052636,0.06242863514719001,0.41401471900089215
1181,49.78947368421053,66.3157894736842,66.3157894736842,32.473684210526315,59.8421052631579,1045.578947368421,1392.6315789473683,348.1578947368421,2125.6421052631576,0.05900981266726137,0.3602783229259589
1182,44.73684210526316,81.73684210526316,81.73684210526316,41.26315789473684,46.578947368421055,939.4736842105264,1716.4736842105265,429.1184210526316,2026.2236842105265,0.07273193577163248,0.3434277430865299
1183,49.68421052631579,76.3157894736842,76.3157894736842,38.1578947368421,55.94736842105263,1043.3684210526314,1602.6315789473683,400.6578947368421,2174.3842105263157,0.06790811775200713,0.36853969669937553
1184,53.21052631578947,77.0,77.0,40.0,59.0,1117.421052631579,1617.0,404.25,2303.8657894736843,0.06851694915254238,0.390485727029438
1185,50.31578947368421,77.36842105263158,77.36842105263158,39.78947368421053,56.10526315789474,1056.6315789473686,1624.7368421052631,406.1842105263158,2202.4578947368423,0.06884478144513827,0.37329794826048174
1186,59.73684210526316,72.05263157894737,72.05263157894737,35.31578947368421,68.47368421052632,1254.4736842105262,1513.1052631578948,378.2763157894737,2510.8815789473683,0.06411462979482604,0.42557314897413023
1187,51.21052631578947,76.10526315789474,76.10526315789474,37.10526315789474,58.26315789473684,1075.421052631579,1598.2105263157896,399.5526315789474,2227.7684210526318,0.06772078501338091,0.3775878679750223
1188,50.63157894736842,75.10526315789474,75.10526315789474,38.421052631578945,60.21052631578947,1063.2631578947369,1577.2105263157896,394.3026315789474,2201.85,0.06683095450490634,0.37319491525423726
1189,50.0,72.6842105263158,72.6842105263158,37.10526315789474,55.36842105263158,1050.0,1526.3684210526317,381.5921052631579,2166.592105263158,0.06467662801070473,0.36721900089206067
1190,51.578947368421055,88.21052631578948,88.21052631578948,44.26315789473684,56.8421052631579,1083.157894736842,1852.4210526315792,463.1052631578948,2304.4736842105262,0.07849241748438895,0.39058876003568244
1191,51.8421052631579,76.52631578947368,76.52631578947368,38.473684210526315,60.473684210526315,1088.6842105263158,1607.0526315789473,401.7631578947368,2252.5263157894738,0.06809545049063336,0.3817841213202498
1192,47.421052631578945,82.26315789473684,82.26315789473684,40.21052631578947,56.63157894736842,995.8421052631578,1727.5263157894735,431.8815789473684,2124.813157894737,0.07320026761819803,0.3601378233719893
1193,59.21052631578947,62.05263157894737,62.05263157894737,31.736842105263158,62.526315789473685,1243.421052631579,1303.1052631578948,325.7763157894737,2439.592105263158,0.05521632471008029,0.4134901873327386
1194,54.68421052631579,79.89473684210526,79.89473684210526,40.21052631578947,61.0,1148.3684210526314,1677.7894736842104,419.4473684210526,2371.673684210526,0.07109277430865299,0.40197859054415697
1195,54.526315789473685,75.89473684210526,75.89473684210526,36.8421052631579,67.0,1145.0526315789473,1593.7894736842104,398.4473684210526,2345.036842105263,0.06753345227475469,0.3974638715432649
1196,49.10526315789474,77.47368421052632,77.47368421052632,36.36842105263158,58.473684210526315,1031.2105263157896,1626.9473684210527,406.7368421052632,2159.7947368421055,0.06893844781445138,0.3660669045495094
1197,49.526315789473685,73.57894736842105,73.57894736842105,35.89473684210526,62.421052631578945,1040.0526315789473,1545.157894736842,386.2894736842105,2154.378947368421,0.06547279214986619,0.36514897413024083
1198,55.473684210526315,78.73684210526316,78.73684210526316,37.78947368421053,67.42105263157895,1164.9473684210527,1653.4736842105265,413.3684210526316,2393.778947368421,0.07006244424620875,0.4057252453166815
1199,47.473684210526315,73.05263157894737,73.05263157894737,36.31578947368421,58.68421052631579,996.9473684210526,1534.1052631578948,383.5263157894737,2078.336842105263,0.06500446030330062,0.3522604817127564
1200,51.0,69.57894736842105,69.57894736842105,36.0,59.8421052631579,1071.0,1461.157894736842,365.2894736842105,2185.9894736842107,0.061913470115967886,0.37050669045495094
1201,48.1578947368421,80.3157894736842,80.3157894736842,41.73684210526316,49.63157894736842,1011.3157894736842,1686.6315789473683,421.6578947368421,2140.894736842105,0.07146743978590543,0.36286351471900086
1202,52.10526315789474,75.05263157894737,75.05263157894737,38.0,58.21052631578947,1094.2105263157896,1576.1052631578948,394.0263157894737,2254.184210526316,0.06678412132024977,0.38206512042818913
1203,54.0,67.3157894736842,67.3157894736842,33.73684210526316,64.10526315789474,1134.0,1413.6315789473683,353.4078947368421,2281.207894736842,0.05989964317573595,0.3866454058876003
1204,53.26315789473684,67.3157894736842,67.3157894736842,33.10526315789474,58.421052631578945,1118.5263157894738,1413.6315789473683,353.4078947368421,2254.9026315789474,0.05989964317573595,0.38218688670829615
1205,51.421052631578945,64.21052631578948,64.21052631578948,31.473684210526315,56.89473684210526,1079.842105263158,1348.4210526315792,337.1052631578948,2172.8368421052633,0.05713648528099912,0.36827743086529885
1206,48.0,83.3157894736842,83.3157894736842,42.73684210526316,57.26315789473684,1008.0,1749.6315789473683,437.4078947368421,2151.007894736842,0.07413693131132916,0.3645776092774308
1207,46.1578947368421,67.78947368421052,67.78947368421052,35.8421052631579,51.421052631578945,969.3157894736842,1423.5789473684208,355.8947368421052,2003.7315789473682,0.06032114183764495,0.33961552185548616
1208,46.63157894736842,83.42105263157895,83.42105263157895,41.73684210526316,55.36842105263158,979.2631578947368,1751.842105263158,437.9605263157895,2102.707894736842,0.07423059768064229,0.35639116859946474
1209,57.578947368421055,70.47368421052632,70.47368421052632,35.8421052631579,67.36842105263158,1209.157894736842,1479.9473684210527,369.9868421052632,2425.555263157895,0.06270963425512935,0.4111110615521856
1210,47.473684210526315,76.47368421052632,76.47368421052632,40.526315789473685,55.578947368421055,996.9473684210526,1605.9473684210527,401.4868421052632,2096.2973684210524,0.0680486173059768,0.3553046387154326
1211,49.94736842105263,83.05263157894737,83.05263157894737,40.526315789473685,58.89473684210526,1048.8947368421052,1744.1052631578948,436.0263157894737,2219.1473684210523,0.0739027653880464,0.37612667261373767
1212,52.1578947368421,78.21052631578948,78.21052631578948,39.63157894736842,62.68421052631579,1095.3157894736842,1642.4210526315792,410.6052631578948,2272.6421052631576,0.06959411239964318,0.38519357716324704
1213,46.526315789473685,73.36842105263158,73.36842105263158,36.78947368421053,54.05263157894737,977.0526315789474,1540.7368421052631,385.1842105263158,2046.1736842105263,0.06528545941123996,0.34680909901873325
1214,57.8421052631579,78.94736842105263,78.94736842105263,39.05263157894737,69.94736842105263,1214.6842105263158,1657.8947368421052,414.4736842105263,2479.436842105263,0.07024977698483496,0.4202435325602141
1215,55.10526315789474,73.63157894736842,73.63157894736842,35.8421052631579,67.47368421052632,1157.2105263157896,1546.2631578947369,386.5657894736842,2353.8236842105266,0.06551962533452275,0.3989531668153435
1216,43.05263157894737,77.36842105263158,77.36842105263158,40.05263157894737,51.31578947368421,904.1052631578948,1624.7368421052631,406.1842105263158,1943.163157894737,0.06884478144513827,0.329349687778769
1217,57.21052631578947,75.3157894736842,75.3157894736842,38.05263157894737,61.78947368421053,1201.421052631579,1581.6315789473683,395.4078947368421,2437.823684210526,0.06701828724353255,0.41319045495093665
1218,52.21052631578947,72.36842105263158,72.36842105263158,36.94736842105263,56.26315789473684,1096.421052631579,1519.7368421052631,379.9342105263158,2243.85,0.06439562890276539,0.38031355932203387
1219,54.63157894736842,72.89473684210526,72.89473684210526,37.31578947368421,63.26315789473684,1147.2631578947369,1530.7894736842104,382.6973684210526,2333.044736842105,0.06486396074933094,0.39543131132917037
1220,52.526315789473685,76.26315789473684,76.26315789473684,39.73684210526316,58.63157894736842,1103.0526315789473,1601.5263157894735,400.3815789473684,2275.571052631579,0.06786128456735058,0.38569000892060656
1221,61.78947368421053,75.26315789473684,75.26315789473684,36.36842105263158,72.84210526315789,1297.578947368421,1580.5263157894735,395.1315789473684,2601.015789473684,0.066971454058876,0.440850133809099
1222,46.8421052631579,85.05263157894737,85.05263157894737,44.68421052631579,52.421052631578945,983.6842105263158,1786.1052631578948,446.5263157894737,2118.7894736842104,0.07568242640499555,0.35911685994647635
1223,56.26315789473684,69.15789473684211,69.15789473684211,33.26315789473684,64.73684210526316,1181.5263157894738,1452.3157894736844,363.0789473684211,2371.6736842105265,0.06153880463871544,0.401978590544157
1224,51.526315789473685,71.78947368421052,71.78947368421052,35.526315789473685,61.578947368421055,1082.0526315789473,1507.5789473684208,376.8947368421052,2216.3842105263157,0.06388046387154325,0.37565834076717214
1225,55.73684210526316,73.26315789473684,73.26315789473684,36.0,63.68421052631579,1170.4736842105262,1538.5263157894735,384.6315789473684,2374.436842105263,0.06519179304192685,0.40244692239072255
1226,52.21052631578947,66.78947368421052,66.78947368421052,34.1578947368421,59.21052631578947,1096.421052631579,1402.5789473684208,350.6447368421052,2214.5605263157895,0.05943131132917037,0.3753492417484389
1227,50.89473684210526,74.36842105263158,74.36842105263158,38.94736842105263,61.36842105263158,1068.7894736842104,1561.7368421052631,390.4342105263158,2207.376315789473,0.06617528991971454,0.3741315789473683
1228,51.8421052631579,84.57894736842105,84.57894736842105,42.89473684210526,58.94736842105263,1088.6842105263158,1776.157894736842,444.0394736842105,2294.8026315789475,0.07526092774308653,0.38894959857270295
1229,48.73684210526316,84.6842105263158,84.6842105263158,43.421052631578945,53.94736842105263,1023.4736842105264,1778.3684210526317,444.5921052631579,2184.4973684210527,0.07535459411239964,0.37025379125780555
1230,52.1578947368421,81.73684210526316,81.73684210526316,41.68421052631579,62.26315789473684,1095.3157894736842,1716.4736842105265,429.1184210526316,2291.1552631578948,0.07273193577163248,0.3883314005352364
1231,50.78947368421053,78.57894736842105,78.57894736842105,37.94736842105263,65.0,1066.578947368421,1650.157894736842,412.5394736842105,2225.7236842105262,0.06992194469223907,0.3772413024085638
1232,56.73684210526316,77.78947368421052,77.78947368421052,37.94736842105263,70.6842105263158,1191.4736842105262,1633.5789473684208,408.3947368421052,2433.8999999999996,0.06921944692239071,0.4125254237288135
1233,52.63157894736842,86.0,86.0,43.26315789473684,61.421052631578945,1105.2631578947369,1806.0,451.5,2330.4473684210525,0.07652542372881356,0.3949910793933987
1234,48.526315789473685,75.78947368421052,75.78947368421052,37.73684210526316,55.31578947368421,1019.0526315789474,1591.5789473684208,397.8947368421052,2130.2842105263157,0.06743978590544156,0.3610651204281891
1235,54.89473684210526,76.89473684210526,76.89473684210526,37.63157894736842,62.10526315789474,1152.7894736842104,1614.7894736842104,403.6973684210526,2363.43947368421,0.06842328278322926,0.4005829616413915
1236,45.10526315789474,78.6842105263158,78.6842105263158,40.8421052631579,50.526315789473685,947.2105263157896,1652.3684210526317,413.0921052631579,2023.3500000000001,0.07001561106155219,0.3429406779661017
1237,52.89473684210526,81.6842105263158,81.6842105263158,40.421052631578945,69.10526315789474,1110.7894736842104,1715.3684210526317,428.8421052631579,2317.184210526316,0.07268510258697591,0.39274308652988404
1238,48.21052631578947,79.84210526315789,79.84210526315789,38.31578947368421,62.421052631578945,1012.421052631579,1676.6842105263156,419.1710526315789,2140.286842105263,0.07104594112399643,0.36276048171275643
1239,43.0,81.78947368421052,81.78947368421052,42.31578947368421,52.78947368421053,903.0,1717.5789473684208,429.3947368421052,1964.494736842105,0.07277876895628901,0.3329652096342551
1240,54.89473684210526,72.94736842105263,72.94736842105263,36.68421052631579,59.421052631578945,1152.7894736842104,1531.8947368421052,382.9736842105263,2342.715789473684,0.0649107939339875,0.3970704727921498
1241,52.94736842105263,80.0,80.0,38.89473684210526,69.36842105263158,1111.8947368421052,1680.0,420.0,2310.2210526315785,0.0711864406779661,0.39156289027653873
1242,54.63157894736842,76.57894736842105,76.57894736842105,38.578947368421055,61.421052631578945,1147.2631578947369,1608.157894736842,402.0394736842105,2352.386842105263,0.06814228367528992,0.39870963425512934
1243,55.31578947368421,82.10526315789474,82.10526315789474,41.421052631578945,59.78947368421053,1161.6315789473686,1724.2105263157896,431.0526315789474,2405.826315789474,0.07305976806422837,0.40776717216770747
1244,51.31578947368421,75.21052631578948,75.21052631578948,37.78947368421053,57.10526315789474,1077.6315789473686,1579.4210526315792,394.8552631578948,2226.8289473684213,0.06692462087421945,0.37742863514719005
1245,55.21052631578947,66.57894736842105,66.57894736842105,33.31578947368421,66.26315789473684,1159.421052631579,1398.157894736842,349.5394736842105,2320.555263157895,0.05924397859054416,0.39331445138269405
1246,46.89473684210526,72.26315789473684,72.26315789473684,36.63157894736842,51.21052631578947,984.7894736842104,1517.5263157894735,379.3815789473684,2053.523684210526,0.06430196253345227,0.34805486173059763
1247,51.526315789473685,72.63157894736842,72.63157894736842,38.421052631578945,54.26315789473684,1082.0526315789473,1525.2631578947369,381.3157894736842,2220.8052631578944,0.06462979482604818,0.376407671721677
1248,48.94736842105263,75.63157894736842,75.63157894736842,38.1578947368421,60.05263157894737,1027.8947368421052,1588.2631578947369,397.0657894736842,2144.486842105263,0.06729928635147191,0.3634723461195361
1249,53.05263157894737,69.78947368421052,69.78947368421052,33.73684210526316,58.94736842105263,1114.1052631578948,1465.5789473684208,366.3947368421052,2260.3736842105263,0.0621008028545941,0.38311418376449596
1250,50.421052631578945,75.6842105263158,75.6842105263158,37.94736842105263,61.26315789473684,1058.842105263158,1589.3684210526317,397.3421052631579,2197.3736842105263,0.06734611953612846,0.37243621766280105
1251,54.21052631578947,75.21052631578948,75.21052631578948,38.36842105263158,66.94736842105263,1138.421052631579,1579.4210526315792,394.8552631578948,2330.171052631579,0.06692462087421945,0.39494424620874224
1252,49.10526315789474,74.05263157894737,74.05263157894737,38.473684210526315,57.63157894736842,1031.2105263157896,1555.1052631578948,388.7763157894737,2141.834210526316,0.0658942908117752,0.3630227475468332
1253,54.68421052631579,71.26315789473684,71.26315789473684,35.31578947368421,61.63157894736842,1148.3684210526314,1496.5263157894735,374.1315789473684,2326.357894736842,0.0634121320249777,0.3942979482604817
1254,54.473684210526315,71.57894736842105,71.57894736842105,35.63157894736842,63.21052631578947,1143.9473684210527,1503.157894736842,375.7894736842105,2320.5,0.06369313113291704,0.3933050847457627
1255,53.73684210526316,71.0,71.0,36.21052631578947,58.05263157894737,1128.4736842105262,1491.0,372.75,2291.1552631578943,0.06317796610169492,0.38833140053523635
1256,51.68421052631579,77.89473684210526,77.89473684210526,40.0,51.526315789473685,1085.3684210526314,1635.7894736842104,408.9473684210526,2254.073684210526,0.06931311329170384,0.3820463871543265
1257,53.578947368421055,73.73684210526316,73.73684210526316,37.578947368421055,58.526315789473685,1125.157894736842,1548.4736842105265,387.1184210526316,2299.886842105263,0.06561329170383587,0.3898113291703836
1258,53.73684210526316,68.3157894736842,68.3157894736842,32.10526315789474,65.21052631578948,1128.4736842105262,1434.6315789473683,358.6578947368421,2277.063157894737,0.060789473684210525,0.385942908117752
1259,48.78947368421053,74.6842105263158,74.6842105263158,38.578947368421055,57.73684210526316,1024.578947368421,1568.3684210526317,392.0921052631579,2133.8763157894737,0.06645628902765388,0.36167395182872436
1260,54.578947368421055,75.89473684210526,75.89473684210526,38.36842105263158,57.0,1146.157894736842,1593.7894736842104,398.4473684210526,2346.915789473684,0.06753345227475469,0.3977823371989295
1261,48.8421052631579,74.52631578947368,74.52631578947368,37.0,55.63157894736842,1025.6842105263158,1565.0526315789473,391.2631578947368,2134.926315789474,0.0663157894736842,0.3618519179304193
1262,49.578947368421055,80.89473684210526,80.89473684210526,40.36842105263158,52.8421052631579,1041.157894736842,1698.7894736842104,424.6973684210526,2194.665789473684,0.07198260481712757,0.3719772524531668
1263,49.05263157894737,81.47368421052632,81.47368421052632,41.526315789473685,55.36842105263158,1030.1052631578948,1710.9473684210527,427.7368421052632,2178.9157894736845,0.07249776984834969,0.36930776092774315
1264,55.63157894736842,74.94736842105263,74.94736842105263,36.89473684210526,66.36842105263158,1168.2631578947369,1573.8947368421052,393.4736842105263,2379.521052631579,0.06669045495093666,0.40330865298840324
1265,52.89473684210526,78.10526315789474,78.10526315789474,39.21052631578947,59.26315789473684,1110.7894736842104,1640.2105263157896,410.0526315789474,2298.394736842105,0.06950044603033007,0.38955842997323814
1266,55.1578947368421,69.52631578947368,69.52631578947368,34.26315789473684,65.3157894736842,1158.3157894736842,1460.0526315789473,365.0131578947368,2334.1499999999996,0.06186663693131132,0.39561864406779657
1267,52.63157894736842,78.52631578947368,78.52631578947368,39.421052631578945,65.36842105263158,1105.2631578947369,1649.0526315789473,412.2631578947368,2291.2105263157896,0.06987511150758251,0.3883407671721677
1268,48.578947368421055,73.42105263157895,73.42105263157895,39.36842105263158,54.31578947368421,1020.1578947368422,1541.842105263158,385.4605263157895,2119.7289473684214,0.06533229259589653,0.3592760927743087
1269,47.526315789473685,66.21052631578948,66.21052631578948,32.73684210526316,60.31578947368421,998.0526315789474,1390.4210526315792,347.6052631578948,2044.2947368421053,0.05891614629794827,0.3464906333630687
1270,48.68421052631579,88.05263157894737,88.05263157894737,44.526315789473685,55.0,1022.3684210526316,1849.1052631578948,462.2763157894737,2200.302631578947,0.07835191793041928,0.3729326494201605
1271,50.68421052631579,76.10526315789474,76.10526315789474,38.63157894736842,57.10526315789474,1064.3684210526314,1598.2105263157896,399.5526315789474,2208.978947368421,0.06772078501338091,0.3744032114183764
1272,51.68421052631579,81.52631578947368,81.52631578947368,41.26315789473684,58.421052631578945,1085.3684210526314,1712.0526315789473,428.0131578947368,2273.1394736842103,0.07254460303300624,0.38527787689562887
1273,55.26315789473684,82.15789473684211,82.15789473684211,42.05263157894737,57.68421052631579,1160.5263157894738,1725.3157894736844,431.3289473684211,2404.2236842105267,0.07310660124888493,0.40749553969669944
1274,53.578947368421055,77.42105263157895,77.42105263157895,40.1578947368421,57.68421052631579,1125.157894736842,1625.842105263158,406.4605263157895,2319.228947368421,0.06889161462979483,0.3930896520963425
1275,53.05263157894737,86.94736842105263,86.94736842105263,45.05263157894737,60.578947368421055,1114.1052631578948,1825.8947368421052,456.4736842105263,2350.4526315789476,0.07736842105263157,0.3983818019625335
1276,53.10526315789474,82.52631578947368,82.52631578947368,41.31578947368421,62.78947368421053,1115.2105263157896,1733.0526315789473,433.2631578947368,2329.121052631579,0.07343443354148081,0.3947662801070473
1277,56.10526315789474,74.21052631578948,74.21052631578948,37.26315789473684,69.78947368421052,1178.2105263157896,1558.4210526315792,389.6052631578948,2392.563157894737,0.06603479036574487,0.4055191793041927
1278,45.8421052631579,85.0,85.0,43.1578947368421,49.1578947368421,962.6842105263158,1785.0,446.25,2082.813157894737,0.07563559322033898,0.3530191793041927
1279,55.68421052631579,69.52631578947368,69.52631578947368,34.26315789473684,66.47368421052632,1169.3684210526314,1460.0526315789473,365.0131578947368,2352.93947368421,0.06186663693131132,0.39880330062444236
1280,53.1578947368421,73.47368421052632,73.47368421052632,36.1578947368421,61.63157894736842,1116.3157894736842,1542.9473684210527,385.7368421052632,2283.4736842105262,0.06537912578055308,0.38702943800178413
1281,60.73684210526316,65.57894736842105,65.57894736842105,31.105263157894736,67.21052631578948,1275.4736842105262,1377.157894736842,344.2894736842105,2512.594736842105,0.05835414808206958,0.4258635147190008
1282,52.05263157894737,72.0,72.0,36.78947368421053,62.526315789473685,1093.1052631578948,1512.0,378.0,2236.278947368421,0.0640677966101695,0.37903033006244424
1283,57.94736842105263,72.21052631578948,72.21052631578948,35.578947368421055,74.52631578947368,1216.8947368421052,1516.4210526315792,379.1052631578948,2447.8263157894735,0.06425512934879572,0.41488581623550397
1284,52.526315789473685,86.26315789473684,86.26315789473684,43.21052631578947,53.21052631578947,1103.0526315789473,1811.5263157894735,452.8815789473684,2328.071052631579,0.07675958965209634,0.3945883140053523
1285,50.89473684210526,76.6842105263158,76.6842105263158,39.578947368421055,57.78947368421053,1068.7894736842104,1610.3684210526317,402.5921052631579,2219.5342105263153,0.06823595004460303,0.37619223907225685
1286,47.8421052631579,72.63157894736842,72.63157894736842,38.1578947368421,61.526315789473685,1004.6842105263158,1525.2631578947369,381.3157894736842,2089.278947368421,0.06462979482604818,0.3541150758251561
1287,50.31578947368421,74.73684210526316,74.73684210526316,37.31578947368421,62.473684210526315,1056.6315789473686,1569.4736842105265,392.3684210526316,2188.642105263158,0.06650312221231044,0.37095628902765393
1288,52.05263157894737,83.26315789473684,83.26315789473684,43.1578947368421,55.36842105263158,1093.1052631578948,1748.5263157894735,437.1315789473684,2295.4105263157894,0.07409009812667261,0.38905263157894737
1289,50.21052631578947,81.63157894736842,81.63157894736842,41.0,56.68421052631579,1054.421052631579,1714.2631578947369,428.5657894736842,2221.0815789473686,0.07263826940231936,0.37645450490633364
1290,52.63157894736842,75.3157894736842,75.3157894736842,36.8421052631579,58.36842105263158,1105.2631578947369,1581.6315789473683,395.4078947368421,2274.355263157895,0.06701828724353255,0.3854839429081178
1291,49.05263157894737,85.3157894736842,85.3157894736842,43.31578947368421,59.10526315789474,1030.1052631578948,1791.6315789473683,447.9078947368421,2199.0868421052633,0.07591659232827831,0.37272658340767173
1292,58.63157894736842,75.21052631578948,75.21052631578948,37.8421052631579,67.52631578947368,1231.2631578947369,1579.4210526315792,394.8552631578948,2488.0026315789473,0.06692462087421945,0.42169536128456736
1293,56.0,76.26315789473684,76.26315789473684,38.421052631578945,59.421052631578945,1176.0,1601.5263157894735,400.3815789473684,2399.5815789473686,0.06786128456735058,0.40670874219446923
1294,52.68421052631579,82.89473684210526,82.89473684210526,40.73684210526316,61.78947368421053,1106.3684210526314,1740.7894736842104,435.1973684210526,2316.023684210526,0.07376226583407672,0.39254638715432644
1295,54.526315789473685,79.26315789473684,79.26315789473684,39.63157894736842,69.78947368421052,1145.0526315789473,1664.5263157894735,416.1315789473684,2362.721052631579,0.0705307760927743,0.40046119536128455
1296,42.68421052631579,98.05263157894737,98.05263157894737,50.578947368421055,50.05263157894737,896.3684210526316,2059.1052631578946,514.7763157894736,2038.6026315789472,0.08725022301516502,0.3455258697591436
1297,55.78947368421053,71.63157894736842,71.63157894736842,34.89473684210526,63.421052631578945,1171.578947368421,1504.2631578947369,376.0657894736842,2367.75,0.0637399643175736,0.4013135593220339
1298,57.68421052631579,68.36842105263158,68.36842105263158,35.21052631578947,62.1578947368421,1211.3684210526314,1435.7368421052631,358.9342105263158,2418.2605263157893,0.06083630686886708,0.40987466547725243
1299,50.578947368421055,73.57894736842105,73.57894736842105,37.36842105263158,62.78947368421053,1062.157894736842,1545.157894736842,386.2894736842105,2191.957894736842,0.06547279214986619,0.37151828724353253
1300,54.21052631578947,83.89473684210526,83.89473684210526,40.78947368421053,67.21052631578948,1138.421052631579,1761.7894736842104,440.4473684210526,2375.7631578947367,0.0746520963425513,0.402671721677074
1301,49.94736842105263,77.21052631578948,77.21052631578948,37.578947368421055,57.10526315789474,1048.8947368421052,1621.4210526315792,405.3552631578948,2188.4763157894736,0.0687042818911686,0.37092818911685993
1302,45.63157894736842,85.57894736842105,85.57894736842105,44.578947368421055,48.21052631578947,958.2631578947368,1797.157894736842,449.2894736842105,2078.336842105263,0.0761507582515611,0.3522604817127564
1303,53.1578947368421,79.78947368421052,79.78947368421052,39.1578947368421,62.1578947368421,1116.3157894736842,1675.5789473684208,418.8947368421052,2316.6315789473683,0.07099910793933986,0.3926494201605709
1304,47.578947368421055,73.42105263157895,73.42105263157895,36.05263157894737,53.8421052631579,999.1578947368422,1541.842105263158,385.4605263157895,2084.028947368421,0.06533229259589653,0.35322524531668154
1305,51.21052631578947,80.57894736842105,80.57894736842105,40.473684210526315,60.21052631578947,1075.421052631579,1692.157894736842,423.0394736842105,2251.2552631578947,0.07170160570918822,0.3815686886708296
1306,53.26315789473684,68.52631578947368,68.52631578947368,34.421052631578945,61.26315789473684,1118.5263157894738,1439.0526315789473,359.7631578947368,2261.257894736842,0.060976806422836746,0.3832640499553969
1307,42.31578947368421,79.89473684210526,79.89473684210526,41.73684210526316,48.78947368421053,888.6315789473684,1677.7894736842104,419.4473684210526,1930.121052631579,0.07109277430865299,0.3271391614629795
1308,56.78947368421053,75.52631578947368,75.52631578947368,38.1578947368421,61.1578947368421,1192.578947368421,1586.0526315789473,396.5131578947368,2423.8973684210523,0.06720561998215878,0.41083006244424614
1309,56.421052631578945,75.36842105263158,75.36842105263158,38.421052631578945,65.57894736842105,1184.842105263158,1582.7368421052631,395.6842105263158,2409.915789473684,0.06706512042818912,0.40846030330062444
1310,56.10526315789474,69.36842105263158,69.36842105263158,35.0,56.36842105263158,1178.2105263157896,1456.7368421052631,364.1842105263158,2367.142105263158,0.06172613737734166,0.4012105263157895
1311,60.21052631578947,71.10526315789474,71.10526315789474,34.78947368421053,65.3157894736842,1264.421052631579,1493.2105263157896,373.3026315789474,2522.8184210526315,0.06327163247100803,0.4275963425512935
1312,57.36842105263158,70.26315789473684,70.26315789473684,35.31578947368421,64.0,1204.7368421052631,1475.5263157894735,368.8815789473684,2416.9342105263154,0.06252230151650312,0.40964986619090094
1313,50.21052631578947,81.63157894736842,81.63157894736842,43.10526315789474,50.526315789473685,1054.421052631579,1714.2631578947369,428.5657894736842,2221.0815789473686,0.07263826940231936,0.37645450490633364
1314,46.78947368421053,75.89473684210526,75.89473684210526,39.89473684210526,51.1578947368421,982.578947368421,1593.7894736842104,398.4473684210526,2068.831578947368,0.06753345227475469,0.3506494201605709
1315,54.78947368421053,72.3157894736842,72.3157894736842,36.21052631578947,62.36842105263158,1150.578947368421,1518.6315789473683,379.6578947368421,2335.6421052631576,0.06434879571810882,0.39587154326494195
1316,50.31578947368421,69.94736842105263,69.94736842105263,34.473684210526315,51.68421052631579,1056.6315789473686,1468.8947368421052,367.2236842105263,2163.4973684210527,0.06224130240856378,0.36669446922390725
1317,53.1578947368421,74.0,74.0,36.78947368421053,64.57894736842105,1116.3157894736842,1554.0,388.5,2286.2368421052633,0.06584745762711865,0.3874977698483497
1318,48.78947368421053,71.52631578947368,71.52631578947368,36.421052631578945,52.8421052631579,1024.578947368421,1502.0526315789473,375.5131578947368,2117.2973684210524,0.06364629794826047,0.3588639607493309
1319,50.0,84.42105263157895,84.42105263157895,42.05263157894737,60.10526315789474,1050.0,1772.842105263158,443.2105263157895,2228.2105263157896,0.07512042818911686,0.3776628010704728
1320,53.89473684210526,80.73684210526316,80.73684210526316,41.26315789473684,60.78947368421053,1131.7894736842104,1695.4736842105265,423.8684210526316,2347.9105263157894,0.0718421052631579,0.39795093666369313
1321,59.0,65.10526315789474,65.10526315789474,32.8421052631579,65.10526315789474,1239.0,1367.2105263157896,341.8026315789474,2448.1026315789472,0.057932649420160576,0.41493264942016056
1322,51.78947368421053,78.52631578947368,78.52631578947368,39.73684210526316,62.05263157894737,1087.578947368421,1649.0526315789473,412.2631578947368,2261.1473684210523,0.06987511150758251,0.3832453166815343
1323,46.1578947368421,77.6842105263158,77.6842105263158,40.73684210526316,55.526315789473685,969.3157894736842,1631.3684210526317,407.8421052631579,2055.678947368421,0.06912578055307761,0.34842016057091885
1324,48.63157894736842,72.36842105263158,72.36842105263158,38.10526315789474,52.31578947368421,1021.2631578947368,1519.7368421052631,379.9342105263158,2116.081578947368,0.06439562890276539,0.35865789473684206
1325,56.8421052631579,72.15789473684211,72.15789473684211,37.421052631578945,66.36842105263158,1193.6842105263158,1515.3157894736844,378.8289473684211,2408.092105263158,0.06420829616413917,0.40815120428189117
1326,53.63157894736842,71.73684210526316,71.73684210526316,35.94736842105263,63.89473684210526,1126.2631578947369,1506.4736842105265,376.6184210526316,2291.265789473684,0.06383363068688672,0.388350133809099
1327,57.63157894736842,78.0,78.0,39.21052631578947,66.63157894736842,1210.2631578947369,1638.0,409.5,2466.9473684210525,0.06940677966101695,0.4181266726137377
1328,45.94736842105263,84.42105263157895,84.42105263157895,43.31578947368421,60.89473684210526,964.8947368421052,1772.842105263158,443.2105263157895,2083.5315789473684,0.07512042818911686,0.35314094558429976
1329,42.26315789473684,82.94736842105263,82.94736842105263,42.473684210526315,55.63157894736842,887.5263157894736,1741.8947368421052,435.4736842105263,1944.2684210526313,0.07380909901873327,0.32953702051739514
1330,52.31578947368421,73.36842105263158,73.36842105263158,37.63157894736842,61.78947368421053,1098.6315789473686,1540.7368421052631,385.1842105263158,2252.8578947368424,0.06528545941123996,0.3818403211418377
1331,57.63157894736842,73.63157894736842,73.63157894736842,37.21052631578947,68.15789473684211,1210.2631578947369,1546.2631578947369,386.5657894736842,2444.0131578947367,0.06551962533452275,0.4142395182872435
1332,47.8421052631579,79.3157894736842,79.3157894736842,41.526315789473685,55.26315789473684,1004.6842105263158,1665.6315789473683,416.4078947368421,2124.371052631579,0.07057760927743086,0.3600628902765388
1333,63.31578947368421,69.26315789473684,69.26315789473684,33.8421052631579,70.78947368421052,1329.6315789473686,1454.5263157894735,363.6315789473684,2624.0052631578947,0.06163247100802854,0.4447466547725245
1334,56.26315789473684,69.52631578947368,69.52631578947368,35.1578947368421,64.05263157894737,1181.5263157894738,1460.0526315789473,365.0131578947368,2373.607894736842,0.06186663693131132,0.4023064228367529
1335,48.26315789473684,77.94736842105263,77.94736842105263,40.31578947368421,51.8421052631579,1013.5263157894736,1636.8947368421052,409.2236842105263,2132.2184210526316,0.06935994647636039,0.36139295272078503
1336,54.68421052631579,76.05263157894737,76.05263157894737,36.526315789473685,58.26315789473684,1148.3684210526314,1597.1052631578948,399.2763157894737,2351.502631578947,0.06767395182872435,0.39855976806422827
1337,50.89473684210526,87.94736842105263,87.94736842105263,44.10526315789474,56.89473684210526,1068.7894736842104,1846.8947368421052,461.7236842105263,2278.665789473684,0.07825825156110615,0.38621454058876004
1338,50.578947368421055,81.63157894736842,81.63157894736842,42.31578947368421,62.1578947368421,1062.157894736842,1714.2631578947369,428.5657894736842,2234.2342105263156,0.07263826940231936,0.3786837644959857
1339,50.94736842105263,77.84210526315789,77.84210526315789,38.63157894736842,61.8421052631579,1069.8947368421052,1634.6842105263156,408.6710526315789,2227.4921052631576,0.06926628010704727,0.3775410347903657
1340,63.36842105263158,74.05263157894737,74.05263157894737,36.0,66.57894736842105,1330.7368421052631,1555.1052631578948,388.7763157894737,2651.028947368421,0.0658942908117752,0.44932694023193576
1341,45.05263157894737,87.0,87.0,44.26315789473684,53.94736842105263,946.1052631578948,1827.0,456.75,2065.128947368421,0.07741525423728814,0.35002185548617304
1342,47.578947368421055,74.78947368421052,74.78947368421052,36.31578947368421,61.10526315789474,999.1578947368422,1570.5789473684208,392.6447368421052,2091.213157894737,0.06654995539696698,0.35444290811775203
1343,51.36842105263158,72.47368421052632,72.47368421052632,37.26315789473684,58.1578947368421,1078.7368421052631,1521.9473684210527,380.4868421052632,2214.3394736842106,0.0644892952720785,0.3753117752007137
1344,54.8421052631579,81.3157894736842,81.3157894736842,39.8421052631579,70.47368421052632,1151.6842105263158,1707.6315789473683,426.9078947368421,2384.7710526315786,0.07235727029438001,0.40419848349687776
1345,48.526315789473685,70.78947368421052,70.78947368421052,35.473684210526315,51.26315789473684,1019.0526315789474,1486.5789473684208,371.6447368421052,2104.0342105263157,0.06299063336306868,0.35661596788581623
1346,56.578947368421055,69.52631578947368,69.52631578947368,32.578947368421055,66.42105263157895,1188.157894736842,1460.0526315789473,365.0131578947368,2384.8815789473683,0.06186663693131132,0.4042172167707404
1347,57.36842105263158,64.89473684210526,64.89473684210526,33.21052631578947,65.10526315789474,1204.7368421052631,1362.7894736842104,340.6973684210526,2388.7499999999995,0.05774531668153434,0.40487288135593213
1348,52.78947368421053,75.15789473684211,75.15789473684211,38.73684210526316,56.31578947368421,1108.578947368421,1578.3157894736844,394.5789473684211,2279.1631578947367,0.0668777876895629,0.3862988403211418
1349,51.473684210526315,73.05263157894737,73.05263157894737,37.21052631578947,60.73684210526316,1080.9473684210527,1534.1052631578948,383.5263157894737,2221.136842105263,0.06500446030330062,0.37646387154326494
1350,63.21052631578947,76.89473684210526,76.89473684210526,37.473684210526315,71.47368421052632,1327.421052631579,1614.7894736842104,403.6973684210526,2660.313157894737,0.06842328278322926,0.45090053523639606
1351,57.21052631578947,78.05263157894737,78.05263157894737,40.0,66.21052631578948,1201.421052631579,1639.1052631578948,409.7763157894737,2452.192105263158,0.06945361284567352,0.4156257805530776
1352,50.473684210526315,70.36842105263158,70.36842105263158,36.63157894736842,55.526315789473685,1059.9473684210527,1477.7368421052631,369.4342105263158,2171.3447368421052,0.06261596788581623,0.3680245316681534
1353,46.78947368421053,76.0,76.0,37.473684210526315,47.31578947368421,982.578947368421,1596.0,399.0,2069.3842105263157,0.0676271186440678,0.350743086529884
1354,46.10526315789474,81.6842105263158,81.6842105263158,41.36842105263158,48.10526315789474,968.2105263157896,1715.3684210526317,428.8421052631579,2074.8,0.07268510258697591,0.3516610169491526
1355,46.10526315789474,86.36842105263158,86.36842105263158,44.526315789473685,52.63157894736842,968.2105263157896,1813.7368421052631,453.4342105263158,2099.392105263158,0.07685325602140945,0.35582917038358614
1356,51.89473684210526,82.63157894736842,82.63157894736842,41.73684210526316,58.578947368421055,1089.7894736842104,1735.2631578947369,433.8157894736842,2286.457894736842,0.07352809991079394,0.3875352363960749
1357,49.578947368421055,79.10526315789474,79.10526315789474,40.63157894736842,52.36842105263158,1041.157894736842,1661.2105263157896,415.3026315789474,2185.271052631579,0.07039027653880464,0.3703849241748439
1358,52.31578947368421,64.42105263157895,64.42105263157895,32.89473684210526,58.1578947368421,1098.6315789473686,1352.842105263158,338.2105263157895,2205.884210526316,0.057323818019625335,0.37387867975022304
1359,52.31578947368421,67.21052631578948,67.21052631578948,34.578947368421055,59.578947368421055,1098.6315789473686,1411.4210526315792,352.8552631578948,2220.5289473684215,0.05980597680642285,0.3763608385370206
1360,44.21052631578947,80.3157894736842,80.3157894736842,41.89473684210526,47.26315789473684,928.421052631579,1686.6315789473683,421.6578947368421,1999.9736842105262,0.07146743978590543,0.33897859054415697
1361,46.26315789473684,84.42105263157895,84.42105263157895,43.473684210526315,47.36842105263158,971.5263157894736,1772.842105263158,443.2105263157895,2094.805263157895,0.07512042818911686,0.3550517395182873
1362,49.0,76.36842105263158,76.36842105263158,38.36842105263158,48.31578947368421,1029.0,1603.7368421052631,400.9342105263158,2150.2342105263156,0.06795495093666369,0.36444647636039246
1363,52.526315789473685,82.42105263157895,82.42105263157895,41.89473684210526,61.94736842105263,1103.0526315789473,1730.842105263158,432.7105263157895,2307.8999999999996,0.07334076717216771,0.3911694915254237
1364,54.36842105263158,76.21052631578948,76.21052631578948,38.05263157894737,61.68421052631579,1141.7368421052631,1600.4210526315792,400.1052631578948,2341.057894736842,0.06781445138269403,0.3967894736842105
1365,48.78947368421053,81.15789473684211,81.15789473684211,41.421052631578945,56.78947368421053,1024.578947368421,1704.3157894736844,426.0789473684211,2167.863157894737,0.07221677074041036,0.36743443354148086
1366,51.0,81.10526315789474,81.10526315789474,38.0,55.73684210526316,1071.0,1703.2105263157896,425.8026315789474,2246.5026315789473,0.0721699375557538,0.38076315789473686
1367,50.473684210526315,75.89473684210526,75.89473684210526,36.63157894736842,69.10526315789474,1059.9473684210527,1593.7894736842104,398.4473684210526,2200.3578947368424,0.06753345227475469,0.37294201605709193
1368,55.8421052631579,68.84210526315789,68.84210526315789,34.473684210526315,62.36842105263158,1172.6842105263158,1445.6842105263156,361.4210526315789,2354.9842105263156,0.06125780553077609,0.3991498661909009
1369,54.473684210526315,78.6842105263158,78.6842105263158,38.89473684210526,59.36842105263158,1143.9473684210527,1652.3684210526317,413.0921052631579,2357.8026315789475,0.07001561106155219,0.39962756467439786
1370,54.31578947368421,70.57894736842105,70.57894736842105,35.578947368421055,58.78947368421053,1140.6315789473686,1482.157894736842,370.5394736842105,2309.613157894737,0.06280330062444246,0.3914598572702944
1371,49.1578947368421,75.73684210526316,75.73684210526316,38.8421052631579,52.68421052631579,1032.3157894736842,1590.4736842105265,397.6184210526316,2152.5552631578944,0.06739295272078502,0.3648398751115075
1372,52.05263157894737,75.6842105263158,75.6842105263158,37.73684210526316,68.26315789473684,1093.1052631578948,1589.3684210526317,397.3421052631579,2255.621052631579,0.06734611953612846,0.3823086529884032
1373,61.578947368421055,73.42105263157895,73.42105263157895,36.526315789473685,71.42105263157895,1293.157894736842,1541.842105263158,385.4605263157895,2583.8289473684213,0.06533229259589653,0.4379371097234612
1374,59.73684210526316,77.26315789473684,77.26315789473684,37.89473684210526,69.42105263157895,1254.4736842105262,1622.5263157894735,405.6315789473684,2538.236842105263,0.06875111507582515,0.4302096342551293
1375,51.78947368421053,73.05263157894737,73.05263157894737,35.68421052631579,64.15789473684211,1087.578947368421,1534.1052631578948,383.5263157894737,2232.4105263157894,0.06500446030330062,0.37837466547725246
1376,46.78947368421053,77.94736842105263,77.94736842105263,38.68421052631579,58.36842105263158,982.578947368421,1636.8947368421052,409.2236842105263,2079.607894736842,0.06935994647636039,0.35247591436217657
1377,45.1578947368421,73.47368421052632,73.47368421052632,37.94736842105263,52.36842105263158,948.3157894736842,1542.9473684210527,385.7368421052632,1997.873684210526,0.06537912578055308,0.33862265834076716
1378,52.36842105263158,80.0,80.0,39.68421052631579,62.10526315789474,1099.7368421052631,1680.0,420.0,2289.5526315789475,0.0711864406779661,0.38805976806422837
1379,53.1578947368421,66.47368421052632,66.47368421052632,33.73684210526316,61.10526315789474,1116.3157894736842,1395.9473684210527,348.9868421052632,2246.7236842105262,0.059150312221231044,0.3808006244424621
1380,51.526315789473685,79.15789473684211,79.15789473684211,40.526315789473685,55.578947368421055,1082.0526315789473,1662.3157894736844,415.5789473684211,2255.0684210526315,0.0704371097234612,0.3822149866190901
1381,44.10526315789474,88.05263157894737,88.05263157894737,45.68421052631579,50.473684210526315,926.2105263157896,1849.1052631578948,462.2763157894737,2036.834210526316,0.07835191793041928,0.3452261373773417
1382,52.94736842105263,70.26315789473684,70.26315789473684,36.36842105263158,66.05263157894737,1111.8947368421052,1475.5263157894735,368.8815789473684,2259.1026315789472,0.06252230151650312,0.3828987511150758
1383,48.68421052631579,86.15789473684211,86.15789473684211,43.36842105263158,54.8421052631579,1022.3684210526316,1809.3157894736844,452.3289473684211,2190.3552631578946,0.07666592328278324,0.3712466547725245
1384,50.31578947368421,84.3157894736842,84.3157894736842,43.10526315789474,57.0,1056.6315789473686,1770.6315789473683,442.6578947368421,2238.9315789473685,0.07502676181980374,0.3794799286351472
1385,54.89473684210526,72.36842105263158,72.36842105263158,36.26315789473684,67.21052631578948,1152.7894736842104,1519.7368421052631,379.9342105263158,2339.6763157894734,0.06439562890276539,0.3965553077609277
1386,50.8421052631579,80.57894736842105,80.57894736842105,41.26315789473684,64.84210526315789,1067.6842105263158,1692.157894736842,423.0394736842105,2238.1026315789472,0.07170160570918822,0.3793394290811775
1387,57.8421052631579,82.57894736842105,82.57894736842105,40.421052631578945,67.78947368421052,1214.6842105263158,1734.157894736842,433.5394736842105,2498.5026315789473,0.07348126672613738,0.4234750223015165
1388,57.0,73.10526315789474,73.10526315789474,36.473684210526315,64.05263157894737,1197.0,1535.2105263157896,383.8026315789474,2418.702631578947,0.06505129348795718,0.4099495985727029
1389,46.526315789473685,82.05263157894737,82.05263157894737,40.578947368421055,55.0,977.0526315789474,1723.1052631578948,430.7763157894737,2091.765789473684,0.07301293487957182,0.3545365744870651
1390,65.05263157894737,72.73684210526316,72.73684210526316,35.94736842105263,71.57894736842105,1366.1052631578948,1527.4736842105265,381.8684210526316,2704.2473684210527,0.06472346119536129,0.4583470115967886
1391,48.63157894736842,80.94736842105263,80.94736842105263,42.578947368421055,48.68421052631579,1021.2631578947368,1699.8947368421052,424.9736842105263,2161.121052631579,0.07202943800178412,0.36629170383586085
1392,50.10526315789474,82.94736842105263,82.94736842105263,42.421052631578945,55.78947368421053,1052.2105263157896,1741.8947368421052,435.4736842105263,2224.2315789473687,0.07380909901873327,0.3769884032114184
1393,63.421052631578945,80.21052631578948,80.21052631578948,39.21052631578947,78.42105263157895,1331.842105263158,1684.4210526315792,421.1052631578948,2685.2368421052633,0.07137377341659233,0.4551248884924175
1394,54.94736842105263,73.3157894736842,73.3157894736842,36.8421052631579,68.6842105263158,1153.8947368421052,1539.6315789473683,384.9078947368421,2346.5289473684206,0.0652386262265834,0.3977167707404103
1395,58.68421052631579,74.05263157894737,74.05263157894737,36.10526315789474,70.6842105263158,1232.3684210526314,1555.1052631578948,388.7763157894737,2483.802631578947,0.0658942908117752,0.42098349687778763
1396,48.05263157894737,79.94736842105263,79.94736842105263,38.94736842105263,57.10526315789474,1009.1052631578948,1678.8947368421052,419.7236842105263,2135.2026315789476,0.07113960749330954,0.36189875111507586
1397,56.21052631578947,66.73684210526316,66.73684210526316,33.0,65.21052631578948,1180.421052631579,1401.4736842105265,350.3684210526316,2357.084210526316,0.059384478144513836,0.39950579839429085
1398,59.1578947368421,68.26315789473684,68.26315789473684,34.1578947368421,65.36842105263158,1242.3157894736842,1433.5263157894735,358.3815789473684,2470.3184210526315,0.06074264049955396,0.4186980374665477
1399,55.0,68.21052631578948,68.21052631578948,34.1578947368421,72.47368421052632,1155.0,1432.4210526315792,358.1052631578948,2321.605263157895,0.060695807314897425,0.393492417484389
1400,57.473684210526315,61.78947368421053,61.78947368421053,30.894736842105264,60.1578947368421,1206.9473684210527,1297.578947368421,324.39473684210526,2376.205263157895,0.0549821587867975,0.4027466547725246
1401,57.05263157894737,69.52631578947368,69.52631578947368,35.05263157894737,70.0,1198.1052631578948,1460.0526315789473,365.0131578947368,2401.7921052631577,0.06186663693131132,0.40708340767172163
1402,47.8421052631579,70.84210526315789,70.84210526315789,37.0,58.8421052631579,1004.6842105263158,1487.6842105263156,371.9210526315789,2079.8842105263157,0.06303746654772524,0.35252274754683316
1403,51.578947368421055,77.57894736842105,77.57894736842105,38.31578947368421,60.73684210526316,1083.157894736842,1629.157894736842,407.2894736842105,2248.657894736842,0.0690321141837645,0.38112845673505796
1404,54.10526315789474,76.10526315789474,76.10526315789474,37.73684210526316,62.05263157894737,1136.2105263157896,1598.2105263157896,399.5526315789474,2331.1105263157897,0.06772078501338091,0.3951034790365745
1405,50.10526315789474,81.05263157894737,81.05263157894737,42.421052631578945,49.10526315789474,1052.2105263157896,1702.1052631578948,425.5263157894737,2214.2842105263157,0.07212310437109724,0.37530240856378233
1406,59.26315789473684,65.52631578947368,65.52631578947368,32.05263157894737,74.6842105263158,1244.5263157894738,1376.0526315789473,344.0131578947368,2459.707894736842,0.05830731489741302,0.4168996431757359
1407,47.68421052631579,79.36842105263158,79.36842105263158,40.526315789473685,50.8421052631579,1001.3684210526316,1666.7368421052631,416.6842105263158,2119.0105263157893,0.07062444246208742,0.3591543264942016
1408,59.31578947368421,73.73684210526316,73.73684210526316,35.73684210526316,71.6842105263158,1245.6315789473686,1548.4736842105265,387.1184210526316,2504.6921052631583,0.06561329170383587,0.42452408563782346
1409,57.36842105263158,75.0,75.0,37.8421052631579,64.63157894736842,1204.7368421052631,1575.0,393.75,2441.802631578947,0.06673728813559322,0.413864852809991
1410,47.21052631578947,85.10526315789474,85.10526315789474,42.526315789473685,53.8421052631579,991.421052631579,1787.2105263157896,446.8026315789474,2132.2184210526316,0.0757292595896521,0.36139295272078503
1411,55.473684210526315,80.63157894736842,80.63157894736842,39.63157894736842,63.73684210526316,1164.9473684210527,1693.2631578947369,423.3157894736842,2403.726315789474,0.07174843889384479,0.4074112399643176
1412,50.1578947368421,73.84210526315789,73.84210526315789,37.21052631578947,54.31578947368421,1053.3157894736842,1550.6842105263156,387.6710526315789,2178.3078947368417,0.06570695807314897,0.3692047279214986
1413,49.05263157894737,78.05263157894737,78.05263157894737,40.73684210526316,54.73684210526316,1030.1052631578948,1639.1052631578948,409.7763157894737,2160.955263157895,0.06945361284567352,0.36626360392506696
1414,53.73684210526316,84.3157894736842,84.3157894736842,43.31578947368421,61.10526315789474,1128.4736842105262,1770.6315789473683,442.6578947368421,2361.063157894737,0.07502676181980374,0.4001801962533452
1415,53.78947368421053,78.21052631578948,78.21052631578948,41.421052631578945,57.526315789473685,1129.578947368421,1642.4210526315792,410.6052631578948,2330.8894736842103,0.06959411239964318,0.3950660124888492
1416,55.94736842105263,80.0,80.0,40.73684210526316,66.47368421052632,1174.8947368421052,1680.0,420.0,2417.321052631579,0.0711864406779661,0.4097154326494201
1417,55.1578947368421,71.05263157894737,71.05263157894737,36.578947368421055,59.1578947368421,1158.3157894736842,1492.1052631578948,373.0263157894737,2342.1631578947367,0.06322479928635147,0.3969768064228367
1418,50.63157894736842,83.94736842105263,83.94736842105263,42.05263157894737,56.94736842105263,1063.2631578947369,1762.8947368421052,440.7236842105263,2248.271052631579,0.07469892952720784,0.38106289027653883
1419,59.31578947368421,77.05263157894737,77.05263157894737,37.578947368421055,68.57894736842105,1245.6315789473686,1618.1052631578948,404.5263157894737,2522.1000000000004,0.06856378233719893,0.4274745762711865
1420,53.63157894736842,78.3157894736842,78.3157894736842,37.94736842105263,59.78947368421053,1126.2631578947369,1644.6315789473683,411.1578947368421,2325.805263157895,0.06968777876895628,0.39420428189116863
1421,50.68421052631579,70.21052631578948,70.21052631578948,34.68421052631579,61.526315789473685,1064.3684210526314,1474.4210526315792,368.6052631578948,2178.031578947368,0.06247546833184658,0.369157894736842
1422,47.05263157894737,79.15789473684211,79.15789473684211,38.78947368421053,61.73684210526316,988.1052631578948,1662.3157894736844,415.5789473684211,2095.3578947368424,0.0704371097234612,0.3551454058876004
1423,47.421052631578945,83.05263157894737,83.05263157894737,42.473684210526315,57.578947368421055,995.8421052631578,1744.1052631578948,436.0263157894737,2128.957894736842,0.0739027653880464,0.3608403211418376
1424,46.05263157894737,70.94736842105263,70.94736842105263,37.526315789473685,57.8421052631579,967.1052631578948,1489.8947368421052,372.4736842105263,2016.5526315789473,0.06313113291703835,0.3417885816235504
1425,50.94736842105263,62.0,62.0,31.263157894736842,58.73684210526316,1069.8947368421052,1302.0,325.5,2144.321052631579,0.055169491525423726,0.36344424620874216
1426,54.473684210526315,74.15789473684211,74.15789473684211,38.1578947368421,57.36842105263158,1143.9473684210527,1557.3157894736844,389.3289473684211,2334.039473684211,0.06598795718108832,0.39559991079393403
1427,55.421052631578945,70.84210526315789,70.84210526315789,35.578947368421055,68.47368421052632,1163.842105263158,1487.6842105263156,371.9210526315789,2350.452631578947,0.06303746654772524,0.3983818019625334
1428,55.73684210526316,74.78947368421052,74.78947368421052,38.36842105263158,60.26315789473684,1170.4736842105262,1570.5789473684208,392.6447368421052,2382.45,0.06654995539696698,0.40380508474576265
1429,55.1578947368421,82.36842105263158,82.36842105263158,40.89473684210526,65.57894736842105,1158.3157894736842,1729.7368421052631,432.4342105263158,2401.571052631579,0.07329393398751115,0.4070459411239964
1430,52.526315789473685,80.36842105263158,80.36842105263158,40.05263157894737,64.0,1103.0526315789473,1687.7368421052631,421.9342105263158,2297.123684210526,0.071514272970562,0.38934299732381794
1431,53.05263157894737,71.89473684210526,71.89473684210526,38.26315789473684,61.21052631578947,1114.1052631578948,1509.7894736842104,377.4473684210526,2271.426315789474,0.06397413024085637,0.3849875111507583
1432,49.473684210526315,75.10526315789474,75.10526315789474,37.421052631578945,53.10526315789474,1038.9473684210527,1577.2105263157896,394.3026315789474,2160.513157894737,0.06683095450490634,0.3661886708296165
1433,52.21052631578947,78.89473684210526,78.89473684210526,39.05263157894737,60.05263157894737,1096.421052631579,1656.7894736842104,414.1973684210526,2278.1131578947366,0.07020294380017841,0.38612087421944685
1434,56.05263157894737,82.0,82.0,40.68421052631579,63.73684210526316,1177.1052631578948,1722.0,430.5,2431.578947368421,0.07296610169491526,0.41213202497769846
1435,52.1578947368421,77.63157894736842,77.63157894736842,39.0,67.0,1095.3157894736842,1630.2631578947369,407.5657894736842,2269.6026315789472,0.06907894736842106,0.38467841213202497
1436,52.31578947368421,82.94736842105263,82.94736842105263,41.526315789473685,60.421052631578945,1098.6315789473686,1741.8947368421052,435.4736842105263,2303.1473684210528,0.07380909901873327,0.390363960749331
1437,51.10526315789474,71.47368421052632,71.47368421052632,37.21052631578947,61.473684210526315,1073.2105263157896,1500.9473684210527,375.2368421052632,2199.6947368421056,0.06359946476360392,0.3728296164139162
1438,60.0,63.8421052631579,63.8421052631579,32.421052631578945,59.89473684210526,1260.0,1340.6842105263158,335.17105263157896,2477.171052631579,0.056808652988403215,0.4198595004460304
1439,50.8421052631579,77.21052631578948,77.21052631578948,38.578947368421055,58.94736842105263,1067.6842105263158,1621.4210526315792,405.3552631578948,2220.418421052632,0.0687042818911686,0.3763421052631579
1440,51.0,70.52631578947368,70.52631578947368,34.73684210526316,63.05263157894737,1071.0,1481.0526315789473,370.2631578947368,2190.963157894737,0.0627564674397859,0.371349687778769
1441,50.578947368421055,78.73684210526316,78.73684210526316,38.36842105263158,50.526315789473685,1062.157894736842,1653.4736842105265,413.3684210526316,2219.036842105263,0.07006244424620875,0.3761079393398751
1442,46.10526315789474,73.10526315789474,73.10526315789474,37.21052631578947,54.68421052631579,968.2105263157896,1535.2105263157896,383.8026315789474,2029.7605263157898,0.06505129348795718,0.34402720785013385
1443,48.473684210526315,74.6842105263158,74.6842105263158,37.94736842105263,59.89473684210526,1017.9473684210526,1568.3684210526317,392.0921052631579,2122.6026315789472,0.06645628902765388,0.35976315789473684
1444,57.94736842105263,65.21052631578948,65.21052631578948,31.842105263157894,70.0,1216.8947368421052,1369.4210526315792,342.3552631578948,2411.0763157894735,0.0580263157894737,0.40865700267618194
1445,57.473684210526315,67.10526315789474,67.10526315789474,33.421052631578945,65.89473684210526,1206.9473684210527,1409.2105263157896,352.3026315789474,2404.113157894737,0.05971231043710973,0.4074768064228368
1446,46.78947368421053,80.10526315789474,80.10526315789474,40.1578947368421,58.31578947368421,982.578947368421,1682.2105263157896,420.5526315789474,2090.936842105263,0.07128010704727922,0.35439607493309544
1447,55.73684210526316,72.3157894736842,72.3157894736842,36.63157894736842,64.63157894736842,1170.4736842105262,1518.6315789473683,379.6578947368421,2369.4631578947365,0.06434879571810882,0.4016039250669045
1448,49.8421052631579,88.52631578947368,88.52631578947368,44.63157894736842,58.526315789473685,1046.6842105263158,1859.0526315789473,464.7631578947368,2244.1263157894737,0.07877341659232827,0.38036039250669046
1449,49.473684210526315,65.89473684210526,65.89473684210526,33.21052631578947,58.26315789473684,1038.9473684210527,1383.7894736842104,345.9473684210526,2112.157894736842,0.05863514719000892,0.357992863514719
1450,51.21052631578947,83.0,83.0,42.36842105263158,58.36842105263158,1075.421052631579,1743.0,435.75,2263.9657894736843,0.07385593220338983,0.3837230151650312
1451,44.31578947368421,84.84210526315789,84.84210526315789,44.68421052631579,49.31578947368421,930.6315789473684,1781.6842105263156,445.4210526315789,2027.4947368421053,0.0754950936663693,0.34364317573595005
1452,49.421052631578945,79.3157894736842,79.3157894736842,41.36842105263158,58.421052631578945,1037.842105263158,1665.6315789473683,416.4078947368421,2180.7394736842107,0.07057760927743086,0.36961685994647636
1453,50.421052631578945,77.84210526315789,77.84210526315789,40.421052631578945,51.31578947368421,1058.842105263158,1634.6842105263156,408.6710526315789,2208.702631578947,0.06926628010704727,0.37435637823371987
1454,51.68421052631579,70.26315789473684,70.26315789473684,35.05263157894737,61.10526315789474,1085.3684210526314,1475.5263157894735,368.8815789473684,2214.007894736842,0.06252230151650312,0.37525557537912574
1455,46.473684210526315,76.84210526315789,76.84210526315789,38.8421052631579,47.89473684210526,975.9473684210526,1613.6842105263156,403.4210526315789,2062.5315789473684,0.0683764495985727,0.3495816235504014
1456,57.8421052631579,75.15789473684211,75.15789473684211,37.10526315789474,64.15789473684211,1214.6842105263158,1578.3157894736844,394.5789473684211,2459.542105263158,0.0668777876895629,0.4168715432649421
1457,57.36842105263158,69.05263157894737,69.05263157894737,35.473684210526315,66.84210526315789,1204.7368421052631,1450.1052631578948,362.5263157894737,2410.578947368421,0.06144513826940232,0.40857270294380016
1458,49.1578947368421,70.94736842105263,70.94736842105263,34.05263157894737,59.31578947368421,1032.3157894736842,1489.8947368421052,372.4736842105263,2127.4105263157894,0.06313113291703835,0.36057805530776094
1459,49.8421052631579,76.63157894736842,76.63157894736842,40.89473684210526,50.73684210526316,1046.6842105263158,1609.2631578947369,402.3157894736842,2181.678947368421,0.06818911685994648,0.3697760927743087
1460,59.26315789473684,84.52631578947368,84.52631578947368,41.68421052631579,73.0,1244.5263157894738,1775.0526315789473,443.7631578947368,2559.457894736842,0.07521409455842996,0.43380642283675286
1461,53.73684210526316,72.63157894736842,72.63157894736842,36.0,58.89473684210526,1128.4736842105262,1525.2631578947369,381.3157894736842,2299.721052631579,0.06462979482604818,0.38978322925958964
1462,51.36842105263158,77.10526315789474,77.10526315789474,40.10526315789474,62.94736842105263,1078.7368421052631,1619.2105263157896,404.8026315789474,2238.6552631578948,0.06861061552185549,0.37943309545049064
1463,56.421052631578945,76.15789473684211,76.15789473684211,38.8421052631579,68.47368421052632,1184.842105263158,1599.3157894736844,399.8289473684211,2414.0605263157895,0.06776761819803748,0.4091628010704728
1464,47.8421052631579,82.47368421052632,82.47368421052632,42.1578947368421,55.68421052631579,1004.6842105263158,1731.9473684210527,432.9868421052632,2140.9500000000003,0.07338760035682426,0.36287288135593226
1465,54.21052631578947,70.47368421052632,70.47368421052632,34.73684210526316,62.1578947368421,1138.421052631579,1479.9473684210527,369.9868421052632,2305.3026315789475,0.06270963425512935,0.3907292595896521
1466,52.73684210526316,65.52631578947368,65.52631578947368,32.78947368421053,60.8421052631579,1107.4736842105262,1376.0526315789473,344.0131578947368,2226.718421052631,0.05830731489741302,0.3774099018733273
1467,50.68421052631579,65.63157894736842,65.63157894736842,33.26315789473684,55.73684210526316,1064.3684210526314,1378.2631578947369,344.5657894736842,2153.9921052631576,0.05840098126672614,0.3650834076717216
1468,53.68421052631579,82.6842105263158,82.6842105263158,42.578947368421055,61.421052631578945,1127.3684210526314,1736.3684210526317,434.0921052631579,2350.618421052631,0.07357493309545049,0.3984099018733273
1469,57.526315789473685,82.10526315789474,82.10526315789474,40.0,66.0,1208.0526315789473,1724.2105263157896,431.0526315789474,2484.742105263158,0.07305976806422837,0.42114272970562
1470,52.26315789473684,82.94736842105263,82.94736842105263,43.05263157894737,51.68421052631579,1097.5263157894738,1741.8947368421052,435.4736842105263,2301.2684210526318,0.07380909901873327,0.39004549509366643
1471,52.68421052631579,80.57894736842105,80.57894736842105,40.526315789473685,65.52631578947368,1106.3684210526314,1692.157894736842,423.0394736842105,2303.865789473684,0.07170160570918822,0.39048572702943796
1472,46.421052631578945,87.47368421052632,87.47368421052632,43.94736842105263,54.421052631578945,974.8421052631578,1836.9473684210527,459.2368421052632,2116.4684210526316,0.07783675289919714,0.3587234611953613
1473,64.73684210526316,67.78947368421052,67.78947368421052,32.78947368421053,74.63157894736842,1359.4736842105265,1423.5789473684208,355.8947368421052,2667.0,0.06032114183764495,0.4520338983050847
1474,52.473684210526315,86.47368421052632,86.47368421052632,41.94736842105263,59.31578947368421,1101.9473684210527,1815.9473684210527,453.9868421052632,2327.297368421053,0.07694692239072257,0.39445718108831407
1475,54.0,79.94736842105263,79.94736842105263,40.94736842105263,56.05263157894737,1134.0,1678.8947368421052,419.7236842105263,2347.5236842105264,0.07113960749330954,0.39788537020517395
1476,53.8421052631579,73.57894736842105,73.57894736842105,36.26315789473684,60.78947368421053,1130.6842105263158,1545.157894736842,386.2894736842105,2308.4526315789476,0.06547279214986619,0.39126315789473687
1477,59.26315789473684,65.63157894736842,65.63157894736842,33.26315789473684,74.36842105263158,1244.5263157894738,1378.2631578947369,344.5657894736842,2460.2605263157893,0.05840098126672614,0.41699330954504904
1478,53.421052631578945,76.15789473684211,76.15789473684211,39.1578947368421,53.63157894736842,1121.842105263158,1599.3157894736844,399.8289473684211,2306.9605263157896,0.06776761819803748,0.3910102586975915
1479,54.578947368421055,76.89473684210526,76.89473684210526,38.8421052631579,62.63157894736842,1146.157894736842,1614.7894736842104,403.6973684210526,2352.165789473684,0.06842328278322926,0.3986721677074041
1480,58.31578947368421,71.52631578947368,71.52631578947368,35.31578947368421,66.78947368421052,1224.6315789473686,1502.0526315789473,375.5131578947368,2457.386842105263,0.06364629794826047,0.41650624442462086
1481,48.63157894736842,73.26315789473684,73.26315789473684,37.21052631578947,56.578947368421055,1021.2631578947368,1538.5263157894735,384.6315789473684,2120.778947368421,0.06519179304192685,0.35945405887600357
1482,55.8421052631579,71.94736842105263,71.94736842105263,35.473684210526315,60.21052631578947,1172.6842105263158,1510.8947368421052,377.7236842105263,2371.286842105263,0.06402096342551293,0.4019130240856378
1483,45.78947368421053,76.78947368421052,76.78947368421052,40.05263157894737,57.36842105263158,961.578947368421,1612.5789473684208,403.1447368421052,2037.828947368421,0.06832961641391613,0.34539473684210525
1484,53.68421052631579,74.0,74.0,38.1578947368421,57.05263157894737,1127.3684210526314,1554.0,388.5,2305.0263157894733,0.06584745762711865,0.39068242640499545
1485,45.473684210526315,79.63157894736842,79.63157894736842,39.26315789473684,48.36842105263158,954.9473684210526,1672.2631578947369,418.0657894736842,2041.4763157894736,0.07085860838537021,0.3460129348795718
1486,59.421052631578945,74.0,74.0,35.473684210526315,66.47368421052632,1247.842105263158,1554.0,388.5,2509.8315789473686,0.06584745762711865,0.42539518287243533
1487,50.78947368421053,77.15789473684211,77.15789473684211,39.94736842105263,61.10526315789474,1066.578947368421,1620.3157894736844,405.0789473684211,2218.2631578947367,0.06865744870651205,0.3759768064228367
1488,49.63157894736842,79.21052631578948,79.21052631578948,40.8421052631579,55.473684210526315,1042.2631578947369,1663.4210526315792,415.8552631578948,2187.702631578947,0.07048394290811776,0.37079705619982156
1489,50.473684210526315,67.57894736842105,67.57894736842105,36.63157894736842,52.94736842105263,1059.9473684210527,1419.157894736842,354.7894736842105,2156.7000000000003,0.060133809099018734,0.365542372881356
1490,51.89473684210526,83.89473684210526,83.89473684210526,42.1578947368421,62.526315789473685,1089.7894736842104,1761.7894736842104,440.4473684210526,2293.08947368421,0.0746520963425513,0.3886592328278322
1491,52.473684210526315,73.47368421052632,73.47368421052632,38.1578947368421,60.63157894736842,1101.9473684210527,1542.9473684210527,385.7368421052632,2259.047368421053,0.06537912578055308,0.3828893844781446
1492,57.578947368421055,72.47368421052632,72.47368421052632,36.68421052631579,68.47368421052632,1209.157894736842,1521.9473684210527,380.4868421052632,2436.055263157895,0.0644892952720785,0.4128907225691347
1493,55.36842105263158,77.0,77.0,39.1578947368421,62.8421052631579,1162.7368421052631,1617.0,404.25,2380.902631578947,0.06851694915254238,0.4035428189116859
1494,51.10526315789474,85.10526315789474,85.10526315789474,41.21052631578947,54.63157894736842,1073.2105263157896,1787.2105263157896,446.8026315789474,2271.26052631579,0.0757292595896521,0.38495941123996436
1495,46.578947368421055,80.3157894736842,80.3157894736842,40.473684210526315,59.473684210526315,978.1578947368422,1686.6315789473683,421.6578947368421,2084.5263157894738,0.07146743978590543,0.35330954504906337
1496,54.63157894736842,81.89473684210526,81.89473684210526,42.63157894736842,70.47368421052632,1147.2631578947369,1719.7894736842104,429.9473684210526,2380.294736842105,0.07287243532560214,0.40343978590544155
1497,56.21052631578947,84.10526315789474,84.10526315789474,42.0,66.21052631578948,1180.421052631579,1766.2105263157896,441.5526315789474,2448.2684210526318,0.07483942908117752,0.41496074933095456
1498,53.26315789473684,76.52631578947368,76.52631578947368,36.89473684210526,60.94736842105263,1118.5263157894738,1607.0526315789473,401.7631578947368,2303.257894736842,0.06809545049063336,0.39038269402319353
1499,52.10526315789474,68.26315789473684,68.26315789473684,34.10526315789474,54.1578947368421,1094.2105263157896,1433.5263157894735,358.3815789473684,2218.539473684211,0.06074264049955396,0.37602363960749335
1500,57.1578947368421,59.31578947368421,59.31578947368421,30.263157894736842,69.05263157894737,1200.3157894736842,1245.6315789473686,311.40789473684214,2351.944736842105,0.05278099910793935,0.39863470115967886
1501,51.31578947368421,76.52631578947368,76.52631578947368,37.63157894736842,65.21052631578948,1077.6315789473686,1607.0526315789473,401.7631578947368,2233.7368421052633,0.06809545049063336,0.37859946476360395
1502,54.0,78.26315789473684,78.26315789473684,41.26315789473684,56.05263157894737,1134.0,1643.5263157894735,410.8815789473684,2338.6815789473685,0.06964094558429973,0.3963867082961642
1503,50.578947368421055,69.15789473684211,69.15789473684211,33.526315789473685,57.89473684210526,1062.157894736842,1452.3157894736844,363.0789473684211,2168.7473684210527,0.06153880463871544,0.3675842997323818
1504,47.0,75.0,75.0,37.526315789473685,50.526315789473685,987.0,1575.0,393.75,2071.6499999999996,0.06673728813559322,0.35112711864406776
1505,45.21052631578947,84.84210526315789,84.84210526315789,41.421052631578945,51.73684210526316,949.421052631579,1781.6842105263156,445.4210526315789,2059.436842105263,0.0754950936663693,0.349057091882248
1506,51.473684210526315,68.63157894736842,68.63157894736842,34.68421052631579,55.21052631578947,1080.9473684210527,1441.2631578947369,360.3157894736842,2197.926315789474,0.06107047279214987,0.37252988403211423
1507,51.78947368421053,71.63157894736842,71.63157894736842,35.63157894736842,62.21052631578947,1087.578947368421,1504.2631578947369,376.0657894736842,2224.95,0.0637399643175736,0.37711016949152537
1508,48.473684210526315,73.52631578947368,73.52631578947368,35.73684210526316,59.578947368421055,1017.9473684210526,1544.0526315789473,386.0131578947368,2116.523684210526,0.06542595896520963,0.35873282783229254
1509,64.15789473684211,68.10526315789474,68.10526315789474,34.473684210526315,72.0,1347.3157894736844,1430.2105263157896,357.5526315789474,2647.989473684211,0.060602140945584304,0.44881177520071375
1510,50.05263157894737,72.36842105263158,72.36842105263158,36.1578947368421,62.78947368421053,1051.1052631578948,1519.7368421052631,379.9342105263158,2166.813157894737,0.06439562890276539,0.3672564674397859
1511,53.421052631578945,78.57894736842105,78.57894736842105,37.94736842105263,62.526315789473685,1121.842105263158,1650.157894736842,412.5394736842105,2319.6710526315787,0.06992194469223907,0.393164585191793
1512,55.78947368421053,73.10526315789474,73.10526315789474,37.31578947368421,59.473684210526315,1171.578947368421,1535.2105263157896,383.8026315789474,2375.486842105263,0.06505129348795718,0.40262488849241745
1513,48.526315789473685,78.10526315789474,78.10526315789474,39.526315789473685,51.578947368421055,1019.0526315789474,1640.2105263157896,410.0526315789474,2142.442105263158,0.06950044603033007,0.3631257805530776
1514,52.21052631578947,92.42105263157895,92.42105263157895,46.473684210526315,58.94736842105263,1096.421052631579,1940.842105263158,485.2105263157895,2349.1263157894737,0.08223907225691347,0.398157002676182
1515,45.26315789473684,80.73684210526316,80.73684210526316,42.21052631578947,48.68421052631579,950.5263157894736,1695.4736842105265,423.8684210526316,2039.7631578947369,0.0718421052631579,0.3457225691347012
1516,60.578947368421055,68.94736842105263,68.94736842105263,32.421052631578945,63.8421052631579,1272.157894736842,1447.8947368421052,361.9736842105263,2524.6421052631576,0.0613514719000892,0.42790544157002675
1517,51.1578947368421,80.21052631578948,80.21052631578948,39.73684210526316,58.578947368421055,1074.3157894736842,1684.4210526315792,421.1052631578948,2247.442105263158,0.07137377341659233,0.3809223907225691
1518,52.0,80.42105263157895,80.42105263157895,40.21052631578947,60.63157894736842,1092.0,1688.842105263158,422.2105263157895,2278.6105263157892,0.07156110615521856,0.3862051739518287
1519,47.578947368421055,74.26315789473684,74.26315789473684,36.8421052631579,63.36842105263158,999.1578947368422,1559.5263157894735,389.8815789473684,2088.4500000000003,0.06608162355040142,0.3539745762711865
1520,49.94736842105263,79.94736842105263,79.94736842105263,39.26315789473684,57.473684210526315,1048.8947368421052,1678.8947368421052,419.7236842105263,2202.8447368421052,0.07113960749330954,0.37336351471900087
1521,60.421052631578945,79.52631578947368,79.52631578947368,38.526315789473685,71.15789473684211,1268.842105263158,1670.0526315789473,417.5131578947368,2574.544736842105,0.07076494201605708,0.43636351471900087
1522,50.73684210526316,71.15789473684211,71.15789473684211,36.526315789473685,61.31578947368421,1065.4736842105262,1494.3157894736844,373.5789473684211,2184.8842105263157,0.0633184656556646,0.3703193577163247
1523,50.89473684210526,75.57894736842105,75.57894736842105,37.421052631578945,54.21052631578947,1068.7894736842104,1587.157894736842,396.7894736842105,2213.7315789473682,0.06725245316681534,0.3752087421944692
1524,50.63157894736842,77.26315789473684,77.26315789473684,38.63157894736842,62.26315789473684,1063.2631578947369,1622.5263157894735,405.6315789473684,2213.178947368421,0.06875111507582515,0.37511507582515613
1525,46.26315789473684,86.3157894736842,86.3157894736842,44.73684210526316,52.68421052631579,971.5263157894736,1812.6315789473683,453.1578947368421,2104.7526315789473,0.07680642283675289,0.3567377341659233
1526,47.78947368421053,83.63157894736842,83.63157894736842,43.26315789473684,52.421052631578945,1003.578947368421,1756.2631578947369,439.0657894736842,2145.15,0.07441793041926852,0.3635847457627119
1527,59.473684210526315,73.15789473684211,73.15789473684211,36.21052631578947,72.3157894736842,1248.9473684210527,1536.3157894736844,384.0789473684211,2507.289473684211,0.06509812667261375,0.42496431757359504
1528,53.421052631578945,77.6842105263158,77.6842105263158,37.473684210526315,60.05263157894737,1121.842105263158,1631.3684210526317,407.8421052631579,2314.9736842105262,0.06912578055307761,0.3923684210526316
1529,55.78947368421053,68.36842105263158,68.36842105263158,33.578947368421055,60.8421052631579,1171.578947368421,1435.7368421052631,358.9342105263158,2350.618421052631,0.06083630686886708,0.3984099018733273
1530,57.10526315789474,72.26315789473684,72.26315789473684,36.0,68.47368421052632,1199.2105263157896,1517.5263157894735,379.3815789473684,2418.039473684211,0.06430196253345227,0.40983719892952725
1531,48.36842105263158,85.94736842105263,85.94736842105263,43.31578947368421,50.78947368421053,1015.7368421052632,1804.8947368421052,451.2236842105263,2177.976315789474,0.076478590544157,0.36914852809991083
1532,53.0,82.52631578947368,82.52631578947368,42.31578947368421,54.1578947368421,1113.0,1733.0526315789473,433.2631578947368,2325.3631578947366,0.07343443354148081,0.39412934879571804
1533,49.63157894736842,90.52631578947368,90.52631578947368,45.0,61.36842105263158,1042.2631578947369,1901.0526315789473,475.2631578947368,2247.1105263157892,0.08055307760927742,0.3808661909009812
1534,54.36842105263158,79.84210526315789,79.84210526315789,39.73684210526316,62.73684210526316,1141.7368421052631,1676.6842105263156,419.1710526315789,2360.123684210526,0.07104594112399643,0.40002096342551285
1535,56.73684210526316,86.15789473684211,86.15789473684211,42.8421052631579,63.31578947368421,1191.4736842105262,1809.3157894736844,452.3289473684211,2477.834210526316,0.07666592328278324,0.4199719000892061
1536,58.21052631578947,71.78947368421052,71.78947368421052,36.05263157894737,68.94736842105263,1222.421052631579,1507.5789473684208,376.8947368421052,2455.0105263157893,0.06388046387154325,0.41610347903657446
1537,46.89473684210526,76.78947368421052,76.78947368421052,36.8421052631579,56.05263157894737,984.7894736842104,1612.5789473684208,403.1447368421052,2077.2868421052626,0.06832961641391613,0.35208251561106146
1538,49.10526315789474,71.21052631578948,71.21052631578948,36.78947368421053,62.63157894736842,1031.2105263157896,1495.4210526315792,373.8552631578948,2126.913157894737,0.06336529884032115,0.36049375557537916
1539,44.36842105263158,75.63157894736842,75.63157894736842,38.05263157894737,55.78947368421053,931.7368421052632,1588.2631578947369,397.0657894736842,1981.0184210526315,0.06729928635147191,0.33576583407671723
1540,51.473684210526315,72.84210526315789,72.84210526315789,38.10526315789474,61.94736842105263,1080.9473684210527,1529.6842105263156,382.4210526315789,2220.0315789473684,0.06481712756467439,0.37627653880463874
1541,54.473684210526315,79.26315789473684,79.26315789473684,39.8421052631579,58.26315789473684,1143.9473684210527,1664.5263157894735,416.1315789473684,2360.842105263158,0.0705307760927743,0.40014272970562
1542,51.421052631578945,77.36842105263158,77.36842105263158,40.473684210526315,64.89473684210526,1079.842105263158,1624.7368421052631,406.1842105263158,2241.915789473684,0.06884478144513827,0.379985727029438
1543,51.1578947368421,67.3157894736842,67.3157894736842,34.21052631578947,60.31578947368421,1074.3157894736842,1413.6315789473683,353.4078947368421,2179.7447368421053,0.05989964317573595,0.36944826048171275
1544,54.8421052631579,71.94736842105263,71.94736842105263,35.68421052631579,63.94736842105263,1151.6842105263158,1510.8947368421052,377.7236842105263,2335.5868421052633,0.06402096342551293,0.3958621766280107
1545,55.10526315789474,74.73684210526316,74.73684210526316,38.31578947368421,59.68421052631579,1157.2105263157896,1569.4736842105265,392.3684210526316,2359.6263157894737,0.06650312221231044,0.39993666369313113
1546,58.21052631578947,80.10526315789474,80.10526315789474,38.31578947368421,67.10526315789474,1222.421052631579,1682.2105263157896,420.5526315789474,2498.668421052632,0.07128010704727922,0.42350312221231046
1547,52.78947368421053,74.10526315789474,74.10526315789474,37.1578947368421,54.10526315789474,1108.578947368421,1556.2105263157896,389.0526315789474,2273.636842105263,0.06594112399643176,0.3853621766280107
1548,58.05263157894737,82.36842105263158,82.36842105263158,39.473684210526315,68.36842105263158,1219.1052631578948,1729.7368421052631,432.4342105263158,2504.9131578947367,0.07329393398751115,0.4245615521855486
1549,52.0,70.89473684210526,70.89473684210526,34.78947368421053,59.31578947368421,1092.0,1488.7894736842104,372.1973684210526,2228.5973684210526,0.06308429973238179,0.37772836752899197
1550,48.578947368421055,70.78947368421052,70.78947368421052,35.1578947368421,60.63157894736842,1020.1578947368422,1486.5789473684208,371.6447368421052,2105.913157894737,0.06299063336306868,0.35693443354148086
1551,47.68421052631579,73.63157894736842,73.63157894736842,37.473684210526315,53.0,1001.3684210526316,1546.2631578947369,386.5657894736842,2088.892105263158,0.06551962533452275,0.354049509366637
1552,45.8421052631579,84.15789473684211,84.15789473684211,43.89473684210526,53.526315789473685,962.6842105263158,1767.3157894736844,441.8289473684211,2078.392105263158,0.07488626226583409,0.35226984834968783
1553,51.0,85.36842105263158,85.36842105263158,43.526315789473685,59.8421052631579,1071.0,1792.7368421052631,448.1842105263158,2268.8842105263157,0.07596342551293488,0.3845566458519179
1554,51.63157894736842,80.0,80.0,40.05263157894737,61.421052631578945,1084.2631578947369,1680.0,420.0,2263.2473684210527,0.0711864406779661,0.3836012488849242
1555,51.1578947368421,67.73684210526316,67.73684210526316,31.894736842105264,61.8421052631579,1074.3157894736842,1422.4736842105265,355.6184210526316,2181.9552631578945,0.06027430865298841,0.36982292595896515
1556,49.421052631578945,73.0,73.0,35.10526315789474,54.73684210526316,1037.842105263158,1533.0,383.25,2147.581578947368,0.06495762711864407,0.3639968777876895
1557,51.21052631578947,76.6842105263158,76.6842105263158,37.1578947368421,60.89473684210526,1075.421052631579,1610.3684210526317,402.5921052631579,2230.807894736842,0.06823595004460303,0.3781030330062444
1558,55.526315789473685,80.0,80.0,38.94736842105263,61.473684210526315,1166.0526315789473,1680.0,420.0,2402.2894736842104,0.0711864406779661,0.40716770740410346
1559,48.78947368421053,84.84210526315789,84.84210526315789,42.526315789473685,49.578947368421055,1024.578947368421,1781.6842105263156,445.4210526315789,2187.2052631578945,0.0754950936663693,0.37071275646743973
1560,53.0,76.6842105263158,76.6842105263158,39.78947368421053,65.0,1113.0,1610.3684210526317,402.5921052631579,2294.692105263158,0.06823595004460303,0.3889308652988403
1561,48.73684210526316,86.10526315789474,86.10526315789474,42.1578947368421,51.89473684210526,1023.4736842105264,1808.2105263157896,452.0526315789474,2191.9578947368423,0.07661909009812667,0.3715182872435326
1562,50.10526315789474,73.57894736842105,73.57894736842105,37.05263157894737,64.47368421052632,1052.2105263157896,1545.157894736842,386.2894736842105,2175.047368421053,0.06547279214986619,0.3686520963425513
1563,54.421052631578945,70.89473684210526,70.89473684210526,36.0,58.94736842105263,1142.842105263158,1488.7894736842104,372.1973684210526,2315.028947368421,0.06308429973238179,0.3923777876895629
1564,47.31578947368421,88.57894736842105,88.57894736842105,46.526315789473685,51.421052631578945,993.6315789473684,1860.157894736842,465.0394736842105,2154.213157894737,0.07882024977698483,0.36512087421944694
1565,49.78947368421053,65.3157894736842,65.3157894736842,33.578947368421055,54.526315789473685,1045.578947368421,1371.6315789473683,342.9078947368421,2120.3921052631576,0.0581199821587868,0.35938849241748433
1566,52.473684210526315,74.0,74.0,38.10526315789474,60.31578947368421,1101.9473684210527,1554.0,388.5,2261.8105263157895,0.06584745762711865,0.3833577163247101
1567,50.578947368421055,79.10526315789474,79.10526315789474,40.8421052631579,56.73684210526316,1062.157894736842,1661.2105263157896,415.3026315789474,2220.971052631579,0.07039027653880464,0.376435771632471
1568,52.1578947368421,76.0,76.0,37.68421052631579,55.73684210526316,1095.3157894736842,1596.0,399.0,2261.036842105263,0.0676271186440678,0.3832265834076717
1569,51.94736842105263,69.73684210526316,69.73684210526316,34.89473684210526,62.21052631578947,1090.8947368421052,1464.4736842105265,366.1184210526316,2220.6394736842103,0.062053969669937564,0.3763795718108831
1570,47.94736842105263,79.26315789473684,79.26315789473684,39.473684210526315,57.31578947368421,1006.8947368421052,1664.5263157894735,416.1315789473684,2127.8526315789472,0.0705307760927743,0.3606529884032114
1571,56.68421052631579,70.63157894736842,70.63157894736842,36.94736842105263,65.73684210526316,1190.3684210526314,1483.2631578947369,370.8157894736842,2394.442105263158,0.06285013380909903,0.40583764495985725
1572,55.578947368421055,70.94736842105263,70.94736842105263,36.26315789473684,65.6842105263158,1167.157894736842,1489.8947368421052,372.4736842105263,2356.6421052631576,0.06313113291703835,0.39943086529884025
1573,56.26315789473684,69.89473684210526,69.89473684210526,34.21052631578947,63.421052631578945,1181.5263157894738,1467.7894736842104,366.9473684210526,2375.5421052631577,0.06219446922390722,0.40263425512934875
1574,47.578947368421055,78.3157894736842,78.3157894736842,40.36842105263158,51.8421052631579,999.1578947368422,1644.6315789473683,411.1578947368421,2109.726315789474,0.06968777876895628,0.35758073148974134
1575,50.36842105263158,81.21052631578948,81.21052631578948,40.78947368421053,63.10526315789474,1057.7368421052631,1705.4210526315792,426.3552631578948,2224.507894736842,0.07226360392506692,0.3770352363960749
1576,54.578947368421055,79.94736842105263,79.94736842105263,39.0,63.578947368421055,1146.157894736842,1678.8947368421052,419.7236842105263,2368.192105263158,0.07113960749330954,0.40138849241748437
1577,56.89473684210526,70.3157894736842,70.3157894736842,34.31578947368421,70.6842105263158,1194.7894736842104,1476.6315789473683,369.1578947368421,2400.2999999999997,0.06256913470115967,0.40683050847457625
1578,52.78947368421053,76.63157894736842,76.63157894736842,39.578947368421055,57.526315789473685,1108.578947368421,1609.2631578947369,402.3157894736842,2286.9,0.06818911685994648,0.38761016949152544
1579,48.68421052631579,72.6842105263158,72.6842105263158,38.94736842105263,50.8421052631579,1022.3684210526316,1526.3684210526317,381.5921052631579,2119.6184210526317,0.06467662801070473,0.35925735950044607
1580,49.73684210526316,76.36842105263158,76.36842105263158,36.68421052631579,61.10526315789474,1044.4736842105262,1603.7368421052631,400.9342105263158,2176.5394736842104,0.06795495093666369,0.3689049955396967
1581,50.473684210526315,72.63157894736842,72.63157894736842,36.21052631578947,59.73684210526316,1059.9473684210527,1525.2631578947369,381.3157894736842,2183.226315789474,0.06462979482604818,0.3700383586083854
1582,52.0,76.0,76.0,38.578947368421055,56.63157894736842,1092.0,1596.0,399.0,2255.3999999999996,0.0676271186440678,0.3822711864406779
1583,53.8421052631579,74.52631578947368,74.52631578947368,36.473684210526315,63.26315789473684,1130.6842105263158,1565.0526315789473,391.2631578947368,2313.426315789474,0.0663157894736842,0.3921061552185549
1584,47.0,92.52631578947368,92.52631578947368,47.73684210526316,51.473684210526315,987.0,1943.0526315789473,485.7631578947368,2163.6631578947367,0.08233273862622657,0.36672256913470114
1585,48.94736842105263,74.15789473684211,74.15789473684211,37.94736842105263,54.8421052631579,1027.8947368421052,1557.3157894736844,389.3289473684211,2136.75,0.06598795718108832,0.36216101694915254
1586,52.31578947368421,80.47368421052632,80.47368421052632,39.89473684210526,56.26315789473684,1098.6315789473686,1689.9473684210527,422.4868421052632,2290.16052631579,0.07160793933987511,0.38816280107047285
1587,49.1578947368421,84.05263157894737,84.05263157894737,41.31578947368421,59.31578947368421,1032.3157894736842,1765.1052631578948,441.2763157894737,2196.2131578947365,0.07479259589652097,0.37223951828724344
1588,55.73684210526316,72.36842105263158,72.36842105263158,34.05263157894737,61.63157894736842,1170.4736842105262,1519.7368421052631,379.9342105263158,2369.73947368421,0.06439562890276539,0.40165075825156105
1589,56.68421052631579,73.36842105263158,73.36842105263158,37.26315789473684,59.36842105263158,1190.3684210526314,1540.7368421052631,385.1842105263158,2408.810526315789,0.06528545941123996,0.4082729705619981
1590,65.42105263157895,77.89473684210526,77.89473684210526,36.63157894736842,73.42105263157895,1373.842105263158,1635.7894736842104,408.9473684210526,2744.478947368421,0.06931311329170384,0.4651659232827832
1591,59.89473684210526,70.05263157894737,70.05263157894737,32.89473684210526,66.47368421052632,1257.7894736842104,1471.1052631578948,367.7763157894737,2506.0184210526313,0.0623349687778769,0.4247488849241748
1592,46.0,80.6842105263158,80.6842105263158,43.36842105263158,52.05263157894737,966.0,1694.3684210526317,423.5921052631579,2065.792105263158,0.07179527207850134,0.35013425512934887
1593,58.26315789473684,56.578947368421055,56.578947368421055,29.473684210526315,66.73684210526316,1223.5263157894738,1188.157894736842,297.0394736842105,2377.0342105263157,0.0503456735057984,0.4028871543264942
1594,63.78947368421053,71.84210526315789,71.84210526315789,34.0,75.42105263157895,1339.578947368421,1508.6842105263156,377.1710526315789,2654.4552631578945,0.06392729705619982,0.449907671721677
1595,51.63157894736842,77.10526315789474,77.10526315789474,38.73684210526316,61.0,1084.2631578947369,1619.2105263157896,404.8026315789474,2248.05,0.06861061552185549,0.3810254237288136
1596,42.0,78.73684210526316,78.73684210526316,42.05263157894737,45.63157894736842,882.0,1653.4736842105265,413.3684210526316,1912.7684210526315,0.07006244424620875,0.32419803746654774
1597,44.05263157894737,86.57894736842105,86.57894736842105,45.473684210526315,47.89473684210526,925.1052631578948,1818.157894736842,454.5394736842105,2027.2184210526316,0.07704058876003568,0.3435963425512935
1598,47.89473684210526,78.89473684210526,78.89473684210526,39.89473684210526,59.05263157894737,1005.7894736842104,1656.7894736842104,414.1973684210526,2124.0394736842104,0.07020294380017841,0.36000669045495093
1599,54.63157894736842,74.21052631578948,74.21052631578948,36.63157894736842,66.6842105263158,1147.2631578947369,1558.4210526315792,389.6052631578948,2339.952631578947,0.06603479036574487,0.39660214094558427
1600,56.31578947368421,65.0,65.0,32.94736842105263,61.78947368421053,1182.6315789473686,1365.0,341.25,2351.7236842105267,0.057838983050847455,0.3985972346119537
1601,49.89473684210526,69.15789473684211,69.15789473684211,34.68421052631579,56.89473684210526,1047.7894736842104,1452.3157894736844,363.0789473684211,2144.321052631579,0.06153880463871544,0.36344424620874216
1602,53.526315789473685,74.21052631578948,74.21052631578948,37.05263157894737,59.526315789473685,1124.0526315789473,1558.4210526315792,389.6052631578948,2300.4947368421053,0.06603479036574487,0.389914362176628
1603,49.73684210526316,74.73684210526316,74.73684210526316,38.73684210526316,60.73684210526316,1044.4736842105262,1569.4736842105265,392.3684210526316,2167.9736842105262,0.06650312221231044,0.36745316681534346
1604,63.526315789473685,77.0,77.0,39.473684210526315,71.94736842105263,1334.0526315789473,1617.0,404.25,2672.1394736842103,0.06851694915254238,0.45290499553969665
1605,48.89473684210526,80.6842105263158,80.6842105263158,41.73684210526316,58.473684210526315,1026.7894736842104,1694.3684210526317,423.5921052631579,2169.1342105263157,0.07179527207850134,0.36764986619090095
1606,48.21052631578947,80.21052631578948,80.21052631578948,42.0,55.31578947368421,1012.421052631579,1684.4210526315792,421.1052631578948,2142.221052631579,0.07137377341659233,0.36308831400535235
1607,56.578947368421055,74.42105263157895,74.42105263157895,37.0,66.89473684210526,1188.157894736842,1562.842105263158,390.7105263157895,2410.578947368421,0.0662221231043711,0.40857270294380016
1608,54.63157894736842,78.47368421052632,78.47368421052632,39.10526315789474,66.26315789473684,1147.2631578947369,1647.9473684210527,411.9868421052632,2362.334210526316,0.06982827832292596,0.4003956289027654
1609,54.36842105263158,66.89473684210526,66.89473684210526,33.36842105263158,67.57894736842105,1141.7368421052631,1404.7894736842104,351.1973684210526,2292.1499999999996,0.05952497769848349,0.38849999999999996
1610,53.1578947368421,79.52631578947368,79.52631578947368,39.68421052631579,57.63157894736842,1116.3157894736842,1670.0526315789473,417.5131578947368,2315.25,0.07076494201605708,0.3924152542372881
1611,57.10526315789474,78.05263157894737,78.05263157894737,39.1578947368421,65.84210526315789,1199.2105263157896,1639.1052631578948,409.7763157894737,2448.434210526316,0.06945361284567352,0.41498884924174845
1612,56.63157894736842,75.94736842105263,75.94736842105263,38.1578947368421,65.63157894736842,1189.2631578947369,1594.8947368421052,398.7236842105263,2420.471052631579,0.06758028545941124,0.4102493309545049
1613,60.421052631578945,76.6842105263158,76.6842105263158,37.94736842105263,72.15789473684211,1268.842105263158,1610.3684210526317,402.5921052631579,2559.6236842105263,0.06823595004460303,0.43383452274754686
1614,52.8421052631579,71.63157894736842,71.63157894736842,35.8421052631579,58.63157894736842,1109.6842105263158,1504.2631578947369,376.0657894736842,2262.528947368421,0.0637399643175736,0.3834794826048171
1615,48.10526315789474,83.73684210526316,83.73684210526316,43.421052631578945,49.1578947368421,1010.2105263157896,1758.4736842105265,439.6184210526316,2156.976315789474,0.07451159678858163,0.36558920606601253
1616,54.8421052631579,72.84210526315789,72.84210526315789,37.36842105263158,69.15789473684211,1151.6842105263158,1529.6842105263156,382.4210526315789,2340.2842105263157,0.06481712756467439,0.39665834076717216
1617,49.0,83.36842105263158,83.36842105263158,42.10526315789474,58.0,1029.0,1750.7368421052631,437.6842105263158,2186.9842105263156,0.07418376449598572,0.3706752899197145
1618,46.68421052631579,71.78947368421052,71.78947368421052,36.526315789473685,56.31578947368421,980.3684210526316,1507.5789473684208,376.8947368421052,2043.5210526315789,0.06388046387154325,0.3463595004460303
1619,47.8421052631579,78.63157894736842,78.63157894736842,38.578947368421055,55.63157894736842,1004.6842105263158,1651.2631578947369,412.8157894736842,2120.778947368421,0.06996877787689564,0.35945405887600357
1620,50.10526315789474,70.3157894736842,70.3157894736842,35.36842105263158,56.578947368421055,1052.2105263157896,1476.6315789473683,369.1578947368421,2157.9157894736845,0.06256913470115967,0.36574843889384484
1621,53.36842105263158,76.42105263157895,76.42105263157895,37.421052631578945,62.0,1120.7368421052631,1604.842105263158,401.2105263157895,2306.463157894737,0.06800178412132026,0.39092595896520965
1622,47.21052631578947,82.6842105263158,82.6842105263158,43.36842105263158,63.21052631578947,991.421052631579,1736.3684210526317,434.0921052631579,2119.507894736842,0.07357493309545049,0.35923862622658337
1623,48.473684210526315,66.52631578947368,66.52631578947368,33.0,53.78947368421053,1017.9473684210526,1397.0526315789473,349.2631578947368,2079.773684210526,0.059197145405887594,0.3525040142729705
1624,54.05263157894737,76.89473684210526,76.89473684210526,37.473684210526315,67.21052631578948,1135.1052631578948,1614.7894736842104,403.6973684210526,2333.3763157894737,0.06842328278322926,0.39548751115075825
1625,54.10526315789474,75.78947368421052,75.78947368421052,36.36842105263158,63.68421052631579,1136.2105263157896,1591.5789473684208,397.8947368421052,2329.452631578947,0.06743978590544156,0.3948224799286351
1626,50.473684210526315,79.42105263157895,79.42105263157895,38.8421052631579,59.36842105263158,1059.9473684210527,1667.842105263158,416.9605263157895,2218.871052631579,0.07067127564674398,0.3760798394290812
1627,58.0,76.21052631578948,76.21052631578948,38.36842105263158,64.78947368421052,1218.0,1600.4210526315792,400.1052631578948,2470.7052631578945,0.06781445138269403,0.41876360392506684
1628,57.10526315789474,77.36842105263158,77.36842105263158,38.94736842105263,67.94736842105263,1199.2105263157896,1624.7368421052631,406.1842105263158,2444.842105263158,0.06884478144513827,0.4143800178412132
1629,53.89473684210526,74.84210526315789,74.84210526315789,36.578947368421055,64.78947368421052,1131.7894736842104,1571.6842105263156,392.9210526315789,2316.9631578947365,0.06659678858162354,0.39270561998215875
1630,48.73684210526316,79.63157894736842,79.63157894736842,39.36842105263158,56.0,1023.4736842105264,1672.2631578947369,418.0657894736842,2157.971052631579,0.07085860838537021,0.3657578055307761
1631,50.63157894736842,82.05263157894737,82.05263157894737,41.21052631578947,64.52631578947368,1063.2631578947369,1723.1052631578948,430.7763157894737,2238.323684210526,0.07301293487957182,0.37937689562890275
1632,52.89473684210526,82.78947368421052,82.78947368421052,40.1578947368421,61.21052631578947,1110.7894736842104,1738.5789473684208,434.6447368421052,2322.986842105263,0.07366859946476359,0.3937265834076717
1633,50.26315789473684,78.6842105263158,78.6842105263158,39.421052631578945,55.21052631578947,1055.5263157894738,1652.3684210526317,413.0921052631579,2207.4868421052633,0.07001561106155219,0.3741503122212311
1634,45.421052631578945,80.94736842105263,80.94736842105263,41.1578947368421,52.78947368421053,953.8421052631578,1699.8947368421052,424.9736842105263,2046.5052631578944,0.07202943800178412,0.3468652988403211
1635,58.421052631578945,72.21052631578948,72.21052631578948,37.63157894736842,60.21052631578947,1226.842105263158,1516.4210526315792,379.1052631578948,2464.7368421052633,0.06425512934879572,0.4177520071364853
1636,47.0,74.3157894736842,74.3157894736842,37.89473684210526,56.10526315789474,987.0,1560.6315789473683,390.1578947368421,2068.057894736842,0.06612845673505797,0.35051828724353257
1637,59.10526315789474,74.6842105263158,74.6842105263158,35.94736842105263,64.52631578947368,1241.2105263157896,1568.3684210526317,392.0921052631579,2502.15,0.06645628902765388,0.42409322033898306
1638,51.89473684210526,83.94736842105263,83.94736842105263,42.78947368421053,61.36842105263158,1089.7894736842104,1762.8947368421052,440.7236842105263,2293.365789473684,0.07469892952720784,0.3887060660124888
1639,50.94736842105263,77.78947368421052,77.78947368421052,40.526315789473685,58.73684210526316,1069.8947368421052,1633.5789473684208,408.3947368421052,2227.215789473684,0.06921944692239071,0.3774942016057091
1640,61.05263157894737,80.05263157894737,80.05263157894737,38.36842105263158,77.05263157894737,1282.1052631578948,1681.1052631578948,420.2763157894737,2599.855263157895,0.07123327386262267,0.44065343443354155
1641,50.473684210526315,76.0,76.0,38.10526315789474,62.89473684210526,1059.9473684210527,1596.0,399.0,2200.91052631579,0.0676271186440678,0.37303568242640506
1642,49.68421052631579,71.0,71.0,34.8421052631579,61.0,1043.3684210526314,1491.0,372.75,2146.476315789473,0.06317796610169492,0.36380954504906327
1643,51.73684210526316,72.6842105263158,72.6842105263158,36.78947368421053,59.31578947368421,1086.4736842105262,1526.3684210526317,381.5921052631579,2228.5973684210526,0.06467662801070473,0.37772836752899197
1644,56.36842105263158,73.89473684210526,73.89473684210526,36.94736842105263,64.73684210526316,1183.7368421052631,1551.7894736842104,387.9473684210526,2400.2999999999997,0.06575379125780552,0.40683050847457625
1645,53.21052631578947,71.78947368421052,71.78947368421052,36.473684210526315,60.63157894736842,1117.421052631579,1507.5789473684208,376.8947368421052,2276.5105263157893,0.06388046387154325,0.3858492417484389
1646,54.0,78.78947368421052,78.78947368421052,38.26315789473684,63.8421052631579,1134.0,1654.5789473684208,413.6447368421052,2341.444736842105,0.07010927743086529,0.3968550401427297
1647,56.94736842105263,66.05263157894737,66.05263157894737,32.526315789473685,65.10526315789474,1195.8947368421052,1387.1052631578948,346.7763157894737,2379.7973684210524,0.058775646743978595,0.4033554861730597
1648,51.21052631578947,78.73684210526316,78.73684210526316,38.36842105263158,59.26315789473684,1075.421052631579,1653.4736842105265,413.3684210526316,2241.584210526316,0.07006244424620875,0.37992952720785017
1649,55.31578947368421,69.42105263157895,69.42105263157895,32.05263157894737,60.94736842105263,1161.6315789473686,1457.842105263158,364.4605263157895,2339.234210526316,0.061772970561998215,0.3964803746654773
1650,50.26315789473684,79.63157894736842,79.63157894736842,37.8421052631579,62.78947368421053,1055.5263157894738,1672.2631578947369,418.0657894736842,2212.4605263157896,0.07085860838537021,0.37499330954504906
1651,56.21052631578947,68.94736842105263,68.94736842105263,34.421052631578945,65.0,1180.421052631579,1447.8947368421052,361.9736842105263,2368.6894736842105,0.0613514719000892,0.4014727921498662
1652,49.63157894736842,73.36842105263158,73.36842105263158,36.8421052631579,56.31578947368421,1042.2631578947369,1540.7368421052631,385.1842105263158,2157.0315789473684,0.06528545941123996,0.3655985727029438
1653,52.05263157894737,66.63157894736842,66.63157894736842,32.473684210526315,54.8421052631579,1093.1052631578948,1399.2631578947369,349.8157894736842,2208.0947368421052,0.059290811775200715,0.37425334522747544
1654,47.10526315789474,79.3157894736842,79.3157894736842,41.36842105263158,53.421052631578945,989.2105263157896,1665.6315789473683,416.4078947368421,2098.065789473684,0.07057760927743086,0.3556043710972346
1655,53.26315789473684,74.57894736842105,74.57894736842105,35.63157894736842,65.26315789473684,1118.5263157894738,1566.157894736842,391.5394736842105,2293.0342105263157,0.06636262265834077,0.38864986619090097
1656,49.21052631578947,70.57894736842105,70.57894736842105,36.36842105263158,53.0,1033.421052631579,1482.157894736842,370.5394736842105,2127.3552631578946,0.06280330062444246,0.3605686886708296
1657,52.578947368421055,58.36842105263158,58.36842105263158,29.42105263157895,53.94736842105263,1104.157894736842,1225.7368421052631,306.4342105263158,2183.5026315789473,0.05193800178412132,0.37008519179304195
1658,48.73684210526316,75.78947368421052,75.78947368421052,39.68421052631579,51.1578947368421,1023.4736842105264,1591.5789473684208,397.8947368421052,2137.8,0.06743978590544156,0.3623389830508475
1659,53.89473684210526,73.94736842105263,73.94736842105263,36.31578947368421,63.473684210526315,1131.7894736842104,1552.8947368421052,388.2236842105263,2312.265789473684,0.06580062444246208,0.3919094558429973
1660,53.8421052631579,86.84210526315789,86.84210526315789,43.05263157894737,61.10526315789474,1130.6842105263158,1823.6842105263156,455.9210526315789,2378.084210526316,0.07727475468331846,0.40306512042818915
1661,48.421052631578945,81.47368421052632,81.47368421052632,42.526315789473685,53.68421052631579,1016.8421052631578,1710.9473684210527,427.7368421052632,2156.3684210526317,0.07249776984834969,0.3654861730597681
1662,58.526315789473685,74.52631578947368,74.52631578947368,37.578947368421055,64.89473684210526,1229.0526315789473,1565.0526315789473,391.2631578947368,2480.652631578947,0.0663157894736842,0.42044959857270287
1663,51.0,82.78947368421052,82.78947368421052,40.0,61.421052631578945,1071.0,1738.5789473684208,434.6447368421052,2255.3447368421052,0.07366859946476359,0.3822618198037466
1664,52.8421052631579,79.10526315789474,79.10526315789474,40.05263157894737,63.63157894736842,1109.6842105263158,1661.2105263157896,415.3026315789474,2301.7657894736844,0.07039027653880464,0.3901297948260482
1665,46.21052631578947,78.94736842105263,78.94736842105263,40.94736842105263,51.68421052631579,970.421052631579,1657.8947368421052,414.4736842105263,2064.1894736842105,0.07024977698483496,0.3498626226583408
1666,56.05263157894737,75.42105263157895,75.42105263157895,36.526315789473685,59.10526315789474,1177.1052631578948,1583.842105263158,395.9605263157895,2397.0394736842104,0.06711195361284568,0.4062778768956289
1667,56.1578947368421,69.3157894736842,69.3157894736842,33.1578947368421,68.6842105263158,1179.3157894736842,1455.6315789473683,363.9078947368421,2368.7447368421053,0.0616793041926851,0.4014821587867975
1668,50.26315789473684,75.84210526315789,75.84210526315789,37.78947368421053,59.473684210526315,1055.5263157894738,1592.6842105263156,398.1710526315789,2192.565789473684,0.06748661909009812,0.37162132024977695
1669,52.10526315789474,73.63157894736842,73.63157894736842,37.8421052631579,57.31578947368421,1094.2105263157896,1546.2631578947369,386.5657894736842,2246.7236842105267,0.06551962533452275,0.38080062444246215
1670,52.05263157894737,70.15789473684211,70.15789473684211,35.94736842105263,60.8421052631579,1093.1052631578948,1473.3157894736844,368.3289473684211,2226.6078947368424,0.06242863514719001,0.3773911685994648
1671,47.73684210526316,79.6842105263158,79.6842105263158,40.94736842105263,49.526315789473685,1002.4736842105264,1673.3684210526317,418.3421052631579,2122.547368421053,0.07090544157002676,0.35975379125780554
1672,48.10526315789474,87.6842105263158,87.6842105263158,44.578947368421055,60.73684210526316,1010.2105263157896,1841.3684210526317,460.3421052631579,2177.7000000000003,0.07802408563782337,0.3691016949152543
1673,56.36842105263158,68.94736842105263,68.94736842105263,34.421052631578945,69.15789473684211,1183.7368421052631,1447.8947368421052,361.9736842105263,2374.3263157894735,0.0613514719000892,0.4024281891168599
1674,50.578947368421055,69.42105263157895,69.42105263157895,33.8421052631579,66.52631578947368,1062.157894736842,1457.842105263158,364.4605263157895,2170.128947368421,0.061772970561998215,0.36781846565566456
1675,53.526315789473685,72.73684210526316,72.73684210526316,36.73684210526316,67.05263157894737,1124.0526315789473,1527.4736842105265,381.8684210526316,2292.757894736842,0.06472346119536129,0.3886030330062444
1676,50.31578947368421,71.15789473684211,71.15789473684211,33.8421052631579,67.89473684210526,1056.6315789473686,1494.3157894736844,373.5789473684211,2169.8526315789477,0.0633184656556646,0.3677716324710081
1677,55.1578947368421,78.78947368421052,78.78947368421052,37.421052631578945,65.10526315789474,1158.3157894736842,1654.5789473684208,413.6447368421052,2382.781578947368,0.07010927743086529,0.4038612845673505
1678,56.473684210526315,74.63157894736842,74.63157894736842,37.94736842105263,63.473684210526315,1185.9473684210527,1567.2631578947369,391.8157894736842,2407.926315789474,0.06640945584299733,0.4081231043710973
1679,54.0,71.63157894736842,71.63157894736842,35.94736842105263,65.0,1134.0,1504.2631578947369,376.0657894736842,2303.8657894736843,0.0637399643175736,0.390485727029438
1680,50.526315789473685,67.84210526315789,67.84210526315789,32.89473684210526,66.52631578947368,1061.0526315789473,1424.6842105263156,356.1710526315789,2159.960526315789,0.06036797502230151,0.36609500446030324
1681,54.473684210526315,90.21052631578948,90.21052631578948,44.10526315789474,68.3157894736842,1143.9473684210527,1894.4210526315792,473.6052631578948,2418.315789473684,0.0802720785013381,0.4098840321141838
1682,55.21052631578947,75.73684210526316,75.73684210526316,37.73684210526316,67.84210526315789,1159.421052631579,1590.4736842105265,397.6184210526316,2368.6342105263157,0.06739295272078502,0.40146342551293485
1683,54.421052631578945,76.21052631578948,76.21052631578948,38.63157894736842,59.473684210526315,1142.842105263158,1600.4210526315792,400.1052631578948,2342.936842105263,0.06781445138269403,0.3971079393398751
1684,52.68421052631579,75.36842105263158,75.36842105263158,38.421052631578945,62.526315789473685,1106.3684210526314,1582.7368421052631,395.6842105263158,2276.5105263157893,0.06706512042818912,0.3858492417484389
1685,50.36842105263158,79.57894736842105,79.57894736842105,39.526315789473685,57.94736842105263,1057.7368421052631,1671.157894736842,417.7894736842105,2215.942105263158,0.07081177520071365,0.37558340767172166
1686,49.1578947368421,72.42105263157895,72.42105263157895,34.89473684210526,60.526315789473685,1032.3157894736842,1520.842105263158,380.2105263157895,2135.1473684210523,0.06444246208742195,0.36188938447814445
1687,54.31578947368421,74.21052631578948,74.21052631578948,37.526315789473685,65.15789473684211,1140.6315789473686,1558.4210526315792,389.6052631578948,2328.678947368421,0.06603479036574487,0.3946913470115968
1688,47.31578947368421,78.10526315789474,78.10526315789474,42.05263157894737,51.578947368421055,993.6315789473684,1640.2105263157896,410.0526315789474,2099.2263157894736,0.06950044603033007,0.35580107047279214
1689,53.05263157894737,62.68421052631579,62.68421052631579,30.42105263157895,65.0,1114.1052631578948,1316.3684210526314,329.09210526315786,2223.071052631579,0.05577832292595896,0.3767917038358608
1690,49.21052631578947,70.52631578947368,70.52631578947368,36.31578947368421,53.78947368421053,1033.421052631579,1481.0526315789473,370.2631578947368,2127.078947368421,0.0627564674397859,0.360521855486173
1691,53.78947368421053,76.15789473684211,76.15789473684211,35.94736842105263,62.68421052631579,1129.578947368421,1599.3157894736844,399.8289473684211,2320.113157894737,0.06776761819803748,0.3932395182872436
1692,58.36842105263158,77.15789473684211,77.15789473684211,37.10526315789474,64.6842105263158,1225.7368421052631,1620.3157894736844,405.0789473684211,2488.8315789473686,0.06865744870651205,0.421835860838537
1693,56.94736842105263,75.10526315789474,75.10526315789474,37.73684210526316,63.1578947368421,1195.8947368421052,1577.2105263157896,394.3026315789474,2427.323684210526,0.06683095450490634,0.4114107939339875
1694,60.526315789473685,78.78947368421052,78.78947368421052,37.68421052631579,70.47368421052632,1271.0526315789473,1654.5789473684208,413.6447368421052,2574.434210526316,0.07010927743086529,0.4363447814451383
1695,49.94736842105263,71.26315789473684,71.26315789473684,35.578947368421055,60.421052631578945,1048.8947368421052,1496.5263157894735,374.1315789473684,2157.2526315789473,0.0634121320249777,0.36563603925066906
1696,48.21052631578947,76.57894736842105,76.57894736842105,40.78947368421053,57.21052631578947,1012.421052631579,1608.157894736842,402.0394736842105,2123.1552631578948,0.06814228367528992,0.35985682426404997
1697,48.05263157894737,79.84210526315789,79.84210526315789,40.1578947368421,56.31578947368421,1009.1052631578948,1676.6842105263156,419.1710526315789,2134.65,0.07104594112399643,0.36180508474576273
1698,67.73684210526316,70.05263157894737,70.05263157894737,33.1578947368421,76.15789473684211,1422.4736842105265,1471.1052631578948,367.7763157894737,2785.9815789473687,0.0623349687778769,0.47220026761819806
1699,51.36842105263158,65.21052631578948,65.21052631578948,33.473684210526315,58.31578947368421,1078.7368421052631,1369.4210526315792,342.3552631578948,2176.207894736842,0.0580263157894737,0.3688487957181088
1700,58.89473684210526,80.94736842105263,80.94736842105263,40.421052631578945,69.73684210526316,1236.7894736842104,1699.8947368421052,424.9736842105263,2527.515789473684,0.07202943800178412,0.4283925066904549
1701,53.63157894736842,74.52631578947368,74.52631578947368,38.526315789473685,62.473684210526315,1126.2631578947369,1565.0526315789473,391.2631578947368,2305.9105263157894,0.0663157894736842,0.3908322925958965
1702,54.578947368421055,89.21052631578948,89.21052631578948,43.63157894736842,59.578947368421055,1146.157894736842,1873.4210526315792,468.3552631578948,2416.823684210526,0.07938224799286353,0.40963113291703834
1703,44.21052631578947,83.52631578947368,83.52631578947368,43.31578947368421,51.21052631578947,928.421052631579,1754.0526315789473,438.5131578947368,2016.828947368421,0.07432426404995539,0.34183541480820695
1704,57.63157894736842,63.89473684210526,63.89473684210526,32.10526315789474,63.89473684210526,1210.2631578947369,1341.7894736842104,335.4473684210526,2392.894736842105,0.056855486173059765,0.4055753791257805
1705,54.05263157894737,71.36842105263158,71.36842105263158,32.78947368421053,59.1578947368421,1135.1052631578948,1498.7368421052631,374.6842105263158,2304.363157894737,0.06350579839429081,0.39057002676181984
1706,47.1578947368421,81.73684210526316,81.73684210526316,42.26315789473684,52.73684210526316,990.3157894736842,1716.4736842105265,429.1184210526316,2112.6552631578948,0.07273193577163248,0.3580771632471008
1707,54.578947368421055,73.10526315789474,73.10526315789474,37.21052631578947,63.73684210526316,1146.157894736842,1535.2105263157896,383.8026315789474,2332.271052631579,0.06505129348795718,0.39530017841213205
1708,49.473684210526315,74.15789473684211,74.15789473684211,38.31578947368421,64.26315789473684,1038.9473684210527,1557.3157894736844,389.3289473684211,2155.539473684211,0.06598795718108832,0.36534567350579844
1709,53.89473684210526,76.73684210526316,76.73684210526316,38.578947368421055,60.89473684210526,1131.7894736842104,1611.4736842105265,402.8684210526316,2326.9105263157894,0.0682827832292596,0.39439161462979483
1710,61.473684210526315,71.52631578947368,71.52631578947368,35.421052631578945,69.78947368421052,1290.9473684210527,1502.0526315789473,375.5131578947368,2570.1236842105263,0.06364629794826047,0.435614183764496
1711,52.526315789473685,77.52631578947368,77.52631578947368,39.421052631578945,63.10526315789474,1103.0526315789473,1628.0526315789473,407.0131578947368,2282.202631578947,0.06898528099910793,0.38681400535236393
1712,50.89473684210526,71.73684210526316,71.73684210526316,36.10526315789474,55.05263157894737,1068.7894736842104,1506.4736842105265,376.6184210526316,2193.560526315789,0.06383363068688672,0.3717899197145405
1713,48.94736842105263,84.63157894736842,84.63157894736842,43.21052631578947,57.0,1027.8947368421052,1777.2631578947369,444.3157894736842,2191.736842105263,0.07530776092774309,0.3714808206958073
1714,52.473684210526315,71.42105263157895,71.42105263157895,35.73684210526316,61.31578947368421,1101.9473684210527,1499.842105263158,374.9605263157895,2248.271052631579,0.06355263157894737,0.38106289027653883
1715,56.21052631578947,78.89473684210526,78.89473684210526,39.473684210526315,66.21052631578948,1180.421052631579,1656.7894736842104,414.1973684210526,2420.9131578947367,0.07020294380017841,0.41032426404995537
1716,51.36842105263158,83.63157894736842,83.63157894736842,42.26315789473684,55.78947368421053,1078.7368421052631,1756.2631578947369,439.0657894736842,2272.9184210526314,0.07441793041926852,0.38524041034790363
1717,50.473684210526315,82.78947368421052,82.78947368421052,40.78947368421053,64.0,1059.9473684210527,1738.5789473684208,434.6447368421052,2236.555263157895,0.07366859946476359,0.37907716324710083
1718,54.78947368421053,82.21052631578948,82.21052631578948,40.89473684210526,67.6842105263158,1150.578947368421,1726.4210526315792,431.6052631578948,2387.5894736842106,0.0731534344335415,0.4046761819803747
1719,52.10526315789474,70.26315789473684,70.26315789473684,35.473684210526315,62.31578947368421,1094.2105263157896,1475.5263157894735,368.8815789473684,2229.039473684211,0.06252230151650312,0.3778033006244425
1720,53.36842105263158,82.89473684210526,82.89473684210526,40.73684210526316,70.0,1120.7368421052631,1740.7894736842104,435.1973684210526,2340.45,0.07376226583407672,0.39668644067796605
1721,59.578947368421055,79.10526315789474,79.10526315789474,39.421052631578945,70.73684210526316,1251.157894736842,1661.2105263157896,415.3026315789474,2542.271052631579,0.07039027653880464,0.4308933987511151
1722,48.31578947368421,89.78947368421052,89.78947368421052,45.421052631578945,62.05263157894737,1014.6315789473684,1885.5789473684208,471.3947368421052,2196.2684210526313,0.07989741302408562,0.3722488849241748
1723,53.578947368421055,76.57894736842105,76.57894736842105,38.8421052631579,66.73684210526316,1125.157894736842,1608.157894736842,402.0394736842105,2314.807894736842,0.06814228367528992,0.39234032114183764
1724,57.36842105263158,68.94736842105263,68.94736842105263,33.21052631578947,61.05263157894737,1204.7368421052631,1447.8947368421052,361.9736842105263,2410.0263157894733,0.0613514719000892,0.408479036574487
1725,46.36842105263158,81.05263157894737,81.05263157894737,41.78947368421053,58.0,973.7368421052632,1702.1052631578948,425.5263157894737,2080.878947368421,0.07212310437109724,0.35269134701159677
1726,46.526315789473685,69.6842105263158,69.6842105263158,36.21052631578947,58.63157894736842,977.0526315789474,1463.3684210526317,365.8421052631579,2026.8315789473684,0.062007136485281,0.3435307760927743
1727,52.21052631578947,70.94736842105263,70.94736842105263,35.473684210526315,58.0,1096.421052631579,1489.8947368421052,372.4736842105263,2236.3894736842103,0.06313113291703835,0.37904906333630684
1728,51.526315789473685,81.0,81.0,41.0,63.68421052631579,1082.0526315789473,1701.0,425.25,2264.73947368421,0.07207627118644068,0.3838541480820695
1729,48.10526315789474,80.6842105263158,80.6842105263158,40.21052631578947,56.10526315789474,1010.2105263157896,1694.3684210526317,423.5921052631579,2140.9500000000003,0.07179527207850134,0.36287288135593226
1730,54.10526315789474,74.73684210526316,74.73684210526316,35.31578947368421,65.57894736842105,1136.2105263157896,1569.4736842105265,392.3684210526316,2323.926315789474,0.06650312221231044,0.39388581623550406
1731,51.73684210526316,75.3157894736842,75.3157894736842,38.421052631578945,64.47368421052632,1086.4736842105262,1581.6315789473683,395.4078947368421,2242.4131578947367,0.06701828724353255,0.3800700267618198
1732,49.0,79.15789473684211,79.15789473684211,40.8421052631579,54.31578947368421,1029.0,1662.3157894736844,415.5789473684211,2164.878947368421,0.0704371097234612,0.36692863514719
1733,50.1578947368421,81.21052631578948,81.21052631578948,40.94736842105263,60.8421052631579,1053.3157894736842,1705.4210526315792,426.3552631578948,2216.992105263158,0.07226360392506692,0.3757613737734166
1734,48.89473684210526,82.47368421052632,82.47368421052632,41.526315789473685,49.05263157894737,1026.7894736842104,1731.9473684210527,432.9868421052632,2178.528947368421,0.07338760035682426,0.3692421944692239
1735,53.36842105263158,73.10526315789474,73.10526315789474,35.68421052631579,60.94736842105263,1120.7368421052631,1535.2105263157896,383.8026315789474,2289.055263157895,0.06505129348795718,0.3879754683318466
1736,53.578947368421055,75.94736842105263,75.94736842105263,38.8421052631579,67.73684210526316,1125.157894736842,1594.8947368421052,398.7236842105263,2311.492105263158,0.06758028545941124,0.391778322925959
1737,58.421052631578945,73.94736842105263,73.94736842105263,37.578947368421055,69.94736842105263,1226.842105263158,1552.8947368421052,388.2236842105263,2473.8552631578946,0.06580062444246208,0.4192975022301516
1738,52.78947368421053,74.57894736842105,74.57894736842105,36.78947368421053,60.78947368421053,1108.578947368421,1566.157894736842,391.5394736842105,2276.1236842105263,0.06636262265834077,0.3857836752899197
1739,44.473684210526315,87.84210526315789,87.84210526315789,43.26315789473684,52.473684210526315,933.9473684210526,1844.6842105263156,461.1710526315789,2048.8815789473683,0.07816458519179303,0.34726806422836753
1740,46.21052631578947,91.42105263157895,91.42105263157895,47.68421052631579,52.89473684210526,970.421052631579,1919.842105263158,479.9605263157895,2129.676315789474,0.0813492417484389,0.36096208742194474
1741,52.63157894736842,73.26315789473684,73.26315789473684,36.473684210526315,56.21052631578947,1105.2631578947369,1538.5263157894735,384.6315789473684,2263.5789473684213,0.06519179304192685,0.3836574487065121
1742,52.421052631578945,78.0,78.0,37.78947368421053,65.21052631578948,1100.842105263158,1638.0,409.5,2280.9315789473685,0.06940677966101695,0.3865985727029438
1743,47.78947368421053,86.3157894736842,86.3157894736842,42.78947368421053,59.78947368421053,1003.578947368421,1812.6315789473683,453.1578947368421,2159.242105263158,0.07680642283675289,0.3659732381801963
1744,49.0,66.10526315789474,66.10526315789474,33.526315789473685,61.94736842105263,1029.0,1388.2105263157896,347.0526315789474,2096.3526315789472,0.05882247992863515,0.35531400535236396
1745,44.21052631578947,88.15789473684211,88.15789473684211,44.73684210526316,43.89473684210526,928.421052631579,1851.3157894736844,462.8289473684211,2041.1447368421052,0.07844558429973239,0.3459567350579839
1746,54.05263157894737,70.36842105263158,70.36842105263158,34.473684210526315,61.94736842105263,1135.1052631578948,1477.7368421052631,369.4342105263158,2299.113157894737,0.06261596788581623,0.38968019625334527
1747,53.8421052631579,76.26315789473684,76.26315789473684,39.63157894736842,54.31578947368421,1130.6842105263158,1601.5263157894735,400.3815789473684,2322.5447368421055,0.06786128456735058,0.39365165031222127
1748,54.473684210526315,68.52631578947368,68.52631578947368,33.89473684210526,61.94736842105263,1143.9473684210527,1439.0526315789473,359.7631578947368,2304.4736842105262,0.060976806422836746,0.39058876003568244
1749,49.21052631578947,79.52631578947368,79.52631578947368,40.0,61.36842105263158,1033.421052631579,1670.0526315789473,417.5131578947368,2174.328947368421,0.07076494201605708,0.3685303300624442
1750,53.26315789473684,79.47368421052632,79.47368421052632,39.78947368421053,65.6842105263158,1118.5263157894738,1668.9473684210527,417.2368421052632,2318.7315789473687,0.07071810883140053,0.3930053523639608
1751,50.89473684210526,82.78947368421052,82.78947368421052,41.05263157894737,56.94736842105263,1068.7894736842104,1738.5789473684208,434.6447368421052,2251.586842105263,0.07366859946476359,0.38162488849241744
1752,55.421052631578945,74.84210526315789,74.84210526315789,37.89473684210526,70.94736842105263,1163.842105263158,1571.6842105263156,392.9210526315789,2371.452631578947,0.06659678858162354,0.4019411239964317
1753,57.21052631578947,82.15789473684211,82.15789473684211,41.26315789473684,71.26315789473684,1201.421052631579,1725.3157894736844,431.3289473684211,2473.7447368421053,0.07310660124888493,0.419278768956289
1754,48.73684210526316,75.78947368421052,75.78947368421052,38.05263157894737,54.78947368421053,1023.4736842105264,1591.5789473684208,397.8947368421052,2137.8,0.06743978590544156,0.3623389830508475
1755,49.21052631578947,86.21052631578948,86.21052631578948,44.31578947368421,55.68421052631579,1033.421052631579,1810.4210526315792,452.6052631578948,2209.421052631579,0.0767127564674398,0.374478144513827
1756,45.526315789473685,74.84210526315789,74.84210526315789,39.89473684210526,47.10526315789474,956.0526315789474,1571.6842105263156,392.9210526315789,2018.2105263157896,0.06659678858162354,0.34206958073148974
1757,55.36842105263158,65.26315789473684,65.26315789473684,32.31578947368421,61.31578947368421,1162.7368421052631,1370.5263157894735,342.6315789473684,2319.2842105263157,0.05807314897413023,0.39309901873327385
1758,47.26315789473684,77.78947368421052,77.78947368421052,39.73684210526316,59.421052631578945,992.5263157894736,1633.5789473684208,408.3947368421052,2095.6894736842105,0.06921944692239071,0.35520160570918824
1759,62.8421052631579,71.6842105263158,71.6842105263158,35.36842105263158,73.10526315789474,1319.6842105263158,1505.3684210526317,376.3421052631579,2619.805263157895,0.06378679750223015,0.4440347903657449
1760,51.526315789473685,78.47368421052632,78.47368421052632,38.78947368421053,57.10526315789474,1082.0526315789473,1647.9473684210527,411.9868421052632,2251.4763157894736,0.06982827832292596,0.38160615521855484
1761,53.21052631578947,85.84210526315789,85.84210526315789,43.473684210526315,60.94736842105263,1117.421052631579,1802.6842105263156,450.6710526315789,2350.286842105263,0.07638492417484388,0.3983537020517395
1762,61.473684210526315,76.6842105263158,76.6842105263158,36.1578947368421,68.42105263157895,1290.9473684210527,1610.3684210526317,402.5921052631579,2597.2026315789476,0.06823595004460303,0.44020383586083855
1763,48.8421052631579,74.73684210526316,74.73684210526316,36.78947368421053,51.78947368421053,1025.6842105263158,1569.4736842105265,392.3684210526316,2136.0315789473684,0.06650312221231044,0.3620392506690455
1764,47.526315789473685,79.6842105263158,79.6842105263158,41.1578947368421,58.0,998.0526315789474,1673.3684210526317,418.3421052631579,2115.0315789473684,0.07090544157002676,0.3584799286351472
1765,54.73684210526316,78.42105263157895,78.42105263157895,39.21052631578947,65.84210526315789,1149.4736842105262,1646.842105263158,411.7105263157895,2365.815789473684,0.06978144513826941,0.40098572702943797
1766,55.10526315789474,78.94736842105263,78.94736842105263,39.21052631578947,60.421052631578945,1157.2105263157896,1657.8947368421052,414.4736842105263,2381.7315789473687,0.07024977698483496,0.4036833184656557
1767,49.8421052631579,77.52631578947368,77.52631578947368,38.10526315789474,57.05263157894737,1046.6842105263158,1628.0526315789473,407.0131578947368,2186.3763157894737,0.06898528099910793,0.3705722569134701
1768,50.78947368421053,83.15789473684211,83.15789473684211,41.94736842105263,62.10526315789474,1066.578947368421,1746.3157894736844,436.5789473684211,2249.7631578947367,0.07399643175735951,0.38131578947368416
1769,50.31578947368421,81.89473684210526,81.89473684210526,41.526315789473685,51.526315789473685,1056.6315789473686,1719.7894736842104,429.9473684210526,2226.221052631579,0.07287243532560214,0.37732560214094557
1770,52.1578947368421,79.94736842105263,79.94736842105263,41.0,62.21052631578947,1095.3157894736842,1678.8947368421052,419.7236842105263,2281.7605263157893,0.07113960749330954,0.38673907225691345
1771,49.78947368421053,73.21052631578948,73.21052631578948,38.0,59.94736842105263,1045.578947368421,1537.4210526315792,384.3552631578948,2161.8394736842106,0.0651449598572703,0.3664134701159679
1772,48.73684210526316,77.73684210526316,77.73684210526316,39.8421052631579,57.0,1023.4736842105264,1632.4736842105265,408.1184210526316,2148.0236842105264,0.06917261373773417,0.36407181088314006
1773,46.8421052631579,75.63157894736842,75.63157894736842,39.421052631578945,58.473684210526315,983.6842105263158,1588.2631578947369,397.0657894736842,2069.3289473684213,0.06729928635147191,0.35073371989295277
1774,56.36842105263158,72.84210526315789,72.84210526315789,35.526315789473685,62.578947368421055,1183.7368421052631,1529.6842105263156,382.4210526315789,2394.773684210526,0.06481712756467439,0.4058938447814451
1775,45.421052631578945,81.10526315789474,81.10526315789474,40.68421052631579,55.63157894736842,953.8421052631578,1703.2105263157896,425.8026315789474,2047.3342105263155,0.0721699375557538,0.34700579839429074
1776,54.26315789473684,70.42105263157895,70.42105263157895,35.473684210526315,59.1578947368421,1139.5263157894738,1478.842105263158,369.7105263157895,2306.9052631578948,0.0626628010704728,0.39100089206066013
1777,45.473684210526315,78.05263157894737,78.05263157894737,39.26315789473684,51.526315789473685,954.9473684210526,1639.1052631578948,409.7763157894737,2033.1868421052632,0.06945361284567352,0.3446079393398751
1778,49.63157894736842,76.52631578947368,76.52631578947368,38.73684210526316,64.0,1042.2631578947369,1607.0526315789473,401.7631578947368,2173.6105263157892,0.06809545049063336,0.36840856378233716
1779,51.78947368421053,70.42105263157895,70.42105263157895,36.36842105263158,56.89473684210526,1087.578947368421,1478.842105263158,369.7105263157895,2218.5947368421052,0.0626628010704728,0.3760330062444246
1780,51.31578947368421,80.15789473684211,80.15789473684211,40.21052631578947,61.21052631578947,1077.6315789473686,1683.3157894736844,420.8289473684211,2252.8026315789475,0.07132694023193578,0.38183095450490634
1781,56.73684210526316,74.63157894736842,74.63157894736842,36.21052631578947,71.52631578947368,1191.4736842105262,1567.2631578947369,391.8157894736842,2417.321052631579,0.06640945584299733,0.4097154326494201
1782,49.1578947368421,86.89473684210526,86.89473684210526,43.31578947368421,56.78947368421053,1032.3157894736842,1824.7894736842104,456.1973684210526,2211.1342105263157,0.07732158786797502,0.37476851025869756
1783,52.26315789473684,82.52631578947368,82.52631578947368,41.526315789473685,60.26315789473684,1097.5263157894738,1733.0526315789473,433.2631578947368,2299.057894736842,0.07343443354148081,0.3896708296164139
1784,52.68421052631579,84.05263157894737,84.05263157894737,41.63157894736842,60.94736842105263,1106.3684210526314,1765.1052631578948,441.2763157894737,2322.1026315789472,0.07479259589652097,0.39357671721677073
1785,52.1578947368421,79.36842105263158,79.36842105263158,37.63157894736842,57.94736842105263,1095.3157894736842,1666.7368421052631,416.6842105263158,2278.721052631579,0.07062444246208742,0.38622390722569133
1786,54.21052631578947,78.42105263157895,78.42105263157895,39.68421052631579,59.10526315789474,1138.421052631579,1646.842105263158,411.7105263157895,2347.0263157894738,0.06978144513826941,0.3978010704727922
1787,52.63157894736842,81.63157894736842,81.63157894736842,41.36842105263158,65.36842105263158,1105.2631578947369,1714.2631578947369,428.5657894736842,2307.513157894737,0.07263826940231936,0.3911039250669046
1788,51.68421052631579,82.6842105263158,82.6842105263158,41.578947368421055,63.68421052631579,1085.3684210526314,1736.3684210526317,434.0921052631579,2279.218421052631,0.07357493309545049,0.38630820695807305
1789,53.78947368421053,76.42105263157895,76.42105263157895,36.473684210526315,60.473684210526315,1129.578947368421,1604.842105263158,401.2105263157895,2321.4947368421053,0.06800178412132026,0.3934736842105263
1790,45.31578947368421,78.42105263157895,78.42105263157895,38.36842105263158,58.526315789473685,951.6315789473684,1646.842105263158,411.7105263157895,2029.4842105263156,0.06978144513826941,0.3439803746654772
1791,67.3157894736842,61.94736842105263,61.94736842105263,30.31578947368421,77.57894736842105,1413.6315789473683,1300.8947368421052,325.2236842105263,2728.3973684210523,0.05512265834076717,0.46244023193577155
1792,40.63157894736842,94.78947368421052,94.78947368421052,49.31578947368421,47.73684210526316,853.2631578947368,1990.5789473684208,497.6447368421052,1948.1921052631576,0.0843465655664585,0.3302020517395182
1793,46.78947368421053,76.47368421052632,76.47368421052632,38.89473684210526,56.0,982.578947368421,1605.9473684210527,401.4868421052632,2071.871052631579,0.0680486173059768,0.35116458519179305
1794,59.89473684210526,72.63157894736842,72.63157894736842,36.578947368421055,62.526315789473685,1257.7894736842104,1525.2631578947369,381.3157894736842,2519.5578947368417,0.06462979482604818,0.42704371097234606
1795,57.0,72.94736842105263,72.94736842105263,38.31578947368421,63.526315789473685,1197.0,1531.8947368421052,382.9736842105263,2417.8736842105263,0.0649107939339875,0.4098090990187333
1796,53.05263157894737,78.6842105263158,78.6842105263158,39.21052631578947,57.578947368421055,1114.1052631578948,1652.3684210526317,413.0921052631579,2307.071052631579,0.07001561106155219,0.391028991971454
1797,53.526315789473685,68.3157894736842,68.3157894736842,33.73684210526316,61.73684210526316,1124.0526315789473,1434.6315789473683,358.6578947368421,2269.5473684210524,0.060789473684210525,0.3846690454950936
1798,49.421052631578945,61.73684210526316,61.73684210526316,31.94736842105263,55.578947368421055,1037.842105263158,1296.4736842105262,324.11842105263156,2088.45,0.05493532560214094,0.3539745762711864
1799,57.63157894736842,76.10526315789474,76.10526315789474,38.68421052631579,61.78947368421053,1210.2631578947369,1598.2105263157896,399.5526315789474,2457.0,0.06772078501338091,0.4164406779661017
1800,50.36842105263158,73.36842105263158,73.36842105263158,36.05263157894737,57.526315789473685,1057.7368421052631,1540.7368421052631,385.1842105263158,2183.336842105263,0.06528545941123996,0.37005709188224795
1801,52.05263157894737,85.26315789473684,85.26315789473684,42.63157894736842,58.1578947368421,1093.1052631578948,1790.5263157894735,447.6315789473684,2305.9105263157894,0.07586975914362176,0.3908322925958965
1802,47.473684210526315,80.89473684210526,80.89473684210526,42.78947368421053,56.05263157894737,996.9473684210526,1698.7894736842104,424.6973684210526,2119.507894736842,0.07198260481712757,0.35923862622658337
1803,51.21052631578947,61.78947368421053,61.78947368421053,30.210526315789473,61.421052631578945,1075.421052631579,1297.578947368421,324.39473684210526,2152.6105263157897,0.0549821587867975,0.3648492417484389
1804,53.578947368421055,77.15789473684211,77.15789473684211,36.73684210526316,60.421052631578945,1125.157894736842,1620.3157894736844,405.0789473684211,2317.8473684210526,0.06865744870651205,0.39285548617305976
1805,51.63157894736842,79.84210526315789,79.84210526315789,39.36842105263158,58.21052631578947,1084.2631578947369,1676.6842105263156,419.1710526315789,2262.4184210526314,0.07104594112399643,0.3834607493309545
1806,59.8421052631579,84.63157894736842,84.63157894736842,40.578947368421055,68.42105263157895,1256.6842105263158,1777.2631578947369,444.3157894736842,2580.678947368421,0.07530776092774309,0.43740321141837646
1807,52.10526315789474,77.15789473684211,77.15789473684211,36.473684210526315,65.15789473684211,1094.2105263157896,1620.3157894736844,405.0789473684211,2265.2368421052633,0.06865744870651205,0.3839384478144514
1808,57.21052631578947,75.15789473684211,75.15789473684211,37.94736842105263,66.84210526315789,1201.421052631579,1578.3157894736844,394.5789473684211,2436.9947368421053,0.0668777876895629,0.413049955396967
1809,50.1578947368421,69.84210526315789,69.84210526315789,35.26315789473684,64.47368421052632,1053.3157894736842,1466.6842105263156,366.6710526315789,2157.3078947368417,0.062147636039250664,0.3656454058876003
1810,51.68421052631579,81.73684210526316,81.73684210526316,41.73684210526316,67.73684210526316,1085.3684210526314,1716.4736842105265,429.1184210526316,2274.244736842105,0.07273193577163248,0.38546520963425507
1811,54.473684210526315,76.0,76.0,38.0,64.52631578947368,1143.9473684210527,1596.0,399.0,2343.7105263157896,0.0676271186440678,0.3972390722569135
1812,60.21052631578947,75.47368421052632,75.47368421052632,35.89473684210526,70.84210526315789,1264.421052631579,1584.9473684210527,396.2368421052632,2545.7526315789473,0.06715878679750223,0.4314834968777877
1813,48.68421052631579,74.73684210526316,74.73684210526316,38.78947368421053,54.94736842105263,1022.3684210526316,1569.4736842105265,392.3684210526316,2130.394736842105,0.06650312221231044,0.3610838537020517
1814,58.63157894736842,70.10526315789474,70.10526315789474,33.63157894736842,70.89473684210526,1231.2631578947369,1472.2105263157896,368.0526315789474,2461.2000000000003,0.062381801962533456,0.4171525423728814
1815,51.26315789473684,83.05263157894737,83.05263157894737,41.21052631578947,56.94736842105263,1076.5263157894738,1744.1052631578948,436.0263157894737,2266.121052631579,0.0739027653880464,0.38408831400535237
1816,51.89473684210526,69.15789473684211,69.15789473684211,35.526315789473685,55.05263157894737,1089.7894736842104,1452.3157894736844,363.0789473684211,2215.721052631579,0.06153880463871544,0.3755459411239964
1817,59.31578947368421,68.15789473684211,68.15789473684211,34.36842105263158,71.6842105263158,1245.6315789473686,1431.3157894736844,357.8289473684211,2475.402631578948,0.06064897413024086,0.41955976806422846
1818,54.68421052631579,71.84210526315789,71.84210526315789,36.0,61.31578947368421,1148.3684210526314,1508.6842105263156,377.1710526315789,2329.3973684210523,0.06392729705619982,0.39481311329170377
1819,48.473684210526315,67.36842105263158,67.36842105263158,34.94736842105263,57.05263157894737,1017.9473684210526,1414.7368421052631,353.6842105263158,2084.194736842105,0.059946476360392506,0.3532533452274754
1820,57.78947368421053,59.94736842105263,59.94736842105263,29.210526315789473,65.6842105263158,1213.578947368421,1258.8947368421052,314.7236842105263,2377.807894736842,0.05334299732381802,0.40301828724353256
1821,51.89473684210526,77.15789473684211,77.15789473684211,39.05263157894737,57.473684210526315,1089.7894736842104,1620.3157894736844,405.0789473684211,2257.721052631579,0.06865744870651205,0.382664585191793
1822,47.05263157894737,95.73684210526316,95.73684210526316,47.89473684210526,57.73684210526316,988.1052631578948,2010.4736842105265,502.6184210526316,2182.3973684210528,0.08518956289027654,0.36989785905441575
1823,48.473684210526315,80.84210526315789,80.84210526315789,41.36842105263158,55.78947368421053,1017.9473684210526,1697.6842105263156,424.4210526315789,2154.931578947368,0.071935771632471,0.3652426404995539
1824,51.05263157894737,77.42105263157895,77.42105263157895,40.578947368421055,57.0,1072.1052631578948,1625.842105263158,406.4605263157895,2229.0394736842104,0.06889161462979483,0.37780330062444245
1825,55.421052631578945,69.6842105263158,69.6842105263158,34.73684210526316,57.526315789473685,1163.842105263158,1463.3684210526317,365.8421052631579,2344.3736842105263,0.062007136485281,0.39735147190008924
1826,50.94736842105263,70.42105263157895,70.42105263157895,37.26315789473684,57.36842105263158,1069.8947368421052,1478.842105263158,369.7105263157895,2188.5315789473684,0.0626628010704728,0.3709375557537913
1827,48.73684210526316,74.47368421052632,74.47368421052632,35.89473684210526,53.1578947368421,1023.4736842105264,1563.9473684210527,390.9868421052632,2130.892105263158,0.06626895628902765,0.3611681534344336
1828,45.526315789473685,82.52631578947368,82.52631578947368,42.0,59.0,956.0526315789474,1733.0526315789473,433.2631578947368,2058.5526315789475,0.07343443354148081,0.348907225691347
1829,62.68421052631579,65.6842105263158,65.6842105263158,32.0,66.42105263157895,1316.3684210526314,1379.3684210526317,344.8421052631579,2582.6684210526314,0.058447814451382696,0.4377404103479036
1830,52.26315789473684,78.05263157894737,78.05263157894737,38.05263157894737,59.578947368421055,1097.5263157894738,1639.1052631578948,409.7763157894737,2275.571052631579,0.06945361284567352,0.38569000892060656
1831,48.63157894736842,83.57894736842105,83.57894736842105,43.63157894736842,55.36842105263158,1021.2631578947368,1755.157894736842,438.7894736842105,2174.936842105263,0.07437109723461195,0.36863336306868866
1832,57.68421052631579,73.94736842105263,73.94736842105263,36.94736842105263,67.94736842105263,1211.3684210526314,1552.8947368421052,388.2236842105263,2447.5499999999997,0.06580062444246208,0.41483898305084743
1833,54.0,74.52631578947368,74.52631578947368,38.0,64.10526315789474,1134.0,1565.0526315789473,391.2631578947368,2319.063157894737,0.0663157894736842,0.3930615521855486
1834,50.31578947368421,74.42105263157895,74.42105263157895,39.1578947368421,51.0,1056.6315789473686,1562.842105263158,390.7105263157895,2186.984210526316,0.0662221231043711,0.3706752899197146
1835,50.78947368421053,86.73684210526316,86.73684210526316,44.578947368421055,65.0,1066.578947368421,1821.4736842105265,455.3684210526316,2268.552631578947,0.07718108831400536,0.38450044603033
1836,53.1578947368421,71.47368421052632,71.47368421052632,36.89473684210526,57.63157894736842,1116.3157894736842,1500.9473684210527,375.2368421052632,2272.9736842105262,0.06359946476360392,0.385249776984835
1837,48.0,77.57894736842105,77.57894736842105,40.26315789473684,55.36842105263158,1008.0,1629.157894736842,407.2894736842105,2120.8894736842103,0.0690321141837645,0.35947279214986616
1838,48.05263157894737,91.15789473684211,91.15789473684211,45.68421052631579,54.473684210526315,1009.1052631578948,1914.3157894736844,478.5789473684211,2194.057894736842,0.08111507582515612,0.3718742194469224
1839,50.10526315789474,68.57894736842105,68.57894736842105,34.21052631578947,64.84210526315789,1052.2105263157896,1440.157894736842,360.0394736842105,2148.797368421053,0.06102363960749331,0.3642029438001784
1840,44.8421052631579,87.26315789473684,87.26315789473684,44.26315789473684,54.26315789473684,941.6842105263158,1832.5263157894735,458.1315789473684,2058.9947368421053,0.07764942016057091,0.3489821587867975
1841,50.05263157894737,82.26315789473684,82.26315789473684,40.78947368421053,54.31578947368421,1051.1052631578948,1727.5263157894735,431.8815789473684,2218.7605263157893,0.07320026761819803,0.37606110615521854
1842,57.421052631578945,87.84210526315789,87.84210526315789,44.68421052631579,68.21052631578948,1205.842105263158,1844.6842105263156,461.1710526315789,2511.1026315789472,0.07816458519179303,0.4256106155218555
1843,53.89473684210526,72.6842105263158,72.6842105263158,35.21052631578947,66.05263157894737,1131.7894736842104,1526.3684210526317,381.5921052631579,2305.6342105263157,0.06467662801070473,0.39078545941123993
1844,51.473684210526315,79.94736842105263,79.94736842105263,40.21052631578947,61.89473684210526,1080.9473684210527,1678.8947368421052,419.7236842105263,2257.334210526316,0.07113960749330954,0.3825990187332739
1845,51.63157894736842,84.0,84.0,42.31578947368421,62.31578947368421,1084.2631578947369,1764.0,441.0,2284.2473684210527,0.07474576271186441,0.3871605709188225
1846,53.94736842105263,73.36842105263158,73.36842105263158,35.31578947368421,58.68421052631579,1132.8947368421052,1540.7368421052631,385.1842105263158,2311.1052631578946,0.06528545941123996,0.39171275646743975
1847,45.63157894736842,81.05263157894737,81.05263157894737,38.68421052631579,56.421052631578945,958.2631578947368,1702.1052631578948,425.5263157894737,2054.573684210526,0.07212310437109724,0.3482328278322926
1848,57.21052631578947,75.21052631578948,75.21052631578948,36.36842105263158,69.6842105263158,1201.421052631579,1579.4210526315792,394.8552631578948,2437.2710526315786,0.06692462087421945,0.4130967885816235
1849,54.421052631578945,75.84210526315789,75.84210526315789,39.578947368421055,60.10526315789474,1142.842105263158,1592.6842105263156,398.1710526315789,2341.0026315789473,0.06748661909009812,0.39678010704727923
1850,47.73684210526316,78.73684210526316,78.73684210526316,40.31578947368421,57.26315789473684,1002.4736842105264,1653.4736842105265,413.3684210526316,2117.573684210526,0.07006244424620875,0.3589107939339875
1851,48.78947368421053,69.6842105263158,69.6842105263158,34.8421052631579,59.473684210526315,1024.578947368421,1463.3684210526317,365.8421052631579,2107.6263157894737,0.062007136485281,0.3572247992863515
1852,54.05263157894737,75.57894736842105,75.57894736842105,37.1578947368421,59.78947368421053,1135.1052631578948,1587.157894736842,396.7894736842105,2326.4684210526316,0.06725245316681534,0.39431668153434435
1853,51.421052631578945,76.6842105263158,76.6842105263158,38.05263157894737,63.473684210526315,1079.842105263158,1610.3684210526317,402.5921052631579,2238.323684210526,0.06823595004460303,0.37937689562890275
1854,50.578947368421055,65.94736842105263,65.94736842105263,32.68421052631579,61.526315789473685,1062.157894736842,1384.8947368421052,346.2236842105263,2151.8921052631576,0.058681980374665474,0.3647274754683318
1855,56.63157894736842,60.473684210526315,60.473684210526315,29.842105263157894,64.10526315789474,1189.2631578947369,1269.9473684210527,317.4868421052632,2339.234210526316,0.05381132917038359,0.3964803746654773
1856,46.1578947368421,75.15789473684211,75.15789473684211,37.8421052631579,51.526315789473685,969.3157894736842,1578.3157894736844,394.5789473684211,2042.415789473684,0.0668777876895629,0.34617216770740405
1857,46.21052631578947,95.57894736842105,95.57894736842105,48.21052631578947,57.421052631578945,970.421052631579,2007.157894736842,501.7894736842105,2151.5052631578947,0.08504906333630687,0.36466190900981266
1858,57.526315789473685,78.3157894736842,78.3157894736842,38.473684210526315,60.1578947368421,1208.0526315789473,1644.6315789473683,411.1578947368421,2464.8473684210526,0.06968777876895628,0.4177707404103479
1859,51.36842105263158,74.84210526315789,74.84210526315789,37.421052631578945,67.63157894736842,1078.7368421052631,1571.6842105263156,392.9210526315789,2226.773684210526,0.06659678858162354,0.37741926851025864
1860,50.05263157894737,77.3157894736842,77.3157894736842,40.1578947368421,51.31578947368421,1051.1052631578948,1623.6315789473683,405.9078947368421,2192.786842105263,0.0687979482604817,0.3716587867975022
1861,50.89473684210526,83.94736842105263,83.94736842105263,41.31578947368421,55.10526315789474,1068.7894736842104,1762.8947368421052,440.7236842105263,2257.665789473684,0.07469892952720784,0.38265521855486173
1862,51.10526315789474,71.05263157894737,71.05263157894737,35.526315789473685,59.36842105263158,1073.2105263157896,1492.1052631578948,373.0263157894737,2197.484210526316,0.06322479928635147,0.37245495093666375
1863,55.0,72.78947368421052,72.78947368421052,36.578947368421055,63.578947368421055,1155.0,1528.5789473684208,382.1447368421052,2345.644736842105,0.06477029438001783,0.3975669045495093
1864,53.1578947368421,72.26315789473684,72.26315789473684,34.78947368421053,64.94736842105263,1116.3157894736842,1517.5263157894735,379.3815789473684,2277.1184210526317,0.06430196253345227,0.38595227475468336
1865,54.0,63.473684210526315,63.473684210526315,31.210526315789473,62.26315789473684,1134.0,1332.9473684210527,333.2368421052632,2261.036842105263,0.056480820695807316,0.3832265834076717
1866,59.10526315789474,73.73684210526316,73.73684210526316,36.21052631578947,63.0,1241.2105263157896,1548.4736842105265,387.1184210526316,2497.176315789474,0.06561329170383587,0.4232502230151651
1867,59.1578947368421,78.78947368421052,78.78947368421052,39.578947368421055,65.05263157894737,1242.3157894736842,1654.5789473684208,413.6447368421052,2525.581578947368,0.07010927743086529,0.428064674397859
1868,49.578947368421055,86.47368421052632,86.47368421052632,45.0,51.78947368421053,1041.157894736842,1815.9473684210527,453.9868421052632,2223.955263157895,0.07694692239072257,0.3769415700267619
1869,58.78947368421053,79.15789473684211,79.15789473684211,37.8421052631579,68.36842105263158,1234.578947368421,1662.3157894736844,415.5789473684211,2514.363157894737,0.0704371097234612,0.4261632471008029
1870,48.10526315789474,72.36842105263158,72.36842105263158,36.473684210526315,62.421052631578945,1010.2105263157896,1519.7368421052631,379.9342105263158,2097.292105263158,0.06439562890276539,0.3554732381801963
1871,53.8421052631579,77.57894736842105,77.57894736842105,40.0,66.0,1130.6842105263158,1629.157894736842,407.2894736842105,2329.4526315789476,0.0690321141837645,0.3948224799286352
1872,57.63157894736842,71.21052631578948,71.21052631578948,34.1578947368421,66.89473684210526,1210.2631578947369,1495.4210526315792,373.8552631578948,2431.3026315789475,0.06336529884032115,0.4120851917930419
1873,55.05263157894737,71.89473684210526,71.89473684210526,35.578947368421055,60.68421052631579,1156.1052631578948,1509.7894736842104,377.4473684210526,2342.8263157894735,0.06397413024085637,0.39708920606601245
1874,57.1578947368421,72.0,72.0,35.05263157894737,67.84210526315789,1200.3157894736842,1512.0,378.0,2418.536842105263,0.0640677966101695,0.409921498661909
1875,54.26315789473684,79.0,79.0,39.31578947368421,55.421052631578945,1139.5263157894738,1659.0,414.75,2351.944736842105,0.07029661016949153,0.39863470115967886
1876,50.578947368421055,78.63157894736842,78.63157894736842,38.89473684210526,54.421052631578945,1062.157894736842,1651.2631578947369,412.8157894736842,2218.4842105263156,0.06996877787689564,0.37601427297056195
1877,51.0,78.52631578947368,78.52631578947368,39.73684210526316,59.21052631578947,1071.0,1649.0526315789473,412.2631578947368,2232.963157894737,0.06987511150758251,0.3784683318465656
1878,60.1578947368421,71.84210526315789,71.84210526315789,34.05263157894737,65.94736842105263,1263.3157894736842,1508.6842105263156,377.1710526315789,2524.8078947368417,0.06392729705619982,0.42793354148082063
1879,59.78947368421053,74.36842105263158,74.36842105263158,35.63157894736842,64.10526315789474,1255.578947368421,1561.7368421052631,390.4342105263158,2524.9184210526314,0.06617528991971454,0.4279522747546833
1880,48.21052631578947,77.42105263157895,77.42105263157895,38.21052631578947,54.94736842105263,1012.421052631579,1625.842105263158,406.4605263157895,2127.5763157894735,0.06889161462979483,0.3606061552185548
1881,47.78947368421053,70.21052631578948,70.21052631578948,38.21052631578947,49.89473684210526,1003.578947368421,1474.4210526315792,368.6052631578948,2074.6894736842105,0.06247546833184658,0.35164228367528994
1882,53.89473684210526,73.21052631578948,73.21052631578948,36.94736842105263,62.31578947368421,1131.7894736842104,1537.4210526315792,384.3552631578948,2308.3973684210523,0.0651449598572703,0.39125379125780546
1883,62.21052631578947,66.89473684210526,66.89473684210526,31.05263157894737,72.84210526315789,1306.421052631579,1404.7894736842104,351.1973684210526,2572.1131578947366,0.05952497769848349,0.43595138269402317
1884,58.10526315789474,82.26315789473684,82.26315789473684,40.63157894736842,66.10526315789474,1220.2105263157896,1727.5263157894735,431.8815789473684,2506.2394736842107,0.07320026761819803,0.42478635147190014
1885,51.473684210526315,74.42105263157895,74.42105263157895,36.63157894736842,60.526315789473685,1080.9473684210527,1562.842105263158,390.7105263157895,2228.321052631579,0.0662221231043711,0.3776815343443354
1886,57.473684210526315,68.84210526315789,68.84210526315789,35.0,60.21052631578947,1206.9473684210527,1445.6842105263156,361.4210526315789,2413.2315789473682,0.06125780553077609,0.4090223015165031
1887,48.21052631578947,76.21052631578948,76.21052631578948,38.526315789473685,51.63157894736842,1012.421052631579,1600.4210526315792,400.1052631578948,2121.221052631579,0.06781445138269403,0.35952899197145405
1888,56.89473684210526,72.36842105263158,72.36842105263158,36.78947368421053,64.52631578947368,1194.7894736842104,1519.7368421052631,379.9342105263158,2411.0763157894735,0.06439562890276539,0.40865700267618194
1889,52.05263157894737,77.89473684210526,77.89473684210526,38.89473684210526,61.1578947368421,1093.1052631578948,1635.7894736842104,408.9473684210526,2267.2263157894736,0.06931311329170384,0.38427564674397857
1890,49.526315789473685,78.3157894736842,78.3157894736842,37.05263157894737,57.1578947368421,1040.0526315789473,1644.6315789473683,411.1578947368421,2179.2473684210527,0.06968777876895628,0.369363960749331
1891,54.10526315789474,79.6842105263158,79.6842105263158,39.10526315789474,59.526315789473685,1136.2105263157896,1673.3684210526317,418.3421052631579,2349.9,0.07090544157002676,0.39828813559322035
1892,51.78947368421053,83.63157894736842,83.63157894736842,42.68421052631579,60.8421052631579,1087.578947368421,1756.2631578947369,439.0657894736842,2287.95,0.07441793041926852,0.3877881355932203
1893,45.05263157894737,81.89473684210526,81.89473684210526,42.8421052631579,54.68421052631579,946.1052631578948,1719.7894736842104,429.9473684210526,2038.326315789474,0.07287243532560214,0.3454790365744871
1894,50.1578947368421,79.63157894736842,79.63157894736842,40.1578947368421,52.421052631578945,1053.3157894736842,1672.2631578947369,418.0657894736842,2208.702631578947,0.07085860838537021,0.37435637823371987
1895,50.68421052631579,79.52631578947368,79.52631578947368,40.36842105263158,56.578947368421055,1064.3684210526314,1670.0526315789473,417.5131578947368,2226.93947368421,0.07076494201605708,0.37744736842105253
1896,49.05263157894737,81.0,81.0,40.73684210526316,57.26315789473684,1030.1052631578948,1701.0,425.25,2176.428947368421,0.07207627118644068,0.3688862622658341
1897,53.1578947368421,78.10526315789474,78.10526315789474,38.8421052631579,61.21052631578947,1116.3157894736842,1640.2105263157896,410.0526315789474,2307.7894736842104,0.06950044603033007,0.3911507582515611
1898,60.21052631578947,73.89473684210526,73.89473684210526,36.526315789473685,70.89473684210526,1264.421052631579,1551.7894736842104,387.9473684210526,2537.4631578947365,0.06575379125780552,0.43007850133809095
1899,52.473684210526315,80.52631578947368,80.52631578947368,40.10526315789474,63.1578947368421,1101.9473684210527,1691.0526315789473,422.7631578947368,2296.073684210526,0.07165477252453166,0.3891650312221231
1900,46.21052631578947,94.05263157894737,94.05263157894737,46.73684210526316,56.473684210526315,970.421052631579,1975.1052631578948,493.7763157894737,2143.492105263158,0.08369090098126673,0.36330374665477255
1901,49.63157894736842,67.05263157894737,67.05263157894737,34.05263157894737,51.0,1042.2631578947369,1408.1052631578948,352.0263157894737,2123.8736842105263,0.05966547725245317,0.359978590544157
1902,57.0,74.63157894736842,74.63157894736842,35.78947368421053,64.52631578947368,1197.0,1567.2631578947369,391.8157894736842,2426.7157894736843,0.06640945584299733,0.41130776092774307
1903,50.21052631578947,81.63157894736842,81.63157894736842,41.0,56.68421052631579,1054.421052631579,1714.2631578947369,428.5657894736842,2221.0815789473686,0.07263826940231936,0.37645450490633364
1904,53.78947368421053,82.84210526315789,82.84210526315789,42.31578947368421,63.526315789473685,1129.578947368421,1739.6842105263156,434.9210526315789,2355.2052631578945,0.07371543264942015,0.39918733273862617
1905,52.0,79.47368421052632,79.47368421052632,41.05263157894737,61.68421052631579,1092.0,1668.9473684210527,417.2368421052632,2273.636842105263,0.07071810883140053,0.3853621766280107
1906,49.73684210526316,79.78947368421052,79.78947368421052,40.94736842105263,55.26315789473684,1044.4736842105262,1675.5789473684208,418.8947368421052,2194.5,0.07099910793933986,0.3719491525423729
1907,55.31578947368421,80.26315789473684,80.26315789473684,40.578947368421055,66.63157894736842,1161.6315789473686,1685.5263157894735,421.3815789473684,2396.1552631578948,0.07142060660124888,0.4061280107047279
1908,45.473684210526315,76.57894736842105,76.57894736842105,38.94736842105263,52.63157894736842,954.9473684210526,1608.157894736842,402.0394736842105,2025.4499999999998,0.06814228367528992,0.3432966101694915
1909,50.73684210526316,71.05263157894737,71.05263157894737,32.63157894736842,56.10526315789474,1065.4736842105262,1492.1052631578948,373.0263157894737,2184.331578947368,0.06322479928635147,0.37022569134701155
1910,47.578947368421055,81.84210526315789,81.84210526315789,41.78947368421053,55.421052631578945,999.1578947368422,1718.6842105263156,429.6710526315789,2128.2394736842107,0.07282560214094558,0.3607185548617306
1911,46.8421052631579,77.47368421052632,77.47368421052632,38.10526315789474,51.578947368421055,983.6842105263158,1626.9473684210527,406.7368421052632,2079.0,0.06893844781445138,0.3523728813559322
1912,46.94736842105263,74.42105263157895,74.42105263157895,37.89473684210526,55.421052631578945,985.8947368421052,1562.842105263158,390.7105263157895,2066.7315789473682,0.0662221231043711,0.35029348795718107
1913,48.526315789473685,83.52631578947368,83.52631578947368,41.73684210526316,55.94736842105263,1019.0526315789474,1754.0526315789473,438.5131578947368,2170.9026315789474,0.07432426404995539,0.36794959857270293
1914,55.68421052631579,64.94736842105263,64.94736842105263,32.8421052631579,60.68421052631579,1169.3684210526314,1363.8947368421052,340.9736842105263,2328.8999999999996,0.0577921498661909,0.394728813559322
1915,51.8421052631579,73.21052631578948,73.21052631578948,35.68421052631579,60.1578947368421,1088.6842105263158,1537.4210526315792,384.3552631578948,2235.1184210526317,0.0651449598572703,0.37883363068688675
1916,58.78947368421053,71.10526315789474,71.10526315789474,35.68421052631579,69.57894736842105,1234.578947368421,1493.2105263157896,373.3026315789474,2472.0868421052633,0.06327163247100803,0.4189977698483497
1917,55.26315789473684,71.3157894736842,71.3157894736842,36.78947368421053,61.63157894736842,1160.5263157894738,1497.6315789473683,374.4078947368421,2347.3026315789475,0.06345896520963425,0.3978479036574487
1918,48.94736842105263,70.57894736842105,70.57894736842105,36.578947368421055,53.05263157894737,1027.8947368421052,1482.157894736842,370.5394736842105,2117.960526315789,0.06280330062444246,0.35897636039250663
1919,52.421052631578945,74.3157894736842,74.3157894736842,36.578947368421055,60.31578947368421,1100.842105263158,1560.6315789473683,390.1578947368421,2261.5894736842106,0.06612845673505797,0.38332024977698487
1920,47.73684210526316,74.52631578947368,74.52631578947368,37.578947368421055,58.473684210526315,1002.4736842105264,1565.0526315789473,391.2631578947368,2095.4684210526316,0.0663157894736842,0.355164139161463
1921,44.36842105263158,81.21052631578948,81.21052631578948,41.21052631578947,49.73684210526316,931.7368421052632,1705.4210526315792,426.3552631578948,2010.3078947368422,0.07226360392506692,0.34073015165031223
1922,47.78947368421053,81.94736842105263,81.94736842105263,40.8421052631579,56.578947368421055,1003.578947368421,1720.8947368421052,430.2236842105263,2136.307894736842,0.07291926851025869,0.36208608385370206
1923,46.73684210526316,74.73684210526316,74.73684210526316,36.578947368421055,54.63157894736842,981.4736842105264,1569.4736842105265,392.3684210526316,2060.8736842105263,0.06650312221231044,0.34930062444246207
1924,55.63157894736842,78.89473684210526,78.89473684210526,38.94736842105263,64.52631578947368,1168.2631578947369,1656.7894736842104,414.1973684210526,2400.2447368421053,0.07020294380017841,0.40682114183764495
1925,50.26315789473684,71.36842105263158,71.36842105263158,37.73684210526316,55.73684210526316,1055.5263157894738,1498.7368421052631,374.6842105263158,2169.0789473684213,0.06350579839429081,0.3676404995539697
1926,60.94736842105263,73.47368421052632,73.47368421052632,36.10526315789474,65.73684210526316,1279.8947368421052,1542.9473684210527,385.7368421052632,2561.557894736842,0.06537912578055308,0.4341623550401427
1927,56.10526315789474,79.47368421052632,79.47368421052632,39.10526315789474,62.89473684210526,1178.2105263157896,1668.9473684210527,417.2368421052632,2420.1947368421056,0.07071810883140053,0.4102024977698484
1928,49.8421052631579,76.47368421052632,76.47368421052632,38.89473684210526,58.89473684210526,1046.6842105263158,1605.9473684210527,401.4868421052632,2180.85,0.0680486173059768,0.36963559322033895
1929,56.8421052631579,73.89473684210526,73.89473684210526,35.78947368421053,69.21052631578948,1193.6842105263158,1551.7894736842104,387.9473684210526,2417.2105263157896,0.06575379125780552,0.4096966993755576
1930,52.21052631578947,74.94736842105263,74.94736842105263,37.26315789473684,59.31578947368421,1096.421052631579,1573.8947368421052,393.4736842105263,2257.3894736842103,0.06669045495093666,0.38260838537020514
1931,53.68421052631579,75.89473684210526,75.89473684210526,38.68421052631579,68.78947368421052,1127.3684210526314,1593.7894736842104,398.4473684210526,2314.973684210526,0.06753345227475469,0.3923684210526315
1932,60.0,73.36842105263158,73.36842105263158,35.73684210526316,72.10526315789474,1260.0,1540.7368421052631,385.1842105263158,2527.184210526316,0.06528545941123996,0.4283363068688671
1933,53.10526315789474,77.89473684210526,77.89473684210526,39.473684210526315,54.526315789473685,1115.2105263157896,1635.7894736842104,408.9473684210526,2304.805263157895,0.06931311329170384,0.3906449598572703
1934,52.78947368421053,72.94736842105263,72.94736842105263,36.89473684210526,66.36842105263158,1108.578947368421,1531.8947368421052,382.9736842105263,2267.557894736842,0.0649107939339875,0.38433184656556646
1935,55.36842105263158,78.63157894736842,78.63157894736842,39.94736842105263,59.578947368421055,1162.7368421052631,1651.2631578947369,412.8157894736842,2389.4684210526316,0.06996877787689564,0.40499464763603926
1936,50.05263157894737,72.94736842105263,72.94736842105263,35.63157894736842,59.78947368421053,1051.1052631578948,1531.8947368421052,382.9736842105263,2169.8526315789472,0.0649107939339875,0.367771632471008
1937,54.31578947368421,74.42105263157895,74.42105263157895,39.10526315789474,58.94736842105263,1140.6315789473686,1562.842105263158,390.7105263157895,2329.7842105263157,0.0662221231043711,0.394878679750223
1938,43.78947368421053,78.36842105263158,78.36842105263158,39.26315789473684,53.68421052631579,919.578947368421,1645.7368421052631,411.4342105263158,1974.7184210526316,0.06973461195361284,0.33469803746654775
1939,52.73684210526316,78.36842105263158,78.36842105263158,39.05263157894737,62.10526315789474,1107.4736842105262,1645.7368421052631,411.4342105263158,2294.1394736842103,0.06973461195361284,0.3888371989295272
1940,52.0,78.52631578947368,78.52631578947368,38.21052631578947,61.526315789473685,1092.0,1649.0526315789473,412.2631578947368,2268.6631578947367,0.06987511150758251,0.38451917930419266
1941,47.10526315789474,69.42105263157895,69.42105263157895,34.78947368421053,51.73684210526316,989.2105263157896,1457.842105263158,364.4605263157895,2046.1184210526317,0.061772970561998215,0.346799732381802
1942,49.63157894736842,74.73684210526316,74.73684210526316,36.31578947368421,52.0,1042.2631578947369,1569.4736842105265,392.3684210526316,2164.2157894736843,0.06650312221231044,0.36681623550401427
1943,54.78947368421053,70.36842105263158,70.36842105263158,35.10526315789474,57.89473684210526,1150.578947368421,1477.7368421052631,369.4342105263158,2325.4184210526314,0.06261596788581623,0.3941387154326494
1944,53.31578947368421,82.15789473684211,82.15789473684211,41.21052631578947,67.05263157894737,1119.6315789473686,1725.3157894736844,431.3289473684211,2334.7026315789476,0.07310660124888493,0.39571231043710975
1945,50.10526315789474,72.6842105263158,72.6842105263158,36.94736842105263,60.473684210526315,1052.2105263157896,1526.3684210526317,381.5921052631579,2170.3500000000004,0.06467662801070473,0.3678559322033899
1946,58.526315789473685,85.57894736842105,85.57894736842105,41.63157894736842,76.6842105263158,1229.0526315789473,1797.157894736842,449.2894736842105,2538.6789473684207,0.0761507582515611,0.4302845673505798
1947,49.94736842105263,71.57894736842105,71.57894736842105,36.36842105263158,61.526315789473685,1048.8947368421052,1503.157894736842,375.7894736842105,2158.9105263157894,0.06369313113291704,0.3659170383586084
1948,55.89473684210526,75.63157894736842,75.63157894736842,36.68421052631579,65.0,1173.7894736842104,1588.2631578947369,397.0657894736842,2392.507894736842,0.06729928635147191,0.4055098126672613
1949,53.31578947368421,82.42105263157895,82.42105263157895,41.421052631578945,56.63157894736842,1119.6315789473686,1730.842105263158,432.7105263157895,2336.084210526316,0.07334076717216771,0.39594647636039254
1950,51.473684210526315,72.52631578947368,72.52631578947368,38.05263157894737,54.473684210526315,1080.9473684210527,1523.0526315789473,380.7631578947368,2218.3736842105263,0.06453612845673505,0.37599553969669935
1951,46.78947368421053,73.0,73.0,37.0,55.578947368421055,982.578947368421,1533.0,383.25,2053.6342105263157,0.06495762711864407,0.3480735950044603
1952,51.21052631578947,73.52631578947368,73.52631578947368,37.31578947368421,55.36842105263158,1075.421052631579,1544.0526315789473,386.0131578947368,2214.228947368421,0.06542595896520963,0.375293041926851
1953,56.31578947368421,72.47368421052632,72.47368421052632,36.578947368421055,66.10526315789474,1182.6315789473686,1521.9473684210527,380.4868421052632,2390.9605263157896,0.0644892952720785,0.4052475468331847
1954,48.05263157894737,76.6842105263158,76.6842105263158,39.0,53.31578947368421,1009.1052631578948,1610.3684210526317,402.5921052631579,2118.071052631579,0.06823595004460303,0.3589950936663693
1955,55.73684210526316,80.21052631578948,80.21052631578948,38.578947368421055,65.42105263157895,1170.4736842105262,1684.4210526315792,421.1052631578948,2410.9105263157894,0.07137377341659233,0.40862890276538805
1956,42.89473684210526,88.6842105263158,88.6842105263158,43.31578947368421,48.10526315789474,900.7894736842104,1862.3684210526317,465.5921052631579,1996.9342105263156,0.07891391614629795,0.33846342551293485
1957,59.73684210526316,71.15789473684211,71.15789473684211,34.26315789473684,69.78947368421052,1254.4736842105262,1494.3157894736844,373.5789473684211,2506.184210526316,0.0633184656556646,0.4247769848349688
1958,58.63157894736842,68.73684210526316,68.73684210526316,35.36842105263158,64.26315789473684,1231.2631578947369,1443.4736842105265,360.8684210526316,2454.0157894736844,0.06116413916146299,0.4159348795718109
1959,49.36842105263158,83.15789473684211,83.15789473684211,41.63157894736842,59.94736842105263,1036.7368421052631,1746.3157894736844,436.5789473684211,2199.0315789473684,0.07399643175735951,0.37271721677074043
1960,51.63157894736842,75.3157894736842,75.3157894736842,38.26315789473684,59.68421052631579,1084.2631578947369,1581.6315789473683,395.4078947368421,2238.6552631578948,0.06701828724353255,0.37943309545049064
1961,44.526315789473685,85.21052631578948,85.21052631578948,43.31578947368421,53.36842105263158,935.0526315789474,1789.4210526315792,447.3552631578948,2036.9447368421054,0.07582292595896523,0.3452448706512043
1962,53.89473684210526,77.26315789473684,77.26315789473684,37.21052631578947,61.05263157894737,1131.7894736842104,1622.5263157894735,405.6315789473684,2329.673684210526,0.06875111507582515,0.39485994647636036
1963,51.36842105263158,77.47368421052632,77.47368421052632,39.26315789473684,67.21052631578948,1078.7368421052631,1626.9473684210527,406.7368421052632,2240.5894736842106,0.06893844781445138,0.37976092774308656
1964,53.10526315789474,81.57894736842105,81.57894736842105,41.578947368421055,61.26315789473684,1115.2105263157896,1713.157894736842,428.2894736842105,2324.1473684210528,0.0725914362176628,0.3939232827832293
1965,55.1578947368421,77.63157894736842,77.63157894736842,39.68421052631579,61.526315789473685,1158.3157894736842,1630.2631578947369,407.5657894736842,2376.702631578947,0.06907894736842106,0.4028309545049063
1966,50.68421052631579,71.84210526315789,71.84210526315789,35.526315789473685,64.63157894736842,1064.3684210526314,1508.6842105263156,377.1710526315789,2186.597368421052,0.06392729705619982,0.37060972346119525
1967,51.05263157894737,73.10526315789474,73.10526315789474,37.473684210526315,53.26315789473684,1072.1052631578948,1535.2105263157896,383.8026315789474,2206.3815789473683,0.06505129348795718,0.3739629794826048
1968,60.05263157894737,76.26315789473684,76.26315789473684,38.421052631578945,73.05263157894737,1261.1052631578948,1601.5263157894735,400.3815789473684,2544.2605263157893,0.06786128456735058,0.43123059768064226
1969,52.78947368421053,80.6842105263158,80.6842105263158,41.578947368421055,62.31578947368421,1108.578947368421,1694.3684210526317,423.5921052631579,2308.176315789474,0.07179527207850134,0.39121632471008033
1970,48.73684210526316,83.15789473684211,83.15789473684211,41.94736842105263,53.0,1023.4736842105264,1746.3157894736844,436.5789473684211,2176.484210526316,0.07399643175735951,0.36889562890276545
1971,43.89473684210526,83.94736842105263,83.94736842105263,44.578947368421055,50.78947368421053,921.7894736842104,1762.8947368421052,440.7236842105263,2007.765789473684,0.07469892952720784,0.3402992863514719
1972,57.421052631578945,82.05263157894737,82.05263157894737,39.73684210526316,60.0,1205.842105263158,1723.1052631578948,430.7763157894737,2480.7078947368423,0.07301293487957182,0.42045896520963427
1973,46.31578947368421,77.26315789473684,77.26315789473684,38.68421052631579,58.73684210526316,972.6315789473684,1622.5263157894735,405.6315789473684,2059.1052631578946,0.06875111507582515,0.3490008920606601
1974,51.526315789473685,64.63157894736842,64.63157894736842,32.1578947368421,61.78947368421053,1082.0526315789473,1357.2631578947369,339.3157894736842,2178.8052631578944,0.05751115075825156,0.3692890276538804
1975,43.421052631578945,83.84210526315789,83.84210526315789,42.578947368421055,49.10526315789474,911.8421052631578,1760.6842105263156,440.1710526315789,1990.3026315789473,0.07460526315789473,0.33733942908117753
1976,48.05263157894737,84.15789473684211,84.15789473684211,42.94736842105263,51.26315789473684,1009.1052631578948,1767.3157894736844,441.8289473684211,2157.307894736842,0.07488626226583409,0.36564540588760036
1977,48.26315789473684,80.26315789473684,80.26315789473684,40.78947368421053,55.94736842105263,1013.5263157894736,1685.5263157894735,421.3815789473684,2144.3763157894737,0.07142060660124888,0.3634536128456735
1978,46.73684210526316,72.73684210526316,72.73684210526316,37.36842105263158,52.94736842105263,981.4736842105264,1527.4736842105265,381.8684210526316,2050.3736842105263,0.06472346119536129,0.3475209634255129
1979,55.05263157894737,74.6842105263158,74.6842105263158,37.0,69.0,1156.1052631578948,1568.3684210526317,392.0921052631579,2357.471052631579,0.06645628902765388,0.39957136485281
1980,56.36842105263158,70.36842105263158,70.36842105263158,34.94736842105263,63.526315789473685,1183.7368421052631,1477.7368421052631,369.4342105263158,2381.786842105263,0.06261596788581623,0.40369268510258693
1981,46.68421052631579,79.78947368421052,79.78947368421052,40.578947368421055,54.36842105263158,980.3684210526316,1675.5789473684208,418.8947368421052,2085.5210526315786,0.07099910793933986,0.35347814451382686
1982,55.1578947368421,82.6842105263158,82.6842105263158,38.36842105263158,70.3157894736842,1158.3157894736842,1736.3684210526317,434.0921052631579,2403.228947368421,0.07357493309545049,0.4073269402319357
1983,55.0,80.3157894736842,80.3157894736842,39.31578947368421,71.36842105263158,1155.0,1686.6315789473683,421.6578947368421,2385.157894736842,0.07146743978590543,0.40426404995539694
1984,50.8421052631579,71.26315789473684,71.26315789473684,36.26315789473684,56.94736842105263,1067.6842105263158,1496.5263157894735,374.1315789473684,2189.194736842105,0.0634121320249777,0.371049955396967
1985,43.05263157894737,74.84210526315789,74.84210526315789,38.421052631578945,48.05263157894737,904.1052631578948,1571.6842105263156,392.9210526315789,1929.9,0.06659678858162354,0.32710169491525426
1986,54.05263157894737,70.6842105263158,70.6842105263158,37.26315789473684,53.421052631578945,1135.1052631578948,1484.3684210526317,371.0921052631579,2300.771052631579,0.06289696699375558,0.3899611953612846
1987,55.31578947368421,76.78947368421052,76.78947368421052,38.526315789473685,66.15789473684211,1161.6315789473686,1612.5789473684208,403.1447368421052,2377.918421052632,0.06832961641391613,0.4030370205173952
1988,54.63157894736842,72.42105263157895,72.42105263157895,37.31578947368421,59.68421052631579,1147.2631578947369,1520.842105263158,380.2105263157895,2330.557894736842,0.06444246208742195,0.3950098126672614
1989,45.31578947368421,72.6842105263158,72.6842105263158,35.8421052631579,58.36842105263158,951.6315789473684,1526.3684210526317,381.5921052631579,1999.3657894736841,0.06467662801070473,0.33887555753791254
1990,56.1578947368421,65.89473684210526,65.89473684210526,31.894736842105264,65.15789473684211,1179.3157894736842,1383.7894736842104,345.9473684210526,2350.7842105263157,0.05863514719000892,0.3984380017841213
1991,50.73684210526316,72.63157894736842,72.63157894736842,36.421052631578945,62.21052631578947,1065.4736842105262,1525.2631578947369,381.3157894736842,2192.621052631579,0.06462979482604818,0.3716306868867083
1992,44.78947368421053,72.63157894736842,72.63157894736842,38.21052631578947,50.94736842105263,940.578947368421,1525.2631578947369,381.3157894736842,1980.3,0.06462979482604818,0.33564406779661016
1993,53.1578947368421,78.26315789473684,78.26315789473684,38.8421052631579,63.10526315789474,1116.3157894736842,1643.5263157894735,410.8815789473684,2308.6184210526317,0.06964094558429973,0.3912912578055308
1994,52.26315789473684,78.57894736842105,78.57894736842105,37.473684210526315,58.473684210526315,1097.5263157894738,1650.157894736842,412.5394736842105,2278.334210526316,0.06992194469223907,0.3861583407671722
1995,50.526315789473685,79.0,79.0,40.05263157894737,65.10526315789474,1061.0526315789473,1659.0,414.75,2218.5394736842104,0.07029661016949153,0.3760236396074933
1996,58.36842105263158,75.10526315789474,75.10526315789474,35.26315789473684,66.21052631578948,1225.7368421052631,1577.2105263157896,394.3026315789474,2478.055263157895,0.06683095450490634,0.42000936663693134
1997,49.05263157894737,76.52631578947368,76.52631578947368,39.578947368421055,56.21052631578947,1030.1052631578948,1607.0526315789473,401.7631578947368,2152.942105263158,0.06809545049063336,0.36490544157002675
1998,52.526315789473685,72.94736842105263,72.94736842105263,36.8421052631579,58.94736842105263,1103.0526315789473,1531.8947368421052,382.9736842105263,2258.1631578947367,0.0649107939339875,0.3827395182872435
1999,53.94736842105263,86.47368421052632,86.47368421052632,43.473684210526315,67.84210526315789,1132.8947368421052,1815.9473684210527,453.9868421052632,2379.907894736842,0.07694692239072257,0.40337421944692237
2000,48.36842105263158,76.42105263157895,76.42105263157895,37.05263157894737,53.0,1015.7368421052632,1604.842105263158,401.2105263157895,2127.963157894737,0.06800178412132026,0.36067172167707406
2001,52.1578947368421,78.63157894736842,78.63157894736842,40.68421052631579,62.21052631578947,1095.3157894736842,1651.2631578947369,412.8157894736842,2274.8526315789472,0.06996877787689564,0.38556824264049955
2002,54.31578947368421,71.0,71.0,35.36842105263158,56.8421052631579,1140.6315789473686,1491.0,372.75,2311.823684210526,0.06317796610169492,0.3918345227475468
2003,52.89473684210526,79.63157894736842,79.63157894736842,39.578947368421055,61.473684210526315,1110.7894736842104,1672.2631578947369,418.0657894736842,2306.407894736842,0.07085860838537021,0.3909165923282783
2004,49.05263157894737,92.52631578947368,92.52631578947368,45.73684210526316,60.0,1030.1052631578948,1943.0526315789473,485.7631578947368,2236.942105263158,0.08233273862622657,0.37914272970561996
2005,56.421052631578945,80.10526315789474,80.10526315789474,40.0,71.0,1184.842105263158,1682.2105263157896,420.5526315789474,2434.7842105263157,0.07128010704727922,0.4126752899197145
2006,47.89473684210526,84.52631578947368,84.52631578947368,42.8421052631579,50.78947368421053,1005.7894736842104,1775.0526315789473,443.7631578947368,2153.6052631578946,0.07521409455842996,0.36501784121320247
2007,48.1578947368421,72.63157894736842,72.63157894736842,36.78947368421053,60.94736842105263,1011.3157894736842,1525.2631578947369,381.3157894736842,2100.5526315789475,0.06462979482604818,0.35602586975914363
2008,51.68421052631579,75.57894736842105,75.57894736842105,36.89473684210526,61.473684210526315,1085.3684210526314,1587.157894736842,396.7894736842105,2241.915789473684,0.06725245316681534,0.379985727029438
2009,55.36842105263158,73.15789473684211,73.15789473684211,35.94736842105263,66.57894736842105,1162.7368421052631,1536.3157894736844,384.0789473684211,2360.7315789473682,0.06509812667261375,0.40012399643175733
2010,50.36842105263158,81.15789473684211,81.15789473684211,40.63157894736842,61.473684210526315,1057.7368421052631,1704.3157894736844,426.0789473684211,2224.2315789473682,0.07221677074041036,0.37698840321141835
2011,61.05263157894737,73.3157894736842,73.3157894736842,36.0,75.42105263157895,1282.1052631578948,1539.6315789473683,384.9078947368421,2564.4868421052633,0.0652386262265834,0.43465878679750225
2012,49.473684210526315,75.26315789473684,75.26315789473684,37.8421052631579,61.1578947368421,1038.9473684210527,1580.5263157894735,395.1315789473684,2161.342105263158,0.066971454058876,0.3663291703835861
2013,52.473684210526315,81.78947368421052,81.78947368421052,41.0,61.36842105263158,1101.9473684210527,1717.5789473684208,429.3947368421052,2302.7052631578945,0.07277876895628901,0.3902890276538804
2014,49.31578947368421,78.6842105263158,78.6842105263158,38.526315789473685,51.26315789473684,1035.6315789473686,1652.3684210526317,413.0921052631579,2173.6657894736845,0.07001561106155219,0.36841793041926857
2015,54.78947368421053,76.26315789473684,76.26315789473684,37.0,67.47368421052632,1150.578947368421,1601.5263157894735,400.3815789473684,2356.3657894736843,0.06786128456735058,0.3993840321141838
2016,55.26315789473684,79.89473684210526,79.89473684210526,39.68421052631579,67.73684210526316,1160.5263157894738,1677.7894736842104,419.4473684210526,2392.342105263158,0.07109277430865299,0.40548171275646744
2017,49.36842105263158,66.26315789473684,66.26315789473684,34.68421052631579,57.526315789473685,1036.7368421052631,1391.5263157894735,347.8815789473684,2110.3342105263155,0.05896297948260481,0.35768376449598566
2018,60.94736842105263,82.73684210526316,82.73684210526316,40.26315789473684,70.6842105263158,1279.8947368421052,1737.4736842105265,434.3684210526316,2610.1894736842105,0.07362176628010705,0.4424049955396967
2019,55.94736842105263,68.42105263157895,68.42105263157895,35.10526315789474,61.68421052631579,1174.8947368421052,1436.842105263158,359.2105263157895,2356.5315789473684,0.06088314005352364,0.3994121320249777
2020,53.578947368421055,74.89473684210526,74.89473684210526,37.421052631578945,65.57894736842105,1125.157894736842,1572.7894736842104,393.1973684210526,2305.9657894736843,0.0666436217662801,0.3908416592328278
2021,60.0,69.0,69.0,32.526315789473685,73.0,1260.0,1449.0,362.25,2504.25,0.06139830508474576,0.42444915254237287
2022,50.0,72.73684210526316,72.73684210526316,35.78947368421053,63.0,1050.0,1527.4736842105265,381.8684210526316,2166.8684210526317,0.06472346119536129,0.36726583407671726
2023,56.0,69.78947368421052,69.78947368421052,34.36842105263158,68.15789473684211,1176.0,1465.5789473684208,366.3947368421052,2365.5947368421052,0.0621008028545941,0.4009482604817128
2024,56.63157894736842,84.57894736842105,84.57894736842105,41.78947368421053,62.578947368421055,1189.2631578947369,1776.157894736842,444.0394736842105,2465.786842105263,0.07526092774308653,0.4179299732381802
2025,45.8421052631579,87.6842105263158,87.6842105263158,43.78947368421053,49.578947368421055,962.6842105263158,1841.3684210526317,460.3421052631579,2096.9052631578948,0.07802408563782337,0.3554076717216771
2026,58.89473684210526,85.78947368421052,85.78947368421052,42.89473684210526,69.52631578947368,1236.7894736842104,1801.5789473684208,450.3947368421052,2552.936842105263,0.07633809099018732,0.43270115967885814
2027,53.89473684210526,73.73684210526316,73.73684210526316,37.0,67.47368421052632,1131.7894736842104,1548.4736842105265,387.1184210526316,2311.1605263157894,0.06561329170383587,0.3917221231043711
2028,52.68421052631579,71.89473684210526,71.89473684210526,36.421052631578945,60.421052631578945,1106.3684210526314,1509.7894736842104,377.4473684210526,2258.273684210526,0.06397413024085637,0.3827582515611061
2029,57.26315789473684,76.47368421052632,76.47368421052632,38.63157894736842,64.26315789473684,1202.5263157894738,1605.9473684210527,401.4868421052632,2445.7815789473684,0.0680486173059768,0.4145392506690455
2030,54.473684210526315,71.84210526315789,71.84210526315789,36.94736842105263,56.78947368421053,1143.9473684210527,1508.6842105263156,377.1710526315789,2321.8815789473683,0.06392729705619982,0.3935392506690455
2031,49.526315789473685,73.6842105263158,73.6842105263158,37.10526315789474,62.63157894736842,1040.0526315789473,1547.3684210526317,386.8421052631579,2154.9315789473685,0.0655664585191793,0.36524264049955396
2032,57.26315789473684,71.84210526315789,71.84210526315789,36.578947368421055,69.0,1202.5263157894738,1508.6842105263156,377.1710526315789,2421.4657894736843,0.06392729705619982,0.4104179304192685
2033,54.78947368421053,69.42105263157895,69.42105263157895,35.68421052631579,57.8421052631579,1150.578947368421,1457.842105263158,364.4605263157895,2320.444736842105,0.061772970561998215,0.3932957181088314
2034,49.8421052631579,77.84210526315789,77.84210526315789,39.31578947368421,51.68421052631579,1046.6842105263158,1634.6842105263156,408.6710526315789,2188.0342105263157,0.06926628010704727,0.37085325602140945
2035,48.94736842105263,81.6842105263158,81.6842105263158,41.578947368421055,59.1578947368421,1027.8947368421052,1715.3684210526317,428.8421052631579,2176.2631578947367,0.07268510258697591,0.3688581623550401
2036,55.36842105263158,74.78947368421052,74.78947368421052,35.89473684210526,67.63157894736842,1162.7368421052631,1570.5789473684208,392.6447368421052,2369.2973684210524,0.06654995539696698,0.40157582515611057
2037,63.8421052631579,76.57894736842105,76.57894736842105,39.421052631578945,78.15789473684211,1340.6842105263158,1608.157894736842,402.0394736842105,2681.202631578947,0.06814228367528992,0.4544411239964317
2038,48.73684210526316,87.26315789473684,87.26315789473684,45.421052631578945,51.526315789473685,1023.4736842105264,1832.5263157894735,458.1315789473684,2198.036842105263,0.07764942016057091,0.37254861730597677
2039,42.31578947368421,85.21052631578948,85.21052631578948,43.89473684210526,51.21052631578947,888.6315789473684,1789.4210526315792,447.3552631578948,1958.028947368421,0.07582292595896523,0.3318693131132917
2040,50.94736842105263,74.42105263157895,74.42105263157895,37.26315789473684,57.8421052631579,1069.8947368421052,1562.842105263158,390.7105263157895,2209.5315789473684,0.0662221231043711,0.3744968777876896
2041,45.26315789473684,85.6842105263158,85.6842105263158,43.421052631578945,51.63157894736842,950.5263157894736,1799.3684210526317,449.8421052631579,2065.7368421052633,0.07624442462087422,0.3501248884924175
2042,48.89473684210526,87.15789473684211,87.15789473684211,44.0,56.68421052631579,1026.7894736842104,1830.3157894736844,457.5789473684211,2203.121052631579,0.07755575379125781,0.37341034790365746
2043,57.578947368421055,66.05263157894737,66.05263157894737,32.526315789473685,63.78947368421053,1209.157894736842,1387.1052631578948,346.7763157894737,2402.3447368421052,0.058775646743978595,0.4071770740410348
2044,52.21052631578947,78.0,78.0,40.10526315789474,54.94736842105263,1096.421052631579,1638.0,409.5,2273.415789473684,0.06940677966101695,0.38532471008028546
2045,53.473684210526315,80.94736842105263,80.94736842105263,40.63157894736842,64.84210526315789,1122.9473684210527,1699.8947368421052,424.9736842105263,2333.984210526316,0.07202943800178412,0.39559054415700273
2046,55.36842105263158,75.89473684210526,75.89473684210526,37.26315789473684,72.10526315789474,1162.7368421052631,1593.7894736842104,398.4473684210526,2375.1,0.06753345227475469,0.40255932203389827
2047,54.578947368421055,73.57894736842105,73.57894736842105,36.68421052631579,67.15789473684211,1146.157894736842,1545.157894736842,386.2894736842105,2334.757894736842,0.06547279214986619,0.395721677074041
2048,54.05263157894737,71.73684210526316,71.73684210526316,37.578947368421055,56.8421052631579,1135.1052631578948,1506.4736842105265,376.6184210526316,2306.297368421053,0.06383363068688672,0.39089785905441576
2049,50.10526315789474,74.84210526315789,74.84210526315789,36.21052631578947,67.05263157894737,1052.2105263157896,1571.6842105263156,392.9210526315789,2181.678947368421,0.06659678858162354,0.3697760927743087
2050,47.526315789473685,86.0,86.0,42.526315789473685,53.68421052631579,998.0526315789474,1806.0,451.5,2148.1894736842105,0.07652542372881356,0.364099910793934
2051,56.10526315789474,76.0,76.0,38.31578947368421,60.68421052631579,1178.2105263157896,1596.0,399.0,2401.9578947368423,0.0676271186440678,0.40711150758251563
2052,52.26315789473684,76.36842105263158,76.36842105263158,38.10526315789474,65.94736842105263,1097.5263157894738,1603.7368421052631,400.9342105263158,2266.728947368421,0.06795495093666369,0.38419134701159674
2053,44.473684210526315,90.94736842105263,90.94736842105263,46.63157894736842,52.473684210526315,933.9473684210526,1909.8947368421052,477.4736842105263,2065.184210526316,0.08092774308652988,0.3500312221231044
2054,44.26315789473684,83.15789473684211,83.15789473684211,43.21052631578947,52.36842105263158,929.5263157894736,1746.3157894736844,436.5789473684211,2016.7736842105262,0.07399643175735951,0.34182604817127565
2055,50.94736842105263,73.36842105263158,73.36842105263158,36.73684210526316,56.31578947368421,1069.8947368421052,1540.7368421052631,385.1842105263158,2204.0052631578947,0.06528545941123996,0.3735602140945584
2056,50.0,82.47368421052632,82.47368421052632,42.31578947368421,54.73684210526316,1050.0,1731.9473684210527,432.9868421052632,2217.9868421052633,0.07338760035682426,0.3759299732381802
2057,51.78947368421053,79.36842105263158,79.36842105263158,38.68421052631579,64.6842105263158,1087.578947368421,1666.7368421052631,416.6842105263158,2265.5684210526315,0.07062444246208742,0.38399464763603924
2058,51.05263157894737,65.42105263157895,65.42105263157895,32.473684210526315,57.68421052631579,1072.1052631578948,1373.842105263158,343.4605263157895,2166.0394736842104,0.05821364852809991,0.36712533452274754
2059,50.1578947368421,76.0,76.0,39.05263157894737,55.68421052631579,1053.3157894736842,1596.0,399.0,2189.636842105263,0.0676271186440678,0.3711248884924175
2060,43.68421052631579,77.73684210526316,77.73684210526316,40.421052631578945,51.421052631578945,917.3684210526316,1632.4736842105265,408.1184210526316,1967.6447368421052,0.06917261373773417,0.33349910793933984
2061,48.21052631578947,75.6842105263158,75.6842105263158,37.36842105263158,56.0,1012.421052631579,1589.3684210526317,397.3421052631579,2118.457894736842,0.06734611953612846,0.35906066012488846
2062,52.73684210526316,76.89473684210526,76.89473684210526,40.05263157894737,59.21052631578947,1107.4736842105262,1614.7894736842104,403.6973684210526,2286.402631578947,0.06842328278322926,0.38752586975914355
2063,51.1578947368421,67.57894736842105,67.57894736842105,34.63157894736842,60.05263157894737,1074.3157894736842,1419.157894736842,354.7894736842105,2181.1263157894737,0.060133809099018734,0.36968242640499555
2064,61.578947368421055,69.84210526315789,69.84210526315789,34.421052631578945,75.10526315789474,1293.157894736842,1466.6842105263156,366.6710526315789,2565.0394736842104,0.062147636039250664,0.4347524531668153
2065,59.05263157894737,83.57894736842105,83.57894736842105,40.8421052631579,71.84210526315789,1240.1052631578948,1755.157894736842,438.7894736842105,2546.9684210526316,0.07437109723461195,0.43168956289027655
2066,58.421052631578945,73.78947368421052,73.78947368421052,37.21052631578947,61.578947368421055,1226.842105263158,1549.5789473684208,387.3947368421052,2473.0263157894733,0.0656601248884924,0.4191570026761819
2067,47.05263157894737,73.94736842105263,73.94736842105263,36.473684210526315,51.421052631578945,988.1052631578948,1552.8947368421052,388.2236842105263,2068.0026315789473,0.06580062444246208,0.3505089206066012
2068,49.68421052631579,82.42105263157895,82.42105263157895,42.94736842105263,59.21052631578947,1043.3684210526314,1730.842105263158,432.7105263157895,2206.4368421052627,0.07334076717216771,0.37397234611953606
2069,48.05263157894737,74.42105263157895,74.42105263157895,37.36842105263158,58.68421052631579,1009.1052631578948,1562.842105263158,390.7105263157895,2106.1894736842105,0.0662221231043711,0.3569812667261374
2070,56.1578947368421,80.36842105263158,80.36842105263158,38.21052631578947,63.36842105263158,1179.3157894736842,1687.7368421052631,421.9342105263158,2426.7710526315786,0.071514272970562,0.41131712756467437
2071,60.578947368421055,72.84210526315789,72.84210526315789,34.526315789473685,72.47368421052632,1272.157894736842,1529.6842105263156,382.4210526315789,2545.08947368421,0.06481712756467439,0.43137109723461187
2072,57.1578947368421,72.42105263157895,72.42105263157895,36.68421052631579,59.94736842105263,1200.3157894736842,1520.842105263158,380.2105263157895,2420.7473684210527,0.06444246208742195,0.4102961641391615
2073,56.421052631578945,69.15789473684211,69.15789473684211,34.63157894736842,67.63157894736842,1184.842105263158,1452.3157894736844,363.0789473684211,2377.3105263157895,0.06153880463871544,0.4029339875111508
2074,56.89473684210526,90.10526315789474,90.10526315789474,42.63157894736842,67.3157894736842,1194.7894736842104,1892.2105263157896,473.0526315789474,2504.194736842105,0.08017841213202498,0.42443978590544157
2075,55.73684210526316,84.73684210526316,84.73684210526316,42.89473684210526,71.6842105263158,1170.4736842105262,1779.4736842105265,444.8684210526316,2434.673684210526,0.0754014272970562,0.4126565566458519
2076,50.578947368421055,69.42105263157895,69.42105263157895,35.21052631578947,55.89473684210526,1062.157894736842,1457.842105263158,364.4605263157895,2170.128947368421,0.061772970561998215,0.36781846565566456
2077,49.73684210526316,81.57894736842105,81.57894736842105,40.73684210526316,56.05263157894737,1044.4736842105262,1713.157894736842,428.2894736842105,2203.894736842105,0.0725914362176628,0.37354148082069577
2078,44.94736842105263,75.47368421052632,75.47368421052632,38.8421052631579,55.473684210526315,943.8947368421052,1584.9473684210527,396.2368421052632,2000.857894736842,0.06715878679750223,0.3391284567350579
2079,50.31578947368421,77.73684210526316,77.73684210526316,38.578947368421055,56.421052631578945,1056.6315789473686,1632.4736842105265,408.1184210526316,2204.392105263158,0.06917261373773417,0.37362578055307766
2080,49.26315789473684,70.26315789473684,70.26315789473684,36.36842105263158,62.0,1034.5263157894738,1475.5263157894735,368.8815789473684,2127.576315789474,0.06252230151650312,0.3606061552185549
2081,47.8421052631579,79.21052631578948,79.21052631578948,40.05263157894737,49.63157894736842,1004.6842105263158,1663.4210526315792,415.8552631578948,2123.8184210526315,0.07048394290811776,0.3599692239072257
2082,59.526315789473685,76.84210526315789,76.84210526315789,35.94736842105263,74.89473684210526,1250.0526315789473,1613.6842105263156,403.4210526315789,2528.510526315789,0.0683764495985727,0.4285611061552185
2083,44.94736842105263,81.3157894736842,81.3157894736842,41.73684210526316,59.10526315789474,943.8947368421052,1707.6315789473683,426.9078947368421,2031.5289473684209,0.07235727029438001,0.3443269402319357
2084,45.78947368421053,80.42105263157895,80.42105263157895,40.8421052631579,53.473684210526315,961.578947368421,1688.842105263158,422.2105263157895,2056.8947368421054,0.07156110615521856,0.3486262265834077
2085,50.0,74.42105263157895,74.42105263157895,37.31578947368421,57.68421052631579,1050.0,1562.842105263158,390.7105263157895,2175.7105263157896,0.0662221231043711,0.368764495985727
2086,53.8421052631579,66.57894736842105,66.57894736842105,33.63157894736842,54.473684210526315,1130.6842105263158,1398.157894736842,349.5394736842105,2271.7026315789476,0.05924397859054416,0.38503434433541484
2087,49.36842105263158,85.63157894736842,85.63157894736842,42.73684210526316,59.63157894736842,1036.7368421052631,1798.2631578947369,449.5657894736842,2212.0184210526313,0.07619759143621767,0.3749183764495985
2088,63.26315789473684,72.42105263157895,72.42105263157895,35.68421052631579,72.84210526315789,1328.5263157894738,1520.842105263158,380.2105263157895,2638.705263157895,0.06444246208742195,0.4472381801962534
2089,52.36842105263158,73.57894736842105,73.57894736842105,36.8421052631579,60.78947368421053,1099.7368421052631,1545.157894736842,386.2894736842105,2255.842105263158,0.06547279214986619,0.38234611953612846
2090,57.26315789473684,67.78947368421052,67.78947368421052,34.10526315789474,64.36842105263158,1202.5263157894738,1423.5789473684208,355.8947368421052,2400.1894736842105,0.06032114183764495,0.40681177520071365
2091,52.31578947368421,81.57894736842105,81.57894736842105,40.68421052631579,61.473684210526315,1098.6315789473686,1713.157894736842,428.2894736842105,2295.963157894737,0.0725914362176628,0.3891462979482605
2092,56.421052631578945,67.94736842105263,67.94736842105263,32.421052631578945,65.36842105263158,1184.842105263158,1426.8947368421052,356.7236842105263,2370.955263157895,0.060461641391614626,0.40185682426405
2093,58.89473684210526,70.94736842105263,70.94736842105263,32.94736842105263,66.6842105263158,1236.7894736842104,1489.8947368421052,372.4736842105263,2475.015789473684,0.06313113291703835,0.41949420160570916
2094,45.94736842105263,87.0,87.0,44.10526315789474,53.89473684210526,964.8947368421052,1827.0,456.75,2097.071052631579,0.07741525423728814,0.355435771632471
2095,50.578947368421055,78.63157894736842,78.63157894736842,39.78947368421053,63.89473684210526,1062.157894736842,1651.2631578947369,412.8157894736842,2218.4842105263156,0.06996877787689564,0.37601427297056195
2096,52.1578947368421,73.78947368421052,73.78947368421052,38.05263157894737,53.31578947368421,1095.3157894736842,1549.5789473684208,387.3947368421052,2249.4315789473685,0.0656601248884924,0.38125958965209633
2097,52.68421052631579,80.0,80.0,39.78947368421053,63.10526315789474,1106.3684210526314,1680.0,420.0,2300.8263157894735,0.0711864406779661,0.38997056199821584
2098,55.578947368421055,71.10526315789474,71.10526315789474,36.73684210526316,55.578947368421055,1167.157894736842,1493.2105263157896,373.3026315789474,2357.471052631579,0.06327163247100803,0.39957136485281
2099,51.78947368421053,66.05263157894737,66.05263157894737,33.89473684210526,51.578947368421055,1087.578947368421,1387.1052631578948,346.7763157894737,2195.6605263157894,0.058775646743978595,0.3721458519179304
2100,52.73684210526316,75.47368421052632,75.47368421052632,38.31578947368421,62.1578947368421,1107.4736842105262,1584.9473684210527,396.2368421052632,2278.942105263158,0.06715878679750223,0.38626137377341657
2101,52.8421052631579,75.94736842105263,75.94736842105263,38.68421052631579,61.89473684210526,1109.6842105263158,1594.8947368421052,398.7236842105263,2285.186842105263,0.06758028545941124,0.38731980374665476
2102,51.89473684210526,74.05263157894737,74.05263157894737,37.26315789473684,59.473684210526315,1089.7894736842104,1555.1052631578948,388.7763157894737,2241.4184210526314,0.0658942908117752,0.37990142729705617
2103,48.05263157894737,72.36842105263158,72.36842105263158,36.78947368421053,53.05263157894737,1009.1052631578948,1519.7368421052631,379.9342105263158,2095.4131578947367,0.06439562890276539,0.35515477252453165
2104,49.473684210526315,76.10526315789474,76.10526315789474,37.421052631578945,53.78947368421053,1038.9473684210527,1598.2105263157896,399.5526315789474,2165.763157894737,0.06772078501338091,0.36707850133809106
2105,49.578947368421055,71.57894736842105,71.57894736842105,35.36842105263158,62.63157894736842,1041.157894736842,1503.157894736842,375.7894736842105,2145.757894736842,0.06369313113291704,0.36368777876895625
2106,40.21052631578947,88.94736842105263,88.94736842105263,47.1578947368421,52.10526315789474,844.421052631579,1867.8947368421052,466.9736842105263,1902.4894736842105,0.07914808206958072,0.3224558429973238
2107,58.0,65.05263157894737,65.05263157894737,33.26315789473684,60.05263157894737,1218.0,1366.1052631578948,341.5263157894737,2412.1263157894737,0.05788581623550402,0.4088349687778769
2108,52.63157894736842,76.26315789473684,76.26315789473684,37.10526315789474,58.10526315789474,1105.2631578947369,1601.5263157894735,400.3815789473684,2279.3289473684213,0.06786128456735058,0.3863269402319358
2109,59.68421052631579,81.6842105263158,81.6842105263158,39.73684210526316,70.05263157894737,1253.3684210526314,1715.3684210526317,428.8421052631579,2559.5684210526315,0.07268510258697591,0.4338251561106155
2110,56.36842105263158,88.57894736842105,88.57894736842105,44.578947368421055,60.68421052631579,1183.7368421052631,1860.157894736842,465.0394736842105,2477.3921052631576,0.07882024977698483,0.41989696699375556
2111,53.473684210526315,75.0,75.0,37.0,58.94736842105263,1122.9473684210527,1575.0,393.75,2302.7605263157893,0.06673728813559322,0.39029839429081176
2112,55.21052631578947,81.0,81.0,37.78947368421053,57.73684210526316,1159.421052631579,1701.0,425.25,2396.265789473684,0.07207627118644068,0.4061467439785905
2113,53.73684210526316,81.52631578947368,81.52631578947368,41.31578947368421,59.94736842105263,1128.4736842105262,1712.0526315789473,428.0131578947368,2346.4184210526314,0.07254460303300624,0.3976980374665477
2114,50.94736842105263,74.57894736842105,74.57894736842105,37.89473684210526,64.3157894736842,1069.8947368421052,1566.157894736842,391.5394736842105,2210.3605263157892,0.06636262265834077,0.3746373773416592
2115,58.05263157894737,72.94736842105263,72.94736842105263,37.36842105263158,68.15789473684211,1219.1052631578948,1531.8947368421052,382.9736842105263,2455.452631578947,0.0649107939339875,0.41617841213202494
2116,55.8421052631579,72.47368421052632,72.47368421052632,35.26315789473684,66.94736842105263,1172.6842105263158,1521.9473684210527,380.4868421052632,2374.05,0.0644892952720785,0.4023813559322034
2117,50.78947368421053,77.94736842105263,77.94736842105263,39.10526315789474,61.473684210526315,1066.578947368421,1636.8947368421052,409.2236842105263,2222.407894736842,0.06935994647636039,0.3766793041926851
2118,53.05263157894737,62.05263157894737,62.05263157894737,31.526315789473685,61.1578947368421,1114.1052631578948,1303.1052631578948,325.7763157894737,2219.7552631578947,0.05521632471008029,0.37622970561998215
2119,50.0,78.26315789473684,78.26315789473684,38.68421052631579,56.94736842105263,1050.0,1643.5263157894735,410.8815789473684,2195.8815789473683,0.06964094558429973,0.37218331846565567
2120,46.78947368421053,79.52631578947368,79.52631578947368,39.94736842105263,48.578947368421055,982.578947368421,1670.0526315789473,417.5131578947368,2087.8973684210523,0.07076494201605708,0.35388090990187326
2121,56.10526315789474,76.84210526315789,76.84210526315789,37.73684210526316,61.94736842105263,1178.2105263157896,1613.6842105263156,403.4210526315789,2406.378947368421,0.0683764495985727,0.4078608385370205
2122,62.73684210526316,63.526315789473685,63.526315789473685,30.63157894736842,74.3157894736842,1317.4736842105262,1334.0526315789473,333.5131578947368,2573.218421052631,0.056527653880463866,0.43613871543264937
2123,50.94736842105263,89.94736842105263,89.94736842105263,44.05263157894737,60.78947368421053,1069.8947368421052,1888.8947368421052,472.2236842105263,2291.044736842105,0.0800379125780553,0.38831266726137376
2124,53.73684210526316,80.63157894736842,80.63157894736842,38.63157894736842,60.94736842105263,1128.4736842105262,1693.2631578947369,423.3157894736842,2341.721052631579,0.07174843889384479,0.39690187332738625
2125,51.421052631578945,69.42105263157895,69.42105263157895,35.10526315789474,55.31578947368421,1079.842105263158,1457.842105263158,364.4605263157895,2200.192105263158,0.061772970561998215,0.37291391614629793
2126,56.0,71.10526315789474,71.10526315789474,35.421052631578945,63.05263157894737,1176.0,1493.2105263157896,373.3026315789474,2372.5026315789473,0.06327163247100803,0.4021190900981267
2127,50.73684210526316,77.94736842105263,77.94736842105263,38.89473684210526,55.526315789473685,1065.4736842105262,1636.8947368421052,409.2236842105263,2220.528947368421,0.06935994647636039,0.3763608385370205
2128,48.73684210526316,79.84210526315789,79.84210526315789,38.526315789473685,55.26315789473684,1023.4736842105264,1676.6842105263156,419.1710526315789,2159.0763157894735,0.07104594112399643,0.3659451382694023
2129,47.73684210526316,90.94736842105263,90.94736842105263,45.8421052631579,60.21052631578947,1002.4736842105264,1909.8947368421052,477.4736842105263,2181.678947368421,0.08092774308652988,0.3697760927743087
2130,44.94736842105263,78.94736842105263,78.94736842105263,40.73684210526316,52.94736842105263,943.8947368421052,1657.8947368421052,414.4736842105263,2019.094736842105,0.07024977698483496,0.3422194469223907
2131,49.1578947368421,73.6842105263158,73.6842105263158,36.26315789473684,51.94736842105263,1032.3157894736842,1547.3684210526317,386.8421052631579,2141.7789473684206,0.0655664585191793,0.3630133809099018
2132,54.0,78.10526315789474,78.10526315789474,39.473684210526315,65.10526315789474,1134.0,1640.2105263157896,410.0526315789474,2337.8526315789472,0.06950044603033007,0.39624620874219446
2133,51.68421052631579,78.47368421052632,78.47368421052632,37.8421052631579,62.63157894736842,1085.3684210526314,1647.9473684210527,411.9868421052632,2257.1131578947366,0.06982827832292596,0.38256155218554855
2134,52.36842105263158,79.6842105263158,79.6842105263158,39.36842105263158,64.6842105263158,1099.7368421052631,1673.3684210526317,418.3421052631579,2287.894736842105,0.07090544157002676,0.387778768956289
2135,45.94736842105263,73.42105263157895,73.42105263157895,38.0,48.0,964.8947368421052,1541.842105263158,385.4605263157895,2025.7815789473684,0.06533229259589653,0.34335280999107937
2136,55.68421052631579,74.73684210526316,74.73684210526316,37.89473684210526,63.31578947368421,1169.3684210526314,1569.4736842105265,392.3684210526316,2380.294736842105,0.06650312221231044,0.40343978590544155
2137,51.10526315789474,78.15789473684211,78.15789473684211,39.1578947368421,63.05263157894737,1073.2105263157896,1641.3157894736844,410.3289473684211,2234.7868421052635,0.06954727921498663,0.3787774308652989
2138,54.21052631578947,83.47368421052632,83.47368421052632,43.21052631578947,59.63157894736842,1138.421052631579,1752.9473684210527,438.2368421052632,2373.5526315789475,0.07427743086529884,0.4022970561998216
2139,53.36842105263158,71.57894736842105,71.57894736842105,35.31578947368421,68.26315789473684,1120.7368421052631,1503.157894736842,375.7894736842105,2281.0421052631577,0.06369313113291704,0.3866173059768064
2140,50.578947368421055,83.89473684210526,83.89473684210526,43.21052631578947,63.89473684210526,1062.157894736842,1761.7894736842104,440.4473684210526,2246.115789473684,0.0746520963425513,0.3806975914362176
2141,53.89473684210526,67.78947368421052,67.78947368421052,34.68421052631579,59.421052631578945,1131.7894736842104,1423.5789473684208,355.8947368421052,2279.936842105263,0.06032114183764495,0.3864299732381802
2142,55.473684210526315,71.0,71.0,37.0,56.63157894736842,1164.9473684210527,1491.0,372.75,2353.16052631579,0.06317796610169492,0.39884076717216776
2143,49.89473684210526,67.73684210526316,67.73684210526316,32.578947368421055,53.578947368421055,1047.7894736842104,1422.4736842105265,355.6184210526316,2136.8605263157892,0.06027430865298841,0.36217975022301513
2144,50.0,69.26315789473684,69.26315789473684,36.78947368421053,52.31578947368421,1050.0,1454.5263157894735,363.6315789473684,2148.6315789473683,0.06163247100802854,0.3641748438893845
2145,54.526315789473685,71.42105263157895,71.42105263157895,35.68421052631579,65.94736842105263,1145.0526315789473,1499.842105263158,374.9605263157895,2321.5499999999997,0.06355263157894737,0.3934830508474576
2146,52.26315789473684,65.10526315789474,65.10526315789474,32.21052631578947,65.3157894736842,1097.5263157894738,1367.2105263157896,341.8026315789474,2207.5973684210526,0.057932649420160576,0.37416904549509367
2147,44.78947368421053,79.84210526315789,79.84210526315789,40.421052631578945,55.63157894736842,940.578947368421,1676.6842105263156,419.1710526315789,2018.1552631578948,0.07104594112399643,0.34206021409455845
2148,53.36842105263158,71.26315789473684,71.26315789473684,33.31578947368421,66.89473684210526,1120.7368421052631,1496.5263157894735,374.1315789473684,2279.3842105263157,0.0634121320249777,0.38633630686886705
2149,56.8421052631579,79.3157894736842,79.3157894736842,38.526315789473685,62.36842105263158,1193.6842105263158,1665.6315789473683,416.4078947368421,2445.671052631579,0.07057760927743086,0.4145205173951829
2150,55.31578947368421,77.63157894736842,77.63157894736842,39.0,58.21052631578947,1161.6315789473686,1630.2631578947369,407.5657894736842,2382.3394736842106,0.06907894736842106,0.4037863514719001
2151,55.578947368421055,75.15789473684211,75.15789473684211,36.78947368421053,65.94736842105263,1167.157894736842,1578.3157894736844,394.5789473684211,2378.7473684210527,0.0668777876895629,0.40317752007136487
2152,46.8421052631579,78.73684210526316,78.73684210526316,38.473684210526315,52.578947368421055,983.6842105263158,1653.4736842105265,413.3684210526316,2085.6315789473683,0.07006244424620875,0.35349687778768957
2153,49.26315789473684,82.42105263157895,82.42105263157895,42.31578947368421,50.89473684210526,1034.5263157894738,1730.842105263158,432.7105263157895,2191.4052631578948,0.07334076717216771,0.37142462087421946
2154,51.68421052631579,69.94736842105263,69.94736842105263,33.68421052631579,59.31578947368421,1085.3684210526314,1468.8947368421052,367.2236842105263,2212.35,0.06224130240856378,0.3749745762711864
2155,54.26315789473684,81.84210526315789,81.84210526315789,40.05263157894737,64.57894736842105,1139.5263157894738,1718.6842105263156,429.6710526315789,2366.8657894736843,0.07282560214094558,0.4011636931311329
2156,48.89473684210526,76.15789473684211,76.15789473684211,39.31578947368421,62.8421052631579,1026.7894736842104,1599.3157894736844,399.8289473684211,2145.371052631579,0.06776761819803748,0.3636222123104371
2157,54.578947368421055,77.21052631578948,77.21052631578948,38.10526315789474,63.36842105263158,1146.157894736842,1621.4210526315792,405.3552631578948,2353.823684210526,0.0687042818911686,0.39895316681534343
2158,50.31578947368421,74.10526315789474,74.10526315789474,37.36842105263158,60.21052631578947,1056.6315789473686,1556.2105263157896,389.0526315789474,2185.326315789474,0.06594112399643176,0.3703942908117752
2159,51.10526315789474,77.6842105263158,77.6842105263158,40.21052631578947,59.63157894736842,1073.2105263157896,1631.3684210526317,407.8421052631579,2232.3,0.06912578055307761,0.37835593220338987
2160,50.31578947368421,85.89473684210526,85.89473684210526,42.21052631578947,59.73684210526316,1056.6315789473686,1803.7894736842104,450.9473684210526,2247.221052631579,0.07643175735950045,0.3808849241748439
2161,53.21052631578947,78.21052631578948,78.21052631578948,39.05263157894737,58.473684210526315,1117.421052631579,1642.4210526315792,410.6052631578948,2310.221052631579,0.06959411239964318,0.3915628902765388
2162,51.73684210526316,75.26315789473684,75.26315789473684,37.21052631578947,57.36842105263158,1086.4736842105262,1580.5263157894735,395.1315789473684,2242.136842105263,0.066971454058876,0.38002319357716324
2163,54.78947368421053,82.05263157894737,82.05263157894737,39.1578947368421,62.31578947368421,1150.578947368421,1723.1052631578948,430.7763157894737,2386.7605263157893,0.07301293487957182,0.404535682426405
2164,55.36842105263158,74.15789473684211,74.15789473684211,37.36842105263158,66.78947368421052,1162.7368421052631,1557.3157894736844,389.3289473684211,2365.9815789473682,0.06598795718108832,0.4010138269402319
2165,45.526315789473685,76.73684210526316,76.73684210526316,38.73684210526316,55.89473684210526,956.0526315789474,1611.4736842105265,402.8684210526316,2028.1578947368423,0.0682827832292596,0.3437555753791258
2166,45.578947368421055,75.78947368421052,75.78947368421052,39.578947368421055,49.1578947368421,957.1578947368422,1591.5789473684208,397.8947368421052,2025.0631578947368,0.06743978590544156,0.34323104371097235
2167,49.10526315789474,81.10526315789474,81.10526315789474,41.526315789473685,53.68421052631579,1031.2105263157896,1703.2105263157896,425.8026315789474,2178.8605263157897,0.0721699375557538,0.3692983942908118
2168,46.94736842105263,75.26315789473684,75.26315789473684,37.1578947368421,58.578947368421055,985.8947368421052,1580.5263157894735,395.1315789473684,2071.1526315789474,0.066971454058876,0.351042818911686
2169,58.21052631578947,75.36842105263158,75.36842105263158,38.1578947368421,67.73684210526316,1222.421052631579,1582.7368421052631,395.6842105263158,2473.8,0.06706512042818912,0.41928813559322037
2170,46.21052631578947,80.78947368421052,80.78947368421052,42.26315789473684,50.578947368421055,970.421052631579,1696.5789473684208,424.1447368421052,2073.8605263157897,0.07188893844781444,0.35150178412132027
2171,58.21052631578947,65.0,65.0,30.157894736842106,68.21052631578948,1222.421052631579,1365.0,341.25,2419.3657894736843,0.057838983050847455,0.4100619982158787
2172,63.89473684210526,82.89473684210526,82.89473684210526,41.1578947368421,73.42105263157895,1341.7894736842104,1740.7894736842104,435.1973684210526,2716.23947368421,0.07376226583407672,0.46037957181088307
2173,57.26315789473684,73.84210526315789,73.84210526315789,39.05263157894737,66.0,1202.5263157894738,1550.6842105263156,387.6710526315789,2431.9657894736843,0.06570695807314897,0.41219759143621765
2174,48.526315789473685,83.57894736842105,83.57894736842105,41.78947368421053,55.1578947368421,1019.0526315789474,1755.157894736842,438.7894736842105,2171.178947368421,0.07437109723461195,0.3679964317573595
2175,50.68421052631579,86.42105263157895,86.42105263157895,42.473684210526315,59.73684210526316,1064.3684210526314,1814.842105263158,453.7105263157895,2263.136842105263,0.07690008920606602,0.38358251561106155
2176,48.8421052631579,74.0,74.0,38.0,57.526315789473685,1025.6842105263158,1554.0,388.5,2132.163157894737,0.06584745762711865,0.36138358608385374
2177,50.10526315789474,81.3157894736842,81.3157894736842,39.73684210526316,55.1578947368421,1052.2105263157896,1707.6315789473683,426.9078947368421,2215.6657894736845,0.07235727029438001,0.3755365744870652
2178,49.78947368421053,77.10526315789474,77.10526315789474,37.73684210526316,64.0,1045.578947368421,1619.2105263157896,404.8026315789474,2182.286842105263,0.06861061552185549,0.36987912578055304
2179,52.89473684210526,72.78947368421052,72.78947368421052,35.8421052631579,60.94736842105263,1110.7894736842104,1528.5789473684208,382.1447368421052,2270.486842105263,0.06477029438001783,0.38482827832292593
2180,52.10526315789474,69.05263157894737,69.05263157894737,36.0,55.1578947368421,1094.2105263157896,1450.1052631578948,362.5263157894737,2222.684210526316,0.06144513826940232,0.3767261373773417
2181,56.421052631578945,65.42105263157895,65.42105263157895,32.421052631578945,74.94736842105263,1184.842105263158,1373.842105263158,343.4605263157895,2357.692105263158,0.05821364852809991,0.3996088314005352
2182,48.421052631578945,72.36842105263158,72.36842105263158,36.36842105263158,55.78947368421053,1016.8421052631578,1519.7368421052631,379.9342105263158,2108.565789473684,0.06439562890276539,0.35738403211418374
2183,56.63157894736842,78.47368421052632,78.47368421052632,38.526315789473685,71.89473684210526,1189.2631578947369,1647.9473684210527,411.9868421052632,2433.734210526316,0.06982827832292596,0.4124973238180197
2184,50.473684210526315,73.57894736842105,73.57894736842105,36.05263157894737,56.78947368421053,1059.9473684210527,1545.157894736842,386.2894736842105,2188.2000000000003,0.06547279214986619,0.37088135593220345
2185,50.26315789473684,70.26315789473684,70.26315789473684,33.31578947368421,58.68421052631579,1055.5263157894738,1475.5263157894735,368.8815789473684,2163.2763157894738,0.06252230151650312,0.366657002676182
2186,50.421052631578945,76.3157894736842,76.3157894736842,38.578947368421055,62.8421052631579,1058.842105263158,1602.6315789473683,400.6578947368421,2200.6894736842105,0.06790811775200713,0.37299821587867976
2187,56.473684210526315,78.94736842105263,78.94736842105263,40.36842105263158,68.0,1185.9473684210527,1657.8947368421052,414.4736842105263,2430.584210526316,0.07024977698483496,0.4119634255129349
2188,51.26315789473684,82.21052631578948,82.21052631578948,41.421052631578945,62.63157894736842,1076.5263157894738,1726.4210526315792,431.6052631578948,2261.7,0.0731534344335415,0.3833389830508474
2189,59.68421052631579,66.21052631578948,66.21052631578948,31.473684210526315,65.10526315789474,1253.3684210526314,1390.4210526315792,347.6052631578948,2478.331578947368,0.05891614629794827,0.4200561998215878
2190,58.421052631578945,69.47368421052632,69.47368421052632,33.89473684210526,70.47368421052632,1226.842105263158,1458.9473684210527,364.7368421052632,2450.3684210526317,0.06181980374665478,0.41531668153434437
2191,49.73684210526316,89.57894736842105,89.57894736842105,45.26315789473684,54.473684210526315,1044.4736842105262,1881.157894736842,470.2894736842105,2245.894736842105,0.07971008028545941,0.3806601248884924
2192,48.473684210526315,83.52631578947368,83.52631578947368,42.8421052631579,56.10526315789474,1017.9473684210526,1754.0526315789473,438.5131578947368,2169.023684210526,0.07432426404995539,0.3676311329170383
2193,53.05263157894737,72.26315789473684,72.26315789473684,36.94736842105263,61.8421052631579,1114.1052631578948,1517.5263157894735,379.3815789473684,2273.3605263157897,0.06430196253345227,0.38531534344335416
2194,53.94736842105263,76.05263157894737,76.05263157894737,38.36842105263158,65.36842105263158,1132.8947368421052,1597.1052631578948,399.2763157894737,2325.1973684210525,0.06767395182872435,0.39410124888492415
2195,51.473684210526315,75.94736842105263,75.94736842105263,38.26315789473684,60.63157894736842,1080.9473684210527,1594.8947368421052,398.7236842105263,2236.334210526316,0.06758028545941124,0.3790396966993756
2196,53.526315789473685,78.73684210526316,78.73684210526316,40.421052631578945,63.31578947368421,1124.0526315789473,1653.4736842105265,413.3684210526316,2324.257894736842,0.07006244424620875,0.39394201605709184
2197,50.8421052631579,80.94736842105263,80.94736842105263,40.05263157894737,67.15789473684211,1067.6842105263158,1699.8947368421052,424.9736842105263,2240.036842105263,0.07202943800178412,0.3796672613737734
2198,47.89473684210526,77.3157894736842,77.3157894736842,39.10526315789474,55.1578947368421,1005.7894736842104,1623.6315789473683,405.9078947368421,2115.75,0.0687979482604817,0.35860169491525423
2199,45.421052631578945,83.05263157894737,83.05263157894737,41.31578947368421,48.73684210526316,953.8421052631578,1744.1052631578948,436.0263157894737,2057.5578947368417,0.0739027653880464,0.34873862622658336
2200,49.36842105263158,69.26315789473684,69.26315789473684,34.10526315789474,56.68421052631579,1036.7368421052631,1454.5263157894735,363.6315789473684,2126.0842105263155,0.06163247100802854,0.3603532560214094
2201,52.26315789473684,73.21052631578948,73.21052631578948,38.68421052631579,55.89473684210526,1097.5263157894738,1537.4210526315792,384.3552631578948,2250.15,0.0651449598572703,0.3813813559322034
2202,55.473684210526315,76.84210526315789,76.84210526315789,38.473684210526315,62.05263157894737,1164.9473684210527,1613.6842105263156,403.4210526315789,2383.8315789473686,0.0683764495985727,0.4040392506690455
2203,45.36842105263158,78.84210526315789,78.84210526315789,40.421052631578945,53.526315789473685,952.7368421052632,1655.6842105263156,413.9210526315789,2033.5736842105264,0.07015611061552185,0.3446735057983943
2204,52.1578947368421,78.57894736842105,78.57894736842105,37.8421052631579,60.68421052631579,1095.3157894736842,1650.157894736842,412.5394736842105,2274.5763157894735,0.06992194469223907,0.38552140945584296
2205,50.10526315789474,70.42105263157895,70.42105263157895,33.94736842105263,58.578947368421055,1052.2105263157896,1478.842105263158,369.7105263157895,2158.4684210526316,0.0626628010704728,0.3658421052631579
2206,52.473684210526315,70.84210526315789,70.84210526315789,36.473684210526315,59.526315789473685,1101.9473684210527,1487.6842105263156,371.9210526315789,2245.2315789473682,0.06303746654772524,0.38054772524531666
2207,51.89473684210526,78.78947368421052,78.78947368421052,40.94736842105263,62.05263157894737,1089.7894736842104,1654.5789473684208,413.6447368421052,2266.2868421052626,0.07010927743086529,0.3841164139161462
2208,57.473684210526315,76.10526315789474,76.10526315789474,37.31578947368421,68.26315789473684,1206.9473684210527,1598.2105263157896,399.5526315789474,2451.363157894737,0.06772078501338091,0.415485280999108
2209,56.421052631578945,80.15789473684211,80.15789473684211,39.68421052631579,63.94736842105263,1184.842105263158,1683.3157894736844,420.8289473684211,2435.0605263157895,0.07132694023193578,0.4127221231043711
2210,57.89473684210526,85.0,85.0,42.578947368421055,73.10526315789474,1215.7894736842104,1785.0,446.25,2513.0921052631575,0.07563559322033898,0.42594781445138263
2211,49.0,78.36842105263158,78.36842105263158,39.8421052631579,56.421052631578945,1029.0,1645.7368421052631,411.4342105263158,2160.7342105263156,0.06973461195361284,0.3662261373773416
2212,54.68421052631579,67.73684210526316,67.73684210526316,33.73684210526316,61.0,1148.3684210526314,1422.4736842105265,355.6184210526316,2307.844736842105,0.06027430865298841,0.39116012488849233
2213,53.63157894736842,75.10526315789474,75.10526315789474,37.26315789473684,64.6842105263158,1126.2631578947369,1577.2105263157896,394.3026315789474,2308.95,0.06683095450490634,0.3913474576271186
2214,50.10526315789474,73.47368421052632,73.47368421052632,36.10526315789474,55.421052631578945,1052.2105263157896,1542.9473684210527,385.7368421052632,2174.4947368421053,0.06537912578055308,0.3685584299732382
2215,49.1578947368421,71.10526315789474,71.10526315789474,35.31578947368421,65.89473684210526,1032.3157894736842,1493.2105263157896,373.3026315789474,2128.23947368421,0.06327163247100803,0.36071855486173054
2216,54.36842105263158,78.78947368421052,78.78947368421052,39.94736842105263,63.26315789473684,1141.7368421052631,1654.5789473684208,413.6447368421052,2354.597368421052,0.07010927743086529,0.39908429973238174
2217,48.89473684210526,75.63157894736842,75.63157894736842,38.73684210526316,54.78947368421053,1026.7894736842104,1588.2631578947369,397.0657894736842,2142.607894736842,0.06729928635147191,0.3631538804638715
2218,52.05263157894737,80.36842105263158,80.36842105263158,40.21052631578947,58.05263157894737,1093.1052631578948,1687.7368421052631,421.9342105263158,2280.213157894737,0.071514272970562,0.38647680642283677
2219,56.526315789473685,77.42105263157895,77.42105263157895,40.10526315789474,58.31578947368421,1187.0526315789473,1625.842105263158,406.4605263157895,2424.45,0.06889161462979483,0.41092372881355926
2220,49.8421052631579,71.6842105263158,71.6842105263158,35.21052631578947,52.89473684210526,1046.6842105263158,1505.3684210526317,376.3421052631579,2155.7052631578945,0.06378679750223015,0.3653737734165923
2221,51.94736842105263,83.21052631578948,83.21052631578948,40.421052631578945,60.78947368421053,1090.8947368421052,1747.4210526315792,436.8552631578948,2291.3763157894737,0.07404326494201607,0.38836886708296164
2222,55.31578947368421,79.63157894736842,79.63157894736842,39.31578947368421,66.57894736842105,1161.6315789473686,1672.2631578947369,418.0657894736842,2392.8394736842106,0.07085860838537021,0.40556601248884927
2223,64.10526315789474,80.05263157894737,80.05263157894737,38.94736842105263,71.63157894736842,1346.2105263157896,1681.1052631578948,420.2763157894737,2708.834210526316,0.07123327386262267,0.45912444246208745
2224,52.26315789473684,68.78947368421052,68.78947368421052,35.68421052631579,56.10526315789474,1097.5263157894738,1444.5789473684208,361.1447368421052,2226.9394736842105,0.061210972346119524,0.37744736842105264
2225,54.0,76.0,76.0,37.94736842105263,59.78947368421053,1134.0,1596.0,399.0,2326.8,0.0676271186440678,0.39437288135593224
2226,54.8421052631579,61.26315789473684,61.26315789473684,28.63157894736842,60.94736842105263,1151.6842105263158,1286.5263157894738,321.63157894736844,2279.4947368421053,0.05451382694023194,0.3863550401427297
2227,45.94736842105263,79.57894736842105,79.57894736842105,38.421052631578945,62.21052631578947,964.8947368421052,1671.157894736842,417.7894736842105,2058.1105263157892,0.07081177520071365,0.3488322925958965
2228,57.578947368421055,81.15789473684211,81.15789473684211,39.10526315789474,68.73684210526316,1209.157894736842,1704.3157894736844,426.0789473684211,2481.6473684210528,0.07221677074041036,0.4206181980374666
2229,52.421052631578945,67.52631578947368,67.52631578947368,33.94736842105263,53.26315789473684,1100.842105263158,1418.0526315789473,354.5131578947368,2225.944736842105,0.06008697591436217,0.37727876895628903
2230,46.526315789473685,71.10526315789474,71.10526315789474,37.78947368421053,50.68421052631579,977.0526315789474,1493.2105263157896,373.3026315789474,2034.2921052631577,0.06327163247100803,0.3447952720785013
2231,63.0,88.21052631578948,88.21052631578948,41.78947368421053,72.6842105263158,1323.0,1852.4210526315792,463.1052631578948,2712.2052631578945,0.07849241748438895,0.45969580731489734
2232,62.421052631578945,73.6842105263158,73.6842105263158,37.10526315789474,69.78947368421052,1310.842105263158,1547.3684210526317,386.8421052631579,2615.2736842105264,0.0655664585191793,0.4432667261373774
2233,51.36842105263158,80.89473684210526,80.89473684210526,39.8421052631579,55.36842105263158,1078.7368421052631,1698.7894736842104,424.6973684210526,2258.5499999999997,0.07198260481712757,0.3828050847457627
2234,50.473684210526315,70.84210526315789,70.84210526315789,35.63157894736842,55.68421052631579,1059.9473684210527,1487.6842105263156,371.9210526315789,2173.8315789473686,0.06303746654772524,0.36844603033006246
2235,52.21052631578947,70.57894736842105,70.57894736842105,34.94736842105263,64.36842105263158,1096.421052631579,1482.157894736842,370.5394736842105,2234.4552631578945,0.06280330062444246,0.3787212310437109
2236,64.15789473684211,68.3157894736842,68.3157894736842,31.94736842105263,70.84210526315789,1347.3157894736844,1434.6315789473683,358.6578947368421,2649.0947368421057,0.060789473684210525,0.44899910793933995
2237,50.473684210526315,83.47368421052632,83.47368421052632,42.526315789473685,64.94736842105263,1059.9473684210527,1752.9473684210527,438.2368421052632,2240.1473684210528,0.07427743086529884,0.3796859946476361
2238,53.73684210526316,67.52631578947368,67.52631578947368,33.05263157894737,61.73684210526316,1128.4736842105262,1418.0526315789473,354.5131578947368,2272.9184210526314,0.06008697591436217,0.38524041034790363
2239,51.68421052631579,69.0,69.0,33.526315789473685,52.89473684210526,1085.3684210526314,1449.0,362.25,2207.3763157894737,0.06139830508474576,0.3741315789473684
2240,50.05263157894737,80.63157894736842,80.63157894736842,40.78947368421053,57.10526315789474,1051.1052631578948,1693.2631578947369,423.3157894736842,2210.194736842105,0.07174843889384479,0.3746092774308653
2241,52.78947368421053,75.84210526315789,75.84210526315789,38.526315789473685,53.63157894736842,1108.578947368421,1592.6842105263156,398.1710526315789,2282.7552631578947,0.06748661909009812,0.38690767172167706
2242,56.526315789473685,79.63157894736842,79.63157894736842,39.526315789473685,65.42105263157895,1187.0526315789473,1672.2631578947369,418.0657894736842,2436.0552631578944,0.07085860838537021,0.4128907225691346
2243,55.89473684210526,64.63157894736842,64.63157894736842,30.57894736842105,64.6842105263158,1173.7894736842104,1357.2631578947369,339.3157894736842,2334.757894736842,0.05751115075825156,0.395721677074041
2244,54.63157894736842,73.26315789473684,73.26315789473684,38.68421052631579,59.8421052631579,1147.2631578947369,1538.5263157894735,384.6315789473684,2334.978947368421,0.06519179304192685,0.39575914362176623
2245,48.1578947368421,83.05263157894737,83.05263157894737,41.526315789473685,55.1578947368421,1011.3157894736842,1744.1052631578948,436.0263157894737,2155.2631578947367,0.0739027653880464,0.3652988403211418
2246,53.421052631578945,69.84210526315789,69.84210526315789,34.10526315789474,59.31578947368421,1121.842105263158,1466.6842105263156,366.6710526315789,2273.802631578947,0.062147636039250664,0.3853902765388046
2247,58.68421052631579,76.36842105263158,76.36842105263158,37.421052631578945,68.15789473684211,1232.3684210526314,1603.7368421052631,400.9342105263158,2495.960526315789,0.06795495093666369,0.4230441570026761
2248,58.36842105263158,87.21052631578948,87.21052631578948,40.26315789473684,69.94736842105263,1225.7368421052631,1831.4210526315792,457.8552631578948,2541.6078947368424,0.07760258697591438,0.4307809991079394
2249,60.78947368421053,73.36842105263158,73.36842105263158,36.63157894736842,71.89473684210526,1276.578947368421,1540.7368421052631,385.1842105263158,2555.3684210526317,0.06528545941123996,0.4331132917038359
2250,54.26315789473684,76.57894736842105,76.57894736842105,37.526315789473685,71.0,1139.5263157894738,1608.157894736842,402.0394736842105,2339.234210526316,0.06814228367528992,0.3964803746654773
2251,43.21052631578947,78.84210526315789,78.84210526315789,39.73684210526316,49.94736842105263,907.421052631579,1655.6842105263156,413.9210526315789,1956.536842105263,0.07015611061552185,0.33161641391614627
2252,57.89473684210526,84.47368421052632,84.47368421052632,41.0,65.26315789473684,1215.7894736842104,1773.9473684210527,443.4868421052632,2510.328947368421,0.07516726137377341,0.4254794826048171
2253,49.68421052631579,76.78947368421052,76.78947368421052,38.421052631578945,59.73684210526316,1043.3684210526314,1612.5789473684208,403.1447368421052,2176.8710526315786,0.06832961641391613,0.3689611953612845
2254,53.8421052631579,76.05263157894737,76.05263157894737,38.578947368421055,61.10526315789474,1130.6842105263158,1597.1052631578948,399.2763157894737,2321.4394736842105,0.06767395182872435,0.393464317573595
2255,52.94736842105263,73.94736842105263,73.94736842105263,36.21052631578947,69.05263157894737,1111.8947368421052,1552.8947368421052,388.2236842105263,2278.444736842105,0.06580062444246208,0.3861770740410348
2256,47.526315789473685,86.0,86.0,43.68421052631579,52.31578947368421,998.0526315789474,1806.0,451.5,2148.1894736842105,0.07652542372881356,0.364099910793934
2257,58.10526315789474,75.78947368421052,75.78947368421052,35.26315789473684,72.47368421052632,1220.2105263157896,1591.5789473684208,397.8947368421052,2472.2526315789473,0.06743978590544156,0.41902586975914363
2258,55.89473684210526,76.89473684210526,76.89473684210526,39.1578947368421,64.6842105263158,1173.7894736842104,1614.7894736842104,403.6973684210526,2399.1394736842103,0.06842328278322926,0.4066338090990187
2259,46.8421052631579,80.21052631578948,80.21052631578948,40.78947368421053,54.421052631578945,983.6842105263158,1684.4210526315792,421.1052631578948,2093.3684210526317,0.07137377341659233,0.3548082069580732
2260,50.78947368421053,75.47368421052632,75.47368421052632,38.26315789473684,54.526315789473685,1066.578947368421,1584.9473684210527,396.2368421052632,2209.4210526315787,0.06715878679750223,0.3744781445138269
2261,47.473684210526315,71.21052631578948,71.21052631578948,36.421052631578945,55.63157894736842,996.9473684210526,1495.4210526315792,373.8552631578948,2068.665789473684,0.06336529884032115,0.35062132024977694
2262,55.526315789473685,75.94736842105263,75.94736842105263,36.94736842105263,59.1578947368421,1166.0526315789473,1594.8947368421052,398.7236842105263,2381.0131578947367,0.06758028545941124,0.40356155218554857
2263,45.68421052631579,75.78947368421052,75.78947368421052,38.26315789473684,55.10526315789474,959.3684210526316,1591.5789473684208,397.8947368421052,2028.8210526315788,0.06743978590544156,0.3438679750223015
2264,52.578947368421055,71.0,71.0,35.10526315789474,53.36842105263158,1104.157894736842,1491.0,372.75,2249.8184210526315,0.06317796610169492,0.3813251561106155
2265,55.31578947368421,69.47368421052632,69.47368421052632,36.21052631578947,59.0,1161.6315789473686,1458.9473684210527,364.7368421052632,2339.51052631579,0.06181980374665478,0.39652720785013384
2266,53.8421052631579,73.84210526315789,73.84210526315789,37.1578947368421,63.1578947368421,1130.6842105263158,1550.6842105263156,387.6710526315789,2309.834210526316,0.06570695807314897,0.39149732381801966
2267,51.89473684210526,85.63157894736842,85.63157894736842,44.89473684210526,59.421052631578945,1089.7894736842104,1798.2631578947369,449.5657894736842,2302.207894736842,0.07619759143621767,0.39020472792149863
2268,55.26315789473684,75.6842105263158,75.6842105263158,37.73684210526316,57.8421052631579,1160.5263157894738,1589.3684210526317,397.3421052631579,2370.2368421052633,0.06734611953612846,0.40173505798394293
2269,47.94736842105263,77.73684210526316,77.73684210526316,40.10526315789474,56.63157894736842,1006.8947368421052,1632.4736842105265,408.1184210526316,2119.8394736842106,0.06917261373773417,0.3592948260481713
2270,54.63157894736842,73.63157894736842,73.63157894736842,37.78947368421053,65.10526315789474,1147.2631578947369,1546.2631578947369,386.5657894736842,2336.9131578947367,0.06551962533452275,0.39608697591436215
2271,49.68421052631579,70.47368421052632,70.47368421052632,35.36842105263158,54.73684210526316,1043.3684210526314,1479.9473684210527,369.9868421052632,2143.7131578947365,0.06270963425512935,0.3633412132024977
2272,56.78947368421053,79.63157894736842,79.63157894736842,39.94736842105263,67.21052631578948,1192.578947368421,1672.2631578947369,418.0657894736842,2445.45,0.07085860838537021,0.4144830508474576
2273,46.21052631578947,83.47368421052632,83.47368421052632,42.421052631578945,53.526315789473685,970.421052631579,1752.9473684210527,438.2368421052632,2087.9526315789476,0.07427743086529884,0.35389027653880467
2274,58.05263157894737,67.10526315789474,67.10526315789474,35.421052631578945,67.73684210526316,1219.1052631578948,1409.2105263157896,352.3026315789474,2424.7815789473684,0.05971231043710973,0.4109799286351472
2275,56.473684210526315,65.42105263157895,65.42105263157895,31.105263157894736,65.89473684210526,1185.9473684210527,1373.842105263158,343.4605263157895,2359.571052631579,0.05821364852809991,0.3999272970561998
2276,42.78947368421053,83.57894736842105,83.57894736842105,43.26315789473684,52.0,898.578947368421,1755.157894736842,438.7894736842105,1966.3736842105263,0.07437109723461195,0.3332836752899197
2277,56.0,59.1578947368421,59.1578947368421,29.68421052631579,61.526315789473685,1176.0,1242.3157894736842,310.57894736842104,2309.778947368421,0.05264049955396967,0.3914879571810883
2278,46.68421052631579,74.6842105263158,74.6842105263158,37.36842105263158,55.05263157894737,980.3684210526316,1568.3684210526317,392.0921052631579,2058.7184210526316,0.06645628902765388,0.34893532560214097
2279,47.526315789473685,84.47368421052632,84.47368421052632,42.73684210526316,55.473684210526315,998.0526315789474,1773.9473684210527,443.4868421052632,2140.176315789474,0.07516726137377341,0.3627417484388939
2280,57.421052631578945,68.3157894736842,68.3157894736842,33.78947368421053,64.36842105263158,1205.842105263158,1434.6315789473683,358.6578947368421,2408.5894736842106,0.060789473684210525,0.408235504014273
2281,49.89473684210526,78.6842105263158,78.6842105263158,41.68421052631579,56.526315789473685,1047.7894736842104,1652.3684210526317,413.0921052631579,2194.3342105263155,0.07001561106155219,0.3719210526315789
2282,57.421052631578945,74.89473684210526,74.89473684210526,35.63157894736842,66.42105263157895,1205.842105263158,1572.7894736842104,393.1973684210526,2443.128947368421,0.0666436217662801,0.4140896520963425
2283,53.94736842105263,61.05263157894737,61.05263157894737,29.57894736842105,61.0,1132.8947368421052,1282.1052631578948,320.5263157894737,2246.4473684210525,0.054326494201605714,0.3807537912578055
2284,57.1578947368421,74.26315789473684,74.26315789473684,36.05263157894737,61.8421052631579,1200.3157894736842,1559.5263157894735,389.8815789473684,2430.4184210526314,0.06608162355040142,0.4119353256021409
2285,54.578947368421055,73.84210526315789,73.84210526315789,37.26315789473684,63.0,1146.157894736842,1550.6842105263156,387.6710526315789,2336.1394736842103,0.06570695807314897,0.3959558429973238
2286,49.78947368421053,83.63157894736842,83.63157894736842,43.1578947368421,56.8421052631579,1045.578947368421,1756.2631578947369,439.0657894736842,2216.55,0.07441793041926852,0.37568644067796614
2287,55.21052631578947,75.6842105263158,75.6842105263158,36.578947368421055,64.36842105263158,1159.421052631579,1589.3684210526317,397.3421052631579,2368.3578947368424,0.06734611953612846,0.40141659232827837
2288,62.26315789473684,66.73684210526316,66.73684210526316,32.21052631578947,74.3157894736842,1307.5263157894738,1401.4736842105265,350.3684210526316,2573.163157894737,0.059384478144513836,0.4361293487957182
2289,53.1578947368421,76.73684210526316,76.73684210526316,39.526315789473685,62.63157894736842,1116.3157894736842,1611.4736842105265,402.8684210526316,2300.6052631578946,0.0682827832292596,0.3899330954504906
2290,50.21052631578947,73.57894736842105,73.57894736842105,36.05263157894737,56.8421052631579,1054.421052631579,1545.157894736842,386.2894736842105,2178.805263157895,0.06547279214986619,0.3692890276538805
2291,49.8421052631579,78.94736842105263,78.94736842105263,40.68421052631579,52.1578947368421,1046.6842105263158,1657.8947368421052,414.4736842105263,2193.8368421052633,0.07024977698483496,0.37183675289919715
2292,51.26315789473684,68.63157894736842,68.63157894736842,34.78947368421053,56.526315789473685,1076.5263157894738,1441.2631578947369,360.3157894736842,2190.4105263157894,0.06107047279214987,0.37125602140945585
2293,51.68421052631579,73.63157894736842,73.63157894736842,36.21052631578947,58.1578947368421,1085.3684210526314,1546.2631578947369,386.5657894736842,2231.692105263158,0.06551962533452275,0.3782528991971454
2294,51.63157894736842,69.21052631578948,69.21052631578948,34.94736842105263,64.52631578947368,1084.2631578947369,1453.4210526315792,363.3552631578948,2206.6026315789477,0.061585637823372,0.3740004460303301
2295,56.473684210526315,69.73684210526316,69.73684210526316,34.94736842105263,67.0,1185.9473684210527,1464.4736842105265,366.1184210526316,2382.228947368421,0.062053969669937564,0.4037676181980374
2296,50.1578947368421,83.15789473684211,83.15789473684211,42.421052631578945,55.473684210526315,1053.3157894736842,1746.3157894736844,436.5789473684211,2227.2157894736843,0.07399643175735951,0.3774942016057092
2297,50.421052631578945,74.94736842105263,74.94736842105263,36.05263157894737,54.26315789473684,1058.842105263158,1573.8947368421052,393.4736842105263,2193.5052631578947,0.06669045495093666,0.37178055307760927
2298,45.421052631578945,89.3157894736842,89.3157894736842,44.31578947368421,53.36842105263158,953.8421052631578,1875.6315789473683,468.9078947368421,2090.4394736842105,0.07947591436217663,0.35431177520071366
2299,50.10526315789474,80.84210526315789,80.84210526315789,41.21052631578947,56.73684210526316,1052.2105263157896,1697.6842105263156,424.4210526315789,2213.178947368421,0.071935771632471,0.37511507582515613
2300,58.578947368421055,68.73684210526316,68.73684210526316,35.10526315789474,71.89473684210526,1230.157894736842,1443.4736842105265,360.8684210526316,2452.136842105263,0.06116413916146299,0.4156164139161463
2301,58.05263157894737,72.63157894736842,72.63157894736842,36.05263157894737,69.36842105263158,1219.1052631578948,1525.2631578947369,381.3157894736842,2453.794736842105,0.06462979482604818,0.4158974130240856
2302,63.8421052631579,72.63157894736842,72.63157894736842,35.526315789473685,76.42105263157895,1340.6842105263158,1525.2631578947369,381.3157894736842,2660.478947368421,0.06462979482604818,0.45092863514719
2303,56.473684210526315,75.84210526315789,75.84210526315789,37.63157894736842,66.78947368421052,1185.9473684210527,1592.6842105263156,398.1710526315789,2414.2815789473684,0.06748661909009812,0.40920026761819805
2304,50.31578947368421,71.52631578947368,71.52631578947368,36.26315789473684,51.473684210526315,1056.6315789473686,1502.0526315789473,375.5131578947368,2171.786842105263,0.06364629794826047,0.3680994647636039
2305,50.36842105263158,62.78947368421053,62.78947368421053,32.68421052631579,57.26315789473684,1057.7368421052631,1318.578947368421,329.64473684210526,2127.7973684210524,0.055871989295272075,0.36064362176628006
2306,53.05263157894737,71.57894736842105,71.57894736842105,35.10526315789474,66.47368421052632,1114.1052631578948,1503.157894736842,375.7894736842105,2269.7684210526318,0.06369313113291704,0.38470651204281897
2307,52.73684210526316,70.73684210526316,70.73684210526316,37.421052631578945,58.63157894736842,1107.4736842105262,1485.4736842105265,371.3684210526316,2254.073684210526,0.06294380017841214,0.3820463871543265
2308,51.31578947368421,78.89473684210526,78.89473684210526,38.21052631578947,58.26315789473684,1077.6315789473686,1656.7894736842104,414.1973684210526,2246.171052631579,0.07020294380017841,0.380706958073149
2309,47.8421052631579,75.15789473684211,75.15789473684211,37.05263157894737,50.78947368421053,1004.6842105263158,1578.3157894736844,394.5789473684211,2102.542105263158,0.0668777876895629,0.3563630686886709
2310,50.73684210526316,88.57894736842105,88.57894736842105,44.63157894736842,64.42105263157895,1065.4736842105262,1860.157894736842,465.0394736842105,2276.3447368421052,0.07882024977698483,0.38582114183764493
2311,50.68421052631579,84.57894736842105,84.57894736842105,41.89473684210526,57.21052631578947,1064.3684210526314,1776.157894736842,444.0394736842105,2253.465789473684,0.07526092774308653,0.381943354148082
2312,55.78947368421053,80.42105263157895,80.42105263157895,41.10526315789474,58.63157894736842,1171.578947368421,1688.842105263158,422.2105263157895,2413.894736842105,0.07156110615521856,0.4091347011596788
2313,49.68421052631579,84.52631578947368,84.52631578947368,41.78947368421053,54.21052631578947,1043.3684210526314,1775.0526315789473,443.7631578947368,2217.48947368421,0.07521409455842996,0.37584567350579834
2314,51.05263157894737,72.26315789473684,72.26315789473684,36.78947368421053,62.421052631578945,1072.1052631578948,1517.5263157894735,379.3815789473684,2201.9605263157896,0.06430196253345227,0.3732136485280999
2315,59.78947368421053,67.84210526315789,67.84210526315789,33.94736842105263,71.57894736842105,1255.578947368421,1424.6842105263156,356.1710526315789,2490.6552631578943,0.06036797502230151,0.42214495985727024
2316,51.0,78.89473684210526,78.89473684210526,40.05263157894737,54.10526315789474,1071.0,1656.7894736842104,414.1973684210526,2234.8973684210528,0.07020294380017841,0.3787961641391615
2317,49.73684210526316,84.10526315789474,84.10526315789474,40.26315789473684,61.26315789473684,1044.4736842105262,1766.2105263157896,441.5526315789474,2217.157894736842,0.07483942908117752,0.3757894736842105
2318,56.26315789473684,78.3157894736842,78.3157894736842,39.421052631578945,63.0,1181.5263157894738,1644.6315789473683,411.1578947368421,2419.7526315789473,0.06968777876895628,0.41012756467439787
2319,45.0,80.94736842105263,80.94736842105263,40.526315789473685,52.0,945.0,1699.8947368421052,424.9736842105263,2031.4736842105262,0.07202943800178412,0.3443175735950044
2320,53.73684210526316,68.42105263157895,68.42105263157895,33.89473684210526,62.68421052631579,1128.4736842105262,1436.842105263158,359.2105263157895,2277.615789473684,0.06088314005352364,0.3860365744870651
2321,49.94736842105263,85.63157894736842,85.63157894736842,42.89473684210526,57.89473684210526,1048.8947368421052,1798.2631578947369,449.5657894736842,2232.686842105263,0.07619759143621767,0.378421498661909
2322,58.31578947368421,74.05263157894737,74.05263157894737,37.05263157894737,66.94736842105263,1224.6315789473686,1555.1052631578948,388.7763157894737,2470.65,0.0658942908117752,0.4187542372881356
2323,60.63157894736842,72.21052631578948,72.21052631578948,35.578947368421055,68.63157894736842,1273.2631578947369,1516.4210526315792,379.1052631578948,2543.652631578948,0.06425512934879572,0.43112756467439795
2324,51.94736842105263,69.94736842105263,69.94736842105263,36.1578947368421,59.526315789473685,1090.8947368421052,1468.8947368421052,367.2236842105263,2221.7447368421053,0.06224130240856378,0.37656690454950936
2325,51.421052631578945,72.26315789473684,72.26315789473684,34.78947368421053,56.63157894736842,1079.842105263158,1517.5263157894735,379.3815789473684,2215.113157894737,0.06430196253345227,0.37544290811775205
2326,50.10526315789474,79.42105263157895,79.42105263157895,39.10526315789474,57.94736842105263,1052.2105263157896,1667.842105263158,416.9605263157895,2205.7184210526316,0.07067127564674398,0.3738505798394291
2327,50.78947368421053,68.73684210526316,68.73684210526316,34.94736842105263,58.36842105263158,1066.578947368421,1443.4736842105265,360.8684210526316,2174.052631578947,0.06116413916146299,0.36848349687778764
2328,55.8421052631579,75.52631578947368,75.52631578947368,37.78947368421053,60.1578947368421,1172.6842105263158,1586.0526315789473,396.5131578947368,2390.0763157894735,0.06720561998215878,0.40509768064228363
2329,56.31578947368421,79.73684210526316,79.73684210526316,40.36842105263158,60.421052631578945,1182.6315789473686,1674.4736842105265,418.6184210526316,2429.092105263158,0.07095227475468333,0.41171052631578947
2330,51.10526315789474,73.94736842105263,73.94736842105263,37.0,65.63157894736842,1073.2105263157896,1552.8947368421052,388.2236842105263,2212.6815789473685,0.06580062444246208,0.3750307760927743
2331,50.1578947368421,77.10526315789474,77.10526315789474,39.473684210526315,54.63157894736842,1053.3157894736842,1619.2105263157896,404.8026315789474,2195.4394736842105,0.06861061552185549,0.3721083853702052
2332,55.578947368421055,69.42105263157895,69.42105263157895,34.526315789473685,64.73684210526316,1167.157894736842,1457.842105263158,364.4605263157895,2348.628947368421,0.061772970561998215,0.39807270294380015
2333,53.8421052631579,76.52631578947368,76.52631578947368,38.68421052631579,61.89473684210526,1130.6842105263158,1607.0526315789473,401.7631578947368,2323.926315789474,0.06809545049063336,0.39388581623550406
2334,51.1578947368421,72.57894736842105,72.57894736842105,36.73684210526316,53.89473684210526,1074.3157894736842,1524.157894736842,381.0394736842105,2207.3763157894737,0.06458296164139161,0.3741315789473684
2335,48.0,77.84210526315789,77.84210526315789,40.36842105263158,59.68421052631579,1008.0,1634.6842105263156,408.6710526315789,2122.2710526315786,0.06926628010704727,0.3597069580731489
2336,57.578947368421055,77.10526315789474,77.10526315789474,37.21052631578947,65.15789473684211,1209.157894736842,1619.2105263157896,404.8026315789474,2460.371052631579,0.06861061552185549,0.4170120428189117
2337,48.05263157894737,68.6842105263158,68.6842105263158,34.73684210526316,56.473684210526315,1009.1052631578948,1442.3684210526317,360.5921052631579,2076.071052631579,0.061117305976806424,0.35187644959857267
2338,59.526315789473685,78.89473684210526,78.89473684210526,39.0,71.10526315789474,1250.0526315789473,1656.7894736842104,414.1973684210526,2539.2868421052626,0.07020294380017841,0.43038760035682416
2339,56.63157894736842,79.36842105263158,79.36842105263158,38.68421052631579,62.578947368421055,1189.2631578947369,1666.7368421052631,416.6842105263158,2438.4315789473685,0.07062444246208742,0.4132934879571811
2340,52.36842105263158,82.57894736842105,82.57894736842105,42.26315789473684,53.26315789473684,1099.7368421052631,1734.157894736842,433.5394736842105,2303.092105263158,0.07348126672613738,0.39035459411239964
2341,48.63157894736842,76.94736842105263,76.94736842105263,39.10526315789474,56.421052631578945,1021.2631578947368,1615.8947368421052,403.9736842105263,2140.121052631579,0.06847011596788581,0.36273238180196254
2342,56.8421052631579,69.3157894736842,69.3157894736842,36.31578947368421,57.31578947368421,1193.6842105263158,1455.6315789473683,363.9078947368421,2393.171052631579,0.0616793041926851,0.40562221231043716
2343,47.68421052631579,80.10526315789474,80.10526315789474,40.421052631578945,54.63157894736842,1001.3684210526316,1682.2105263157896,420.5526315789474,2122.878947368421,0.07128010704727922,0.3598099910793934
2344,53.0,82.78947368421052,82.78947368421052,41.526315789473685,58.1578947368421,1113.0,1738.5789473684208,434.6447368421052,2326.7447368421053,0.07366859946476359,0.3943635147190009
2345,49.36842105263158,73.63157894736842,73.63157894736842,37.31578947368421,55.78947368421053,1036.7368421052631,1546.2631578947369,386.5657894736842,2149.0184210526313,0.06551962533452275,0.3642404103479036
2346,50.89473684210526,82.05263157894737,82.05263157894737,41.8421052631579,57.31578947368421,1068.7894736842104,1723.1052631578948,430.7763157894737,2247.718421052631,0.07301293487957182,0.3809692239072256
2347,54.21052631578947,81.15789473684211,81.15789473684211,40.1578947368421,61.0,1138.421052631579,1704.3157894736844,426.0789473684211,2361.3947368421054,0.07221677074041036,0.4002363960749331
2348,58.421052631578945,68.42105263157895,68.42105263157895,33.31578947368421,67.21052631578948,1226.842105263158,1436.842105263158,359.2105263157895,2444.842105263158,0.06088314005352364,0.4143800178412132
2349,54.89473684210526,72.57894736842105,72.57894736842105,37.526315789473685,61.578947368421055,1152.7894736842104,1524.157894736842,381.0394736842105,2340.781578947368,0.06458296164139161,0.3967426404995539
2350,56.31578947368421,76.26315789473684,76.26315789473684,38.8421052631579,58.473684210526315,1182.6315789473686,1601.5263157894735,400.3815789473684,2410.855263157895,0.06786128456735058,0.4086195361284568
2351,51.31578947368421,73.73684210526316,73.73684210526316,38.05263157894737,62.21052631578947,1077.6315789473686,1548.4736842105265,387.1184210526316,2219.092105263158,0.06561329170383587,0.3761173059768064
2352,50.578947368421055,76.15789473684211,76.15789473684211,38.578947368421055,56.473684210526315,1062.157894736842,1599.3157894736844,399.8289473684211,2205.4973684210527,0.06776761819803748,0.37381311329170386
2353,62.473684210526315,80.21052631578948,80.21052631578948,39.68421052631579,74.26315789473684,1311.9473684210527,1684.4210526315792,421.1052631578948,2651.4157894736845,0.07137377341659233,0.449392506690455
2354,51.0,75.84210526315789,75.84210526315789,37.31578947368421,55.8421052631579,1071.0,1592.6842105263156,398.1710526315789,2218.871052631579,0.06748661909009812,0.3760798394290812
2355,59.36842105263158,83.84210526315789,83.84210526315789,41.36842105263158,63.31578947368421,1246.7368421052631,1760.6842105263156,440.1710526315789,2559.623684210526,0.07460526315789473,0.43383452274754675
2356,50.8421052631579,76.47368421052632,76.47368421052632,37.73684210526316,62.1578947368421,1067.6842105263158,1605.9473684210527,401.4868421052632,2216.55,0.0680486173059768,0.37568644067796614
2357,49.0,72.78947368421052,72.78947368421052,37.05263157894737,57.78947368421053,1029.0,1528.5789473684208,382.1447368421052,2131.444736842105,0.06477029438001783,0.36126181980374666
2358,61.10526315789474,78.57894736842105,78.57894736842105,36.94736842105263,72.26315789473684,1283.2105263157896,1650.157894736842,412.5394736842105,2593.9973684210527,0.06992194469223907,0.4396605709188225
2359,61.26315789473684,77.84210526315789,77.84210526315789,37.0,76.57894736842105,1286.5263157894738,1634.6842105263156,408.6710526315789,2595.765789473684,0.06926628010704727,0.4399603033006244
2360,53.473684210526315,79.36842105263158,79.36842105263158,38.10526315789474,60.78947368421053,1122.9473684210527,1666.7368421052631,416.6842105263158,2325.694736842105,0.07062444246208742,0.394185548617306
2361,53.10526315789474,75.84210526315789,75.84210526315789,39.36842105263158,59.89473684210526,1115.2105263157896,1592.6842105263156,398.1710526315789,2294.028947368421,0.06748661909009812,0.3888184656556646
2362,55.578947368421055,73.94736842105263,73.94736842105263,36.1578947368421,66.26315789473684,1167.157894736842,1552.8947368421052,388.2236842105263,2372.3921052631576,0.06580062444246208,0.402100356824264
2363,46.26315789473684,76.15789473684211,76.15789473684211,37.21052631578947,53.21052631578947,971.5263157894736,1599.3157894736844,399.8289473684211,2051.4236842105265,0.06776761819803748,0.3476989295272079
2364,51.73684210526316,66.52631578947368,66.52631578947368,33.8421052631579,63.94736842105263,1086.4736842105262,1397.0526315789473,349.2631578947368,2196.2684210526313,0.059197145405887594,0.3722488849241748
2365,45.8421052631579,76.0,76.0,38.36842105263158,56.78947368421053,962.6842105263158,1596.0,399.0,2035.5631578947368,0.0676271186440678,0.3450107047279215
2366,59.68421052631579,73.6842105263158,73.6842105263158,35.8421052631579,70.63157894736842,1253.3684210526314,1547.3684210526317,386.8421052631579,2517.5684210526315,0.0655664585191793,0.4267065120428189
2367,56.473684210526315,68.57894736842105,68.57894736842105,33.73684210526316,70.57894736842105,1185.9473684210527,1440.157894736842,360.0394736842105,2376.15,0.06102363960749331,0.40273728813559323
2368,51.421052631578945,81.15789473684211,81.15789473684211,40.8421052631579,57.421052631578945,1079.842105263158,1704.3157894736844,426.0789473684211,2261.8105263157895,0.07221677074041036,0.3833577163247101
2369,55.31578947368421,69.05263157894737,69.05263157894737,33.94736842105263,64.84210526315789,1161.6315789473686,1450.1052631578948,362.5263157894737,2337.3,0.06144513826940232,0.3961525423728814
2370,52.89473684210526,69.78947368421052,69.78947368421052,35.31578947368421,62.89473684210526,1110.7894736842104,1465.5789473684208,366.3947368421052,2254.736842105263,0.0621008028545941,0.3821587867975022
2371,54.68421052631579,66.84210526315789,66.84210526315789,31.31578947368421,65.52631578947368,1148.3684210526314,1403.6842105263156,350.9210526315789,2303.1473684210523,0.059478144513826936,0.3903639607493309
2372,55.63157894736842,80.21052631578948,80.21052631578948,39.73684210526316,65.84210526315789,1168.2631578947369,1684.4210526315792,421.1052631578948,2407.1526315789474,0.07137377341659233,0.4079919714540589
2373,53.26315789473684,73.10526315789474,73.10526315789474,35.78947368421053,60.68421052631579,1118.5263157894738,1535.2105263157896,383.8026315789474,2285.297368421053,0.06505129348795718,0.38733853702051746
2374,55.31578947368421,76.94736842105263,76.94736842105263,38.94736842105263,62.473684210526315,1161.6315789473686,1615.8947368421052,403.9736842105263,2378.7473684210527,0.06847011596788581,0.40317752007136487
2375,57.68421052631579,74.94736842105263,74.94736842105263,37.578947368421055,68.89473684210526,1211.3684210526314,1573.8947368421052,393.4736842105263,2452.7999999999997,0.06669045495093666,0.415728813559322
2376,54.473684210526315,75.26315789473684,75.26315789473684,37.78947368421053,61.21052631578947,1143.9473684210527,1580.5263157894735,395.1315789473684,2339.842105263158,0.066971454058876,0.3965834076717217
2377,55.63157894736842,70.10526315789474,70.10526315789474,35.78947368421053,58.8421052631579,1168.2631578947369,1472.2105263157896,368.0526315789474,2354.1,0.062381801962533456,0.39899999999999997
2378,55.36842105263158,71.78947368421052,71.78947368421052,36.526315789473685,63.63157894736842,1162.7368421052631,1507.5789473684208,376.8947368421052,2353.5473684210524,0.06388046387154325,0.39890633363068684
2379,50.1578947368421,75.36842105263158,75.36842105263158,40.21052631578947,54.21052631578947,1053.3157894736842,1582.7368421052631,395.6842105263158,2186.321052631579,0.06706512042818912,0.37056289027653877
2380,55.21052631578947,74.0,74.0,36.63157894736842,63.8421052631579,1159.421052631579,1554.0,388.5,2359.515789473684,0.06584745762711865,0.3999179304192685
2381,52.473684210526315,64.84210526315789,64.84210526315789,33.21052631578947,59.05263157894737,1101.9473684210527,1361.6842105263156,340.4210526315789,2213.7315789473682,0.05769848349687778,0.3752087421944692
2382,48.68421052631579,83.0,83.0,42.73684210526316,55.94736842105263,1022.3684210526316,1743.0,435.75,2173.7763157894733,0.07385593220338983,0.36843666369313105
2383,53.26315789473684,70.10526315789474,70.10526315789474,34.78947368421053,61.36842105263158,1118.5263157894738,1472.2105263157896,368.0526315789474,2269.547368421053,0.062381801962533456,0.38466904549509373
2384,59.73684210526316,73.52631578947368,73.52631578947368,37.0,77.10526315789474,1254.4736842105262,1544.0526315789473,386.0131578947368,2518.618421052631,0.06542595896520963,0.42688447814451375
2385,52.31578947368421,77.15789473684211,77.15789473684211,39.89473684210526,62.1578947368421,1098.6315789473686,1620.3157894736844,405.0789473684211,2272.752631578948,0.06865744870651205,0.3852123104371098
2386,61.68421052631579,81.73684210526316,81.73684210526316,40.526315789473685,72.78947368421052,1295.3684210526314,1716.4736842105265,429.1184210526316,2631.244736842105,0.07273193577163248,0.44597368421052624
2387,52.0,80.78947368421052,80.78947368421052,41.73684210526316,51.0,1092.0,1696.5789473684208,424.1447368421052,2280.544736842105,0.07188893844781444,0.3865330062444246
2388,54.10526315789474,74.94736842105263,74.94736842105263,38.73684210526316,64.94736842105263,1136.2105263157896,1573.8947368421052,393.4736842105263,2325.0315789473684,0.06669045495093666,0.39407314897413026
2389,54.526315789473685,84.52631578947368,84.52631578947368,43.1578947368421,64.05263157894737,1145.0526315789473,1775.0526315789473,443.7631578947368,2390.3526315789472,0.07521409455842996,0.4051445138269402
2390,48.73684210526316,81.47368421052632,81.47368421052632,42.10526315789474,53.8421052631579,1023.4736842105264,1710.9473684210527,427.7368421052632,2167.642105263158,0.07249776984834969,0.3673969669937556
2391,51.26315789473684,75.36842105263158,75.36842105263158,37.94736842105263,60.05263157894737,1076.5263157894738,1582.7368421052631,395.6842105263158,2225.778947368421,0.06706512042818912,0.3772506690454951
2392,55.421052631578945,65.63157894736842,65.63157894736842,32.36842105263158,65.21052631578948,1163.842105263158,1378.2631578947369,344.5657894736842,2323.0973684210526,0.05840098126672614,0.39374531668153434
2393,48.526315789473685,72.36842105263158,72.36842105263158,37.0,51.421052631578945,1019.0526315789474,1519.7368421052631,379.9342105263158,2112.323684210526,0.06439562890276539,0.35802096342551293
2394,53.36842105263158,77.42105263157895,77.42105263157895,39.421052631578945,59.78947368421053,1120.7368421052631,1625.842105263158,406.4605263157895,2311.713157894737,0.06889161462979483,0.39181578947368423
2395,49.21052631578947,82.6842105263158,82.6842105263158,41.10526315789474,60.68421052631579,1033.421052631579,1736.3684210526317,434.0921052631579,2190.907894736842,0.07357493309545049,0.3713403211418376
2396,58.05263157894737,80.94736842105263,80.94736842105263,40.8421052631579,61.89473684210526,1219.1052631578948,1699.8947368421052,424.9736842105263,2497.452631578947,0.07202943800178412,0.42329705619982155
2397,58.21052631578947,78.63157894736842,78.63157894736842,38.0,69.10526315789474,1222.421052631579,1651.2631578947369,412.8157894736842,2490.9315789473685,0.06996877787689564,0.4221917930419269
2398,49.36842105263158,74.05263157894737,74.05263157894737,38.8421052631579,55.26315789473684,1036.7368421052631,1555.1052631578948,388.7763157894737,2151.228947368421,0.0658942908117752,0.36461507582515607
2399,59.05263157894737,74.57894736842105,74.57894736842105,36.10526315789474,61.31578947368421,1240.1052631578948,1566.157894736842,391.5394736842105,2499.7184210526316,0.06636262265834077,0.42368108831400536
2400,56.21052631578947,77.47368421052632,77.47368421052632,39.21052631578947,59.421052631578945,1180.421052631579,1626.9473684210527,406.7368421052632,2413.4526315789476,0.06893844781445138,0.4090597680642284
2401,55.05263157894737,73.57894736842105,73.57894736842105,38.36842105263158,65.3157894736842,1156.1052631578948,1545.157894736842,386.2894736842105,2351.6684210526314,0.06547279214986619,0.39858786797502227
2402,44.68421052631579,74.57894736842105,74.57894736842105,38.89473684210526,50.21052631578947,938.3684210526316,1566.157894736842,391.5394736842105,1986.765789473684,0.06636262265834077,0.3367399643175736
2403,55.94736842105263,67.63157894736842,67.63157894736842,33.73684210526316,64.52631578947368,1174.8947368421052,1420.2631578947369,355.0657894736842,2352.386842105263,0.06018064228367529,0.39870963425512934
2404,57.94736842105263,72.36842105263158,72.36842105263158,37.63157894736842,61.94736842105263,1216.8947368421052,1519.7368421052631,379.9342105263158,2448.6552631578948,0.06439562890276539,0.4150263157894737
2405,54.8421052631579,78.63157894736842,78.63157894736842,41.10526315789474,68.42105263157895,1151.6842105263158,1651.2631578947369,412.8157894736842,2370.678947368421,0.06996877787689564,0.4018099910793934
2406,48.89473684210526,77.0,77.0,40.0,51.0,1026.7894736842104,1617.0,404.25,2149.7921052631577,0.06851694915254238,0.364371543264942
2407,55.31578947368421,73.84210526315789,73.84210526315789,36.578947368421055,63.1578947368421,1161.6315789473686,1550.6842105263156,387.6710526315789,2362.444736842105,0.06570695807314897,0.400414362176628
2408,48.05263157894737,77.52631578947368,77.52631578947368,40.0,59.21052631578947,1009.1052631578948,1628.0526315789473,407.0131578947368,2122.492105263158,0.06898528099910793,0.35974442462087425
2409,48.8421052631579,74.63157894736842,74.63157894736842,37.0,54.68421052631579,1025.6842105263158,1567.2631578947369,391.8157894736842,2135.4789473684214,0.06640945584299733,0.36194558429973245
2410,54.473684210526315,74.05263157894737,74.05263157894737,38.8421052631579,66.10526315789474,1143.9473684210527,1555.1052631578948,388.7763157894737,2333.4868421052633,0.0658942908117752,0.3955062444246209
2411,52.21052631578947,65.36842105263158,65.36842105263158,32.73684210526316,57.8421052631579,1096.421052631579,1372.7368421052631,343.1842105263158,2207.1,0.058166815343443354,0.37408474576271183
2412,50.68421052631579,83.21052631578948,83.21052631578948,41.05263157894737,58.26315789473684,1064.3684210526314,1747.4210526315792,436.8552631578948,2246.281578947368,0.07404326494201607,0.3807256913470115
2413,47.8421052631579,72.84210526315789,72.84210526315789,37.473684210526315,55.05263157894737,1004.6842105263158,1529.6842105263156,382.4210526315789,2090.3842105263157,0.06481712756467439,0.3543024085637823
2414,56.36842105263158,79.47368421052632,79.47368421052632,39.578947368421055,61.421052631578945,1183.7368421052631,1668.9473684210527,417.2368421052632,2429.5894736842106,0.07071810883140053,0.4117948260481713
2415,54.10526315789474,80.52631578947368,80.52631578947368,40.1578947368421,59.68421052631579,1136.2105263157896,1691.0526315789473,422.7631578947368,2354.321052631579,0.07165477252453166,0.3990374665477252
2416,62.0,70.6842105263158,70.6842105263158,34.63157894736842,75.15789473684211,1302.0,1484.3684210526317,371.0921052631579,2584.492105263158,0.06289696699375558,0.43804950936663695
2417,55.63157894736842,73.0,73.0,36.473684210526315,66.89473684210526,1168.2631578947369,1533.0,383.25,2369.297368421053,0.06495762711864407,0.4015758251561107
2418,50.26315789473684,84.42105263157895,84.42105263157895,43.421052631578945,61.73684210526316,1055.5263157894738,1772.842105263158,443.2105263157895,2237.605263157895,0.07512042818911686,0.3792551293487958
2419,54.68421052631579,87.84210526315789,87.84210526315789,43.63157894736842,60.421052631578945,1148.3684210526314,1844.6842105263156,461.1710526315789,2413.3973684210523,0.07816458519179303,0.409050401427297
2420,53.26315789473684,72.47368421052632,72.47368421052632,36.05263157894737,58.05263157894737,1118.5263157894738,1521.9473684210527,380.4868421052632,2281.9815789473687,0.0644892952720785,0.38677653880463875
2421,52.94736842105263,80.57894736842105,80.57894736842105,40.8421052631579,62.421052631578945,1111.8947368421052,1692.157894736842,423.0394736842105,2313.2605263157893,0.07170160570918822,0.3920780553077609
2422,54.94736842105263,72.15789473684211,72.15789473684211,34.63157894736842,65.89473684210526,1153.8947368421052,1515.3157894736844,378.8289473684211,2340.45,0.06420829616413917,0.39668644067796605
2423,52.473684210526315,76.84210526315789,76.84210526315789,38.421052631578945,62.63157894736842,1101.9473684210527,1613.6842105263156,403.4210526315789,2276.7315789473682,0.0683764495985727,0.3858867082961641
2424,54.89473684210526,74.21052631578948,74.21052631578948,37.10526315789474,65.21052631578948,1152.7894736842104,1558.4210526315792,389.6052631578948,2349.347368421052,0.06603479036574487,0.39819446922390717
2425,52.0,68.84210526315789,68.84210526315789,33.73684210526316,62.578947368421055,1092.0,1445.6842105263156,361.4210526315789,2217.821052631579,0.06125780553077609,0.3759018733273862
2426,54.63157894736842,71.21052631578948,71.21052631578948,34.94736842105263,60.68421052631579,1147.2631578947369,1495.4210526315792,373.8552631578948,2324.202631578947,0.06336529884032115,0.39393264942016054
2427,47.421052631578945,75.94736842105263,75.94736842105263,38.526315789473685,59.578947368421055,995.8421052631578,1594.8947368421052,398.7236842105263,2091.6552631578948,0.06758028545941124,0.3545178412132025
2428,43.8421052631579,73.10526315789474,73.10526315789474,37.421052631578945,57.8421052631579,920.6842105263158,1535.2105263157896,383.8026315789474,1948.9657894736843,0.06505129348795718,0.33033318465655664
2429,61.68421052631579,73.84210526315789,73.84210526315789,36.421052631578945,78.26315789473684,1295.3684210526314,1550.6842105263156,387.6710526315789,2589.797368421052,0.06570695807314897,0.4389487065120427
2430,48.73684210526316,71.63157894736842,71.63157894736842,35.89473684210526,62.26315789473684,1023.4736842105264,1504.2631578947369,376.0657894736842,2115.971052631579,0.0637399643175736,0.35863916146297947
2431,54.89473684210526,73.10526315789474,73.10526315789474,37.473684210526315,59.526315789473685,1152.7894736842104,1535.2105263157896,383.8026315789474,2343.544736842105,0.06505129348795718,0.3972109723461195
2432,53.578947368421055,75.52631578947368,75.52631578947368,37.31578947368421,63.36842105263158,1125.157894736842,1586.0526315789473,396.5131578947368,2309.2815789473684,0.06720561998215878,0.39140365744870653
2433,43.63157894736842,93.15789473684211,93.15789473684211,48.578947368421055,50.94736842105263,916.2631578947368,1956.3157894736844,489.0789473684211,2046.7263157894736,0.08289473684210527,0.3469027653880464
2434,47.1578947368421,73.21052631578948,73.21052631578948,36.63157894736842,53.63157894736842,990.3157894736842,1537.4210526315792,384.3552631578948,2067.8921052631576,0.0651449598572703,0.35049018733273857
2435,51.0,80.10526315789474,80.10526315789474,42.26315789473684,61.21052631578947,1071.0,1682.2105263157896,420.5526315789474,2241.2526315789473,0.07128010704727922,0.3798733273862623
2436,46.63157894736842,79.21052631578948,79.21052631578948,39.05263157894737,54.73684210526316,979.2631578947368,1663.4210526315792,415.8552631578948,2080.6026315789472,0.07048394290811776,0.35264451382694023
2437,50.1578947368421,71.47368421052632,71.47368421052632,35.8421052631579,55.78947368421053,1053.3157894736842,1500.9473684210527,375.2368421052632,2165.8736842105263,0.06359946476360392,0.3670972346119536
2438,60.63157894736842,67.89473684210526,67.89473684210526,33.73684210526316,71.78947368421052,1273.2631578947369,1425.7894736842104,356.4473684210526,2520.9947368421053,0.06041480820695807,0.4272872435325602
2439,53.8421052631579,68.26315789473684,68.26315789473684,34.73684210526316,58.473684210526315,1130.6842105263158,1433.5263157894735,358.3815789473684,2280.5447368421055,0.06074264049955396,0.38653300624442466
2440,53.578947368421055,77.42105263157895,77.42105263157895,39.421052631578945,61.21052631578947,1125.157894736842,1625.842105263158,406.4605263157895,2319.228947368421,0.06889161462979483,0.3930896520963425
2441,48.31578947368421,77.6842105263158,77.6842105263158,41.05263157894737,48.8421052631579,1014.6315789473684,1631.3684210526317,407.8421052631579,2132.7157894736843,0.06912578055307761,0.3614772524531668
2442,53.526315789473685,81.73684210526316,81.73684210526316,40.473684210526315,65.05263157894737,1124.0526315789473,1716.4736842105265,429.1184210526316,2340.007894736842,0.07273193577163248,0.39661150758251557
2443,52.05263157894737,75.47368421052632,75.47368421052632,39.36842105263158,62.421052631578945,1093.1052631578948,1584.9473684210527,396.2368421052632,2254.5157894736844,0.06715878679750223,0.382121320249777
2444,48.10526315789474,75.57894736842105,75.57894736842105,40.26315789473684,51.10526315789474,1010.2105263157896,1587.157894736842,396.7894736842105,2114.1473684210528,0.06725245316681534,0.35833006244424626
2445,61.421052631578945,66.3157894736842,66.3157894736842,32.10526315789474,72.05263157894737,1289.842105263158,1392.6315789473683,348.1578947368421,2540.8894736842103,0.05900981266726137,0.43065923282783225
2446,53.73684210526316,81.3157894736842,81.3157894736842,39.421052631578945,71.05263157894737,1128.4736842105262,1707.6315789473683,426.9078947368421,2345.313157894737,0.07235727029438001,0.3975107047279215
2447,52.21052631578947,77.26315789473684,77.26315789473684,37.10526315789474,56.63157894736842,1096.421052631579,1622.5263157894735,405.6315789473684,2269.5473684210524,0.06875111507582515,0.3846690454950936
2448,52.78947368421053,94.36842105263158,94.36842105263158,47.578947368421055,66.05263157894737,1108.578947368421,1981.7368421052631,495.4342105263158,2380.0184210526313,0.08397190008920606,0.40339295272078496
2449,45.68421052631579,76.0,76.0,39.31578947368421,52.8421052631579,959.3684210526316,1596.0,399.0,2029.9263157894736,0.0676271186440678,0.34405530776092774
2450,54.526315789473685,81.0,81.0,40.421052631578945,66.73684210526316,1145.0526315789473,1701.0,425.25,2371.83947368421,0.07207627118644068,0.40200669045495085
2451,48.78947368421053,78.3157894736842,78.3157894736842,40.10526315789474,54.26315789473684,1024.578947368421,1644.6315789473683,411.1578947368421,2152.942105263158,0.06968777876895628,0.36490544157002675
2452,57.1578947368421,71.52631578947368,71.52631578947368,36.73684210526316,64.52631578947368,1200.3157894736842,1502.0526315789473,375.5131578947368,2416.0499999999997,0.06364629794826047,0.4095
2453,50.73684210526316,78.36842105263158,78.36842105263158,38.73684210526316,66.0,1065.4736842105262,1645.7368421052631,411.4342105263158,2222.73947368421,0.06973461195361284,0.3767355040142729
2454,52.63157894736842,74.42105263157895,74.42105263157895,38.473684210526315,55.526315789473685,1105.2631578947369,1562.842105263158,390.7105263157895,2269.657894736842,0.0662221231043711,0.38468777876895627
2455,55.578947368421055,69.0,69.0,36.21052631578947,59.78947368421053,1167.157894736842,1449.0,362.25,2346.4184210526314,0.06139830508474576,0.3976980374665477
2456,56.8421052631579,74.15789473684211,74.15789473684211,36.526315789473685,73.21052631578948,1193.6842105263158,1557.3157894736844,389.3289473684211,2418.592105263158,0.06598795718108832,0.4099308652988403
2457,46.578947368421055,80.6842105263158,80.6842105263158,41.94736842105263,53.78947368421053,978.1578947368422,1694.3684210526317,423.5921052631579,2086.4605263157896,0.07179527207850134,0.35363737734165923
2458,54.1578947368421,72.42105263157895,72.42105263157895,37.0,63.78947368421053,1137.3157894736842,1520.842105263158,380.2105263157895,2313.6473684210523,0.06444246208742195,0.39214362176628004
2459,52.526315789473685,76.63157894736842,76.63157894736842,38.31578947368421,63.73684210526316,1103.0526315789473,1609.2631578947369,402.3157894736842,2277.5052631578947,0.06818911685994648,0.3860178412132025
2460,48.578947368421055,84.94736842105263,84.94736842105263,41.68421052631579,51.526315789473685,1020.1578947368422,1783.8947368421052,445.9736842105263,2180.242105263158,0.07558876003568242,0.3695325602140946
2461,53.8421052631579,80.52631578947368,80.52631578947368,40.526315789473685,59.36842105263158,1130.6842105263158,1691.0526315789473,422.7631578947368,2344.926315789474,0.07165477252453166,0.39744513826940236
2462,43.0,83.94736842105263,83.94736842105263,43.0,50.21052631578947,903.0,1762.8947368421052,440.7236842105263,1975.8236842105262,0.07469892952720784,0.33488537020517395
2463,49.421052631578945,85.84210526315789,85.84210526315789,42.8421052631579,54.10526315789474,1037.842105263158,1802.6842105263156,450.6710526315789,2215.0026315789473,0.07638492417484388,0.3754241748438894
2464,54.10526315789474,82.84210526315789,82.84210526315789,41.63157894736842,63.8421052631579,1136.2105263157896,1739.6842105263156,434.9210526315789,2366.478947368421,0.07371543264942015,0.4010981266726137
2465,48.78947368421053,77.89473684210526,77.89473684210526,39.63157894736842,59.10526315789474,1024.578947368421,1635.7894736842104,408.9473684210526,2150.7315789473682,0.06931311329170384,0.3645307760927743
2466,47.63157894736842,76.05263157894737,76.05263157894737,39.10526315789474,62.73684210526316,1000.2631578947368,1597.1052631578948,399.2763157894737,2099.7236842105262,0.06767395182872435,0.3558853702051739
2467,48.89473684210526,73.6842105263158,73.6842105263158,35.78947368421053,58.8421052631579,1026.7894736842104,1547.3684210526317,386.8421052631579,2132.3842105263157,0.0655664585191793,0.3614210526315789
2468,48.0,78.10526315789474,78.10526315789474,39.0,51.10526315789474,1008.0,1640.2105263157896,410.0526315789474,2123.6526315789474,0.06950044603033007,0.35994112399643174
2469,55.473684210526315,76.73684210526316,76.73684210526316,38.421052631578945,66.57894736842105,1164.9473684210527,1611.4736842105265,402.8684210526316,2383.278947368421,0.0682827832292596,0.4039455842997324
2470,53.36842105263158,86.63157894736842,86.63157894736842,44.31578947368421,62.94736842105263,1120.7368421052631,1819.2631578947369,454.8157894736842,2360.0684210526315,0.07708742194469224,0.4000115967885816
2471,53.36842105263158,87.0,87.0,42.1578947368421,66.57894736842105,1120.7368421052631,1827.0,456.75,2362.0026315789473,0.07741525423728814,0.40033942908117753
2472,47.31578947368421,76.15789473684211,76.15789473684211,38.473684210526315,50.31578947368421,993.6315789473684,1599.3157894736844,399.8289473684211,2089.0026315789473,0.06776761819803748,0.3540682426404995
2473,44.94736842105263,82.21052631578948,82.21052631578948,43.578947368421055,50.94736842105263,943.8947368421052,1726.4210526315792,431.6052631578948,2036.2263157894736,0.0731534344335415,0.3451231043710972
2474,48.473684210526315,79.05263157894737,79.05263157894737,41.05263157894737,56.578947368421055,1017.9473684210526,1660.1052631578948,415.0263157894737,2145.536842105263,0.07034344335414809,0.363650312221231
2475,49.05263157894737,89.63157894736842,89.63157894736842,44.36842105263158,54.21052631578947,1030.1052631578948,1882.2631578947369,470.5657894736842,2221.7447368421053,0.07975691347011597,0.37656690454950936
2476,51.63157894736842,77.10526315789474,77.10526315789474,38.94736842105263,56.63157894736842,1084.2631578947369,1619.2105263157896,404.8026315789474,2248.05,0.06861061552185549,0.3810254237288136
2477,50.26315789473684,67.57894736842105,67.57894736842105,32.89473684210526,56.21052631578947,1055.5263157894738,1419.157894736842,354.7894736842105,2149.184210526316,0.060133809099018734,0.3642685102586976
2478,51.73684210526316,75.89473684210526,75.89473684210526,38.473684210526315,59.31578947368421,1086.4736842105262,1593.7894736842104,398.4473684210526,2245.452631578947,0.06753345227475469,0.3805851917930419
2479,41.473684210526315,83.15789473684211,83.15789473684211,41.94736842105263,48.8421052631579,870.9473684210526,1746.3157894736844,436.5789473684211,1917.1894736842105,0.07399643175735951,0.32494736842105265
2480,48.78947368421053,73.57894736842105,73.57894736842105,37.421052631578945,56.0,1024.578947368421,1545.157894736842,386.2894736842105,2128.073684210526,0.06547279214986619,0.36069045495093666
2481,56.78947368421053,75.0,75.0,39.1578947368421,63.05263157894737,1192.578947368421,1575.0,393.75,2421.1342105263157,0.06673728813559322,0.4103617305976806
2482,45.94736842105263,74.94736842105263,74.94736842105263,37.8421052631579,51.05263157894737,964.8947368421052,1573.8947368421052,393.4736842105263,2033.794736842105,0.06669045495093666,0.3447109723461195
2483,53.578947368421055,75.84210526315789,75.84210526315789,39.68421052631579,60.68421052631579,1125.157894736842,1592.6842105263156,398.1710526315789,2310.9394736842105,0.06748661909009812,0.39168465655664586
2484,45.89473684210526,87.73684210526316,87.73684210526316,44.73684210526316,52.73684210526316,963.7894736842104,1842.4736842105265,460.6184210526316,2099.060526315789,0.07807091882247993,0.35577297056199814
2485,52.10526315789474,77.52631578947368,77.52631578947368,40.21052631578947,62.526315789473685,1094.2105263157896,1628.0526315789473,407.0131578947368,2267.171052631579,0.06898528099910793,0.38426628010704733
2486,52.94736842105263,72.36842105263158,72.36842105263158,36.78947368421053,60.05263157894737,1111.8947368421052,1519.7368421052631,379.9342105263158,2270.1552631578943,0.06439562890276539,0.38477207850133804
2487,53.421052631578945,73.05263157894737,73.05263157894737,36.63157894736842,61.578947368421055,1121.842105263158,1534.1052631578948,383.5263157894737,2290.657894736842,0.06500446030330062,0.3882471008028546
2488,50.94736842105263,73.63157894736842,73.63157894736842,37.21052631578947,58.21052631578947,1069.8947368421052,1546.2631578947369,386.5657894736842,2205.386842105263,0.06551962533452275,0.3737943800178412
2489,54.473684210526315,68.26315789473684,68.26315789473684,33.0,62.05263157894737,1143.9473684210527,1433.5263157894735,358.3815789473684,2303.092105263158,0.06074264049955396,0.39035459411239964
2490,53.21052631578947,78.52631578947368,78.52631578947368,38.526315789473685,66.15789473684211,1117.421052631579,1649.0526315789473,412.2631578947368,2311.878947368421,0.06987511150758251,0.3918438893844781
2491,45.421052631578945,80.15789473684211,80.15789473684211,41.73684210526316,44.94736842105263,953.8421052631578,1683.3157894736844,420.8289473684211,2042.3605263157892,0.07132694023193578,0.34616280107047276
2492,54.21052631578947,68.89473684210526,68.89473684210526,36.31578947368421,60.578947368421055,1138.421052631579,1446.7894736842104,361.6973684210526,2297.0131578947367,0.061304638715432645,0.38932426404995535
2493,52.21052631578947,86.89473684210526,86.89473684210526,42.94736842105263,66.89473684210526,1096.421052631579,1824.7894736842104,456.1973684210526,2320.1131578947366,0.07732158786797502,0.39323951828724346
2494,48.578947368421055,69.73684210526316,69.73684210526316,35.473684210526315,60.21052631578947,1020.1578947368422,1464.4736842105265,366.1184210526316,2100.3868421052634,0.062053969669937564,0.35599776984834974
2495,54.10526315789474,78.15789473684211,78.15789473684211,38.8421052631579,59.21052631578947,1136.2105263157896,1641.3157894736844,410.3289473684211,2341.8868421052634,0.06954727921498663,0.39692997323818024
2496,48.421052631578945,77.6842105263158,77.6842105263158,39.63157894736842,55.31578947368421,1016.8421052631578,1631.3684210526317,407.8421052631579,2136.4736842105262,0.06912578055307761,0.362114183764496
2497,49.473684210526315,93.05263157894737,93.05263157894737,46.1578947368421,55.21052631578947,1038.9473684210527,1954.1052631578948,488.5263157894737,2254.7368421052633,0.08280107047279216,0.38215878679750226
2498,58.1578947368421,83.52631578947368,83.52631578947368,41.0,67.57894736842105,1221.3157894736842,1754.0526315789473,438.5131578947368,2514.7499999999995,0.07432426404995539,0.42622881355932196
2499,50.05263157894737,78.10526315789474,78.10526315789474,39.68421052631579,57.94736842105263,1051.1052631578948,1640.2105263157896,410.0526315789474,2196.9315789473685,0.06950044603033007,0.37236128456735057
2500,58.31578947368421,73.78947368421052,73.78947368421052,37.63157894736842,69.05263157894737,1224.6315789473686,1549.5789473684208,387.3947368421052,2469.2684210526313,0.0656601248884924,0.41852007136485275
2501,48.94736842105263,75.47368421052632,75.47368421052632,37.78947368421053,56.578947368421055,1027.8947368421052,1584.9473684210527,396.2368421052632,2143.657894736842,0.06715878679750223,0.36333184656556644
2502,50.78947368421053,72.3157894736842,72.3157894736842,36.1578947368421,59.8421052631579,1066.578947368421,1518.6315789473683,379.6578947368421,2192.8421052631575,0.06434879571810882,0.3716681534344335
2503,53.8421052631579,69.89473684210526,69.89473684210526,35.31578947368421,65.52631578947368,1130.6842105263158,1467.7894736842104,366.9473684210526,2289.1105263157897,0.06219446922390722,0.3879848349687779
2504,46.73684210526316,74.15789473684211,74.15789473684211,37.63157894736842,54.21052631578947,981.4736842105264,1557.3157894736844,389.3289473684211,2057.834210526316,0.06598795718108832,0.34878545941124
2505,55.21052631578947,84.42105263157895,84.42105263157895,42.68421052631579,61.36842105263158,1159.421052631579,1772.842105263158,443.2105263157895,2414.2263157894736,0.07512042818911686,0.4091909009812667
2506,60.89473684210526,72.10526315789474,72.10526315789474,36.68421052631579,65.0,1278.7894736842104,1514.2105263157896,378.5526315789474,2552.4947368421053,0.06416146297948261,0.43262622658340766
2507,49.473684210526315,70.47368421052632,70.47368421052632,35.21052631578947,55.21052631578947,1038.9473684210527,1479.9473684210527,369.9868421052632,2136.197368421053,0.06270963425512935,0.36206735057983946
2508,43.89473684210526,76.47368421052632,76.47368421052632,38.0,52.21052631578947,921.7894736842104,1605.9473684210527,401.4868421052632,1968.5289473684209,0.0680486173059768,0.3336489741302408
2509,57.36842105263158,70.0,70.0,34.473684210526315,65.21052631578948,1204.7368421052631,1470.0,367.5,2415.552631578947,0.06228813559322034,0.40941570026761814
2510,49.21052631578947,72.52631578947368,72.52631578947368,35.526315789473685,57.526315789473685,1033.421052631579,1523.0526315789473,380.7631578947368,2137.578947368421,0.06453612845673505,0.36230151650312215
2511,47.0,79.78947368421052,79.78947368421052,41.10526315789474,57.78947368421053,987.0,1675.5789473684208,418.8947368421052,2096.794736842105,0.07099910793933986,0.35538893844781444
2512,62.73684210526316,67.21052631578948,67.21052631578948,32.68421052631579,75.42105263157895,1317.4736842105262,1411.4210526315792,352.8552631578948,2592.5605263157895,0.05980597680642285,0.4394170383586084
2513,52.73684210526316,65.36842105263158,65.36842105263158,32.21052631578947,60.8421052631579,1107.4736842105262,1372.7368421052631,343.1842105263158,2225.8894736842103,0.058166815343443354,0.3772694023193577
2514,48.21052631578947,74.42105263157895,74.42105263157895,37.78947368421053,53.94736842105263,1012.421052631579,1562.842105263158,390.7105263157895,2111.8263157894735,0.0662221231043711,0.3579366636931311
2515,59.578947368421055,73.6842105263158,73.6842105263158,37.0,63.63157894736842,1251.157894736842,1547.3684210526317,386.8421052631579,2513.8105263157895,0.0655664585191793,0.42606958073148976
2516,46.31578947368421,78.0,78.0,39.63157894736842,57.421052631578945,972.6315789473684,1638.0,409.5,2062.9736842105262,0.06940677966101695,0.3496565566458519
2517,52.31578947368421,71.05263157894737,71.05263157894737,36.05263157894737,65.26315789473684,1098.6315789473686,1492.1052631578948,373.0263157894737,2240.7000000000003,0.06322479928635147,0.3797796610169492
2518,55.94736842105263,67.36842105263158,67.36842105263158,32.89473684210526,63.63157894736842,1174.8947368421052,1414.7368421052631,353.6842105263158,2351.0052631578947,0.059946476360392506,0.39847546833184655
2519,50.26315789473684,72.84210526315789,72.84210526315789,36.89473684210526,58.63157894736842,1055.5263157894738,1529.6842105263156,382.4210526315789,2176.815789473684,0.06481712756467439,0.3689518287243532
2520,56.31578947368421,75.0,75.0,38.31578947368421,66.26315789473684,1182.6315789473686,1575.0,393.75,2404.2236842105267,0.06673728813559322,0.40749553969669944
2521,50.05263157894737,82.10526315789474,82.10526315789474,40.05263157894737,60.8421052631579,1051.1052631578948,1724.2105263157896,431.0526315789474,2217.9315789473685,0.07305976806422837,0.3759206066012489
2522,49.21052631578947,81.94736842105263,81.94736842105263,40.73684210526316,64.57894736842105,1033.421052631579,1720.8947368421052,430.2236842105263,2187.0394736842104,0.07291926851025869,0.37068465655664584
2523,48.1578947368421,78.89473684210526,78.89473684210526,39.94736842105263,54.31578947368421,1011.3157894736842,1656.7894736842104,414.1973684210526,2133.434210526316,0.07020294380017841,0.3615990187332739
2524,50.26315789473684,72.47368421052632,72.47368421052632,36.473684210526315,54.94736842105263,1055.5263157894738,1521.9473684210527,380.4868421052632,2174.881578947369,0.0644892952720785,0.3686239964317574
2525,57.63157894736842,69.05263157894737,69.05263157894737,35.78947368421053,62.36842105263158,1210.2631578947369,1450.1052631578948,362.5263157894737,2419.9736842105262,0.06144513826940232,0.4101650312221231
2526,59.36842105263158,66.89473684210526,66.89473684210526,33.473684210526315,61.05263157894737,1246.7368421052631,1404.7894736842104,351.1973684210526,2470.6499999999996,0.05952497769848349,0.41875423728813554
2527,50.94736842105263,69.73684210526316,69.73684210526316,36.1578947368421,59.0,1069.8947368421052,1464.4736842105265,366.1184210526316,2184.9394736842105,0.062053969669937564,0.37032872435325603
2528,49.89473684210526,90.78947368421052,90.78947368421052,46.26315789473684,56.8421052631579,1047.7894736842104,1906.5789473684208,476.6447368421052,2257.886842105263,0.0807872435325602,0.38269268510258697
2529,55.31578947368421,82.94736842105263,82.94736842105263,41.73684210526316,63.63157894736842,1161.6315789473686,1741.8947368421052,435.4736842105263,2410.2473684210527,0.07380909901873327,0.4085165031222123
2530,63.26315789473684,62.0,62.0,31.42105263157895,71.36842105263158,1328.5263157894738,1302.0,325.5,2583.9947368421053,0.055169491525423726,0.4379652096342551
2531,50.0,75.78947368421052,75.78947368421052,38.0,59.05263157894737,1050.0,1591.5789473684208,397.8947368421052,2182.894736842105,0.06743978590544156,0.36998215878679747
2532,57.0,67.36842105263158,67.36842105263158,34.1578947368421,63.21052631578947,1197.0,1414.7368421052631,353.6842105263158,2388.5842105263155,0.059946476360392506,0.4048447814451382
2533,50.10526315789474,79.05263157894737,79.05263157894737,40.421052631578945,60.31578947368421,1052.2105263157896,1660.1052631578948,415.0263157894737,2203.7842105263157,0.07034344335414809,0.3735227475468332
2534,44.36842105263158,91.15789473684211,91.15789473684211,47.526315789473685,47.94736842105263,931.7368421052632,1914.3157894736844,478.5789473684211,2062.5315789473684,0.08111507582515612,0.3495816235504014
2535,54.21052631578947,73.0,73.0,36.73684210526316,67.84210526315789,1138.421052631579,1533.0,383.25,2318.565789473684,0.06495762711864407,0.3929772524531668
2536,53.10526315789474,76.63157894736842,76.63157894736842,38.31578947368421,55.78947368421053,1115.2105263157896,1609.2631578947369,402.3157894736842,2298.1736842105265,0.06818911685994648,0.38952096342551296
2537,51.78947368421053,87.36842105263158,87.36842105263158,45.05263157894737,59.578947368421055,1087.578947368421,1834.7368421052631,458.6842105263158,2307.5684210526315,0.07774308652988403,0.39111329170383585
2538,51.526315789473685,71.10526315789474,71.10526315789474,37.473684210526315,55.05263157894737,1082.0526315789473,1493.2105263157896,373.3026315789474,2212.7921052631577,0.06327163247100803,0.3750495093666369
2539,51.8421052631579,79.84210526315789,79.84210526315789,40.21052631578947,66.3157894736842,1088.6842105263158,1676.6842105263156,419.1710526315789,2269.934210526316,0.07104594112399643,0.38473461195361286
2540,50.0,77.42105263157895,77.42105263157895,39.89473684210526,55.21052631578947,1050.0,1625.842105263158,406.4605263157895,2191.4605263157896,0.06889161462979483,0.37143398751115075
2541,56.0,70.47368421052632,70.47368421052632,34.526315789473685,59.421052631578945,1176.0,1479.9473684210527,369.9868421052632,2369.186842105263,0.06270963425512935,0.401557091882248
2542,52.578947368421055,80.05263157894737,80.05263157894737,38.21052631578947,57.8421052631579,1104.157894736842,1681.1052631578948,420.2763157894737,2297.3447368421052,0.07123327386262267,0.38938046387154324
2543,47.31578947368421,77.36842105263158,77.36842105263158,38.94736842105263,55.73684210526316,993.6315789473684,1624.7368421052631,406.1842105263158,2095.357894736842,0.06884478144513827,0.3551454058876003
2544,54.63157894736842,76.42105263157895,76.42105263157895,37.0,60.0,1147.2631578947369,1604.842105263158,401.2105263157895,2351.557894736842,0.06800178412132026,0.3985691347011597
2545,58.78947368421053,73.42105263157895,73.42105263157895,36.526315789473685,66.15789473684211,1234.578947368421,1541.842105263158,385.4605263157895,2484.2447368421053,0.06533229259589653,0.42105842997323817
2546,48.31578947368421,71.42105263157895,71.42105263157895,37.526315789473685,52.526315789473685,1014.6315789473684,1499.842105263158,374.9605263157895,2099.834210526316,0.06355263157894737,0.3559041034790366
2547,53.73684210526316,78.05263157894737,78.05263157894737,39.10526315789474,67.42105263157895,1128.4736842105262,1639.1052631578948,409.7763157894737,2328.181578947368,0.06945361284567352,0.3946070472792149
2548,53.1578947368421,70.57894736842105,70.57894736842105,32.421052631578945,61.473684210526315,1116.3157894736842,1482.157894736842,370.5394736842105,2268.2763157894738,0.06280330062444246,0.38445361284567353
2549,54.26315789473684,83.15789473684211,83.15789473684211,41.63157894736842,69.0,1139.5263157894738,1746.3157894736844,436.5789473684211,2373.7736842105264,0.07399643175735951,0.40233452274754683
2550,53.578947368421055,75.78947368421052,75.78947368421052,39.473684210526315,63.63157894736842,1125.157894736842,1591.5789473684208,397.8947368421052,2310.6631578947367,0.06743978590544156,0.39163782337198927
2551,49.63157894736842,79.05263157894737,79.05263157894737,38.36842105263158,58.36842105263158,1042.2631578947369,1660.1052631578948,415.0263157894737,2186.8736842105263,0.07034344335414809,0.3706565566458519
2552,58.94736842105263,71.52631578947368,71.52631578947368,31.789473684210527,62.8421052631579,1237.8947368421052,1502.0526315789473,375.5131578947368,2479.9342105263154,0.06364629794826047,0.42032783229259585
2553,52.31578947368421,73.57894736842105,73.57894736842105,35.421052631578945,66.78947368421052,1098.6315789473686,1545.157894736842,386.2894736842105,2253.963157894737,0.06547279214986619,0.3820276538804639
2554,50.8421052631579,83.3157894736842,83.3157894736842,43.05263157894737,60.68421052631579,1067.6842105263158,1749.6315789473683,437.4078947368421,2252.471052631579,0.07413693131132916,0.38177475468331845
2555,52.63157894736842,89.21052631578948,89.21052631578948,45.78947368421053,57.26315789473684,1105.2631578947369,1873.4210526315792,468.3552631578948,2347.3026315789475,0.07938224799286353,0.3978479036574487
2556,45.8421052631579,81.05263157894737,81.05263157894737,41.78947368421053,54.89473684210526,962.6842105263158,1702.1052631578948,425.5263157894737,2062.0894736842106,0.07212310437109724,0.349506690454951
2557,46.578947368421055,80.3157894736842,80.3157894736842,41.21052631578947,51.1578947368421,978.1578947368422,1686.6315789473683,421.6578947368421,2084.5263157894738,0.07146743978590543,0.35330954504906337
2558,49.73684210526316,71.94736842105263,71.94736842105263,34.526315789473685,55.05263157894737,1044.4736842105262,1510.8947368421052,377.7236842105263,2153.328947368421,0.06402096342551293,0.3649710080285459
2559,57.73684210526316,75.21052631578948,75.21052631578948,36.10526315789474,73.3157894736842,1212.4736842105262,1579.4210526315792,394.8552631578948,2456.0605263157895,0.06692462087421945,0.4162814451382694
2560,54.473684210526315,66.6842105263158,66.6842105263158,32.578947368421055,64.63157894736842,1143.9473684210527,1400.3684210526317,350.0921052631579,2294.8026315789475,0.05933764495985727,0.38894959857270295
2561,66.36842105263158,70.52631578947368,70.52631578947368,35.63157894736842,74.47368421052632,1393.7368421052631,1481.0526315789473,370.2631578947368,2739.615789473684,0.0627564674397859,0.4643416592328278
2562,51.8421052631579,68.63157894736842,68.63157894736842,35.10526315789474,53.26315789473684,1088.6842105263158,1441.2631578947369,360.3157894736842,2211.0789473684213,0.06107047279214987,0.3747591436217663
2563,52.0,68.0,68.0,33.526315789473685,55.63157894736842,1092.0,1428.0,357.0,2213.3999999999996,0.06050847457627118,0.3751525423728813
2564,48.578947368421055,78.36842105263158,78.36842105263158,38.94736842105263,52.94736842105263,1020.1578947368422,1645.7368421052631,411.4342105263158,2145.7026315789476,0.06973461195361284,0.363678412132025
2565,44.526315789473685,80.89473684210526,80.89473684210526,41.0,50.68421052631579,935.0526315789474,1698.7894736842104,424.6973684210526,2014.286842105263,0.07198260481712757,0.3414045495093666
2566,54.1578947368421,69.10526315789474,69.10526315789474,36.473684210526315,60.68421052631579,1137.3157894736842,1451.2105263157896,362.8026315789474,2296.23947368421,0.06149197145405888,0.389193131132917
2567,48.21052631578947,82.89473684210526,82.89473684210526,43.21052631578947,52.68421052631579,1012.421052631579,1740.7894736842104,435.1973684210526,2156.313157894737,0.07376226583407672,0.36547680642283675
2568,52.10526315789474,78.47368421052632,78.47368421052632,40.0,59.473684210526315,1094.2105263157896,1647.9473684210527,411.9868421052632,2272.1447368421054,0.06982827832292596,0.3851092774308653
2569,54.578947368421055,81.0,81.0,41.0,66.57894736842105,1146.157894736842,1701.0,425.25,2373.7184210526316,0.07207627118644068,0.40232515611061553
2570,45.05263157894737,87.94736842105263,87.94736842105263,45.94736842105263,55.578947368421055,946.1052631578948,1846.8947368421052,461.7236842105263,2070.1026315789477,0.07825825156110615,0.35086485280999113
2571,54.36842105263158,79.36842105263158,79.36842105263158,38.473684210526315,66.15789473684211,1141.7368421052631,1666.7368421052631,416.6842105263158,2357.636842105263,0.07062444246208742,0.3995994647636039
2572,62.63157894736842,78.73684210526316,78.73684210526316,38.1578947368421,69.73684210526316,1315.2631578947369,1653.4736842105265,413.3684210526316,2649.315789473684,0.07006244424620875,0.44903657448706513
2573,52.473684210526315,79.15789473684211,79.15789473684211,41.05263157894737,55.73684210526316,1101.9473684210527,1662.3157894736844,415.5789473684211,2288.8894736842108,0.0704371097234612,0.38794736842105265
2574,50.05263157894737,76.36842105263158,76.36842105263158,37.26315789473684,59.31578947368421,1051.1052631578948,1603.7368421052631,400.9342105263158,2187.813157894737,0.06795495093666369,0.3708157894736842
2575,46.89473684210526,79.15789473684211,79.15789473684211,40.578947368421055,51.89473684210526,984.7894736842104,1662.3157894736844,415.5789473684211,2089.721052631579,0.0704371097234612,0.3541900089206066
2576,57.73684210526316,68.05263157894737,68.05263157894737,35.0,64.94736842105263,1212.4736842105262,1429.1052631578948,357.2763157894737,2418.4815789473682,0.06055530776092775,0.40991213202497767
2577,54.68421052631579,73.84210526315789,73.84210526315789,37.0,64.10526315789474,1148.3684210526314,1550.6842105263156,387.6710526315789,2339.8973684210523,0.06570695807314897,0.3965927743086529
2578,57.0,71.26315789473684,71.26315789473684,35.10526315789474,67.52631578947368,1197.0,1496.5263157894735,374.1315789473684,2409.0315789473684,0.0634121320249777,0.4083104371097235
2579,49.526315789473685,79.94736842105263,79.94736842105263,41.0,54.78947368421053,1040.0526315789473,1678.8947368421052,419.7236842105263,2187.813157894737,0.07113960749330954,0.3708157894736842
2580,56.63157894736842,75.0,75.0,35.526315789473685,72.3157894736842,1189.2631578947369,1575.0,393.75,2415.4973684210527,0.06673728813559322,0.4094063336306869
2581,49.10526315789474,71.42105263157895,71.42105263157895,35.526315789473685,56.21052631578947,1031.2105263157896,1499.842105263158,374.9605263157895,2128.0184210526318,0.06355263157894737,0.36068108831400536
2582,51.1578947368421,71.3157894736842,71.3157894736842,34.0,60.63157894736842,1074.3157894736842,1497.6315789473683,374.4078947368421,2200.7447368421053,0.06345896520963425,0.37300758251561106
2583,48.78947368421053,81.84210526315789,81.84210526315789,42.578947368421055,54.421052631578945,1024.578947368421,1718.6842105263156,429.6710526315789,2171.4552631578945,0.07282560214094558,0.368043264942016
2584,46.36842105263158,80.26315789473684,80.26315789473684,39.473684210526315,54.26315789473684,973.7368421052632,1685.5263157894735,421.3815789473684,2076.734210526316,0.07142060660124888,0.3519888492417485
2585,57.21052631578947,68.89473684210526,68.89473684210526,34.578947368421055,60.89473684210526,1201.421052631579,1446.7894736842104,361.6973684210526,2404.1131578947366,0.061304638715432645,0.4074768064228367
2586,55.473684210526315,69.15789473684211,69.15789473684211,32.73684210526316,73.57894736842105,1164.9473684210527,1452.3157894736844,363.0789473684211,2343.4894736842107,0.06153880463871544,0.3972016057091883
2587,48.1578947368421,75.10526315789474,75.10526315789474,37.473684210526315,58.31578947368421,1011.3157894736842,1577.2105263157896,394.3026315789474,2113.5394736842104,0.06683095450490634,0.3582270294380018
2588,55.05263157894737,72.63157894736842,72.63157894736842,36.26315789473684,63.05263157894737,1156.1052631578948,1525.2631578947369,381.3157894736842,2346.694736842105,0.06462979482604818,0.3977448706512043
2589,58.36842105263158,73.6842105263158,73.6842105263158,37.473684210526315,66.63157894736842,1225.7368421052631,1547.3684210526317,386.8421052631579,2470.5947368421052,0.0655664585191793,0.4187448706512043
2590,47.94736842105263,80.15789473684211,80.15789473684211,40.68421052631579,53.8421052631579,1006.8947368421052,1683.3157894736844,420.8289473684211,2132.55,0.07132694023193578,0.3614491525423729
2591,51.473684210526315,78.94736842105263,78.94736842105263,40.05263157894737,59.21052631578947,1080.9473684210527,1657.8947368421052,414.4736842105263,2252.084210526316,0.07024977698483496,0.3817091882247993
2592,50.78947368421053,81.6842105263158,81.6842105263158,41.68421052631579,60.05263157894737,1066.578947368421,1715.3684210526317,428.8421052631579,2242.0263157894733,0.07268510258697591,0.38000446030330054
2593,48.94736842105263,74.36842105263158,74.36842105263158,38.0,55.63157894736842,1027.8947368421052,1561.7368421052631,390.4342105263158,2137.8552631578946,0.06617528991971454,0.36234834968777874
2594,48.21052631578947,79.6842105263158,79.6842105263158,39.78947368421053,54.0,1012.421052631579,1673.3684210526317,418.3421052631579,2139.457894736842,0.07090544157002676,0.36261998215878677
2595,47.31578947368421,73.57894736842105,73.57894736842105,37.0,50.578947368421055,993.6315789473684,1545.157894736842,386.2894736842105,2075.463157894737,0.06547279214986619,0.3517734165923283
2596,53.26315789473684,78.0,78.0,38.68421052631579,66.47368421052632,1118.5263157894738,1638.0,409.5,2310.9947368421053,0.06940677966101695,0.39169402319357716
2597,49.578947368421055,84.15789473684211,84.15789473684211,42.78947368421053,52.8421052631579,1041.157894736842,1767.3157894736844,441.8289473684211,2211.797368421053,0.07488626226583409,0.37488090990187334
2598,60.526315789473685,79.57894736842105,79.57894736842105,40.05263157894737,67.78947368421052,1271.0526315789473,1671.157894736842,417.7894736842105,2578.578947368421,0.07081177520071365,0.4370472792149866
2599,55.1578947368421,77.78947368421052,77.78947368421052,39.73684210526316,67.84210526315789,1158.3157894736842,1633.5789473684208,408.3947368421052,2377.531578947368,0.06921944692239071,0.4029714540588759
2600,52.89473684210526,73.42105263157895,73.42105263157895,36.73684210526316,58.10526315789474,1110.7894736842104,1541.842105263158,385.4605263157895,2273.802631578947,0.06533229259589653,0.3853902765388046
2601,53.05263157894737,70.52631578947368,70.52631578947368,36.1578947368421,61.94736842105263,1114.1052631578948,1481.0526315789473,370.2631578947368,2264.242105263158,0.0627564674397859,0.3837698483496878
2602,53.68421052631579,80.84210526315789,80.84210526315789,40.73684210526316,66.42105263157895,1127.3684210526314,1697.6842105263156,424.4210526315789,2340.947368421052,0.071935771632471,0.3967707404103478
2603,50.421052631578945,78.42105263157895,78.42105263157895,39.10526315789474,58.63157894736842,1058.842105263158,1646.842105263158,411.7105263157895,2211.742105263158,0.06978144513826941,0.37487154326494204
2604,60.21052631578947,68.42105263157895,68.42105263157895,34.10526315789474,68.15789473684211,1264.421052631579,1436.842105263158,359.2105263157895,2508.7263157894736,0.06088314005352364,0.4252078501338091
2605,45.421052631578945,73.36842105263158,73.36842105263158,37.473684210526315,49.89473684210526,953.8421052631578,1540.7368421052631,385.1842105263158,2006.715789473684,0.06528545941123996,0.3401213202497769
2606,58.21052631578947,79.3157894736842,79.3157894736842,38.94736842105263,72.84210526315789,1222.421052631579,1665.6315789473683,416.4078947368421,2494.5236842105264,0.07057760927743086,0.4228006244424621
2607,49.21052631578947,77.15789473684211,77.15789473684211,38.63157894736842,62.8421052631579,1033.421052631579,1620.3157894736844,405.0789473684211,2161.8947368421054,0.06865744870651205,0.3664228367528992
2608,53.578947368421055,80.3157894736842,80.3157894736842,40.21052631578947,63.21052631578947,1125.157894736842,1686.6315789473683,421.6578947368421,2334.426315789474,0.07146743978590543,0.3956654772524532
2609,48.8421052631579,73.6842105263158,73.6842105263158,37.578947368421055,54.63157894736842,1025.6842105263158,1547.3684210526317,386.8421052631579,2130.5052631578947,0.0655664585191793,0.36110258697591435
2610,46.73684210526316,75.57894736842105,75.57894736842105,38.73684210526316,53.526315789473685,981.4736842105264,1587.157894736842,396.7894736842105,2065.294736842105,0.06725245316681534,0.350049955396967
2611,60.73684210526316,65.15789473684211,65.15789473684211,32.94736842105263,65.0,1275.4736842105262,1368.3157894736844,342.0789473684211,2510.3842105263157,0.05797948260481713,0.4254888492417484
2612,48.526315789473685,76.26315789473684,76.26315789473684,38.578947368421055,56.21052631578947,1019.0526315789474,1601.5263157894735,400.3815789473684,2132.771052631579,0.06786128456735058,0.36148661909009816
2613,48.578947368421055,78.57894736842105,78.57894736842105,39.36842105263158,58.10526315789474,1020.1578947368422,1650.157894736842,412.5394736842105,2146.807894736842,0.06992194469223907,0.3638657448706512
2614,50.63157894736842,58.473684210526315,58.473684210526315,29.894736842105264,54.473684210526315,1063.2631578947369,1227.9473684210527,306.9868421052632,2114.5342105263157,0.052031668153434435,0.3583956289027654
2615,52.21052631578947,66.84210526315789,66.84210526315789,31.94736842105263,62.21052631578947,1096.421052631579,1403.6842105263156,350.9210526315789,2214.836842105263,0.059478144513826936,0.3753960749330954
2616,53.05263157894737,80.10526315789474,80.10526315789474,39.421052631578945,68.47368421052632,1114.1052631578948,1682.2105263157896,420.5526315789474,2314.5315789473684,0.07128010704727922,0.3922934879571811
2617,47.73684210526316,82.10526315789474,82.10526315789474,42.78947368421053,60.421052631578945,1002.4736842105264,1724.2105263157896,431.0526315789474,2135.257894736842,0.07305976806422837,0.3619081177520071
2618,56.526315789473685,68.21052631578948,68.21052631578948,34.36842105263158,64.6842105263158,1187.0526315789473,1432.4210526315792,358.1052631578948,2376.094736842105,0.060695807314897425,0.4027279214986618
2619,60.73684210526316,72.42105263157895,72.42105263157895,35.94736842105263,68.52631578947368,1275.4736842105262,1520.842105263158,380.2105263157895,2548.515789473684,0.06444246208742195,0.4319518287243532
2620,55.1578947368421,77.05263157894737,77.05263157894737,39.10526315789474,64.26315789473684,1158.3157894736842,1618.1052631578948,404.5263157894737,2373.6631578947367,0.06856378233719893,0.4023157894736842
2621,52.73684210526316,76.63157894736842,76.63157894736842,38.578947368421055,66.21052631578948,1107.4736842105262,1609.2631578947369,402.3157894736842,2285.0210526315786,0.06818911685994648,0.3872917038358608
2622,46.05263157894737,83.89473684210526,83.89473684210526,42.21052631578947,56.1578947368421,967.1052631578948,1761.7894736842104,440.4473684210526,2084.5263157894738,0.0746520963425513,0.35330954504906337
2623,51.578947368421055,78.10526315789474,78.10526315789474,38.94736842105263,63.31578947368421,1083.157894736842,1640.2105263157896,410.0526315789474,2251.4210526315787,0.06950044603033007,0.3815967885816235
2624,49.73684210526316,78.10526315789474,78.10526315789474,38.31578947368421,51.78947368421053,1044.4736842105262,1640.2105263157896,410.0526315789474,2185.657894736842,0.06950044603033007,0.37045049063336305
2625,52.1578947368421,68.3157894736842,68.3157894736842,35.05263157894737,66.6842105263158,1095.3157894736842,1434.6315789473683,358.6578947368421,2220.694736842105,0.060789473684210525,0.37638893844781446
2626,54.78947368421053,76.26315789473684,76.26315789473684,37.63157894736842,60.421052631578945,1150.578947368421,1601.5263157894735,400.3815789473684,2356.3657894736843,0.06786128456735058,0.3993840321141838
2627,54.526315789473685,72.21052631578948,72.21052631578948,37.31578947368421,63.473684210526315,1145.0526315789473,1516.4210526315792,379.1052631578948,2325.694736842105,0.06425512934879572,0.394185548617306
2628,48.578947368421055,81.05263157894737,81.05263157894737,40.1578947368421,45.473684210526315,1020.1578947368422,1702.1052631578948,425.5263157894737,2159.7947368421055,0.07212310437109724,0.3660669045495094
2629,59.63157894736842,70.78947368421052,70.78947368421052,34.26315789473684,66.15789473684211,1252.2631578947369,1486.5789473684208,371.6447368421052,2500.492105263158,0.06299063336306868,0.42381222123104373
2630,51.526315789473685,79.42105263157895,79.42105263157895,39.578947368421055,60.421052631578945,1082.0526315789473,1667.842105263158,416.9605263157895,2256.45,0.07067127564674398,0.38244915254237283
2631,54.0,68.26315789473684,68.26315789473684,34.0,63.31578947368421,1134.0,1433.5263157894735,358.3815789473684,2286.1815789473685,0.06074264049955396,0.38748840321141836
2632,58.1578947368421,72.57894736842105,72.57894736842105,36.0,68.89473684210526,1221.3157894736842,1524.157894736842,381.0394736842105,2457.2763157894733,0.06458296164139161,0.41648751115075816
2633,52.36842105263158,72.36842105263158,72.36842105263158,37.473684210526315,66.10526315789474,1099.7368421052631,1519.7368421052631,379.9342105263158,2249.486842105263,0.06439562890276539,0.3812689562890276
2634,59.94736842105263,73.63157894736842,73.63157894736842,37.1578947368421,65.63157894736842,1258.8947368421052,1546.2631578947369,386.5657894736842,2526.686842105263,0.06551962533452275,0.42825200713648526
2635,53.31578947368421,69.47368421052632,69.47368421052632,33.31578947368421,59.473684210526315,1119.6315789473686,1458.9473684210527,364.7368421052632,2268.1105263157897,0.06181980374665478,0.3844255129348796
2636,56.36842105263158,70.89473684210526,70.89473684210526,35.73684210526316,65.15789473684211,1183.7368421052631,1488.7894736842104,372.1973684210526,2384.5499999999997,0.06308429973238179,0.4041610169491525
2637,54.05263157894737,69.0,69.0,34.526315789473685,57.578947368421055,1135.1052631578948,1449.0,362.25,2291.928947368421,0.06139830508474576,0.38846253345227477
2638,50.21052631578947,66.52631578947368,66.52631578947368,32.68421052631579,60.21052631578947,1054.421052631579,1397.0526315789473,349.2631578947368,2141.778947368421,0.059197145405887594,0.3630133809099019
2639,56.89473684210526,80.3157894736842,80.3157894736842,38.8421052631579,64.15789473684211,1194.7894736842104,1686.6315789473683,421.6578947368421,2452.7999999999997,0.07146743978590543,0.415728813559322
2640,54.31578947368421,76.89473684210526,76.89473684210526,39.8421052631579,58.10526315789474,1140.6315789473686,1614.7894736842104,403.6973684210526,2342.771052631579,0.06842328278322926,0.3970798394290812
2641,53.36842105263158,88.52631578947368,88.52631578947368,43.31578947368421,65.36842105263158,1120.7368421052631,1859.0526315789473,464.7631578947368,2370.015789473684,0.07877341659232827,0.40169759143621764
2642,49.68421052631579,75.26315789473684,75.26315789473684,39.10526315789474,59.26315789473684,1043.3684210526314,1580.5263157894735,395.1315789473684,2168.857894736842,0.066971454058876,0.3676030330062444
2643,51.10526315789474,71.78947368421052,71.78947368421052,37.36842105263158,51.78947368421053,1073.2105263157896,1507.5789473684208,376.8947368421052,2201.3526315789477,0.06388046387154325,0.37311061552185554
2644,45.526315789473685,86.0,86.0,42.94736842105263,53.26315789473684,956.0526315789474,1806.0,451.5,2076.789473684211,0.07652542372881356,0.3519982158786798
2645,50.05263157894737,73.52631578947368,73.52631578947368,37.0,54.26315789473684,1051.1052631578948,1544.0526315789473,386.0131578947368,2172.8921052631576,0.06542595896520963,0.3682867975022301
2646,62.578947368421055,73.73684210526316,73.73684210526316,37.578947368421055,67.15789473684211,1314.157894736842,1548.4736842105265,387.1184210526316,2621.186842105263,0.06561329170383587,0.44426895628902763
2647,47.10526315789474,71.42105263157895,71.42105263157895,36.89473684210526,61.68421052631579,989.2105263157896,1499.842105263158,374.9605263157895,2056.6184210526317,0.06355263157894737,0.34857939339875116
2648,54.473684210526315,73.47368421052632,73.47368421052632,36.26315789473684,70.47368421052632,1143.9473684210527,1542.9473684210527,385.7368421052632,2330.447368421053,0.06537912578055308,0.3949910793933988
2649,54.421052631578945,80.52631578947368,80.52631578947368,40.05263157894737,62.1578947368421,1142.842105263158,1691.0526315789473,422.7631578947368,2365.5947368421052,0.07165477252453166,0.4009482604817128
2650,52.78947368421053,70.42105263157895,70.42105263157895,35.21052631578947,59.94736842105263,1108.578947368421,1478.842105263158,369.7105263157895,2254.294736842105,0.0626628010704728,0.3820838537020517
2651,48.1578947368421,81.94736842105263,81.94736842105263,41.421052631578945,57.05263157894737,1011.3157894736842,1720.8947368421052,430.2236842105263,2149.4605263157896,0.07291926851025869,0.36431534344335414
2652,53.94736842105263,89.15789473684211,89.15789473684211,43.63157894736842,70.78947368421052,1132.8947368421052,1872.3157894736844,468.0789473684211,2394.0,0.07933541480820697,0.40576271186440677
2653,51.31578947368421,70.6842105263158,70.6842105263158,36.31578947368421,57.73684210526316,1077.6315789473686,1484.3684210526317,371.0921052631579,2203.065789473684,0.06289696699375558,0.3734009812667261
2654,56.526315789473685,73.6842105263158,73.6842105263158,36.63157894736842,70.73684210526316,1187.0526315789473,1547.3684210526317,386.8421052631579,2404.831578947368,0.0655664585191793,0.40759857270294375
2655,44.526315789473685,75.26315789473684,75.26315789473684,38.36842105263158,57.05263157894737,935.0526315789474,1580.5263157894735,395.1315789473684,1984.721052631579,0.066971454058876,0.33639339875111507
2656,57.21052631578947,69.42105263157895,69.42105263157895,34.94736842105263,65.3157894736842,1201.421052631579,1457.842105263158,364.4605263157895,2406.8763157894737,0.061772970561998215,0.4079451382694023
2657,60.26315789473684,81.10526315789474,81.10526315789474,40.36842105263158,76.10526315789474,1265.5263157894738,1703.2105263157896,425.8026315789474,2577.197368421053,0.0721699375557538,0.4368131132917039
2658,54.21052631578947,83.94736842105263,83.94736842105263,42.0,62.578947368421055,1138.421052631579,1762.8947368421052,440.7236842105263,2376.0394736842104,0.07469892952720784,0.4027185548617306
2659,53.21052631578947,67.84210526315789,67.84210526315789,35.473684210526315,58.68421052631579,1117.421052631579,1424.6842105263156,356.1710526315789,2255.786842105263,0.06036797502230151,0.3823367528991971
2660,46.36842105263158,88.0,88.0,46.578947368421055,50.68421052631579,973.7368421052632,1848.0,462.0,2117.3526315789477,0.07830508474576271,0.3588733273862623
2661,62.421052631578945,69.0,69.0,34.421052631578945,67.57894736842105,1310.842105263158,1449.0,362.25,2590.6815789473685,0.06139830508474576,0.43909857270294383
2662,55.1578947368421,79.3157894736842,79.3157894736842,39.1578947368421,66.78947368421052,1158.3157894736842,1665.6315789473683,416.4078947368421,2385.544736842105,0.07057760927743086,0.4043296164139161
2663,52.8421052631579,84.84210526315789,84.84210526315789,43.05263157894737,63.78947368421053,1109.6842105263158,1781.6842105263156,445.4210526315789,2331.8842105263157,0.0754950936663693,0.3952346119536128
2664,52.05263157894737,74.3157894736842,74.3157894736842,37.73684210526316,63.94736842105263,1093.1052631578948,1560.6315789473683,390.1578947368421,2248.436842105263,0.06612845673505797,0.3810909901873327
2665,53.89473684210526,77.52631578947368,77.52631578947368,39.05263157894737,62.73684210526316,1131.7894736842104,1628.0526315789473,407.0131578947368,2331.0552631578944,0.06898528099910793,0.3950941123996431
2666,51.31578947368421,77.78947368421052,77.78947368421052,39.68421052631579,57.68421052631579,1077.6315789473686,1633.5789473684208,408.3947368421052,2240.3684210526317,0.06921944692239071,0.3797234611953613
2667,54.94736842105263,73.05263157894737,73.05263157894737,36.473684210526315,62.26315789473684,1153.8947368421052,1534.1052631578948,383.5263157894737,2345.1473684210523,0.06500446030330062,0.3974826048171275
2668,50.73684210526316,73.73684210526316,73.73684210526316,38.1578947368421,55.10526315789474,1065.4736842105262,1548.4736842105265,387.1184210526316,2198.423684210526,0.06561329170383587,0.37261418376449595
2669,50.578947368421055,71.3157894736842,71.3157894736842,35.21052631578947,56.63157894736842,1062.157894736842,1497.6315789473683,374.4078947368421,2180.0763157894735,0.06345896520963425,0.3695044603033006
2670,47.68421052631579,81.47368421052632,81.47368421052632,41.26315789473684,53.578947368421055,1001.3684210526316,1710.9473684210527,427.7368421052632,2130.063157894737,0.07249776984834969,0.3610276538804639
2671,56.73684210526316,81.94736842105263,81.94736842105263,41.421052631578945,64.84210526315789,1191.4736842105262,1720.8947368421052,430.2236842105263,2455.728947368421,0.07291926851025869,0.41622524531668154
2672,56.0,76.6842105263158,76.6842105263158,38.68421052631579,63.10526315789474,1176.0,1610.3684210526317,402.5921052631579,2401.792105263158,0.06823595004460303,0.40708340767172174
2673,50.0,66.47368421052632,66.47368421052632,34.578947368421055,54.78947368421053,1050.0,1395.9473684210527,348.9868421052632,2133.9868421052633,0.059150312221231044,0.361692685102587
2674,46.526315789473685,77.89473684210526,77.89473684210526,39.63157894736842,56.578947368421055,977.0526315789474,1635.7894736842104,408.9473684210526,2069.936842105263,0.06931311329170384,0.35083675289919714
2675,51.89473684210526,81.26315789473684,81.26315789473684,38.36842105263158,60.78947368421053,1089.7894736842104,1706.5263157894735,426.6315789473684,2279.273684210526,0.07231043710972346,0.3863175735950044
2676,51.1578947368421,79.0,79.0,38.0,59.31578947368421,1074.3157894736842,1659.0,414.75,2241.086842105263,0.07029661016949153,0.3798452274754683
2677,54.68421052631579,74.26315789473684,74.26315789473684,39.05263157894737,74.05263157894737,1148.3684210526314,1559.5263157894735,389.8815789473684,2342.107894736842,0.06608162355040142,0.39696743978590543
2678,53.94736842105263,67.57894736842105,67.57894736842105,33.578947368421055,63.526315789473685,1132.8947368421052,1419.157894736842,354.7894736842105,2280.710526315789,0.060133809099018734,0.3865611061552185
2679,53.26315789473684,73.15789473684211,73.15789473684211,37.10526315789474,58.78947368421053,1118.5263157894738,1536.3157894736844,384.0789473684211,2285.5736842105266,0.06509812667261375,0.387385370205174
2680,61.78947368421053,73.36842105263158,73.36842105263158,35.31578947368421,71.42105263157895,1297.578947368421,1540.7368421052631,385.1842105263158,2591.0684210526315,0.06528545941123996,0.43916413916146296
2681,56.78947368421053,82.05263157894737,82.05263157894737,40.89473684210526,61.78947368421053,1192.578947368421,1723.1052631578948,430.7763157894737,2458.1605263157894,0.07301293487957182,0.41663737734165923
2682,62.94736842105263,71.57894736842105,71.57894736842105,35.63157894736842,76.21052631578948,1321.8947368421052,1503.157894736842,375.7894736842105,2623.0105263157893,0.06369313113291704,0.4445780553077609
2683,52.526315789473685,74.0,74.0,37.68421052631579,51.36842105263158,1103.0526315789473,1554.0,388.5,2263.6894736842105,0.06584745762711865,0.3836761819803747
2684,55.89473684210526,69.47368421052632,69.47368421052632,34.1578947368421,63.21052631578947,1173.7894736842104,1458.9473684210527,364.7368421052632,2360.1789473684207,0.06181980374665478,0.4000303300624442
2685,51.0,70.57894736842105,70.57894736842105,36.05263157894737,58.421052631578945,1071.0,1482.157894736842,370.5394736842105,2191.2394736842107,0.06280330062444246,0.3713965209634255
2686,44.78947368421053,78.89473684210526,78.89473684210526,40.1578947368421,56.421052631578945,940.578947368421,1656.7894736842104,414.1973684210526,2013.1815789473685,0.07020294380017841,0.3412172167707404
2687,46.68421052631579,79.15789473684211,79.15789473684211,40.1578947368421,61.21052631578947,980.3684210526316,1662.3157894736844,415.5789473684211,2082.205263157895,0.0704371097234612,0.3529161462979483
2688,61.21052631578947,74.47368421052632,74.47368421052632,36.05263157894737,68.0,1285.421052631579,1563.9473684210527,390.9868421052632,2576.2026315789476,0.06626895628902765,0.43664451382694025
2689,56.473684210526315,73.94736842105263,73.94736842105263,38.21052631578947,56.78947368421053,1185.9473684210527,1552.8947368421052,388.2236842105263,2404.334210526316,0.06580062444246208,0.40751427297056203
2690,48.473684210526315,74.26315789473684,74.26315789473684,38.8421052631579,57.8421052631579,1017.9473684210526,1559.5263157894735,389.8815789473684,2120.3921052631576,0.06608162355040142,0.35938849241748433
2691,53.36842105263158,58.21052631578947,58.21052631578947,29.263157894736842,58.1578947368421,1120.7368421052631,1222.421052631579,305.60526315789474,2210.857894736842,0.05179750223015165,0.374721677074041
2692,51.63157894736842,74.89473684210526,74.89473684210526,39.578947368421055,55.26315789473684,1084.2631578947369,1572.7894736842104,393.1973684210526,2236.444736842105,0.0666436217662801,0.3790584299732382
2693,52.1578947368421,83.47368421052632,83.47368421052632,42.526315789473685,60.05263157894737,1095.3157894736842,1752.9473684210527,438.2368421052632,2300.2736842105264,0.07427743086529884,0.38987689562890276
2694,52.526315789473685,69.73684210526316,69.73684210526316,36.578947368421055,58.0,1103.0526315789473,1464.4736842105265,366.1184210526316,2241.3078947368417,0.062053969669937564,0.3798826940231935
2695,50.1578947368421,76.36842105263158,76.36842105263158,37.10526315789474,56.421052631578945,1053.3157894736842,1603.7368421052631,400.9342105263158,2191.571052631579,0.06795495093666369,0.37145272078501335
2696,49.78947368421053,76.94736842105263,76.94736842105263,38.68421052631579,57.05263157894737,1045.578947368421,1615.8947368421052,403.9736842105263,2181.4578947368423,0.06847011596788581,0.36973862622658343
2697,56.26315789473684,66.47368421052632,66.47368421052632,31.94736842105263,67.0,1181.5263157894738,1395.9473684210527,348.9868421052632,2357.5815789473686,0.059150312221231044,0.3995900981266726
2698,46.73684210526316,75.73684210526316,75.73684210526316,39.36842105263158,50.10526315789474,981.4736842105264,1590.4736842105265,397.6184210526316,2066.1236842105263,0.06739295272078502,0.35019045495093665
2699,52.63157894736842,77.89473684210526,77.89473684210526,39.78947368421053,66.15789473684211,1105.2631578947369,1635.7894736842104,408.9473684210526,2287.8947368421054,0.06931311329170384,0.38777876895628904
2700,49.73684210526316,79.10526315789474,79.10526315789474,40.526315789473685,64.0,1044.4736842105262,1661.2105263157896,415.3026315789474,2190.907894736842,0.07039027653880464,0.3713403211418376
2701,52.36842105263158,78.57894736842105,78.57894736842105,39.68421052631579,61.0,1099.7368421052631,1650.157894736842,412.5394736842105,2282.092105263158,0.06992194469223907,0.38679527207850134
2702,49.1578947368421,70.73684210526316,70.73684210526316,36.421052631578945,65.6842105263158,1032.3157894736842,1485.4736842105265,371.3684210526316,2126.3052631578944,0.06294380017841214,0.3603907225691346
2703,53.26315789473684,76.78947368421052,76.78947368421052,39.0,63.1578947368421,1118.5263157894738,1612.5789473684208,403.1447368421052,2304.6394736842103,0.06832961641391613,0.3906168599464763
2704,48.31578947368421,80.42105263157895,80.42105263157895,39.578947368421055,56.473684210526315,1014.6315789473684,1688.842105263158,422.2105263157895,2147.084210526316,0.07156110615521856,0.3639125780553078
2705,50.89473684210526,74.3157894736842,74.3157894736842,37.526315789473685,62.36842105263158,1068.7894736842104,1560.6315789473683,390.1578947368421,2207.0999999999995,0.06612845673505797,0.3740847457627118
2706,57.578947368421055,74.78947368421052,74.78947368421052,36.94736842105263,66.15789473684211,1209.157894736842,1570.5789473684208,392.6447368421052,2448.2131578947365,0.06654995539696698,0.41495138269402315
2707,58.31578947368421,69.78947368421052,69.78947368421052,36.421052631578945,58.26315789473684,1224.6315789473686,1465.5789473684208,366.3947368421052,2448.2684210526313,0.0621008028545941,0.41496074933095445
2708,45.421052631578945,78.42105263157895,78.42105263157895,40.36842105263158,52.36842105263158,953.8421052631578,1646.842105263158,411.7105263157895,2033.2421052631576,0.06978144513826941,0.34461730597680634
2709,52.78947368421053,74.94736842105263,74.94736842105263,38.68421052631579,60.10526315789474,1108.578947368421,1573.8947368421052,393.4736842105263,2278.057894736842,0.06669045495093666,0.3861115075825156
2710,55.89473684210526,75.0,75.0,38.31578947368421,55.73684210526316,1173.7894736842104,1575.0,393.75,2389.192105263158,0.06673728813559322,0.40494781445138267
2711,45.68421052631579,81.0,81.0,40.578947368421055,48.89473684210526,959.3684210526316,1701.0,425.25,2056.176315789474,0.07207627118644068,0.3485044603033007
2712,60.94736842105263,82.73684210526316,82.73684210526316,40.26315789473684,70.6842105263158,1279.8947368421052,1737.4736842105265,434.3684210526316,2610.1894736842105,0.07362176628010705,0.4424049955396967
2713,54.63157894736842,65.36842105263158,65.36842105263158,31.94736842105263,62.63157894736842,1147.2631578947369,1372.7368421052631,343.1842105263158,2293.5315789473684,0.058166815343443354,0.3887341659232828
2714,55.8421052631579,70.10526315789474,70.10526315789474,36.31578947368421,57.63157894736842,1172.6842105263158,1472.2105263157896,368.0526315789474,2361.6157894736843,0.062381801962533456,0.40027386262265835
2715,56.94736842105263,72.3157894736842,72.3157894736842,34.78947368421053,66.3157894736842,1195.8947368421052,1518.6315789473683,379.6578947368421,2412.678947368421,0.06434879571810882,0.40892863514719
2716,41.73684210526316,85.78947368421052,85.78947368421052,44.0,50.89473684210526,876.4736842105264,1801.5789473684208,450.3947368421052,1940.3999999999999,0.07633809099018732,0.32888135593220336
2717,46.89473684210526,71.78947368421052,71.78947368421052,37.10526315789474,46.94736842105263,984.7894736842104,1507.5789473684208,376.8947368421052,2051.0368421052626,0.06388046387154325,0.3476333630686886
2718,49.473684210526315,77.63157894736842,77.63157894736842,39.10526315789474,60.94736842105263,1038.9473684210527,1630.2631578947369,407.5657894736842,2173.7763157894738,0.06907894736842106,0.36843666369313116
2719,48.526315789473685,72.3157894736842,72.3157894736842,35.68421052631579,59.73684210526316,1019.0526315789474,1518.6315789473683,379.6578947368421,2112.047368421053,0.06434879571810882,0.3579741302408564
2720,50.0,75.89473684210526,75.89473684210526,37.0,58.78947368421053,1050.0,1593.7894736842104,398.4473684210526,2183.4473684210525,0.06753345227475469,0.3700758251561106
2721,51.10526315789474,71.10526315789474,71.10526315789474,36.78947368421053,54.31578947368421,1073.2105263157896,1493.2105263157896,373.3026315789474,2197.76052631579,0.06327163247100803,0.3725017841213203
2722,47.21052631578947,84.15789473684211,84.15789473684211,43.94736842105263,51.8421052631579,991.421052631579,1767.3157894736844,441.8289473684211,2127.2447368421053,0.07488626226583409,0.360549955396967
2723,51.421052631578945,81.26315789473684,81.26315789473684,40.36842105263158,57.68421052631579,1079.842105263158,1706.5263157894735,426.6315789473684,2262.363157894737,0.07231043710972346,0.38345138269402324
2724,45.1578947368421,83.21052631578948,83.21052631578948,43.8421052631579,46.31578947368421,948.3157894736842,1747.4210526315792,436.8552631578948,2048.992105263158,0.07404326494201607,0.3472867975022302
2725,53.0,70.63157894736842,70.63157894736842,35.578947368421055,58.68421052631579,1113.0,1483.2631578947369,370.8157894736842,2262.915789473684,0.06285013380909903,0.3835450490633363
2726,53.73684210526316,76.57894736842105,76.57894736842105,38.421052631578945,66.36842105263158,1128.4736842105262,1608.157894736842,402.0394736842105,2320.444736842105,0.06814228367528992,0.3932957181088314
2727,58.68421052631579,70.36842105263158,70.36842105263158,37.0,67.05263157894737,1232.3684210526314,1477.7368421052631,369.4342105263158,2464.460526315789,0.06261596788581623,0.41770517395182866
2728,56.526315789473685,79.05263157894737,79.05263157894737,38.26315789473684,67.3157894736842,1187.0526315789473,1660.1052631578948,415.0263157894737,2433.015789473684,0.07034344335414809,0.41237555753791255
2729,55.0,68.26315789473684,68.26315789473684,35.578947368421055,66.57894736842105,1155.0,1433.5263157894735,358.3815789473684,2321.8815789473683,0.06074264049955396,0.3935392506690455
2730,49.473684210526315,72.6842105263158,72.6842105263158,36.526315789473685,56.26315789473684,1038.9473684210527,1526.3684210526317,381.5921052631579,2147.8026315789475,0.06467662801070473,0.3640343443354148
2731,54.78947368421053,80.15789473684211,80.15789473684211,39.89473684210526,65.78947368421052,1150.578947368421,1683.3157894736844,420.8289473684211,2376.813157894737,0.07132694023193578,0.40284968777876895
2732,54.73684210526316,68.94736842105263,68.94736842105263,35.1578947368421,62.31578947368421,1149.4736842105262,1447.8947368421052,361.9736842105263,2316.078947368421,0.0613514719000892,0.3925557537912578
2733,48.68421052631579,82.94736842105263,82.94736842105263,42.73684210526316,63.36842105263158,1022.3684210526316,1741.8947368421052,435.4736842105263,2173.5,0.07380909901873327,0.36838983050847457
2734,54.05263157894737,68.89473684210526,68.89473684210526,35.31578947368421,64.47368421052632,1135.1052631578948,1446.7894736842104,361.6973684210526,2291.3763157894737,0.061304638715432645,0.38836886708296164
2735,52.73684210526316,57.73684210526316,57.73684210526316,29.526315789473685,55.89473684210526,1107.4736842105262,1212.4736842105262,303.11842105263156,2185.823684210526,0.05137600356824264,0.370478590544157
2736,49.1578947368421,83.47368421052632,83.47368421052632,40.73684210526316,66.94736842105263,1032.3157894736842,1752.9473684210527,438.2368421052632,2193.173684210526,0.07427743086529884,0.3717243532560214
2737,53.73684210526316,73.3157894736842,73.3157894736842,37.1578947368421,64.52631578947368,1128.4736842105262,1539.6315789473683,384.9078947368421,2303.313157894737,0.0652386262265834,0.3903920606601249
2738,51.473684210526315,81.57894736842105,81.57894736842105,42.1578947368421,60.526315789473685,1080.9473684210527,1713.157894736842,428.2894736842105,2265.9,0.0725914362176628,0.38405084745762713
2739,47.421052631578945,73.10526315789474,73.10526315789474,38.421052631578945,53.26315789473684,995.8421052631578,1535.2105263157896,383.8026315789474,2076.7342105263156,0.06505129348795718,0.3519888492417484
2740,56.526315789473685,75.57894736842105,75.57894736842105,36.473684210526315,59.94736842105263,1187.0526315789473,1587.157894736842,396.7894736842105,2414.7789473684206,0.06725245316681534,0.4092845673505798
2741,47.31578947368421,83.05263157894737,83.05263157894737,42.26315789473684,48.68421052631579,993.6315789473684,1744.1052631578948,436.0263157894737,2125.2,0.0739027653880464,0.3602033898305084
2742,52.94736842105263,90.21052631578948,90.21052631578948,43.78947368421053,63.473684210526315,1111.8947368421052,1894.4210526315792,473.6052631578948,2363.8263157894735,0.0802720785013381,0.40064852809991075
2743,52.68421052631579,83.94736842105263,83.94736842105263,41.78947368421053,66.36842105263158,1106.3684210526314,1762.8947368421052,440.7236842105263,2321.5499999999997,0.07469892952720784,0.3934830508474576
2744,52.05263157894737,84.73684210526316,84.73684210526316,41.21052631578947,61.1578947368421,1093.1052631578948,1779.4736842105265,444.8684210526316,2303.1473684210528,0.0754014272970562,0.390363960749331
2745,56.10526315789474,64.89473684210526,64.89473684210526,33.10526315789474,63.26315789473684,1178.2105263157896,1362.7894736842104,340.6973684210526,2343.6552631578948,0.05774531668153434,0.39722970561998217
2746,50.473684210526315,82.47368421052632,82.47368421052632,41.63157894736842,56.05263157894737,1059.9473684210527,1731.9473684210527,432.9868421052632,2234.8973684210528,0.07338760035682426,0.3787961641391615
2747,55.578947368421055,82.42105263157895,82.42105263157895,42.421052631578945,63.89473684210526,1167.157894736842,1730.842105263158,432.7105263157895,2416.878947368421,0.07334076717216771,0.40964049955396964
2748,46.89473684210526,79.84210526315789,79.84210526315789,41.05263157894737,53.0,984.7894736842104,1676.6842105263156,419.1710526315789,2093.3131578947364,0.07104594112399643,0.3547988403211418
2749,52.21052631578947,79.42105263157895,79.42105263157895,39.94736842105263,56.0,1096.421052631579,1667.842105263158,416.9605263157895,2280.8763157894737,0.07067127564674398,0.3865892060660125
2750,56.05263157894737,69.3157894736842,69.3157894736842,33.578947368421055,65.6842105263158,1177.1052631578948,1455.6315789473683,363.9078947368421,2364.9868421052633,0.0616793041926851,0.40084522747546836
2751,48.8421052631579,66.21052631578948,66.21052631578948,33.526315789473685,56.8421052631579,1025.6842105263158,1390.4210526315792,347.6052631578948,2091.2684210526318,0.05891614629794827,0.3544522747546833
2752,52.94736842105263,77.15789473684211,77.15789473684211,36.8421052631579,61.0,1111.8947368421052,1620.3157894736844,405.0789473684211,2295.2999999999997,0.06865744870651205,0.3890338983050847
2753,49.473684210526315,80.84210526315789,80.84210526315789,41.421052631578945,62.526315789473685,1038.9473684210527,1697.6842105263156,424.4210526315789,2190.6315789473683,0.071935771632471,0.3712934879571811
2754,49.94736842105263,78.36842105263158,78.36842105263158,38.73684210526316,65.63157894736842,1048.8947368421052,1645.7368421052631,411.4342105263158,2194.5552631578944,0.06973461195361284,0.3719585191793041
2755,50.10526315789474,74.94736842105263,74.94736842105263,36.78947368421053,60.73684210526316,1052.2105263157896,1573.8947368421052,393.4736842105263,2182.2315789473687,0.06669045495093666,0.3698697591436218
2756,58.05263157894737,78.89473684210526,78.89473684210526,40.10526315789474,67.6842105263158,1219.1052631578948,1656.7894736842104,414.1973684210526,2486.6763157894734,0.07020294380017841,0.4214705619982158
2757,51.578947368421055,78.52631578947368,78.52631578947368,38.526315789473685,63.21052631578947,1083.157894736842,1649.0526315789473,412.2631578947368,2253.6315789473683,0.06987511150758251,0.381971454058876
2758,48.94736842105263,73.94736842105263,73.94736842105263,37.36842105263158,63.473684210526315,1027.8947368421052,1552.8947368421052,388.2236842105263,2135.644736842105,0.06580062444246208,0.3619736842105263
2759,50.94736842105263,66.42105263157895,66.42105263157895,34.0,58.0,1069.8947368421052,1394.842105263158,348.7105263157895,2167.5315789473684,0.05910347903657449,0.367378233719893
2760,55.578947368421055,65.21052631578948,65.21052631578948,30.05263157894737,69.26315789473684,1167.157894736842,1369.4210526315792,342.3552631578948,2326.523684210526,0.0580263157894737,0.3943260481712756
2761,51.63157894736842,77.42105263157895,77.42105263157895,39.8421052631579,57.73684210526316,1084.2631578947369,1625.842105263158,406.4605263157895,2249.7078947368423,0.06889161462979483,0.3813064228367529
2762,60.36842105263158,75.6842105263158,75.6842105263158,37.21052631578947,69.05263157894737,1267.7368421052631,1589.3684210526317,397.3421052631579,2552.4947368421053,0.06734611953612846,0.43262622658340766
2763,53.78947368421053,70.73684210526316,70.73684210526316,36.73684210526316,58.94736842105263,1129.578947368421,1485.4736842105265,371.3684210526316,2291.6526315789474,0.06294380017841214,0.3884157002676182
2764,55.05263157894737,74.6842105263158,74.6842105263158,39.473684210526315,66.63157894736842,1156.1052631578948,1568.3684210526317,392.0921052631579,2357.471052631579,0.06645628902765388,0.39957136485281
2765,51.526315789473685,66.21052631578948,66.21052631578948,32.8421052631579,54.78947368421053,1082.0526315789473,1390.4210526315792,347.6052631578948,2187.094736842105,0.05891614629794827,0.3706940231935771
2766,57.05263157894737,77.52631578947368,77.52631578947368,39.05263157894737,73.73684210526316,1198.1052631578948,1628.0526315789473,407.0131578947368,2443.7921052631577,0.06898528099910793,0.41420205173951824
2767,52.05263157894737,84.42105263157895,84.42105263157895,40.94736842105263,65.47368421052632,1093.1052631578948,1772.842105263158,443.2105263157895,2301.4894736842107,0.07512042818911686,0.39008296164139167
2768,44.421052631578945,73.78947368421052,73.78947368421052,37.26315789473684,57.05263157894737,932.8421052631578,1549.5789473684208,387.3947368421052,1973.2263157894733,0.0656601248884924,0.33444513826940225
2769,52.78947368421053,71.84210526315789,71.84210526315789,35.68421052631579,61.473684210526315,1108.578947368421,1508.6842105263156,377.1710526315789,2261.7552631578947,0.06392729705619982,0.38334834968777876
2770,54.78947368421053,68.36842105263158,68.36842105263158,34.473684210526315,61.63157894736842,1150.578947368421,1435.7368421052631,358.9342105263158,2314.9184210526314,0.06083630686886708,0.39235905441570024
2771,49.578947368421055,76.05263157894737,76.05263157894737,39.526315789473685,57.89473684210526,1041.157894736842,1597.1052631578948,399.2763157894737,2169.2447368421053,0.06767395182872435,0.3676685994647636
2772,49.89473684210526,77.47368421052632,77.47368421052632,38.10526315789474,54.473684210526315,1047.7894736842104,1626.9473684210527,406.7368421052632,2187.978947368421,0.06893844781445138,0.3708438893844781
2773,58.421052631578945,66.52631578947368,66.52631578947368,31.473684210526315,67.3157894736842,1226.842105263158,1397.0526315789473,349.2631578947368,2434.894736842105,0.059197145405887594,0.4126940231935771
2774,55.10526315789474,75.3157894736842,75.3157894736842,36.78947368421053,61.473684210526315,1157.2105263157896,1581.6315789473683,395.4078947368421,2362.6657894736845,0.06701828724353255,0.4004518287243533
2775,47.0,79.84210526315789,79.84210526315789,41.1578947368421,54.526315789473685,987.0,1676.6842105263156,419.1710526315789,2097.071052631579,0.07104594112399643,0.355435771632471
2776,53.0,69.26315789473684,69.26315789473684,34.1578947368421,60.473684210526315,1113.0,1454.5263157894735,363.6315789473684,2255.7315789473682,0.06163247100802854,0.3823273862622658
2777,52.578947368421055,76.94736842105263,76.94736842105263,39.94736842105263,63.05263157894737,1104.157894736842,1615.8947368421052,403.9736842105263,2281.0421052631577,0.06847011596788581,0.3866173059768064
2778,55.89473684210526,73.36842105263158,73.36842105263158,35.89473684210526,67.6842105263158,1173.7894736842104,1540.7368421052631,385.1842105263158,2380.626315789473,0.06528545941123996,0.4034959857270294
2779,63.89473684210526,76.21052631578948,76.21052631578948,36.421052631578945,71.52631578947368,1341.7894736842104,1600.4210526315792,400.1052631578948,2681.1473684210523,0.06781445138269403,0.45443175735950037
2780,49.78947368421053,65.21052631578948,65.21052631578948,32.94736842105263,62.94736842105263,1045.578947368421,1369.4210526315792,342.3552631578948,2119.8394736842106,0.0580263157894737,0.3592948260481713
2781,51.526315789473685,77.6842105263158,77.6842105263158,40.31578947368421,54.473684210526315,1082.0526315789473,1631.3684210526317,407.8421052631579,2247.331578947368,0.06912578055307761,0.38090365744870647
2782,65.21052631578948,72.6842105263158,72.6842105263158,35.89473684210526,71.0,1369.4210526315792,1526.3684210526317,381.5921052631579,2709.6078947368424,0.06467662801070473,0.4592555753791258
2783,54.8421052631579,83.89473684210526,83.89473684210526,41.1578947368421,64.36842105263158,1151.6842105263158,1761.7894736842104,440.4473684210526,2398.3105263157895,0.0746520963425513,0.4064933095450491
2784,52.26315789473684,76.94736842105263,76.94736842105263,38.421052631578945,60.26315789473684,1097.5263157894738,1615.8947368421052,403.9736842105263,2269.7684210526318,0.06847011596788581,0.38470651204281897
2785,53.78947368421053,70.36842105263158,70.36842105263158,36.8421052631579,63.36842105263158,1129.578947368421,1477.7368421052631,369.4342105263158,2289.7184210526316,0.06261596788581623,0.3880878679750223
2786,53.21052631578947,85.57894736842105,85.57894736842105,43.31578947368421,58.68421052631579,1117.421052631579,1797.157894736842,449.2894736842105,2348.9052631578948,0.0761507582515611,0.39811953612845674
2787,53.36842105263158,71.52631578947368,71.52631578947368,35.26315789473684,61.473684210526315,1120.7368421052631,1502.0526315789473,375.5131578947368,2280.765789473684,0.06364629794826047,0.38657047279214984
2788,51.8421052631579,83.52631578947368,83.52631578947368,42.1578947368421,72.78947368421052,1088.6842105263158,1754.0526315789473,438.5131578947368,2289.2763157894738,0.07432426404995539,0.38801293487957184
2789,49.68421052631579,81.89473684210526,81.89473684210526,41.89473684210526,54.578947368421055,1043.3684210526314,1719.7894736842104,429.9473684210526,2203.673684210526,0.07287243532560214,0.37350401427297053
2790,58.36842105263158,76.84210526315789,76.84210526315789,38.0,74.52631578947368,1225.7368421052631,1613.6842105263156,403.4210526315789,2487.173684210526,0.0683764495985727,0.42155486173059764
2791,58.63157894736842,89.73684210526316,89.73684210526316,45.73684210526316,64.73684210526316,1231.2631578947369,1884.4736842105265,471.1184210526316,2564.2657894736844,0.07985057983942909,0.434621320249777
2792,54.05263157894737,74.05263157894737,74.05263157894737,36.89473684210526,59.473684210526315,1135.1052631578948,1555.1052631578948,388.7763157894737,2318.455263157895,0.0658942908117752,0.39295851917930424
2793,57.1578947368421,73.52631578947368,73.52631578947368,36.68421052631579,63.05263157894737,1200.3157894736842,1544.0526315789473,386.0131578947368,2426.5499999999997,0.06542595896520963,0.4112796610169491
2794,53.78947368421053,77.94736842105263,77.94736842105263,40.1578947368421,57.05263157894737,1129.578947368421,1636.8947368421052,409.2236842105263,2329.507894736842,0.06935994647636039,0.3948318465655664
2795,49.26315789473684,75.10526315789474,75.10526315789474,37.89473684210526,57.73684210526316,1034.5263157894738,1577.2105263157896,394.3026315789474,2152.9973684210527,0.06683095450490634,0.3649148082069581
2796,56.1578947368421,72.94736842105263,72.94736842105263,34.89473684210526,65.78947368421052,1179.3157894736842,1531.8947368421052,382.9736842105263,2387.8105263157895,0.0649107939339875,0.40471364852809993
2797,51.89473684210526,66.94736842105263,66.94736842105263,34.36842105263158,62.1578947368421,1089.7894736842104,1405.8947368421052,351.4736842105263,2204.115789473684,0.05957181088314005,0.373578947368421
2798,52.94736842105263,68.52631578947368,68.52631578947368,34.473684210526315,59.94736842105263,1111.8947368421052,1439.0526315789473,359.7631578947368,2249.9842105263156,0.060976806422836746,0.3813532560214094
2799,56.36842105263158,75.57894736842105,75.57894736842105,36.473684210526315,67.63157894736842,1183.7368421052631,1587.157894736842,396.7894736842105,2409.1421052631576,0.06725245316681534,0.408329170383586
2800,46.78947368421053,79.73684210526316,79.73684210526316,40.63157894736842,56.68421052631579,982.578947368421,1674.4736842105265,418.6184210526316,2089.0026315789473,0.07095227475468333,0.3540682426404995
2801,48.578947368421055,75.3157894736842,75.3157894736842,37.10526315789474,57.8421052631579,1020.1578947368422,1581.6315789473683,395.4078947368421,2129.676315789474,0.06701828724353255,0.36096208742194474
2802,49.21052631578947,77.3157894736842,77.3157894736842,37.68421052631579,55.1578947368421,1033.421052631579,1623.6315789473683,405.9078947368421,2162.7236842105262,0.0687979482604817,0.3665633363068689
2803,53.526315789473685,65.3157894736842,65.3157894736842,32.36842105263158,66.05263157894737,1124.0526315789473,1371.6315789473683,342.9078947368421,2253.7973684210524,0.0581199821587868,0.3819995539696699
2804,49.36842105263158,77.89473684210526,77.89473684210526,39.421052631578945,53.05263157894737,1036.7368421052631,1635.7894736842104,408.9473684210526,2171.3999999999996,0.06931311329170384,0.3680338983050847
2805,49.10526315789474,76.63157894736842,76.63157894736842,39.21052631578947,53.73684210526316,1031.2105263157896,1609.2631578947369,402.3157894736842,2155.3736842105263,0.06818911685994648,0.36531757359500444
2806,46.1578947368421,74.78947368421052,74.78947368421052,37.10526315789474,53.578947368421055,969.3157894736842,1570.5789473684208,392.6447368421052,2040.4815789473682,0.06654995539696698,0.3458443354148082
2807,53.73684210526316,76.6842105263158,76.6842105263158,39.8421052631579,62.421052631578945,1128.4736842105262,1610.3684210526317,402.5921052631579,2320.9973684210527,0.06823595004460303,0.39338938447814453
2808,54.1578947368421,63.94736842105263,63.94736842105263,33.8421052631579,56.73684210526316,1137.3157894736842,1342.8947368421052,335.7236842105263,2269.1605263157894,0.05690231935771632,0.3846034790365745
2809,50.31578947368421,74.52631578947368,74.52631578947368,37.89473684210526,56.78947368421053,1056.6315789473686,1565.0526315789473,391.2631578947368,2187.536842105263,0.0663157894736842,0.3707689562890276
2810,50.578947368421055,63.36842105263158,63.36842105263158,33.0,57.8421052631579,1062.157894736842,1330.7368421052631,332.6842105263158,2138.3526315789472,0.0563871543264942,0.36243264942016057
2811,51.0,79.6842105263158,79.6842105263158,40.68421052631579,62.526315789473685,1071.0,1673.3684210526317,418.3421052631579,2239.042105263158,0.07090544157002676,0.3794986619090099
2812,54.578947368421055,70.47368421052632,70.47368421052632,34.0,62.473684210526315,1146.157894736842,1479.9473684210527,369.9868421052632,2318.455263157895,0.06270963425512935,0.39295851917930424
2813,56.421052631578945,74.10526315789474,74.10526315789474,38.36842105263158,67.36842105263158,1184.842105263158,1556.2105263157896,389.0526315789474,2403.2842105263157,0.06594112399643176,0.40733630686886707
2814,53.78947368421053,69.10526315789474,69.10526315789474,33.36842105263158,61.26315789473684,1129.578947368421,1451.2105263157896,362.8026315789474,2283.0868421052633,0.06149197145405888,0.38696387154326495
2815,52.31578947368421,68.0,68.0,33.94736842105263,60.21052631578947,1098.6315789473686,1428.0,357.0,2224.6736842105265,0.06050847457627118,0.3770633363068689
2816,49.26315789473684,73.52631578947368,73.52631578947368,36.36842105263158,62.526315789473685,1034.5263157894738,1544.0526315789473,386.0131578947368,2144.7078947368423,0.06542595896520963,0.3635098126672614
2817,52.0,72.42105263157895,72.42105263157895,34.578947368421055,63.473684210526315,1092.0,1520.842105263158,380.2105263157895,2236.6105263157892,0.06444246208742195,0.3790865298840321
2818,51.8421052631579,79.21052631578948,79.21052631578948,38.421052631578945,57.63157894736842,1088.6842105263158,1663.4210526315792,415.8552631578948,2266.6184210526317,0.07048394290811776,0.3841726137377342
2819,57.8421052631579,75.84210526315789,75.84210526315789,36.78947368421053,65.10526315789474,1214.6842105263158,1592.6842105263156,398.1710526315789,2463.1342105263157,0.06748661909009812,0.4174803746654772
2820,56.68421052631579,76.94736842105263,76.94736842105263,38.473684210526315,64.94736842105263,1190.3684210526314,1615.8947368421052,403.9736842105263,2427.6,0.06847011596788581,0.41145762711864403
2821,59.78947368421053,71.78947368421052,71.78947368421052,35.421052631578945,66.42105263157895,1255.578947368421,1507.5789473684208,376.8947368421052,2511.378947368421,0.06388046387154325,0.425657448706512
2822,57.26315789473684,69.63157894736842,69.63157894736842,33.68421052631579,69.89473684210526,1202.5263157894738,1462.2631578947369,365.5657894736842,2409.8605263157897,0.06196030330062444,0.40845093666369314
2823,53.10526315789474,70.52631578947368,70.52631578947368,34.10526315789474,65.0,1115.2105263157896,1481.0526315789473,370.2631578947368,2266.121052631579,0.0627564674397859,0.38408831400535237
2824,50.8421052631579,79.10526315789474,79.10526315789474,41.21052631578947,52.473684210526315,1067.6842105263158,1661.2105263157896,415.3026315789474,2230.3657894736843,0.07039027653880464,0.37802809991079395
2825,56.89473684210526,74.36842105263158,74.36842105263158,38.1578947368421,67.15789473684211,1194.7894736842104,1561.7368421052631,390.4342105263158,2421.5763157894735,0.06617528991971454,0.4104366636931311
2826,52.473684210526315,71.15789473684211,71.15789473684211,34.36842105263158,58.421052631578945,1101.9473684210527,1494.3157894736844,373.5789473684211,2246.8894736842108,0.0633184656556646,0.38082872435325604
2827,51.473684210526315,67.05263157894737,67.05263157894737,34.421052631578945,64.36842105263158,1080.9473684210527,1408.1052631578948,352.0263157894737,2189.636842105263,0.05966547725245317,0.3711248884924175
2828,63.26315789473684,76.78947368421052,76.78947368421052,35.21052631578947,74.78947368421052,1328.5263157894738,1612.5789473684208,403.1447368421052,2661.6394736842103,0.06832961641391613,0.4511253345227475
2829,60.36842105263158,79.15789473684211,79.15789473684211,39.578947368421055,67.21052631578948,1267.7368421052631,1662.3157894736844,415.5789473684211,2570.7315789473687,0.0704371097234612,0.43571721677074043
2830,55.10526315789474,67.10526315789474,67.10526315789474,31.894736842105264,61.21052631578947,1157.2105263157896,1409.2105263157896,352.3026315789474,2319.5605263157895,0.05971231043710973,0.39314585191793044
2831,49.0,72.73684210526316,72.73684210526316,35.68421052631579,53.8421052631579,1029.0,1527.4736842105265,381.8684210526316,2131.1684210526314,0.06472346119536129,0.3612149866190901
2832,48.31578947368421,80.47368421052632,80.47368421052632,41.89473684210526,53.31578947368421,1014.6315789473684,1689.9473684210527,422.4868421052632,2147.3605263157897,0.07160793933987511,0.36395941123996434
2833,51.8421052631579,59.73684210526316,59.73684210526316,28.157894736842106,60.36842105263158,1088.6842105263158,1254.4736842105262,313.61842105263156,2164.3815789473683,0.05315566458519179,0.3668443354148082
2834,52.21052631578947,80.84210526315789,80.84210526315789,40.8421052631579,67.78947368421052,1096.421052631579,1697.6842105263156,424.4210526315789,2288.336842105263,0.071935771632471,0.38785370205173947
2835,50.421052631578945,86.6842105263158,86.6842105263158,42.94736842105263,63.26315789473684,1058.842105263158,1820.3684210526317,455.0921052631579,2255.1236842105263,0.0771342551293488,0.3822243532560214
2836,55.36842105263158,77.36842105263158,77.36842105263158,37.94736842105263,65.63157894736842,1162.7368421052631,1624.7368421052631,406.1842105263158,2382.836842105263,0.06884478144513827,0.40387065120428184
2837,45.78947368421053,68.73684210526316,68.73684210526316,34.36842105263158,60.0,961.578947368421,1443.4736842105265,360.8684210526316,1995.5526315789475,0.06116413916146299,0.3382292595896521
2838,57.94736842105263,67.94736842105263,67.94736842105263,34.05263157894737,67.52631578947368,1216.8947368421052,1426.8947368421052,356.7236842105263,2425.444736842105,0.060461641391614626,0.4110923282783229
2839,51.421052631578945,70.57894736842105,70.57894736842105,35.31578947368421,57.05263157894737,1079.842105263158,1482.157894736842,370.5394736842105,2206.271052631579,0.06280330062444246,0.3739442462087422
2840,57.1578947368421,69.89473684210526,69.89473684210526,33.68421052631579,75.84210526315789,1200.3157894736842,1467.7894736842104,366.9473684210526,2407.4842105263156,0.06219446922390722,0.4080481712756467
2841,55.73684210526316,70.05263157894737,70.05263157894737,37.78947368421053,55.21052631578947,1170.4736842105262,1471.1052631578948,367.7763157894737,2357.581578947368,0.0623349687778769,0.39959009812667257
2842,52.36842105263158,65.6842105263158,65.6842105263158,32.31578947368421,59.05263157894737,1099.7368421052631,1379.3684210526317,344.8421052631579,2214.394736842105,0.058447814451382696,0.3753211418376449
2843,49.21052631578947,82.0,82.0,43.21052631578947,49.8421052631579,1033.421052631579,1722.0,430.5,2187.315789473684,0.07296610169491526,0.3707314897413024
2844,51.0,64.10526315789474,64.10526315789474,32.10526315789474,56.94736842105263,1071.0,1346.2105263157896,336.5526315789474,2157.2526315789473,0.057042818911686,0.36563603925066906
2845,46.26315789473684,83.94736842105263,83.94736842105263,43.63157894736842,55.526315789473685,971.5263157894736,1762.8947368421052,440.7236842105263,2092.3184210526315,0.07469892952720784,0.35463024085637823
2846,50.578947368421055,76.42105263157895,76.42105263157895,35.94736842105263,57.78947368421053,1062.157894736842,1604.842105263158,401.2105263157895,2206.878947368421,0.06800178412132026,0.3740472792149866
2847,52.63157894736842,66.05263157894737,66.05263157894737,31.57894736842105,61.421052631578945,1105.2631578947369,1387.1052631578948,346.7763157894737,2225.7236842105262,0.058775646743978595,0.3772413024085638
2848,50.1578947368421,81.63157894736842,81.63157894736842,40.421052631578945,56.8421052631579,1053.3157894736842,1714.2631578947369,428.5657894736842,2219.202631578947,0.07263826940231936,0.376136039250669
2849,52.578947368421055,78.57894736842105,78.57894736842105,39.0,58.578947368421055,1104.157894736842,1650.157894736842,412.5394736842105,2289.607894736842,0.06992194469223907,0.38806913470115967
2850,58.68421052631579,68.10526315789474,68.10526315789474,33.21052631578947,68.0,1232.3684210526314,1430.2105263157896,357.5526315789474,2452.578947368421,0.060602140945584304,0.41569134701159677
2851,51.10526315789474,80.89473684210526,80.89473684210526,40.26315789473684,62.36842105263158,1073.2105263157896,1698.7894736842104,424.6973684210526,2249.1552631578948,0.07198260481712757,0.3812127564674398
2852,51.73684210526316,72.94736842105263,72.94736842105263,36.578947368421055,58.31578947368421,1086.4736842105262,1531.8947368421052,382.9736842105263,2229.978947368421,0.0649107939339875,0.3779625334522747
2853,53.0,82.63157894736842,82.63157894736842,40.89473684210526,56.1578947368421,1113.0,1735.2631578947369,433.8157894736842,2325.915789473684,0.07352809991079394,0.3942230151650312
2854,57.1578947368421,64.21052631578948,64.21052631578948,33.1578947368421,59.10526315789474,1200.3157894736842,1348.4210526315792,337.1052631578948,2377.6421052631576,0.05713648528099912,0.40299018733273856
2855,48.89473684210526,69.63157894736842,69.63157894736842,33.526315789473685,60.421052631578945,1026.7894736842104,1462.2631578947369,365.5657894736842,2111.107894736842,0.06196030330062444,0.357814897413024
2856,55.05263157894737,84.89473684210526,84.89473684210526,42.26315789473684,67.15789473684211,1156.1052631578948,1782.7894736842104,445.6973684210526,2411.0763157894735,0.07554192685102587,0.40865700267618194
2857,54.526315789473685,78.89473684210526,78.89473684210526,38.94736842105263,64.6842105263158,1145.0526315789473,1656.7894736842104,414.1973684210526,2360.786842105263,0.07020294380017841,0.40013336306868863
2858,54.05263157894737,81.57894736842105,81.57894736842105,42.1578947368421,57.473684210526315,1135.1052631578948,1713.157894736842,428.2894736842105,2357.9684210526316,0.0725914362176628,0.3996556645851918
2859,60.8421052631579,73.57894736842105,73.57894736842105,37.473684210526315,75.73684210526316,1277.6842105263158,1545.157894736842,386.2894736842105,2558.3526315789472,0.06547279214986619,0.43361909009812666
2860,58.36842105263158,74.89473684210526,74.89473684210526,35.78947368421053,70.15789473684211,1225.7368421052631,1572.7894736842104,393.1973684210526,2476.95,0.0666436217662801,0.4198220338983051
2861,55.421052631578945,67.84210526315789,67.84210526315789,34.89473684210526,61.36842105263158,1163.842105263158,1424.6842105263156,356.1710526315789,2334.702631578947,0.06036797502230151,0.3957123104371097
2862,52.31578947368421,64.26315789473684,64.26315789473684,31.473684210526315,57.94736842105263,1098.6315789473686,1349.5263157894735,337.3815789473684,2205.055263157895,0.05718331846565566,0.3737381801962534
2863,57.10526315789474,83.15789473684211,83.15789473684211,40.473684210526315,68.21052631578948,1199.2105263157896,1746.3157894736844,436.5789473684211,2475.2368421052633,0.07399643175735951,0.41953166815343446
2864,55.36842105263158,69.0,69.0,35.73684210526316,65.15789473684211,1162.7368421052631,1449.0,362.25,2338.902631578947,0.06139830508474576,0.3964241748438893
2865,49.89473684210526,87.78947368421052,87.78947368421052,43.31578947368421,57.78947368421053,1047.7894736842104,1843.5789473684208,460.8947368421052,2242.136842105263,0.07811775200713647,0.38002319357716324
2866,52.89473684210526,73.73684210526316,73.73684210526316,36.26315789473684,59.36842105263158,1110.7894736842104,1548.4736842105265,387.1184210526316,2275.460526315789,0.06561329170383587,0.3856712756467439
2867,50.94736842105263,67.63157894736842,67.63157894736842,32.89473684210526,57.05263157894737,1069.8947368421052,1420.2631578947369,355.0657894736842,2173.886842105263,0.06018064228367529,0.36845539696699375
2868,58.73684210526316,71.42105263157895,71.42105263157895,35.94736842105263,71.3157894736842,1233.4736842105262,1499.842105263158,374.9605263157895,2471.8657894736843,0.06355263157894737,0.41896030330062445
2869,39.421052631578945,77.42105263157895,77.42105263157895,40.31578947368421,48.73684210526316,827.8421052631578,1625.842105263158,406.4605263157895,1813.7921052631577,0.06889161462979483,0.3074223907225691
2870,51.89473684210526,76.89473684210526,76.89473684210526,39.05263157894737,55.526315789473685,1089.7894736842104,1614.7894736842104,403.6973684210526,2256.33947368421,0.06842328278322926,0.3824304192685102
2871,48.78947368421053,68.6842105263158,68.6842105263158,34.68421052631579,54.68421052631579,1024.578947368421,1442.3684210526317,360.5921052631579,2102.3763157894737,0.061117305976806424,0.3563349687778769
2872,49.8421052631579,80.3157894736842,80.3157894736842,41.21052631578947,56.89473684210526,1046.6842105263158,1686.6315789473683,421.6578947368421,2201.0210526315786,0.07146743978590543,0.37305441570026754
2873,47.1578947368421,78.47368421052632,78.47368421052632,40.05263157894737,55.21052631578947,990.3157894736842,1647.9473684210527,411.9868421052632,2095.5236842105264,0.06982827832292596,0.3551735057983943
2874,48.578947368421055,77.42105263157895,77.42105263157895,39.73684210526316,52.0,1020.1578947368422,1625.842105263158,406.4605263157895,2140.7289473684214,0.06889161462979483,0.362835414808207
2875,51.36842105263158,78.3157894736842,78.3157894736842,40.1578947368421,64.26315789473684,1078.7368421052631,1644.6315789473683,411.1578947368421,2245.0105263157893,0.06968777876895628,0.3805102586975914
2876,51.68421052631579,82.42105263157895,82.42105263157895,39.8421052631579,57.0,1085.3684210526314,1730.842105263158,432.7105263157895,2277.836842105263,0.07334076717216771,0.3860740410347903
2877,49.68421052631579,70.78947368421052,70.78947368421052,36.31578947368421,61.8421052631579,1043.3684210526314,1486.5789473684208,371.6447368421052,2145.3710526315786,0.06299063336306868,0.36362221231043707
2878,54.21052631578947,75.73684210526316,75.73684210526316,37.36842105263158,63.89473684210526,1138.421052631579,1590.4736842105265,397.6184210526316,2332.934210526316,0.06739295272078502,0.3954125780553078
2879,49.73684210526316,80.0,80.0,41.26315789473684,55.526315789473685,1044.4736842105262,1680.0,420.0,2195.6052631578946,0.0711864406779661,0.3721364852809991
2880,56.421052631578945,72.78947368421052,72.78947368421052,36.05263157894737,68.15789473684211,1184.842105263158,1528.5789473684208,382.1447368421052,2396.3763157894737,0.06477029438001783,0.40616547725245317
2881,54.26315789473684,81.0,81.0,42.05263157894737,61.78947368421053,1139.5263157894738,1701.0,425.25,2362.444736842105,0.07207627118644068,0.400414362176628
2882,53.8421052631579,75.26315789473684,75.26315789473684,39.68421052631579,62.1578947368421,1130.6842105263158,1580.5263157894735,395.1315789473684,2317.2947368421055,0.066971454058876,0.3927618198037467
2883,53.05263157894737,78.15789473684211,78.15789473684211,39.10526315789474,62.05263157894737,1114.1052631578948,1641.3157894736844,410.3289473684211,2304.307894736842,0.06954727921498663,0.3905606601248885
2884,50.94736842105263,79.3157894736842,79.3157894736842,39.31578947368421,61.73684210526316,1069.8947368421052,1665.6315789473683,416.4078947368421,2235.228947368421,0.07057760927743086,0.3788523639607493
2885,49.63157894736842,84.3157894736842,84.3157894736842,42.31578947368421,59.1578947368421,1042.2631578947369,1770.6315789473683,442.6578947368421,2214.5052631578947,0.07502676181980374,0.37533987511150757
2886,48.10526315789474,74.94736842105263,74.94736842105263,37.05263157894737,56.63157894736842,1010.2105263157896,1573.8947368421052,393.4736842105263,2110.8315789473686,0.06669045495093666,0.35776806422836754
2887,44.473684210526315,84.84210526315789,84.84210526315789,43.1578947368421,54.31578947368421,933.9473684210526,1781.6842105263156,445.4210526315789,2033.1315789473683,0.0754950936663693,0.3445985727029438
2888,56.73684210526316,74.94736842105263,74.94736842105263,36.78947368421053,63.68421052631579,1191.4736842105262,1573.8947368421052,393.4736842105263,2418.978947368421,0.06669045495093666,0.4099964317573595
2889,51.89473684210526,79.05263157894737,79.05263157894737,39.26315789473684,60.526315789473685,1089.7894736842104,1660.1052631578948,415.0263157894737,2267.6684210526314,0.07034344335414809,0.38435057983942905
2890,59.94736842105263,66.15789473684211,66.15789473684211,32.473684210526315,62.8421052631579,1258.8947368421052,1389.3157894736844,347.3289473684211,2487.4500000000003,0.05886931311329171,0.4216016949152543
2891,53.10526315789474,73.36842105263158,73.36842105263158,37.31578947368421,65.15789473684211,1115.2105263157896,1540.7368421052631,385.1842105263158,2281.042105263158,0.06528545941123996,0.3866173059768065
2892,50.78947368421053,68.26315789473684,68.26315789473684,33.473684210526315,58.1578947368421,1066.578947368421,1433.5263157894735,358.3815789473684,2171.565789473684,0.06074264049955396,0.36806199821587865
2893,50.68421052631579,66.26315789473684,66.26315789473684,32.89473684210526,62.36842105263158,1064.3684210526314,1391.5263157894735,347.8815789473684,2157.3078947368417,0.05896297948260481,0.3656454058876003
2894,51.78947368421053,75.15789473684211,75.15789473684211,38.421052631578945,64.94736842105263,1087.578947368421,1578.3157894736844,394.5789473684211,2243.463157894737,0.0668777876895629,0.38024799286351474
2895,45.63157894736842,81.63157894736842,81.63157894736842,42.526315789473685,44.526315789473685,958.2631578947368,1714.2631578947369,428.5657894736842,2057.6131578947366,0.07263826940231936,0.34874799286351466
2896,56.78947368421053,66.6842105263158,66.6842105263158,35.1578947368421,63.73684210526316,1192.578947368421,1400.3684210526317,350.0921052631579,2377.4763157894736,0.05933764495985727,0.40296208742194467
2897,52.0,74.57894736842105,74.57894736842105,39.0,60.89473684210526,1092.0,1566.157894736842,391.5394736842105,2247.9394736842105,0.06636262265834077,0.38100669045495095
2898,53.421052631578945,78.52631578947368,78.52631578947368,39.1578947368421,62.78947368421053,1121.842105263158,1649.0526315789473,412.2631578947368,2319.394736842105,0.06987511150758251,0.39311775200713645
2899,51.421052631578945,76.15789473684211,76.15789473684211,38.63157894736842,60.05263157894737,1079.842105263158,1599.3157894736844,399.8289473684211,2235.5605263157895,0.06776761819803748,0.3789085637823372
2900,54.78947368421053,74.57894736842105,74.57894736842105,37.05263157894737,62.10526315789474,1150.578947368421,1566.157894736842,391.5394736842105,2347.5236842105264,0.06636262265834077,0.39788537020517395
2901,63.89473684210526,63.8421052631579,63.8421052631579,32.0,72.57894736842105,1341.7894736842104,1340.6842105263158,335.17105263157896,2616.2131578947365,0.056808652988403215,0.4434259589652096
2902,45.68421052631579,85.52631578947368,85.52631578947368,43.94736842105263,55.1578947368421,959.3684210526316,1796.0526315789473,449.0131578947368,2079.9394736842105,0.07610392506690454,0.3525321141837645
2903,55.8421052631579,76.05263157894737,76.05263157894737,36.8421052631579,68.10526315789474,1172.6842105263158,1597.1052631578948,399.2763157894737,2392.8394736842106,0.06767395182872435,0.40556601248884927
2904,50.10526315789474,77.94736842105263,77.94736842105263,40.94736842105263,58.8421052631579,1052.2105263157896,1636.8947368421052,409.2236842105263,2197.9815789473687,0.06935994647636039,0.37253925066904553
2905,59.578947368421055,77.78947368421052,77.78947368421052,37.63157894736842,67.57894736842105,1251.157894736842,1633.5789473684208,408.3947368421052,2535.363157894737,0.06921944692239071,0.4297225691347012
2906,59.36842105263158,69.6842105263158,69.6842105263158,34.473684210526315,65.94736842105263,1246.7368421052631,1463.3684210526317,365.8421052631579,2485.294736842105,0.062007136485281,0.4212363960749331
2907,53.578947368421055,74.57894736842105,74.57894736842105,36.78947368421053,63.63157894736842,1125.157894736842,1566.157894736842,391.5394736842105,2304.307894736842,0.06636262265834077,0.3905606601248885
2908,49.578947368421055,66.52631578947368,66.52631578947368,33.89473684210526,56.473684210526315,1041.157894736842,1397.0526315789473,349.2631578947368,2119.2315789473682,0.059197145405887594,0.35919179304192683
2909,61.68421052631579,75.05263157894737,75.05263157894737,35.05263157894737,71.57894736842105,1295.3684210526314,1576.1052631578948,394.0263157894737,2596.152631578947,0.06678412132024977,0.44002586975914354
2910,45.73684210526316,79.10526315789474,79.10526315789474,40.73684210526316,57.78947368421053,960.4736842105264,1661.2105263157896,415.3026315789474,2048.1078947368424,0.07039027653880464,0.3471369313113292
2911,58.21052631578947,72.89473684210526,72.89473684210526,35.94736842105263,61.36842105263158,1222.421052631579,1530.7894736842104,382.6973684210526,2460.813157894737,0.06486396074933094,0.41708697591436217
2912,47.578947368421055,76.15789473684211,76.15789473684211,39.89473684210526,56.21052631578947,999.1578947368422,1599.3157894736844,399.8289473684211,2098.3973684210528,0.06776761819803748,0.3556605709188225
2913,50.421052631578945,75.42105263157895,75.42105263157895,38.473684210526315,56.73684210526316,1058.842105263158,1583.842105263158,395.9605263157895,2195.992105263158,0.06711195361284568,0.3722020517395183
2914,54.8421052631579,77.42105263157895,77.42105263157895,37.8421052631579,60.578947368421055,1151.6842105263158,1625.842105263158,406.4605263157895,2364.323684210526,0.06889161462979483,0.4007328278322926
2915,54.05263157894737,70.52631578947368,70.52631578947368,35.89473684210526,62.1578947368421,1135.1052631578948,1481.0526315789473,370.2631578947368,2299.942105263158,0.0627564674397859,0.3898206958073149
2916,54.89473684210526,77.10526315789474,77.10526315789474,38.526315789473685,60.1578947368421,1152.7894736842104,1619.2105263157896,404.8026315789474,2364.544736842105,0.06861061552185549,0.4007702943800178
2917,45.526315789473685,82.3157894736842,82.3157894736842,43.473684210526315,49.526315789473685,956.0526315789474,1728.6315789473683,432.1578947368421,2057.4473684210525,0.07324710080285458,0.34871989295272077
2918,50.36842105263158,66.84210526315789,66.84210526315789,33.10526315789474,55.1578947368421,1057.7368421052631,1403.6842105263156,350.9210526315789,2149.073684210526,0.059478144513826936,0.36424977698483496
2919,51.36842105263158,87.0,87.0,44.578947368421055,59.26315789473684,1078.7368421052631,1827.0,456.75,2290.6026315789472,0.07741525423728814,0.3882377341659233
2920,48.31578947368421,81.15789473684211,81.15789473684211,40.05263157894737,55.8421052631579,1014.6315789473684,1704.3157894736844,426.0789473684211,2150.9526315789476,0.07221677074041036,0.3645682426404996
2921,49.0,77.52631578947368,77.52631578947368,40.68421052631579,48.10526315789474,1029.0,1628.0526315789473,407.0131578947368,2156.313157894737,0.06898528099910793,0.36547680642283675
2922,53.1578947368421,76.6842105263158,76.6842105263158,40.421052631578945,56.0,1116.3157894736842,1610.3684210526317,402.5921052631579,2300.328947368421,0.06823595004460303,0.38988626226583406
2923,60.36842105263158,68.10526315789474,68.10526315789474,34.1578947368421,65.15789473684211,1267.7368421052631,1430.2105263157896,357.5526315789474,2512.705263157895,0.060602140945584304,0.42588224799286356
2924,56.36842105263158,73.26315789473684,73.26315789473684,35.26315789473684,70.63157894736842,1183.7368421052631,1538.5263157894735,384.6315789473684,2396.9842105263156,0.06519179304192685,0.40626851025869753
2925,50.78947368421053,68.89473684210526,68.89473684210526,34.89473684210526,55.8421052631579,1066.578947368421,1446.7894736842104,361.6973684210526,2174.8815789473683,0.061304638715432645,0.36862399643175736
2926,51.63157894736842,68.63157894736842,68.63157894736842,34.73684210526316,55.05263157894737,1084.2631578947369,1441.2631578947369,360.3157894736842,2203.563157894737,0.06107047279214987,0.37348528099910794
2927,55.526315789473685,72.15789473684211,72.15789473684211,38.05263157894737,64.78947368421052,1166.0526315789473,1515.3157894736844,378.8289473684211,2361.1184210526317,0.06420829616413917,0.4001895628902766
2928,52.31578947368421,71.78947368421052,71.78947368421052,34.473684210526315,56.26315789473684,1098.6315789473686,1507.5789473684208,376.8947368421052,2244.5684210526315,0.06388046387154325,0.38043532560214094
2929,52.0,73.89473684210526,73.89473684210526,36.10526315789474,62.10526315789474,1092.0,1551.7894736842104,387.9473684210526,2244.3473684210526,0.06575379125780552,0.3803978590544157
2930,53.421052631578945,68.0,68.0,33.89473684210526,69.6842105263158,1121.842105263158,1428.0,357.0,2264.1315789473683,0.06050847457627118,0.38375111507582516
2931,49.36842105263158,80.63157894736842,80.63157894736842,40.526315789473685,63.36842105263158,1036.7368421052631,1693.2631578947369,423.3157894736842,2185.7684210526313,0.07174843889384479,0.37046922390722564
2932,47.578947368421055,71.94736842105263,71.94736842105263,36.0,58.78947368421053,999.1578947368422,1510.8947368421052,377.7236842105263,2076.292105263158,0.06402096342551293,0.351913916146298
2933,59.0,87.42105263157895,87.42105263157895,43.1578947368421,72.36842105263158,1239.0,1835.842105263158,458.9605263157895,2565.2605263157893,0.07778991971454059,0.43478991971454056
2934,58.421052631578945,74.57894736842105,74.57894736842105,36.8421052631579,67.63157894736842,1226.842105263158,1566.157894736842,391.5394736842105,2477.1710526315787,0.06636262265834077,0.4198595004460303
2935,51.421052631578945,65.47368421052632,65.47368421052632,32.0,62.73684210526316,1079.842105263158,1374.9473684210527,343.7368421052632,2179.4684210526316,0.05826048171275647,0.3694014272970562
2936,48.526315789473685,72.94736842105263,72.94736842105263,35.68421052631579,58.73684210526316,1019.0526315789474,1531.8947368421052,382.9736842105263,2115.363157894737,0.0649107939339875,0.3585361284567351
2937,53.05263157894737,75.36842105263158,75.36842105263158,39.05263157894737,61.473684210526315,1114.1052631578948,1582.7368421052631,395.6842105263158,2289.6631578947367,0.06706512042818912,0.38807850133809096
2938,51.05263157894737,81.42105263157895,81.42105263157895,42.578947368421055,60.8421052631579,1072.1052631578948,1709.842105263158,427.4605263157895,2250.0394736842104,0.07245093666369314,0.38136262265834076
2939,49.26315789473684,78.57894736842105,78.57894736842105,39.21052631578947,58.526315789473685,1034.5263157894738,1650.157894736842,412.5394736842105,2171.234210526316,0.06992194469223907,0.3680057983942909
2940,55.68421052631579,71.63157894736842,71.63157894736842,34.89473684210526,64.6842105263158,1169.3684210526314,1504.2631578947369,376.0657894736842,2363.9921052631576,0.0637399643175736,0.4006766280107047
2941,54.21052631578947,83.52631578947368,83.52631578947368,41.73684210526316,67.84210526315789,1138.421052631579,1754.0526315789473,438.5131578947368,2373.828947368421,0.07432426404995539,0.4023438893844781
2942,55.05263157894737,71.3157894736842,71.3157894736842,35.68421052631579,62.0,1156.1052631578948,1497.6315789473683,374.4078947368421,2339.786842105263,0.06345896520963425,0.3965740410347903
2943,54.578947368421055,61.526315789473685,61.526315789473685,31.05263157894737,58.05263157894737,1146.157894736842,1292.0526315789473,323.0131578947368,2271.4815789473682,0.05474799286351471,0.38499687778768954
2944,44.63157894736842,76.42105263157895,76.42105263157895,38.78947368421053,58.05263157894737,937.2631578947368,1604.842105263158,401.2105263157895,1994.5578947368417,0.06800178412132026,0.33806066012488845
2945,52.68421052631579,79.94736842105263,79.94736842105263,39.31578947368421,64.21052631578948,1106.3684210526314,1678.8947368421052,419.7236842105263,2300.5499999999997,0.07113960749330954,0.3899237288135593
2946,59.63157894736842,72.6842105263158,72.6842105263158,37.10526315789474,67.47368421052632,1252.2631578947369,1526.3684210526317,381.5921052631579,2510.4394736842105,0.06467662801070473,0.42549821587867975
2947,53.94736842105263,61.68421052631579,61.68421052631579,29.473684210526315,61.26315789473684,1132.8947368421052,1295.3684210526314,323.84210526315786,2249.7631578947367,0.054888492417484384,0.38131578947368416
2948,45.1578947368421,75.63157894736842,75.63157894736842,39.0,53.8421052631579,948.3157894736842,1588.2631578947369,397.0657894736842,2009.2026315789471,0.06729928635147191,0.340542818911686
2949,49.578947368421055,72.73684210526316,72.73684210526316,37.0,58.63157894736842,1041.157894736842,1527.4736842105265,381.8684210526316,2151.8368421052633,0.06472346119536129,0.36471810883140054
2950,52.26315789473684,67.05263157894737,67.05263157894737,32.68421052631579,63.63157894736842,1097.5263157894738,1408.1052631578948,352.0263157894737,2217.821052631579,0.05966547725245317,0.3759018733273862
2951,51.473684210526315,70.94736842105263,70.94736842105263,35.89473684210526,58.73684210526316,1080.9473684210527,1489.8947368421052,372.4736842105263,2210.084210526316,0.06313113291703835,0.3745905441570027
2952,50.05263157894737,78.94736842105263,78.94736842105263,40.68421052631579,57.421052631578945,1051.1052631578948,1657.8947368421052,414.4736842105263,2201.3526315789472,0.07024977698483496,0.3731106155218555
2953,47.89473684210526,83.26315789473684,83.26315789473684,43.473684210526315,61.94736842105263,1005.7894736842104,1748.5263157894735,437.1315789473684,2146.9736842105262,0.07409009812667261,0.36389384478144515
2954,52.473684210526315,70.05263157894737,70.05263157894737,36.526315789473685,64.26315789473684,1101.9473684210527,1471.1052631578948,367.7763157894737,2241.0868421052633,0.0623349687778769,0.37984522747546834
2955,54.89473684210526,77.3157894736842,77.3157894736842,37.68421052631579,62.526315789473685,1152.7894736842104,1623.6315789473683,405.9078947368421,2365.6499999999996,0.0687979482604817,0.400957627118644
2956,48.473684210526315,76.6842105263158,76.6842105263158,38.78947368421053,54.94736842105263,1017.9473684210526,1610.3684210526317,402.5921052631579,2133.1026315789472,0.06823595004460303,0.361542818911686
2957,54.05263157894737,69.0,69.0,34.421052631578945,61.21052631578947,1135.1052631578948,1449.0,362.25,2291.928947368421,0.06139830508474576,0.38846253345227477
2958,50.36842105263158,69.78947368421052,69.78947368421052,35.578947368421055,56.68421052631579,1057.7368421052631,1465.5789473684208,366.3947368421052,2164.5473684210524,0.0621008028545941,0.3668724353256021
2959,51.05263157894737,68.10526315789474,68.10526315789474,35.473684210526315,52.21052631578947,1072.1052631578948,1430.2105263157896,357.5526315789474,2180.1315789473683,0.060602140945584304,0.36951382694023194
2960,49.421052631578945,78.26315789473684,78.26315789473684,40.78947368421053,62.94736842105263,1037.842105263158,1643.5263157894735,410.8815789473684,2175.213157894737,0.06964094558429973,0.36868019625334525
2961,47.78947368421053,85.89473684210526,85.89473684210526,43.578947368421055,59.1578947368421,1003.578947368421,1803.7894736842104,450.9473684210526,2157.0315789473684,0.07643175735950045,0.3655985727029438
2962,44.421052631578945,77.26315789473684,77.26315789473684,39.10526315789474,53.05263157894737,932.8421052631578,1622.5263157894735,405.6315789473684,1991.4631578947365,0.06875111507582515,0.337536128456735
2963,52.89473684210526,73.89473684210526,73.89473684210526,36.05263157894737,60.78947368421053,1110.7894736842104,1551.7894736842104,387.9473684210526,2276.2894736842104,0.06575379125780552,0.38581177520071364
2964,52.73684210526316,64.78947368421052,64.78947368421052,32.1578947368421,57.73684210526316,1107.4736842105262,1360.5789473684208,340.1447368421052,2222.8499999999995,0.05765165031222122,0.3767542372881355
2965,49.73684210526316,76.94736842105263,76.94736842105263,39.73684210526316,64.52631578947368,1044.4736842105262,1615.8947368421052,403.9736842105263,2179.578947368421,0.06847011596788581,0.3694201605709188
2966,57.68421052631579,82.36842105263158,82.36842105263158,40.78947368421053,69.57894736842105,1211.3684210526314,1729.7368421052631,432.4342105263158,2491.7605263157893,0.07329393398751115,0.4223322925958965
2967,48.21052631578947,88.78947368421052,88.78947368421052,44.31578947368421,55.526315789473685,1012.421052631579,1864.5789473684208,466.1447368421052,2187.2605263157893,0.07900758251561105,0.3707221231043711
2968,57.68421052631579,80.63157894736842,80.63157894736842,39.73684210526316,71.05263157894737,1211.3684210526314,1693.2631578947369,423.3157894736842,2482.6421052631576,0.07174843889384479,0.42078679750223014
2969,53.36842105263158,82.42105263157895,82.42105263157895,42.26315789473684,56.1578947368421,1120.7368421052631,1730.842105263158,432.7105263157895,2337.963157894737,0.07334076717216771,0.3962649420160571
2970,43.0,84.63157894736842,84.63157894736842,44.473684210526315,58.526315789473685,903.0,1777.2631578947369,444.3157894736842,1979.415789473684,0.07530776092774309,0.33549420160570914
2971,55.89473684210526,73.47368421052632,73.47368421052632,37.8421052631579,64.63157894736842,1173.7894736842104,1542.9473684210527,385.7368421052632,2381.1789473684207,0.06537912578055308,0.4035896520963425
2972,58.8421052631579,66.21052631578948,66.21052631578948,32.578947368421055,64.36842105263158,1235.6842105263158,1390.4210526315792,347.6052631578948,2448.2684210526313,0.05891614629794827,0.41496074933095445
2973,50.31578947368421,79.73684210526316,79.73684210526316,37.94736842105263,55.68421052631579,1056.6315789473686,1674.4736842105265,418.6184210526316,2214.892105263158,0.07095227475468333,0.3754054415700268
2974,50.36842105263158,76.78947368421052,76.78947368421052,39.63157894736842,58.36842105263158,1057.7368421052631,1612.5789473684208,403.1447368421052,2201.2973684210524,0.06832961641391613,0.37310124888492413
2975,59.31578947368421,61.21052631578947,61.21052631578947,29.31578947368421,65.63157894736842,1245.6315789473686,1285.421052631579,321.35526315789474,2438.928947368421,0.05446699375557538,0.4133777876895629
2976,49.0,79.26315789473684,79.26315789473684,40.05263157894737,57.31578947368421,1029.0,1664.5263157894735,416.1315789473684,2165.4315789473685,0.0705307760927743,0.3670223015165031
2977,50.526315789473685,76.0,76.0,37.421052631578945,63.31578947368421,1061.0526315789473,1596.0,399.0,2202.7894736842104,0.0676271186440678,0.37335414808206957
2978,50.78947368421053,69.15789473684211,69.15789473684211,35.21052631578947,58.05263157894737,1066.578947368421,1452.3157894736844,363.0789473684211,2176.2631578947367,0.06153880463871544,0.3688581623550401
2979,58.26315789473684,73.57894736842105,73.57894736842105,37.78947368421053,61.26315789473684,1223.5263157894738,1545.157894736842,386.2894736842105,2466.2842105263157,0.06547279214986619,0.418014272970562
2980,62.68421052631579,71.73684210526316,71.73684210526316,35.473684210526315,76.26315789473684,1316.3684210526314,1506.4736842105265,376.6184210526316,2614.444736842105,0.06383363068688672,0.44312622658340767
2981,54.89473684210526,68.47368421052632,68.47368421052632,33.526315789473685,66.47368421052632,1152.7894736842104,1437.9473684210527,359.4868421052632,2319.228947368421,0.0609299732381802,0.3930896520963425
2982,47.05263157894737,80.52631578947368,80.52631578947368,40.578947368421055,51.89473684210526,988.1052631578948,1691.0526315789473,422.7631578947368,2102.5421052631577,0.07165477252453166,0.3563630686886708
2983,53.421052631578945,65.36842105263158,65.36842105263158,32.78947368421053,63.05263157894737,1121.842105263158,1372.7368421052631,343.1842105263158,2250.315789473684,0.058166815343443354,0.3814094558429973
2984,46.8421052631579,79.94736842105263,79.94736842105263,40.1578947368421,54.421052631578945,983.6842105263158,1678.8947368421052,419.7236842105263,2091.9868421052633,0.07113960749330954,0.3545740410347904
2985,55.63157894736842,75.89473684210526,75.89473684210526,39.73684210526316,66.52631578947368,1168.2631578947369,1593.7894736842104,398.4473684210526,2384.4947368421053,0.06753345227475469,0.4041516503122212
2986,51.8421052631579,72.57894736842105,72.57894736842105,37.94736842105263,62.421052631578945,1088.6842105263158,1524.157894736842,381.0394736842105,2231.8026315789475,0.06458296164139161,0.37827163247100803
2987,48.73684210526316,77.84210526315789,77.84210526315789,39.31578947368421,56.05263157894737,1023.4736842105264,1634.6842105263156,408.6710526315789,2148.5763157894735,0.06926628010704727,0.36416547725245313
2988,45.63157894736842,78.63157894736842,78.63157894736842,37.94736842105263,53.63157894736842,958.2631578947368,1651.2631578947369,412.8157894736842,2041.8631578947366,0.06996877787689564,0.3460785013380909
2989,45.10526315789474,67.63157894736842,67.63157894736842,34.8421052631579,55.36842105263158,947.2105263157896,1420.2631578947369,355.0657894736842,1965.3236842105264,0.06018064228367529,0.3331057091882248
2990,53.05263157894737,79.36842105263158,79.36842105263158,40.10526315789474,59.1578947368421,1114.1052631578948,1666.7368421052631,416.6842105263158,2310.6631578947367,0.07062444246208742,0.39163782337198927
2991,46.578947368421055,84.10526315789474,84.10526315789474,43.05263157894737,59.94736842105263,978.1578947368422,1766.2105263157896,441.5526315789474,2104.421052631579,0.07483942908117752,0.35668153434433547
2992,46.26315789473684,73.3157894736842,73.3157894736842,37.578947368421055,46.1578947368421,971.5263157894736,1539.6315789473683,384.9078947368421,2036.5026315789473,0.0652386262265834,0.34516993755575376
2993,51.78947368421053,66.94736842105263,66.94736842105263,33.526315789473685,60.31578947368421,1087.578947368421,1405.8947368421052,351.4736842105263,2200.357894736842,0.05957181088314005,0.3729420160570919
2994,51.05263157894737,75.94736842105263,75.94736842105263,38.8421052631579,52.94736842105263,1072.1052631578948,1594.8947368421052,398.7236842105263,2221.3026315789475,0.06758028545941124,0.3764919714540589
2995,50.36842105263158,75.26315789473684,75.26315789473684,36.89473684210526,60.421052631578945,1057.7368421052631,1580.5263157894735,395.1315789473684,2193.2842105263157,0.066971454058876,0.371743086529884
2996,58.05263157894737,69.26315789473684,69.26315789473684,34.1578947368421,59.78947368421053,1219.1052631578948,1454.5263157894735,363.6315789473684,2436.1105263157892,0.06163247100802854,0.41290008920606597
2997,52.21052631578947,64.94736842105263,64.94736842105263,33.31578947368421,56.1578947368421,1096.421052631579,1363.8947368421052,340.9736842105263,2204.8894736842103,0.0577921498661909,0.3737100802854594
2998,54.05263157894737,72.89473684210526,72.89473684210526,36.0,62.78947368421053,1135.1052631578948,1530.7894736842104,382.6973684210526,2312.3763157894737,0.06486396074933094,0.39192818911685995
2999,57.8421052631579,66.94736842105263,66.94736842105263,32.73684210526316,65.10526315789474,1214.6842105263158,1405.8947368421052,351.4736842105263,2416.436842105263,0.05957181088314005,0.40956556645851916
3000,56.26315789473684,78.36842105263158,78.36842105263158,37.10526315789474,63.578947368421055,1181.5263157894738,1645.7368421052631,411.4342105263158,2420.028947368421,0.06973461195361284,0.4101743978590544
3001,51.1578947368421,69.78947368421052,69.78947368421052,36.78947368421053,52.1578947368421,1074.3157894736842,1465.5789473684208,366.3947368421052,2192.7315789473682,0.0621008028545941,0.3716494201605709
3002,49.73684210526316,80.42105263157895,80.42105263157895,41.1578947368421,53.05263157894737,1044.4736842105262,1688.842105263158,422.2105263157895,2197.815789473684,0.07156110615521856,0.37251115075825153
3003,50.94736842105263,70.05263157894737,70.05263157894737,36.78947368421053,58.0,1069.8947368421052,1471.1052631578948,367.7763157894737,2186.5973684210526,0.0623349687778769,0.37060972346119536
3004,49.31578947368421,70.47368421052632,70.47368421052632,35.68421052631579,59.73684210526316,1035.6315789473686,1479.9473684210527,369.9868421052632,2130.5605263157895,0.06270963425512935,0.3611119536128457
3005,52.21052631578947,75.78947368421052,75.78947368421052,38.36842105263158,59.473684210526315,1096.421052631579,1591.5789473684208,397.8947368421052,2261.8105263157895,0.06743978590544156,0.3833577163247101
3006,46.78947368421053,87.21052631578948,87.21052631578948,43.73684210526316,56.526315789473685,982.578947368421,1831.4210526315792,457.8552631578948,2128.2394736842107,0.07760258697591438,0.3607185548617306
3007,50.10526315789474,80.52631578947368,80.52631578947368,40.578947368421055,54.78947368421053,1052.2105263157896,1691.0526315789473,422.7631578947368,2211.521052631579,0.07165477252453166,0.3748340767172168
3008,46.73684210526316,78.10526315789474,78.10526315789474,41.421052631578945,50.05263157894737,981.4736842105264,1640.2105263157896,410.0526315789474,2078.557894736842,0.06950044603033007,0.3522979482604817
3009,56.89473684210526,81.05263157894737,81.05263157894737,39.473684210526315,67.73684210526316,1194.7894736842104,1702.1052631578948,425.5263157894737,2456.6684210526314,0.07212310437109724,0.4163844781445138
3010,51.21052631578947,83.94736842105263,83.94736842105263,40.78947368421053,64.0,1075.421052631579,1762.8947368421052,440.7236842105263,2268.9394736842105,0.07469892952720784,0.38456601248884925
3011,49.578947368421055,74.42105263157895,74.42105263157895,37.73684210526316,61.78947368421053,1041.157894736842,1562.842105263158,390.7105263157895,2160.678947368421,0.0662221231043711,0.36621677074041037
3012,62.526315789473685,68.57894736842105,68.57894736842105,34.421052631578945,69.10526315789474,1313.0526315789473,1440.157894736842,360.0394736842105,2592.228947368421,0.06102363960749331,0.4393608385370205
3013,50.31578947368421,84.10526315789474,84.10526315789474,44.10526315789474,56.89473684210526,1056.6315789473686,1766.2105263157896,441.5526315789474,2237.826315789474,0.07483942908117752,0.379292595896521
3014,50.31578947368421,81.0,81.0,42.31578947368421,53.36842105263158,1056.6315789473686,1701.0,425.25,2221.5236842105264,0.07207627118644068,0.3765294380017841
3015,52.8421052631579,87.05263157894737,87.05263157894737,44.421052631578945,61.31578947368421,1109.6842105263158,1828.1052631578948,457.0263157894737,2343.4894736842107,0.0774620874219447,0.3972016057091883
3016,45.73684210526316,76.42105263157895,76.42105263157895,37.578947368421055,55.10526315789474,960.4736842105264,1604.842105263158,401.2105263157895,2034.0157894736844,0.06800178412132026,0.3447484388938448
3017,47.526315789473685,70.52631578947368,70.52631578947368,35.78947368421053,57.78947368421053,998.0526315789474,1481.0526315789473,370.2631578947368,2066.952631578947,0.0627564674397859,0.3503309545049063
3018,59.36842105263158,76.94736842105263,76.94736842105263,37.0,72.78947368421052,1246.7368421052631,1615.8947368421052,403.9736842105263,2523.4263157894734,0.06847011596788581,0.42769937555753784
3019,49.68421052631579,75.10526315789474,75.10526315789474,38.26315789473684,55.578947368421055,1043.3684210526314,1577.2105263157896,394.3026315789474,2168.0289473684206,0.06683095450490634,0.3674625334522747
3020,57.05263157894737,76.78947368421052,76.78947368421052,38.94736842105263,66.73684210526316,1198.1052631578948,1612.5789473684208,403.1447368421052,2439.9236842105265,0.06832961641391613,0.4135463871543265
3021,51.10526315789474,79.84210526315789,79.84210526315789,40.36842105263158,60.473684210526315,1073.2105263157896,1676.6842105263156,419.1710526315789,2243.628947368421,0.07104594112399643,0.3802760927743086
3022,56.31578947368421,65.84210526315789,65.84210526315789,32.68421052631579,64.57894736842105,1182.6315789473686,1382.6842105263156,345.6710526315789,2356.1447368421054,0.05858831400535235,0.39934656556645853
3023,45.473684210526315,75.05263157894737,75.05263157894737,37.26315789473684,52.31578947368421,954.9473684210526,1576.1052631578948,394.0263157894737,2017.4368421052632,0.06678412132024977,0.3419384478144514
3024,52.36842105263158,72.6842105263158,72.6842105263158,38.0,63.1578947368421,1099.7368421052631,1526.3684210526317,381.5921052631579,2251.144736842105,0.06467662801070473,0.38154995539696696
3025,55.89473684210526,74.3157894736842,74.3157894736842,37.10526315789474,60.473684210526315,1173.7894736842104,1560.6315789473683,390.1578947368421,2385.5999999999995,0.06612845673505797,0.40433898305084737
3026,48.8421052631579,76.10526315789474,76.10526315789474,39.26315789473684,52.63157894736842,1025.6842105263158,1598.2105263157896,399.5526315789474,2143.2157894736843,0.06772078501338091,0.36325691347011596
3027,49.26315789473684,75.73684210526316,75.73684210526316,38.89473684210526,56.21052631578947,1034.5263157894738,1590.4736842105265,397.6184210526316,2156.313157894737,0.06739295272078502,0.36547680642283675
3028,62.89473684210526,84.21052631578948,84.21052631578948,42.10526315789474,72.10526315789474,1320.7894736842104,1768.4210526315792,442.1052631578948,2687.4473684210525,0.07493309545049065,0.4554995539696699
3029,57.578947368421055,81.36842105263158,81.36842105263158,39.578947368421055,68.36842105263158,1209.157894736842,1708.7368421052631,427.1842105263158,2482.7526315789473,0.07240410347903657,0.4208055307760928
3030,56.31578947368421,72.57894736842105,72.57894736842105,35.26315789473684,65.0,1182.6315789473686,1524.157894736842,381.0394736842105,2391.513157894737,0.06458296164139161,0.40534121320249783
3031,61.10526315789474,73.26315789473684,73.26315789473684,36.578947368421055,70.57894736842105,1283.2105263157896,1538.5263157894735,384.6315789473684,2566.0894736842106,0.06519179304192685,0.4349304192685103
3032,51.526315789473685,90.57894736842105,90.57894736842105,45.21052631578947,57.89473684210526,1082.0526315789473,1902.157894736842,475.5394736842105,2315.0289473684206,0.08059991079393398,0.39237778768956283
3033,49.31578947368421,71.36842105263158,71.36842105263158,37.21052631578947,53.526315789473685,1035.6315789473686,1498.7368421052631,374.6842105263158,2135.257894736842,0.06350579839429081,0.3619081177520071
3034,48.05263157894737,72.73684210526316,72.73684210526316,37.578947368421055,48.63157894736842,1009.1052631578948,1527.4736842105265,381.8684210526316,2097.3473684210526,0.06472346119536129,0.35548260481712757
3035,45.526315789473685,79.52631578947368,79.52631578947368,39.26315789473684,58.0,956.0526315789474,1670.0526315789473,417.5131578947368,2042.8026315789475,0.07076494201605708,0.3462377341659233
3036,54.10526315789474,80.6842105263158,80.6842105263158,40.1578947368421,63.21052631578947,1136.2105263157896,1694.3684210526317,423.5921052631579,2355.15,0.07179527207850134,0.3991779661016949
3037,54.73684210526316,78.57894736842105,78.57894736842105,39.05263157894737,62.78947368421053,1149.4736842105262,1650.157894736842,412.5394736842105,2366.644736842105,0.06992194469223907,0.40112622658340763
3038,44.26315789473684,86.26315789473684,86.26315789473684,44.31578947368421,52.63157894736842,929.5263157894736,1811.5263157894735,452.8815789473684,2033.0763157894735,0.07675958965209634,0.34458920606601245
3039,42.26315789473684,79.57894736842105,79.57894736842105,39.68421052631579,52.8421052631579,887.5263157894736,1671.157894736842,417.7894736842105,1926.5842105263155,0.07081177520071365,0.3265396966993755
3040,56.94736842105263,84.6842105263158,84.6842105263158,42.26315789473684,65.15789473684211,1195.8947368421052,1778.3684210526317,444.5921052631579,2477.613157894737,0.07535459411239964,0.41993443354148086
3041,47.26315789473684,75.05263157894737,75.05263157894737,38.526315789473685,52.26315789473684,992.5263157894736,1576.1052631578948,394.0263157894737,2081.321052631579,0.06678412132024977,0.35276628010704725
3042,46.26315789473684,83.26315789473684,83.26315789473684,41.94736842105263,53.78947368421053,971.5263157894736,1748.5263157894735,437.1315789473684,2088.7263157894736,0.07409009812667261,0.354021409455843
3043,48.36842105263158,69.05263157894737,69.05263157894737,34.578947368421055,54.78947368421053,1015.7368421052632,1450.1052631578948,362.5263157894737,2089.278947368421,0.06144513826940232,0.3541150758251561
3044,56.526315789473685,76.26315789473684,76.26315789473684,39.05263157894737,64.89473684210526,1187.0526315789473,1601.5263157894735,400.3815789473684,2418.3710526315786,0.06786128456735058,0.409893398751115
3045,54.68421052631579,78.52631578947368,78.52631578947368,40.36842105263158,63.36842105263158,1148.3684210526314,1649.0526315789473,412.2631578947368,2364.48947368421,0.06987511150758251,0.40076092774308647
3046,51.473684210526315,67.89473684210526,67.89473684210526,33.73684210526316,63.421052631578945,1080.9473684210527,1425.7894736842104,356.4473684210526,2194.057894736842,0.06041480820695807,0.3718742194469224
3047,48.526315789473685,77.47368421052632,77.47368421052632,40.578947368421055,48.68421052631579,1019.0526315789474,1626.9473684210527,406.7368421052632,2139.1263157894737,0.06893844781445138,0.36256378233719894
3048,46.36842105263158,70.47368421052632,70.47368421052632,35.94736842105263,53.63157894736842,973.7368421052632,1479.9473684210527,369.9868421052632,2025.3394736842106,0.06270963425512935,0.3432778768956289
3049,57.10526315789474,67.21052631578948,67.21052631578948,34.63157894736842,66.63157894736842,1199.2105263157896,1411.4210526315792,352.8552631578948,2391.513157894737,0.05980597680642285,0.40534121320249783
3050,49.526315789473685,71.78947368421052,71.78947368421052,35.36842105263158,56.63157894736842,1040.0526315789473,1507.5789473684208,376.8947368421052,2144.9842105263156,0.06388046387154325,0.3635566458519179
3051,54.1578947368421,65.10526315789474,65.10526315789474,31.894736842105264,67.36842105263158,1137.3157894736842,1367.2105263157896,341.8026315789474,2275.23947368421,0.057932649420160576,0.3856338090990187
3052,55.73684210526316,68.42105263157895,68.42105263157895,33.578947368421055,66.73684210526316,1170.4736842105262,1436.842105263158,359.2105263157895,2349.015789473684,0.06088314005352364,0.39813826940231933
3053,60.73684210526316,78.73684210526316,78.73684210526316,37.8421052631579,69.89473684210526,1275.4736842105262,1653.4736842105265,413.3684210526316,2581.673684210526,0.07006244424620875,0.43757181088314
3054,59.94736842105263,77.0,77.0,37.8421052631579,71.15789473684211,1258.8947368421052,1617.0,404.25,2544.371052631579,0.06851694915254238,0.4312493309545049
3055,57.21052631578947,79.0,79.0,38.89473684210526,71.15789473684211,1201.421052631579,1659.0,414.75,2457.165789473684,0.07029661016949153,0.4164687778768956
3056,59.1578947368421,65.89473684210526,65.89473684210526,32.36842105263158,61.473684210526315,1242.3157894736842,1383.7894736842104,345.9473684210526,2457.8842105263157,0.05863514719000892,0.41659054415700264
3057,55.36842105263158,77.47368421052632,77.47368421052632,38.78947368421053,69.78947368421052,1162.7368421052631,1626.9473684210527,406.7368421052632,2383.3894736842103,0.06893844781445138,0.40396431757359497
3058,52.10526315789474,75.57894736842105,75.57894736842105,36.78947368421053,66.63157894736842,1094.2105263157896,1587.157894736842,396.7894736842105,2256.947368421053,0.06725245316681534,0.3825334522747547
3059,47.421052631578945,76.89473684210526,76.89473684210526,40.1578947368421,54.578947368421055,995.8421052631578,1614.7894736842104,403.6973684210526,2096.628947368421,0.06842328278322926,0.3553608385370205
3060,49.68421052631579,65.94736842105263,65.94736842105263,33.578947368421055,60.89473684210526,1043.3684210526314,1384.8947368421052,346.2236842105263,2119.95,0.058681980374665474,0.35931355932203385
3061,53.473684210526315,69.10526315789474,69.10526315789474,34.8421052631579,60.578947368421055,1122.9473684210527,1451.2105263157896,362.8026315789474,2271.813157894737,0.06149197145405888,0.3850530776092774
3062,61.8421052631579,73.15789473684211,73.15789473684211,35.8421052631579,74.0,1298.6842105263158,1536.3157894736844,384.0789473684211,2591.842105263158,0.06509812667261375,0.43929527207850133
3063,48.05263157894737,72.78947368421052,72.78947368421052,36.63157894736842,58.0,1009.1052631578948,1528.5789473684208,382.1447368421052,2097.6236842105263,0.06477029438001783,0.3555294380017841
3064,51.8421052631579,86.21052631578948,86.21052631578948,43.05263157894737,58.78947368421053,1088.6842105263158,1810.4210526315792,452.6052631578948,2303.3684210526317,0.0767127564674398,0.39040142729705624
3065,56.421052631578945,68.73684210526316,68.73684210526316,34.8421052631579,63.0,1184.842105263158,1443.4736842105265,360.8684210526316,2375.1,0.06116413916146299,0.40255932203389827
3066,51.68421052631579,89.6842105263158,89.6842105263158,45.421052631578945,58.31578947368421,1085.3684210526314,1883.3684210526317,470.8421052631579,2315.968421052631,0.07980374665477252,0.3925370205173951
3067,49.73684210526316,84.84210526315789,84.84210526315789,43.0,56.0,1044.4736842105262,1781.6842105263156,445.4210526315789,2221.0263157894733,0.0754950936663693,0.37644513826940224
3068,56.473684210526315,78.89473684210526,78.89473684210526,37.73684210526316,68.73684210526316,1185.9473684210527,1656.7894736842104,414.1973684210526,2430.307894736842,0.07020294380017841,0.4119165923282783
3069,51.89473684210526,69.42105263157895,69.42105263157895,35.10526315789474,60.421052631578945,1089.7894736842104,1457.842105263158,364.4605263157895,2217.1026315789472,0.061772970561998215,0.3757801070472792
3070,51.578947368421055,76.26315789473684,76.26315789473684,37.10526315789474,64.89473684210526,1083.157894736842,1601.5263157894735,400.3815789473684,2241.75,0.06786128456735058,0.37995762711864406
3071,49.31578947368421,83.42105263157895,83.42105263157895,42.68421052631579,58.1578947368421,1035.6315789473686,1751.842105263158,437.9605263157895,2198.5342105263157,0.07423059768064229,0.3726329170383586
3072,52.10526315789474,79.89473684210526,79.89473684210526,41.73684210526316,62.578947368421055,1094.2105263157896,1677.7894736842104,419.4473684210526,2279.605263157895,0.07109277430865299,0.3863737734165924
3073,61.63157894736842,63.73684210526316,63.73684210526316,31.894736842105264,76.15789473684211,1294.2631578947369,1338.4736842105262,334.61842105263156,2534.8657894736843,0.056714986619090094,0.42963826940231936
3074,46.94736842105263,88.57894736842105,88.57894736842105,44.78947368421053,55.26315789473684,985.8947368421052,1860.157894736842,465.0394736842105,2141.0605263157895,0.07882024977698483,0.36289161462979486
3075,54.73684210526316,68.63157894736842,68.63157894736842,33.73684210526316,60.21052631578947,1149.4736842105262,1441.2631578947369,360.3157894736842,2314.4210526315787,0.06107047279214987,0.3922747546833184
3076,48.94736842105263,65.57894736842105,65.57894736842105,33.473684210526315,61.68421052631579,1027.8947368421052,1377.157894736842,344.2894736842105,2091.710526315789,0.05835414808206958,0.35452720785013375
3077,43.63157894736842,84.94736842105263,84.94736842105263,44.05263157894737,56.73684210526316,916.2631578947368,1783.8947368421052,445.9736842105263,2003.6210526315788,0.07558876003568242,0.3395967885816235
3078,50.78947368421053,76.52631578947368,76.52631578947368,38.31578947368421,57.26315789473684,1066.578947368421,1607.0526315789473,401.7631578947368,2214.9473684210525,0.06809545049063336,0.37541480820695805
3079,50.26315789473684,70.73684210526316,70.73684210526316,35.8421052631579,57.1578947368421,1055.5263157894738,1485.4736842105265,371.3684210526316,2165.763157894737,0.06294380017841214,0.36707850133809106
3080,50.421052631578945,87.21052631578948,87.21052631578948,44.0,54.473684210526315,1058.842105263158,1831.4210526315792,457.8552631578948,2257.886842105263,0.07760258697591438,0.38269268510258697
3081,48.63157894736842,74.52631578947368,74.52631578947368,38.526315789473685,52.78947368421053,1021.2631578947368,1565.0526315789473,391.2631578947368,2127.4105263157894,0.0663157894736842,0.36057805530776094
3082,52.36842105263158,75.3157894736842,75.3157894736842,37.36842105263158,63.73684210526316,1099.7368421052631,1581.6315789473683,395.4078947368421,2264.960526315789,0.06701828724353255,0.38389161462979476
3083,50.68421052631579,78.21052631578948,78.21052631578948,40.94736842105263,55.578947368421055,1064.3684210526314,1642.4210526315792,410.6052631578948,2220.031578947368,0.06959411239964318,0.3762765388046386
3084,53.526315789473685,69.15789473684211,69.15789473684211,34.63157894736842,62.73684210526316,1124.0526315789473,1452.3157894736844,363.0789473684211,2273.9684210526316,0.06153880463871544,0.3854183764495986
3085,61.36842105263158,72.47368421052632,72.47368421052632,35.94736842105263,68.78947368421052,1288.7368421052631,1521.9473684210527,380.4868421052632,2571.3394736842106,0.0644892952720785,0.43582024977698486
3086,50.526315789473685,74.3157894736842,74.3157894736842,37.31578947368421,53.73684210526316,1061.0526315789473,1560.6315789473683,390.1578947368421,2193.9473684210525,0.06612845673505797,0.37185548617305975
3087,56.0,78.42105263157895,78.42105263157895,38.78947368421053,65.26315789473684,1176.0,1646.842105263158,411.7105263157895,2410.9105263157894,0.06978144513826941,0.40862890276538805
3088,51.31578947368421,80.42105263157895,80.42105263157895,40.73684210526316,54.63157894736842,1077.6315789473686,1688.842105263158,422.2105263157895,2254.184210526316,0.07156110615521856,0.38206512042818913
3089,48.8421052631579,71.36842105263158,71.36842105263158,34.8421052631579,50.73684210526316,1025.6842105263158,1498.7368421052631,374.6842105263158,2118.3473684210526,0.06350579839429081,0.35904192685102587
3090,55.526315789473685,78.42105263157895,78.42105263157895,39.68421052631579,69.63157894736842,1166.0526315789473,1646.842105263158,411.7105263157895,2394.0,0.06978144513826941,0.40576271186440677
3091,53.36842105263158,76.63157894736842,76.63157894736842,39.31578947368421,58.421052631578945,1120.7368421052631,1609.2631578947369,402.3157894736842,2307.5684210526315,0.06818911685994648,0.39111329170383585
3092,44.10526315789474,76.47368421052632,76.47368421052632,39.05263157894737,51.89473684210526,926.2105263157896,1605.9473684210527,401.4868421052632,1976.0447368421053,0.0680486173059768,0.3349228367528992
3093,50.26315789473684,79.15789473684211,79.15789473684211,38.578947368421055,55.68421052631579,1055.5263157894738,1662.3157894736844,415.5789473684211,2209.9736842105267,0.0704371097234612,0.3745718108831401
3094,51.05263157894737,78.89473684210526,78.89473684210526,40.473684210526315,60.8421052631579,1072.1052631578948,1656.7894736842104,414.1973684210526,2236.7763157894738,0.07020294380017841,0.3791146297948261
3095,47.473684210526315,68.89473684210526,68.89473684210526,34.94736842105263,61.10526315789474,996.9473684210526,1446.7894736842104,361.6973684210526,2056.507894736842,0.061304638715432645,0.34856066012488846
3096,48.1578947368421,76.26315789473684,76.26315789473684,39.0,54.36842105263158,1011.3157894736842,1601.5263157894735,400.3815789473684,2119.6184210526317,0.06786128456735058,0.35925735950044607
3097,54.0,68.57894736842105,68.57894736842105,35.36842105263158,62.10526315789474,1134.0,1440.157894736842,360.0394736842105,2287.8394736842106,0.06102363960749331,0.38776940231935775
3098,52.0,74.78947368421052,74.78947368421052,38.8421052631579,63.421052631578945,1092.0,1570.5789473684208,392.6447368421052,2249.044736842105,0.06654995539696698,0.38119402319357715
3099,56.10526315789474,74.94736842105263,74.94736842105263,37.21052631578947,67.15789473684211,1178.2105263157896,1573.8947368421052,393.4736842105263,2396.4315789473685,0.06669045495093666,0.4061748438893845
3100,50.26315789473684,79.52631578947368,79.52631578947368,40.36842105263158,58.63157894736842,1055.5263157894738,1670.0526315789473,417.5131578947368,2211.907894736842,0.07076494201605708,0.37489964317573593
3101,59.578947368421055,66.78947368421052,66.78947368421052,32.26315789473684,63.1578947368421,1251.157894736842,1402.5789473684208,350.6447368421052,2477.613157894737,0.05943131132917037,0.41993443354148086
3102,47.578947368421055,79.15789473684211,79.15789473684211,42.63157894736842,50.73684210526316,999.1578947368422,1662.3157894736844,415.5789473684211,2114.1473684210528,0.0704371097234612,0.35833006244424626
3103,59.68421052631579,61.0,61.0,30.36842105263158,65.10526315789474,1253.3684210526314,1281.0,320.25,2450.9763157894736,0.05427966101694915,0.41541971454058874
3104,55.8421052631579,77.36842105263158,77.36842105263158,38.26315789473684,68.26315789473684,1172.6842105263158,1624.7368421052631,406.1842105263158,2399.7473684210527,0.06884478144513827,0.4067368421052632
3105,51.0,66.73684210526316,66.73684210526316,32.473684210526315,56.73684210526316,1071.0,1401.4736842105265,350.3684210526316,2171.0684210526315,0.059384478144513836,0.3679776984834969
3106,44.68421052631579,82.63157894736842,82.63157894736842,43.8421052631579,50.31578947368421,938.3684210526316,1735.2631578947369,433.8157894736842,2029.0421052631577,0.07352809991079394,0.3439054415700267
3107,47.10526315789474,76.63157894736842,76.63157894736842,40.1578947368421,50.68421052631579,989.2105263157896,1609.2631578947369,402.3157894736842,2083.9736842105267,0.06818911685994648,0.3532158786797503
3108,51.94736842105263,81.05263157894737,81.05263157894737,40.526315789473685,53.8421052631579,1090.8947368421052,1702.1052631578948,425.5263157894737,2280.0473684210524,0.07212310437109724,0.38644870651204277
3109,53.63157894736842,71.63157894736842,71.63157894736842,36.36842105263158,65.57894736842105,1126.2631578947369,1504.2631578947369,376.0657894736842,2290.713157894737,0.0637399643175736,0.3882564674397859
3110,44.05263157894737,77.26315789473684,77.26315789473684,39.8421052631579,49.21052631578947,925.1052631578948,1622.5263157894735,405.6315789473684,1978.3105263157895,0.06875111507582515,0.33530686886708294
3111,55.1578947368421,77.26315789473684,77.26315789473684,38.1578947368421,66.63157894736842,1158.3157894736842,1622.5263157894735,405.6315789473684,2374.7684210526313,0.06875111507582515,0.4025031222123104
3112,49.0,67.26315789473684,67.26315789473684,34.8421052631579,56.21052631578947,1029.0,1412.5263157894735,353.1315789473684,2102.4315789473685,0.059852809991079385,0.3563443354148082
3113,53.68421052631579,76.3157894736842,76.3157894736842,37.89473684210526,64.26315789473684,1127.3684210526314,1602.6315789473683,400.6578947368421,2317.1842105263154,0.06790811775200713,0.392743086529884
3114,55.94736842105263,73.63157894736842,73.63157894736842,36.63157894736842,69.47368421052632,1174.8947368421052,1546.2631578947369,386.5657894736842,2383.886842105263,0.06551962533452275,0.4040486173059768
3115,53.1578947368421,78.15789473684211,78.15789473684211,37.8421052631579,62.21052631578947,1116.3157894736842,1641.3157894736844,410.3289473684211,2308.065789473684,0.06954727921498663,0.39119759143621763
3116,63.05263157894737,65.42105263157895,65.42105263157895,31.473684210526315,81.3157894736842,1324.1052631578948,1373.842105263158,343.4605263157895,2594.4394736842105,0.05821364852809991,0.43973550401427297
3117,48.89473684210526,67.52631578947368,67.52631578947368,33.473684210526315,53.36842105263158,1026.7894736842104,1418.0526315789473,354.5131578947368,2100.0552631578944,0.06008697591436217,0.35594157002676174
3118,53.89473684210526,75.52631578947368,75.52631578947368,36.21052631578947,59.473684210526315,1131.7894736842104,1586.0526315789473,396.5131578947368,2320.5552631578944,0.06720561998215878,0.39331445138269394
3119,47.526315789473685,75.6842105263158,75.6842105263158,38.05263157894737,54.8421052631579,998.0526315789474,1589.3684210526317,397.3421052631579,2094.0315789473684,0.06734611953612846,0.3549206066012489
3120,52.578947368421055,73.89473684210526,73.89473684210526,35.1578947368421,66.10526315789474,1104.157894736842,1551.7894736842104,387.9473684210526,2265.015789473684,0.06575379125780552,0.3839009812667261
3121,50.1578947368421,75.78947368421052,75.78947368421052,39.26315789473684,59.526315789473685,1053.3157894736842,1591.5789473684208,397.8947368421052,2188.531578947368,0.06743978590544156,0.37093755575379117
3122,47.8421052631579,80.89473684210526,80.89473684210526,40.89473684210526,63.421052631578945,1004.6842105263158,1698.7894736842104,424.6973684210526,2132.6605263157894,0.07198260481712757,0.3614678858162355
3123,56.36842105263158,85.52631578947368,85.52631578947368,42.0,65.6842105263158,1183.7368421052631,1796.0526315789473,449.0131578947368,2461.365789473684,0.07610392506690454,0.41718064228367524
3124,46.578947368421055,81.15789473684211,81.15789473684211,42.421052631578945,55.10526315789474,978.1578947368422,1704.3157894736844,426.0789473684211,2088.947368421053,0.07221677074041036,0.3540588760035683
3125,46.68421052631579,81.84210526315789,81.84210526315789,41.421052631578945,51.0,980.3684210526316,1718.6842105263156,429.6710526315789,2096.2973684210524,0.07282560214094558,0.3553046387154326
3126,50.1578947368421,70.94736842105263,70.94736842105263,36.05263157894737,62.421052631578945,1053.3157894736842,1489.8947368421052,372.4736842105263,2163.1105263157892,0.06313113291703835,0.366628902765388
3127,53.526315789473685,72.84210526315789,72.84210526315789,37.10526315789474,65.52631578947368,1124.0526315789473,1529.6842105263156,382.4210526315789,2293.310526315789,0.06481712756467439,0.38869669937555745
3128,53.26315789473684,85.78947368421052,85.78947368421052,41.68421052631579,66.0,1118.5263157894738,1801.5789473684208,450.3947368421052,2351.8894736842103,0.07633809099018732,0.3986253345227475
3129,49.21052631578947,80.84210526315789,80.84210526315789,40.10526315789474,59.421052631578945,1033.421052631579,1697.6842105263156,424.4210526315789,2181.236842105263,0.071935771632471,0.36970115967885814
3130,47.421052631578945,76.78947368421052,76.78947368421052,40.1578947368421,49.21052631578947,995.8421052631578,1612.5789473684208,403.1447368421052,2096.0763157894735,0.06832961641391613,0.35526717216770737
3131,45.36842105263158,80.78947368421052,80.78947368421052,43.36842105263158,47.89473684210526,952.7368421052632,1696.5789473684208,424.1447368421052,2043.7973684210526,0.07188893844781444,0.3464063336306869
3132,49.21052631578947,76.57894736842105,76.57894736842105,38.26315789473684,52.78947368421053,1033.421052631579,1608.157894736842,402.0394736842105,2158.8552631578946,0.06814228367528992,0.36590767172167704
3133,59.68421052631579,73.47368421052632,73.47368421052632,36.526315789473685,76.21052631578948,1253.3684210526314,1542.9473684210527,385.7368421052632,2516.463157894737,0.06537912578055308,0.4265191793041927
3134,61.36842105263158,67.89473684210526,67.89473684210526,33.21052631578947,69.05263157894737,1288.7368421052631,1425.7894736842104,356.4473684210526,2547.2999999999997,0.06041480820695807,0.4317457627118644
3135,56.68421052631579,82.36842105263158,82.36842105263158,41.421052631578945,56.89473684210526,1190.3684210526314,1729.7368421052631,432.4342105263158,2456.060526315789,0.07329393398751115,0.4162814451382693
3136,54.0,80.0,80.0,39.89473684210526,63.526315789473685,1134.0,1680.0,420.0,2347.8,0.0711864406779661,0.39793220338983054
3137,53.8421052631579,72.42105263157895,72.42105263157895,36.421052631578945,65.57894736842105,1130.6842105263158,1520.842105263158,380.2105263157895,2302.3736842105263,0.06444246208742195,0.3902328278322926
3138,45.31578947368421,85.05263157894737,85.05263157894737,43.473684210526315,54.36842105263158,951.6315789473684,1786.1052631578948,446.5263157894737,2064.2999999999997,0.07568242640499555,0.3498813559322033
3139,49.05263157894737,77.89473684210526,77.89473684210526,38.0,54.68421052631579,1030.1052631578948,1635.7894736842104,408.9473684210526,2160.1263157894737,0.06931311329170384,0.36612310437109724
3140,52.73684210526316,71.36842105263158,71.36842105263158,34.89473684210526,63.26315789473684,1107.4736842105262,1498.7368421052631,374.6842105263158,2257.3894736842103,0.06350579839429081,0.38260838537020514
3141,52.526315789473685,80.10526315789474,80.10526315789474,38.8421052631579,63.8421052631579,1103.0526315789473,1682.2105263157896,420.5526315789474,2295.7421052631576,0.07128010704727922,0.3891088314005352
3142,49.0,80.78947368421052,80.78947368421052,41.78947368421053,58.78947368421053,1029.0,1696.5789473684208,424.1447368421052,2173.444736842105,0.07188893844781444,0.3683804638715433
3143,53.94736842105263,74.36842105263158,74.36842105263158,37.21052631578947,60.68421052631579,1132.8947368421052,1561.7368421052631,390.4342105263158,2316.3552631578946,0.06617528991971454,0.3926025869759143
3144,54.526315789473685,83.6842105263158,83.6842105263158,42.05263157894737,65.47368421052632,1145.0526315789473,1757.3684210526317,439.3421052631579,2385.9315789473685,0.07446476360392507,0.40439518287243537
3145,59.05263157894737,74.6842105263158,74.6842105263158,38.31578947368421,74.26315789473684,1240.1052631578948,1568.3684210526317,392.0921052631579,2500.271052631579,0.06645628902765388,0.4237747546833185
3146,49.05263157894737,84.47368421052632,84.47368421052632,42.26315789473684,55.94736842105263,1030.1052631578948,1773.9473684210527,443.4868421052632,2194.6657894736845,0.07516726137377341,0.3719772524531669
3147,51.1578947368421,76.42105263157895,76.42105263157895,38.68421052631579,53.421052631578945,1074.3157894736842,1604.842105263158,401.2105263157895,2227.5473684210524,0.06800178412132026,0.377550401427297
3148,53.0,68.84210526315789,68.84210526315789,33.78947368421053,57.578947368421055,1113.0,1445.6842105263156,361.4210526315789,2253.5210526315786,0.06125780553077609,0.38195272078501336
3149,56.526315789473685,73.73684210526316,73.73684210526316,35.63157894736842,66.78947368421052,1187.0526315789473,1548.4736842105265,387.1184210526316,2405.107894736842,0.06561329170383587,0.40764540588760034
3150,49.73684210526316,71.15789473684211,71.15789473684211,38.05263157894737,61.68421052631579,1044.4736842105262,1494.3157894736844,373.5789473684211,2149.184210526316,0.0633184656556646,0.3642685102586976
3151,53.36842105263158,76.63157894736842,76.63157894736842,37.36842105263158,64.0,1120.7368421052631,1609.2631578947369,402.3157894736842,2307.5684210526315,0.06818911685994648,0.39111329170383585
3152,46.31578947368421,75.10526315789474,75.10526315789474,39.10526315789474,49.05263157894737,972.6315789473684,1577.2105263157896,394.3026315789474,2047.7763157894738,0.06683095450490634,0.34708073148974133
3153,59.31578947368421,64.89473684210526,64.89473684210526,31.36842105263158,71.52631578947368,1245.6315789473686,1362.7894736842104,340.6973684210526,2458.271052631579,0.05774531668153434,0.4166561106155219
3154,46.8421052631579,93.6842105263158,93.6842105263158,47.1578947368421,55.63157894736842,983.6842105263158,1967.3684210526317,491.8421052631579,2164.105263157895,0.08336306868867083,0.3667975022301517
3155,49.10526315789474,71.94736842105263,71.94736842105263,38.31578947368421,52.10526315789474,1031.2105263157896,1510.8947368421052,377.7236842105263,2130.7815789473684,0.06402096342551293,0.36114942016057094
3156,48.78947368421053,72.36842105263158,72.36842105263158,35.36842105263158,56.36842105263158,1024.578947368421,1519.7368421052631,379.9342105263158,2121.7184210526316,0.06439562890276539,0.3596132917038359
3157,48.21052631578947,83.0,83.0,42.421052631578945,55.68421052631579,1012.421052631579,1743.0,435.75,2156.8657894736843,0.07385593220338983,0.3655704727921499
3158,46.578947368421055,80.21052631578948,80.21052631578948,40.89473684210526,60.94736842105263,978.1578947368422,1684.4210526315792,421.1052631578948,2083.9736842105267,0.07137377341659233,0.3532158786797503
3159,51.94736842105263,87.0,87.0,41.68421052631579,65.26315789473684,1090.8947368421052,1827.0,456.75,2311.2710526315786,0.07741525423728814,0.3917408563782337
3160,53.578947368421055,71.73684210526316,71.73684210526316,35.89473684210526,60.78947368421053,1125.157894736842,1506.4736842105265,376.6184210526316,2289.386842105263,0.06383363068688672,0.38803166815343443
3161,57.78947368421053,72.52631578947368,72.52631578947368,33.473684210526315,69.63157894736842,1213.578947368421,1523.0526315789473,380.7631578947368,2443.8473684210526,0.06453612845673505,0.4142114183764496
3162,51.05263157894737,86.15789473684211,86.15789473684211,42.526315789473685,63.8421052631579,1072.1052631578948,1809.3157894736844,452.3289473684211,2274.907894736842,0.07666592328278324,0.38557760927743084
3163,56.78947368421053,73.3157894736842,73.3157894736842,35.89473684210526,64.0,1192.578947368421,1539.6315789473683,384.9078947368421,2412.2921052631577,0.0652386262265834,0.4088630686886708
3164,55.8421052631579,75.36842105263158,75.36842105263158,35.94736842105263,63.578947368421055,1172.6842105263158,1582.7368421052631,395.6842105263158,2389.2473684210527,0.06706512042818912,0.404957181088314
3165,45.89473684210526,69.05263157894737,69.05263157894737,35.31578947368421,59.73684210526316,963.7894736842104,1450.1052631578948,362.5263157894737,2000.9684210526314,0.06144513826940232,0.3391471900089206
3166,47.526315789473685,78.36842105263158,78.36842105263158,39.68421052631579,57.578947368421055,998.0526315789474,1645.7368421052631,411.4342105263158,2108.1236842105263,0.06973461195361284,0.35730909901873326
3167,54.26315789473684,74.84210526315789,74.84210526315789,37.89473684210526,58.78947368421053,1139.5263157894738,1571.6842105263156,392.9210526315789,2330.1157894736843,0.06659678858162354,0.3949348795718109
3168,53.26315789473684,72.05263157894737,72.05263157894737,36.473684210526315,59.63157894736842,1118.5263157894738,1513.1052631578948,378.2763157894737,2279.771052631579,0.06411462979482604,0.3864018733273863
3169,46.26315789473684,83.63157894736842,83.63157894736842,43.05263157894737,50.0,971.5263157894736,1756.2631578947369,439.0657894736842,2090.6605263157894,0.07441793041926852,0.3543492417484389
3170,52.68421052631579,74.89473684210526,74.89473684210526,38.78947368421053,65.89473684210526,1106.3684210526314,1572.7894736842104,393.1973684210526,2274.023684210526,0.0666436217662801,0.38542774308652983
3171,57.36842105263158,75.52631578947368,75.52631578947368,37.526315789473685,66.0,1204.7368421052631,1586.0526315789473,396.5131578947368,2444.5657894736837,0.06720561998215878,0.41433318465655655
3172,56.73684210526316,77.05263157894737,77.05263157894737,39.10526315789474,61.05263157894737,1191.4736842105262,1618.1052631578948,404.5263157894737,2430.0315789473684,0.06856378233719893,0.4118697591436218
3173,46.21052631578947,84.52631578947368,84.52631578947368,44.36842105263158,59.78947368421053,970.421052631579,1775.0526315789473,443.7631578947368,2093.478947368421,0.07521409455842996,0.35482694023193573
3174,48.05263157894737,90.84210526315789,90.84210526315789,46.1578947368421,50.73684210526316,1009.1052631578948,1907.6842105263156,476.9210526315789,2192.4,0.08083407671721676,0.37159322033898307
3175,48.31578947368421,73.21052631578948,73.21052631578948,36.8421052631579,55.21052631578947,1014.6315789473684,1537.4210526315792,384.3552631578948,2109.2289473684214,0.0651449598572703,0.35749643175735957
3176,61.578947368421055,68.10526315789474,68.10526315789474,33.21052631578947,74.73684210526316,1293.157894736842,1430.2105263157896,357.5526315789474,2555.921052631579,0.060602140945584304,0.433206958073149
3177,55.73684210526316,82.94736842105263,82.94736842105263,42.578947368421055,56.21052631578947,1170.4736842105262,1741.8947368421052,435.4736842105263,2425.278947368421,0.07380909901873327,0.411064228367529
3178,49.526315789473685,85.52631578947368,85.52631578947368,42.1578947368421,53.63157894736842,1040.0526315789473,1796.0526315789473,449.0131578947368,2217.1026315789472,0.07610392506690454,0.3757801070472792
3179,45.05263157894737,80.6842105263158,80.6842105263158,41.94736842105263,54.36842105263158,946.1052631578948,1694.3684210526317,423.5921052631579,2031.9710526315791,0.07179527207850134,0.3444018733273863
3180,46.78947368421053,84.89473684210526,84.89473684210526,43.21052631578947,52.473684210526315,982.578947368421,1782.7894736842104,445.6973684210526,2116.081578947368,0.07554192685102587,0.35865789473684206
3181,45.421052631578945,80.3157894736842,80.3157894736842,40.21052631578947,49.421052631578945,953.8421052631578,1686.6315789473683,421.6578947368421,2043.1894736842103,0.07146743978590543,0.3463033006244424
3182,42.68421052631579,77.26315789473684,77.26315789473684,39.10526315789474,53.05263157894737,896.3684210526316,1622.5263157894735,405.6315789473684,1929.457894736842,0.06875111507582515,0.3270267618198037
3183,49.10526315789474,78.0,78.0,38.78947368421053,60.473684210526315,1031.2105263157896,1638.0,409.5,2162.557894736842,0.06940677966101695,0.36653523639607494
3184,53.73684210526316,66.36842105263158,66.36842105263158,30.894736842105264,65.57894736842105,1128.4736842105262,1393.7368421052631,348.4342105263158,2266.83947368421,0.05905664585191793,0.38421008028545933
3185,50.10526315789474,65.36842105263158,65.36842105263158,33.89473684210526,61.578947368421055,1052.2105263157896,1372.7368421052631,343.1842105263158,2131.942105263158,0.058166815343443354,0.36134611953612844
3186,55.68421052631579,73.10526315789474,73.10526315789474,36.473684210526315,59.68421052631579,1169.3684210526314,1535.2105263157896,383.8026315789474,2371.728947368421,0.06505129348795718,0.40198795718108826
3187,53.10526315789474,85.42105263157895,85.42105263157895,42.473684210526315,57.8421052631579,1115.2105263157896,1793.842105263158,448.4605263157895,2344.318421052632,0.07601025869759144,0.39734210526315794
3188,52.1578947368421,78.36842105263158,78.36842105263158,39.36842105263158,67.63157894736842,1095.3157894736842,1645.7368421052631,411.4342105263158,2273.471052631579,0.06973461195361284,0.38533407671721676
3189,59.94736842105263,72.21052631578948,72.21052631578948,33.89473684210526,67.6842105263158,1258.8947368421052,1516.4210526315792,379.1052631578948,2519.226315789474,0.06425512934879572,0.42698751115075834
3190,56.0,79.21052631578948,79.21052631578948,38.8421052631579,64.89473684210526,1176.0,1663.4210526315792,415.8552631578948,2415.055263157895,0.07048394290811776,0.4093314005352364
3191,48.8421052631579,75.15789473684211,75.15789473684211,39.526315789473685,51.10526315789474,1025.6842105263158,1578.3157894736844,394.5789473684211,2138.242105263158,0.0668777876895629,0.362413916146298
3192,52.94736842105263,73.0,73.0,36.68421052631579,62.73684210526316,1111.8947368421052,1533.0,383.25,2273.4710526315785,0.06495762711864407,0.3853340767172167
3193,64.47368421052632,66.94736842105263,66.94736842105263,33.526315789473685,75.57894736842105,1353.9473684210527,1405.8947368421052,351.4736842105263,2653.184210526316,0.05957181088314005,0.4496922390722569
3194,52.73684210526316,70.57894736842105,70.57894736842105,33.94736842105263,62.10526315789474,1107.4736842105262,1482.157894736842,370.5394736842105,2253.244736842105,0.06280330062444246,0.38190588760035676
3195,55.05263157894737,69.42105263157895,69.42105263157895,35.1578947368421,59.21052631578947,1156.1052631578948,1457.842105263158,364.4605263157895,2329.8394736842106,0.061772970561998215,0.39488804638715436
3196,55.63157894736842,72.3157894736842,72.3157894736842,35.1578947368421,63.68421052631579,1168.2631578947369,1518.6315789473683,379.6578947368421,2365.7052631578945,0.06434879571810882,0.4009669937555753
3197,47.89473684210526,86.94736842105263,86.94736842105263,44.63157894736842,51.473684210526315,1005.7894736842104,1825.8947368421052,456.4736842105263,2166.315789473684,0.07736842105263157,0.3671721677074041
3198,49.10526315789474,78.15789473684211,78.15789473684211,40.526315789473685,55.526315789473685,1031.2105263157896,1641.3157894736844,410.3289473684211,2163.3868421052634,0.06954727921498663,0.36667573595004466
3199,50.21052631578947,79.84210526315789,79.84210526315789,40.94736842105263,54.68421052631579,1054.421052631579,1676.6842105263156,419.1710526315789,2211.686842105263,0.07104594112399643,0.3748621766280107
3200,53.26315789473684,72.78947368421052,72.78947368421052,37.31578947368421,69.63157894736842,1118.5263157894738,1528.5789473684208,382.1447368421052,2283.6394736842103,0.06477029438001783,0.387057537912578
3201,51.578947368421055,80.21052631578948,80.21052631578948,38.36842105263158,59.94736842105263,1083.157894736842,1684.4210526315792,421.1052631578948,2262.4736842105262,0.07137377341659233,0.3834701159678858
3202,48.8421052631579,74.05263157894737,74.05263157894737,35.526315789473685,57.78947368421053,1025.6842105263158,1555.1052631578948,388.7763157894737,2132.4394736842105,0.0658942908117752,0.3614304192685103
3203,60.473684210526315,79.89473684210526,79.89473684210526,39.1578947368421,70.36842105263158,1269.9473684210527,1677.7894736842104,419.4473684210526,2578.357894736842,0.07109277430865299,0.43700981266726135
3204,51.21052631578947,77.6842105263158,77.6842105263158,39.68421052631579,58.21052631578947,1075.421052631579,1631.3684210526317,407.8421052631579,2236.057894736842,0.06912578055307761,0.378992863514719
3205,53.73684210526316,87.10526315789474,87.10526315789474,43.78947368421053,61.89473684210526,1128.4736842105262,1829.2105263157896,457.3026315789474,2375.707894736842,0.07750892060660125,0.4026623550401427
3206,46.1578947368421,78.26315789473684,78.26315789473684,40.73684210526316,54.1578947368421,969.3157894736842,1643.5263157894735,410.8815789473684,2058.7184210526316,0.06964094558429973,0.34893532560214097
3207,56.526315789473685,73.05263157894737,73.05263157894737,37.8421052631579,57.31578947368421,1187.0526315789473,1534.1052631578948,383.5263157894737,2401.515789473684,0.06500446030330062,0.4070365744870651
3208,63.421052631578945,76.0,76.0,38.578947368421055,72.78947368421052,1331.842105263158,1596.0,399.0,2663.1315789473683,0.0676271186440678,0.45137823371989294
3209,50.68421052631579,77.57894736842105,77.57894736842105,39.1578947368421,56.94736842105263,1064.3684210526314,1629.157894736842,407.2894736842105,2216.715789473684,0.0690321141837645,0.37571454058875997
3210,56.68421052631579,71.78947368421052,71.78947368421052,34.473684210526315,66.73684210526316,1190.3684210526314,1507.5789473684208,376.8947368421052,2400.5210526315786,0.06388046387154325,0.4068679750223015
3211,47.78947368421053,76.78947368421052,76.78947368421052,39.21052631578947,57.31578947368421,1003.578947368421,1612.5789473684208,403.1447368421052,2109.228947368421,0.06832961641391613,0.35749643175735946
3212,52.8421052631579,80.10526315789474,80.10526315789474,39.21052631578947,62.05263157894737,1109.6842105263158,1682.2105263157896,420.5526315789474,2307.0157894736844,0.07128010704727922,0.3910196253345228
3213,41.36842105263158,87.10526315789474,87.10526315789474,44.73684210526316,47.578947368421055,868.7368421052632,1829.2105263157896,457.3026315789474,1934.1552631578948,0.07750892060660125,0.32782292595896523
3214,51.94736842105263,81.36842105263158,81.36842105263158,41.78947368421053,58.21052631578947,1090.8947368421052,1708.7368421052631,427.1842105263158,2281.7052631578945,0.07240410347903657,0.3867297056199821
3215,56.10526315789474,68.89473684210526,68.89473684210526,34.421052631578945,64.42105263157895,1178.2105263157896,1446.7894736842104,361.6973684210526,2364.6552631578948,0.061304638715432645,0.40078902765388047
3216,56.526315789473685,67.6842105263158,67.6842105263158,33.63157894736842,69.73684210526316,1187.0526315789473,1421.3684210526317,355.3421052631579,2373.331578947368,0.06022747546833185,0.4022595896520963
3217,49.578947368421055,76.10526315789474,76.10526315789474,37.68421052631579,62.31578947368421,1041.157894736842,1598.2105263157896,399.5526315789474,2169.521052631579,0.06772078501338091,0.3677154326494202
3218,53.05263157894737,72.89473684210526,72.89473684210526,35.94736842105263,54.473684210526315,1114.1052631578948,1530.7894736842104,382.6973684210526,2276.676315789474,0.06486396074933094,0.3858773416592329
3219,56.26315789473684,68.05263157894737,68.05263157894737,33.26315789473684,69.05263157894737,1181.5263157894738,1429.1052631578948,357.2763157894737,2365.871052631579,0.06055530776092775,0.4009950936663693
3220,48.1578947368421,82.36842105263158,82.36842105263158,42.473684210526315,58.78947368421053,1011.3157894736842,1729.7368421052631,432.4342105263158,2151.6710526315787,0.07329393398751115,0.36469000892060655
3221,53.0,78.52631578947368,78.52631578947368,39.1578947368421,64.84210526315789,1113.0,1649.0526315789473,412.2631578947368,2304.3631578947366,0.06987511150758251,0.39057002676181973
3222,50.36842105263158,81.10526315789474,81.10526315789474,40.78947368421053,58.36842105263158,1057.7368421052631,1703.2105263157896,425.8026315789474,2223.9552631578945,0.0721699375557538,0.37694157002676176
3223,49.73684210526316,78.21052631578948,78.21052631578948,38.89473684210526,51.36842105263158,1044.4736842105262,1642.4210526315792,410.6052631578948,2186.210526315789,0.06959411239964318,0.3705441570026761
3224,55.68421052631579,80.57894736842105,80.57894736842105,40.63157894736842,64.21052631578948,1169.3684210526314,1692.157894736842,423.0394736842105,2410.965789473684,0.07170160570918822,0.4086382694023193
3225,55.526315789473685,71.21052631578948,71.21052631578948,36.78947368421053,54.89473684210526,1166.0526315789473,1495.4210526315792,373.8552631578948,2356.144736842105,0.06336529884032115,0.3993465655664585
3226,55.31578947368421,72.6842105263158,72.6842105263158,35.421052631578945,65.52631578947368,1161.6315789473686,1526.3684210526317,381.5921052631579,2356.3657894736843,0.06467662801070473,0.3993840321141838
3227,49.89473684210526,79.10526315789474,79.10526315789474,40.89473684210526,57.526315789473685,1047.7894736842104,1661.2105263157896,415.3026315789474,2196.544736842105,0.07039027653880464,0.3722957181088314
3228,49.94736842105263,76.73684210526316,76.73684210526316,40.31578947368421,63.0,1048.8947368421052,1611.4736842105265,402.8684210526316,2185.98947368421,0.0682827832292596,0.3705066904549509
3229,49.31578947368421,75.63157894736842,75.63157894736842,37.21052631578947,62.63157894736842,1035.6315789473686,1588.2631578947369,397.0657894736842,2157.6394736842108,0.06729928635147191,0.36570160570918825
3230,45.421052631578945,76.6842105263158,76.6842105263158,39.89473684210526,58.36842105263158,953.8421052631578,1610.3684210526317,402.5921052631579,2024.123684210526,0.06823595004460303,0.34307181088314004
3231,48.526315789473685,78.47368421052632,78.47368421052632,40.1578947368421,54.21052631578947,1019.0526315789474,1647.9473684210527,411.9868421052632,2144.3763157894737,0.06982827832292596,0.3634536128456735
3232,54.89473684210526,70.84210526315789,70.84210526315789,36.26315789473684,60.526315789473685,1152.7894736842104,1487.6842105263156,371.9210526315789,2331.6631578947363,0.06303746654772524,0.3951971454058875
3233,48.578947368421055,72.42105263157895,72.42105263157895,35.94736842105263,57.36842105263158,1020.1578947368422,1520.842105263158,380.2105263157895,2114.4789473684214,0.06444246208742195,0.35838626226583414
3234,45.8421052631579,80.26315789473684,80.26315789473684,40.1578947368421,56.89473684210526,962.6842105263158,1685.5263157894735,421.3815789473684,2057.944736842105,0.07142060660124888,0.34880419268510254
3235,54.8421052631579,66.05263157894737,66.05263157894737,33.05263157894737,60.73684210526316,1151.6842105263158,1387.1052631578948,346.7763157894737,2304.6394736842103,0.058775646743978595,0.3906168599464763
3236,41.0,95.89473684210526,95.89473684210526,49.31578947368421,45.8421052631579,861.0,2013.7894736842104,503.4473684210526,1967.1473684210528,0.08533006244424621,0.33341480820695807
3237,64.0,69.73684210526316,69.73684210526316,33.473684210526315,72.73684210526316,1344.0,1464.4736842105265,366.1184210526316,2650.9184210526314,0.062053969669937564,0.4493082069580731
3238,60.8421052631579,70.3157894736842,70.3157894736842,34.8421052631579,70.10526315789474,1277.6842105263158,1476.6315789473683,369.1578947368421,2541.221052631579,0.06256913470115967,0.43071543264942014
3239,45.68421052631579,82.89473684210526,82.89473684210526,40.473684210526315,56.8421052631579,959.3684210526316,1740.7894736842104,435.1973684210526,2066.1236842105263,0.07376226583407672,0.35019045495093665
3240,55.0,73.3157894736842,73.3157894736842,37.31578947368421,67.21052631578948,1155.0,1539.6315789473683,384.9078947368421,2348.407894736842,0.0652386262265834,0.3980352363960749
3241,53.05263157894737,70.89473684210526,70.89473684210526,35.8421052631579,56.36842105263158,1114.1052631578948,1488.7894736842104,372.1973684210526,2266.176315789474,0.06308429973238179,0.3840976806422837
3242,51.63157894736842,73.73684210526316,73.73684210526316,38.05263157894737,61.68421052631579,1084.2631578947369,1548.4736842105265,387.1184210526316,2230.3657894736843,0.06561329170383587,0.37802809991079395
3243,54.8421052631579,72.05263157894737,72.05263157894737,34.94736842105263,63.0,1151.6842105263158,1513.1052631578948,378.2763157894737,2336.1394736842103,0.06411462979482604,0.3959558429973238
3244,50.94736842105263,80.84210526315789,80.84210526315789,39.68421052631579,65.84210526315789,1069.8947368421052,1697.6842105263156,424.4210526315789,2243.2421052631576,0.071935771632471,0.38021052631578944
3245,53.1578947368421,74.63157894736842,74.63157894736842,39.0,62.89473684210526,1116.3157894736842,1567.2631578947369,391.8157894736842,2289.5526315789475,0.06640945584299733,0.38805976806422837
3246,54.526315789473685,70.63157894736842,70.63157894736842,35.421052631578945,57.31578947368421,1145.0526315789473,1483.2631578947369,370.8157894736842,2317.4052631578948,0.06285013380909903,0.3927805530776093
3247,51.63157894736842,71.6842105263158,71.6842105263158,36.63157894736842,50.8421052631579,1084.2631578947369,1505.3684210526317,376.3421052631579,2219.5894736842106,0.06378679750223015,0.37620160570918826
3248,48.73684210526316,76.57894736842105,76.57894736842105,37.421052631578945,60.8421052631579,1023.4736842105264,1608.157894736842,402.0394736842105,2141.944736842105,0.06814228367528992,0.3630414808206958
3249,58.1578947368421,74.84210526315789,74.84210526315789,36.78947368421053,68.21052631578948,1221.3157894736842,1571.6842105263156,392.9210526315789,2469.1578947368416,0.06659678858162354,0.4185013380909901
3250,45.8421052631579,83.94736842105263,83.94736842105263,41.578947368421055,57.421052631578945,962.6842105263158,1762.8947368421052,440.7236842105263,2077.286842105263,0.07469892952720784,0.3520825156110615
3251,53.421052631578945,71.73684210526316,71.73684210526316,36.89473684210526,65.47368421052632,1121.842105263158,1506.4736842105265,376.6184210526316,2283.75,0.06383363068688672,0.38707627118644067
3252,47.578947368421055,75.3157894736842,75.3157894736842,37.421052631578945,50.36842105263158,999.1578947368422,1581.6315789473683,395.4078947368421,2093.976315789474,0.06701828724353255,0.3549112399643176
3253,44.36842105263158,75.15789473684211,75.15789473684211,37.421052631578945,53.21052631578947,931.7368421052632,1578.3157894736844,394.5789473684211,1978.5315789473684,0.0668777876895629,0.3353443354148082
3254,52.78947368421053,70.63157894736842,70.63157894736842,35.526315789473685,65.73684210526316,1108.578947368421,1483.2631578947369,370.8157894736842,2255.4,0.06285013380909903,0.382271186440678
3255,54.94736842105263,76.10526315789474,76.10526315789474,38.68421052631579,62.1578947368421,1153.8947368421052,1598.2105263157896,399.5526315789474,2361.173684210526,0.06772078501338091,0.4001989295272078
3256,44.89473684210526,80.05263157894737,80.05263157894737,40.31578947368421,49.31578947368421,942.7894736842104,1681.1052631578948,420.2763157894737,2023.0184210526313,0.07123327386262267,0.3428844781445138
3257,50.36842105263158,73.84210526315789,73.84210526315789,37.05263157894737,56.05263157894737,1057.7368421052631,1550.6842105263156,387.6710526315789,2185.823684210526,0.06570695807314897,0.370478590544157
3258,47.473684210526315,76.73684210526316,76.73684210526316,38.73684210526316,53.526315789473685,996.9473684210526,1611.4736842105265,402.8684210526316,2097.6789473684207,0.0682827832292596,0.3555388046387154
3259,55.31578947368421,67.42105263157895,67.42105263157895,34.36842105263158,59.63157894736842,1161.6315789473686,1415.842105263158,353.9605263157895,2328.734210526316,0.05999330954504906,0.39470071364852816
3260,42.473684210526315,82.0,82.0,40.578947368421055,53.473684210526315,891.9473684210526,1722.0,430.5,1946.8105263157893,0.07296610169491526,0.3299678858162355
3261,51.68421052631579,78.36842105263158,78.36842105263158,38.1578947368421,61.89473684210526,1085.3684210526314,1645.7368421052631,411.4342105263158,2256.560526315789,0.06973461195361284,0.3824678858162354
3262,51.78947368421053,76.94736842105263,76.94736842105263,39.0,65.0,1087.578947368421,1615.8947368421052,403.9736842105263,2252.857894736842,0.06847011596788581,0.38184032114183764
3263,61.526315789473685,78.15789473684211,78.15789473684211,38.89473684210526,72.3157894736842,1292.0526315789473,1641.3157894736844,410.3289473684211,2606.8184210526315,0.06954727921498663,0.4418336306868867
3264,56.63157894736842,77.57894736842105,77.57894736842105,37.94736842105263,64.05263157894737,1189.2631578947369,1629.157894736842,407.2894736842105,2429.036842105263,0.0690321141837645,0.4117011596788582
3265,55.68421052631579,69.78947368421052,69.78947368421052,35.10526315789474,65.26315789473684,1169.3684210526314,1465.5789473684208,366.3947368421052,2354.321052631579,0.0621008028545941,0.3990374665477252
3266,51.21052631578947,70.63157894736842,70.63157894736842,36.26315789473684,57.89473684210526,1075.421052631579,1483.2631578947369,370.8157894736842,2199.0315789473684,0.06285013380909903,0.37271721677074043
3267,55.21052631578947,76.05263157894737,76.05263157894737,38.63157894736842,60.421052631578945,1159.421052631579,1597.1052631578948,399.2763157894737,2370.2921052631577,0.06767395182872435,0.4017444246208742
3268,48.68421052631579,79.47368421052632,79.47368421052632,41.10526315789474,59.26315789473684,1022.3684210526316,1668.9473684210527,417.2368421052632,2155.2631578947367,0.07071810883140053,0.3652988403211418
3269,48.31578947368421,85.57894736842105,85.57894736842105,41.10526315789474,55.68421052631579,1014.6315789473684,1797.157894736842,449.2894736842105,2174.1631578947367,0.0761507582515611,0.3685022301516503
3270,48.63157894736842,83.78947368421052,83.78947368421052,42.78947368421053,54.63157894736842,1021.2631578947368,1759.5789473684208,439.8947368421052,2176.0421052631577,0.07455842997323817,0.36882069580731486
3271,53.63157894736842,67.0,67.0,33.1578947368421,57.0,1126.2631578947369,1407.0,351.75,2266.3973684210523,0.05961864406779661,0.38413514719000885
3272,49.05263157894737,75.05263157894737,75.05263157894737,39.526315789473685,50.26315789473684,1030.1052631578948,1576.1052631578948,394.0263157894737,2145.205263157895,0.06678412132024977,0.36359411239964323
3273,50.31578947368421,80.78947368421052,80.78947368421052,38.89473684210526,58.526315789473685,1056.6315789473686,1696.5789473684208,424.1447368421052,2220.418421052632,0.07188893844781444,0.3763421052631579
3274,57.63157894736842,71.57894736842105,71.57894736842105,34.8421052631579,65.57894736842105,1210.2631578947369,1503.157894736842,375.7894736842105,2433.236842105263,0.06369313113291704,0.4124130240856378
3275,58.421052631578945,70.21052631578948,70.21052631578948,34.10526315789474,60.94736842105263,1226.842105263158,1474.4210526315792,368.6052631578948,2454.2368421052633,0.06247546833184658,0.41597234611953615
3276,52.63157894736842,77.26315789473684,77.26315789473684,38.94736842105263,60.8421052631579,1105.2631578947369,1622.5263157894735,405.6315789473684,2284.5789473684213,0.06875111507582515,0.3872167707404104
3277,47.21052631578947,80.10526315789474,80.10526315789474,40.8421052631579,53.1578947368421,991.421052631579,1682.2105263157896,420.5526315789474,2105.9684210526316,0.07128010704727922,0.35694380017841215
3278,54.89473684210526,72.63157894736842,72.63157894736842,35.68421052631579,64.42105263157895,1152.7894736842104,1525.2631578947369,381.3157894736842,2341.0578947368417,0.06462979482604818,0.39678947368421047
3279,52.8421052631579,72.36842105263158,72.36842105263158,36.21052631578947,65.6842105263158,1109.6842105263158,1519.7368421052631,379.9342105263158,2266.3973684210528,0.06439562890276539,0.38413514719000896
3280,53.1578947368421,72.63157894736842,72.63157894736842,35.05263157894737,69.47368421052632,1116.3157894736842,1525.2631578947369,381.3157894736842,2279.0526315789475,0.06462979482604818,0.3862801070472792
3281,47.26315789473684,80.57894736842105,80.57894736842105,41.473684210526315,64.52631578947368,992.5263157894736,1692.157894736842,423.0394736842105,2110.3342105263155,0.07170160570918822,0.35768376449598566
3282,45.63157894736842,91.26315789473684,91.26315789473684,47.26315789473684,56.94736842105263,958.2631578947368,1916.5263157894735,479.1315789473684,2108.1789473684207,0.08120874219446922,0.35731846565566455
3283,61.26315789473684,59.63157894736842,59.63157894736842,29.0,76.26315789473684,1286.5263157894738,1252.2631578947369,313.0657894736842,2500.1605263157894,0.05306199821587868,0.42375602140945584
3284,53.31578947368421,90.26315789473684,90.26315789473684,44.68421052631579,63.421052631578945,1119.6315789473686,1895.5263157894735,473.8815789473684,2377.255263157895,0.08031891168599464,0.4029246208742195
3285,47.21052631578947,87.21052631578948,87.21052631578948,44.73684210526316,52.36842105263158,991.421052631579,1831.4210526315792,457.8552631578948,2143.271052631579,0.07760258697591438,0.3632662801070473
3286,54.63157894736842,79.78947368421052,79.78947368421052,38.8421052631579,71.10526315789474,1147.2631578947369,1675.5789473684208,418.8947368421052,2369.242105263158,0.07099910793933986,0.4015664585191793
3287,49.8421052631579,81.21052631578948,81.21052631578948,42.0,53.578947368421055,1046.6842105263158,1705.4210526315792,426.3552631578948,2205.7184210526316,0.07226360392506692,0.3738505798394291
3288,53.1578947368421,76.63157894736842,76.63157894736842,38.63157894736842,64.15789473684211,1116.3157894736842,1609.2631578947369,402.3157894736842,2300.0526315789475,0.06818911685994648,0.3898394290811775
3289,46.31578947368421,81.10526315789474,81.10526315789474,40.73684210526316,48.31578947368421,972.6315789473684,1703.2105263157896,425.8026315789474,2079.2763157894738,0.0721699375557538,0.3524197145405888
3290,50.8421052631579,69.15789473684211,69.15789473684211,36.10526315789474,60.1578947368421,1067.6842105263158,1452.3157894736844,363.0789473684211,2178.142105263158,0.06153880463871544,0.3691766280107048
3291,52.1578947368421,72.73684210526316,72.73684210526316,36.21052631578947,68.94736842105263,1095.3157894736842,1527.4736842105265,381.8684210526316,2243.9052631578948,0.06472346119536129,0.3803229259589652
3292,57.21052631578947,65.15789473684211,65.15789473684211,33.21052631578947,64.42105263157895,1201.421052631579,1368.3157894736844,342.0789473684211,2384.4947368421053,0.05797948260481713,0.4041516503122212
3293,49.26315789473684,78.94736842105263,78.94736842105263,40.1578947368421,56.89473684210526,1034.5263157894738,1657.8947368421052,414.4736842105263,2173.168421052632,0.07024977698483496,0.36833363068688674
3294,48.0,70.05263157894737,70.05263157894737,37.1578947368421,55.1578947368421,1008.0,1471.1052631578948,367.7763157894737,2081.3763157894737,0.0623349687778769,0.3527756467439786
3295,58.26315789473684,79.26315789473684,79.26315789473684,38.473684210526315,69.21052631578948,1223.5263157894738,1664.5263157894735,416.1315789473684,2496.1263157894737,0.0705307760927743,0.4230722569134701
3296,49.0,78.52631578947368,78.52631578947368,39.26315789473684,57.10526315789474,1029.0,1649.0526315789473,412.2631578947368,2161.563157894737,0.06987511150758251,0.36636663693131133
3297,58.21052631578947,82.3157894736842,82.3157894736842,39.94736842105263,68.6842105263158,1222.421052631579,1728.6315789473683,432.1578947368421,2510.2736842105264,0.07324710080285458,0.4254701159678858
3298,52.78947368421053,81.15789473684211,81.15789473684211,40.26315789473684,61.1578947368421,1108.578947368421,1704.3157894736844,426.0789473684211,2310.6631578947367,0.07221677074041036,0.39163782337198927
3299,51.578947368421055,69.21052631578948,69.21052631578948,34.578947368421055,68.42105263157895,1083.157894736842,1453.4210526315792,363.3552631578948,2204.7236842105262,0.061585637823372,0.3736819803746655
3300,51.05263157894737,72.78947368421052,72.78947368421052,35.578947368421055,56.89473684210526,1072.1052631578948,1528.5789473684208,382.1447368421052,2204.7236842105262,0.06477029438001783,0.3736819803746655
3301,54.0,70.47368421052632,70.47368421052632,35.89473684210526,62.421052631578945,1134.0,1479.9473684210527,369.9868421052632,2297.786842105263,0.06270963425512935,0.3894553969669937
3302,49.8421052631579,71.63157894736842,71.63157894736842,37.05263157894737,62.10526315789474,1046.6842105263158,1504.2631578947369,376.0657894736842,2155.428947368421,0.0637399643175736,0.3653269402319358
3303,53.578947368421055,75.63157894736842,75.63157894736842,37.73684210526316,57.10526315789474,1125.157894736842,1588.2631578947369,397.0657894736842,2309.834210526316,0.06729928635147191,0.39149732381801966
3304,51.63157894736842,87.94736842105263,87.94736842105263,44.21052631578947,55.1578947368421,1084.2631578947369,1846.8947368421052,461.7236842105263,2304.971052631579,0.07825825156110615,0.3906730597680642
3305,49.89473684210526,77.73684210526316,77.73684210526316,41.10526315789474,49.89473684210526,1047.7894736842104,1632.4736842105265,408.1184210526316,2189.3605263157892,0.06917261373773417,0.3710780553077609
3306,51.94736842105263,80.0,80.0,40.78947368421053,60.10526315789474,1090.8947368421052,1680.0,420.0,2274.5210526315786,0.0711864406779661,0.38551204281891166
3307,54.68421052631579,61.89473684210526,61.89473684210526,30.57894736842105,61.8421052631579,1148.3684210526314,1299.7894736842104,324.9473684210526,2277.173684210526,0.05507582515611061,0.3859616413916146
3308,58.05263157894737,78.78947368421052,78.78947368421052,37.89473684210526,66.15789473684211,1219.1052631578948,1654.5789473684208,413.6447368421052,2486.1236842105263,0.07010927743086529,0.4213768956289028
3309,47.21052631578947,77.84210526315789,77.84210526315789,40.10526315789474,49.78947368421053,991.421052631579,1634.6842105263156,408.6710526315789,2094.0868421052633,0.06926628010704727,0.3549299732381802
3310,62.94736842105263,71.10526315789474,71.10526315789474,34.0,75.26315789473684,1321.8947368421052,1493.2105263157896,373.3026315789474,2620.5236842105264,0.06327163247100803,0.44415655664585196
3311,47.94736842105263,78.10526315789474,78.10526315789474,38.78947368421053,57.73684210526316,1006.8947368421052,1640.2105263157896,410.0526315789474,2121.7736842105264,0.06950044603033007,0.3596226583407672
3312,54.05263157894737,60.94736842105263,60.94736842105263,31.263157894736842,58.26315789473684,1135.1052631578948,1279.8947368421052,319.9736842105263,2249.6526315789474,0.05423282783229259,0.38129705619982157
3313,49.36842105263158,81.94736842105263,81.94736842105263,42.68421052631579,54.421052631578945,1036.7368421052631,1720.8947368421052,430.2236842105263,2192.6763157894734,0.07291926851025869,0.37164005352363955
3314,47.05263157894737,75.3157894736842,75.3157894736842,37.89473684210526,55.421052631578945,988.1052631578948,1581.6315789473683,395.4078947368421,2075.186842105263,0.06701828724353255,0.3517265834076717
3315,48.05263157894737,75.73684210526316,75.73684210526316,38.73684210526316,54.10526315789474,1009.1052631578948,1590.4736842105265,397.6184210526316,2113.0973684210526,0.06739295272078502,0.3581520963425513
3316,49.0,83.05263157894737,83.05263157894737,41.63157894736842,59.05263157894737,1029.0,1744.1052631578948,436.0263157894737,2185.3263157894735,0.0739027653880464,0.37039429081177516
3317,57.421052631578945,62.8421052631579,62.8421052631579,31.789473684210527,63.1578947368421,1205.842105263158,1319.6842105263158,329.92105263157896,2379.8526315789477,0.05591882247992864,0.4033648528099911
3318,50.31578947368421,88.36842105263158,88.36842105263158,45.473684210526315,54.8421052631579,1056.6315789473686,1855.7368421052631,463.9342105263158,2260.2078947368423,0.0786329170383586,0.3830860838537021
3319,57.526315789473685,73.63157894736842,73.63157894736842,37.36842105263158,64.63157894736842,1208.0526315789473,1546.2631578947369,386.5657894736842,2440.2552631578947,0.06551962533452275,0.41360258697591434
3320,53.1578947368421,74.3157894736842,74.3157894736842,37.05263157894737,64.21052631578948,1116.3157894736842,1560.6315789473683,390.1578947368421,2287.894736842105,0.06612845673505797,0.387778768956289
3321,58.473684210526315,74.10526315789474,74.10526315789474,36.526315789473685,70.94736842105263,1227.9473684210527,1556.2105263157896,389.0526315789474,2476.5631578947373,0.06594112399643176,0.419756467439786
3322,63.21052631578947,72.84210526315789,72.84210526315789,35.36842105263158,72.26315789473684,1327.421052631579,1529.6842105263156,382.4210526315789,2639.036842105263,0.06481712756467439,0.4472943800178412
3323,57.26315789473684,73.26315789473684,73.26315789473684,35.473684210526315,71.52631578947368,1202.5263157894738,1538.5263157894735,384.6315789473684,2428.926315789474,0.06519179304192685,0.4116824264049956
3324,47.68421052631579,80.36842105263158,80.36842105263158,41.8421052631579,57.526315789473685,1001.3684210526316,1687.7368421052631,421.9342105263158,2124.2605263157893,0.071514272970562,0.36004415700267617
3325,61.578947368421055,69.42105263157895,69.42105263157895,34.89473684210526,75.52631578947368,1293.157894736842,1457.842105263158,364.4605263157895,2562.8289473684213,0.061772970561998215,0.4343777876895629
3326,48.526315789473685,83.52631578947368,83.52631578947368,42.578947368421055,61.8421052631579,1019.0526315789474,1754.0526315789473,438.5131578947368,2170.9026315789474,0.07432426404995539,0.36794959857270293
3327,51.10526315789474,76.52631578947368,76.52631578947368,36.63157894736842,61.578947368421055,1073.2105263157896,1607.0526315789473,401.7631578947368,2226.221052631579,0.06809545049063336,0.37732560214094557
3328,52.36842105263158,74.42105263157895,74.42105263157895,36.63157894736842,59.63157894736842,1099.7368421052631,1562.842105263158,390.7105263157895,2260.2631578947367,0.0662221231043711,0.3830954504906333
3329,61.36842105263158,67.10526315789474,67.10526315789474,32.473684210526315,70.47368421052632,1288.7368421052631,1409.2105263157896,352.3026315789474,2543.1552631578948,0.05971231043710973,0.43104326494201606
3330,50.473684210526315,76.94736842105263,76.94736842105263,37.63157894736842,56.89473684210526,1059.9473684210527,1615.8947368421052,403.9736842105263,2205.884210526316,0.06847011596788581,0.37387867975022304
3331,52.36842105263158,76.42105263157895,76.42105263157895,39.36842105263158,62.05263157894737,1099.7368421052631,1604.842105263158,401.2105263157895,2270.7631578947367,0.06800178412132026,0.38487511150758247
3332,53.36842105263158,65.15789473684211,65.15789473684211,32.68421052631579,58.526315789473685,1120.7368421052631,1368.3157894736844,342.0789473684211,2247.3315789473686,0.05797948260481713,0.3809036574487065
3333,54.78947368421053,72.36842105263158,72.36842105263158,37.1578947368421,66.52631578947368,1150.578947368421,1519.7368421052631,379.9342105263158,2335.9184210526314,0.06439562890276539,0.39591837644959854
3334,63.78947368421053,74.0,74.0,34.578947368421055,70.42105263157895,1339.578947368421,1554.0,388.5,2665.7842105263157,0.06584745762711865,0.4518278322925959
3335,46.578947368421055,81.89473684210526,81.89473684210526,43.63157894736842,51.94736842105263,978.1578947368422,1719.7894736842104,429.9473684210526,2092.815789473684,0.07287243532560214,0.35471454058876
3336,47.21052631578947,70.0,70.0,36.473684210526315,55.473684210526315,991.421052631579,1470.0,367.5,2052.9157894736845,0.06228813559322034,0.3479518287243533
3337,63.68421052631579,71.10526315789474,71.10526315789474,34.68421052631579,72.78947368421052,1337.3684210526314,1493.2105263157896,373.3026315789474,2646.828947368421,0.06327163247100803,0.4486150758251561
3338,51.36842105263158,73.78947368421052,73.78947368421052,35.05263157894737,56.78947368421053,1078.7368421052631,1549.5789473684208,387.3947368421052,2221.2473684210527,0.0656601248884924,0.3764826048171276
3339,52.36842105263158,71.84210526315789,71.84210526315789,35.8421052631579,59.73684210526316,1099.7368421052631,1508.6842105263156,377.1710526315789,2246.7236842105262,0.06392729705619982,0.3808006244424621
3340,49.36842105263158,69.6842105263158,69.6842105263158,33.78947368421053,61.05263157894737,1036.7368421052631,1463.3684210526317,365.8421052631579,2128.294736842105,0.062007136485281,0.3607279214986619
3341,56.05263157894737,70.84210526315789,70.84210526315789,35.526315789473685,60.526315789473685,1177.1052631578948,1487.6842105263156,371.9210526315789,2373.0,0.06303746654772524,0.40220338983050846
3342,55.21052631578947,69.84210526315789,69.84210526315789,34.94736842105263,66.10526315789474,1159.421052631579,1466.6842105263156,366.6710526315789,2337.686842105263,0.062147636039250664,0.3962181088314005
3343,57.05263157894737,72.89473684210526,72.89473684210526,36.73684210526316,63.68421052631579,1198.1052631578948,1530.7894736842104,382.6973684210526,2419.4763157894736,0.06486396074933094,0.4100807314897413
3344,53.21052631578947,75.15789473684211,75.15789473684211,38.26315789473684,55.473684210526315,1117.421052631579,1578.3157894736844,394.5789473684211,2294.194736842105,0.0668777876895629,0.3888465655664585
3345,54.21052631578947,77.3157894736842,77.3157894736842,39.94736842105263,59.473684210526315,1138.421052631579,1623.6315789473683,405.9078947368421,2341.2236842105262,0.0687979482604817,0.39681757359500447
3346,46.78947368421053,80.47368421052632,80.47368421052632,40.31578947368421,50.21052631578947,982.578947368421,1689.9473684210527,422.4868421052632,2092.871052631579,0.07160793933987511,0.35472390722569136
3347,49.421052631578945,75.57894736842105,75.57894736842105,37.89473684210526,55.421052631578945,1037.842105263158,1587.157894736842,396.7894736842105,2161.121052631579,0.06725245316681534,0.36629170383586085
3348,52.94736842105263,83.42105263157895,83.42105263157895,43.0,63.8421052631579,1111.8947368421052,1751.842105263158,437.9605263157895,2328.181578947368,0.07423059768064229,0.3946070472792149
3349,53.78947368421053,69.15789473684211,69.15789473684211,34.68421052631579,61.05263157894737,1129.578947368421,1452.3157894736844,363.0789473684211,2283.363157894737,0.06153880463871544,0.38701070472792154
3350,53.8421052631579,65.84210526315789,65.84210526315789,33.578947368421055,56.78947368421053,1130.6842105263158,1382.6842105263156,345.6710526315789,2267.834210526316,0.05858831400535235,0.38437867975022305
3351,57.10526315789474,78.05263157894737,78.05263157894737,38.63157894736842,69.26315789473684,1199.2105263157896,1639.1052631578948,409.7763157894737,2448.434210526316,0.06945361284567352,0.41498884924174845
3352,45.36842105263158,80.42105263157895,80.42105263157895,41.8421052631579,52.0,952.7368421052632,1688.842105263158,422.2105263157895,2041.863157894737,0.07156110615521856,0.34607850133809104
3353,48.473684210526315,81.3157894736842,81.3157894736842,41.21052631578947,47.63157894736842,1017.9473684210526,1707.6315789473683,426.9078947368421,2157.4184210526314,0.07235727029438001,0.36566413916146295
3354,46.21052631578947,75.0,75.0,37.63157894736842,50.10526315789474,970.421052631579,1575.0,393.75,2043.4657894736843,0.06673728813559322,0.346350133809099
3355,54.73684210526316,72.94736842105263,72.94736842105263,35.94736842105263,66.89473684210526,1149.4736842105262,1531.8947368421052,382.9736842105263,2337.078947368421,0.0649107939339875,0.3961150758251561
3356,47.473684210526315,82.73684210526316,82.73684210526316,42.526315789473685,59.68421052631579,996.9473684210526,1737.4736842105265,434.3684210526316,2129.1789473684207,0.07362176628010705,0.36087778768956286
3357,53.78947368421053,72.89473684210526,72.89473684210526,36.63157894736842,67.89473684210526,1129.578947368421,1530.7894736842104,382.6973684210526,2302.9815789473682,0.06486396074933094,0.390335860838537
3358,51.26315789473684,78.6842105263158,78.6842105263158,37.63157894736842,57.89473684210526,1076.5263157894738,1652.3684210526317,413.0921052631579,2243.186842105263,0.07001561106155219,0.38020115967885815
3359,57.26315789473684,75.89473684210526,75.89473684210526,39.05263157894737,63.73684210526316,1202.5263157894738,1593.7894736842104,398.4473684210526,2442.742105263158,0.06753345227475469,0.4140240856378234
3360,47.21052631578947,76.0,76.0,38.89473684210526,54.89473684210526,991.421052631579,1596.0,399.0,2084.4157894736845,0.0676271186440678,0.3532908117752008
3361,50.421052631578945,71.94736842105263,71.94736842105263,35.73684210526316,61.68421052631579,1058.842105263158,1510.8947368421052,377.7236842105263,2177.7552631578947,0.06402096342551293,0.36911106155218554
3362,52.36842105263158,76.47368421052632,76.47368421052632,39.31578947368421,61.94736842105263,1099.7368421052631,1605.9473684210527,401.4868421052632,2271.0394736842104,0.0680486173059768,0.38492194469223906
3363,46.94736842105263,78.42105263157895,78.42105263157895,39.94736842105263,57.89473684210526,985.8947368421052,1646.842105263158,411.7105263157895,2087.7315789473682,0.06978144513826941,0.3538528099910794
3364,65.52631578947368,76.10526315789474,76.10526315789474,37.78947368421053,66.84210526315789,1376.0526315789473,1598.2105263157896,399.5526315789474,2738.842105263158,0.06772078501338091,0.46421052631578946
3365,48.89473684210526,67.84210526315789,67.84210526315789,35.473684210526315,54.73684210526316,1026.7894736842104,1424.6842105263156,356.1710526315789,2101.7131578947365,0.06036797502230151,0.3562225691347011
3366,53.78947368421053,73.05263157894737,73.05263157894737,34.73684210526316,52.68421052631579,1129.578947368421,1534.1052631578948,383.5263157894737,2303.8105263157895,0.06500446030330062,0.3904763603925067
3367,41.78947368421053,95.10526315789474,95.10526315789474,48.578947368421055,52.421052631578945,877.578947368421,1997.2105263157896,499.3026315789474,1991.1868421052632,0.08462756467439786,0.3374892952720785
3368,54.21052631578947,81.05263157894737,81.05263157894737,39.68421052631579,60.63157894736842,1138.421052631579,1702.1052631578948,425.5263157894737,2360.842105263158,0.07212310437109724,0.40014272970562
3369,56.31578947368421,74.05263157894737,74.05263157894737,38.21052631578947,60.68421052631579,1182.6315789473686,1555.1052631578948,388.7763157894737,2399.25,0.0658942908117752,0.40665254237288134
3370,57.68421052631579,74.10526315789474,74.10526315789474,36.26315789473684,68.05263157894737,1211.3684210526314,1556.2105263157896,389.0526315789474,2448.378947368421,0.06594112399643176,0.4149794826048171
3371,53.0,68.36842105263158,68.36842105263158,33.68421052631579,58.0,1113.0,1435.7368421052631,358.9342105263158,2251.0342105263157,0.06083630686886708,0.38153122212310436
3372,55.05263157894737,72.78947368421052,72.78947368421052,35.36842105263158,59.0,1156.1052631578948,1528.5789473684208,382.1447368421052,2347.523684210526,0.06477029438001783,0.3978853702051739
3373,52.421052631578945,73.0,73.0,37.68421052631579,62.526315789473685,1100.842105263158,1533.0,383.25,2254.6815789473685,0.06495762711864407,0.3821494201605709
3374,57.89473684210526,72.57894736842105,72.57894736842105,35.63157894736842,66.73684210526316,1215.7894736842104,1524.157894736842,381.0394736842105,2447.881578947368,0.06458296164139161,0.4148951828724352
3375,58.36842105263158,71.47368421052632,71.47368421052632,36.578947368421055,63.68421052631579,1225.7368421052631,1500.9473684210527,375.2368421052632,2458.9894736842107,0.06359946476360392,0.41677787689562895
3376,54.578947368421055,68.21052631578948,68.21052631578948,32.63157894736842,58.63157894736842,1146.157894736842,1432.4210526315792,358.1052631578948,2306.573684210526,0.060695807314897425,0.39094469223907224
3377,51.73684210526316,75.0,75.0,38.526315789473685,68.89473684210526,1086.4736842105262,1575.0,393.75,2240.7552631578947,0.06673728813559322,0.37978902765388045
3378,51.89473684210526,89.63157894736842,89.63157894736842,45.31578947368421,57.473684210526315,1089.7894736842104,1882.2631578947369,470.5657894736842,2323.207894736842,0.07975691347011597,0.39376404995539693
3379,55.94736842105263,67.10526315789474,67.10526315789474,33.36842105263158,64.52631578947368,1174.8947368421052,1409.2105263157896,352.3026315789474,2349.6236842105263,0.05971231043710973,0.3982413024085638
3380,51.421052631578945,88.36842105263158,88.36842105263158,44.73684210526316,61.05263157894737,1079.842105263158,1855.7368421052631,463.9342105263158,2299.665789473684,0.0786329170383586,0.38977386262265834
3381,59.94736842105263,81.47368421052632,81.47368421052632,39.526315789473685,66.89473684210526,1258.8947368421052,1710.9473684210527,427.7368421052632,2567.8578947368424,0.07249776984834969,0.43523015165031226
3382,47.89473684210526,79.89473684210526,79.89473684210526,41.421052631578945,52.94736842105263,1005.7894736842104,1677.7894736842104,419.4473684210526,2129.2894736842104,0.07109277430865299,0.3608965209634255
3383,54.78947368421053,69.47368421052632,69.47368421052632,34.63157894736842,63.36842105263158,1150.578947368421,1458.9473684210527,364.7368421052632,2320.721052631579,0.06181980374665478,0.39334255129348794
3384,59.36842105263158,79.63157894736842,79.63157894736842,39.63157894736842,71.78947368421052,1246.7368421052631,1672.2631578947369,418.0657894736842,2537.5184210526313,0.07085860838537021,0.43008786797502224
3385,46.94736842105263,78.10526315789474,78.10526315789474,39.8421052631579,54.473684210526315,985.8947368421052,1640.2105263157896,410.0526315789474,2086.073684210526,0.06950044603033007,0.35357181088314005
3386,55.63157894736842,75.36842105263158,75.36842105263158,38.21052631578947,67.10526315789474,1168.2631578947369,1582.7368421052631,395.6842105263158,2381.7315789473682,0.06706512042818912,0.40368331846565564
3387,55.421052631578945,64.57894736842105,64.57894736842105,32.89473684210526,59.0,1163.842105263158,1356.157894736842,339.0394736842105,2317.571052631579,0.057464317573595006,0.3928086529884032
3388,64.78947368421052,72.94736842105263,72.94736842105263,35.21052631578947,77.36842105263158,1360.5789473684208,1531.8947368421052,382.9736842105263,2695.9578947368414,0.0649107939339875,0.4569420160570918
3389,44.1578947368421,98.52631578947368,98.52631578947368,50.1578947368421,50.78947368421053,927.3157894736842,2069.0526315789475,517.2631578947369,2093.7,0.08767172167707404,0.35486440677966097
3390,47.0,67.94736842105263,67.94736842105263,34.0,59.36842105263158,987.0,1426.8947368421052,356.7236842105263,2034.623684210526,0.060461641391614626,0.3448514719000892
3391,59.63157894736842,71.21052631578948,71.21052631578948,35.68421052631579,65.73684210526316,1252.2631578947369,1495.4210526315792,373.8552631578948,2502.702631578947,0.06336529884032115,0.42418688670829613
3392,42.36842105263158,85.15789473684211,85.15789473684211,43.78947368421053,49.31578947368421,889.7368421052632,1788.3157894736844,447.0789473684211,1959.6315789473686,0.07577609277430866,0.33214094558429974
3393,58.26315789473684,69.94736842105263,69.94736842105263,36.0,77.52631578947368,1223.5263157894738,1468.8947368421052,367.2236842105263,2447.2184210526316,0.06224130240856378,0.4147827832292596
3394,45.1578947368421,82.3157894736842,82.3157894736842,42.10526315789474,48.89473684210526,948.3157894736842,1728.6315789473683,432.1578947368421,2044.294736842105,0.07324710080285458,0.3464906333630687
3395,60.8421052631579,70.6842105263158,70.6842105263158,35.78947368421053,67.84210526315789,1277.6842105263158,1484.3684210526317,371.0921052631579,2543.1552631578948,0.06289696699375558,0.43104326494201606
3396,56.05263157894737,69.94736842105263,69.94736842105263,35.05263157894737,70.36842105263158,1177.1052631578948,1468.8947368421052,367.2236842105263,2368.3026315789475,0.06224130240856378,0.401407225691347
3397,56.473684210526315,68.15789473684211,68.15789473684211,34.78947368421053,59.73684210526316,1185.9473684210527,1431.3157894736844,357.8289473684211,2373.9394736842105,0.06064897413024086,0.4023626226583408
3398,50.8421052631579,71.84210526315789,71.84210526315789,36.0,55.578947368421055,1067.6842105263158,1508.6842105263156,377.1710526315789,2192.2342105263156,0.06392729705619982,0.37156512042818907
3399,47.526315789473685,77.15789473684211,77.15789473684211,37.36842105263158,50.421052631578945,998.0526315789474,1620.3157894736844,405.0789473684211,2101.7684210526318,0.06865744870651205,0.3562319357716325
3400,59.421052631578945,73.21052631578948,73.21052631578948,37.68421052631579,60.36842105263158,1247.842105263158,1537.4210526315792,384.3552631578948,2505.686842105263,0.0651449598572703,0.42469268510258695
3401,48.8421052631579,82.3157894736842,82.3157894736842,42.73684210526316,53.05263157894737,1025.6842105263158,1728.6315789473683,432.1578947368421,2175.821052631579,0.07324710080285458,0.3687832292595896
3402,45.473684210526315,75.94736842105263,75.94736842105263,38.578947368421055,60.578947368421055,954.9473684210526,1594.8947368421052,398.7236842105263,2022.1342105263157,0.06758028545941124,0.3427346119536128
3403,51.89473684210526,77.3157894736842,77.3157894736842,37.36842105263158,56.89473684210526,1089.7894736842104,1623.6315789473683,405.9078947368421,2258.5499999999997,0.0687979482604817,0.3828050847457627
3404,48.05263157894737,79.52631578947368,79.52631578947368,39.578947368421055,55.31578947368421,1009.1052631578948,1670.0526315789473,417.5131578947368,2132.992105263158,0.07076494201605708,0.3615240856378234
3405,43.1578947368421,84.26315789473684,84.26315789473684,43.26315789473684,55.36842105263158,906.3157894736842,1769.5263157894735,442.3815789473684,1983.1184210526314,0.07497992863514719,0.33612176628010704
3406,51.94736842105263,73.3157894736842,73.3157894736842,37.73684210526316,66.84210526315789,1090.8947368421052,1539.6315789473683,384.9078947368421,2239.428947368421,0.0652386262265834,0.379564228367529
3407,63.63157894736842,76.3157894736842,76.3157894736842,38.1578947368421,75.10526315789474,1336.2631578947369,1602.6315789473683,400.6578947368421,2672.305263157895,0.06790811775200713,0.45293309545049065
3408,49.68421052631579,76.89473684210526,76.89473684210526,38.05263157894737,57.94736842105263,1043.3684210526314,1614.7894736842104,403.6973684210526,2177.423684210526,0.06842328278322926,0.36905486173059765
3409,59.26315789473684,69.63157894736842,69.63157894736842,35.21052631578947,64.21052631578948,1244.5263157894738,1462.2631578947369,365.5657894736842,2481.2605263157893,0.06196030330062444,0.42055263157894734
3410,55.1578947368421,72.47368421052632,72.47368421052632,36.21052631578947,66.6842105263158,1158.3157894736842,1521.9473684210527,380.4868421052632,2349.6236842105263,0.0644892952720785,0.3982413024085638
3411,47.8421052631579,73.42105263157895,73.42105263157895,37.473684210526315,56.1578947368421,1004.6842105263158,1541.842105263158,385.4605263157895,2093.4236842105265,0.06533229259589653,0.3548175735950045
3412,50.578947368421055,78.42105263157895,78.42105263157895,37.78947368421053,55.21052631578947,1062.157894736842,1646.842105263158,411.7105263157895,2217.378947368421,0.06978144513826941,0.37582694023193575
3413,55.8421052631579,75.36842105263158,75.36842105263158,39.05263157894737,60.21052631578947,1172.6842105263158,1582.7368421052631,395.6842105263158,2389.2473684210527,0.06706512042818912,0.404957181088314
3414,51.63157894736842,75.26315789473684,75.26315789473684,38.94736842105263,58.63157894736842,1084.2631578947369,1580.5263157894735,395.1315789473684,2238.378947368421,0.066971454058876,0.37938626226583405
3415,51.578947368421055,75.52631578947368,75.52631578947368,37.94736842105263,56.526315789473685,1083.157894736842,1586.0526315789473,396.5131578947368,2237.8815789473683,0.06720561998215878,0.3793019625334523
3416,59.473684210526315,79.73684210526316,79.73684210526316,39.578947368421055,68.3157894736842,1248.9473684210527,1674.4736842105265,418.6184210526316,2541.8289473684213,0.07095227475468333,0.4308184656556646
3417,58.31578947368421,72.26315789473684,72.26315789473684,36.26315789473684,70.0,1224.6315789473686,1517.5263157894735,379.3815789473684,2461.2552631578947,0.06430196253345227,0.41716190900981265
3418,51.10526315789474,80.05263157894737,80.05263157894737,40.421052631578945,62.68421052631579,1073.2105263157896,1681.1052631578948,420.2763157894737,2244.734210526316,0.07123327386262267,0.38046342551293494
3419,58.73684210526316,72.63157894736842,72.63157894736842,36.473684210526315,70.3157894736842,1233.4736842105262,1525.2631578947369,381.3157894736842,2478.221052631579,0.06462979482604818,0.4200374665477252
3420,60.8421052631579,72.3157894736842,72.3157894736842,36.578947368421055,70.10526315789474,1277.6842105263158,1518.6315789473683,379.6578947368421,2551.721052631579,0.06434879571810882,0.4324950936663693
3421,46.8421052631579,73.89473684210526,73.89473684210526,37.63157894736842,57.63157894736842,983.6842105263158,1551.7894736842104,387.9473684210526,2060.2105263157896,0.06575379125780552,0.34918822479928635
3422,53.0,72.0,72.0,34.78947368421053,62.21052631578947,1113.0,1512.0,378.0,2270.1,0.0640677966101695,0.38476271186440675
3423,44.21052631578947,81.3157894736842,81.3157894736842,42.05263157894737,52.05263157894737,928.421052631579,1707.6315789473683,426.9078947368421,2005.2236842105262,0.07235727029438001,0.33986842105263154
3424,49.36842105263158,68.78947368421052,68.78947368421052,33.526315789473685,62.21052631578947,1036.7368421052631,1444.5789473684208,361.1447368421052,2123.597368421052,0.061210972346119524,0.35993175735950034
3425,46.10526315789474,82.52631578947368,82.52631578947368,42.68421052631579,57.78947368421053,968.2105263157896,1733.0526315789473,433.2631578947368,2079.221052631579,0.07343443354148081,0.35241034790365744
3426,51.78947368421053,79.47368421052632,79.47368421052632,39.0,55.421052631578945,1087.578947368421,1668.9473684210527,417.2368421052632,2266.121052631579,0.07071810883140053,0.38408831400535237
3427,47.578947368421055,76.94736842105263,76.94736842105263,38.10526315789474,53.421052631578945,999.1578947368422,1615.8947368421052,403.9736842105263,2102.542105263158,0.06847011596788581,0.3563630686886709
3428,54.73684210526316,67.05263157894737,67.05263157894737,34.526315789473685,65.10526315789474,1149.4736842105262,1408.1052631578948,352.0263157894737,2306.1315789473683,0.05966547725245317,0.39086975914362176
3429,62.1578947368421,67.89473684210526,67.89473684210526,34.421052631578945,72.15789473684211,1305.3157894736842,1425.7894736842104,356.4473684210526,2575.4842105263156,0.06041480820695807,0.4365227475468331
3430,53.78947368421053,71.89473684210526,71.89473684210526,35.473684210526315,64.36842105263158,1129.578947368421,1509.7894736842104,377.4473684210526,2297.7315789473682,0.06397413024085637,0.3894460303300624
3431,55.473684210526315,75.36842105263158,75.36842105263158,37.31578947368421,68.36842105263158,1164.9473684210527,1582.7368421052631,395.6842105263158,2376.0947368421052,0.06706512042818912,0.40272792149866193
3432,53.63157894736842,61.10526315789474,61.10526315789474,30.105263157894736,61.78947368421053,1126.2631578947369,1283.2105263157896,320.8026315789474,2235.45,0.05437332738626227,0.3788898305084745
3433,52.89473684210526,76.3157894736842,76.3157894736842,37.26315789473684,62.89473684210526,1110.7894736842104,1602.6315789473683,400.6578947368421,2289.0,0.06790811775200713,0.38796610169491524
3434,49.94736842105263,73.84210526315789,73.84210526315789,37.526315789473685,56.89473684210526,1048.8947368421052,1550.6842105263156,387.6710526315789,2170.7921052631577,0.06570695807314897,0.3679308652988403
3435,52.94736842105263,68.6842105263158,68.6842105263158,35.21052631578947,53.421052631578945,1111.8947368421052,1442.3684210526317,360.5921052631579,2250.813157894737,0.061117305976806424,0.3814937555753791
3436,56.36842105263158,66.10526315789474,66.10526315789474,32.94736842105263,64.10526315789474,1183.7368421052631,1388.2105263157896,347.0526315789474,2359.4052631578948,0.05882247992863515,0.3998991971454059
3437,52.578947368421055,81.0,81.0,40.473684210526315,57.8421052631579,1104.157894736842,1701.0,425.25,2302.3184210526315,0.07207627118644068,0.3902234611953613
3438,50.0,73.21052631578948,73.21052631578948,36.421052631578945,61.94736842105263,1050.0,1537.4210526315792,384.3552631578948,2169.355263157895,0.0651449598572703,0.36768733273862625
3439,46.94736842105263,69.15789473684211,69.15789473684211,35.68421052631579,58.526315789473685,985.8947368421052,1452.3157894736844,363.0789473684211,2039.1,0.06153880463871544,0.3456101694915254
3440,54.68421052631579,72.0,72.0,36.73684210526316,59.63157894736842,1148.3684210526314,1512.0,378.0,2330.226315789473,0.0640677966101695,0.39495361284567343
3441,54.1578947368421,70.78947368421052,70.78947368421052,36.26315789473684,63.10526315789474,1137.3157894736842,1486.5789473684208,371.6447368421052,2305.081578947368,0.06299063336306868,0.3906917930419268
3442,52.26315789473684,81.52631578947368,81.52631578947368,40.578947368421055,66.26315789473684,1097.5263157894738,1712.0526315789473,428.0131578947368,2293.807894736842,0.07254460303300624,0.38878099910793934
3443,46.10526315789474,80.47368421052632,80.47368421052632,41.63157894736842,49.26315789473684,968.2105263157896,1689.9473684210527,422.4868421052632,2068.4447368421056,0.07160793933987511,0.3505838537020518
3444,67.10526315789474,67.94736842105263,67.94736842105263,32.78947368421053,74.78947368421052,1409.2105263157896,1426.8947368421052,356.7236842105263,2752.3815789473683,0.060461641391614626,0.46650535236396073
3445,60.526315789473685,72.10526315789474,72.10526315789474,34.73684210526316,66.57894736842105,1271.0526315789473,1514.2105263157896,378.5526315789474,2539.342105263158,0.06416146297948261,0.43039696699375557
3446,40.473684210526315,83.36842105263158,83.36842105263158,43.68421052631579,54.94736842105263,849.9473684210526,1750.7368421052631,437.6842105263158,1882.5947368421052,0.07418376449598572,0.3190838537020517
3447,50.63157894736842,77.15789473684211,77.15789473684211,39.05263157894737,60.0,1063.2631578947369,1620.3157894736844,405.0789473684211,2212.6263157894737,0.06865744870651205,0.375021409455843
3448,54.05263157894737,71.0,71.0,36.26315789473684,60.578947368421055,1135.1052631578948,1491.0,372.75,2302.428947368421,0.06317796610169492,0.3902421944692239
3449,50.473684210526315,76.6842105263158,76.6842105263158,39.68421052631579,56.31578947368421,1059.9473684210527,1610.3684210526317,402.5921052631579,2204.5026315789473,0.06823595004460303,0.37364451382694025
3450,61.94736842105263,74.89473684210526,74.89473684210526,37.05263157894737,67.15789473684211,1300.8947368421052,1572.7894736842104,393.1973684210526,2604.718421052631,0.0666436217662801,0.4414776984834968
3451,52.8421052631579,81.78947368421052,81.78947368421052,41.21052631578947,60.10526315789474,1109.6842105263158,1717.5789473684208,429.3947368421052,2315.8578947368424,0.07277876895628901,0.3925182872435326
3452,50.78947368421053,76.26315789473684,76.26315789473684,39.73684210526316,58.63157894736842,1066.578947368421,1601.5263157894735,400.3815789473684,2213.565789473684,0.06786128456735058,0.37518064228367526
3453,56.68421052631579,64.73684210526316,64.73684210526316,31.157894736842106,64.78947368421052,1190.3684210526314,1359.4736842105265,339.8684210526316,2363.494736842105,0.057604817127564684,0.40059232827832286
3454,49.36842105263158,80.15789473684211,80.15789473684211,38.89473684210526,60.526315789473685,1036.7368421052631,1683.3157894736844,420.8289473684211,2183.2815789473684,0.07132694023193578,0.3700477252453167
3455,60.36842105263158,72.52631578947368,72.52631578947368,34.68421052631579,75.3157894736842,1267.7368421052631,1523.0526315789473,380.7631578947368,2535.915789473684,0.06453612845673505,0.42981623550401427
3456,50.31578947368421,79.15789473684211,79.15789473684211,39.73684210526316,56.578947368421055,1056.6315789473686,1662.3157894736844,415.5789473684211,2211.8526315789477,0.0704371097234612,0.3748902765388047
3457,57.89473684210526,84.05263157894737,84.05263157894737,41.78947368421053,69.78947368421052,1215.7894736842104,1765.1052631578948,441.2763157894737,2508.118421052631,0.07479259589652097,0.4251048171275646
3458,50.1578947368421,80.73684210526316,80.73684210526316,40.26315789473684,56.26315789473684,1053.3157894736842,1695.4736842105265,423.8684210526316,2214.5052631578947,0.0718421052631579,0.37533987511150757
3459,52.421052631578945,74.36842105263158,74.36842105263158,37.1578947368421,62.73684210526316,1100.842105263158,1561.7368421052631,390.4342105263158,2261.8657894736843,0.06617528991971454,0.3833670829616414
3460,51.36842105263158,69.94736842105263,69.94736842105263,35.73684210526316,56.78947368421053,1078.7368421052631,1468.8947368421052,367.2236842105263,2201.0763157894735,0.06224130240856378,0.3730637823371989
3461,53.94736842105263,78.3157894736842,78.3157894736842,39.36842105263158,60.1578947368421,1132.8947368421052,1644.6315789473683,411.1578947368421,2337.078947368421,0.06968777876895628,0.3961150758251561
3462,51.473684210526315,78.78947368421052,78.78947368421052,40.421052631578945,63.94736842105263,1080.9473684210527,1654.5789473684208,413.6447368421052,2251.2552631578947,0.07010927743086529,0.3815686886708296
3463,46.89473684210526,75.26315789473684,75.26315789473684,38.89473684210526,55.89473684210526,984.7894736842104,1580.5263157894735,395.1315789473684,2069.273684210526,0.066971454058876,0.35072435325602136
3464,52.21052631578947,69.42105263157895,69.42105263157895,35.73684210526316,58.26315789473684,1096.421052631579,1457.842105263158,364.4605263157895,2228.3763157894737,0.061772970561998215,0.37769090098126673
3465,49.1578947368421,75.26315789473684,75.26315789473684,37.78947368421053,57.63157894736842,1032.3157894736842,1580.5263157894735,395.1315789473684,2150.0684210526315,0.066971454058876,0.36441837644959857
3466,57.26315789473684,75.42105263157895,75.42105263157895,37.78947368421053,64.6842105263158,1202.5263157894738,1583.842105263158,395.9605263157895,2440.2552631578947,0.06711195361284568,0.41360258697591434
3467,52.21052631578947,81.52631578947368,81.52631578947368,41.526315789473685,56.473684210526315,1096.421052631579,1712.0526315789473,428.0131578947368,2291.9289473684207,0.07254460303300624,0.3884625334522747
3468,51.78947368421053,86.63157894736842,86.63157894736842,43.36842105263158,61.05263157894737,1087.578947368421,1819.2631578947369,454.8157894736842,2303.7,0.07708742194469224,0.390457627118644
3469,57.26315789473684,74.73684210526316,74.73684210526316,37.1578947368421,74.63157894736842,1202.5263157894738,1569.4736842105265,392.3684210526316,2436.6631578947367,0.06650312221231044,0.4129937555753791
3470,51.526315789473685,76.6842105263158,76.6842105263158,38.89473684210526,63.26315789473684,1082.0526315789473,1610.3684210526317,402.5921052631579,2242.081578947368,0.06823595004460303,0.3800138269402319
3471,52.0,73.42105263157895,73.42105263157895,37.73684210526316,62.8421052631579,1092.0,1541.842105263158,385.4605263157895,2241.8605263157892,0.06533229259589653,0.37997636039250665
3472,52.10526315789474,76.3157894736842,76.3157894736842,38.526315789473685,59.526315789473685,1094.2105263157896,1602.6315789473683,400.6578947368421,2260.815789473684,0.06790811775200713,0.38318911685994644
3473,51.26315789473684,66.3157894736842,66.3157894736842,33.89473684210526,63.10526315789474,1076.5263157894738,1392.6315789473683,348.1578947368421,2178.2526315789473,0.05900981266726137,0.36919536128456737
3474,49.68421052631579,72.36842105263158,72.36842105263158,37.10526315789474,60.21052631578947,1043.3684210526314,1519.7368421052631,379.9342105263158,2153.660526315789,0.06439562890276539,0.3650272078501337
3475,44.526315789473685,80.63157894736842,80.63157894736842,41.73684210526316,47.63157894736842,935.0526315789474,1693.2631578947369,423.3157894736842,2012.9052631578948,0.07174843889384479,0.34117038358608387
3476,47.63157894736842,74.36842105263158,74.36842105263158,38.05263157894737,53.94736842105263,1000.2631578947368,1561.7368421052631,390.4342105263158,2090.8815789473683,0.06617528991971454,0.35438670829616414
3477,55.78947368421053,75.26315789473684,75.26315789473684,39.578947368421055,59.578947368421055,1171.578947368421,1580.5263157894735,395.1315789473684,2386.815789473684,0.066971454058876,0.4045450490633363
3478,46.473684210526315,73.52631578947368,73.52631578947368,38.68421052631579,53.73684210526316,975.9473684210526,1544.0526315789473,386.0131578947368,2045.1236842105263,0.06542595896520963,0.34663113291703834
3479,41.78947368421053,83.36842105263158,83.36842105263158,40.63157894736842,50.10526315789474,877.578947368421,1750.7368421052631,437.6842105263158,1929.5684210526315,0.07418376449598572,0.32704549509366637
3480,59.26315789473684,79.26315789473684,79.26315789473684,40.1578947368421,70.26315789473684,1244.5263157894738,1664.5263157894735,416.1315789473684,2531.8263157894735,0.0705307760927743,0.4291231043710972
3481,55.8421052631579,60.94736842105263,60.94736842105263,29.57894736842105,70.63157894736842,1172.6842105263158,1279.8947368421052,319.9736842105263,2313.536842105263,0.05423282783229259,0.39212488849241744
3482,55.68421052631579,65.05263157894737,65.05263157894737,30.789473684210527,66.6842105263158,1169.3684210526314,1366.1052631578948,341.5263157894737,2329.452631578947,0.05788581623550402,0.3948224799286351
3483,51.94736842105263,75.52631578947368,75.52631578947368,36.63157894736842,57.36842105263158,1090.8947368421052,1586.0526315789473,396.5131578947368,2251.0342105263157,0.06720561998215878,0.38153122212310436
3484,53.94736842105263,71.57894736842105,71.57894736842105,35.526315789473685,64.78947368421052,1132.8947368421052,1503.157894736842,375.7894736842105,2301.710526315789,0.06369313113291704,0.3901204281891168
3485,45.05263157894737,80.63157894736842,80.63157894736842,40.31578947368421,55.05263157894737,946.1052631578948,1693.2631578947369,423.3157894736842,2031.6947368421054,0.07174843889384479,0.3443550401427297
3486,48.78947368421053,74.36842105263158,74.36842105263158,37.21052631578947,52.36842105263158,1024.578947368421,1561.7368421052631,390.4342105263158,2132.2184210526316,0.06617528991971454,0.36139295272078503
3487,45.73684210526316,79.78947368421052,79.78947368421052,41.0,50.26315789473684,960.4736842105264,1675.5789473684208,418.8947368421052,2051.7,0.07099910793933986,0.34774576271186436
3488,54.63157894736842,66.6842105263158,66.6842105263158,33.21052631578947,61.1578947368421,1147.2631578947369,1400.3684210526317,350.0921052631579,2300.4394736842105,0.05933764495985727,0.3899049955396967
3489,52.78947368421053,66.94736842105263,66.94736842105263,34.31578947368421,60.8421052631579,1108.578947368421,1405.8947368421052,351.4736842105263,2236.057894736842,0.05957181088314005,0.378992863514719
3490,47.421052631578945,72.0,72.0,36.0,57.10526315789474,995.8421052631578,1512.0,378.0,2070.9315789473685,0.0640677966101695,0.35100535236396074
3491,52.10526315789474,77.52631578947368,77.52631578947368,39.1578947368421,59.73684210526316,1094.2105263157896,1628.0526315789473,407.0131578947368,2267.171052631579,0.06898528099910793,0.38426628010704733
3492,53.0,74.0,74.0,37.526315789473685,59.73684210526316,1113.0,1554.0,388.5,2280.6,0.06584745762711865,0.3865423728813559
3493,57.31578947368421,76.36842105263158,76.36842105263158,37.36842105263158,64.3157894736842,1203.6315789473686,1603.7368421052631,400.9342105263158,2447.1078947368424,0.06795495093666369,0.414764049955397
3494,60.05263157894737,68.89473684210526,68.89473684210526,34.1578947368421,72.84210526315789,1261.1052631578948,1446.7894736842104,361.6973684210526,2505.5763157894735,0.061304638715432645,0.4246739518287243
3495,56.36842105263158,77.57894736842105,77.57894736842105,38.31578947368421,72.63157894736842,1183.7368421052631,1629.157894736842,407.2894736842105,2419.6421052631576,0.0690321141837645,0.41010883140053517
3496,47.526315789473685,79.57894736842105,79.57894736842105,40.1578947368421,61.05263157894737,998.0526315789474,1671.157894736842,417.7894736842105,2114.478947368421,0.07081177520071365,0.35838626226583403
3497,56.8421052631579,72.63157894736842,72.63157894736842,35.68421052631579,71.15789473684211,1193.6842105263158,1525.2631578947369,381.3157894736842,2410.5789473684213,0.06462979482604818,0.4085727029438002
3498,56.526315789473685,75.15789473684211,75.15789473684211,38.421052631578945,66.36842105263158,1187.0526315789473,1578.3157894736844,394.5789473684211,2412.5684210526315,0.0668777876895629,0.4089099018733274
3499,50.21052631578947,73.21052631578948,73.21052631578948,36.94736842105263,56.26315789473684,1054.421052631579,1537.4210526315792,384.3552631578948,2176.871052631579,0.0651449598572703,0.3689611953612846
3500,50.473684210526315,78.63157894736842,78.63157894736842,39.8421052631579,60.05263157894737,1059.9473684210527,1651.2631578947369,412.8157894736842,2214.726315789474,0.06996877787689564,0.37537734165923287
3501,53.78947368421053,78.10526315789474,78.10526315789474,40.05263157894737,73.05263157894737,1129.578947368421,1640.2105263157896,410.0526315789474,2330.3368421052633,0.06950044603033007,0.39497234611953613
3502,64.57894736842105,77.94736842105263,77.94736842105263,38.89473684210526,74.21052631578948,1356.157894736842,1636.8947368421052,409.2236842105263,2714.692105263158,0.06935994647636039,0.4601173059768064
3503,56.1578947368421,71.89473684210526,71.89473684210526,34.68421052631579,66.3157894736842,1179.3157894736842,1509.7894736842104,377.4473684210526,2382.2842105263157,0.06397413024085637,0.40377698483496877
3504,50.21052631578947,74.89473684210526,74.89473684210526,36.8421052631579,55.05263157894737,1054.421052631579,1572.7894736842104,393.1973684210526,2185.713157894737,0.0666436217662801,0.3704598572702944
3505,55.21052631578947,75.57894736842105,75.57894736842105,36.8421052631579,65.3157894736842,1159.421052631579,1587.157894736842,396.7894736842105,2367.805263157895,0.06725245316681534,0.40132292595896524
3506,54.78947368421053,84.36842105263158,84.36842105263158,43.0,60.578947368421055,1150.578947368421,1771.7368421052631,442.9342105263158,2398.9184210526314,0.0750735950044603,0.40659634255129345
3507,49.73684210526316,69.42105263157895,69.42105263157895,33.31578947368421,60.578947368421055,1044.4736842105262,1457.842105263158,364.4605263157895,2140.065789473684,0.061772970561998215,0.3627230151650312
3508,50.0,66.0,66.0,34.05263157894737,56.68421052631579,1050.0,1386.0,346.5,2131.5,0.05872881355932203,0.36127118644067796
3509,49.8421052631579,81.21052631578948,81.21052631578948,41.1578947368421,64.36842105263158,1046.6842105263158,1705.4210526315792,426.3552631578948,2205.7184210526316,0.07226360392506692,0.3738505798394291
3510,50.526315789473685,68.0,68.0,32.68421052631579,60.26315789473684,1061.0526315789473,1428.0,357.0,2160.7894736842104,0.06050847457627118,0.36623550401427296
3511,44.10526315789474,80.57894736842105,80.57894736842105,41.68421052631579,48.73684210526316,926.2105263157896,1692.157894736842,423.0394736842105,1997.5973684210526,0.07170160570918822,0.3385758251561106
3512,47.63157894736842,77.84210526315789,77.84210526315789,39.526315789473685,51.94736842105263,1000.2631578947368,1634.6842105263156,408.6710526315789,2109.118421052631,0.06926628010704727,0.3574776984834968
3513,52.421052631578945,74.42105263157895,74.42105263157895,38.68421052631579,63.10526315789474,1100.842105263158,1562.842105263158,390.7105263157895,2262.142105263158,0.0662221231043711,0.383413916146298
3514,51.26315789473684,77.89473684210526,77.89473684210526,38.36842105263158,60.63157894736842,1076.5263157894738,1635.7894736842104,408.9473684210526,2239.0421052631577,0.06931311329170384,0.37949866190900977
3515,59.94736842105263,76.73684210526316,76.73684210526316,38.89473684210526,68.73684210526316,1258.8947368421052,1611.4736842105265,402.8684210526316,2542.9894736842107,0.0682827832292596,0.43101516503122217
3516,48.63157894736842,80.57894736842105,80.57894736842105,41.526315789473685,51.26315789473684,1021.2631578947368,1692.157894736842,423.0394736842105,2159.186842105263,0.07170160570918822,0.36596387154326493
3517,46.05263157894737,80.15789473684211,80.15789473684211,39.73684210526316,53.89473684210526,967.1052631578948,1683.3157894736844,420.8289473684211,2064.907894736842,0.07132694023193578,0.3499843889384478
3518,52.94736842105263,73.63157894736842,73.63157894736842,35.68421052631579,64.0,1111.8947368421052,1546.2631578947369,386.5657894736842,2276.786842105263,0.06551962533452275,0.3858960749330954
3519,53.78947368421053,82.21052631578948,82.21052631578948,41.05263157894737,65.05263157894737,1129.578947368421,1726.4210526315792,431.6052631578948,2351.8894736842103,0.0731534344335415,0.3986253345227475
3520,49.36842105263158,77.47368421052632,77.47368421052632,38.63157894736842,58.10526315789474,1036.7368421052631,1626.9473684210527,406.7368421052632,2169.1894736842105,0.06893844781445138,0.3676592328278323
3521,46.78947368421053,82.15789473684211,82.15789473684211,42.05263157894737,55.63157894736842,982.578947368421,1725.3157894736844,431.3289473684211,2101.713157894737,0.07310660124888493,0.3562225691347012
3522,52.578947368421055,89.47368421052632,89.47368421052632,44.0,62.31578947368421,1104.157894736842,1878.9473684210527,469.7368421052632,2346.805263157895,0.0796164139161463,0.39776360392506693
3523,48.578947368421055,81.0,81.0,42.1578947368421,58.21052631578947,1020.1578947368422,1701.0,425.25,2159.5184210526318,0.07207627118644068,0.3660200713648528
3524,51.526315789473685,80.73684210526316,80.73684210526316,41.68421052631579,65.73684210526316,1082.0526315789473,1695.4736842105265,423.8684210526316,2263.357894736842,0.0718421052631579,0.3836199821587868
3525,51.31578947368421,76.6842105263158,76.6842105263158,37.8421052631579,54.578947368421055,1077.6315789473686,1610.3684210526317,402.5921052631579,2234.565789473684,0.06823595004460303,0.37873996431757356
3526,52.526315789473685,74.36842105263158,74.36842105263158,37.63157894736842,60.78947368421053,1103.0526315789473,1561.7368421052631,390.4342105263158,2265.623684210526,0.06617528991971454,0.3840040142729705
3527,62.26315789473684,76.3157894736842,76.3157894736842,36.89473684210526,70.63157894736842,1307.5263157894738,1602.6315789473683,400.6578947368421,2623.4526315789476,0.06790811775200713,0.44465298840321144
3528,56.0,62.8421052631579,62.8421052631579,30.789473684210527,61.21052631578947,1176.0,1319.6842105263158,329.92105263157896,2329.121052631579,0.05591882247992864,0.3947662801070473
3529,52.73684210526316,74.21052631578948,74.21052631578948,37.05263157894737,64.6842105263158,1107.4736842105262,1558.4210526315792,389.6052631578948,2272.3105263157895,0.06603479036574487,0.38513737734165926
3530,53.36842105263158,82.21052631578948,82.21052631578948,42.05263157894737,60.89473684210526,1120.7368421052631,1726.4210526315792,431.6052631578948,2336.8578947368424,0.0731534344335415,0.3960776092774309
3531,48.1578947368421,78.6842105263158,78.6842105263158,40.05263157894737,55.73684210526316,1011.3157894736842,1652.3684210526317,413.0921052631579,2132.328947368421,0.07001561106155219,0.36141168599464757
3532,51.1578947368421,74.26315789473684,74.26315789473684,38.89473684210526,58.578947368421055,1074.3157894736842,1559.5263157894735,389.8815789473684,2216.2184210526316,0.06608162355040142,0.37563024085637825
3533,43.68421052631579,85.57894736842105,85.57894736842105,42.473684210526315,51.21052631578947,917.3684210526316,1797.157894736842,449.2894736842105,2008.8157894736842,0.0761507582515611,0.3404772524531668
3534,56.10526315789474,77.0,77.0,39.21052631578947,63.73684210526316,1178.2105263157896,1617.0,404.25,2407.2078947368423,0.06851694915254238,0.4080013380909902
3535,51.31578947368421,74.52631578947368,74.52631578947368,38.8421052631579,66.47368421052632,1077.6315789473686,1565.0526315789473,391.2631578947368,2223.2368421052633,0.0663157894736842,0.3768198037466548
3536,57.31578947368421,71.63157894736842,71.63157894736842,36.31578947368421,72.0,1203.6315789473686,1504.2631578947369,376.0657894736842,2422.2394736842107,0.0637399643175736,0.4105490633363069
3537,53.21052631578947,75.84210526315789,75.84210526315789,36.68421052631579,63.421052631578945,1117.421052631579,1592.6842105263156,398.1710526315789,2297.786842105263,0.06748661909009812,0.3894553969669937
3538,50.526315789473685,85.94736842105263,85.94736842105263,42.10526315789474,59.10526315789474,1061.0526315789473,1804.8947368421052,451.2236842105263,2255.0131578947367,0.076478590544157,0.38220561998215874
3539,57.0,82.6842105263158,82.6842105263158,40.8421052631579,69.3157894736842,1197.0,1736.3684210526317,434.0921052631579,2468.992105263158,0.07357493309545049,0.41847323818019627
3540,54.0,80.0,80.0,39.73684210526316,53.36842105263158,1134.0,1680.0,420.0,2347.8,0.0711864406779661,0.39793220338983054
3541,53.05263157894737,82.78947368421052,82.78947368421052,40.473684210526315,63.05263157894737,1114.1052631578948,1738.5789473684208,434.6447368421052,2328.6236842105263,0.07366859946476359,0.39468198037466545
3542,50.21052631578947,75.52631578947368,75.52631578947368,38.63157894736842,59.21052631578947,1054.421052631579,1586.0526315789473,396.5131578947368,2189.028947368421,0.06720561998215878,0.37102185548617306
3543,48.94736842105263,77.73684210526316,77.73684210526316,40.8421052631579,52.73684210526316,1027.8947368421052,1632.4736842105265,408.1184210526316,2155.5394736842104,0.06917261373773417,0.3653456735057984
3544,58.68421052631579,74.26315789473684,74.26315789473684,36.21052631578947,75.05263157894737,1232.3684210526314,1559.5263157894735,389.8815789473684,2484.9078947368416,0.06608162355040142,0.42117082961641383
3545,56.10526315789474,78.63157894736842,78.63157894736842,39.68421052631579,67.84210526315789,1178.2105263157896,1651.2631578947369,412.8157894736842,2415.7736842105264,0.06996877787689564,0.40945316681534344
3546,58.8421052631579,75.73684210526316,75.73684210526316,38.78947368421053,59.0,1235.6842105263158,1590.4736842105265,397.6184210526316,2498.2815789473684,0.06739295272078502,0.4234375557537913
3547,60.473684210526315,69.57894736842105,69.57894736842105,34.578947368421055,69.10526315789474,1269.9473684210527,1461.157894736842,365.2894736842105,2524.2,0.061913470115967886,0.42783050847457627
3548,52.94736842105263,79.05263157894737,79.05263157894737,39.473684210526315,59.421052631578945,1111.8947368421052,1660.1052631578948,415.0263157894737,2305.247368421052,0.07034344335414809,0.3907198929527207
3549,47.526315789473685,70.63157894736842,70.63157894736842,35.421052631578945,54.94736842105263,998.0526315789474,1483.2631578947369,370.8157894736842,2067.5052631578947,0.06285013380909903,0.35042462087421944
3550,54.31578947368421,76.73684210526316,76.73684210526316,37.0,64.73684210526316,1140.6315789473686,1611.4736842105265,402.8684210526316,2341.942105263158,0.0682827832292596,0.3969393398751115
3551,51.526315789473685,66.57894736842105,66.57894736842105,33.473684210526315,58.31578947368421,1082.0526315789473,1398.157894736842,349.5394736842105,2189.0289473684206,0.05924397859054416,0.371021855486173
3552,48.578947368421055,86.21052631578948,86.21052631578948,42.8421052631579,55.1578947368421,1020.1578947368422,1810.4210526315792,452.6052631578948,2186.8736842105263,0.0767127564674398,0.3706565566458519
3553,55.73684210526316,72.94736842105263,72.94736842105263,36.26315789473684,67.26315789473684,1170.4736842105262,1531.8947368421052,382.9736842105263,2372.778947368421,0.0649107939339875,0.4021659232827832
3554,49.578947368421055,73.21052631578948,73.21052631578948,36.26315789473684,53.78947368421053,1041.157894736842,1537.4210526315792,384.3552631578948,2154.323684210526,0.0651449598572703,0.36513960749330954
3555,51.89473684210526,71.89473684210526,71.89473684210526,35.68421052631579,55.05263157894737,1089.7894736842104,1509.7894736842104,377.4473684210526,2230.08947368421,0.06397413024085637,0.3779812667261373
3556,47.421052631578945,87.52631578947368,87.52631578947368,44.78947368421053,52.73684210526316,995.8421052631578,1838.0526315789473,459.5131578947368,2152.444736842105,0.07788358608385369,0.36482114183764497
3557,49.473684210526315,71.47368421052632,71.47368421052632,35.78947368421053,59.68421052631579,1038.9473684210527,1500.9473684210527,375.2368421052632,2141.447368421053,0.06359946476360392,0.36295718108831404
3558,52.68421052631579,74.21052631578948,74.21052631578948,36.73684210526316,58.421052631578945,1106.3684210526314,1558.4210526315792,389.6052631578948,2270.4315789473685,0.06603479036574487,0.38481891168599464
3559,42.578947368421055,84.05263157894737,84.05263157894737,41.94736842105263,50.63157894736842,894.1578947368422,1765.1052631578948,441.2763157894737,1961.3447368421055,0.07479259589652097,0.3324313113291704
3560,48.1578947368421,71.3157894736842,71.3157894736842,35.78947368421053,53.05263157894737,1011.3157894736842,1497.6315789473683,374.4078947368421,2093.644736842105,0.06345896520963425,0.35485504014272967
3561,59.10526315789474,71.10526315789474,71.10526315789474,34.8421052631579,71.26315789473684,1241.2105263157896,1493.2105263157896,373.3026315789474,2483.3605263157897,0.06327163247100803,0.4209085637823372
3562,53.421052631578945,67.84210526315789,67.84210526315789,33.73684210526316,54.578947368421055,1121.842105263158,1424.6842105263156,356.1710526315789,2263.302631578947,0.06036797502230151,0.38361061552185544
3563,51.578947368421055,78.21052631578948,78.21052631578948,39.421052631578945,61.63157894736842,1083.157894736842,1642.4210526315792,410.6052631578948,2251.9736842105262,0.06959411239964318,0.3816904549509367
3564,52.21052631578947,65.47368421052632,65.47368421052632,33.68421052631579,63.578947368421055,1096.421052631579,1374.9473684210527,343.7368421052632,2207.6526315789474,0.05826048171275647,0.37417841213202496
3565,52.31578947368421,64.0,64.0,31.526315789473685,60.1578947368421,1098.6315789473686,1344.0,336.0,2203.6736842105265,0.05694915254237288,0.3735040142729706
3566,60.31578947368421,72.21052631578948,72.21052631578948,35.73684210526316,60.73684210526316,1266.6315789473686,1516.4210526315792,379.1052631578948,2532.378947368421,0.06425512934879572,0.4292167707404103
3567,49.63157894736842,77.3157894736842,77.3157894736842,37.0,58.8421052631579,1042.2631578947369,1623.6315789473683,405.9078947368421,2177.7552631578947,0.0687979482604817,0.36911106155218554
3568,53.31578947368421,77.63157894736842,77.63157894736842,37.68421052631579,60.63157894736842,1119.6315789473686,1630.2631578947369,407.5657894736842,2310.939473684211,0.06907894736842106,0.3916846565566459
3569,54.68421052631579,72.57894736842105,72.57894736842105,37.10526315789474,61.26315789473684,1148.3684210526314,1524.157894736842,381.0394736842105,2333.265789473684,0.06458296164139161,0.3954687778768956
3570,58.94736842105263,67.42105263157895,67.42105263157895,33.0,75.36842105263158,1237.8947368421052,1415.842105263158,353.9605263157895,2458.3815789473683,0.05999330954504906,0.41667484388938447
3571,51.73684210526316,75.6842105263158,75.6842105263158,37.578947368421055,60.73684210526316,1086.4736842105262,1589.3684210526317,397.3421052631579,2244.3473684210526,0.06734611953612846,0.3803978590544157
3572,50.31578947368421,68.94736842105263,68.94736842105263,35.94736842105263,49.31578947368421,1056.6315789473686,1447.8947368421052,361.9736842105263,2158.2473684210527,0.0613514719000892,0.3658046387154327
3573,51.63157894736842,73.94736842105263,73.94736842105263,37.94736842105263,60.26315789473684,1084.2631578947369,1552.8947368421052,388.2236842105263,2231.471052631579,0.06580062444246208,0.37821543264942015
3574,44.473684210526315,88.21052631578948,88.21052631578948,43.526315789473685,52.10526315789474,933.9473684210526,1852.4210526315792,463.1052631578948,2050.815789473684,0.07849241748438895,0.3475958965209634
3575,50.26315789473684,75.3157894736842,75.3157894736842,37.73684210526316,60.68421052631579,1055.5263157894738,1581.6315789473683,395.4078947368421,2189.8026315789475,0.06701828724353255,0.3711529884032114
3576,50.63157894736842,75.63157894736842,75.63157894736842,37.36842105263158,61.36842105263158,1063.2631578947369,1588.2631578947369,397.0657894736842,2204.613157894737,0.06729928635147191,0.3736632471008029
3577,46.73684210526316,77.94736842105263,77.94736842105263,40.78947368421053,58.473684210526315,981.4736842105264,1636.8947368421052,409.2236842105263,2077.728947368421,0.06935994647636039,0.352157448706512
3578,51.26315789473684,75.15789473684211,75.15789473684211,38.31578947368421,54.578947368421055,1076.5263157894738,1578.3157894736844,394.5789473684211,2224.6736842105265,0.0668777876895629,0.3770633363068689
3579,54.31578947368421,81.47368421052632,81.47368421052632,41.473684210526315,61.78947368421053,1140.6315789473686,1710.9473684210527,427.7368421052632,2366.8105263157895,0.07249776984834969,0.40115432649420163
3580,56.94736842105263,82.47368421052632,82.47368421052632,40.78947368421053,62.73684210526316,1195.8947368421052,1731.9473684210527,432.9868421052632,2466.007894736842,0.07338760035682426,0.41796743978590545
3581,55.78947368421053,71.47368421052632,71.47368421052632,33.78947368421053,64.57894736842105,1171.578947368421,1500.9473684210527,375.2368421052632,2366.9210526315787,0.06359946476360392,0.40117305976806417
3582,49.526315789473685,77.89473684210526,77.89473684210526,38.526315789473685,57.0,1040.0526315789473,1635.7894736842104,408.9473684210526,2177.036842105263,0.06931311329170384,0.36898929527207847
3583,53.94736842105263,79.6842105263158,79.6842105263158,39.421052631578945,63.473684210526315,1132.8947368421052,1673.3684210526317,418.3421052631579,2344.2631578947367,0.07090544157002676,0.39733273862622653
3584,51.10526315789474,69.89473684210526,69.89473684210526,34.94736842105263,58.526315789473685,1073.2105263157896,1467.7894736842104,366.9473684210526,2191.4052631578948,0.06219446922390722,0.37142462087421946
3585,52.578947368421055,80.26315789473684,80.26315789473684,39.526315789473685,66.05263157894737,1104.157894736842,1685.5263157894735,421.3815789473684,2298.45,0.07142060660124888,0.38956779661016944
3586,50.578947368421055,70.84210526315789,70.84210526315789,35.473684210526315,59.21052631578947,1062.157894736842,1487.6842105263156,371.9210526315789,2177.58947368421,0.06303746654772524,0.36908296164139154
3587,49.36842105263158,80.52631578947368,80.52631578947368,40.1578947368421,57.78947368421053,1036.7368421052631,1691.0526315789473,422.7631578947368,2185.215789473684,0.07165477252453166,0.3703755575379125
3588,56.578947368421055,73.3157894736842,73.3157894736842,36.89473684210526,59.421052631578945,1188.157894736842,1539.6315789473683,384.9078947368421,2404.7763157894733,0.0652386262265834,0.4075892060660124
3589,55.578947368421055,71.0,71.0,34.78947368421053,66.63157894736842,1167.157894736842,1491.0,372.75,2356.9184210526314,0.06317796610169492,0.39947769848349685
3590,44.473684210526315,82.73684210526316,82.73684210526316,43.31578947368421,53.473684210526315,933.9473684210526,1737.4736842105265,434.3684210526316,2022.078947368421,0.07362176628010705,0.3427252453166815
3591,51.8421052631579,68.52631578947368,68.52631578947368,32.94736842105263,63.421052631578945,1088.6842105263158,1439.0526315789473,359.7631578947368,2210.5263157894738,0.060976806422836746,0.3746654772524532
3592,55.1578947368421,79.05263157894737,79.05263157894737,38.8421052631579,64.05263157894737,1158.3157894736842,1660.1052631578948,415.0263157894737,2384.1631578947367,0.07034344335414809,0.40409545049063333
3593,56.26315789473684,81.42105263157895,81.42105263157895,41.1578947368421,66.10526315789474,1181.5263157894738,1709.842105263158,427.4605263157895,2436.055263157895,0.07245093666369314,0.4128907225691347
3594,44.78947368421053,88.78947368421052,88.78947368421052,45.05263157894737,60.526315789473685,940.578947368421,1864.5789473684208,466.1447368421052,2065.128947368421,0.07900758251561105,0.35002185548617304
3595,51.36842105263158,82.73684210526316,82.73684210526316,41.8421052631579,59.421052631578945,1078.7368421052631,1737.4736842105265,434.3684210526316,2268.221052631579,0.07362176628010705,0.3844442462087422
3596,49.578947368421055,92.36842105263158,92.36842105263158,47.421052631578945,52.421052631578945,1041.157894736842,1939.7368421052631,484.9342105263158,2254.9026315789474,0.08219223907225691,0.38218688670829615
3597,46.473684210526315,85.3157894736842,85.3157894736842,43.0,51.94736842105263,975.9473684210526,1791.6315789473683,447.9078947368421,2107.0184210526313,0.07591659232827831,0.357121766280107
3598,53.526315789473685,73.52631578947368,73.52631578947368,35.89473684210526,61.89473684210526,1124.0526315789473,1544.0526315789473,386.0131578947368,2296.902631578947,0.06542595896520963,0.3893055307760927
3599,50.36842105263158,70.15789473684211,70.15789473684211,34.73684210526316,52.94736842105263,1057.7368421052631,1473.3157894736844,368.3289473684211,2166.4815789473682,0.06242863514719001,0.367200267618198
3600,50.0,75.47368421052632,75.47368421052632,39.578947368421055,51.526315789473685,1050.0,1584.9473684210527,396.2368421052632,2181.2368421052633,0.06715878679750223,0.3697011596788582
3601,46.68421052631579,71.05263157894737,71.05263157894737,36.578947368421055,53.421052631578945,980.3684210526316,1492.1052631578948,373.0263157894737,2039.6526315789474,0.06322479928635147,0.3457038358608385
3602,49.73684210526316,79.15789473684211,79.15789473684211,40.21052631578947,56.94736842105263,1044.4736842105262,1662.3157894736844,415.5789473684211,2191.184210526316,0.0704371097234612,0.3713871543264942
3603,50.31578947368421,75.0,75.0,37.1578947368421,55.36842105263158,1056.6315789473686,1575.0,393.75,2190.0236842105264,0.06673728813559322,0.37119045495093667
3604,59.0,78.05263157894737,78.05263157894737,38.26315789473684,62.0,1239.0,1639.1052631578948,409.7763157894737,2516.0763157894735,0.06945361284567352,0.42645361284567346
3605,53.68421052631579,75.73684210526316,75.73684210526316,38.31578947368421,62.8421052631579,1127.3684210526314,1590.4736842105265,397.6184210526316,2314.144736842105,0.06739295272078502,0.39222792149866187
3606,51.0,71.05263157894737,71.05263157894737,36.26315789473684,59.21052631578947,1071.0,1492.1052631578948,373.0263157894737,2193.7263157894736,0.06322479928635147,0.3718180196253345
3607,45.8421052631579,85.3157894736842,85.3157894736842,43.94736842105263,55.8421052631579,962.6842105263158,1791.6315789473683,447.9078947368421,2084.471052631579,0.07591659232827831,0.353300178412132
3608,50.31578947368421,74.0,74.0,38.0,58.05263157894737,1056.6315789473686,1554.0,388.5,2184.7736842105264,0.06584745762711865,0.3703006244424621
3609,59.1578947368421,74.52631578947368,74.52631578947368,38.26315789473684,62.1578947368421,1242.3157894736842,1565.0526315789473,391.2631578947368,2503.2,0.0663157894736842,0.42427118644067796
3610,54.8421052631579,79.21052631578948,79.21052631578948,38.8421052631579,68.21052631578948,1151.6842105263158,1663.4210526315792,415.8552631578948,2373.7184210526316,0.07048394290811776,0.40232515611061553
3611,48.21052631578947,77.42105263157895,77.42105263157895,40.0,60.10526315789474,1012.421052631579,1625.842105263158,406.4605263157895,2127.5763157894735,0.06889161462979483,0.3606061552185548
3612,55.31578947368421,73.3157894736842,73.3157894736842,37.68421052631579,59.89473684210526,1161.6315789473686,1539.6315789473683,384.9078947368421,2359.6815789473685,0.0652386262265834,0.3999460303300625
3613,46.73684210526316,81.73684210526316,81.73684210526316,41.89473684210526,57.36842105263158,981.4736842105264,1716.4736842105265,429.1184210526316,2097.6236842105263,0.07273193577163248,0.3555294380017841
3614,55.473684210526315,67.05263157894737,67.05263157894737,33.8421052631579,63.21052631578947,1164.9473684210527,1408.1052631578948,352.0263157894737,2332.436842105263,0.05966547725245317,0.39532827832292594
3615,47.8421052631579,83.05263157894737,83.05263157894737,42.10526315789474,55.578947368421055,1004.6842105263158,1744.1052631578948,436.0263157894737,2143.9894736842107,0.0739027653880464,0.36338804638715433
3616,53.8421052631579,77.73684210526316,77.73684210526316,38.63157894736842,57.526315789473685,1130.6842105263158,1632.4736842105265,408.1184210526316,2330.2815789473684,0.06917261373773417,0.39496297948260484
3617,49.578947368421055,82.21052631578948,82.21052631578948,40.31578947368421,64.94736842105263,1041.157894736842,1726.4210526315792,431.6052631578948,2201.573684210526,0.0731534344335415,0.3731480820695807
3618,53.68421052631579,83.0,83.0,41.578947368421055,68.57894736842105,1127.3684210526314,1743.0,435.75,2352.2763157894733,0.07385593220338983,0.39869090098126664
3619,45.10526315789474,76.3157894736842,76.3157894736842,38.78947368421053,55.10526315789474,947.2105263157896,1602.6315789473683,400.6578947368421,2010.9157894736843,0.06790811775200713,0.34083318465655665
3620,52.578947368421055,79.89473684210526,79.89473684210526,41.10526315789474,59.578947368421055,1104.157894736842,1677.7894736842104,419.4473684210526,2296.515789473684,0.07109277430865299,0.3892399643175736
3621,55.89473684210526,65.21052631578948,65.21052631578948,30.36842105263158,71.42105263157895,1173.7894736842104,1369.4210526315792,342.3552631578948,2337.7973684210524,0.0580263157894737,0.3962368421052631
3622,48.05263157894737,83.42105263157895,83.42105263157895,43.26315789473684,57.36842105263158,1009.1052631578948,1751.842105263158,437.9605263157895,2153.4394736842105,0.07423059768064229,0.3649897413024086
3623,51.73684210526316,74.26315789473684,74.26315789473684,37.421052631578945,56.36842105263158,1086.4736842105262,1559.5263157894735,389.8815789473684,2236.886842105263,0.06608162355040142,0.37913336306868867
3624,51.31578947368421,70.05263157894737,70.05263157894737,35.05263157894737,59.26315789473684,1077.6315789473686,1471.1052631578948,367.7763157894737,2199.75,0.0623349687778769,0.37283898305084745
3625,53.21052631578947,74.63157894736842,74.63157894736842,38.10526315789474,56.36842105263158,1117.421052631579,1567.2631578947369,391.8157894736842,2291.4315789473685,0.06640945584299733,0.38837823371989294
3626,51.73684210526316,69.47368421052632,69.47368421052632,35.21052631578947,58.1578947368421,1086.4736842105262,1458.9473684210527,364.7368421052632,2211.742105263158,0.06181980374665478,0.37487154326494204
3627,56.63157894736842,69.63157894736842,69.63157894736842,33.473684210526315,65.52631578947368,1189.2631578947369,1462.2631578947369,365.5657894736842,2387.313157894737,0.06196030330062444,0.4046293487957181
3628,51.1578947368421,93.0,93.0,47.421052631578945,59.421052631578945,1074.3157894736842,1953.0,488.25,2314.586842105263,0.0827542372881356,0.39230285459411235
3629,46.68421052631579,78.63157894736842,78.63157894736842,41.36842105263158,50.73684210526316,980.3684210526316,1651.2631578947369,412.8157894736842,2079.442105263158,0.06996877787689564,0.3524478144513827
3630,53.10526315789474,76.05263157894737,76.05263157894737,36.78947368421053,60.8421052631579,1115.2105263157896,1597.1052631578948,399.2763157894737,2295.134210526316,0.06767395182872435,0.3890057983942909
3631,50.526315789473685,71.47368421052632,71.47368421052632,35.63157894736842,60.10526315789474,1061.0526315789473,1500.9473684210527,375.2368421052632,2179.0263157894738,0.06359946476360392,0.36932649420160574
3632,53.73684210526316,74.89473684210526,74.89473684210526,38.421052631578945,69.10526315789474,1128.4736842105262,1572.7894736842104,393.1973684210526,2311.6026315789472,0.0666436217662801,0.3917970561998216
3633,51.1578947368421,74.78947368421052,74.78947368421052,36.68421052631579,55.526315789473685,1074.3157894736842,1570.5789473684208,392.6447368421052,2218.9815789473682,0.06654995539696698,0.3760985727029438
3634,56.05263157894737,74.6842105263158,74.6842105263158,38.68421052631579,62.73684210526316,1177.1052631578948,1568.3684210526317,392.0921052631579,2393.171052631579,0.06645628902765388,0.40562221231043716
3635,51.21052631578947,87.36842105263158,87.36842105263158,43.8421052631579,67.6842105263158,1075.421052631579,1834.7368421052631,458.6842105263158,2286.9,0.07774308652988403,0.38761016949152544
3636,57.0,74.94736842105263,74.94736842105263,37.05263157894737,66.57894736842105,1197.0,1573.8947368421052,393.4736842105263,2428.3736842105263,0.06669045495093666,0.41158876003568245
3637,58.1578947368421,68.0,68.0,33.36842105263158,63.63157894736842,1221.3157894736842,1428.0,357.0,2433.236842105263,0.06050847457627118,0.4124130240856378
3638,52.578947368421055,89.21052631578948,89.21052631578948,45.31578947368421,66.42105263157895,1104.157894736842,1873.4210526315792,468.3552631578948,2345.4236842105265,0.07938224799286353,0.39752943800178414
3639,55.473684210526315,78.21052631578948,78.21052631578948,40.73684210526316,61.26315789473684,1164.9473684210527,1642.4210526315792,410.6052631578948,2391.0157894736844,0.06959411239964318,0.405256913470116
3640,55.21052631578947,75.63157894736842,75.63157894736842,38.421052631578945,62.421052631578945,1159.421052631579,1588.2631578947369,397.0657894736842,2368.0815789473686,0.06729928635147191,0.4013697591436218
3641,47.63157894736842,75.78947368421052,75.78947368421052,39.26315789473684,57.26315789473684,1000.2631578947368,1591.5789473684208,397.8947368421052,2098.3421052631575,0.06743978590544156,0.3556512042818911
3642,57.21052631578947,71.42105263157895,71.42105263157895,34.78947368421053,56.94736842105263,1201.421052631579,1499.842105263158,374.9605263157895,2417.3763157894737,0.06355263157894737,0.40972479928635147
3643,45.1578947368421,78.73684210526316,78.73684210526316,40.78947368421053,58.73684210526316,948.3157894736842,1653.4736842105265,413.3684210526316,2025.5052631578947,0.07006244424620875,0.34330597680642283
3644,54.578947368421055,71.15789473684211,71.15789473684211,37.26315789473684,61.10526315789474,1146.157894736842,1494.3157894736844,373.5789473684211,2322.047368421053,0.0633184656556646,0.3935673505798395
3645,50.78947368421053,71.94736842105263,71.94736842105263,35.26315789473684,66.57894736842105,1066.578947368421,1510.8947368421052,377.7236842105263,2190.907894736842,0.06402096342551293,0.3713403211418376
3646,49.578947368421055,81.0,81.0,39.73684210526316,57.473684210526315,1041.157894736842,1701.0,425.25,2195.2184210526316,0.07207627118644068,0.37207091882247995
3647,52.73684210526316,79.84210526315789,79.84210526315789,40.94736842105263,64.57894736842105,1107.4736842105262,1676.6842105263156,419.1710526315789,2301.876315789473,0.07104594112399643,0.39014852809991074
3648,54.63157894736842,69.63157894736842,69.63157894736842,33.421052631578945,63.0,1147.2631578947369,1462.2631578947369,365.5657894736842,2315.9131578947367,0.06196030330062444,0.39252765388046384
3649,54.94736842105263,87.36842105263158,87.36842105263158,43.421052631578945,65.73684210526316,1153.8947368421052,1834.7368421052631,458.6842105263158,2420.3052631578944,0.07774308652988403,0.4102212310437109
3650,52.36842105263158,74.84210526315789,74.84210526315789,38.578947368421055,58.1578947368421,1099.7368421052631,1571.6842105263156,392.9210526315789,2262.4736842105262,0.06659678858162354,0.3834701159678858
3651,56.21052631578947,68.94736842105263,68.94736842105263,34.05263157894737,65.73684210526316,1180.421052631579,1447.8947368421052,361.9736842105263,2368.6894736842105,0.0613514719000892,0.4014727921498662
3652,55.578947368421055,77.84210526315789,77.84210526315789,38.1578947368421,61.73684210526316,1167.157894736842,1634.6842105263156,408.6710526315789,2392.83947368421,0.06926628010704727,0.40556601248884916
3653,50.31578947368421,76.63157894736842,76.63157894736842,39.10526315789474,54.26315789473684,1056.6315789473686,1609.2631578947369,402.3157894736842,2198.5894736842106,0.06818911685994648,0.37264228367528995
3654,48.89473684210526,84.05263157894737,84.05263157894737,42.36842105263158,49.8421052631579,1026.7894736842104,1765.1052631578948,441.2763157894737,2186.8184210526315,0.07479259589652097,0.3706471900089206
3655,49.78947368421053,82.73684210526316,82.73684210526316,42.78947368421053,54.31578947368421,1045.578947368421,1737.4736842105265,434.3684210526316,2211.8526315789472,0.07362176628010705,0.37489027653880463
3656,49.78947368421053,83.10526315789474,83.10526315789474,41.8421052631579,53.68421052631579,1045.578947368421,1745.2105263157896,436.3026315789474,2213.786842105263,0.07394959857270295,0.3752181088314005
3657,54.578947368421055,77.84210526315789,77.84210526315789,38.578947368421055,64.6842105263158,1146.157894736842,1634.6842105263156,408.6710526315789,2357.1394736842103,0.06926628010704727,0.3995151650312221
3658,56.94736842105263,70.57894736842105,70.57894736842105,35.0,71.21052631578948,1195.8947368421052,1482.157894736842,370.5394736842105,2403.5605263157895,0.06280330062444246,0.40738314005352366
3659,58.1578947368421,79.0,79.0,39.473684210526315,67.36842105263158,1221.3157894736842,1659.0,414.75,2490.986842105263,0.07029661016949153,0.42220115967885813
3660,63.68421052631579,66.0,66.0,32.10526315789474,73.57894736842105,1337.3684210526314,1386.0,346.5,2620.0263157894733,0.05872881355932203,0.4440722569134701
3661,54.94736842105263,66.05263157894737,66.05263157894737,33.526315789473685,58.78947368421053,1153.8947368421052,1387.1052631578948,346.7763157894737,2308.3973684210523,0.058775646743978595,0.39125379125780546
3662,49.78947368421053,86.73684210526316,86.73684210526316,43.10526315789474,58.73684210526316,1045.578947368421,1821.4736842105265,455.3684210526316,2232.8526315789472,0.07718108831400536,0.37844959857270294
3663,53.78947368421053,72.73684210526316,72.73684210526316,37.1578947368421,59.10526315789474,1129.578947368421,1527.4736842105265,381.8684210526316,2302.1526315789474,0.06472346119536129,0.39019536128456733
3664,51.421052631578945,72.10526315789474,72.10526315789474,36.63157894736842,56.10526315789474,1079.842105263158,1514.2105263157896,378.5526315789474,2214.2842105263157,0.06416146297948261,0.37530240856378233
3665,52.578947368421055,60.36842105263158,60.36842105263158,30.105263157894736,58.8421052631579,1104.157894736842,1267.7368421052631,316.9342105263158,2194.0026315789473,0.05371766280107047,0.3718648528099911
3666,45.73684210526316,77.36842105263158,77.36842105263158,39.78947368421053,54.26315789473684,960.4736842105264,1624.7368421052631,406.1842105263158,2038.9894736842107,0.06884478144513827,0.3455914362176628
3667,50.78947368421053,77.21052631578948,77.21052631578948,37.63157894736842,61.68421052631579,1066.578947368421,1621.4210526315792,405.3552631578948,2218.5394736842104,0.0687042818911686,0.3760236396074933
3668,54.94736842105263,79.05263157894737,79.05263157894737,40.63157894736842,63.26315789473684,1153.8947368421052,1660.1052631578948,415.0263157894737,2376.6473684210523,0.07034344335414809,0.40282158786797495
3669,56.78947368421053,74.94736842105263,74.94736842105263,37.73684210526316,68.94736842105263,1192.578947368421,1573.8947368421052,393.4736842105263,2420.857894736842,0.06669045495093666,0.41031489741302407
3670,53.89473684210526,78.42105263157895,78.42105263157895,37.526315789473685,66.89473684210526,1131.7894736842104,1646.842105263158,411.7105263157895,2335.7526315789473,0.06978144513826941,0.39589027653880465
3671,53.0,72.84210526315789,72.84210526315789,37.36842105263158,56.578947368421055,1113.0,1529.6842105263156,382.4210526315789,2274.5210526315786,0.06481712756467439,0.38551204281891166
3672,52.78947368421053,81.05263157894737,81.05263157894737,40.89473684210526,56.526315789473685,1108.578947368421,1702.1052631578948,425.5263157894737,2310.1105263157892,0.07212310437109724,0.39154415700267614
3673,46.31578947368421,74.15789473684211,74.15789473684211,36.421052631578945,51.78947368421053,972.6315789473684,1557.3157894736844,389.3289473684211,2042.8026315789473,0.06598795718108832,0.3462377341659233
3674,57.1578947368421,80.57894736842105,80.57894736842105,39.8421052631579,69.0,1200.3157894736842,1692.157894736842,423.0394736842105,2463.5763157894735,0.07170160570918822,0.4175553077609277
3675,55.8421052631579,75.84210526315789,75.84210526315789,37.78947368421053,64.84210526315789,1172.6842105263158,1592.6842105263156,398.1710526315789,2391.7342105263156,0.06748661909009812,0.40537867975022296
3676,54.63157894736842,69.94736842105263,69.94736842105263,34.63157894736842,65.78947368421052,1147.2631578947369,1468.8947368421052,367.2236842105263,2317.571052631579,0.06224130240856378,0.3928086529884032
3677,52.10526315789474,73.26315789473684,73.26315789473684,36.94736842105263,59.89473684210526,1094.2105263157896,1538.5263157894735,384.6315789473684,2244.789473684211,0.06519179304192685,0.38047279214986623
3678,59.05263157894737,67.3157894736842,67.3157894736842,33.68421052631579,72.63157894736842,1240.1052631578948,1413.6315789473683,353.4078947368421,2461.5868421052633,0.05989964317573595,0.41721810883140054
3679,53.26315789473684,70.57894736842105,70.57894736842105,36.526315789473685,59.05263157894737,1118.5263157894738,1482.157894736842,370.5394736842105,2272.0342105263157,0.06280330062444246,0.38509054415700267
3680,50.0,73.78947368421052,73.78947368421052,36.526315789473685,55.36842105263158,1050.0,1549.5789473684208,387.3947368421052,2172.394736842105,0.0656601248884924,0.3682024977698483
3681,54.21052631578947,73.42105263157895,73.42105263157895,34.31578947368421,57.578947368421055,1138.421052631579,1541.842105263158,385.4605263157895,2320.7763157894738,0.06533229259589653,0.3933519179304193
3682,56.0,74.6842105263158,74.6842105263158,37.26315789473684,68.73684210526316,1176.0,1568.3684210526317,392.0921052631579,2391.292105263158,0.06645628902765388,0.4053037466547726
3683,59.63157894736842,65.0,65.0,30.57894736842105,72.78947368421052,1252.2631578947369,1365.0,341.25,2470.0973684210526,0.057838983050847455,0.41866057091882247
3684,52.94736842105263,72.78947368421052,72.78947368421052,36.78947368421053,66.21052631578948,1111.8947368421052,1528.5789473684208,382.1447368421052,2272.365789473684,0.06477029438001783,0.3851467439785905
3685,58.78947368421053,75.78947368421052,75.78947368421052,35.78947368421053,74.26315789473684,1234.578947368421,1591.5789473684208,397.8947368421052,2496.678947368421,0.06743978590544156,0.42316592328278324
3686,51.0,74.63157894736842,74.63157894736842,38.26315789473684,54.0,1071.0,1567.2631578947369,391.8157894736842,2212.5157894736844,0.06640945584299733,0.3750026761819804
3687,49.421052631578945,71.84210526315789,71.84210526315789,35.421052631578945,62.78947368421053,1037.842105263158,1508.6842105263156,377.1710526315789,2141.5026315789473,0.06392729705619982,0.36296654772524534
3688,49.73684210526316,75.57894736842105,75.57894736842105,37.68421052631579,59.89473684210526,1044.4736842105262,1587.157894736842,396.7894736842105,2172.394736842105,0.06725245316681534,0.3682024977698483
3689,50.1578947368421,89.84210526315789,89.84210526315789,45.31578947368421,59.10526315789474,1053.3157894736842,1886.6842105263156,471.6710526315789,2262.3078947368417,0.07994424620874219,0.38344201605709183
3690,50.10526315789474,67.05263157894737,67.05263157894737,33.10526315789474,55.73684210526316,1052.2105263157896,1408.1052631578948,352.0263157894737,2140.7842105263157,0.05966547725245317,0.36284478144513826
3691,51.94736842105263,81.47368421052632,81.47368421052632,40.578947368421055,54.0,1090.8947368421052,1710.9473684210527,427.7368421052632,2282.257894736842,0.07249776984834969,0.38682337198929523
3692,49.63157894736842,76.6842105263158,76.6842105263158,38.8421052631579,57.0,1042.2631578947369,1610.3684210526317,402.5921052631579,2174.4394736842105,0.06823595004460303,0.3685490633363069
3693,53.0,73.84210526315789,73.84210526315789,34.78947368421053,59.68421052631579,1113.0,1550.6842105263156,387.6710526315789,2279.7710526315786,0.06570695807314897,0.38640187332738624
3694,44.10526315789474,75.0,75.0,38.421052631578945,48.73684210526316,926.2105263157896,1575.0,393.75,1968.3078947368422,0.06673728813559322,0.3336115075825156
3695,42.78947368421053,83.57894736842105,83.57894736842105,42.63157894736842,51.89473684210526,898.578947368421,1755.157894736842,438.7894736842105,1966.3736842105263,0.07437109723461195,0.3332836752899197
3696,49.578947368421055,72.15789473684211,72.15789473684211,36.10526315789474,60.73684210526316,1041.157894736842,1515.3157894736844,378.8289473684211,2148.797368421053,0.06420829616413917,0.3642029438001784
3697,47.31578947368421,83.73684210526316,83.73684210526316,43.1578947368421,55.1578947368421,993.6315789473684,1758.4736842105265,439.6184210526316,2128.7921052631577,0.07451159678858163,0.3608122212310437
3698,47.36842105263158,93.36842105263158,93.36842105263158,47.26315789473684,52.21052631578947,994.7368421052632,1960.7368421052631,490.1842105263158,2181.2368421052633,0.08308206958073149,0.3697011596788582
3699,50.05263157894737,83.89473684210526,83.89473684210526,40.73684210526316,60.89473684210526,1051.1052631578948,1761.7894736842104,440.4473684210526,2227.3263157894735,0.0746520963425513,0.37751293487957177
3700,54.10526315789474,57.8421052631579,57.8421052631579,28.842105263157894,57.421052631578945,1136.2105263157896,1214.6842105263158,303.67105263157896,2235.2289473684214,0.05146966993755576,0.3788523639607494
3701,54.31578947368421,76.47368421052632,76.47368421052632,37.26315789473684,66.6842105263158,1140.6315789473686,1605.9473684210527,401.4868421052632,2340.5605263157895,0.0680486173059768,0.39670517395182875
3702,48.89473684210526,80.0,80.0,40.26315789473684,50.63157894736842,1026.7894736842104,1680.0,420.0,2165.5421052631577,0.0711864406779661,0.3670410347903657
3703,53.421052631578945,76.6842105263158,76.6842105263158,38.68421052631579,64.05263157894737,1121.842105263158,1610.3684210526317,402.5921052631579,2309.7236842105262,0.06823595004460303,0.391478590544157
3704,43.89473684210526,80.0,80.0,40.78947368421053,54.94736842105263,921.7894736842104,1680.0,420.0,1987.0421052631577,0.0711864406779661,0.3367867975022301
3705,53.473684210526315,81.10526315789474,81.10526315789474,40.05263157894737,61.68421052631579,1122.9473684210527,1703.2105263157896,425.8026315789474,2334.813157894737,0.0721699375557538,0.39573104371097234
3706,52.526315789473685,75.84210526315789,75.84210526315789,36.89473684210526,61.36842105263158,1103.0526315789473,1592.6842105263156,398.1710526315789,2273.3605263157892,0.06748661909009812,0.3853153434433541
3707,58.578947368421055,70.57894736842105,70.57894736842105,36.31578947368421,68.84210526315789,1230.157894736842,1482.157894736842,370.5394736842105,2461.8078947368417,0.06280330062444246,0.4172555753791257
3708,55.89473684210526,70.78947368421052,70.78947368421052,35.8421052631579,69.52631578947368,1173.7894736842104,1486.5789473684208,371.6447368421052,2367.086842105263,0.06299063336306868,0.4012011596788581
3709,49.10526315789474,82.84210526315789,82.84210526315789,42.36842105263158,53.31578947368421,1031.2105263157896,1739.6842105263156,434.9210526315789,2187.978947368421,0.07371543264942015,0.3708438893844781
3710,50.1578947368421,74.3157894736842,74.3157894736842,37.21052631578947,57.89473684210526,1053.3157894736842,1560.6315789473683,390.1578947368421,2180.794736842105,0.06612845673505797,0.36962622658340766
3711,58.526315789473685,76.42105263157895,76.42105263157895,35.78947368421053,69.57894736842105,1229.0526315789473,1604.842105263158,401.2105263157895,2490.6,0.06800178412132026,0.42213559322033894
3712,49.1578947368421,74.21052631578948,74.21052631578948,38.31578947368421,64.52631578947368,1032.3157894736842,1558.4210526315792,389.6052631578948,2144.5421052631577,0.06603479036574487,0.3634817127564674
3713,51.473684210526315,86.15789473684211,86.15789473684211,43.05263157894737,62.21052631578947,1080.9473684210527,1809.3157894736844,452.3289473684211,2289.9394736842105,0.07666592328278324,0.38812533452274756
3714,44.94736842105263,84.42105263157895,84.42105263157895,42.0,54.68421052631579,943.8947368421052,1772.842105263158,443.2105263157895,2047.8315789473681,0.07512042818911686,0.3470900981266726
3715,52.473684210526315,77.15789473684211,77.15789473684211,39.421052631578945,57.63157894736842,1101.9473684210527,1620.3157894736844,405.0789473684211,2278.3894736842108,0.06865744870651205,0.3861677074041035
3716,50.473684210526315,72.21052631578948,72.21052631578948,35.10526315789474,52.26315789473684,1059.9473684210527,1516.4210526315792,379.1052631578948,2181.0157894736844,0.06425512934879572,0.36966369313113295
3717,46.1578947368421,83.36842105263158,83.36842105263158,43.421052631578945,48.36842105263158,969.3157894736842,1750.7368421052631,437.6842105263158,2085.5210526315786,0.07418376449598572,0.35347814451382686
3718,58.578947368421055,76.42105263157895,76.42105263157895,36.63157894736842,72.42105263157895,1230.157894736842,1604.842105263158,401.2105263157895,2492.478947368421,0.06800178412132026,0.42245405887600357
3719,45.526315789473685,82.26315789473684,82.26315789473684,42.26315789473684,50.89473684210526,956.0526315789474,1727.5263157894735,431.8815789473684,2057.171052631579,0.07320026761819803,0.3486730597680643
3720,50.21052631578947,83.6842105263158,83.6842105263158,42.8421052631579,55.1578947368421,1054.421052631579,1757.3684210526317,439.3421052631579,2231.8578947368424,0.07446476360392507,0.3782809991079394
3721,47.8421052631579,73.94736842105263,73.94736842105263,37.10526315789474,54.36842105263158,1004.6842105263158,1552.8947368421052,388.2236842105263,2096.186842105263,0.06580062444246208,0.35528590544157
3722,50.73684210526316,80.63157894736842,80.63157894736842,39.78947368421053,64.47368421052632,1065.4736842105262,1693.2631578947369,423.3157894736842,2234.621052631579,0.07174843889384479,0.3787493309545049
3723,52.89473684210526,69.21052631578948,69.21052631578948,34.36842105263158,63.63157894736842,1110.7894736842104,1453.4210526315792,363.3552631578948,2251.6973684210525,0.061585637823372,0.3816436217662801
3724,42.8421052631579,82.89473684210526,82.89473684210526,42.63157894736842,52.94736842105263,899.6842105263158,1740.7894736842104,435.1973684210526,1964.6605263157894,0.07376226583407672,0.3329933095450491
3725,45.8421052631579,83.36842105263158,83.36842105263158,41.526315789473685,60.73684210526316,962.6842105263158,1750.7368421052631,437.6842105263158,2074.2473684210527,0.07418376449598572,0.35156735057983945
3726,58.89473684210526,75.6842105263158,75.6842105263158,36.68421052631579,70.84210526315789,1236.7894736842104,1589.3684210526317,397.3421052631579,2499.8842105263157,0.06734611953612846,0.42370918822479925
3727,44.8421052631579,84.26315789473684,84.26315789473684,42.26315789473684,52.578947368421055,941.6842105263158,1769.5263157894735,442.3815789473684,2043.244736842105,0.07497992863514719,0.3463126672613738
3728,58.526315789473685,72.73684210526316,72.73684210526316,36.36842105263158,77.26315789473684,1229.0526315789473,1527.4736842105265,381.8684210526316,2471.257894736842,0.06472346119536129,0.41885727029438
3729,47.73684210526316,70.10526315789474,70.10526315789474,34.8421052631579,49.8421052631579,1002.4736842105264,1472.2105263157896,368.0526315789474,2072.257894736842,0.062381801962533456,0.3512301516503122
3730,55.36842105263158,65.42105263157895,65.42105263157895,33.05263157894737,63.78947368421053,1162.7368421052631,1373.842105263158,343.4605263157895,2320.1131578947366,0.05821364852809991,0.39323951828724346
3731,57.421052631578945,76.10526315789474,76.10526315789474,37.89473684210526,65.42105263157895,1205.842105263158,1598.2105263157896,399.5526315789474,2449.484210526316,0.06772078501338091,0.4151668153434434
3732,50.8421052631579,83.42105263157895,83.42105263157895,42.1578947368421,61.26315789473684,1067.6842105263158,1751.842105263158,437.9605263157895,2253.0236842105264,0.07423059768064229,0.3818684210526316
3733,47.21052631578947,73.15789473684211,73.15789473684211,36.63157894736842,52.63157894736842,991.421052631579,1536.3157894736844,384.0789473684211,2069.4947368421053,0.06509812667261375,0.35076181980374666
3734,49.68421052631579,69.21052631578948,69.21052631578948,34.78947368421053,56.1578947368421,1043.3684210526314,1453.4210526315792,363.3552631578948,2137.081578947368,0.061585637823372,0.36221721677074037
3735,55.63157894736842,74.52631578947368,74.52631578947368,37.473684210526315,63.68421052631579,1168.2631578947369,1565.0526315789473,391.2631578947368,2377.3105263157895,0.0663157894736842,0.4029339875111508
3736,58.21052631578947,83.15789473684211,83.15789473684211,41.36842105263158,67.36842105263158,1222.421052631579,1746.3157894736844,436.5789473684211,2514.6947368421056,0.07399643175735951,0.4262194469223908
3737,51.10526315789474,74.15789473684211,74.15789473684211,37.68421052631579,51.73684210526316,1073.2105263157896,1557.3157894736844,389.3289473684211,2213.7868421052635,0.06598795718108832,0.3752181088314006
3738,47.473684210526315,71.47368421052632,71.47368421052632,35.63157894736842,57.21052631578947,996.9473684210526,1500.9473684210527,375.2368421052632,2070.0473684210524,0.06359946476360392,0.3508554861730597
3739,49.1578947368421,75.0,75.0,37.36842105263158,61.10526315789474,1032.3157894736842,1575.0,393.75,2148.686842105263,0.06673728813559322,0.3641842105263158
3740,55.526315789473685,80.57894736842105,80.57894736842105,40.1578947368421,65.26315789473684,1166.0526315789473,1692.157894736842,423.0394736842105,2405.328947368421,0.07170160570918822,0.4076828724353256
3741,49.36842105263158,68.6842105263158,68.6842105263158,34.78947368421053,61.31578947368421,1036.7368421052631,1442.3684210526317,360.5921052631579,2123.044736842105,0.061117305976806424,0.3598380909901873
3742,46.31578947368421,80.05263157894737,80.05263157894737,41.421052631578945,54.68421052631579,972.6315789473684,1681.1052631578948,420.2763157894737,2073.75,0.07123327386262267,0.3514830508474576
3743,63.89473684210526,75.52631578947368,75.52631578947368,35.94736842105263,71.63157894736842,1341.7894736842104,1586.0526315789473,396.5131578947368,2677.5552631578944,0.06720561998215878,0.4538229259589652
3744,55.26315789473684,87.94736842105263,87.94736842105263,43.1578947368421,69.26315789473684,1160.5263157894738,1846.8947368421052,461.7236842105263,2434.6184210526317,0.07825825156110615,0.41264719000892064
3745,52.1578947368421,68.42105263157895,68.42105263157895,36.26315789473684,50.63157894736842,1095.3157894736842,1436.842105263158,359.2105263157895,2221.2473684210527,0.06088314005352364,0.3764826048171276
3746,53.1578947368421,79.47368421052632,79.47368421052632,38.89473684210526,61.94736842105263,1116.3157894736842,1668.9473684210527,417.2368421052632,2314.9736842105262,0.07071810883140053,0.3923684210526316
3747,59.21052631578947,72.3157894736842,72.3157894736842,36.1578947368421,64.63157894736842,1243.421052631579,1518.6315789473683,379.6578947368421,2493.4736842105262,0.06434879571810882,0.4226226583407672
3748,49.10526315789474,78.10526315789474,78.10526315789474,37.8421052631579,63.1578947368421,1031.2105263157896,1640.2105263157896,410.0526315789474,2163.1105263157897,0.06950044603033007,0.36662890276538806
3749,51.26315789473684,81.47368421052632,81.47368421052632,42.421052631578945,51.36842105263158,1076.5263157894738,1710.9473684210527,427.7368421052632,2257.8315789473686,0.07249776984834969,0.3826833184656557
3750,50.31578947368421,80.78947368421052,80.78947368421052,39.89473684210526,60.36842105263158,1056.6315789473686,1696.5789473684208,424.1447368421052,2220.418421052632,0.07188893844781444,0.3763421052631579
3751,53.68421052631579,70.78947368421052,70.78947368421052,36.73684210526316,62.473684210526315,1127.3684210526314,1486.5789473684208,371.6447368421052,2288.1710526315783,0.06299063336306868,0.38782560214094547
3752,50.63157894736842,79.3157894736842,79.3157894736842,41.1578947368421,58.473684210526315,1063.2631578947369,1665.6315789473683,416.4078947368421,2223.9552631578945,0.07057760927743086,0.37694157002676176
3753,60.578947368421055,71.26315789473684,71.26315789473684,34.73684210526316,75.94736842105263,1272.157894736842,1496.5263157894735,374.1315789473684,2536.7999999999997,0.0634121320249777,0.4299661016949152
3754,53.26315789473684,74.0,74.0,35.89473684210526,55.31578947368421,1118.5263157894738,1554.0,388.5,2289.9947368421053,0.06584745762711865,0.38813470115967885
3755,55.89473684210526,73.21052631578948,73.21052631578948,34.78947368421053,68.3157894736842,1173.7894736842104,1537.4210526315792,384.3552631578948,2379.7973684210524,0.0651449598572703,0.4033554861730597
3756,51.05263157894737,77.78947368421052,77.78947368421052,38.473684210526315,65.36842105263158,1072.1052631578948,1633.5789473684208,408.3947368421052,2230.9736842105262,0.06921944692239071,0.37813113291703837
3757,57.0,69.0,69.0,32.68421052631579,68.26315789473684,1197.0,1449.0,362.25,2397.1499999999996,0.06139830508474576,0.4062966101694915
3758,50.36842105263158,67.78947368421052,67.78947368421052,33.68421052631579,59.36842105263158,1057.7368421052631,1423.5789473684208,355.8947368421052,2154.0473684210524,0.06032114183764495,0.36509277430865295
3759,59.26315789473684,78.57894736842105,78.57894736842105,36.31578947368421,62.78947368421053,1244.5263157894738,1650.157894736842,412.5394736842105,2528.2342105263156,0.06992194469223907,0.42851427297056194
3760,54.36842105263158,80.47368421052632,80.47368421052632,41.63157894736842,63.78947368421053,1141.7368421052631,1689.9473684210527,422.4868421052632,2363.4394736842105,0.07160793933987511,0.4005829616413916
3761,48.21052631578947,71.3157894736842,71.3157894736842,37.73684210526316,50.26315789473684,1012.421052631579,1497.6315789473683,374.4078947368421,2095.523684210526,0.06345896520963425,0.35517350579839424
3762,48.1578947368421,72.52631578947368,72.52631578947368,35.78947368421053,55.8421052631579,1011.3157894736842,1523.0526315789473,380.7631578947368,2100.0,0.06453612845673505,0.3559322033898305
3763,52.10526315789474,85.36842105263158,85.36842105263158,41.26315789473684,67.10526315789474,1094.2105263157896,1792.7368421052631,448.1842105263158,2308.342105263158,0.07596342551293488,0.3912444246208742
3764,53.68421052631579,70.05263157894737,70.05263157894737,36.63157894736842,58.421052631578945,1127.3684210526314,1471.1052631578948,367.7763157894737,2284.302631578947,0.0623349687778769,0.38716993755575374
3765,52.68421052631579,74.73684210526316,74.73684210526316,37.68421052631579,60.63157894736842,1106.3684210526314,1569.4736842105265,392.3684210526316,2273.194736842105,0.06650312221231044,0.3852872435325602
3766,53.94736842105263,71.36842105263158,71.36842105263158,37.05263157894737,56.526315789473685,1132.8947368421052,1498.7368421052631,374.6842105263158,2300.6052631578946,0.06350579839429081,0.3899330954504906
3767,52.21052631578947,73.84210526315789,73.84210526315789,37.26315789473684,55.8421052631579,1096.421052631579,1550.6842105263156,387.6710526315789,2251.586842105263,0.06570695807314897,0.38162488849241744
3768,55.1578947368421,76.26315789473684,76.26315789473684,37.26315789473684,65.05263157894737,1158.3157894736842,1601.5263157894735,400.3815789473684,2369.5184210526313,0.06786128456735058,0.4016132917038358
3769,49.73684210526316,70.3157894736842,70.3157894736842,36.526315789473685,55.68421052631579,1044.4736842105262,1476.6315789473683,369.1578947368421,2144.7631578947367,0.06256913470115967,0.36351917930419264
3770,52.31578947368421,74.89473684210526,74.89473684210526,37.21052631578947,58.8421052631579,1098.6315789473686,1572.7894736842104,393.1973684210526,2260.871052631579,0.0666436217662801,0.3831984834968778
3771,45.94736842105263,74.73684210526316,74.73684210526316,38.78947368421053,45.31578947368421,964.8947368421052,1569.4736842105265,392.3684210526316,2032.6894736842105,0.06650312221231044,0.3445236396074933
3772,54.78947368421053,82.84210526315789,82.84210526315789,41.10526315789474,65.47368421052632,1150.578947368421,1739.6842105263156,434.9210526315789,2390.9052631578948,0.07371543264942015,0.40523818019625335
3773,52.89473684210526,80.94736842105263,80.94736842105263,40.473684210526315,62.63157894736842,1110.7894736842104,1699.8947368421052,424.9736842105263,2313.315789473684,0.07202943800178412,0.3920874219446922
3774,55.473684210526315,67.26315789473684,67.26315789473684,32.10526315789474,56.94736842105263,1164.9473684210527,1412.5263157894735,353.1315789473684,2333.542105263158,0.059852809991079385,0.39551561106155225
3775,56.36842105263158,80.42105263157895,80.42105263157895,38.68421052631579,62.0,1183.7368421052631,1688.842105263158,422.2105263157895,2434.563157894737,0.07156110615521856,0.4126378233719893
3776,51.0,57.36842105263158,57.36842105263158,28.0,57.05263157894737,1071.0,1204.7368421052631,301.1842105263158,2121.8842105263157,0.051048171275646745,0.35964139161462977
3777,57.10526315789474,69.0,69.0,32.578947368421055,68.52631578947368,1199.2105263157896,1449.0,362.25,2400.9078947368425,0.06139830508474576,0.4069335414808208
3778,56.26315789473684,67.94736842105263,67.94736842105263,34.1578947368421,62.94736842105263,1181.5263157894738,1426.8947368421052,356.7236842105263,2365.3184210526315,0.060461641391614626,0.4009014272970562
3779,49.31578947368421,79.3157894736842,79.3157894736842,41.36842105263158,52.26315789473684,1035.6315789473686,1665.6315789473683,416.4078947368421,2176.9815789473687,0.07057760927743086,0.3689799286351472
3780,56.0,77.57894736842105,77.57894736842105,39.578947368421055,65.6842105263158,1176.0,1629.157894736842,407.2894736842105,2406.4894736842107,0.0690321141837645,0.4078795718108832
3781,58.0,80.26315789473684,80.26315789473684,38.36842105263158,75.15789473684211,1218.0,1685.5263157894735,421.3815789473684,2491.9815789473682,0.07142060660124888,0.42236975914362174
3782,53.89473684210526,74.10526315789474,74.10526315789474,37.94736842105263,59.26315789473684,1131.7894736842104,1556.2105263157896,389.0526315789474,2313.0947368421052,0.06594112399643176,0.39204995539696696
3783,54.78947368421053,76.26315789473684,76.26315789473684,37.526315789473685,64.05263157894737,1150.578947368421,1601.5263157894735,400.3815789473684,2356.3657894736843,0.06786128456735058,0.3993840321141838
3784,47.10526315789474,69.47368421052632,69.47368421052632,34.68421052631579,57.31578947368421,989.2105263157896,1458.9473684210527,364.7368421052632,2046.3947368421054,0.06181980374665478,0.34684656556645854
3785,51.68421052631579,66.89473684210526,66.89473684210526,32.36842105263158,60.21052631578947,1085.3684210526314,1404.7894736842104,351.1973684210526,2196.323684210526,0.05952497769848349,0.37225825156110615
3786,52.26315789473684,71.84210526315789,71.84210526315789,37.10526315789474,63.421052631578945,1097.5263157894738,1508.6842105263156,377.1710526315789,2242.9657894736843,0.06392729705619982,0.3801636931311329
3787,52.26315789473684,72.21052631578948,72.21052631578948,37.63157894736842,61.578947368421055,1097.5263157894738,1516.4210526315792,379.1052631578948,2244.9,0.06425512934879572,0.3804915254237288
3788,48.578947368421055,75.94736842105263,75.94736842105263,38.05263157894737,55.10526315789474,1020.1578947368422,1594.8947368421052,398.7236842105263,2132.992105263158,0.06758028545941124,0.3615240856378234
3789,59.63157894736842,77.78947368421052,77.78947368421052,38.31578947368421,67.42105263157895,1252.2631578947369,1633.5789473684208,408.3947368421052,2537.242105263158,0.06921944692239071,0.43004103479036576
3790,52.21052631578947,75.84210526315789,75.84210526315789,38.21052631578947,61.10526315789474,1096.421052631579,1592.6842105263156,398.1710526315789,2262.086842105263,0.06748661909009812,0.3834045495093666
3791,44.21052631578947,79.36842105263158,79.36842105263158,40.10526315789474,53.10526315789474,928.421052631579,1666.7368421052631,416.6842105263158,1995.0,0.07062444246208742,0.338135593220339
3792,59.94736842105263,78.52631578947368,78.52631578947368,38.73684210526316,70.47368421052632,1258.8947368421052,1649.0526315789473,412.2631578947368,2552.3842105263157,0.06987511150758251,0.432607493309545
3793,54.89473684210526,74.47368421052632,74.47368421052632,37.68421052631579,61.94736842105263,1152.7894736842104,1563.9473684210527,390.9868421052632,2350.728947368421,0.06626895628902765,0.39842863514718996
3794,48.526315789473685,76.05263157894737,76.05263157894737,39.421052631578945,56.94736842105263,1019.0526315789474,1597.1052631578948,399.2763157894737,2131.665789473684,0.06767395182872435,0.36129928635147185
3795,56.1578947368421,72.05263157894737,72.05263157894737,35.578947368421055,68.84210526315789,1179.3157894736842,1513.1052631578948,378.2763157894737,2383.1131578947366,0.06411462979482604,0.4039174843889384
3796,60.05263157894737,70.10526315789474,70.10526315789474,35.10526315789474,68.73684210526316,1261.1052631578948,1472.2105263157896,368.0526315789474,2511.9315789473685,0.062381801962533456,0.4257511150758252
3797,59.473684210526315,70.10526315789474,70.10526315789474,34.89473684210526,67.6842105263158,1248.9473684210527,1472.2105263157896,368.0526315789474,2491.263157894737,0.062381801962533456,0.4222479928635148
3798,45.31578947368421,79.89473684210526,79.89473684210526,40.68421052631579,53.21052631578947,951.6315789473684,1677.7894736842104,419.4473684210526,2037.221052631579,0.07109277430865299,0.34529170383586083
3799,56.8421052631579,68.84210526315789,68.84210526315789,33.526315789473685,69.73684210526316,1193.6842105263158,1445.6842105263156,361.4210526315789,2390.684210526316,0.06125780553077609,0.4052007136485281
3800,54.578947368421055,83.26315789473684,83.26315789473684,42.26315789473684,67.3157894736842,1146.157894736842,1748.5263157894735,437.1315789473684,2385.6,0.07409009812667261,0.4043389830508474
3801,59.94736842105263,74.94736842105263,74.94736842105263,37.94736842105263,66.94736842105263,1258.8947368421052,1573.8947368421052,393.4736842105263,2533.5947368421052,0.06669045495093666,0.4294228367528992
3802,63.8421052631579,72.57894736842105,72.57894736842105,35.21052631578947,66.73684210526316,1340.6842105263158,1524.157894736842,381.0394736842105,2660.202631578947,0.06458296164139161,0.4508818019625334
3803,48.68421052631579,69.89473684210526,69.89473684210526,36.68421052631579,54.10526315789474,1022.3684210526316,1467.7894736842104,366.9473684210526,2104.9736842105262,0.06219446922390722,0.3567752007136485
3804,52.89473684210526,69.6842105263158,69.6842105263158,34.578947368421055,62.0,1110.7894736842104,1463.3684210526317,365.8421052631579,2254.184210526316,0.062007136485281,0.38206512042818913
3805,46.36842105263158,81.15789473684211,81.15789473684211,40.8421052631579,56.1578947368421,973.7368421052632,1704.3157894736844,426.0789473684211,2081.4315789473685,0.07221677074041036,0.3527850133809099
3806,49.05263157894737,94.52631578947368,94.52631578947368,48.1578947368421,58.63157894736842,1030.1052631578948,1985.0526315789473,496.2631578947368,2247.442105263158,0.08411239964317574,0.3809223907225691
3807,53.473684210526315,79.3157894736842,79.3157894736842,40.21052631578947,63.63157894736842,1122.9473684210527,1665.6315789473683,416.4078947368421,2325.418421052632,0.07057760927743086,0.39413871543264944
3808,45.0,81.84210526315789,81.84210526315789,41.578947368421055,50.68421052631579,945.0,1718.6842105263156,429.6710526315789,2036.171052631579,0.07282560214094558,0.3451137377341659
3809,51.36842105263158,72.6842105263158,72.6842105263158,36.421052631578945,56.421052631578945,1078.7368421052631,1526.3684210526317,381.5921052631579,2215.444736842105,0.06467662801070473,0.3754991079393399
3810,50.1578947368421,91.84210526315789,91.84210526315789,46.68421052631579,61.73684210526316,1053.3157894736842,1928.6842105263156,482.1710526315789,2272.8078947368417,0.08172390722569134,0.385221677074041
3811,48.421052631578945,71.47368421052632,71.47368421052632,36.421052631578945,59.94736842105263,1016.8421052631578,1500.9473684210527,375.2368421052632,2103.8684210526317,0.06359946476360392,0.35658786797502234
3812,46.05263157894737,76.10526315789474,76.10526315789474,37.1578947368421,52.89473684210526,967.1052631578948,1598.2105263157896,399.5526315789474,2043.6315789473683,0.06772078501338091,0.34637823371989296
3813,48.473684210526315,73.6842105263158,73.6842105263158,37.1578947368421,59.78947368421053,1017.9473684210526,1547.3684210526317,386.8421052631579,2117.3526315789472,0.0655664585191793,0.35887332738626226
3814,47.473684210526315,76.84210526315789,76.84210526315789,38.89473684210526,56.21052631578947,996.9473684210526,1613.6842105263156,403.4210526315789,2098.2315789473682,0.0683764495985727,0.35563247100802853
3815,50.26315789473684,76.10526315789474,76.10526315789474,39.526315789473685,64.26315789473684,1055.5263157894738,1598.2105263157896,399.5526315789474,2193.947368421053,0.06772078501338091,0.3718554861730598
3816,49.73684210526316,77.3157894736842,77.3157894736842,38.73684210526316,60.31578947368421,1044.4736842105262,1623.6315789473683,405.9078947368421,2181.5131578947367,0.0687979482604817,0.3697479928635147
3817,52.78947368421053,75.36842105263158,75.36842105263158,37.78947368421053,58.68421052631579,1108.578947368421,1582.7368421052631,395.6842105263158,2280.2684210526313,0.06706512042818912,0.386486173059768
3818,47.68421052631579,85.21052631578948,85.21052631578948,43.26315789473684,55.05263157894737,1001.3684210526316,1789.4210526315792,447.3552631578948,2149.6815789473685,0.07582292595896523,0.3643528099910794
3819,53.0,71.73684210526316,71.73684210526316,37.578947368421055,59.0,1113.0,1506.4736842105265,376.6184210526316,2268.7184210526316,0.06383363068688672,0.384528545941124
3820,53.78947368421053,75.15789473684211,75.15789473684211,39.1578947368421,58.578947368421055,1129.578947368421,1578.3157894736844,394.5789473684211,2314.863157894737,0.0668777876895629,0.392349687778769
3821,53.421052631578945,78.47368421052632,78.47368421052632,39.94736842105263,59.78947368421053,1121.842105263158,1647.9473684210527,411.9868421052632,2319.1184210526317,0.06982827832292596,0.39307091882247996
3822,45.1578947368421,81.57894736842105,81.57894736842105,41.526315789473685,54.63157894736842,948.3157894736842,1713.157894736842,428.2894736842105,2040.4263157894734,0.0725914362176628,0.34583496877787684
3823,58.89473684210526,74.94736842105263,74.94736842105263,36.73684210526316,73.47368421052632,1236.7894736842104,1573.8947368421052,393.4736842105263,2496.015789473684,0.06669045495093666,0.42305352363960746
3824,61.473684210526315,62.1578947368421,62.1578947368421,30.31578947368421,67.94736842105263,1290.9473684210527,1305.3157894736842,326.32894736842104,2520.9394736842105,0.0553099910793934,0.4272778768956289
3825,51.73684210526316,68.26315789473684,68.26315789473684,34.0,58.31578947368421,1086.4736842105262,1433.5263157894735,358.3815789473684,2205.386842105263,0.06074264049955396,0.3737943800178412
3826,46.26315789473684,77.36842105263158,77.36842105263158,41.21052631578947,54.473684210526315,971.5263157894736,1624.7368421052631,406.1842105263158,2057.778947368421,0.06884478144513827,0.34877609277430865
3827,52.78947368421053,74.94736842105263,74.94736842105263,37.578947368421055,61.89473684210526,1108.578947368421,1573.8947368421052,393.4736842105263,2278.057894736842,0.06669045495093666,0.3861115075825156
3828,48.78947368421053,76.84210526315789,76.84210526315789,39.05263157894737,55.8421052631579,1024.578947368421,1613.6842105263156,403.4210526315789,2145.2052631578945,0.0683764495985727,0.3635941123996431
3829,47.10526315789474,70.94736842105263,70.94736842105263,37.63157894736842,52.10526315789474,989.2105263157896,1489.8947368421052,372.4736842105263,2054.131578947369,0.06313113291703835,0.34815789473684217
3830,52.05263157894737,73.0,73.0,36.8421052631579,57.26315789473684,1093.1052631578948,1533.0,383.25,2241.528947368421,0.06495762711864407,0.3799201605709188
3831,51.36842105263158,81.36842105263158,81.36842105263158,40.26315789473684,58.21052631578947,1078.7368421052631,1708.7368421052631,427.1842105263158,2261.036842105263,0.07240410347903657,0.3832265834076717
3832,56.21052631578947,75.10526315789474,75.10526315789474,37.31578947368421,56.78947368421053,1180.421052631579,1577.2105263157896,394.3026315789474,2401.0184210526318,0.06683095450490634,0.4069522747546834
3833,51.63157894736842,72.73684210526316,72.73684210526316,37.578947368421055,64.26315789473684,1084.2631578947369,1527.4736842105265,381.8684210526316,2225.1157894736843,0.06472346119536129,0.37713826940231937
3834,50.73684210526316,83.10526315789474,83.10526315789474,42.78947368421053,52.526315789473685,1065.4736842105262,1745.2105263157896,436.3026315789474,2247.607894736842,0.07394959857270295,0.38095049063336306
3835,52.26315789473684,62.526315789473685,62.526315789473685,30.789473684210527,58.0,1097.5263157894738,1313.0526315789473,328.2631578947368,2194.057894736842,0.05563782337198929,0.3718742194469224
3836,63.63157894736842,63.1578947368421,63.1578947368421,30.42105263157895,74.89473684210526,1336.2631578947369,1326.3157894736842,331.57894736842104,2603.226315789474,0.056199821587867974,0.44122479928635155
3837,47.473684210526315,77.94736842105263,77.94736842105263,40.8421052631579,56.05263157894737,996.9473684210526,1636.8947368421052,409.2236842105263,2104.0342105263157,0.06935994647636039,0.35661596788581623
3838,51.1578947368421,76.94736842105263,76.94736842105263,37.473684210526315,66.36842105263158,1074.3157894736842,1615.8947368421052,403.9736842105263,2230.3105263157895,0.06847011596788581,0.37801873327386265
3839,59.36842105263158,74.05263157894737,74.05263157894737,37.31578947368421,69.52631578947368,1246.7368421052631,1555.1052631578948,388.7763157894737,2508.228947368421,0.0658942908117752,0.4251235504014273
3840,52.73684210526316,63.05263157894737,63.05263157894737,33.526315789473685,58.31578947368421,1107.4736842105262,1324.1052631578948,331.0263157894737,2213.7315789473682,0.056106155218554866,0.3752087421944692
3841,46.1578947368421,71.78947368421052,71.78947368421052,37.26315789473684,61.63157894736842,969.3157894736842,1507.5789473684208,376.8947368421052,2024.7315789473682,0.06388046387154325,0.34317484388938446
3842,49.10526315789474,81.21052631578948,81.21052631578948,40.73684210526316,64.89473684210526,1031.2105263157896,1705.4210526315792,426.3552631578948,2179.413157894737,0.07226360392506692,0.3693920606601249
3843,55.36842105263158,73.15789473684211,73.15789473684211,35.473684210526315,60.89473684210526,1162.7368421052631,1536.3157894736844,384.0789473684211,2360.7315789473682,0.06509812667261375,0.40012399643175733
3844,46.68421052631579,73.84210526315789,73.84210526315789,36.21052631578947,58.0,980.3684210526316,1550.6842105263156,387.6710526315789,2054.2973684210524,0.06570695807314897,0.348185994647636
3845,52.05263157894737,75.73684210526316,75.73684210526316,37.63157894736842,64.84210526315789,1093.1052631578948,1590.4736842105265,397.6184210526316,2255.8973684210528,0.06739295272078502,0.3823554861730598
3846,49.68421052631579,83.52631578947368,83.52631578947368,41.36842105263158,57.89473684210526,1043.3684210526314,1754.0526315789473,438.5131578947368,2212.23947368421,0.07432426404995539,0.37495584299732376
3847,52.473684210526315,77.10526315789474,77.10526315789474,38.78947368421053,66.05263157894737,1101.9473684210527,1619.2105263157896,404.8026315789474,2278.113157894737,0.06861061552185549,0.38612087421944696
3848,51.68421052631579,78.84210526315789,78.84210526315789,39.63157894736842,56.578947368421055,1085.3684210526314,1655.6842105263156,413.9210526315789,2259.0473684210524,0.07015611061552185,0.38288938447814447
3849,48.94736842105263,80.0,80.0,40.8421052631579,60.36842105263158,1027.8947368421052,1680.0,420.0,2167.4210526315787,0.0711864406779661,0.3673595004460303
3850,52.578947368421055,70.36842105263158,70.36842105263158,34.63157894736842,64.42105263157895,1104.157894736842,1477.7368421052631,369.4342105263158,2246.5026315789473,0.06261596788581623,0.38076315789473686
3851,56.31578947368421,71.26315789473684,71.26315789473684,35.73684210526316,67.63157894736842,1182.6315789473686,1496.5263157894735,374.1315789473684,2384.605263157895,0.0634121320249777,0.4041703835860839
3852,53.89473684210526,67.57894736842105,67.57894736842105,34.0,62.73684210526316,1131.7894736842104,1419.157894736842,354.7894736842105,2278.831578947368,0.060133809099018734,0.3862426404995539
3853,55.421052631578945,66.0,66.0,31.894736842105264,64.73684210526316,1163.842105263158,1386.0,346.5,2325.0315789473684,0.05872881355932203,0.39407314897413026
3854,55.0,72.52631578947368,72.52631578947368,35.63157894736842,66.05263157894737,1155.0,1523.0526315789473,380.7631578947368,2344.2631578947367,0.06453612845673505,0.39733273862622653
3855,46.26315789473684,83.36842105263158,83.36842105263158,43.10526315789474,56.73684210526316,971.5263157894736,1750.7368421052631,437.6842105263158,2089.278947368421,0.07418376449598572,0.3541150758251561
3856,52.1578947368421,76.63157894736842,76.63157894736842,37.31578947368421,64.84210526315789,1095.3157894736842,1609.2631578947369,402.3157894736842,2264.3526315789472,0.06818911685994648,0.3837885816235504
3857,56.421052631578945,62.78947368421053,62.78947368421053,31.68421052631579,60.68421052631579,1184.842105263158,1318.578947368421,329.64473684210526,2343.8763157894737,0.055871989295272075,0.3972671721677074
3858,45.526315789473685,80.05263157894737,80.05263157894737,41.421052631578945,54.31578947368421,956.0526315789474,1681.1052631578948,420.2763157894737,2045.5657894736844,0.07123327386262267,0.3467060660124889
3859,45.63157894736842,73.94736842105263,73.94736842105263,36.526315789473685,55.526315789473685,958.2631578947368,1552.8947368421052,388.2236842105263,2017.2710526315786,0.06580062444246208,0.3419103479036574
3860,50.1578947368421,80.21052631578948,80.21052631578948,40.89473684210526,61.94736842105263,1053.3157894736842,1684.4210526315792,421.1052631578948,2211.742105263158,0.07137377341659233,0.37487154326494204
3861,55.89473684210526,82.78947368421052,82.78947368421052,41.63157894736842,70.78947368421052,1173.7894736842104,1738.5789473684208,434.6447368421052,2430.086842105263,0.07366859946476359,0.411879125780553
3862,52.89473684210526,80.10526315789474,80.10526315789474,40.63157894736842,56.05263157894737,1110.7894736842104,1682.2105263157896,420.5526315789474,2308.894736842105,0.07128010704727922,0.3913380909901873
3863,59.1578947368421,68.42105263157895,68.42105263157895,34.578947368421055,68.05263157894737,1242.3157894736842,1436.842105263158,359.2105263157895,2471.1473684210528,0.06088314005352364,0.41883853702051743
3864,51.26315789473684,74.26315789473684,74.26315789473684,38.31578947368421,54.36842105263158,1076.5263157894738,1559.5263157894735,389.8815789473684,2219.9763157894736,0.06608162355040142,0.3762671721677074
3865,55.78947368421053,73.52631578947368,73.52631578947368,35.73684210526316,70.78947368421052,1171.578947368421,1544.0526315789473,386.0131578947368,2377.6973684210525,0.06542595896520963,0.4029995539696699
3866,54.1578947368421,81.21052631578948,81.21052631578948,41.1578947368421,60.31578947368421,1137.3157894736842,1705.4210526315792,426.3552631578948,2359.7921052631577,0.07226360392506692,0.399964763603925
3867,47.63157894736842,72.05263157894737,72.05263157894737,37.26315789473684,55.89473684210526,1000.2631578947368,1513.1052631578948,378.2763157894737,2078.7236842105262,0.06411462979482604,0.3523260481712756
3868,54.36842105263158,72.42105263157895,72.42105263157895,36.21052631578947,63.473684210526315,1141.7368421052631,1520.842105263158,380.2105263157895,2321.1631578947367,0.06444246208742195,0.3934174843889384
3869,50.8421052631579,79.94736842105263,79.94736842105263,40.578947368421055,57.526315789473685,1067.6842105263158,1678.8947368421052,419.7236842105263,2234.786842105263,0.07113960749330954,0.3787774308652988
3870,56.10526315789474,73.6842105263158,73.6842105263158,36.31578947368421,59.94736842105263,1178.2105263157896,1547.3684210526317,386.8421052631579,2389.8,0.0655664585191793,0.40505084745762715
3871,50.473684210526315,78.47368421052632,78.47368421052632,38.94736842105263,57.526315789473685,1059.9473684210527,1647.9473684210527,411.9868421052632,2213.8973684210528,0.06982827832292596,0.3752368421052632
3872,57.21052631578947,74.73684210526316,74.73684210526316,36.578947368421055,64.89473684210526,1201.421052631579,1569.4736842105265,392.3684210526316,2434.7842105263157,0.06650312221231044,0.4126752899197145
3873,48.26315789473684,73.84210526315789,73.84210526315789,37.05263157894737,54.526315789473685,1013.5263157894736,1550.6842105263156,387.6710526315789,2110.665789473684,0.06570695807314897,0.35773996431757354
3874,46.89473684210526,77.84210526315789,77.84210526315789,40.31578947368421,53.31578947368421,984.7894736842104,1634.6842105263156,408.6710526315789,2082.8131578947364,0.06926628010704727,0.35301917930419263
3875,50.0,76.57894736842105,76.57894736842105,36.473684210526315,55.63157894736842,1050.0,1608.157894736842,402.0394736842105,2187.0394736842104,0.06814228367528992,0.37068465655664584
3876,54.26315789473684,82.42105263157895,82.42105263157895,40.578947368421055,63.36842105263158,1139.5263157894738,1730.842105263158,432.7105263157895,2369.9052631578948,0.07334076717216771,0.40167885816235505
3877,53.73684210526316,76.15789473684211,76.15789473684211,38.78947368421053,52.26315789473684,1128.4736842105262,1599.3157894736844,399.8289473684211,2318.2342105263156,0.06776761819803748,0.3929210526315789
3878,46.26315789473684,73.36842105263158,73.36842105263158,35.421052631578945,54.89473684210526,971.5263157894736,1540.7368421052631,385.1842105263158,2036.778947368421,0.06528545941123996,0.34521677074041035
3879,54.473684210526315,68.10526315789474,68.10526315789474,32.73684210526316,60.526315789473685,1143.9473684210527,1430.2105263157896,357.5526315789474,2302.263157894737,0.060602140945584304,0.39021409455843004
3880,50.1578947368421,69.84210526315789,69.84210526315789,34.89473684210526,58.21052631578947,1053.3157894736842,1466.6842105263156,366.6710526315789,2157.3078947368417,0.062147636039250664,0.3656454058876003
3881,49.05263157894737,76.6842105263158,76.6842105263158,39.8421052631579,60.26315789473684,1030.1052631578948,1610.3684210526317,402.5921052631579,2153.771052631579,0.06823595004460303,0.36504594112399646
3882,53.26315789473684,78.78947368421052,78.78947368421052,40.63157894736842,61.26315789473684,1118.5263157894738,1654.5789473684208,413.6447368421052,2315.1394736842103,0.07010927743086529,0.3923965209634255
3883,47.473684210526315,84.3157894736842,84.3157894736842,43.0,54.26315789473684,996.9473684210526,1770.6315789473683,442.6578947368421,2137.468421052631,0.07502676181980374,0.3622827832292595
3884,51.05263157894737,83.78947368421052,83.78947368421052,42.473684210526315,58.73684210526316,1072.1052631578948,1759.5789473684208,439.8947368421052,2262.4736842105262,0.07455842997323817,0.3834701159678858
3885,53.05263157894737,71.52631578947368,71.52631578947368,35.421052631578945,55.63157894736842,1114.1052631578948,1502.0526315789473,375.5131578947368,2269.492105263158,0.06364629794826047,0.3846596788581624
3886,45.63157894736842,89.6842105263158,89.6842105263158,45.94736842105263,52.89473684210526,958.2631578947368,1883.3684210526317,470.8421052631579,2099.8894736842103,0.07980374665477252,0.35591347011596786
3887,49.578947368421055,69.0,69.0,34.78947368421053,60.94736842105263,1041.157894736842,1449.0,362.25,2132.2184210526316,0.06139830508474576,0.36139295272078503
3888,47.421052631578945,74.15789473684211,74.15789473684211,38.10526315789474,46.1578947368421,995.8421052631578,1557.3157894736844,389.3289473684211,2082.2605263157893,0.06598795718108832,0.35292551293487956
3889,50.0,79.36842105263158,79.36842105263158,40.421052631578945,64.36842105263158,1050.0,1666.7368421052631,416.6842105263158,2201.684210526316,0.07062444246208742,0.37316681534344337
3890,55.473684210526315,71.89473684210526,71.89473684210526,38.05263157894737,58.36842105263158,1164.9473684210527,1509.7894736842104,377.4473684210526,2357.8578947368424,0.06397413024085637,0.3996369313113292
3891,57.10526315789474,70.05263157894737,70.05263157894737,34.10526315789474,63.05263157894737,1199.2105263157896,1471.1052631578948,367.7763157894737,2406.434210526316,0.0623349687778769,0.40787020517395184
3892,57.1578947368421,72.10526315789474,72.10526315789474,36.8421052631579,61.10526315789474,1200.3157894736842,1514.2105263157896,378.5526315789474,2419.0894736842106,0.06416146297948261,0.41001516503122215
3893,48.05263157894737,79.10526315789474,79.10526315789474,39.578947368421055,64.94736842105263,1009.1052631578948,1661.2105263157896,415.3026315789474,2130.7815789473684,0.07039027653880464,0.36114942016057094
3894,50.68421052631579,78.21052631578948,78.21052631578948,39.8421052631579,57.36842105263158,1064.3684210526314,1642.4210526315792,410.6052631578948,2220.031578947368,0.06959411239964318,0.3762765388046386
3895,57.73684210526316,74.42105263157895,74.42105263157895,35.63157894736842,70.26315789473684,1212.4736842105262,1562.842105263158,390.7105263157895,2451.915789473684,0.0662221231043711,0.41557894736842105
3896,57.21052631578947,72.05263157894737,72.05263157894737,35.526315789473685,62.31578947368421,1201.421052631579,1513.1052631578948,378.2763157894737,2420.692105263158,0.06411462979482604,0.4102867975022301
3897,49.94736842105263,70.6842105263158,70.6842105263158,34.89473684210526,53.21052631578947,1048.8947368421052,1484.3684210526317,371.0921052631579,2154.2131578947365,0.06289696699375558,0.36512087421944683
3898,55.05263157894737,88.57894736842105,88.57894736842105,44.0,67.42105263157895,1156.1052631578948,1860.157894736842,465.0394736842105,2430.4184210526314,0.07882024977698483,0.4119353256021409
3899,55.05263157894737,79.3157894736842,79.3157894736842,39.578947368421055,71.3157894736842,1156.1052631578948,1665.6315789473683,416.4078947368421,2381.786842105263,0.07057760927743086,0.40369268510258693
3900,57.21052631578947,70.94736842105263,70.94736842105263,35.05263157894737,62.0,1201.421052631579,1489.8947368421052,372.4736842105263,2414.8894736842103,0.06313113291703835,0.4093033006244424
3901,59.78947368421053,69.47368421052632,69.47368421052632,35.578947368421055,74.63157894736842,1255.578947368421,1458.9473684210527,364.7368421052632,2499.221052631579,0.06181980374665478,0.42359678858162353
3902,52.1578947368421,71.05263157894737,71.05263157894737,35.63157894736842,60.578947368421055,1095.3157894736842,1492.1052631578948,373.0263157894737,2235.063157894737,0.06322479928635147,0.3788242640499554
3903,50.05263157894737,73.0,73.0,36.89473684210526,57.1578947368421,1051.1052631578948,1533.0,383.25,2170.128947368421,0.06495762711864407,0.36781846565566456
3904,58.94736842105263,67.89473684210526,67.89473684210526,34.78947368421053,71.3157894736842,1237.8947368421052,1425.7894736842104,356.4473684210526,2460.868421052631,0.06041480820695807,0.4170963425512934
3905,55.526315789473685,77.94736842105263,77.94736842105263,38.68421052631579,59.68421052631579,1166.0526315789473,1636.8947368421052,409.2236842105263,2391.5131578947367,0.06935994647636039,0.4053412132024977
3906,49.36842105263158,75.73684210526316,75.73684210526316,38.78947368421053,58.94736842105263,1036.7368421052631,1590.4736842105265,397.6184210526316,2160.071052631579,0.06739295272078502,0.3661137377341659
3907,51.526315789473685,73.36842105263158,73.36842105263158,37.05263157894737,61.73684210526316,1082.0526315789473,1540.7368421052631,385.1842105263158,2224.673684210526,0.06528545941123996,0.37706333630686883
3908,54.10526315789474,69.73684210526316,69.73684210526316,33.78947368421053,56.94736842105263,1136.2105263157896,1464.4736842105265,366.1184210526316,2297.676315789474,0.062053969669937564,0.3894366636931312
3909,54.578947368421055,75.42105263157895,75.42105263157895,36.68421052631579,67.10526315789474,1146.157894736842,1583.842105263158,395.9605263157895,2344.428947368421,0.06711195361284568,0.39736083853702053
3910,53.10526315789474,84.0,84.0,41.526315789473685,63.89473684210526,1115.2105263157896,1764.0,441.0,2336.8578947368424,0.07474576271186441,0.3960776092774309
3911,50.421052631578945,84.63157894736842,84.63157894736842,41.473684210526315,60.31578947368421,1058.842105263158,1777.2631578947369,444.3157894736842,2244.3473684210526,0.07530776092774309,0.3803978590544157
3912,47.10526315789474,72.05263157894737,72.05263157894737,36.63157894736842,51.31578947368421,989.2105263157896,1513.1052631578948,378.2763157894737,2059.934210526316,0.06411462979482604,0.3491413916146298
3913,47.63157894736842,76.26315789473684,76.26315789473684,39.1578947368421,56.8421052631579,1000.2631578947368,1601.5263157894735,400.3815789473684,2100.828947368421,0.06786128456735058,0.3560727029438001
3914,46.31578947368421,85.26315789473684,85.26315789473684,43.1578947368421,56.73684210526316,972.6315789473684,1790.5263157894735,447.6315789473684,2101.1052631578946,0.07586975914362176,0.3561195361284567
3915,51.31578947368421,81.63157894736842,81.63157894736842,40.73684210526316,61.94736842105263,1077.6315789473686,1714.2631578947369,428.5657894736842,2260.539473684211,0.07263826940231936,0.38314228367528996
3916,54.89473684210526,65.10526315789474,65.10526315789474,33.73684210526316,60.36842105263158,1152.7894736842104,1367.2105263157896,341.8026315789474,2301.544736842105,0.057932649420160576,0.3900923282783229
3917,51.21052631578947,85.89473684210526,85.89473684210526,42.68421052631579,57.473684210526315,1075.421052631579,1803.7894736842104,450.9473684210526,2279.1631578947367,0.07643175735950045,0.3862988403211418
3918,51.10526315789474,76.0,76.0,40.21052631578947,52.473684210526315,1073.2105263157896,1596.0,399.0,2223.4578947368423,0.0676271186440678,0.37685727029438004
3919,63.36842105263158,69.73684210526316,69.73684210526316,32.68421052631579,75.47368421052632,1330.7368421052631,1464.4736842105265,366.1184210526316,2628.371052631579,0.062053969669937564,0.4454866190900981
3920,45.78947368421053,73.15789473684211,73.15789473684211,37.05263157894737,54.1578947368421,961.578947368421,1536.3157894736844,384.0789473684211,2018.7631578947369,0.06509812667261375,0.34216324710080287
3921,53.526315789473685,65.21052631578948,65.21052631578948,32.473684210526315,57.8421052631579,1124.0526315789473,1369.4210526315792,342.3552631578948,2253.2447368421053,0.0580263157894737,0.3819058876003568
3922,45.26315789473684,80.73684210526316,80.73684210526316,42.578947368421055,57.63157894736842,950.5263157894736,1695.4736842105265,423.8684210526316,2039.7631578947369,0.0718421052631579,0.3457225691347012
3923,47.05263157894737,74.0,74.0,37.63157894736842,54.36842105263158,988.1052631578948,1554.0,388.5,2068.278947368421,0.06584745762711865,0.3505557537912578
3924,51.421052631578945,68.52631578947368,68.52631578947368,34.89473684210526,51.94736842105263,1079.842105263158,1439.0526315789473,359.7631578947368,2195.4947368421053,0.060976806422836746,0.3721177520071365
3925,53.8421052631579,69.52631578947368,69.52631578947368,35.26315789473684,59.78947368421053,1130.6842105263158,1460.0526315789473,365.0131578947368,2287.176315789474,0.06186663693131132,0.387657002676182
3926,48.05263157894737,79.94736842105263,79.94736842105263,39.94736842105263,52.473684210526315,1009.1052631578948,1678.8947368421052,419.7236842105263,2135.2026315789476,0.07113960749330954,0.36189875111507586
3927,55.63157894736842,77.94736842105263,77.94736842105263,38.526315789473685,66.3157894736842,1168.2631578947369,1636.8947368421052,409.2236842105263,2395.271052631579,0.06935994647636039,0.40597814451382697
3928,55.10526315789474,82.94736842105263,82.94736842105263,42.05263157894737,69.52631578947368,1157.2105263157896,1741.8947368421052,435.4736842105263,2402.7315789473687,0.07380909901873327,0.407242640499554
3929,49.31578947368421,81.94736842105263,81.94736842105263,40.89473684210526,56.36842105263158,1035.6315789473686,1720.8947368421052,430.2236842105263,2190.797368421053,0.07291926851025869,0.37132158786797503
3930,57.31578947368421,72.36842105263158,72.36842105263158,34.578947368421055,62.526315789473685,1203.6315789473686,1519.7368421052631,379.9342105263158,2426.1078947368424,0.06439562890276539,0.4112047279214987
3931,52.05263157894737,69.05263157894737,69.05263157894737,35.31578947368421,60.473684210526315,1093.1052631578948,1450.1052631578948,362.5263157894737,2220.805263157895,0.06144513826940232,0.3764076717216771
3932,53.36842105263158,79.47368421052632,79.47368421052632,39.94736842105263,58.89473684210526,1120.7368421052631,1668.9473684210527,417.2368421052632,2322.4894736842107,0.07071810883140053,0.39364228367529
3933,57.05263157894737,79.52631578947368,79.52631578947368,38.526315789473685,66.57894736842105,1198.1052631578948,1670.0526315789473,417.5131578947368,2454.2921052631577,0.07076494201605708,0.4159817127564674
3934,53.8421052631579,73.36842105263158,73.36842105263158,35.68421052631579,58.94736842105263,1130.6842105263158,1540.7368421052631,385.1842105263158,2307.3473684210526,0.06528545941123996,0.3910758251561106
3935,49.68421052631579,70.21052631578948,70.21052631578948,34.73684210526316,62.526315789473685,1043.3684210526314,1474.4210526315792,368.6052631578948,2142.331578947368,0.06247546833184658,0.36310704727921495
3936,50.94736842105263,75.05263157894737,75.05263157894737,36.421052631578945,62.73684210526316,1069.8947368421052,1576.1052631578948,394.0263157894737,2212.8473684210526,0.06678412132024977,0.37505887600356824
3937,51.94736842105263,77.36842105263158,77.36842105263158,39.473684210526315,57.10526315789474,1090.8947368421052,1624.7368421052631,406.1842105263158,2260.7052631578945,0.06884478144513827,0.3831703835860838
3938,47.31578947368421,82.15789473684211,82.15789473684211,42.8421052631579,57.31578947368421,993.6315789473684,1725.3157894736844,431.3289473684211,2120.5026315789473,0.07310660124888493,0.35940722569134703
3939,56.473684210526315,80.0,80.0,39.36842105263158,69.26315789473684,1185.9473684210527,1680.0,420.0,2436.1105263157897,0.0711864406779661,0.412900089206066
3940,51.1578947368421,74.26315789473684,74.26315789473684,37.10526315789474,56.578947368421055,1074.3157894736842,1559.5263157894735,389.8815789473684,2216.2184210526316,0.06608162355040142,0.37563024085637825
3941,56.10526315789474,66.42105263157895,66.42105263157895,32.526315789473685,69.10526315789474,1178.2105263157896,1394.842105263158,348.7105263157895,2351.668421052632,0.05910347903657449,0.3985878679750223
3942,55.05263157894737,73.47368421052632,73.47368421052632,37.05263157894737,60.73684210526316,1156.1052631578948,1542.9473684210527,385.7368421052632,2351.1157894736843,0.06537912578055308,0.3984942016057092
3943,58.05263157894737,76.42105263157895,76.42105263157895,38.578947368421055,62.36842105263158,1219.1052631578948,1604.842105263158,401.2105263157895,2473.6894736842105,0.06800178412132026,0.4192694023193577
3944,48.05263157894737,75.89473684210526,75.89473684210526,38.0,61.8421052631579,1009.1052631578948,1593.7894736842104,398.4473684210526,2113.926315789474,0.06753345227475469,0.358292595896521
3945,51.78947368421053,78.57894736842105,78.57894736842105,39.05263157894737,57.05263157894737,1087.578947368421,1650.157894736842,412.5394736842105,2261.423684210526,0.06992194469223907,0.38329214986619087
3946,56.526315789473685,76.36842105263158,76.36842105263158,38.89473684210526,70.3157894736842,1187.0526315789473,1603.7368421052631,400.9342105263158,2418.923684210526,0.06795495093666369,0.40998706512042815
3947,58.73684210526316,62.1578947368421,62.1578947368421,29.42105263157895,66.57894736842105,1233.4736842105262,1305.3157894736842,326.32894736842104,2423.234210526316,0.0553099910793934,0.4107176628010705
3948,54.1578947368421,70.63157894736842,70.63157894736842,35.68421052631579,61.94736842105263,1137.3157894736842,1483.2631578947369,370.8157894736842,2304.2526315789473,0.06285013380909903,0.3905512934879572
3949,50.31578947368421,78.63157894736842,78.63157894736842,40.73684210526316,58.473684210526315,1056.6315789473686,1651.2631578947369,412.8157894736842,2209.0894736842106,0.06996877787689564,0.3744219446922391
3950,50.578947368421055,69.73684210526316,69.73684210526316,34.1578947368421,55.10526315789474,1062.157894736842,1464.4736842105265,366.1184210526316,2171.786842105263,0.062053969669937564,0.3680994647636039
3951,56.36842105263158,74.10526315789474,74.10526315789474,36.421052631578945,70.15789473684211,1183.7368421052631,1556.2105263157896,389.0526315789474,2401.4052631578948,0.06594112399643176,0.4070178412132025
3952,45.78947368421053,74.78947368421052,74.78947368421052,38.94736842105263,52.1578947368421,961.578947368421,1570.5789473684208,392.6447368421052,2027.328947368421,0.06654995539696698,0.3436150758251561
3953,58.94736842105263,75.26315789473684,75.26315789473684,36.94736842105263,69.42105263157895,1237.8947368421052,1580.5263157894735,395.1315789473684,2499.552631578947,0.066971454058876,0.42365298840321136
3954,59.78947368421053,80.63157894736842,80.63157894736842,38.73684210526316,75.57894736842105,1255.578947368421,1693.2631578947369,423.3157894736842,2557.7999999999997,0.07174843889384479,0.43352542372881353
3955,53.73684210526316,71.63157894736842,71.63157894736842,35.21052631578947,58.78947368421053,1128.4736842105262,1504.2631578947369,376.0657894736842,2294.471052631579,0.0637399643175736,0.38889339875111506
3956,53.63157894736842,67.73684210526316,67.73684210526316,34.36842105263158,53.8421052631579,1126.2631578947369,1422.4736842105265,355.6184210526316,2270.265789473684,0.06027430865298841,0.3847908117752007
3957,51.36842105263158,73.52631578947368,73.52631578947368,35.94736842105263,57.63157894736842,1078.7368421052631,1544.0526315789473,386.0131578947368,2219.865789473684,0.06542595896520963,0.37624843889384474
3958,50.578947368421055,79.21052631578948,79.21052631578948,40.526315789473685,61.473684210526315,1062.157894736842,1663.4210526315792,415.8552631578948,2221.523684210526,0.07048394290811776,0.37652943800178407
3959,60.73684210526316,75.52631578947368,75.52631578947368,36.78947368421053,65.3157894736842,1275.4736842105262,1586.0526315789473,396.5131578947368,2564.818421052631,0.06720561998215878,0.43471498661909
3960,56.0,76.42105263157895,76.42105263157895,37.1578947368421,69.0,1176.0,1604.842105263158,401.2105263157895,2400.4105263157894,0.06800178412132026,0.4068492417484389
3961,46.26315789473684,78.10526315789474,78.10526315789474,39.68421052631579,56.73684210526316,971.5263157894736,1640.2105263157896,410.0526315789474,2061.6473684210528,0.06950044603033007,0.3494317573595005
3962,51.21052631578947,82.47368421052632,82.47368421052632,41.0,65.05263157894737,1075.421052631579,1731.9473684210527,432.9868421052632,2261.2026315789476,0.07338760035682426,0.3832546833184657
3963,50.31578947368421,74.89473684210526,74.89473684210526,37.8421052631579,62.05263157894737,1056.6315789473686,1572.7894736842104,393.1973684210526,2189.471052631579,0.0666436217662801,0.37109678858162354
3964,50.473684210526315,72.10526315789474,72.10526315789474,37.578947368421055,49.68421052631579,1059.9473684210527,1514.2105263157896,378.5526315789474,2180.463157894737,0.06416146297948261,0.3695700267618198
3965,52.526315789473685,72.63157894736842,72.63157894736842,37.8421052631579,68.15789473684211,1103.0526315789473,1525.2631578947369,381.3157894736842,2256.5052631578947,0.06462979482604818,0.3824585191793042
3966,45.94736842105263,90.26315789473684,90.26315789473684,45.94736842105263,52.473684210526315,964.8947368421052,1895.5263157894735,473.8815789473684,2114.202631578947,0.08031891168599464,0.3583394290811775
3967,49.89473684210526,81.73684210526316,81.73684210526316,41.10526315789474,59.73684210526316,1047.7894736842104,1716.4736842105265,429.1184210526316,2210.3605263157892,0.07273193577163248,0.3746373773416592
3968,51.8421052631579,79.0,79.0,38.0,65.89473684210526,1088.6842105263158,1659.0,414.75,2265.5131578947367,0.07029661016949153,0.3839852809991079
3969,48.36842105263158,72.73684210526316,72.73684210526316,37.89473684210526,50.78947368421053,1015.7368421052632,1527.4736842105265,381.8684210526316,2108.621052631579,0.06472346119536129,0.3573933987511151
3970,55.31578947368421,70.10526315789474,70.10526315789474,33.21052631578947,58.578947368421055,1161.6315789473686,1472.2105263157896,368.0526315789474,2342.826315789474,0.062381801962533456,0.39708920606601256
3971,52.94736842105263,74.10526315789474,74.10526315789474,37.31578947368421,68.42105263157895,1111.8947368421052,1556.2105263157896,389.0526315789474,2279.273684210526,0.06594112399643176,0.3863175735950044
3972,53.68421052631579,73.26315789473684,73.26315789473684,36.26315789473684,66.63157894736842,1127.3684210526314,1538.5263157894735,384.6315789473684,2301.1578947368416,0.06519179304192685,0.39002676181980367
3973,57.05263157894737,81.3157894736842,81.3157894736842,40.473684210526315,66.94736842105263,1198.1052631578948,1707.6315789473683,426.9078947368421,2463.686842105263,0.07235727029438001,0.41757404103479034
3974,47.8421052631579,74.3157894736842,74.3157894736842,37.26315789473684,56.473684210526315,1004.6842105263158,1560.6315789473683,390.1578947368421,2098.121052631579,0.06612845673505797,0.35561373773416594
3975,57.36842105263158,63.26315789473684,63.26315789473684,31.736842105263158,65.10526315789474,1204.7368421052631,1328.5263157894738,332.13157894736844,2380.1842105263154,0.056293487957181094,0.4034210526315789
3976,48.26315789473684,80.3157894736842,80.3157894736842,40.21052631578947,57.36842105263158,1013.5263157894736,1686.6315789473683,421.6578947368421,2144.652631578947,0.07146743978590543,0.36350044603033
3977,50.473684210526315,77.10526315789474,77.10526315789474,39.73684210526316,56.473684210526315,1059.9473684210527,1619.2105263157896,404.8026315789474,2206.713157894737,0.06861061552185549,0.3740191793041927
3978,44.8421052631579,77.52631578947368,77.52631578947368,38.89473684210526,54.421052631578945,941.6842105263158,1628.0526315789473,407.0131578947368,2007.8763157894737,0.06898528099910793,0.34031801962533453
3979,49.1578947368421,69.36842105263158,69.36842105263158,34.78947368421053,53.578947368421055,1032.3157894736842,1456.7368421052631,364.1842105263158,2119.1210526315786,0.06172613737734166,0.3591730597680642
3980,48.63157894736842,72.15789473684211,72.15789473684211,36.78947368421053,61.21052631578947,1021.2631578947368,1515.3157894736844,378.8289473684211,2114.9763157894736,0.06420829616413917,0.35847056199821586
3981,46.05263157894737,81.15789473684211,81.15789473684211,40.1578947368421,50.21052631578947,967.1052631578948,1704.3157894736844,426.0789473684211,2070.157894736842,0.07221677074041036,0.3508742194469224
3982,55.421052631578945,64.10526315789474,64.10526315789474,30.526315789473685,68.21052631578948,1163.842105263158,1346.2105263157896,336.5526315789474,2315.084210526316,0.057042818911686,0.39238715432649424
3983,53.421052631578945,76.73684210526316,76.73684210526316,38.0,69.47368421052632,1121.842105263158,1611.4736842105265,402.8684210526316,2310.0,0.0682827832292596,0.39152542372881355
3984,59.78947368421053,69.94736842105263,69.94736842105263,36.578947368421055,73.15789473684211,1255.578947368421,1468.8947368421052,367.2236842105263,2501.707894736842,0.06224130240856378,0.4240182872435325
3985,42.8421052631579,91.36842105263158,91.36842105263158,45.63157894736842,45.89473684210526,899.6842105263158,1918.7368421052631,479.6842105263158,2009.1473684210528,0.08130240856378233,0.3405334522747547
3986,45.26315789473684,76.26315789473684,76.26315789473684,39.63157894736842,48.473684210526315,950.5263157894736,1601.5263157894735,400.3815789473684,2016.2763157894735,0.06786128456735058,0.3417417484388938
3987,55.94736842105263,74.0,74.0,35.94736842105263,61.94736842105263,1174.8947368421052,1554.0,388.5,2385.821052631579,0.06584745762711865,0.40437644959857266
3988,49.421052631578945,72.05263157894737,72.05263157894737,37.578947368421055,58.578947368421055,1037.842105263158,1513.1052631578948,378.2763157894737,2142.607894736842,0.06411462979482604,0.3631538804638715
3989,57.526315789473685,71.47368421052632,71.47368421052632,34.73684210526316,66.05263157894737,1208.0526315789473,1500.9473684210527,375.2368421052632,2428.926315789474,0.06359946476360392,0.4116824264049956
3990,54.26315789473684,83.6842105263158,83.6842105263158,40.68421052631579,57.473684210526315,1139.5263157894738,1757.3684210526317,439.3421052631579,2376.5368421052635,0.07446476360392507,0.40280285459411247
3991,49.421052631578945,77.57894736842105,77.57894736842105,39.89473684210526,61.36842105263158,1037.842105263158,1629.157894736842,407.2894736842105,2171.621052631579,0.0690321141837645,0.36807136485281
3992,50.8421052631579,85.52631578947368,85.52631578947368,43.421052631578945,56.36842105263158,1067.6842105263158,1796.0526315789473,449.0131578947368,2264.0763157894735,0.07610392506690454,0.3837417484388938
3993,53.63157894736842,75.73684210526316,75.73684210526316,35.63157894736842,64.94736842105263,1126.2631578947369,1590.4736842105265,397.6184210526316,2312.265789473684,0.06739295272078502,0.3919094558429973
3994,65.52631578947368,72.26315789473684,72.26315789473684,34.73684210526316,77.26315789473684,1376.0526315789473,1517.5263157894735,379.3815789473684,2718.6710526315787,0.06430196253345227,0.4607917038358608
3995,55.578947368421055,71.89473684210526,71.89473684210526,36.89473684210526,67.84210526315789,1167.157894736842,1509.7894736842104,377.4473684210526,2361.615789473684,0.06397413024085637,0.4002738626226583
3996,51.473684210526315,85.78947368421052,85.78947368421052,43.8421052631579,59.31578947368421,1080.9473684210527,1801.5789473684208,450.3947368421052,2288.0052631578947,0.07633809099018732,0.38779750223015164
3997,51.31578947368421,74.63157894736842,74.63157894736842,35.31578947368421,58.36842105263158,1077.6315789473686,1567.2631578947369,391.8157894736842,2223.789473684211,0.06640945584299733,0.37691347011596793
3998,52.68421052631579,68.78947368421052,68.78947368421052,35.421052631578945,60.36842105263158,1106.3684210526314,1444.5789473684208,361.1447368421052,2241.9710526315785,0.061210972346119524,0.37999509366636924
3999,48.421052631578945,90.10526315789474,90.10526315789474,45.421052631578945,60.1578947368421,1016.8421052631578,1892.2105263157896,473.0526315789474,2201.684210526316,0.08017841213202498,0.37316681534344337
4000,47.31578947368421,73.78947368421052,73.78947368421052,37.63157894736842,53.78947368421053,993.6315789473684,1549.5789473684208,387.3947368421052,2076.5684210526315,0.0656601248884924,0.3519607493309545
