replica,taxa_pedidos_checkout_dia,taxa_linhas_tarif_pap_inf_dia,taxa_linhas_tarif_pap_sup_dia,taxa_linhas_oper_pap_dia,taxa_pedidos_pap_dia,taxa_pedidos_colmeia_dia,vol_mes_pedidos_checkout,vol_mes_linhas_tarif_pap_inf,vol_mes_linhas_tarif_pap_sup,receita_alt2_inf,receita_alt3_inf,receita_alt3_inf_retroativa,cobertura_alt2_inf,cobertura_alt3_inf
1,51.611111111111114,45.72222222222222,45.72222222222222,44.77777777777778,21.5,60.44444444444444,1083.8333333333335,960.1666666666666,960.1666666666666,240.04166666666666,2082.5583333333334,2082.5583333333334,0.04068502824858757,0.35297598870056496
2,49.0,59.888888888888886,59.888888888888886,59.611111111111114,29.666666666666668,60.94444444444444,1029.0,1257.6666666666665,1257.6666666666665,314.41666666666663,2063.7166666666667,2063.7166666666667,0.05329096045197739,0.3497824858757062
3,39.94444444444444,42.72222222222222,42.72222222222222,42.388888888888886,20.11111111111111,46.5,838.8333333333333,897.1666666666666,897.1666666666666,224.29166666666666,1650.3083333333332,1650.3083333333332,0.03801553672316384,0.27971327683615815
4,44.388888888888886,55.55555555555556,55.55555555555556,54.388888888888886,27.333333333333332,55.44444444444444,932.1666666666666,1166.6666666666667,1166.6666666666667,291.6666666666667,1876.35,1876.35,0.04943502824858757,0.31802542372881354
5,46.05555555555556,60.166666666666664,60.166666666666664,58.72222222222222,29.833333333333332,56.05555555555556,967.1666666666667,1263.5,1263.5,315.875,1960.0583333333334,1960.0583333333334,0.05353813559322034,0.3322132768361582
6,46.0,51.22222222222222,51.22222222222222,50.111111111111114,24.555555555555557,56.111111111111114,966.0,1075.6666666666667,1075.6666666666667,268.9166666666667,1911.1166666666668,1911.1166666666668,0.04557909604519774,0.3239180790960452
7,43.0,50.44444444444444,50.44444444444444,49.166666666666664,23.055555555555557,57.5,903.0,1059.3333333333333,1059.3333333333333,264.8333333333333,1799.9333333333332,1799.9333333333332,0.04488700564971751,0.3050734463276836
8,41.44444444444444,49.72222222222222,49.72222222222222,48.94444444444444,25.61111111111111,52.05555555555556,870.3333333333333,1044.1666666666667,1044.1666666666667,261.0416666666667,1740.6083333333333,1740.6083333333333,0.04424435028248588,0.2950183615819209
9,43.111111111111114,46.166666666666664,46.166666666666664,45.77777777777778,21.88888888888889,53.55555555555556,905.3333333333334,969.5,969.5,242.375,1781.4416666666666,1781.4416666666666,0.04108050847457627,0.3019392655367232
10,44.166666666666664,60.72222222222222,60.72222222222222,60.05555555555556,31.27777777777778,60.05555555555556,927.5,1275.1666666666667,1275.1666666666667,318.7916666666667,1895.5416666666667,1895.5416666666667,0.05403248587570622,0.32127824858757065
11,39.22222222222222,56.388888888888886,56.388888888888886,54.5,28.22222222222222,45.22222222222222,823.6666666666666,1184.1666666666665,1184.1666666666665,296.04166666666663,1696.2749999999996,1696.2749999999996,0.050176553672316375,0.2875042372881355
12,46.0,51.55555555555556,51.55555555555556,50.44444444444444,25.61111111111111,53.77777777777778,966.0,1082.6666666666667,1082.6666666666667,270.6666666666667,1912.8666666666668,1912.8666666666668,0.04587570621468927,0.32421468926553676
13,39.22222222222222,39.833333333333336,39.833333333333336,39.44444444444444,19.72222222222222,44.833333333333336,823.6666666666666,836.5,836.5,209.125,1609.3583333333331,1609.3583333333331,0.03544491525423729,0.27277259887005645
14,58.5,64.44444444444444,64.44444444444444,64.11111111111111,32.05555555555556,70.27777777777777,1228.5,1353.3333333333333,1353.3333333333333,338.3333333333333,2426.7833333333333,2426.7833333333333,0.057344632768361575,0.411319209039548
15,38.27777777777778,43.27777777777778,43.27777777777778,42.44444444444444,22.666666666666668,44.94444444444444,803.8333333333334,908.8333333333334,908.8333333333334,227.20833333333334,1593.725,1593.725,0.038509887005649716,0.2701228813559322
16,43.44444444444444,41.833333333333336,41.833333333333336,41.77777777777778,20.27777777777778,54.833333333333336,912.3333333333333,878.5,878.5,219.625,1770.5916666666665,1770.5916666666665,0.037224576271186444,0.30010028248587567
17,47.77777777777778,59.111111111111114,59.111111111111114,58.94444444444444,30.11111111111111,59.666666666666664,1003.3333333333334,1241.3333333333335,1241.3333333333335,310.33333333333337,2016.0,2016.0,0.05259887005649718,0.3416949152542373
18,47.5,51.111111111111114,51.111111111111114,50.111111111111114,24.944444444444443,56.5,997.5,1073.3333333333335,1073.3333333333335,268.33333333333337,1964.0833333333335,1964.0833333333335,0.04548022598870057,0.33289548022598875
19,44.166666666666664,57.5,57.5,56.27777777777778,28.88888888888889,61.55555555555556,927.5,1207.5,1207.5,301.875,1878.625,1878.625,0.051165254237288134,0.3184110169491525
20,43.72222222222222,50.611111111111114,50.611111111111114,50.166666666666664,24.61111111111111,54.888888888888886,918.1666666666666,1062.8333333333335,1062.8333333333335,265.70833333333337,1826.5916666666667,1826.5916666666667,0.045035310734463284,0.3095918079096045
21,39.22222222222222,53.05555555555556,53.05555555555556,52.44444444444444,27.333333333333332,47.888888888888886,823.6666666666666,1114.1666666666667,1114.1666666666667,278.5416666666667,1678.7749999999999,1678.7749999999999,0.04721045197740113,0.28453813559322033
22,28.72222222222222,40.22222222222222,40.22222222222222,39.72222222222222,20.166666666666668,35.333333333333336,603.1666666666666,844.6666666666666,844.6666666666666,211.16666666666666,1236.55,1236.55,0.0357909604519774,0.20958474576271185
23,39.388888888888886,53.55555555555556,53.55555555555556,53.611111111111114,27.27777777777778,54.666666666666664,827.1666666666666,1124.6666666666667,1124.6666666666667,281.1666666666667,1687.35,1687.35,0.04765536723163842,0.2859915254237288
24,36.166666666666664,37.166666666666664,37.166666666666664,36.111111111111114,16.88888888888889,43.166666666666664,759.5,780.5,780.5,195.125,1486.2749999999999,1486.2749999999999,0.033072033898305084,0.2519110169491525
25,44.72222222222222,50.388888888888886,50.388888888888886,50.27777777777778,25.72222222222222,53.77777777777778,939.1666666666666,1058.1666666666665,1058.1666666666665,264.54166666666663,1861.125,1861.125,0.04483757062146892,0.3154449152542373
26,39.77777777777778,47.166666666666664,47.166666666666664,46.55555555555556,22.27777777777778,48.05555555555556,835.3333333333334,990.5,990.5,247.625,1667.6916666666666,1667.6916666666666,0.041970338983050845,0.282659604519774
27,49.05555555555556,54.333333333333336,54.333333333333336,54.666666666666664,27.666666666666668,58.05555555555556,1030.1666666666667,1141.0,1141.0,285.25,2036.5333333333333,2036.5333333333333,0.048347457627118645,0.34517514124293786
28,37.22222222222222,41.94444444444444,41.94444444444444,42.0,20.72222222222222,47.833333333333336,781.6666666666666,880.8333333333333,880.8333333333333,220.20833333333331,1549.0416666666665,1549.0416666666665,0.03732344632768361,0.26254943502824857
29,35.22222222222222,50.5,50.5,50.111111111111114,24.77777777777778,45.111111111111114,739.6666666666666,1060.5,1060.5,265.125,1522.5583333333332,1522.5583333333332,0.0449364406779661,0.2580607344632768
30,23.333333333333332,42.111111111111114,42.111111111111114,40.833333333333336,20.11111111111111,32.22222222222222,490.0,884.3333333333334,884.3333333333334,221.08333333333334,1054.0833333333333,1054.0833333333333,0.03747175141242938,0.17865819209039546
31,44.05555555555556,55.55555555555556,55.55555555555556,55.0,27.11111111111111,58.55555555555556,925.1666666666667,1166.6666666666667,1166.6666666666667,291.6666666666667,1864.4500000000003,1864.4500000000003,0.04943502824858757,0.31600847457627124
32,52.94444444444444,47.888888888888886,47.888888888888886,47.72222222222222,22.38888888888889,62.0,1111.8333333333333,1005.6666666666666,1005.6666666666666,251.41666666666666,2141.5333333333333,2141.5333333333333,0.042612994350282485,0.3629717514124294
33,34.72222222222222,49.111111111111114,49.111111111111114,48.5,24.88888888888889,50.94444444444444,729.1666666666666,1031.3333333333335,1031.3333333333335,257.83333333333337,1497.4166666666665,1497.4166666666665,0.04370056497175142,0.2537994350282486
34,37.94444444444444,47.111111111111114,47.111111111111114,46.833333333333336,22.61111111111111,46.0,796.8333333333333,989.3333333333334,989.3333333333334,247.33333333333334,1601.9499999999998,1601.9499999999998,0.04192090395480226,0.2715169491525423
35,37.333333333333336,38.72222222222222,38.72222222222222,37.611111111111114,19.61111111111111,41.05555555555556,784.0,813.1666666666666,813.1666666666666,203.29166666666666,1536.0916666666667,1536.0916666666667,0.03445621468926553,0.2603545197740113
36,46.0,50.666666666666664,50.666666666666664,50.27777777777778,24.944444444444443,55.666666666666664,966.0,1064.0,1064.0,266.0,1908.2,1908.2,0.04508474576271186,0.32342372881355935
37,49.333333333333336,60.611111111111114,60.611111111111114,60.27777777777778,30.22222222222222,62.833333333333336,1036.0,1272.8333333333335,1272.8333333333335,318.20833333333337,2079.4083333333333,2079.4083333333333,0.053933615819209045,0.35244209039548025
38,35.0,34.333333333333336,34.333333333333336,33.55555555555556,17.333333333333332,37.44444444444444,735.0,721.0,721.0,180.25,1429.75,1429.75,0.03055084745762712,0.24233050847457627
39,50.94444444444444,56.27777777777778,56.27777777777778,56.22222222222222,27.38888888888889,63.833333333333336,1069.8333333333333,1181.8333333333333,1181.8333333333333,295.4583333333333,2114.1749999999997,2114.1749999999997,0.050077683615819206,0.3583347457627118
40,59.44444444444444,65.11111111111111,65.11111111111111,64.61111111111111,30.88888888888889,68.27777777777777,1248.3333333333333,1367.3333333333335,1367.3333333333335,341.83333333333337,2464.0,2464.0,0.05793785310734464,0.4176271186440678
41,42.27777777777778,43.0,43.0,41.833333333333336,21.444444444444443,50.833333333333336,887.8333333333334,903.0,903.0,225.75,1735.0666666666666,1735.0666666666666,0.03826271186440678,0.2940790960451977
42,40.94444444444444,41.833333333333336,41.833333333333336,41.77777777777778,21.055555555555557,44.55555555555556,859.8333333333333,878.5,878.5,219.625,1681.3416666666665,1681.3416666666665,0.037224576271186444,0.2849731638418079
43,41.833333333333336,51.77777777777778,51.77777777777778,51.166666666666664,26.055555555555557,55.166666666666664,878.5,1087.3333333333333,1087.3333333333333,271.8333333333333,1765.2833333333333,1765.2833333333333,0.04607344632768361,0.2992005649717514
44,58.77777777777778,62.27777777777778,62.27777777777778,62.333333333333336,31.72222222222222,69.0,1234.3333333333333,1307.8333333333333,1307.8333333333333,326.9583333333333,2425.325,2425.325,0.05541666666666666,0.41107203389830504
45,49.94444444444444,46.333333333333336,46.333333333333336,46.0,23.055555555555557,57.611111111111114,1048.8333333333333,973.0,973.0,243.25,2026.2666666666664,2026.2666666666664,0.041228813559322036,0.3434350282485875
46,54.94444444444444,55.166666666666664,55.166666666666664,54.833333333333336,26.72222222222222,61.666666666666664,1153.8333333333333,1158.5,1158.5,289.625,2251.1416666666664,2251.1416666666664,0.04908898305084746,0.38154943502824856
47,44.611111111111114,54.388888888888886,54.388888888888886,53.5,25.555555555555557,55.111111111111114,936.8333333333334,1142.1666666666665,1142.1666666666665,285.54166666666663,1878.1583333333333,1878.1583333333333,0.04839689265536722,0.3183319209039548
48,46.166666666666664,43.388888888888886,43.388888888888886,42.27777777777778,21.444444444444443,52.666666666666664,969.5,911.1666666666666,911.1666666666666,227.79166666666666,1875.9416666666666,1875.9416666666666,0.03860875706214689,0.31795621468926555
49,35.05555555555556,44.5,44.5,44.666666666666664,23.055555555555557,38.333333333333336,736.1666666666667,934.5,934.5,233.625,1485.1083333333333,1485.1083333333333,0.039597457627118644,0.2517132768361582
50,37.833333333333336,51.72222222222222,51.72222222222222,50.05555555555556,25.444444444444443,48.72222222222222,794.5,1086.1666666666667,1086.1666666666667,271.5416666666667,1622.1916666666666,1622.1916666666666,0.04602401129943503,0.27494774011299433
51,47.166666666666664,59.5,59.5,58.333333333333336,29.555555555555557,60.833333333333336,990.5,1249.5,1249.5,312.375,1996.225,1996.225,0.052944915254237286,0.338343220338983
52,45.22222222222222,59.888888888888886,59.888888888888886,59.111111111111114,30.555555555555557,57.27777777777778,949.6666666666666,1257.6666666666665,1257.6666666666665,314.41666666666663,1928.85,1928.85,0.05329096045197739,0.3269237288135593
53,33.77777777777778,42.666666666666664,42.666666666666664,41.833333333333336,21.61111111111111,42.22222222222222,709.3333333333334,896.0,896.0,224.0,1429.8666666666668,1429.8666666666668,0.03796610169491525,0.24235028248587573
54,34.833333333333336,41.166666666666664,41.166666666666664,40.666666666666664,20.666666666666668,39.77777777777778,731.5,864.5,864.5,216.125,1459.675,1459.675,0.03663135593220339,0.24740254237288134
55,47.5,40.333333333333336,40.333333333333336,40.0,19.27777777777778,51.94444444444444,997.5,847.0,847.0,211.75,1907.5,1907.5,0.03588983050847458,0.3233050847457627
56,44.888888888888886,49.5,49.5,49.27777777777778,25.5,58.94444444444444,942.6666666666666,1039.5,1039.5,259.875,1862.4083333333333,1862.4083333333333,0.044046610169491525,0.31566242937853106
57,42.611111111111114,44.611111111111114,44.611111111111114,43.55555555555556,21.22222222222222,53.27777777777778,894.8333333333334,936.8333333333334,936.8333333333334,234.20833333333334,1755.425,1755.425,0.03969632768361582,0.29752966101694917
58,49.27777777777778,64.44444444444444,64.44444444444444,63.833333333333336,30.72222222222222,65.83333333333333,1034.8333333333333,1353.3333333333333,1353.3333333333333,338.3333333333333,2097.5499999999997,2097.5499999999997,0.057344632768361575,0.35551694915254234
59,55.27777777777778,50.333333333333336,50.333333333333336,49.611111111111114,23.833333333333332,64.77777777777777,1160.8333333333333,1057.0,1057.0,264.25,2237.6666666666665,2237.6666666666665,0.04478813559322034,0.3792655367231638
60,48.166666666666664,54.05555555555556,54.05555555555556,54.05555555555556,26.61111111111111,61.333333333333336,1011.5,1135.1666666666667,1135.1666666666667,283.7916666666667,2003.3416666666667,2003.3416666666667,0.04810028248587571,0.3395494350282486
61,43.22222222222222,47.666666666666664,47.666666666666664,47.388888888888886,23.444444444444443,53.27777777777778,907.6666666666666,1001.0,1001.0,250.25,1793.2833333333333,1793.2833333333333,0.04241525423728813,0.3039463276836158
62,42.55555555555556,46.166666666666664,46.166666666666664,45.5,23.666666666666668,45.666666666666664,893.6666666666667,969.5,969.5,242.375,1761.6083333333333,1761.6083333333333,0.04108050847457627,0.2985776836158192
63,45.77777777777778,49.94444444444444,49.94444444444444,48.666666666666664,23.666666666666668,54.27777777777778,961.3333333333334,1048.8333333333333,1048.8333333333333,262.2083333333333,1896.475,1896.475,0.04444209039548022,0.32143644067796606
64,44.666666666666664,43.72222222222222,43.72222222222222,43.22222222222222,20.555555555555557,51.166666666666664,938.0,918.1666666666666,918.1666666666666,229.54166666666666,1824.1416666666667,1824.1416666666667,0.03890536723163841,0.3091765536723164
65,51.111111111111114,57.611111111111114,57.611111111111114,57.111111111111114,27.88888888888889,64.77777777777777,1073.3333333333335,1209.8333333333335,1209.8333333333335,302.45833333333337,2127.1250000000005,2127.1250000000005,0.05126412429378532,0.3605296610169492
66,45.72222222222222,53.94444444444444,53.94444444444444,52.5,26.166666666666668,56.833333333333336,960.1666666666666,1132.8333333333333,1132.8333333333333,283.2083333333333,1915.4916666666666,1915.4916666666666,0.048001412429378526,0.324659604519774
67,47.666666666666664,54.5,54.5,53.55555555555556,25.61111111111111,61.611111111111114,1001.0,1144.5,1144.5,286.125,1987.825,1987.825,0.048495762711864406,0.3369194915254237
68,30.833333333333332,41.5,41.5,40.27777777777778,20.166666666666668,38.44444444444444,647.5,871.5,871.5,217.875,1318.625,1318.625,0.036927966101694916,0.22349576271186442
69,41.333333333333336,54.27777777777778,54.27777777777778,54.05555555555556,28.333333333333332,52.111111111111114,868.0,1139.8333333333333,1139.8333333333333,284.9583333333333,1760.5583333333332,1760.5583333333332,0.048298022598870054,0.29839971751412425
70,40.94444444444444,47.333333333333336,47.333333333333336,47.0,24.555555555555557,46.666666666666664,859.8333333333333,994.0,994.0,248.5,1710.2166666666665,1710.2166666666665,0.04211864406779661,0.28986723163841804
71,52.111111111111114,61.22222222222222,61.22222222222222,60.333333333333336,29.61111111111111,67.66666666666667,1094.3333333333335,1285.6666666666667,1285.6666666666667,321.4166666666667,2181.7833333333333,2181.7833333333333,0.05447740112994351,0.3697937853107345
72,50.72222222222222,45.166666666666664,45.166666666666664,45.166666666666664,23.5,55.77777777777778,1065.1666666666667,948.5,948.5,237.125,2047.9083333333333,2047.9083333333333,0.04019067796610169,0.3471031073446328
73,36.888888888888886,52.111111111111114,52.111111111111114,50.72222222222222,25.11111111111111,46.05555555555556,774.6666666666666,1094.3333333333335,1094.3333333333335,273.58333333333337,1590.5166666666664,1590.5166666666664,0.04637005649717515,0.2695790960451977
74,39.888888888888886,62.77777777777778,62.77777777777778,61.333333333333336,30.27777777777778,59.72222222222222,837.6666666666666,1318.3333333333333,1318.3333333333333,329.5833333333333,1753.6166666666666,1753.6166666666666,0.05586158192090395,0.2972231638418079
75,54.388888888888886,58.22222222222222,58.22222222222222,58.5,28.666666666666668,66.0,1142.1666666666665,1222.6666666666667,1222.6666666666667,305.6666666666667,2247.3499999999995,2247.3499999999995,0.05180790960451978,0.3809067796610169
76,48.0,58.611111111111114,58.611111111111114,57.0,28.5,61.72222222222222,1008.0,1230.8333333333335,1230.8333333333335,307.70833333333337,2021.3083333333334,2021.3083333333334,0.05215395480225989,0.3425946327683616
77,49.0,52.55555555555556,52.55555555555556,51.72222222222222,25.833333333333332,61.333333333333336,1029.0,1103.6666666666667,1103.6666666666667,275.9166666666667,2025.2166666666667,2025.2166666666667,0.046765536723163845,0.34325706214689267
78,43.111111111111114,50.833333333333336,50.833333333333336,50.44444444444444,26.0,52.5,905.3333333333334,1067.5,1067.5,266.875,1805.9416666666666,1805.9416666666666,0.04523305084745763,0.3060918079096045
79,43.833333333333336,53.05555555555556,53.05555555555556,51.833333333333336,26.61111111111111,49.55555555555556,920.5,1114.1666666666667,1114.1666666666667,278.5416666666667,1843.3916666666667,1843.3916666666667,0.04721045197740113,0.3124392655367232
80,53.833333333333336,58.611111111111114,58.611111111111114,58.44444444444444,29.77777777777778,56.72222222222222,1130.5,1230.8333333333335,1230.8333333333335,307.70833333333337,2229.5583333333334,2229.5583333333334,0.05215395480225989,0.37789124293785314
81,35.05555555555556,49.27777777777778,49.27777777777778,49.27777777777778,24.5,42.5,736.1666666666667,1034.8333333333333,1034.8333333333333,258.7083333333333,1510.1916666666666,1510.1916666666666,0.04384887005649717,0.2559646892655367
82,40.72222222222222,52.611111111111114,52.611111111111114,51.111111111111114,25.0,53.5,855.1666666666666,1104.8333333333335,1104.8333333333335,276.20833333333337,1729.9916666666668,1729.9916666666668,0.046814971751412436,0.2932189265536723
83,39.72222222222222,50.111111111111114,50.111111111111114,49.94444444444444,24.833333333333332,48.94444444444444,834.1666666666666,1052.3333333333335,1052.3333333333335,263.08333333333337,1681.1666666666665,1681.1666666666665,0.044590395480225996,0.28494350282485875
84,31.27777777777778,41.333333333333336,41.333333333333336,40.72222222222222,21.0,37.166666666666664,656.8333333333334,868.0,868.0,217.0,1333.6166666666668,1333.6166666666668,0.036779661016949156,0.22603672316384182
85,39.833333333333336,57.111111111111114,57.111111111111114,56.05555555555556,28.333333333333332,48.611111111111114,836.5,1199.3333333333335,1199.3333333333335,299.83333333333337,1721.8833333333332,1721.8833333333332,0.05081920903954803,0.29184463276836153
86,48.55555555555556,42.666666666666664,42.666666666666664,42.388888888888886,19.61111111111111,55.55555555555556,1019.6666666666667,896.0,896.0,224.0,1957.4333333333334,1957.4333333333334,0.03796610169491525,0.3317683615819209
87,41.5,54.77777777777778,54.77777777777778,54.44444444444444,29.055555555555557,56.0,871.5,1150.3333333333333,1150.3333333333333,287.5833333333333,1769.1333333333332,1769.1333333333332,0.04874293785310734,0.2998531073446328
88,35.22222222222222,37.55555555555556,37.55555555555556,36.77777777777778,17.77777777777778,41.388888888888886,739.6666666666666,788.6666666666667,788.6666666666667,197.16666666666669,1454.6,1454.6,0.0334180790960452,0.24654237288135591
89,34.388888888888886,50.388888888888886,50.388888888888886,49.55555555555556,24.666666666666668,40.05555555555556,722.1666666666666,1058.1666666666665,1058.1666666666665,264.54166666666663,1492.225,1492.225,0.04483757062146892,0.2529194915254237
90,47.666666666666664,62.27777777777778,62.27777777777778,61.27777777777778,31.61111111111111,61.94444444444444,1001.0,1307.8333333333333,1307.8333333333333,326.9583333333333,2028.6583333333333,2028.6583333333333,0.05541666666666666,0.343840395480226
91,48.888888888888886,55.77777777777778,55.77777777777778,55.55555555555556,26.77777777777778,64.0,1026.6666666666665,1171.3333333333333,1171.3333333333333,292.8333333333333,2038.1666666666663,2038.1666666666663,0.04963276836158192,0.3454519774011299
92,46.72222222222222,58.55555555555556,58.55555555555556,57.333333333333336,29.944444444444443,54.05555555555556,981.1666666666666,1229.6666666666667,1229.6666666666667,307.4166666666667,1975.3999999999999,1975.3999999999999,0.0521045197740113,0.3348135593220339
93,46.55555555555556,58.0,58.0,57.5,29.11111111111111,57.388888888888886,977.6666666666667,1218.0,1218.0,304.5,1966.5333333333335,1966.5333333333335,0.05161016949152542,0.33331073446327686
94,37.0,43.27777777777778,43.27777777777778,42.388888888888886,21.61111111111111,42.05555555555556,777.0,908.8333333333334,908.8333333333334,227.20833333333334,1548.1083333333331,1548.1083333333331,0.038509887005649716,0.2623912429378531
95,42.44444444444444,52.166666666666664,52.166666666666664,51.44444444444444,24.944444444444443,51.611111111111114,891.3333333333333,1095.5,1095.5,273.875,1789.1416666666664,1789.1416666666664,0.046419491525423726,0.3032443502824858
96,47.166666666666664,54.611111111111114,54.611111111111114,54.05555555555556,27.38888888888889,54.333333333333336,990.5,1146.8333333333335,1146.8333333333335,286.70833333333337,1970.5583333333334,1970.5583333333334,0.04859463276836159,0.33399293785310735
97,47.77777777777778,64.94444444444444,64.94444444444444,63.94444444444444,31.5,56.666666666666664,1003.3333333333334,1363.8333333333333,1363.8333333333333,340.9583333333333,2046.625,2046.625,0.05778954802259887,0.34688559322033896
98,47.94444444444444,67.94444444444444,67.94444444444444,66.94444444444444,33.111111111111114,67.94444444444444,1006.8333333333333,1426.8333333333333,1426.8333333333333,356.7083333333333,2068.325,2068.325,0.0604590395480226,0.35056355932203387
99,37.166666666666664,54.44444444444444,54.44444444444444,53.55555555555556,27.555555555555557,51.888888888888886,780.5,1143.3333333333333,1143.3333333333333,285.8333333333333,1612.6833333333332,1612.6833333333332,0.048446327683615814,0.2733361581920904
100,46.666666666666664,50.72222222222222,50.72222222222222,50.44444444444444,25.833333333333332,56.833333333333336,980.0,1065.1666666666667,1065.1666666666667,266.2916666666667,1932.2916666666667,1932.2916666666667,0.04513418079096045,0.3275070621468927
101,43.5,42.833333333333336,42.833333333333336,42.333333333333336,20.61111111111111,52.611111111111114,913.5,899.5,899.5,224.875,1777.825,1777.825,0.03811440677966102,0.3013262711864407
102,48.94444444444444,59.5,59.5,59.05555555555556,28.444444444444443,62.22222222222222,1027.8333333333333,1249.5,1249.5,312.375,2059.6916666666666,2059.6916666666666,0.052944915254237286,0.3491002824858757
103,45.72222222222222,62.888888888888886,62.888888888888886,63.333333333333336,31.666666666666668,54.55555555555556,960.1666666666666,1320.6666666666665,1320.6666666666665,330.16666666666663,1962.4499999999998,1962.4499999999998,0.05596045197740113,0.33261864406779657
104,47.22222222222222,61.333333333333336,61.333333333333336,60.27777777777778,31.5,56.888888888888886,991.6666666666666,1288.0,1288.0,322.0,2007.8333333333333,2007.8333333333333,0.05457627118644068,0.3403107344632768
105,39.44444444444444,42.0,42.0,40.833333333333336,19.944444444444443,49.333333333333336,828.3333333333333,882.0,882.0,220.5,1628.6666666666665,1628.6666666666665,0.037372881355932204,0.276045197740113
106,48.888888888888886,63.611111111111114,63.611111111111114,63.0,30.72222222222222,67.16666666666667,1026.6666666666665,1335.8333333333335,1335.8333333333335,333.95833333333337,2079.2916666666665,2079.2916666666665,0.05660310734463277,0.35242231638418076
107,42.22222222222222,51.611111111111114,51.611111111111114,49.666666666666664,23.38888888888889,53.833333333333336,886.6666666666666,1083.8333333333335,1083.8333333333335,270.95833333333337,1778.2916666666665,1778.2916666666665,0.04592514124293786,0.3014053672316384
108,39.22222222222222,56.94444444444444,56.94444444444444,56.888888888888886,29.166666666666668,48.44444444444444,823.6666666666666,1195.8333333333333,1195.8333333333333,298.9583333333333,1699.1916666666664,1699.1916666666664,0.050670903954802254,0.2879985875706214
109,53.05555555555556,57.22222222222222,57.22222222222222,57.22222222222222,28.11111111111111,70.11111111111111,1114.1666666666667,1201.6666666666667,1201.6666666666667,300.4166666666667,2194.5,2194.5,0.0509180790960452,0.3719491525423729
110,46.77777777777778,54.94444444444444,54.94444444444444,54.5,27.38888888888889,53.55555555555556,982.3333333333334,1153.8333333333333,1153.8333333333333,288.4583333333333,1958.425,1958.425,0.0488912429378531,0.33193644067796607
111,40.166666666666664,53.611111111111114,53.611111111111114,52.611111111111114,26.27777777777778,48.333333333333336,843.5,1125.8333333333335,1125.8333333333335,281.45833333333337,1715.4083333333333,1715.4083333333333,0.04770480225988701,0.29074717514124293
112,51.44444444444444,59.833333333333336,59.833333333333336,59.27777777777778,30.38888888888889,63.388888888888886,1080.3333333333333,1256.5,1256.5,314.125,2150.6916666666666,2150.6916666666666,0.053241525423728814,0.364524011299435
113,30.72222222222222,37.833333333333336,37.833333333333336,36.77777777777778,18.38888888888889,42.27777777777778,645.1666666666666,794.5,794.5,198.625,1295.4083333333333,1295.4083333333333,0.03366525423728813,0.21956073446327684
114,54.166666666666664,55.5,55.5,54.388888888888886,26.61111111111111,67.88888888888889,1137.5,1165.5,1165.5,291.375,2225.125,2225.125,0.04938559322033898,0.37713983050847455
115,37.166666666666664,50.05555555555556,50.05555555555556,49.22222222222222,24.444444444444443,43.27777777777778,780.5,1051.1666666666667,1051.1666666666667,262.7916666666667,1589.6416666666667,1589.6416666666667,0.044540960451977404,0.26943079096045197
116,44.833333333333336,53.388888888888886,53.388888888888886,52.5,24.77777777777778,57.94444444444444,941.5,1121.1666666666665,1121.1666666666665,280.29166666666663,1880.8416666666667,1880.8416666666667,0.04750706214689265,0.3187867231638418
117,42.77777777777778,46.333333333333336,46.333333333333336,46.166666666666664,24.38888888888889,41.05555555555556,898.3333333333334,973.0,973.0,243.25,1770.4166666666667,1770.4166666666667,0.041228813559322036,0.30007062146892655
118,33.333333333333336,47.166666666666664,47.166666666666664,46.72222222222222,22.555555555555557,47.666666666666664,700.0,990.5,990.5,247.625,1437.625,1437.625,0.041970338983050845,0.24366525423728813
119,48.27777777777778,62.72222222222222,62.72222222222222,61.94444444444444,30.555555555555557,60.166666666666664,1013.8333333333334,1317.1666666666667,1317.1666666666667,329.2916666666667,2052.8083333333334,2052.8083333333334,0.05581214689265537,0.34793361581920906
120,33.0,39.27777777777778,39.27777777777778,38.666666666666664,18.444444444444443,40.44444444444444,693.0,824.8333333333334,824.8333333333334,206.20833333333334,1384.3083333333332,1384.3083333333332,0.03495056497175141,0.2346285310734463
121,46.72222222222222,67.22222222222223,67.22222222222223,66.38888888888889,33.77777777777778,60.0,981.1666666666666,1411.6666666666667,1411.6666666666667,352.9166666666667,2020.8999999999999,2020.8999999999999,0.059816384180790966,0.34252542372881356
122,38.5,41.94444444444444,41.94444444444444,41.27777777777778,21.22222222222222,43.77777777777778,808.5,880.8333333333333,880.8333333333333,220.20833333333331,1594.6583333333333,1594.6583333333333,0.03732344632768361,0.2702810734463277
123,36.666666666666664,38.72222222222222,38.72222222222222,38.5,20.22222222222222,40.5,770.0,813.1666666666666,813.1666666666666,203.29166666666666,1512.2916666666667,1512.2916666666667,0.03445621468926553,0.2563206214689266
124,47.5,55.5,55.5,54.72222222222222,27.555555555555557,58.333333333333336,997.5,1165.5,1165.5,291.375,1987.125,1987.125,0.04938559322033898,0.3368008474576271
125,49.833333333333336,54.888888888888886,54.888888888888886,54.27777777777778,27.666666666666668,58.22222222222222,1046.5,1152.6666666666665,1152.6666666666665,288.16666666666663,2067.2166666666667,2067.2166666666667,0.04884180790960451,0.3503757062146893
126,38.833333333333336,55.44444444444444,55.44444444444444,54.888888888888886,27.944444444444443,49.888888888888886,815.5,1164.3333333333333,1164.3333333333333,291.0833333333333,1677.4333333333332,1677.4333333333332,0.04933615819209039,0.2843107344632768
127,43.166666666666664,42.388888888888886,42.388888888888886,42.5,20.11111111111111,55.05555555555556,906.5,890.1666666666666,890.1666666666666,222.54166666666666,1763.5916666666667,1763.5916666666667,0.037718926553672316,0.2989138418079096
128,45.22222222222222,60.05555555555556,60.05555555555556,59.611111111111114,28.833333333333332,54.388888888888886,949.6666666666666,1261.1666666666667,1261.1666666666667,315.2916666666667,1929.725,1929.725,0.053439265536723166,0.3270720338983051
129,38.388888888888886,46.94444444444444,46.94444444444444,46.0,22.333333333333332,51.05555555555556,806.1666666666666,985.8333333333333,985.8333333333333,246.45833333333331,1616.9416666666664,1616.9416666666664,0.04177259887005649,0.2740579096045197
130,41.111111111111114,43.388888888888886,43.388888888888886,43.05555555555556,21.944444444444443,44.27777777777778,863.3333333333334,911.1666666666666,911.1666666666666,227.79166666666666,1695.4583333333335,1695.4583333333335,0.03860875706214689,0.2873658192090396
131,41.0,47.111111111111114,47.111111111111114,45.77777777777778,23.72222222222222,47.55555555555556,861.0,989.3333333333334,989.3333333333334,247.33333333333334,1711.0333333333333,1711.0333333333333,0.04192090395480226,0.29000564971751414
132,35.166666666666664,49.166666666666664,49.166666666666664,48.55555555555556,24.166666666666668,37.05555555555556,738.5,1032.5,1032.5,258.125,1513.575,1513.575,0.04375,0.25653813559322036
133,45.5,59.888888888888886,59.888888888888886,59.55555555555556,29.944444444444443,61.27777777777778,955.5,1257.6666666666665,1257.6666666666665,314.41666666666663,1938.7666666666664,1938.7666666666664,0.05329096045197739,0.3286045197740113
134,51.5,68.83333333333333,68.83333333333333,67.88888888888889,32.833333333333336,69.0,1081.5,1445.5,1445.5,361.375,2199.925,2199.925,0.06125,0.37286864406779663
135,47.611111111111114,51.05555555555556,51.05555555555556,50.55555555555556,25.444444444444443,59.333333333333336,999.8333333333334,1072.1666666666667,1072.1666666666667,268.0416666666667,1967.7583333333334,1967.7583333333334,0.04543079096045198,0.33351836158192094
136,27.77777777777778,36.72222222222222,36.72222222222222,36.388888888888886,20.166666666666668,33.833333333333336,583.3333333333334,771.1666666666666,771.1666666666666,192.79166666666666,1184.4583333333335,1184.4583333333335,0.03267655367231638,0.20075564971751414
137,42.166666666666664,52.77777777777778,52.77777777777778,52.72222222222222,26.944444444444443,48.55555555555556,885.5,1108.3333333333333,1108.3333333333333,277.0833333333333,1782.4333333333332,1782.4333333333332,0.04696327683615819,0.30210734463276834
138,40.166666666666664,54.888888888888886,54.888888888888886,53.666666666666664,26.666666666666668,47.166666666666664,843.5,1152.6666666666665,1152.6666666666665,288.16666666666663,1722.1166666666668,1722.1166666666668,0.04884180790960451,0.29188418079096046
139,40.388888888888886,42.0,42.0,41.44444444444444,19.555555555555557,51.27777777777778,848.1666666666666,882.0,882.0,220.5,1662.3833333333332,1662.3833333333332,0.037372881355932204,0.2817598870056497
140,35.55555555555556,48.166666666666664,48.166666666666664,47.55555555555556,23.166666666666668,45.27777777777778,746.6666666666667,1011.5,1011.5,252.875,1522.2083333333335,1522.2083333333335,0.04286016949152542,0.2580014124293786
141,42.333333333333336,55.888888888888886,55.888888888888886,55.111111111111114,27.5,54.833333333333336,889.0,1173.6666666666665,1173.6666666666665,293.41666666666663,1804.7166666666667,1804.7166666666667,0.04973163841807909,0.30588418079096047
142,52.888888888888886,51.55555555555556,51.55555555555556,50.77777777777778,25.055555555555557,67.5,1110.6666666666665,1082.6666666666667,1082.6666666666667,270.6666666666667,2158.7999999999997,2158.7999999999997,0.04587570621468927,0.3658983050847457
143,34.27777777777778,40.111111111111114,40.111111111111114,39.611111111111114,20.0,40.44444444444444,719.8333333333334,842.3333333333334,842.3333333333334,210.58333333333334,1434.3,1434.3,0.03569209039548023,0.24310169491525424
144,53.5,59.55555555555556,59.55555555555556,59.111111111111114,29.72222222222222,66.88888888888889,1123.5,1250.6666666666667,1250.6666666666667,312.6666666666667,2222.616666666667,2222.616666666667,0.05299435028248588,0.37671468926553675
145,44.22222222222222,46.0,46.0,44.72222222222222,21.833333333333332,52.666666666666664,928.6666666666666,966.0,966.0,241.5,1820.2333333333331,1820.2333333333331,0.04093220338983051,0.3085141242937853
146,42.166666666666664,51.833333333333336,51.833333333333336,51.05555555555556,26.166666666666668,56.611111111111114,885.5,1088.5,1088.5,272.125,1777.475,1777.475,0.046122881355932205,0.3012669491525424
147,38.833333333333336,50.22222222222222,50.22222222222222,50.77777777777778,26.5,43.55555555555556,815.5,1054.6666666666667,1054.6666666666667,263.6666666666667,1650.0166666666667,1650.0166666666667,0.044689265536723165,0.2796638418079096
148,50.94444444444444,55.0,55.0,54.94444444444444,27.72222222222222,58.111111111111114,1069.8333333333333,1155.0,1155.0,288.75,2107.4666666666662,2107.4666666666662,0.048940677966101694,0.35719774011299427
149,54.166666666666664,51.05555555555556,51.05555555555556,51.0,26.0,60.72222222222222,1137.5,1072.1666666666667,1072.1666666666667,268.0416666666667,2201.7916666666665,2201.7916666666665,0.04543079096045198,0.37318502824858757
150,49.833333333333336,65.77777777777777,65.77777777777777,65.22222222222223,32.94444444444444,67.05555555555556,1046.5,1381.3333333333333,1381.3333333333333,345.3333333333333,2124.383333333333,2124.383333333333,0.05853107344632768,0.3600649717514124
151,33.27777777777778,34.333333333333336,34.333333333333336,33.77777777777778,17.444444444444443,35.27777777777778,698.8333333333334,721.0,721.0,180.25,1368.2666666666667,1368.2666666666667,0.03055084745762712,0.23190960451977402
152,64.38888888888889,67.11111111111111,67.11111111111111,65.88888888888889,31.555555555555557,83.72222222222223,1352.1666666666665,1409.3333333333335,1409.3333333333335,352.33333333333337,2651.0166666666664,2651.0166666666664,0.05971751412429379,0.44932485875706213
153,38.44444444444444,45.55555555555556,45.55555555555556,45.27777777777778,22.61111111111111,42.333333333333336,807.3333333333333,956.6666666666667,956.6666666666667,239.16666666666669,1611.6333333333332,1611.6333333333332,0.04053672316384181,0.27315819209039544
154,42.5,50.77777777777778,50.77777777777778,50.27777777777778,25.444444444444443,51.72222222222222,892.5,1066.3333333333333,1066.3333333333333,266.5833333333333,1783.8333333333333,1783.8333333333333,0.04518361581920904,0.30234463276836154
155,40.166666666666664,52.888888888888886,52.888888888888886,52.22222222222222,25.055555555555557,50.833333333333336,843.5,1110.6666666666665,1110.6666666666665,277.66666666666663,1711.6166666666668,1711.6166666666668,0.04706214689265536,0.2901045197740113
156,40.611111111111114,48.166666666666664,48.166666666666664,47.72222222222222,23.22222222222222,54.27777777777778,852.8333333333334,1011.5,1011.5,252.875,1702.6916666666666,1702.6916666666666,0.04286016949152542,0.28859180790960454
157,38.72222222222222,49.888888888888886,49.888888888888886,49.27777777777778,24.61111111111111,49.666666666666664,813.1666666666666,1047.6666666666665,1047.6666666666665,261.91666666666663,1644.2999999999997,1644.2999999999997,0.04439265536723163,0.27869491525423723
158,45.22222222222222,56.27777777777778,56.27777777777778,55.888888888888886,28.055555555555557,60.5,949.6666666666666,1181.8333333333333,1181.8333333333333,295.4583333333333,1909.8916666666664,1909.8916666666664,0.050077683615819206,0.3237104519774011
159,52.666666666666664,56.111111111111114,56.111111111111114,54.833333333333336,27.333333333333332,64.44444444444444,1106.0,1178.3333333333335,1178.3333333333335,294.58333333333337,2174.7833333333333,2174.7833333333333,0.04992937853107345,0.36860734463276834
160,41.5,51.888888888888886,51.888888888888886,50.77777777777778,24.833333333333332,50.27777777777778,871.5,1089.6666666666665,1089.6666666666665,272.41666666666663,1753.9666666666667,1753.9666666666667,0.04617231638418078,0.2972824858757062
161,35.72222222222222,44.0,44.0,43.611111111111114,21.77777777777778,41.05555555555556,750.1666666666666,924.0,924.0,231.0,1506.2833333333333,1506.2833333333333,0.039152542372881356,0.25530225988700567
162,36.611111111111114,50.166666666666664,50.166666666666664,48.94444444444444,23.666666666666668,48.44444444444444,768.8333333333334,1053.5,1053.5,263.375,1570.3916666666667,1570.3916666666667,0.04463983050847457,0.2661680790960452
163,34.94444444444444,45.5,45.5,44.388888888888886,23.0,42.72222222222222,733.8333333333333,955.5,955.5,238.875,1486.3916666666664,1486.3916666666664,0.04048728813559322,0.25193079096045196
164,42.166666666666664,43.72222222222222,43.72222222222222,43.27777777777778,22.5,48.5,885.5,918.1666666666666,918.1666666666666,229.54166666666666,1734.8916666666667,1734.8916666666667,0.03890536723163841,0.2940494350282486
165,49.166666666666664,59.94444444444444,59.94444444444444,59.666666666666664,30.5,58.388888888888886,1032.5,1258.8333333333333,1258.8333333333333,314.7083333333333,2069.9583333333335,2069.9583333333335,0.05334039548022598,0.350840395480226
166,41.94444444444444,44.44444444444444,44.44444444444444,44.166666666666664,20.666666666666668,52.22222222222222,880.8333333333333,933.3333333333333,933.3333333333333,233.33333333333331,1730.7499999999998,1730.7499999999998,0.03954802259887005,0.2933474576271186
167,37.0,36.611111111111114,36.611111111111114,35.77777777777778,17.5,39.27777777777778,777.0,768.8333333333334,768.8333333333334,192.20833333333334,1513.1083333333331,1513.1083333333331,0.03257768361581921,0.25645903954802257
168,44.5,48.0,48.0,47.44444444444444,24.166666666666668,55.5,934.5,1008.0,1008.0,252.0,1840.6499999999999,1840.6499999999999,0.04271186440677966,0.3119745762711864
169,27.555555555555557,40.5,40.5,40.166666666666664,21.77777777777778,29.11111111111111,578.6666666666667,850.5,850.5,212.625,1196.3583333333336,1196.3583333333336,0.03603813559322034,0.20277259887005653
170,41.333333333333336,45.111111111111114,45.111111111111114,44.833333333333336,22.333333333333332,46.22222222222222,868.0,947.3333333333334,947.3333333333334,236.83333333333334,1712.4333333333332,1712.4333333333332,0.04014124293785311,0.29024293785310734
171,54.77777777777778,64.72222222222223,64.72222222222223,63.5,31.61111111111111,74.61111111111111,1150.3333333333333,1359.1666666666667,1359.1666666666667,339.7916666666667,2295.358333333333,2295.358333333333,0.057591807909604525,0.3890437853107344
172,41.888888888888886,45.22222222222222,45.22222222222222,43.44444444444444,22.0,47.611111111111114,879.6666666666666,949.6666666666666,949.6666666666666,237.41666666666666,1732.85,1732.85,0.040240112994350284,0.2937033898305085
173,43.94444444444444,57.388888888888886,57.388888888888886,56.333333333333336,28.38888888888889,54.72222222222222,922.8333333333333,1205.1666666666665,1205.1666666666665,301.29166666666663,1870.1083333333331,1870.1083333333331,0.05106638418079095,0.31696751412429375
174,33.55555555555556,42.72222222222222,42.72222222222222,41.94444444444444,21.944444444444443,40.666666666666664,704.6666666666667,897.1666666666666,897.1666666666666,224.29166666666666,1422.2250000000001,1422.2250000000001,0.03801553672316384,0.24105508474576273
175,31.444444444444443,37.72222222222222,37.72222222222222,36.0,17.944444444444443,34.94444444444444,660.3333333333333,792.1666666666666,792.1666666666666,198.04166666666666,1320.6083333333333,1320.6083333333333,0.033566384180790956,0.22383192090395482
176,35.611111111111114,51.05555555555556,51.05555555555556,50.77777777777778,25.27777777777778,49.166666666666664,747.8333333333334,1072.1666666666667,1072.1666666666667,268.0416666666667,1539.3583333333333,1539.3583333333333,0.04543079096045198,0.2609081920903955
177,37.94444444444444,47.5,47.5,46.94444444444444,23.833333333333332,48.333333333333336,796.8333333333333,997.5,997.5,249.375,1603.9916666666666,1603.9916666666666,0.04226694915254237,0.2718629943502825
178,47.94444444444444,50.5,50.5,50.27777777777778,24.944444444444443,56.388888888888886,1006.8333333333333,1060.5,1060.5,265.125,1976.7416666666666,1976.7416666666666,0.0449364406779661,0.3350409604519774
179,30.61111111111111,46.166666666666664,46.166666666666664,46.0,23.055555555555557,41.388888888888886,642.8333333333334,969.5,969.5,242.375,1335.1916666666666,1335.1916666666666,0.04108050847457627,0.22630367231638418
180,52.55555555555556,50.77777777777778,50.77777777777778,50.77777777777778,25.77777777777778,57.55555555555556,1103.6666666666667,1066.3333333333333,1066.3333333333333,266.5833333333333,2142.8166666666666,2142.8166666666666,0.04518361581920904,0.36318926553672315
181,54.27777777777778,54.0,54.0,53.55555555555556,26.77777777777778,63.77777777777778,1139.8333333333333,1134.0,1134.0,283.5,2221.2166666666662,2221.2166666666662,0.04805084745762712,0.37647740112994343
182,38.388888888888886,45.94444444444444,45.94444444444444,45.166666666666664,22.72222222222222,49.55555555555556,806.1666666666666,964.8333333333333,964.8333333333333,241.20833333333331,1611.6916666666664,1611.6916666666664,0.04088276836158192,0.2731680790960451
183,43.55555555555556,52.111111111111114,52.111111111111114,50.77777777777778,25.0,59.833333333333336,914.6666666666667,1094.3333333333335,1094.3333333333335,273.58333333333337,1828.5166666666669,1828.5166666666669,0.04637005649717515,0.30991807909604524
184,47.611111111111114,55.94444444444444,55.94444444444444,55.0,27.38888888888889,59.22222222222222,999.8333333333334,1174.8333333333333,1174.8333333333333,293.7083333333333,1993.425,1993.425,0.04978107344632768,0.3378686440677966
185,39.94444444444444,51.55555555555556,51.55555555555556,50.833333333333336,26.27777777777778,51.94444444444444,838.8333333333333,1082.6666666666667,1082.6666666666667,270.6666666666667,1696.6833333333332,1696.6833333333332,0.04587570621468927,0.2875734463276836
186,45.72222222222222,69.72222222222223,69.72222222222223,69.27777777777777,34.77777777777778,62.611111111111114,960.1666666666666,1464.1666666666667,1464.1666666666667,366.0416666666667,1998.325,1998.325,0.062040960451977406,0.33869915254237287
187,53.666666666666664,53.72222222222222,53.72222222222222,53.333333333333336,25.88888888888889,65.33333333333333,1127.0,1128.1666666666667,1128.1666666666667,282.0416666666667,2197.9416666666666,2197.9416666666666,0.04780367231638418,0.3725324858757062
188,40.333333333333336,48.388888888888886,48.388888888888886,47.333333333333336,23.555555555555557,48.22222222222222,847.0,1016.1666666666666,1016.1666666666666,254.04166666666666,1693.9416666666666,1693.9416666666666,0.04305790960451977,0.2871087570621469
189,55.166666666666664,59.5,59.5,59.22222222222222,28.5,70.94444444444444,1158.5,1249.5,1249.5,312.375,2281.825,2281.825,0.052944915254237286,0.38675
190,57.27777777777778,63.833333333333336,63.833333333333336,63.388888888888886,30.444444444444443,69.44444444444444,1202.8333333333333,1340.5,1340.5,335.125,2379.9416666666666,2379.9416666666666,0.05680084745762712,0.40337994350282486
191,32.333333333333336,53.833333333333336,53.833333333333336,53.27777777777778,27.333333333333332,48.666666666666664,679.0,1130.5,1130.5,282.625,1436.925,1436.925,0.04790254237288136,0.24354661016949153
192,34.5,51.888888888888886,51.888888888888886,51.55555555555556,25.88888888888889,42.666666666666664,724.5,1089.6666666666665,1089.6666666666665,272.41666666666663,1504.0666666666666,1504.0666666666666,0.04617231638418078,0.25492655367231637
193,46.55555555555556,45.55555555555556,45.55555555555556,44.77777777777778,20.333333333333332,61.22222222222222,977.6666666666667,956.6666666666667,956.6666666666667,239.16666666666669,1901.2000000000003,1901.2000000000003,0.04053672316384181,0.32223728813559327
194,45.0,45.77777777777778,45.77777777777778,45.333333333333336,19.88888888888889,57.77777777777778,945.0,961.3333333333334,961.3333333333334,240.33333333333334,1846.8333333333333,1846.8333333333333,0.04073446327683616,0.3130225988700565
195,43.05555555555556,43.44444444444444,43.44444444444444,41.77777777777778,20.444444444444443,47.44444444444444,904.1666666666667,912.3333333333333,912.3333333333333,228.08333333333331,1765.1666666666667,1765.1666666666667,0.03865819209039548,0.29918079096045197
196,47.833333333333336,64.94444444444444,64.94444444444444,64.55555555555556,33.333333333333336,58.111111111111114,1004.5,1363.8333333333333,1363.8333333333333,340.9583333333333,2048.608333333333,2048.608333333333,0.05778954802259887,0.34722175141242934
197,58.22222222222222,60.388888888888886,60.388888888888886,60.05555555555556,31.77777777777778,66.66666666666667,1222.6666666666667,1268.1666666666665,1268.1666666666665,317.04166666666663,2395.575,2395.575,0.05373587570621468,0.4060296610169491
198,35.166666666666664,35.111111111111114,35.111111111111114,33.94444444444444,16.77777777777778,36.333333333333336,738.5,737.3333333333334,737.3333333333334,184.33333333333334,1439.7833333333333,1439.7833333333333,0.031242937853107347,0.24403107344632768
199,50.27777777777778,55.388888888888886,55.388888888888886,55.111111111111114,27.944444444444443,58.0,1055.8333333333333,1163.1666666666665,1163.1666666666665,290.79166666666663,2085.708333333333,2085.708333333333,0.0492867231638418,0.35350988700564967
200,43.72222222222222,44.77777777777778,44.77777777777778,44.611111111111114,21.11111111111111,54.888888888888886,918.1666666666666,940.3333333333334,940.3333333333334,235.08333333333334,1795.9666666666665,1795.9666666666665,0.03984463276836158,0.30440112994350277
201,44.5,48.666666666666664,48.666666666666664,47.888888888888886,24.38888888888889,52.0,934.5,1022.0,1022.0,255.5,1844.1499999999999,1844.1499999999999,0.04330508474576271,0.3125677966101695
202,49.611111111111114,59.5,59.5,59.5,30.38888888888889,54.5,1041.8333333333335,1249.5,1249.5,312.375,2083.491666666667,2083.491666666667,0.052944915254237286,0.3531341807909605
203,33.833333333333336,42.5,42.5,41.333333333333336,20.72222222222222,40.94444444444444,710.5,892.5,892.5,223.125,1430.975,1430.975,0.03781779661016949,0.24253813559322032
204,54.333333333333336,55.55555555555556,55.55555555555556,54.94444444444444,26.0,68.11111111111111,1141.0,1166.6666666666667,1166.6666666666667,291.6666666666667,2231.366666666667,2231.366666666667,0.04943502824858757,0.3781977401129944
205,41.388888888888886,51.55555555555556,51.55555555555556,51.44444444444444,27.0,50.72222222222222,869.1666666666666,1082.6666666666667,1082.6666666666667,270.6666666666667,1748.25,1748.25,0.04587570621468927,0.2963135593220339
206,44.611111111111114,40.166666666666664,40.166666666666664,40.05555555555556,19.0,54.111111111111114,936.8333333333334,843.5,843.5,210.875,1803.4916666666668,1803.4916666666668,0.03574152542372881,0.3056765536723164
207,35.0,44.333333333333336,44.333333333333336,43.94444444444444,22.444444444444443,39.666666666666664,735.0,931.0,931.0,232.75,1482.25,1482.25,0.039449152542372884,0.25122881355932203
208,49.22222222222222,55.55555555555556,55.55555555555556,54.888888888888886,26.22222222222222,65.83333333333333,1033.6666666666667,1166.6666666666667,1166.6666666666667,291.6666666666667,2048.9,2048.9,0.04943502824858757,0.347271186440678
209,52.94444444444444,61.888888888888886,61.888888888888886,61.0,30.22222222222222,60.833333333333336,1111.8333333333333,1299.6666666666665,1299.6666666666665,324.91666666666663,2215.0333333333333,2215.0333333333333,0.05507062146892655,0.37542937853107344
210,44.5,46.27777777777778,46.27777777777778,45.888888888888886,21.38888888888889,55.833333333333336,934.5,971.8333333333334,971.8333333333334,242.95833333333334,1831.6083333333331,1831.6083333333331,0.041179378531073445,0.3104420903954802
211,50.72222222222222,59.111111111111114,59.111111111111114,58.05555555555556,29.166666666666668,59.833333333333336,1065.1666666666667,1241.3333333333335,1241.3333333333335,310.33333333333337,2121.116666666667,2121.116666666667,0.05259887005649718,0.35951129943502824
212,40.05555555555556,46.388888888888886,46.388888888888886,44.77777777777778,21.5,49.44444444444444,841.1666666666667,974.1666666666666,974.1666666666666,243.54166666666666,1673.525,1673.525,0.04127824858757062,0.28364830508474576
213,34.888888888888886,48.666666666666664,48.666666666666664,48.27777777777778,24.61111111111111,44.166666666666664,732.6666666666666,1022.0,1022.0,255.5,1501.0333333333333,1501.0333333333333,0.04330508474576271,0.2544124293785311
214,49.27777777777778,59.77777777777778,59.77777777777778,60.05555555555556,30.166666666666668,59.5,1034.8333333333333,1255.3333333333333,1255.3333333333333,313.8333333333333,2073.0499999999997,2073.0499999999997,0.05319209039548022,0.35136440677966096
215,30.444444444444443,39.5,39.5,38.22222222222222,19.5,35.166666666666664,639.3333333333333,829.5,829.5,207.375,1294.2416666666666,1294.2416666666666,0.035148305084745764,0.21936299435028248
216,49.166666666666664,52.166666666666664,52.166666666666664,51.833333333333336,26.61111111111111,58.666666666666664,1032.5,1095.5,1095.5,273.875,2029.125,2029.125,0.046419491525423726,0.3439194915254237
217,42.22222222222222,51.388888888888886,51.388888888888886,51.22222222222222,25.72222222222222,51.611111111111114,886.6666666666666,1079.1666666666665,1079.1666666666665,269.79166666666663,1777.125,1777.125,0.045727401129943494,0.3012076271186441
218,44.72222222222222,64.5,64.5,64.05555555555556,31.61111111111111,58.333333333333336,939.1666666666666,1354.5,1354.5,338.625,1935.2083333333333,1935.2083333333333,0.05739406779661017,0.3280014124293785
219,45.111111111111114,45.44444444444444,45.44444444444444,45.388888888888886,24.0,46.666666666666664,947.3333333333334,954.3333333333333,954.3333333333333,238.58333333333331,1849.05,1849.05,0.04043785310734463,0.31339830508474575
220,42.166666666666664,49.888888888888886,49.888888888888886,48.833333333333336,24.61111111111111,51.166666666666664,885.5,1047.6666666666665,1047.6666666666665,261.91666666666663,1767.2666666666664,1767.2666666666664,0.04439265536723163,0.2995367231638418
221,29.72222222222222,35.111111111111114,35.111111111111114,35.111111111111114,17.166666666666668,41.333333333333336,624.1666666666666,737.3333333333334,737.3333333333334,184.33333333333334,1245.4166666666665,1245.4166666666665,0.031242937853107347,0.2110875706214689
222,33.111111111111114,47.166666666666664,47.166666666666664,46.166666666666664,22.72222222222222,48.72222222222222,695.3333333333334,990.5,990.5,247.625,1429.6916666666666,1429.6916666666666,0.041970338983050845,0.24232062146892655
223,43.22222222222222,49.55555555555556,49.55555555555556,48.72222222222222,24.5,52.22222222222222,907.6666666666666,1040.6666666666667,1040.6666666666667,260.1666666666667,1803.2,1803.2,0.044096045197740116,0.30562711864406783
224,44.0,45.5,45.5,44.72222222222222,21.666666666666668,53.77777777777778,924.0,955.5,955.5,238.875,1809.675,1809.675,0.04048728813559322,0.30672457627118643
225,47.888888888888886,57.27777777777778,57.27777777777778,57.05555555555556,28.555555555555557,55.55555555555556,1005.6666666666666,1202.8333333333333,1202.8333333333333,300.7083333333333,2010.3416666666665,2010.3416666666665,0.05096751412429378,0.34073587570621466
226,51.22222222222222,58.388888888888886,58.388888888888886,58.5,29.166666666666668,61.888888888888886,1075.6666666666667,1226.1666666666665,1226.1666666666665,306.54166666666663,2135.175,2135.175,0.05195621468926553,0.3618940677966102
227,44.94444444444444,60.44444444444444,60.44444444444444,59.111111111111114,28.666666666666668,61.611111111111114,943.8333333333333,1269.3333333333333,1269.3333333333333,317.3333333333333,1921.8499999999997,1921.8499999999997,0.05378531073446327,0.32573728813559316
228,48.166666666666664,53.833333333333336,53.833333333333336,52.94444444444444,26.833333333333332,60.27777777777778,1011.5,1130.5,1130.5,282.625,2002.175,2002.175,0.04790254237288136,0.33935169491525424
229,34.388888888888886,42.05555555555556,42.05555555555556,41.44444444444444,20.166666666666668,43.333333333333336,722.1666666666666,883.1666666666667,883.1666666666667,220.79166666666669,1448.475,1448.475,0.037422316384180795,0.24550423728813558
230,39.111111111111114,45.94444444444444,45.94444444444444,45.833333333333336,21.88888888888889,45.111111111111114,821.3333333333334,964.8333333333333,964.8333333333333,241.20833333333331,1637.475,1637.475,0.04088276836158192,0.2775381355932203
231,32.44444444444444,37.388888888888886,37.388888888888886,36.94444444444444,17.833333333333332,42.166666666666664,681.3333333333333,785.1666666666666,785.1666666666666,196.29166666666666,1354.5583333333332,1354.5583333333332,0.033269774011299436,0.22958615819209036
232,48.388888888888886,51.833333333333336,51.833333333333336,52.05555555555556,25.833333333333332,57.888888888888886,1016.1666666666666,1088.5,1088.5,272.125,1999.6083333333331,1999.6083333333331,0.046122881355932205,0.33891666666666664
233,38.77777777777778,36.44444444444444,36.44444444444444,35.333333333333336,17.0,47.72222222222222,814.3333333333334,765.3333333333333,765.3333333333333,191.33333333333331,1575.7,1575.7,0.032429378531073444,0.2670677966101695
234,47.94444444444444,46.111111111111114,46.111111111111114,45.22222222222222,20.333333333333332,62.27777777777778,1006.8333333333333,968.3333333333334,968.3333333333334,242.08333333333334,1953.6999999999998,1953.6999999999998,0.041031073446327684,0.331135593220339
235,47.22222222222222,60.55555555555556,60.55555555555556,60.27777777777778,29.11111111111111,56.77777777777778,991.6666666666666,1271.6666666666667,1271.6666666666667,317.9166666666667,2003.75,2003.75,0.053884180790960454,0.3396186440677966
236,54.72222222222222,64.72222222222223,64.72222222222223,64.22222222222223,31.22222222222222,69.11111111111111,1149.1666666666667,1359.1666666666667,1359.1666666666667,339.7916666666667,2293.375,2293.375,0.057591807909604525,0.3887076271186441
237,49.166666666666664,60.888888888888886,60.888888888888886,60.5,31.61111111111111,67.22222222222223,1032.5,1278.6666666666665,1278.6666666666665,319.66666666666663,2074.9166666666665,2074.9166666666665,0.054180790960451974,0.35168079096045196
238,41.111111111111114,48.666666666666664,48.666666666666664,47.05555555555556,23.333333333333332,53.05555555555556,863.3333333333334,1022.0,1022.0,255.5,1723.1666666666667,1723.1666666666667,0.04330508474576271,0.29206214689265536
239,37.55555555555556,59.44444444444444,59.44444444444444,58.833333333333336,30.333333333333332,48.833333333333336,788.6666666666667,1248.3333333333333,1248.3333333333333,312.0833333333333,1652.8166666666666,1652.8166666666666,0.052895480225988695,0.280138418079096
240,46.27777777777778,53.333333333333336,53.333333333333336,53.0,26.88888888888889,61.388888888888886,971.8333333333334,1120.0,1120.0,280.0,1932.1166666666668,1932.1166666666668,0.04745762711864407,0.3274774011299435
241,47.333333333333336,50.0,50.0,49.05555555555556,24.833333333333332,59.166666666666664,994.0,1050.0,1050.0,262.5,1952.3,1952.3,0.04449152542372881,0.33089830508474577
242,36.44444444444444,50.22222222222222,50.22222222222222,50.05555555555556,26.72222222222222,49.0,765.3333333333333,1054.6666666666667,1054.6666666666667,263.6666666666667,1564.7333333333333,1564.7333333333333,0.044689265536723165,0.2652090395480226
243,40.77777777777778,38.333333333333336,38.333333333333336,37.833333333333336,17.555555555555557,54.666666666666664,856.3333333333334,805.0,805.0,201.25,1657.0166666666667,1657.0166666666667,0.03411016949152542,0.2808502824858757
244,56.166666666666664,53.388888888888886,53.388888888888886,52.72222222222222,24.833333333333332,66.27777777777777,1179.5,1121.1666666666665,1121.1666666666665,280.29166666666663,2285.4416666666666,2285.4416666666666,0.04750706214689265,0.3873629943502825
245,37.388888888888886,39.44444444444444,39.44444444444444,38.333333333333336,19.5,43.22222222222222,785.1666666666666,828.3333333333333,828.3333333333333,207.08333333333331,1541.8666666666666,1541.8666666666666,0.03509887005649717,0.2613333333333333
246,42.0,47.94444444444444,47.94444444444444,47.22222222222222,21.833333333333332,50.44444444444444,882.0,1006.8333333333333,1006.8333333333333,251.70833333333331,1751.1083333333331,1751.1083333333331,0.04266242937853107,0.29679802259887
247,36.166666666666664,42.833333333333336,42.833333333333336,42.666666666666664,21.833333333333332,42.388888888888886,759.5,899.5,899.5,224.875,1516.0249999999999,1516.0249999999999,0.03811440677966102,0.25695338983050847
248,40.05555555555556,45.611111111111114,45.611111111111114,45.111111111111114,23.11111111111111,47.05555555555556,841.1666666666667,957.8333333333334,957.8333333333334,239.45833333333334,1669.4416666666666,1669.4416666666666,0.040586158192090396,0.2829562146892655
249,48.888888888888886,57.833333333333336,57.833333333333336,57.888888888888886,28.61111111111111,59.611111111111114,1026.6666666666665,1214.5,1214.5,303.625,2048.958333333333,2048.958333333333,0.05146186440677966,0.34728107344632764
250,37.0,39.166666666666664,39.166666666666664,38.166666666666664,17.77777777777778,43.888888888888886,777.0,822.5,822.5,205.625,1526.5249999999999,1526.5249999999999,0.034851694915254236,0.2587330508474576
251,38.27777777777778,50.77777777777778,50.77777777777778,50.44444444444444,26.77777777777778,52.22222222222222,803.8333333333334,1066.3333333333333,1066.3333333333333,266.5833333333333,1633.1,1633.1,0.04518361581920904,0.27679661016949153
252,47.166666666666664,55.27777777777778,55.27777777777778,54.833333333333336,26.944444444444443,50.94444444444444,990.5,1160.8333333333333,1160.8333333333333,290.2083333333333,1974.0583333333332,1974.0583333333332,0.04918785310734463,0.33458615819209037
253,34.833333333333336,56.388888888888886,56.388888888888886,55.44444444444444,28.555555555555557,43.44444444444444,731.5,1184.1666666666665,1184.1666666666665,296.04166666666663,1539.5916666666667,1539.5916666666667,0.050176553672316375,0.2609477401129944
254,55.111111111111114,54.388888888888886,54.388888888888886,54.111111111111114,26.444444444444443,66.27777777777777,1157.3333333333335,1142.1666666666665,1142.1666666666665,285.54166666666663,2253.0083333333337,2253.0083333333337,0.04839689265536722,0.3818658192090396
255,37.333333333333336,56.611111111111114,56.611111111111114,55.611111111111114,27.055555555555557,45.72222222222222,784.0,1188.8333333333335,1188.8333333333335,297.20833333333337,1630.0083333333332,1630.0083333333332,0.05037429378531074,0.27627259887005645
256,42.833333333333336,49.55555555555556,49.55555555555556,49.111111111111114,24.0,53.72222222222222,899.5,1040.6666666666667,1040.6666666666667,260.1666666666667,1789.3166666666666,1789.3166666666666,0.044096045197740116,0.30327401129943504
257,49.44444444444444,55.611111111111114,55.611111111111114,55.05555555555556,26.88888888888889,63.22222222222222,1038.3333333333333,1167.8333333333335,1167.8333333333335,291.95833333333337,2057.125,2057.125,0.049484463276836164,0.3486652542372881
258,51.27777777777778,47.27777777777778,47.27777777777778,46.55555555555556,21.72222222222222,57.166666666666664,1076.8333333333333,992.8333333333334,992.8333333333334,248.20833333333334,2078.825,2078.825,0.04206920903954802,0.352343220338983
259,28.666666666666668,39.22222222222222,39.22222222222222,38.388888888888886,19.0,40.888888888888886,602.0,823.6666666666666,823.6666666666666,205.91666666666666,1229.3166666666666,1229.3166666666666,0.03490112994350282,0.20835875706214688
260,42.166666666666664,62.333333333333336,62.333333333333336,61.388888888888886,30.833333333333332,55.0,885.5,1309.0,1309.0,327.25,1832.6,1832.6,0.055466101694915254,0.3106101694915254
261,37.22222222222222,45.05555555555556,45.05555555555556,43.94444444444444,21.666666666666668,46.44444444444444,781.6666666666666,946.1666666666667,946.1666666666667,236.54166666666669,1565.375,1565.375,0.040091807909604524,0.26531779661016947
262,36.111111111111114,57.94444444444444,57.94444444444444,57.388888888888886,29.61111111111111,46.666666666666664,758.3333333333334,1216.8333333333333,1216.8333333333333,304.2083333333333,1593.375,1593.375,0.05156073446327683,0.2700635593220339
263,38.5,52.72222222222222,52.72222222222222,51.77777777777778,26.333333333333332,53.888888888888886,808.5,1107.1666666666667,1107.1666666666667,276.7916666666667,1651.2416666666668,1651.2416666666668,0.046913841807909605,0.2798714689265537
264,54.166666666666664,60.44444444444444,60.44444444444444,59.388888888888886,30.0,66.05555555555556,1137.5,1269.3333333333333,1269.3333333333333,317.3333333333333,2251.0833333333335,2251.0833333333335,0.05378531073446327,0.3815395480225989
265,45.666666666666664,63.72222222222222,63.72222222222222,63.44444444444444,31.38888888888889,59.27777777777778,959.0,1338.1666666666667,1338.1666666666667,334.5416666666667,1964.8416666666667,1964.8416666666667,0.05670197740112995,0.33302401129943504
266,57.888888888888886,62.44444444444444,62.44444444444444,62.22222222222222,30.833333333333332,66.16666666666667,1215.6666666666665,1311.3333333333333,1311.3333333333333,327.8333333333333,2394.4666666666667,2394.4666666666667,0.05556497175141242,0.4058418079096045
267,56.5,58.94444444444444,58.94444444444444,58.333333333333336,29.61111111111111,68.5,1186.5,1237.8333333333333,1237.8333333333333,309.4583333333333,2326.508333333333,2326.508333333333,0.05245056497175141,0.39432344632768357
268,51.55555555555556,54.833333333333336,54.833333333333336,54.27777777777778,27.166666666666668,62.333333333333336,1082.6666666666667,1151.5,1151.5,287.875,2128.4083333333333,2128.4083333333333,0.04879237288135593,0.36074717514124294
269,33.833333333333336,40.55555555555556,40.55555555555556,40.111111111111114,20.22222222222222,43.94444444444444,710.5,851.6666666666667,851.6666666666667,212.91666666666669,1420.7666666666667,1420.7666666666667,0.03608757062146893,0.24080790960451978
270,44.888888888888886,48.94444444444444,48.94444444444444,48.44444444444444,25.166666666666668,48.94444444444444,942.6666666666666,1027.8333333333333,1027.8333333333333,256.9583333333333,1859.4916666666666,1859.4916666666666,0.043552259887005645,0.31516807909604516
271,33.5,57.666666666666664,57.666666666666664,56.666666666666664,29.0,47.77777777777778,703.5,1211.0,1211.0,302.75,1498.7,1498.7,0.0513135593220339,0.25401694915254236
272,37.111111111111114,35.05555555555556,35.05555555555556,34.55555555555556,16.333333333333332,42.833333333333336,779.3333333333334,736.1666666666667,736.1666666666667,184.04166666666669,1508.9083333333335,1508.9083333333335,0.03119350282485876,0.25574717514124296
273,57.388888888888886,65.27777777777777,65.27777777777777,64.61111111111111,32.388888888888886,64.77777777777777,1205.1666666666665,1370.8333333333333,1370.8333333333333,342.7083333333333,2391.4916666666663,2391.4916666666663,0.05808615819209039,0.40533757062146886
274,37.388888888888886,46.05555555555556,46.05555555555556,44.888888888888886,22.944444444444443,48.94444444444444,785.1666666666666,967.1666666666667,967.1666666666667,241.79166666666669,1576.575,1576.575,0.0409816384180791,0.2672161016949153
275,51.333333333333336,57.05555555555556,57.05555555555556,56.72222222222222,28.0,58.166666666666664,1078.0,1198.1666666666667,1198.1666666666667,299.5416666666667,2132.1416666666664,2132.1416666666664,0.05076977401129944,0.3613799435028248
276,36.833333333333336,43.333333333333336,43.333333333333336,42.0,21.38888888888889,41.833333333333336,773.5,910.0,910.0,227.5,1542.45,1542.45,0.03855932203389831,0.26143220338983053
277,47.72222222222222,45.611111111111114,45.611111111111114,44.833333333333336,21.166666666666668,54.22222222222222,1002.1666666666666,957.8333333333334,957.8333333333334,239.45833333333334,1943.1416666666664,1943.1416666666664,0.040586158192090396,0.3293460451977401
278,59.27777777777778,65.77777777777777,65.77777777777777,65.66666666666667,31.72222222222222,70.38888888888889,1244.8333333333333,1381.3333333333333,1381.3333333333333,345.3333333333333,2461.55,2461.55,0.05853107344632768,0.4172118644067797
279,46.611111111111114,53.72222222222222,53.72222222222222,53.388888888888886,26.22222222222222,57.166666666666664,978.8333333333334,1128.1666666666667,1128.1666666666667,282.0416666666667,1946.0583333333334,1946.0583333333334,0.04780367231638418,0.329840395480226
280,58.27777777777778,50.72222222222222,50.72222222222222,51.05555555555556,25.833333333333332,64.11111111111111,1223.8333333333333,1065.1666666666667,1065.1666666666667,266.2916666666667,2346.808333333333,2346.808333333333,0.04513418079096045,0.39776412429378527
281,50.5,57.72222222222222,57.72222222222222,57.388888888888886,28.0,67.44444444444444,1060.5,1212.1666666666667,1212.1666666666667,303.0416666666667,2105.8916666666664,2105.8916666666664,0.051362994350282486,0.35693079096045194
282,40.5,49.05555555555556,49.05555555555556,47.111111111111114,24.22222222222222,50.833333333333336,850.5,1030.1666666666667,1030.1666666666667,257.5416666666667,1703.3916666666667,1703.3916666666667,0.04365112994350283,0.28871045197740114
283,52.166666666666664,57.888888888888886,57.888888888888886,57.0,29.0,59.888888888888886,1095.5,1215.6666666666665,1215.6666666666665,303.91666666666663,2166.2666666666664,2166.2666666666664,0.05151129943502824,0.36716384180790956
284,47.833333333333336,60.05555555555556,60.05555555555556,60.111111111111114,30.5,57.0,1004.5,1261.1666666666667,1261.1666666666667,315.2916666666667,2022.9416666666666,2022.9416666666666,0.053439265536723166,0.3428714689265537
285,34.666666666666664,45.05555555555556,45.05555555555556,44.111111111111114,21.5,40.05555555555556,728.0,946.1666666666667,946.1666666666667,236.54166666666669,1474.1416666666667,1474.1416666666667,0.040091807909604524,0.2498545197740113
286,41.166666666666664,55.05555555555556,55.05555555555556,54.388888888888886,27.61111111111111,50.72222222222222,864.5,1156.1666666666667,1156.1666666666667,289.0416666666667,1758.6916666666666,1758.6916666666666,0.048990112994350285,0.2980833333333333
287,41.77777777777778,50.333333333333336,50.333333333333336,49.833333333333336,24.833333333333332,48.833333333333336,877.3333333333334,1057.0,1057.0,264.25,1755.7166666666667,1755.7166666666667,0.04478813559322034,0.2975790960451977
288,44.166666666666664,51.05555555555556,51.05555555555556,50.833333333333336,25.22222222222222,50.44444444444444,927.5,1072.1666666666667,1072.1666666666667,268.0416666666667,1844.7916666666667,1844.7916666666667,0.04543079096045198,0.3126765536723164
289,45.72222222222222,54.111111111111114,54.111111111111114,54.5,27.27777777777778,55.111111111111114,960.1666666666666,1136.3333333333335,1136.3333333333335,284.08333333333337,1916.3666666666668,1916.3666666666668,0.0481497175141243,0.3248079096045198
290,49.333333333333336,55.611111111111114,55.611111111111114,55.388888888888886,27.61111111111111,57.833333333333336,1036.0,1167.8333333333335,1167.8333333333335,291.95833333333337,2053.1583333333333,2053.1583333333333,0.049484463276836164,0.34799293785310736
291,48.611111111111114,54.22222222222222,54.22222222222222,53.44444444444444,26.0,56.388888888888886,1020.8333333333334,1138.6666666666667,1138.6666666666667,284.6666666666667,2020.0833333333335,2020.0833333333335,0.04824858757062147,0.3423870056497175
292,43.77777777777778,46.44444444444444,46.44444444444444,45.55555555555556,23.22222222222222,52.333333333333336,919.3333333333334,975.3333333333333,975.3333333333333,243.83333333333331,1806.7,1806.7,0.041327683615819205,0.30622033898305084
293,44.94444444444444,62.666666666666664,62.666666666666664,61.94444444444444,31.38888888888889,60.72222222222222,943.8333333333333,1316.0,1316.0,329.0,1933.5166666666664,1933.5166666666664,0.05576271186440678,0.3277146892655367
294,41.0,43.611111111111114,43.611111111111114,42.77777777777778,21.77777777777778,49.22222222222222,861.0,915.8333333333334,915.8333333333334,228.95833333333334,1692.6583333333333,1692.6583333333333,0.038806497175141244,0.2868912429378531
295,31.77777777777778,56.611111111111114,56.611111111111114,56.0,28.38888888888889,43.333333333333336,667.3333333333334,1188.8333333333335,1188.8333333333335,297.20833333333337,1431.6750000000002,1431.6750000000002,0.05037429378531074,0.24265677966101698
296,37.388888888888886,43.5,43.5,43.22222222222222,21.77777777777778,49.888888888888886,785.1666666666666,913.5,913.5,228.375,1563.1583333333333,1563.1583333333333,0.03870762711864407,0.2649420903954802
297,43.666666666666664,52.388888888888886,52.388888888888886,52.22222222222222,26.0,53.666666666666664,917.0,1100.1666666666665,1100.1666666666665,275.04166666666663,1833.9416666666666,1833.9416666666666,0.04661723163841807,0.31083757062146894
298,39.77777777777778,57.55555555555556,57.55555555555556,56.72222222222222,30.166666666666668,52.77777777777778,835.3333333333334,1208.6666666666667,1208.6666666666667,302.1666666666667,1722.2333333333333,1722.2333333333333,0.051214689265536725,0.2919039548022599
299,56.44444444444444,54.0,54.0,53.333333333333336,25.833333333333332,67.0,1185.3333333333333,1134.0,1134.0,283.5,2298.5666666666666,2298.5666666666666,0.04805084745762712,0.3895875706214689
300,49.22222222222222,51.666666666666664,51.666666666666664,51.166666666666664,26.11111111111111,61.166666666666664,1033.6666666666667,1085.0,1085.0,271.25,2028.4833333333333,2028.4833333333333,0.04597457627118644,0.3438107344632768
301,63.22222222222222,64.27777777777777,64.27777777777777,64.33333333333333,32.27777777777778,74.83333333333333,1327.6666666666667,1349.8333333333333,1349.8333333333333,337.4583333333333,2594.491666666667,2594.491666666667,0.057196327683615815,0.4397443502824859
302,51.44444444444444,50.0,50.0,49.611111111111114,24.944444444444443,58.666666666666664,1080.3333333333333,1050.0,1050.0,262.5,2099.0666666666666,2099.0666666666666,0.04449152542372881,0.35577401129943503
303,42.55555555555556,51.611111111111114,51.611111111111114,50.22222222222222,24.77777777777778,56.44444444444444,893.6666666666667,1083.8333333333335,1083.8333333333335,270.95833333333337,1790.1916666666666,1790.1916666666666,0.04592514124293786,0.30342231638418077
304,34.72222222222222,46.166666666666664,46.166666666666664,44.666666666666664,21.944444444444443,41.77777777777778,729.1666666666666,969.5,969.5,242.375,1481.9583333333333,1481.9583333333333,0.04108050847457627,0.2511793785310734
305,48.94444444444444,51.166666666666664,51.166666666666664,49.888888888888886,24.666666666666668,57.388888888888886,1027.8333333333333,1074.5,1074.5,268.625,2015.9416666666664,2015.9416666666664,0.04552966101694915,0.34168502824858754
306,49.166666666666664,55.44444444444444,55.44444444444444,55.111111111111114,25.77777777777778,62.333333333333336,1032.5,1164.3333333333333,1164.3333333333333,291.0833333333333,2046.3333333333333,2046.3333333333333,0.04933615819209039,0.3468361581920904
307,44.77777777777778,42.666666666666664,42.666666666666664,42.833333333333336,22.666666666666668,50.5,940.3333333333334,896.0,896.0,224.0,1822.5666666666666,1822.5666666666666,0.03796610169491525,0.308909604519774
308,42.333333333333336,55.27777777777778,55.27777777777778,54.27777777777778,26.166666666666668,60.27777777777778,889.0,1160.8333333333333,1160.8333333333333,290.2083333333333,1801.5083333333332,1801.5083333333332,0.04918785310734463,0.30534039548022596
309,37.611111111111114,53.5,53.5,52.5,26.0,49.94444444444444,789.8333333333334,1123.5,1123.5,280.875,1623.5916666666667,1623.5916666666667,0.04760593220338983,0.2751850282485876
310,52.94444444444444,54.77777777777778,54.77777777777778,54.833333333333336,26.333333333333332,61.72222222222222,1111.8333333333333,1150.3333333333333,1150.3333333333333,287.5833333333333,2177.7,2177.7,0.04874293785310734,0.3691016949152542
311,45.388888888888886,62.55555555555556,62.55555555555556,62.666666666666664,32.388888888888886,49.77777777777778,953.1666666666666,1313.6666666666667,1313.6666666666667,328.4166666666667,1948.8,1948.8,0.055663841807909606,0.3303050847457627
312,36.5,43.166666666666664,43.166666666666664,43.166666666666664,23.61111111111111,42.05555555555556,766.5,906.5,906.5,226.625,1529.675,1529.675,0.03841101694915254,0.2592669491525424
313,54.05555555555556,52.77777777777778,52.77777777777778,52.5,26.11111111111111,59.22222222222222,1135.1666666666667,1108.3333333333333,1108.3333333333333,277.0833333333333,2206.866666666667,2206.866666666667,0.04696327683615819,0.374045197740113
314,43.166666666666664,55.833333333333336,55.833333333333336,55.333333333333336,26.944444444444443,57.5,906.5,1172.5,1172.5,293.125,1834.175,1834.175,0.04968220338983051,0.3108771186440678
315,47.888888888888886,63.22222222222222,63.22222222222222,62.5,30.77777777777778,64.27777777777777,1005.6666666666666,1327.6666666666667,1327.6666666666667,331.9166666666667,2041.55,2041.55,0.05625706214689266,0.34602542372881356
316,41.888888888888886,45.27777777777778,45.27777777777778,45.0,21.5,49.833333333333336,879.6666666666666,950.8333333333334,950.8333333333334,237.70833333333334,1733.1416666666664,1733.1416666666664,0.04028954802259887,0.29375282485875703
317,46.111111111111114,53.166666666666664,53.166666666666664,53.166666666666664,25.27777777777778,56.666666666666664,968.3333333333334,1116.5,1116.5,279.125,1925.2916666666667,1925.2916666666667,0.0473093220338983,0.32632062146892654
318,52.166666666666664,49.22222222222222,49.22222222222222,48.888888888888886,23.88888888888889,59.77777777777778,1095.5,1033.6666666666667,1033.6666666666667,258.4166666666667,2120.7666666666664,2120.7666666666664,0.04379943502824859,0.3594519774011299
319,38.05555555555556,50.05555555555556,50.05555555555556,49.27777777777778,25.61111111111111,49.111111111111114,799.1666666666667,1051.1666666666667,1051.1666666666667,262.7916666666667,1621.3750000000002,1621.3750000000002,0.044540960451977404,0.27480932203389835
320,32.77777777777778,45.5,45.5,44.333333333333336,23.444444444444443,40.22222222222222,688.3333333333334,955.5,955.5,238.875,1409.0416666666667,1409.0416666666667,0.04048728813559322,0.23882062146892657
321,45.72222222222222,50.44444444444444,50.44444444444444,49.833333333333336,23.88888888888889,58.5,960.1666666666666,1059.3333333333333,1059.3333333333333,264.8333333333333,1897.1166666666666,1897.1166666666666,0.04488700564971751,0.321545197740113
322,54.44444444444444,64.5,64.5,63.77777777777778,31.72222222222222,64.77777777777777,1143.3333333333333,1354.5,1354.5,338.625,2282.2916666666665,2282.2916666666665,0.05739406779661017,0.3868290960451977
323,46.72222222222222,54.888888888888886,54.888888888888886,55.0,28.22222222222222,59.111111111111114,981.1666666666666,1152.6666666666665,1152.6666666666665,288.16666666666663,1956.1499999999996,1956.1499999999996,0.04884180790960451,0.33155084745762703
324,45.22222222222222,51.22222222222222,51.22222222222222,50.72222222222222,25.166666666666668,58.166666666666664,949.6666666666666,1075.6666666666667,1075.6666666666667,268.9166666666667,1883.35,1883.35,0.04557909604519774,0.3192118644067796
325,31.88888888888889,33.888888888888886,33.888888888888886,33.72222222222222,16.72222222222222,32.77777777777778,669.6666666666666,711.6666666666666,711.6666666666666,177.91666666666666,1316.35,1316.35,0.030155367231638416,0.2231101694915254
326,42.55555555555556,47.55555555555556,47.55555555555556,47.55555555555556,23.055555555555557,50.833333333333336,893.6666666666667,998.6666666666667,998.6666666666667,249.66666666666669,1768.9,1768.9,0.042316384180790964,0.2998135593220339
327,33.0,43.22222222222222,43.22222222222222,42.166666666666664,21.38888888888889,40.94444444444444,693.0,907.6666666666666,907.6666666666666,226.91666666666666,1405.0166666666667,1405.0166666666667,0.038460451977401125,0.23813841807909605
328,42.55555555555556,40.5,40.5,40.0,20.38888888888889,47.55555555555556,893.6666666666667,850.5,850.5,212.625,1731.8583333333333,1731.8583333333333,0.03603813559322034,0.29353531073446326
329,36.27777777777778,42.888888888888886,42.888888888888886,42.0,20.944444444444443,43.55555555555556,761.8333333333334,900.6666666666666,900.6666666666666,225.16666666666666,1520.2833333333335,1520.2833333333335,0.038163841807909604,0.2576751412429379
330,45.666666666666664,62.833333333333336,62.833333333333336,62.666666666666664,31.88888888888889,57.611111111111114,959.0,1319.5,1319.5,329.875,1960.175,1960.175,0.05591101694915254,0.33223305084745763
331,31.5,44.44444444444444,44.44444444444444,44.0,21.666666666666668,39.94444444444444,661.5,933.3333333333333,933.3333333333333,233.33333333333331,1357.8833333333332,1357.8833333333332,0.03954802259887005,0.23014971751412427
332,35.888888888888886,46.22222222222222,46.22222222222222,44.94444444444444,23.22222222222222,45.611111111111114,753.6666666666666,970.6666666666666,970.6666666666666,242.66666666666666,1523.9,1523.9,0.04112994350282486,0.25828813559322034
333,47.27777777777778,50.388888888888886,50.388888888888886,49.05555555555556,24.333333333333332,55.666666666666664,992.8333333333334,1058.1666666666665,1058.1666666666665,264.54166666666663,1952.3583333333331,1952.3583333333331,0.04483757062146892,0.33090819209039546
334,33.888888888888886,53.77777777777778,53.77777777777778,52.833333333333336,27.444444444444443,45.833333333333336,711.6666666666666,1129.3333333333333,1129.3333333333333,282.3333333333333,1492.1666666666665,1492.1666666666665,0.047853107344632766,0.252909604519774
335,44.388888888888886,41.55555555555556,41.55555555555556,40.611111111111114,20.555555555555557,48.27777777777778,932.1666666666666,872.6666666666667,872.6666666666667,218.16666666666669,1802.85,1802.85,0.03697740112994351,0.3055677966101695
336,43.77777777777778,43.333333333333336,43.333333333333336,42.55555555555556,21.61111111111111,46.94444444444444,919.3333333333334,910.0,910.0,227.5,1790.3666666666668,1790.3666666666668,0.03855932203389831,0.30345197740112995
337,49.94444444444444,44.333333333333336,44.333333333333336,44.166666666666664,20.61111111111111,57.05555555555556,1048.8333333333333,931.0,931.0,232.75,2015.7666666666664,2015.7666666666664,0.039449152542372884,0.34165536723163836
338,45.333333333333336,48.72222222222222,48.72222222222222,47.388888888888886,23.166666666666668,51.55555555555556,952.0,1023.1666666666666,1023.1666666666666,255.79166666666666,1874.1916666666666,1874.1916666666666,0.0433545197740113,0.317659604519774
339,43.166666666666664,55.05555555555556,55.05555555555556,55.05555555555556,28.555555555555557,56.5,906.5,1156.1666666666667,1156.1666666666667,289.0416666666667,1830.0916666666667,1830.0916666666667,0.048990112994350285,0.31018502824858757
340,39.77777777777778,50.27777777777778,50.27777777777778,49.55555555555556,23.444444444444443,47.55555555555556,835.3333333333334,1055.8333333333333,1055.8333333333333,263.9583333333333,1684.0249999999999,1684.0249999999999,0.04473870056497175,0.2854279661016949
341,46.333333333333336,61.111111111111114,61.111111111111114,60.5,30.27777777777778,55.333333333333336,973.0,1283.3333333333335,1283.3333333333335,320.83333333333337,1974.9333333333334,1974.9333333333334,0.05437853107344633,0.33473446327683615
342,32.94444444444444,46.111111111111114,46.111111111111114,45.77777777777778,23.77777777777778,43.111111111111114,691.8333333333333,968.3333333333334,968.3333333333334,242.08333333333334,1418.1999999999998,1418.1999999999998,0.041031073446327684,0.24037288135593218
343,47.0,63.833333333333336,63.833333333333336,63.833333333333336,31.88888888888889,65.83333333333333,987.0,1340.5,1340.5,335.125,2013.0249999999999,2013.0249999999999,0.05680084745762712,0.3411906779661017
344,53.55555555555556,65.94444444444444,65.94444444444444,64.55555555555556,31.0,61.5,1124.6666666666667,1384.8333333333333,1384.8333333333333,346.2083333333333,2258.141666666667,2258.141666666667,0.058679378531073446,0.3827358757062147
345,60.166666666666664,69.77777777777777,69.77777777777777,70.11111111111111,35.0,73.27777777777777,1263.5,1465.3333333333333,1465.3333333333333,366.3333333333333,2514.2833333333333,2514.2833333333333,0.062090395480225984,0.4261497175141243
346,41.55555555555556,44.5,44.5,43.72222222222222,21.0,50.611111111111114,872.6666666666667,934.5,934.5,233.625,1717.1583333333335,1717.1583333333335,0.039597457627118644,0.2910437853107345
347,40.05555555555556,51.611111111111114,51.611111111111114,51.05555555555556,25.72222222222222,53.666666666666664,841.1666666666667,1083.8333333333335,1083.8333333333335,270.95833333333337,1700.9416666666666,1700.9416666666666,0.04592514124293786,0.288295197740113
348,40.833333333333336,54.166666666666664,54.166666666666664,53.05555555555556,26.72222222222222,46.44444444444444,857.5,1137.5,1137.5,284.375,1742.125,1742.125,0.048199152542372885,0.29527542372881355
349,43.388888888888886,60.05555555555556,60.05555555555556,59.666666666666664,30.055555555555557,60.888888888888886,911.1666666666666,1261.1666666666667,1261.1666666666667,315.2916666666667,1864.2749999999999,1864.2749999999999,0.053439265536723166,0.315978813559322
350,42.833333333333336,52.22222222222222,52.22222222222222,50.833333333333336,26.0,54.5,899.5,1096.6666666666667,1096.6666666666667,274.1666666666667,1803.3166666666666,1803.3166666666666,0.04646892655367232,0.3056468926553672
351,42.0,40.5,40.5,40.166666666666664,19.166666666666668,51.44444444444444,882.0,850.5,850.5,212.625,1712.0249999999999,1712.0249999999999,0.03603813559322034,0.2901737288135593
352,47.166666666666664,43.611111111111114,43.611111111111114,43.0,21.166666666666668,56.388888888888886,990.5,915.8333333333334,915.8333333333334,228.95833333333334,1912.8083333333332,1912.8083333333332,0.038806497175141244,0.32420480225988696
353,43.27777777777778,52.833333333333336,52.833333333333336,51.72222222222222,25.944444444444443,51.77777777777778,908.8333333333334,1109.5,1109.5,277.375,1822.3916666666667,1822.3916666666667,0.04701271186440678,0.3088799435028249
354,48.5,54.166666666666664,54.166666666666664,53.333333333333336,26.666666666666668,60.27777777777778,1018.5,1137.5,1137.5,284.375,2015.825,2015.825,0.048199152542372885,0.34166525423728816
355,56.77777777777778,57.888888888888886,57.888888888888886,57.05555555555556,26.88888888888889,71.05555555555556,1192.3333333333333,1215.6666666666665,1215.6666666666665,303.91666666666663,2330.883333333333,2330.883333333333,0.05151129943502824,0.3950649717514124
356,52.22222222222222,66.66666666666667,66.66666666666667,66.61111111111111,33.44444444444444,67.61111111111111,1096.6666666666667,1400.0,1400.0,350.0,2214.3333333333335,2214.3333333333335,0.059322033898305086,0.37531073446327684
357,46.05555555555556,52.833333333333336,52.833333333333336,52.611111111111114,27.72222222222222,53.333333333333336,967.1666666666667,1109.5,1109.5,277.375,1921.5583333333334,1921.5583333333334,0.04701271186440678,0.32568785310734466
358,47.77777777777778,68.22222222222223,68.22222222222223,67.05555555555556,33.666666666666664,59.611111111111114,1003.3333333333334,1432.6666666666667,1432.6666666666667,358.1666666666667,2063.8333333333335,2063.8333333333335,0.06070621468926554,0.3498022598870057
359,47.333333333333336,57.111111111111114,57.111111111111114,57.0,29.88888888888889,65.77777777777777,994.0,1199.3333333333335,1199.3333333333335,299.83333333333337,1989.6333333333332,1989.6333333333332,0.05081920903954803,0.33722598870056497
360,42.0,59.44444444444444,59.44444444444444,59.0,30.72222222222222,56.333333333333336,882.0,1248.3333333333333,1248.3333333333333,312.0833333333333,1811.4833333333331,1811.4833333333331,0.052895480225988695,0.30703107344632763
361,33.833333333333336,46.111111111111114,46.111111111111114,45.666666666666664,22.166666666666668,42.833333333333336,710.5,968.3333333333334,968.3333333333334,242.08333333333334,1449.9333333333332,1449.9333333333332,0.041031073446327684,0.2457514124293785
362,41.55555555555556,57.55555555555556,57.55555555555556,56.77777777777778,28.38888888888889,52.55555555555556,872.6666666666667,1208.6666666666667,1208.6666666666667,302.1666666666667,1785.7000000000003,1785.7000000000003,0.051214689265536725,0.3026610169491526
363,48.77777777777778,63.166666666666664,63.166666666666664,63.44444444444444,32.166666666666664,54.44444444444444,1024.3333333333333,1326.5,1326.5,331.625,2072.991666666667,2072.991666666667,0.05620762711864407,0.35135451977401133
364,35.22222222222222,43.111111111111114,43.111111111111114,41.611111111111114,20.166666666666668,45.44444444444444,739.6666666666666,905.3333333333334,905.3333333333334,226.33333333333334,1483.7666666666664,1483.7666666666664,0.038361581920903956,0.25148587570621467
365,61.833333333333336,62.72222222222222,62.72222222222222,62.333333333333336,29.944444444444443,75.11111111111111,1298.5,1317.1666666666667,1317.1666666666667,329.2916666666667,2536.7416666666663,2536.7416666666663,0.05581214689265537,0.4299562146892655
366,48.833333333333336,49.388888888888886,49.388888888888886,48.666666666666664,23.11111111111111,56.55555555555556,1025.5,1037.1666666666665,1037.1666666666665,259.29166666666663,2002.6416666666664,2002.6416666666664,0.04394774011299434,0.3394307909604519
367,55.27777777777778,67.88888888888889,67.88888888888889,66.55555555555556,34.0,67.88888888888889,1160.8333333333333,1425.6666666666665,1425.6666666666665,356.41666666666663,2329.833333333333,2329.833333333333,0.06040960451977401,0.39488700564971746
368,47.166666666666664,50.888888888888886,50.888888888888886,50.94444444444444,25.944444444444443,57.611111111111114,990.5,1068.6666666666665,1068.6666666666665,267.16666666666663,1951.0166666666664,1951.0166666666664,0.045282485875706206,0.33068079096045194
369,58.611111111111114,68.5,68.5,67.33333333333333,33.94444444444444,73.66666666666667,1230.8333333333335,1438.5,1438.5,359.625,2452.041666666667,2452.041666666667,0.06095338983050847,0.41560028248587577
370,39.77777777777778,44.111111111111114,44.111111111111114,42.666666666666664,22.055555555555557,51.111111111111114,835.3333333333334,926.3333333333334,926.3333333333334,231.58333333333334,1651.6499999999999,1651.6499999999999,0.03925141242937853,0.27994067796610167
371,51.833333333333336,50.05555555555556,50.05555555555556,49.77777777777778,24.666666666666668,60.666666666666664,1088.5,1051.1666666666667,1051.1666666666667,262.7916666666667,2113.241666666667,2113.241666666667,0.044540960451977404,0.3581765536723164
372,39.388888888888886,40.611111111111114,40.611111111111114,40.77777777777778,19.72222222222222,44.333333333333336,827.1666666666666,852.8333333333334,852.8333333333334,213.20833333333334,1619.3916666666664,1619.3916666666664,0.036137005649717516,0.27447316384180787
373,49.05555555555556,56.05555555555556,56.05555555555556,55.666666666666664,27.333333333333332,59.388888888888886,1030.1666666666667,1177.1666666666667,1177.1666666666667,294.2916666666667,2045.575,2045.575,0.04987994350282486,0.34670762711864406
374,49.388888888888886,61.72222222222222,61.72222222222222,61.55555555555556,30.666666666666668,62.388888888888886,1037.1666666666665,1296.1666666666667,1296.1666666666667,324.0416666666667,2087.2249999999995,2087.2249999999995,0.0549223163841808,0.35376694915254225
375,44.166666666666664,51.27777777777778,51.27777777777778,50.55555555555556,24.38888888888889,58.22222222222222,927.5,1076.8333333333333,1076.8333333333333,269.2083333333333,1845.9583333333333,1845.9583333333333,0.045628531073446325,0.31287429378531073
376,39.333333333333336,41.888888888888886,41.888888888888886,41.111111111111114,20.77777777777778,46.388888888888886,826.0,879.6666666666666,879.6666666666666,219.91666666666666,1624.1166666666668,1624.1166666666668,0.03727401129943503,0.2752740112994351
377,44.27777777777778,46.72222222222222,46.72222222222222,45.72222222222222,23.38888888888889,52.5,929.8333333333334,981.1666666666666,981.1666666666666,245.29166666666666,1826.0083333333334,1826.0083333333334,0.04157485875706215,0.3094929378531074
378,39.888888888888886,58.5,58.5,58.5,30.38888888888889,47.611111111111114,837.6666666666666,1228.5,1228.5,307.125,1731.1583333333333,1731.1583333333333,0.05205508474576271,0.29341666666666666
379,37.5,51.44444444444444,51.44444444444444,50.94444444444444,25.666666666666668,46.166666666666664,787.5,1080.3333333333333,1080.3333333333333,270.0833333333333,1608.8333333333333,1608.8333333333333,0.045776836158192086,0.272683615819209
380,44.27777777777778,48.77777777777778,48.77777777777778,48.5,24.055555555555557,54.666666666666664,929.8333333333334,1024.3333333333333,1024.3333333333333,256.0833333333333,1836.8,1836.8,0.043403954802259885,0.3113220338983051
381,34.0,58.888888888888886,58.888888888888886,58.888888888888886,31.27777777777778,48.666666666666664,714.0,1236.6666666666665,1236.6666666666665,309.16666666666663,1522.9666666666667,1522.9666666666667,0.052401129943502815,0.25812994350282487
382,58.666666666666664,54.333333333333336,54.333333333333336,54.166666666666664,26.88888888888889,63.611111111111114,1232.0,1141.0,1141.0,285.25,2379.65,2379.65,0.048347457627118645,0.4033305084745763
383,45.833333333333336,51.77777777777778,51.77777777777778,51.05555555555556,26.166666666666668,56.333333333333336,962.5,1087.3333333333333,1087.3333333333333,271.8333333333333,1908.0833333333333,1908.0833333333333,0.04607344632768361,0.32340395480225986
384,59.666666666666664,59.388888888888886,59.388888888888886,58.72222222222222,28.88888888888889,66.44444444444444,1253.0,1247.1666666666665,1247.1666666666665,311.79166666666663,2441.8916666666664,2441.8916666666664,0.0528460451977401,0.4138799435028248
385,40.111111111111114,52.22222222222222,52.22222222222222,51.333333333333336,25.27777777777778,48.5,842.3333333333334,1096.6666666666667,1096.6666666666667,274.1666666666667,1706.1333333333334,1706.1333333333334,0.04646892655367232,0.28917514124293786
386,41.388888888888886,49.111111111111114,49.111111111111114,47.55555555555556,24.944444444444443,47.94444444444444,869.1666666666666,1031.3333333333335,1031.3333333333335,257.83333333333337,1735.4166666666665,1735.4166666666665,0.04370056497175142,0.294138418079096
387,51.55555555555556,59.22222222222222,59.22222222222222,58.77777777777778,29.22222222222222,58.94444444444444,1082.6666666666667,1243.6666666666667,1243.6666666666667,310.9166666666667,2151.45,2151.45,0.05269774011299436,0.3646525423728813
388,43.111111111111114,60.833333333333336,60.833333333333336,60.333333333333336,31.444444444444443,52.77777777777778,905.3333333333334,1277.5,1277.5,319.375,1858.4416666666666,1858.4416666666666,0.05413135593220339,0.31499011299435026
389,55.833333333333336,69.61111111111111,69.61111111111111,68.77777777777777,34.833333333333336,67.77777777777777,1172.5,1461.8333333333335,1461.8333333333335,365.45833333333337,2358.7083333333335,2358.7083333333335,0.06194209039548023,0.3997810734463277
390,36.611111111111114,48.333333333333336,48.333333333333336,48.0,23.72222222222222,47.666666666666664,768.8333333333334,1015.0,1015.0,253.75,1560.7666666666667,1560.7666666666667,0.04300847457627119,0.2645367231638418
391,37.77777777777778,47.388888888888886,47.388888888888886,46.55555555555556,23.11111111111111,42.166666666666664,793.3333333333334,995.1666666666666,995.1666666666666,248.79166666666666,1597.4583333333335,1597.4583333333335,0.0421680790960452,0.27075564971751415
392,44.77777777777778,41.5,41.5,41.44444444444444,20.11111111111111,49.94444444444444,940.3333333333334,871.5,871.5,217.875,1816.4416666666666,1816.4416666666666,0.036927966101694916,0.30787146892655365
393,44.55555555555556,59.611111111111114,59.611111111111114,58.666666666666664,28.5,58.22222222222222,935.6666666666667,1251.8333333333335,1251.8333333333335,312.95833333333337,1903.5916666666667,1903.5916666666667,0.05304378531073447,0.32264265536723163
394,35.44444444444444,53.111111111111114,53.111111111111114,51.833333333333336,27.055555555555557,51.611111111111114,744.3333333333333,1115.3333333333335,1115.3333333333335,278.83333333333337,1544.1999999999998,1544.1999999999998,0.047259887005649724,0.261728813559322
395,34.94444444444444,50.611111111111114,50.611111111111114,48.833333333333336,23.444444444444443,45.5,733.8333333333333,1062.8333333333335,1062.8333333333335,265.70833333333337,1513.225,1513.225,0.045035310734463284,0.256478813559322
396,49.166666666666664,62.166666666666664,62.166666666666664,61.05555555555556,29.5,60.388888888888886,1032.5,1305.5,1305.5,326.375,2081.625,2081.625,0.055317796610169494,0.3528177966101695
397,47.388888888888886,57.44444444444444,57.44444444444444,56.833333333333336,28.833333333333332,61.833333333333336,995.1666666666666,1206.3333333333333,1206.3333333333333,301.5833333333333,1993.3666666666666,1993.3666666666666,0.05111581920903954,0.33785875706214685
398,38.5,52.77777777777778,52.77777777777778,52.388888888888886,25.22222222222222,51.44444444444444,808.5,1108.3333333333333,1108.3333333333333,277.0833333333333,1651.5333333333333,1651.5333333333333,0.04696327683615819,0.27992090395480224
399,34.888888888888886,46.05555555555556,46.05555555555556,45.833333333333336,22.944444444444443,42.77777777777778,732.6666666666666,967.1666666666667,967.1666666666667,241.79166666666669,1487.325,1487.325,0.0409816384180791,0.2520889830508475
400,37.833333333333336,47.388888888888886,47.388888888888886,46.5,23.833333333333332,48.5,794.5,995.1666666666666,995.1666666666666,248.79166666666666,1599.4416666666666,1599.4416666666666,0.0421680790960452,0.2710918079096045
401,44.611111111111114,49.27777777777778,49.27777777777778,48.05555555555556,22.5,62.44444444444444,936.8333333333334,1034.8333333333333,1034.8333333333333,258.7083333333333,1851.325,1851.325,0.04384887005649717,0.31378389830508474
402,48.611111111111114,48.94444444444444,48.94444444444444,48.22222222222222,22.555555555555557,56.333333333333336,1020.8333333333334,1027.8333333333333,1027.8333333333333,256.9583333333333,1992.375,1992.375,0.043552259887005645,0.3376906779661017
403,39.0,53.111111111111114,53.111111111111114,52.55555555555556,26.61111111111111,46.55555555555556,819.0,1115.3333333333335,1115.3333333333335,278.83333333333337,1671.1333333333332,1671.1333333333332,0.047259887005649724,0.28324293785310733
404,36.111111111111114,55.77777777777778,55.77777777777778,55.0,26.944444444444443,49.333333333333336,758.3333333333334,1171.3333333333333,1171.3333333333333,292.8333333333333,1582.0,1582.0,0.04963276836158192,0.268135593220339
405,51.0,57.05555555555556,57.05555555555556,56.666666666666664,27.666666666666668,57.77777777777778,1071.0,1198.1666666666667,1198.1666666666667,299.5416666666667,2120.241666666667,2120.241666666667,0.05076977401129944,0.3593629943502825
406,36.888888888888886,53.666666666666664,53.666666666666664,52.94444444444444,26.61111111111111,49.0,774.6666666666666,1127.0,1127.0,281.75,1598.6833333333332,1598.6833333333332,0.04775423728813559,0.2709632768361582
407,57.27777777777778,58.22222222222222,58.22222222222222,58.333333333333336,29.944444444444443,64.33333333333333,1202.8333333333333,1222.6666666666667,1222.6666666666667,305.6666666666667,2350.483333333333,2350.483333333333,0.05180790960451978,0.39838700564971746
408,53.888888888888886,65.38888888888889,65.38888888888889,65.22222222222223,31.5,67.05555555555556,1131.6666666666665,1373.1666666666665,1373.1666666666665,343.29166666666663,2267.1249999999995,2267.1249999999995,0.05818502824858757,0.3842584745762711
409,34.388888888888886,48.05555555555556,48.05555555555556,46.94444444444444,25.22222222222222,42.77777777777778,722.1666666666666,1009.1666666666667,1009.1666666666667,252.29166666666669,1479.975,1479.975,0.04276129943502825,0.25084322033898304
410,44.44444444444444,48.388888888888886,48.388888888888886,48.0,23.444444444444443,58.666666666666664,933.3333333333333,1016.1666666666666,1016.1666666666666,254.04166666666666,1840.7083333333333,1840.7083333333333,0.04305790960451977,0.31198446327683615
411,38.94444444444444,56.94444444444444,56.94444444444444,55.888888888888886,27.444444444444443,50.611111111111114,817.8333333333333,1195.8333333333333,1195.8333333333333,298.9583333333333,1689.2749999999999,1689.2749999999999,0.050670903954802254,0.2863177966101695
412,38.22222222222222,39.611111111111114,39.611111111111114,38.72222222222222,20.0,41.111111111111114,802.6666666666666,831.8333333333334,831.8333333333334,207.95833333333334,1572.4916666666666,1572.4916666666666,0.03524717514124294,0.26652401129943504
413,36.44444444444444,39.72222222222222,39.72222222222222,38.77777777777778,19.77777777777778,40.05555555555556,765.3333333333333,834.1666666666666,834.1666666666666,208.54166666666666,1509.6083333333333,1509.6083333333333,0.03534604519774011,0.25586581920903956
414,39.55555555555556,46.888888888888886,46.888888888888886,46.166666666666664,22.38888888888889,46.111111111111114,830.6666666666667,984.6666666666666,984.6666666666666,246.16666666666666,1658.3000000000002,1658.3000000000002,0.04172316384180791,0.2810677966101695
415,52.22222222222222,60.333333333333336,60.333333333333336,59.05555555555556,28.833333333333332,66.38888888888889,1096.6666666666667,1267.0,1267.0,316.75,2181.0833333333335,2181.0833333333335,0.0536864406779661,0.3696751412429379
416,44.44444444444444,47.27777777777778,47.27777777777778,47.611111111111114,24.444444444444443,44.0,933.3333333333333,992.8333333333334,992.8333333333334,248.20833333333334,1834.8749999999998,1834.8749999999998,0.04206920903954802,0.31099576271186435
417,38.72222222222222,38.611111111111114,38.611111111111114,38.44444444444444,19.61111111111111,43.27777777777778,813.1666666666666,810.8333333333334,810.8333333333334,202.70833333333334,1585.0916666666665,1585.0916666666665,0.034357344632768363,0.268659604519774
418,44.611111111111114,59.0,59.0,58.55555555555556,29.11111111111111,51.166666666666664,936.8333333333334,1239.0,1239.0,309.75,1902.3666666666668,1902.3666666666668,0.0525,0.3224350282485876
419,61.388888888888886,66.66666666666667,66.66666666666667,66.0,30.555555555555557,80.11111111111111,1289.1666666666665,1400.0,1400.0,350.0,2541.583333333333,2541.583333333333,0.059322033898305086,0.430776836158192
420,36.0,52.666666666666664,52.666666666666664,52.55555555555556,27.11111111111111,49.388888888888886,756.0,1106.0,1106.0,276.5,1561.7,1561.7,0.046864406779661014,0.2646949152542373
421,37.611111111111114,40.333333333333336,40.333333333333336,39.5,18.333333333333332,48.55555555555556,789.8333333333334,847.0,847.0,211.75,1554.4666666666667,1554.4666666666667,0.03588983050847458,0.2634689265536723
422,44.94444444444444,47.77777777777778,47.77777777777778,47.22222222222222,22.666666666666668,51.77777777777778,943.8333333333333,1003.3333333333334,1003.3333333333334,250.83333333333334,1855.3499999999997,1855.3499999999997,0.04251412429378531,0.3144661016949152
423,42.05555555555556,56.833333333333336,56.833333333333336,55.94444444444444,27.27777777777778,54.611111111111114,883.1666666666667,1193.5,1193.5,298.375,1799.7583333333334,1799.7583333333334,0.050572033898305085,0.3050437853107345
424,46.111111111111114,52.611111111111114,52.611111111111114,52.111111111111114,27.333333333333332,56.27777777777778,968.3333333333334,1104.8333333333335,1104.8333333333335,276.20833333333337,1922.375,1922.375,0.046814971751412436,0.3258262711864407
425,32.72222222222222,41.888888888888886,41.888888888888886,41.166666666666664,20.333333333333332,44.05555555555556,687.1666666666666,879.6666666666666,879.6666666666666,219.91666666666666,1388.1,1388.1,0.03727401129943503,0.23527118644067796
426,56.111111111111114,58.55555555555556,58.55555555555556,57.94444444444444,27.11111111111111,70.44444444444444,1178.3333333333335,1229.6666666666667,1229.6666666666667,307.4166666666667,2310.5833333333335,2310.5833333333335,0.0521045197740113,0.3916242937853108
427,52.55555555555556,59.111111111111114,59.111111111111114,58.55555555555556,27.61111111111111,72.61111111111111,1103.6666666666667,1241.3333333333335,1241.3333333333335,310.33333333333337,2186.5666666666666,2186.5666666666666,0.05259887005649718,0.37060451977401127
428,46.388888888888886,54.111111111111114,54.111111111111114,54.05555555555556,26.22222222222222,58.55555555555556,974.1666666666666,1136.3333333333335,1136.3333333333335,284.08333333333337,1940.1666666666665,1940.1666666666665,0.0481497175141243,0.3288418079096045
429,40.72222222222222,53.22222222222222,53.22222222222222,51.22222222222222,26.27777777777778,51.55555555555556,855.1666666666666,1117.6666666666667,1117.6666666666667,279.4166666666667,1733.2,1733.2,0.04735875706214689,0.2937627118644068
430,49.111111111111114,61.0,61.0,60.666666666666664,32.388888888888886,51.22222222222222,1031.3333333333335,1281.0,1281.0,320.25,2073.516666666667,2073.516666666667,0.05427966101694915,0.3514435028248588
431,40.333333333333336,51.666666666666664,51.666666666666664,50.44444444444444,24.77777777777778,47.0,847.0,1085.0,1085.0,271.25,1711.1499999999999,1711.1499999999999,0.04597457627118644,0.2900254237288135
432,43.166666666666664,56.77777777777778,56.77777777777778,55.27777777777778,28.27777777777778,50.388888888888886,906.5,1192.3333333333333,1192.3333333333333,298.0833333333333,1839.1333333333332,1839.1333333333332,0.050522598870056494,0.31171751412429377
433,45.72222222222222,71.0,71.0,70.0,34.111111111111114,61.166666666666664,960.1666666666666,1491.0,1491.0,372.75,2005.0333333333333,2005.0333333333333,0.06317796610169492,0.3398361581920904
434,54.05555555555556,67.27777777777777,67.27777777777777,66.83333333333333,32.94444444444444,77.22222222222223,1135.1666666666667,1412.8333333333333,1412.8333333333333,353.2083333333333,2282.991666666667,2282.991666666667,0.05986581920903954,0.3869477401129944
435,49.666666666666664,57.55555555555556,57.55555555555556,56.666666666666664,27.72222222222222,59.611111111111114,1043.0,1208.6666666666667,1208.6666666666667,302.1666666666667,2075.2666666666664,2075.2666666666664,0.051214689265536725,0.35174011299435026
436,48.388888888888886,48.77777777777778,48.77777777777778,47.94444444444444,23.88888888888889,56.833333333333336,1016.1666666666666,1024.3333333333333,1024.3333333333333,256.0833333333333,1983.5666666666664,1983.5666666666664,0.043403954802259885,0.3361977401129943
437,43.388888888888886,56.77777777777778,56.77777777777778,57.111111111111114,29.27777777777778,54.111111111111114,911.1666666666666,1192.3333333333333,1192.3333333333333,298.0833333333333,1847.0666666666664,1847.0666666666664,0.050522598870056494,0.3130621468926553
438,62.27777777777778,67.83333333333333,67.83333333333333,67.55555555555556,31.833333333333332,76.05555555555556,1307.8333333333333,1424.5,1424.5,356.125,2579.4416666666666,2579.4416666666666,0.06036016949152542,0.43719350282485875
439,46.72222222222222,51.611111111111114,51.611111111111114,50.888888888888886,25.0,64.33333333333333,981.1666666666666,1083.8333333333335,1083.8333333333335,270.95833333333337,1938.9416666666666,1938.9416666666666,0.04592514124293786,0.32863418079096046
440,31.88888888888889,42.94444444444444,42.94444444444444,41.94444444444444,20.0,42.44444444444444,669.6666666666666,901.8333333333333,901.8333333333333,225.45833333333331,1363.8916666666664,1363.8916666666664,0.03821327683615819,0.23116807909604517
441,40.333333333333336,47.5,47.5,46.333333333333336,21.944444444444443,50.55555555555556,847.0,997.5,997.5,249.375,1689.2749999999999,1689.2749999999999,0.04226694915254237,0.2863177966101695
442,37.72222222222222,53.0,53.0,51.5,25.11111111111111,51.5,792.1666666666666,1113.0,1113.0,278.25,1624.9333333333332,1624.9333333333332,0.04716101694915254,0.27541242937853105
443,41.5,57.333333333333336,57.333333333333336,56.5,29.11111111111111,49.05555555555556,871.5,1204.0,1204.0,301.0,1782.55,1782.55,0.051016949152542374,0.30212711864406777
444,42.5,45.888888888888886,45.888888888888886,44.666666666666664,22.0,51.05555555555556,892.5,963.6666666666666,963.6666666666666,240.91666666666666,1758.1666666666667,1758.1666666666667,0.04083333333333333,0.2979943502824859
445,52.388888888888886,60.5,60.5,60.27777777777778,29.11111111111111,60.666666666666664,1100.1666666666665,1270.5,1270.5,317.625,2187.908333333333,2187.908333333333,0.05383474576271186,0.3708319209039547
446,45.333333333333336,65.5,65.5,65.27777777777777,34.44444444444444,56.77777777777778,952.0,1375.5,1375.5,343.875,1962.2749999999999,1962.2749999999999,0.05828389830508474,0.33258898305084744
447,38.333333333333336,47.888888888888886,47.888888888888886,46.77777777777778,23.444444444444443,48.111111111111114,805.0,1005.6666666666666,1005.6666666666666,251.41666666666666,1619.9166666666667,1619.9166666666667,0.042612994350282485,0.2745621468926554
448,36.388888888888886,42.333333333333336,42.333333333333336,41.333333333333336,21.11111111111111,45.05555555555556,764.1666666666666,889.0,889.0,222.25,1521.3333333333333,1521.3333333333333,0.03766949152542373,0.25785310734463274
449,55.833333333333336,58.44444444444444,58.44444444444444,57.77777777777778,29.38888888888889,60.333333333333336,1172.5,1227.3333333333333,1227.3333333333333,306.8333333333333,2300.0833333333335,2300.0833333333335,0.05200564971751412,0.3898446327683616
450,40.55555555555556,38.27777777777778,38.27777777777778,37.27777777777778,17.944444444444443,43.666666666666664,851.6666666666667,803.8333333333334,803.8333333333334,200.95833333333334,1648.7916666666667,1648.7916666666667,0.034060734463276836,0.27945621468926557
451,39.5,49.388888888888886,49.388888888888886,48.666666666666664,24.11111111111111,52.5,829.5,1037.1666666666665,1037.1666666666665,259.29166666666663,1669.4416666666666,1669.4416666666666,0.04394774011299434,0.2829562146892655
452,28.444444444444443,46.77777777777778,46.77777777777778,46.111111111111114,24.11111111111111,41.27777777777778,597.3333333333333,982.3333333333334,982.3333333333334,245.58333333333334,1261.0499999999997,1261.0499999999997,0.04162429378531073,0.21373728813559317
453,46.55555555555556,55.05555555555556,55.05555555555556,55.111111111111114,26.833333333333332,58.888888888888886,977.6666666666667,1156.1666666666667,1156.1666666666667,289.0416666666667,1951.0750000000003,1951.0750000000003,0.048990112994350285,0.33069067796610174
454,39.888888888888886,45.44444444444444,45.44444444444444,44.94444444444444,22.61111111111111,48.111111111111114,837.6666666666666,954.3333333333333,954.3333333333333,238.58333333333331,1662.6166666666666,1662.6166666666666,0.04043785310734463,0.28179943502824856
455,27.055555555555557,28.77777777777778,28.77777777777778,28.27777777777778,14.11111111111111,30.88888888888889,568.1666666666667,604.3333333333334,604.3333333333334,151.08333333333334,1116.9666666666667,1116.9666666666667,0.025607344632768363,0.18931638418079097
456,35.666666666666664,45.55555555555556,45.55555555555556,44.388888888888886,21.0,44.833333333333336,749.0,956.6666666666667,956.6666666666667,239.16666666666669,1512.4666666666667,1512.4666666666667,0.04053672316384181,0.2563502824858757
457,41.77777777777778,61.05555555555556,61.05555555555556,60.333333333333336,30.166666666666668,49.833333333333336,877.3333333333334,1282.1666666666667,1282.1666666666667,320.5416666666667,1812.0083333333334,1812.0083333333334,0.05432909604519774,0.30712005649717516
458,44.55555555555556,50.44444444444444,50.44444444444444,50.611111111111114,23.555555555555557,51.5,935.6666666666667,1059.3333333333333,1059.3333333333333,264.8333333333333,1855.4666666666667,1855.4666666666667,0.04488700564971751,0.31448587570621467
459,25.61111111111111,26.0,26.0,25.11111111111111,12.666666666666666,29.055555555555557,537.8333333333334,546.0,546.0,136.5,1050.8166666666666,1050.8166666666666,0.023135593220338983,0.1781045197740113
460,24.27777777777778,37.388888888888886,37.388888888888886,36.166666666666664,18.27777777777778,28.666666666666668,509.83333333333337,785.1666666666666,785.1666666666666,196.29166666666666,1063.0083333333334,1063.0083333333334,0.033269774011299436,0.1801709039548023
461,51.0,50.611111111111114,50.611111111111114,50.111111111111114,25.88888888888889,59.333333333333336,1071.0,1062.8333333333335,1062.8333333333335,265.70833333333337,2086.4083333333333,2086.4083333333333,0.045035310734463284,0.35362853107344633
462,47.166666666666664,54.72222222222222,54.72222222222222,54.888888888888886,28.944444444444443,58.5,990.5,1149.1666666666667,1149.1666666666667,287.2916666666667,1971.1416666666667,1971.1416666666667,0.04869350282485876,0.3340918079096045
463,29.22222222222222,51.111111111111114,51.111111111111114,49.611111111111114,25.0,38.72222222222222,613.6666666666666,1073.3333333333335,1073.3333333333335,268.33333333333337,1311.5666666666666,1311.5666666666666,0.04548022598870057,0.2222994350282486
464,54.5,64.77777777777777,64.77777777777777,63.77777777777778,31.77777777777778,69.0,1144.5,1360.3333333333333,1360.3333333333333,340.0833333333333,2285.733333333333,2285.733333333333,0.0576412429378531,0.38741242937853104
465,36.166666666666664,51.94444444444444,51.94444444444444,51.5,25.833333333333332,47.333333333333336,759.5,1090.8333333333333,1090.8333333333333,272.7083333333333,1563.8583333333331,1563.8583333333331,0.046221751412429374,0.2650607344632768
466,47.44444444444444,50.833333333333336,50.833333333333336,51.27777777777778,25.555555555555557,59.55555555555556,996.3333333333333,1067.5,1067.5,266.875,1960.6416666666664,1960.6416666666664,0.04523305084745763,0.3323121468926553
467,54.111111111111114,59.22222222222222,59.22222222222222,58.388888888888886,28.666666666666668,70.0,1136.3333333333335,1243.6666666666667,1243.6666666666667,310.9166666666667,2242.6833333333334,2242.6833333333334,0.05269774011299436,0.3801158192090396
468,44.55555555555556,49.111111111111114,49.111111111111114,48.888888888888886,24.833333333333332,50.05555555555556,935.6666666666667,1031.3333333333335,1031.3333333333335,257.83333333333337,1848.4666666666667,1848.4666666666667,0.04370056497175142,0.3132994350282486
469,46.166666666666664,48.111111111111114,48.111111111111114,48.333333333333336,24.333333333333332,59.22222222222222,969.5,1010.3333333333334,1010.3333333333334,252.58333333333334,1900.7333333333331,1900.7333333333331,0.04281073446327684,0.3221581920903954
470,44.94444444444444,54.388888888888886,54.388888888888886,53.94444444444444,26.61111111111111,52.77777777777778,943.8333333333333,1142.1666666666665,1142.1666666666665,285.54166666666663,1890.058333333333,1890.058333333333,0.04839689265536722,0.3203488700564971
471,38.05555555555556,42.666666666666664,42.666666666666664,42.833333333333336,21.833333333333332,47.666666666666664,799.1666666666667,896.0,896.0,224.0,1582.5833333333335,1582.5833333333335,0.03796610169491525,0.2682344632768362
472,53.388888888888886,60.5,60.5,59.333333333333336,29.444444444444443,68.38888888888889,1121.1666666666665,1270.5,1270.5,317.625,2223.608333333333,2223.608333333333,0.05383474576271186,0.3768827683615819
473,39.888888888888886,46.166666666666664,46.166666666666664,45.833333333333336,24.27777777777778,47.94444444444444,837.6666666666666,969.5,969.5,242.375,1666.4083333333333,1666.4083333333333,0.04108050847457627,0.28244209039548024
474,31.944444444444443,30.944444444444443,30.944444444444443,30.11111111111111,14.666666666666666,36.44444444444444,670.8333333333333,649.8333333333333,649.8333333333333,162.45833333333331,1302.8749999999998,1302.8749999999998,0.027535310734463275,0.22082627118644063
475,33.611111111111114,39.05555555555556,39.05555555555556,38.44444444444444,18.5,37.94444444444444,705.8333333333334,820.1666666666667,820.1666666666667,205.04166666666669,1404.9583333333335,1404.9583333333335,0.03475282485875707,0.23812853107344636
476,41.611111111111114,44.5,44.5,43.611111111111114,21.38888888888889,51.77777777777778,873.8333333333334,934.5,934.5,233.625,1719.1416666666667,1719.1416666666667,0.039597457627118644,0.29137994350282487
477,32.55555555555556,42.333333333333336,42.333333333333336,42.333333333333336,22.333333333333332,38.333333333333336,683.6666666666667,889.0,889.0,222.25,1384.4833333333333,1384.4833333333333,0.03766949152542373,0.23465819209039548
478,51.22222222222222,60.333333333333336,60.333333333333336,59.72222222222222,29.944444444444443,65.94444444444444,1075.6666666666667,1267.0,1267.0,316.75,2145.383333333333,2145.383333333333,0.0536864406779661,0.3636242937853107
479,59.55555555555556,58.388888888888886,58.388888888888886,58.111111111111114,27.666666666666668,67.27777777777777,1250.6666666666667,1226.1666666666665,1226.1666666666665,306.54166666666663,2432.6749999999997,2432.6749999999997,0.05195621468926553,0.41231779661016943
480,42.388888888888886,48.333333333333336,48.333333333333336,47.77777777777778,24.11111111111111,50.0,890.1666666666666,1015.0,1015.0,253.75,1767.0333333333333,1767.0333333333333,0.04300847457627119,0.2994971751412429
481,43.94444444444444,46.27777777777778,46.27777777777778,45.111111111111114,22.444444444444443,49.611111111111114,922.8333333333333,971.8333333333334,971.8333333333334,242.95833333333334,1811.7749999999999,1811.7749999999999,0.041179378531073445,0.30708050847457624
482,52.05555555555556,54.27777777777778,54.27777777777778,54.0,24.833333333333332,68.77777777777777,1093.1666666666667,1139.8333333333333,1139.8333333333333,284.9583333333333,2143.3416666666667,2143.3416666666667,0.048298022598870054,0.36327824858757063
483,39.55555555555556,43.55555555555556,43.55555555555556,43.333333333333336,20.555555555555557,47.0,830.6666666666667,914.6666666666667,914.6666666666667,228.66666666666669,1640.8000000000002,1640.8000000000002,0.03875706214689266,0.27810169491525427
484,45.44444444444444,47.111111111111114,47.111111111111114,46.72222222222222,23.38888888888889,52.94444444444444,954.3333333333333,989.3333333333334,989.3333333333334,247.33333333333334,1869.6999999999998,1869.6999999999998,0.04192090395480226,0.31689830508474576
485,48.55555555555556,57.333333333333336,57.333333333333336,57.388888888888886,29.944444444444443,52.0,1019.6666666666667,1204.0,1204.0,301.0,2034.4333333333334,2034.4333333333334,0.051016949152542374,0.34481920903954805
486,40.22222222222222,48.0,48.0,46.388888888888886,22.38888888888889,53.22222222222222,844.6666666666666,1008.0,1008.0,252.0,1687.9333333333332,1687.9333333333332,0.04271186440677966,0.28609039548022597
487,34.611111111111114,47.05555555555556,47.05555555555556,46.22222222222222,23.72222222222222,41.77777777777778,726.8333333333334,988.1666666666667,988.1666666666667,247.04166666666669,1482.6583333333335,1482.6583333333335,0.041871468926553676,0.2512980225988701
488,37.94444444444444,35.388888888888886,35.388888888888886,35.72222222222222,17.11111111111111,44.94444444444444,796.8333333333333,743.1666666666666,743.1666666666666,185.79166666666666,1540.4083333333333,1540.4083333333333,0.03149011299435028,0.2610861581920904
489,42.44444444444444,56.388888888888886,56.388888888888886,55.5,28.555555555555557,51.72222222222222,891.3333333333333,1184.1666666666665,1184.1666666666665,296.04166666666663,1811.308333333333,1811.308333333333,0.050176553672316375,0.30700141242937845
490,36.05555555555556,46.72222222222222,46.72222222222222,46.22222222222222,22.72222222222222,45.72222222222222,757.1666666666667,981.1666666666666,981.1666666666666,245.29166666666666,1532.4750000000001,1532.4750000000001,0.04157485875706215,0.25974152542372886
491,46.388888888888886,65.5,65.5,64.5,31.833333333333332,64.38888888888889,974.1666666666666,1375.5,1375.5,343.875,1999.9583333333333,1999.9583333333333,0.05828389830508474,0.33897598870056495
492,47.27777777777778,49.5,49.5,49.166666666666664,25.833333333333332,53.5,992.8333333333334,1039.5,1039.5,259.875,1947.6916666666666,1947.6916666666666,0.044046610169491525,0.33011723163841805
493,53.611111111111114,60.72222222222222,60.72222222222222,61.05555555555556,30.166666666666668,62.72222222222222,1125.8333333333335,1275.1666666666667,1275.1666666666667,318.7916666666667,2232.7083333333335,2232.7083333333335,0.05403248587570622,0.37842514124293786
494,46.111111111111114,60.5,60.5,59.55555555555556,28.88888888888889,56.388888888888886,968.3333333333334,1270.5,1270.5,317.625,1963.7916666666667,1963.7916666666667,0.05383474576271186,0.33284604519774014
495,38.0,45.22222222222222,45.22222222222222,44.22222222222222,22.333333333333332,44.388888888888886,798.0,949.6666666666666,949.6666666666666,237.41666666666666,1594.0166666666667,1594.0166666666667,0.040240112994350284,0.27017231638418077
496,31.5,41.333333333333336,41.333333333333336,40.44444444444444,19.88888888888889,36.55555555555556,661.5,868.0,868.0,217.0,1341.55,1341.55,0.036779661016949156,0.22738135593220338
497,37.22222222222222,47.55555555555556,47.55555555555556,46.888888888888886,24.055555555555557,48.611111111111114,781.6666666666666,998.6666666666667,998.6666666666667,249.66666666666669,1578.5,1578.5,0.042316384180790964,0.2675423728813559
498,51.166666666666664,56.111111111111114,56.111111111111114,55.888888888888886,28.333333333333332,61.72222222222222,1074.5,1178.3333333333335,1178.3333333333335,294.58333333333337,2121.233333333333,2121.233333333333,0.04992937853107345,0.3595310734463276
499,49.611111111111114,46.27777777777778,46.27777777777778,45.611111111111114,21.61111111111111,51.833333333333336,1041.8333333333335,971.8333333333334,971.8333333333334,242.95833333333334,2014.075,2014.075,0.041179378531073445,0.3413686440677966
500,42.166666666666664,47.55555555555556,47.55555555555556,46.666666666666664,24.38888888888889,47.22222222222222,885.5,998.6666666666667,998.6666666666667,249.66666666666669,1755.0166666666667,1755.0166666666667,0.042316384180790964,0.2974604519774011
501,42.94444444444444,44.27777777777778,44.27777777777778,44.22222222222222,22.555555555555557,54.77777777777778,901.8333333333333,929.8333333333334,929.8333333333334,232.45833333333334,1765.5749999999998,1765.5749999999998,0.03939971751412429,0.29924999999999996
502,50.72222222222222,52.44444444444444,52.44444444444444,52.05555555555556,25.61111111111111,64.27777777777777,1065.1666666666667,1101.3333333333333,1101.3333333333333,275.3333333333333,2086.116666666667,2086.116666666667,0.04666666666666666,0.35357909604519777
503,38.5,45.333333333333336,45.333333333333336,44.666666666666664,21.38888888888889,52.55555555555556,808.5,952.0,952.0,238.0,1612.45,1612.45,0.04033898305084746,0.2732966101694915
504,59.833333333333336,71.72222222222223,71.72222222222223,71.44444444444444,35.55555555555556,72.77777777777777,1256.5,1506.1666666666667,1506.1666666666667,376.5416666666667,2512.5916666666662,2512.5916666666662,0.06382062146892656,0.4258629943502824
505,34.333333333333336,29.22222222222222,29.22222222222222,28.5,14.166666666666666,40.05555555555556,721.0,613.6666666666666,613.6666666666666,153.41666666666666,1379.1166666666668,1379.1166666666668,0.02600282485875706,0.2337485875706215
506,56.77777777777778,60.94444444444444,60.94444444444444,60.666666666666664,28.833333333333332,66.44444444444444,1192.3333333333333,1279.8333333333333,1279.8333333333333,319.9583333333333,2346.9249999999997,2346.9249999999997,0.05423022598870056,0.3977838983050847
507,47.94444444444444,51.166666666666664,51.166666666666664,51.0,25.944444444444443,54.44444444444444,1006.8333333333333,1074.5,1074.5,268.625,1980.2416666666666,1980.2416666666666,0.04552966101694915,0.3356341807909604
508,47.27777777777778,56.05555555555556,56.05555555555556,55.05555555555556,27.0,56.333333333333336,992.8333333333334,1177.1666666666667,1177.1666666666667,294.2916666666667,1982.1083333333333,1982.1083333333333,0.04987994350282486,0.3359505649717514
509,40.05555555555556,46.55555555555556,46.55555555555556,46.0,22.444444444444443,49.44444444444444,841.1666666666667,977.6666666666667,977.6666666666667,244.41666666666669,1674.4,1674.4,0.04142655367231639,0.28379661016949154
510,48.05555555555556,56.44444444444444,56.44444444444444,56.166666666666664,27.166666666666668,63.72222222222222,1009.1666666666667,1185.3333333333333,1185.3333333333333,296.3333333333333,2011.9166666666667,2011.9166666666667,0.050225988700564966,0.34100282485875705
511,46.55555555555556,55.0,55.0,55.0,27.833333333333332,60.611111111111114,977.6666666666667,1155.0,1155.0,288.75,1950.7833333333335,1950.7833333333335,0.048940677966101694,0.33064124293785313
512,43.833333333333336,54.333333333333336,54.333333333333336,53.72222222222222,26.333333333333332,55.44444444444444,920.5,1141.0,1141.0,285.25,1850.1,1850.1,0.048347457627118645,0.31357627118644066
513,57.22222222222222,60.5,60.5,59.888888888888886,29.555555555555557,70.05555555555556,1201.6666666666667,1270.5,1270.5,317.625,2360.4583333333335,2360.4583333333335,0.05383474576271186,0.40007768361581925
514,60.5,61.22222222222222,61.22222222222222,60.55555555555556,28.72222222222222,80.61111111111111,1270.5,1285.6666666666667,1285.6666666666667,321.4166666666667,2481.2666666666664,2481.2666666666664,0.05447740112994351,0.42055367231638413
515,48.111111111111114,50.888888888888886,50.888888888888886,49.72222222222222,25.22222222222222,60.611111111111114,1010.3333333333334,1068.6666666666665,1068.6666666666665,267.16666666666663,1984.7333333333331,1984.7333333333331,0.045282485875706206,0.33639548022598864
516,54.72222222222222,57.72222222222222,57.72222222222222,57.166666666666664,28.333333333333332,66.44444444444444,1149.1666666666667,1212.1666666666667,1212.1666666666667,303.0416666666667,2256.625,2256.625,0.051362994350282486,0.382478813559322
517,36.833333333333336,41.72222222222222,41.72222222222222,40.833333333333336,20.444444444444443,43.333333333333336,773.5,876.1666666666666,876.1666666666666,219.04166666666666,1533.9916666666668,1533.9916666666668,0.03712570621468926,0.2599985875706215
518,39.166666666666664,42.94444444444444,42.94444444444444,42.72222222222222,20.77777777777778,47.22222222222222,822.5,901.8333333333333,901.8333333333333,225.45833333333331,1623.7083333333333,1623.7083333333333,0.03821327683615819,0.27520480225988697
519,44.55555555555556,53.888888888888886,53.888888888888886,53.5,27.0,56.111111111111114,935.6666666666667,1131.6666666666665,1131.6666666666665,282.91666666666663,1873.5500000000002,1873.5500000000002,0.047951977401129935,0.31755084745762713
520,40.0,42.22222222222222,42.22222222222222,41.888888888888886,20.11111111111111,47.22222222222222,840.0,886.6666666666666,886.6666666666666,221.66666666666666,1649.6666666666667,1649.6666666666667,0.03757062146892655,0.2796045197740113
521,41.666666666666664,46.666666666666664,46.666666666666664,46.833333333333336,23.5,55.0,875.0,980.0,980.0,245.0,1732.5,1732.5,0.04152542372881356,0.2936440677966102
522,38.94444444444444,40.27777777777778,40.27777777777778,39.388888888888886,17.944444444444443,51.611111111111114,817.8333333333333,845.8333333333334,845.8333333333334,211.45833333333334,1601.7749999999999,1601.7749999999999,0.03584039548022599,0.2714872881355932
523,52.0,63.333333333333336,63.333333333333336,62.72222222222222,31.61111111111111,71.33333333333333,1092.0,1330.0,1330.0,332.5,2188.8999999999996,2188.8999999999996,0.05635593220338983,0.37099999999999994
524,40.44444444444444,47.833333333333336,47.833333333333336,47.44444444444444,24.944444444444443,50.44444444444444,849.3333333333333,1004.5,1004.5,251.125,1694.9916666666666,1694.9916666666666,0.0425635593220339,0.2872867231638418
525,48.44444444444444,62.666666666666664,62.666666666666664,62.55555555555556,31.22222222222222,59.72222222222222,1017.3333333333333,1316.0,1316.0,329.0,2058.4666666666662,2058.4666666666662,0.05576271186440678,0.3488926553672316
526,49.05555555555556,63.611111111111114,63.611111111111114,63.111111111111114,31.333333333333332,59.166666666666664,1030.1666666666667,1335.8333333333335,1335.8333333333335,333.95833333333337,2085.241666666667,2085.241666666667,0.05660310734463277,0.353430790960452
527,48.333333333333336,54.44444444444444,54.44444444444444,53.27777777777778,26.055555555555557,57.0,1015.0,1143.3333333333333,1143.3333333333333,285.8333333333333,2011.3333333333333,2011.3333333333333,0.048446327683615814,0.3409039548022599
528,55.94444444444444,60.94444444444444,60.94444444444444,60.27777777777778,29.666666666666668,68.72222222222223,1174.8333333333333,1279.8333333333333,1279.8333333333333,319.9583333333333,2317.1749999999997,2317.1749999999997,0.05423022598870056,0.39274152542372875
529,33.333333333333336,44.77777777777778,44.77777777777778,43.94444444444444,22.38888888888889,46.388888888888886,700.0,940.3333333333334,940.3333333333334,235.08333333333334,1425.0833333333333,1425.0833333333333,0.03984463276836158,0.24153954802259886
530,51.0,51.5,51.5,50.666666666666664,24.666666666666668,65.66666666666667,1071.0,1081.5,1081.5,270.375,2091.075,2091.075,0.04582627118644068,0.3544194915254237
531,47.94444444444444,50.05555555555556,50.05555555555556,50.05555555555556,24.555555555555557,55.111111111111114,1006.8333333333333,1051.1666666666667,1051.1666666666667,262.7916666666667,1974.4083333333333,1974.4083333333333,0.044540960451977404,0.3346454802259887
532,41.22222222222222,56.333333333333336,56.333333333333336,55.388888888888886,27.27777777777778,50.833333333333336,865.6666666666666,1183.0,1183.0,295.75,1767.3833333333332,1767.3833333333332,0.0501271186440678,0.2995564971751412
533,47.72222222222222,55.333333333333336,55.333333333333336,54.72222222222222,26.333333333333332,61.44444444444444,1002.1666666666666,1162.0,1162.0,290.5,1994.1833333333332,1994.1833333333332,0.04923728813559322,0.3379971751412429
534,60.27777777777778,67.05555555555556,67.05555555555556,66.16666666666667,32.72222222222222,78.11111111111111,1265.8333333333333,1408.1666666666667,1408.1666666666667,352.0416666666667,2503.958333333333,2503.958333333333,0.0596680790960452,0.42439971751412425
535,43.05555555555556,50.333333333333336,50.333333333333336,49.888888888888886,24.5,56.55555555555556,904.1666666666667,1057.0,1057.0,264.25,1801.3333333333335,1801.3333333333335,0.04478813559322034,0.3053107344632769
536,34.94444444444444,36.166666666666664,36.166666666666664,35.44444444444444,17.333333333333332,40.166666666666664,733.8333333333333,759.5,759.5,189.875,1437.3916666666664,1437.3916666666664,0.03218220338983051,0.24362570621468924
537,64.11111111111111,54.27777777777778,54.27777777777778,54.0,26.77777777777778,71.16666666666667,1346.3333333333335,1139.8333333333333,1139.8333333333333,284.9583333333333,2573.7250000000004,2573.7250000000004,0.048298022598870054,0.4362245762711865
538,52.77777777777778,45.05555555555556,45.05555555555556,44.55555555555556,22.27777777777778,60.94444444444444,1108.3333333333333,946.1666666666667,946.1666666666667,236.54166666666669,2120.708333333333,2120.708333333333,0.040091807909604524,0.3594420903954802
539,42.72222222222222,43.888888888888886,43.888888888888886,43.111111111111114,22.333333333333332,51.0,897.1666666666666,921.6666666666666,921.6666666666666,230.41666666666666,1755.6,1755.6,0.03905367231638418,0.2975593220338983
540,34.888888888888886,49.77777777777778,49.77777777777778,49.388888888888886,24.88888888888889,47.0,732.6666666666666,1045.3333333333333,1045.3333333333333,261.3333333333333,1506.8666666666666,1506.8666666666666,0.04429378531073446,0.2554011299435028
541,49.833333333333336,53.388888888888886,53.388888888888886,53.111111111111114,25.38888888888889,61.5,1046.5,1121.1666666666665,1121.1666666666665,280.29166666666663,2059.3416666666667,2059.3416666666667,0.04750706214689265,0.3490409604519774
542,40.44444444444444,51.111111111111114,51.111111111111114,49.666666666666664,24.88888888888889,50.77777777777778,849.3333333333333,1073.3333333333335,1073.3333333333335,268.33333333333337,1712.1999999999998,1712.1999999999998,0.04548022598870057,0.2902033898305084
543,41.94444444444444,55.72222222222222,55.72222222222222,54.77777777777778,26.444444444444443,53.888888888888886,880.8333333333333,1170.1666666666667,1170.1666666666667,292.5416666666667,1789.9583333333333,1789.9583333333333,0.04958333333333333,0.3033827683615819
544,49.77777777777778,50.888888888888886,50.888888888888886,49.94444444444444,23.055555555555557,64.83333333333333,1045.3333333333333,1068.6666666666665,1068.6666666666665,267.16666666666663,2044.2333333333331,2044.2333333333331,0.045282485875706206,0.34648022598870054
545,51.388888888888886,58.05555555555556,58.05555555555556,57.55555555555556,28.5,67.55555555555556,1079.1666666666665,1219.1666666666667,1219.1666666666667,304.7916666666667,2139.3749999999995,2139.3749999999995,0.05165960451977401,0.36260593220338977
546,42.111111111111114,58.0,58.0,56.888888888888886,28.666666666666668,57.5,884.3333333333334,1218.0,1218.0,304.5,1807.8666666666668,1807.8666666666668,0.05161016949152542,0.30641807909604524
547,39.0,47.05555555555556,47.05555555555556,45.333333333333336,23.0,49.0,819.0,988.1666666666667,988.1666666666667,247.04166666666669,1639.3416666666667,1639.3416666666667,0.041871468926553676,0.2778545197740113
548,45.22222222222222,54.5,54.5,53.72222222222222,26.77777777777778,55.888888888888886,949.6666666666666,1144.5,1144.5,286.125,1900.5583333333332,1900.5583333333332,0.048495762711864406,0.3221285310734463
549,45.666666666666664,49.0,49.0,48.5,25.444444444444443,51.111111111111114,959.0,1029.0,1029.0,257.25,1887.55,1887.55,0.04360169491525424,0.3199237288135593
550,42.388888888888886,47.833333333333336,47.833333333333336,47.22222222222222,24.27777777777778,51.111111111111114,890.1666666666666,1004.5,1004.5,251.125,1764.4083333333333,1764.4083333333333,0.0425635593220339,0.2990522598870056
551,41.888888888888886,43.72222222222222,43.72222222222222,42.94444444444444,20.38888888888889,52.5,879.6666666666666,918.1666666666666,918.1666666666666,229.54166666666666,1724.975,1724.975,0.03890536723163841,0.2923686440677966
552,32.388888888888886,53.666666666666664,53.666666666666664,52.611111111111114,26.61111111111111,49.22222222222222,680.1666666666666,1127.0,1127.0,281.75,1438.0333333333333,1438.0333333333333,0.04775423728813559,0.24373446327683615
553,54.611111111111114,55.05555555555556,55.05555555555556,55.166666666666664,27.055555555555557,64.61111111111111,1146.8333333333335,1156.1666666666667,1156.1666666666667,289.0416666666667,2238.6583333333333,2238.6583333333333,0.048990112994350285,0.37943361581920904
554,40.166666666666664,50.77777777777778,50.77777777777778,50.611111111111114,24.833333333333332,52.333333333333336,843.5,1066.3333333333333,1066.3333333333333,266.5833333333333,1700.5333333333333,1700.5333333333333,0.04518361581920904,0.288225988700565
555,50.5,58.611111111111114,58.611111111111114,57.22222222222222,28.61111111111111,62.611111111111114,1060.5,1230.8333333333335,1230.8333333333335,307.70833333333337,2110.5583333333334,2110.5583333333334,0.05215395480225989,0.3577217514124294
556,45.27777777777778,62.111111111111114,62.111111111111114,62.166666666666664,31.77777777777778,51.388888888888886,950.8333333333334,1304.3333333333335,1304.3333333333335,326.08333333333337,1942.5,1942.5,0.05526836158192091,0.3292372881355932
557,46.55555555555556,53.27777777777778,53.27777777777778,52.94444444444444,25.555555555555557,54.27777777777778,977.6666666666667,1118.8333333333333,1118.8333333333333,279.7083333333333,1941.7416666666668,1941.7416666666668,0.04740819209039548,0.32910875706214693
558,54.666666666666664,52.166666666666664,52.166666666666664,51.611111111111114,24.22222222222222,66.11111111111111,1148.0,1095.5,1095.5,273.875,2225.475,2225.475,0.046419491525423726,0.37719915254237285
559,34.44444444444444,34.55555555555556,34.55555555555556,34.22222222222222,17.166666666666668,43.666666666666664,723.3333333333333,725.6666666666667,725.6666666666667,181.41666666666669,1411.0833333333333,1411.0833333333333,0.03074858757062147,0.23916666666666667
560,52.5,59.388888888888886,59.388888888888886,58.55555555555556,29.555555555555557,65.66666666666667,1102.5,1247.1666666666665,1247.1666666666665,311.79166666666663,2186.0416666666665,2186.0416666666665,0.0528460451977401,0.37051553672316384
561,49.5,63.77777777777778,63.77777777777778,63.77777777777778,31.88888888888889,59.0,1039.5,1339.3333333333333,1339.3333333333333,334.8333333333333,2101.983333333333,2101.983333333333,0.05675141242937853,0.3562683615819209
562,39.166666666666664,45.833333333333336,45.833333333333336,45.44444444444444,23.5,48.166666666666664,822.5,962.5,962.5,240.625,1638.875,1638.875,0.04078389830508475,0.2777754237288136
563,37.166666666666664,41.22222222222222,41.22222222222222,40.5,19.72222222222222,48.77777777777778,780.5,865.6666666666666,865.6666666666666,216.41666666666666,1543.2666666666667,1543.2666666666667,0.03668079096045197,0.26157062146892657
564,52.0,55.05555555555556,55.05555555555556,54.888888888888886,27.61111111111111,65.72222222222223,1092.0,1156.1666666666667,1156.1666666666667,289.0416666666667,2145.4416666666666,2145.4416666666666,0.048990112994350285,0.36363418079096044
565,48.166666666666664,52.666666666666664,52.666666666666664,51.611111111111114,26.61111111111111,62.333333333333336,1011.5,1106.0,1106.0,276.5,1996.05,1996.05,0.046864406779661014,0.3383135593220339
566,26.11111111111111,42.05555555555556,42.05555555555556,41.611111111111114,21.166666666666668,32.666666666666664,548.3333333333334,883.1666666666667,883.1666666666667,220.79166666666669,1152.9583333333335,1152.9583333333335,0.037422316384180795,0.19541666666666668
567,43.72222222222222,50.5,50.5,50.05555555555556,25.666666666666668,54.94444444444444,918.1666666666666,1060.5,1060.5,265.125,1826.0083333333332,1826.0083333333332,0.0449364406779661,0.30949293785310733
568,48.27777777777778,51.22222222222222,51.22222222222222,50.666666666666664,24.61111111111111,59.55555555555556,1013.8333333333334,1075.6666666666667,1075.6666666666667,268.9166666666667,1992.4333333333334,1992.4333333333334,0.04557909604519774,0.33770056497175144
569,47.333333333333336,52.94444444444444,52.94444444444444,53.0,27.333333333333332,58.27777777777778,994.0,1111.8333333333333,1111.8333333333333,277.9583333333333,1967.7583333333332,1967.7583333333332,0.04711158192090395,0.3335183615819209
570,39.833333333333336,48.94444444444444,48.94444444444444,47.77777777777778,23.5,50.72222222222222,836.5,1027.8333333333333,1027.8333333333333,256.9583333333333,1679.0083333333332,1679.0083333333332,0.043552259887005645,0.2845776836158192
571,34.22222222222222,39.72222222222222,39.72222222222222,39.833333333333336,20.666666666666668,36.27777777777778,718.6666666666666,834.1666666666666,834.1666666666666,208.54166666666666,1430.275,1430.275,0.03534604519774011,0.24241949152542375
572,35.333333333333336,40.166666666666664,40.166666666666664,39.166666666666664,20.944444444444443,40.77777777777778,742.0,843.5,843.5,210.875,1472.2749999999999,1472.2749999999999,0.03574152542372881,0.24953813559322033
573,49.77777777777778,52.55555555555556,52.55555555555556,51.611111111111114,26.944444444444443,52.333333333333336,1045.3333333333333,1103.6666666666667,1103.6666666666667,275.9166666666667,2052.983333333333,2052.983333333333,0.046765536723163845,0.34796327683615813
574,47.05555555555556,48.77777777777778,48.77777777777778,48.55555555555556,23.0,59.72222222222222,988.1666666666667,1024.3333333333333,1024.3333333333333,256.0833333333333,1935.9666666666667,1935.9666666666667,0.043403954802259885,0.3281299435028249
575,44.111111111111114,54.05555555555556,54.05555555555556,53.833333333333336,28.11111111111111,51.5,926.3333333333334,1135.1666666666667,1135.1666666666667,283.7916666666667,1858.5583333333334,1858.5583333333334,0.04810028248587571,0.31500988700564975
576,40.94444444444444,48.611111111111114,48.611111111111114,48.55555555555556,25.77777777777778,42.666666666666664,859.8333333333333,1020.8333333333334,1020.8333333333334,255.20833333333334,1716.9249999999997,1716.9249999999997,0.043255649717514125,0.29100423728813557
577,53.94444444444444,55.5,55.5,54.666666666666664,25.666666666666668,65.16666666666667,1132.8333333333333,1165.5,1165.5,291.375,2217.1916666666666,2217.1916666666666,0.04938559322033898,0.375795197740113
578,48.833333333333336,55.44444444444444,55.44444444444444,54.333333333333336,26.88888888888889,59.44444444444444,1025.5,1164.3333333333333,1164.3333333333333,291.0833333333333,2034.4333333333332,2034.4333333333332,0.04933615819209039,0.344819209039548
579,53.111111111111114,51.94444444444444,51.94444444444444,52.27777777777778,25.88888888888889,55.888888888888886,1115.3333333333335,1090.8333333333333,1090.8333333333333,272.7083333333333,2168.775,2168.775,0.046221751412429374,0.3675889830508475
580,45.333333333333336,40.388888888888886,40.388888888888886,38.94444444444444,18.0,54.0,952.0,848.1666666666666,848.1666666666666,212.04166666666666,1830.4416666666666,1830.4416666666666,0.035939265536723164,0.31024435028248587
581,41.388888888888886,42.888888888888886,42.888888888888886,42.111111111111114,20.11111111111111,46.833333333333336,869.1666666666666,900.6666666666666,900.6666666666666,225.16666666666666,1702.75,1702.75,0.038163841807909604,0.2886016949152542
582,57.166666666666664,60.166666666666664,60.166666666666664,60.0,29.22222222222222,75.55555555555556,1200.5,1263.5,1263.5,315.875,2356.725,2356.725,0.05353813559322034,0.39944491525423725
583,61.22222222222222,58.333333333333336,58.333333333333336,57.94444444444444,28.166666666666668,69.77777777777777,1285.6666666666667,1225.0,1225.0,306.25,2491.883333333333,2491.883333333333,0.05190677966101695,0.42235310734463277
584,41.388888888888886,60.05555555555556,60.05555555555556,59.72222222222222,29.11111111111111,52.94444444444444,869.1666666666666,1261.1666666666667,1261.1666666666667,315.2916666666667,1792.875,1792.875,0.053439265536723166,0.3038771186440678
585,50.72222222222222,61.666666666666664,61.666666666666664,60.611111111111114,29.333333333333332,62.94444444444444,1065.1666666666667,1295.0,1295.0,323.75,2134.5333333333333,2134.5333333333333,0.054872881355932206,0.3617853107344633
586,55.27777777777778,50.833333333333336,50.833333333333336,50.166666666666664,23.666666666666668,67.05555555555556,1160.8333333333333,1067.5,1067.5,266.875,2240.2916666666665,2240.2916666666665,0.04523305084745763,0.3797104519774011
587,44.0,53.77777777777778,53.77777777777778,53.22222222222222,26.333333333333332,61.0,924.0,1129.3333333333333,1129.3333333333333,282.3333333333333,1853.1333333333332,1853.1333333333332,0.047853107344632766,0.314090395480226
588,52.833333333333336,50.27777777777778,50.27777777777778,49.833333333333336,23.944444444444443,60.111111111111114,1109.5,1055.8333333333333,1055.8333333333333,263.9583333333333,2150.108333333333,2150.108333333333,0.04473870056497175,0.36442514124293784
589,47.5,43.0,43.0,43.0,19.666666666666668,58.55555555555556,997.5,903.0,903.0,225.75,1921.5,1921.5,0.03826271186440678,0.3256779661016949
590,30.666666666666668,54.666666666666664,54.666666666666664,54.111111111111114,28.11111111111111,43.666666666666664,644.0,1148.0,1148.0,287.0,1381.8,1381.8,0.04864406779661017,0.23420338983050848
591,33.55555555555556,40.27777777777778,40.27777777777778,39.94444444444444,19.333333333333332,47.0,704.6666666666667,845.8333333333334,845.8333333333334,211.45833333333334,1409.3916666666667,1409.3916666666667,0.03584039548022599,0.23887994350282485
592,51.888888888888886,51.111111111111114,51.111111111111114,50.5,24.166666666666668,68.33333333333333,1089.6666666666665,1073.3333333333335,1073.3333333333335,268.33333333333337,2120.7666666666664,2120.7666666666664,0.04548022598870057,0.3594519774011299
593,41.166666666666664,46.888888888888886,46.888888888888886,46.05555555555556,23.833333333333332,46.333333333333336,864.5,984.6666666666666,984.6666666666666,246.16666666666666,1715.8166666666666,1715.8166666666666,0.04172316384180791,0.290816384180791
594,44.0,57.111111111111114,57.111111111111114,56.611111111111114,26.72222222222222,60.666666666666664,924.0,1199.3333333333335,1199.3333333333335,299.83333333333337,1870.6333333333332,1870.6333333333332,0.05081920903954803,0.3170564971751412
595,32.55555555555556,43.55555555555556,43.55555555555556,43.27777777777778,22.38888888888889,42.388888888888886,683.6666666666667,914.6666666666667,914.6666666666667,228.66666666666669,1390.9,1390.9,0.03875706214689266,0.23574576271186443
596,53.888888888888886,64.22222222222223,64.22222222222223,63.888888888888886,31.27777777777778,69.11111111111111,1131.6666666666665,1348.6666666666667,1348.6666666666667,337.1666666666667,2260.9999999999995,2260.9999999999995,0.05714689265536724,0.38322033898305075
597,57.111111111111114,63.27777777777778,63.27777777777778,63.55555555555556,32.333333333333336,66.94444444444444,1199.3333333333335,1328.8333333333333,1328.8333333333333,332.2083333333333,2371.0750000000003,2371.0750000000003,0.05630649717514124,0.40187711864406783
598,45.166666666666664,49.55555555555556,49.55555555555556,48.94444444444444,24.88888888888889,57.166666666666664,948.5,1040.6666666666667,1040.6666666666667,260.1666666666667,1872.6166666666668,1872.6166666666668,0.044096045197740116,0.31739265536723166
599,51.833333333333336,63.05555555555556,63.05555555555556,62.44444444444444,31.333333333333332,70.0,1088.5,1324.1666666666667,1324.1666666666667,331.0416666666667,2181.491666666667,2181.491666666667,0.056108757062146894,0.3697443502824859
600,37.94444444444444,49.611111111111114,49.611111111111114,48.72222222222222,25.5,46.27777777777778,796.8333333333333,1041.8333333333335,1041.8333333333335,260.45833333333337,1615.0749999999998,1615.0749999999998,0.04414548022598871,0.27374152542372876
601,47.22222222222222,46.77777777777778,46.77777777777778,45.833333333333336,23.666666666666668,53.27777777777778,991.6666666666666,982.3333333333334,982.3333333333334,245.58333333333334,1931.4166666666665,1931.4166666666665,0.04162429378531073,0.32735875706214684
602,43.388888888888886,45.77777777777778,45.77777777777778,45.166666666666664,22.72222222222222,55.611111111111114,911.1666666666666,961.3333333333334,961.3333333333334,240.33333333333334,1789.3166666666664,1789.3166666666664,0.04073446327683616,0.303274011299435
603,37.111111111111114,43.888888888888886,43.888888888888886,44.111111111111114,22.833333333333332,50.388888888888886,779.3333333333334,921.6666666666666,921.6666666666666,230.41666666666666,1555.2833333333335,1555.2833333333335,0.03905367231638418,0.2636073446327684
604,38.94444444444444,45.166666666666664,45.166666666666664,44.5,23.22222222222222,42.111111111111114,817.8333333333333,948.5,948.5,237.125,1627.4416666666666,1627.4416666666666,0.04019067796610169,0.2758375706214689
605,47.44444444444444,45.05555555555556,45.05555555555556,44.666666666666664,23.166666666666668,49.5,996.3333333333333,946.1666666666667,946.1666666666667,236.54166666666669,1930.3083333333332,1930.3083333333332,0.040091807909604524,0.32717090395480225
606,48.333333333333336,59.888888888888886,59.888888888888886,59.333333333333336,30.27777777777778,61.0,1015.0,1257.6666666666665,1257.6666666666665,314.41666666666663,2039.9166666666665,2039.9166666666665,0.05329096045197739,0.34574858757062144
607,50.666666666666664,55.0,55.0,54.27777777777778,27.444444444444443,63.5,1064.0,1155.0,1155.0,288.75,2097.55,2097.55,0.048940677966101694,0.3555169491525424
608,22.88888888888889,29.61111111111111,29.61111111111111,29.333333333333332,15.166666666666666,27.38888888888889,480.6666666666667,621.8333333333334,621.8333333333334,155.45833333333334,972.5916666666667,972.5916666666667,0.02634887005649718,0.16484604519774013
609,42.22222222222222,49.333333333333336,49.333333333333336,49.388888888888886,26.11111111111111,48.333333333333336,886.6666666666666,1036.0,1036.0,259.0,1766.3333333333333,1766.3333333333333,0.043898305084745765,0.2993785310734463
610,55.666666666666664,59.388888888888886,59.388888888888886,58.111111111111114,28.666666666666668,64.0,1169.0,1247.1666666666665,1247.1666666666665,311.79166666666663,2299.0916666666667,2299.0916666666667,0.0528460451977401,0.3896765536723164
611,52.611111111111114,56.0,56.0,55.27777777777778,26.944444444444443,62.833333333333336,1104.8333333333335,1176.0,1176.0,294.0,2172.216666666667,2172.216666666667,0.04983050847457627,0.36817231638418085
612,51.833333333333336,58.166666666666664,58.166666666666664,57.333333333333336,28.944444444444443,57.72222222222222,1088.5,1221.5,1221.5,305.375,2155.825,2155.825,0.05175847457627119,0.36539406779661016
613,25.88888888888889,27.61111111111111,27.61111111111111,27.22222222222222,14.166666666666666,24.11111111111111,543.6666666666666,579.8333333333334,579.8333333333334,144.95833333333334,1069.1916666666666,1069.1916666666666,0.024569209039548023,0.1812189265536723
614,39.44444444444444,47.666666666666664,47.666666666666664,46.72222222222222,24.055555555555557,51.666666666666664,828.3333333333333,1001.0,1001.0,250.25,1658.4166666666665,1658.4166666666665,0.04241525423728813,0.2810875706214689
615,42.94444444444444,55.55555555555556,55.55555555555556,55.27777777777778,28.666666666666668,52.05555555555556,901.8333333333333,1166.6666666666667,1166.6666666666667,291.6666666666667,1824.7833333333333,1824.7833333333333,0.04943502824858757,0.30928531073446325
616,36.0,39.888888888888886,39.888888888888886,39.166666666666664,19.88888888888889,40.888888888888886,756.0,837.6666666666666,837.6666666666666,209.41666666666666,1494.6166666666668,1494.6166666666668,0.035494350282485876,0.2533248587570622
617,45.94444444444444,52.5,52.5,51.22222222222222,26.22222222222222,52.55555555555556,964.8333333333333,1102.5,1102.5,275.625,1915.8416666666665,1915.8416666666665,0.04671610169491525,0.3247189265536723
618,37.333333333333336,47.833333333333336,47.833333333333336,47.05555555555556,23.833333333333332,50.22222222222222,784.0,1004.5,1004.5,251.125,1583.925,1583.925,0.0425635593220339,0.26846186440677966
619,47.72222222222222,47.833333333333336,47.833333333333336,46.833333333333336,22.77777777777778,59.388888888888886,1002.1666666666666,1004.5,1004.5,251.125,1954.8083333333332,1954.8083333333332,0.0425635593220339,0.33132344632768357
620,58.22222222222222,55.666666666666664,55.666666666666664,55.5,27.555555555555557,72.72222222222223,1222.6666666666667,1169.0,1169.0,292.25,2370.7833333333333,2370.7833333333333,0.04953389830508475,0.4018276836158192
621,29.055555555555557,41.0,41.0,40.77777777777778,20.22222222222222,38.166666666666664,610.1666666666667,861.0,861.0,215.25,1252.5333333333335,1252.5333333333335,0.03648305084745763,0.2122937853107345
622,50.166666666666664,54.333333333333336,54.333333333333336,53.888888888888886,27.11111111111111,65.66666666666667,1053.5,1141.0,1141.0,285.25,2076.2,2076.2,0.048347457627118645,0.35189830508474573
623,48.5,45.55555555555556,45.55555555555556,44.833333333333336,21.166666666666668,55.888888888888886,1018.5,956.6666666666667,956.6666666666667,239.16666666666669,1970.6166666666668,1970.6166666666668,0.04053672316384181,0.3340028248587571
624,42.22222222222222,56.05555555555556,56.05555555555556,55.666666666666664,27.72222222222222,54.55555555555556,886.6666666666666,1177.1666666666667,1177.1666666666667,294.2916666666667,1801.625,1801.625,0.04987994350282486,0.30536016949152545
625,36.94444444444444,50.611111111111114,50.611111111111114,50.22222222222222,25.333333333333332,51.611111111111114,775.8333333333333,1062.8333333333335,1062.8333333333335,265.70833333333337,1584.625,1584.625,0.045035310734463284,0.26858050847457626
626,53.333333333333336,55.611111111111114,55.611111111111114,54.833333333333336,26.77777777777778,61.111111111111114,1120.0,1167.8333333333335,1167.8333333333335,291.95833333333337,2195.9583333333335,2195.9583333333335,0.049484463276836164,0.3721963276836158
627,49.5,48.77777777777778,48.77777777777778,48.27777777777778,24.72222222222222,50.0,1039.5,1024.3333333333333,1024.3333333333333,256.0833333333333,2023.2333333333331,2023.2333333333331,0.043403954802259885,0.34292090395480224
628,37.55555555555556,43.166666666666664,43.166666666666664,42.72222222222222,20.666666666666668,49.666666666666664,788.6666666666667,906.5,906.5,226.625,1567.3583333333333,1567.3583333333333,0.03841101694915254,0.2656539548022599
629,41.05555555555556,43.5,43.5,43.05555555555556,21.27777777777778,54.666666666666664,862.1666666666667,913.5,913.5,228.375,1694.0583333333334,1694.0583333333334,0.03870762711864407,0.2871285310734463
630,42.05555555555556,50.5,50.5,49.5,24.444444444444443,56.111111111111114,883.1666666666667,1060.5,1060.5,265.125,1766.5083333333334,1766.5083333333334,0.0449364406779661,0.2994081920903955
631,49.888888888888886,62.55555555555556,62.55555555555556,62.333333333333336,31.22222222222222,66.27777777777777,1047.6666666666665,1313.6666666666667,1313.6666666666667,328.4166666666667,2109.45,2109.45,0.055663841807909606,0.3575338983050847
632,39.888888888888886,37.27777777777778,37.27777777777778,37.44444444444444,18.77777777777778,42.0,837.6666666666666,782.8333333333334,782.8333333333334,195.70833333333334,1619.7416666666666,1619.7416666666666,0.03317090395480226,0.2745324858757062
633,47.94444444444444,61.611111111111114,61.611111111111114,61.166666666666664,30.0,66.88888888888889,1006.8333333333333,1293.8333333333335,1293.8333333333335,323.45833333333337,2035.0749999999998,2035.0749999999998,0.05482344632768362,0.3449279661016949
634,46.55555555555556,59.166666666666664,59.166666666666664,58.5,27.833333333333332,60.55555555555556,977.6666666666667,1242.5,1242.5,310.625,1972.6583333333335,1972.6583333333335,0.052648305084745765,0.3343488700564972
635,49.77777777777778,52.44444444444444,52.44444444444444,51.666666666666664,24.833333333333332,58.111111111111114,1045.3333333333333,1101.3333333333333,1101.3333333333333,275.3333333333333,2052.3999999999996,2052.3999999999996,0.04666666666666666,0.34786440677966096
636,49.0,55.0,55.0,54.333333333333336,26.72222222222222,59.333333333333336,1029.0,1155.0,1155.0,288.75,2038.05,2038.05,0.048940677966101694,0.3454322033898305
637,48.27777777777778,59.111111111111114,59.111111111111114,58.72222222222222,30.27777777777778,61.111111111111114,1013.8333333333334,1241.3333333333335,1241.3333333333335,310.33333333333337,2033.85,2033.85,0.05259887005649718,0.3447203389830508
638,38.22222222222222,47.05555555555556,47.05555555555556,46.611111111111114,22.666666666666668,55.05555555555556,802.6666666666666,988.1666666666667,988.1666666666667,247.04166666666669,1611.575,1611.575,0.041871468926553676,0.27314830508474575
639,36.888888888888886,49.44444444444444,49.44444444444444,48.666666666666664,24.833333333333332,43.94444444444444,774.6666666666666,1038.3333333333333,1038.3333333333333,259.5833333333333,1576.5166666666664,1576.5166666666664,0.043997175141242933,0.2672062146892655
640,48.94444444444444,53.22222222222222,53.22222222222222,51.77777777777778,25.72222222222222,55.77777777777778,1027.8333333333333,1117.6666666666667,1117.6666666666667,279.4166666666667,2026.7333333333331,2026.7333333333331,0.04735875706214689,0.34351412429378525
641,44.27777777777778,58.72222222222222,58.72222222222222,58.22222222222222,27.833333333333332,58.166666666666664,929.8333333333334,1233.1666666666667,1233.1666666666667,308.2916666666667,1889.0083333333334,1889.0083333333334,0.05225282485875707,0.3201709039548023
642,56.27777777777778,72.61111111111111,72.61111111111111,72.27777777777777,37.0,67.72222222222223,1181.8333333333333,1524.8333333333335,1524.8333333333335,381.20833333333337,2390.325,2390.325,0.06461158192090397,0.4051398305084745
643,47.333333333333336,43.5,43.5,44.111111111111114,23.0,53.72222222222222,994.0,913.5,913.5,228.375,1918.175,1918.175,0.03870762711864407,0.325114406779661
644,41.5,58.94444444444444,58.94444444444444,59.22222222222222,31.5,54.27777777777778,871.5,1237.8333333333333,1237.8333333333333,309.4583333333333,1791.0083333333332,1791.0083333333332,0.05245056497175141,0.3035607344632768
645,44.05555555555556,46.666666666666664,46.666666666666664,46.0,21.5,50.55555555555556,925.1666666666667,980.0,980.0,245.0,1817.7833333333335,1817.7833333333335,0.04152542372881356,0.3080988700564972
646,45.94444444444444,57.55555555555556,57.55555555555556,57.72222222222222,28.666666666666668,64.94444444444444,964.8333333333333,1208.6666666666667,1208.6666666666667,302.1666666666667,1942.3833333333332,1942.3833333333332,0.051214689265536725,0.3292175141242938
647,39.333333333333336,55.611111111111114,55.611111111111114,54.5,28.333333333333332,53.22222222222222,826.0,1167.8333333333335,1167.8333333333335,291.95833333333337,1696.1583333333333,1696.1583333333333,0.049484463276836164,0.28748446327683613
648,58.666666666666664,65.83333333333333,65.83333333333333,66.27777777777777,32.388888888888886,68.61111111111111,1232.0,1382.5,1382.5,345.625,2440.025,2440.025,0.05858050847457627,0.4135635593220339
649,43.888888888888886,51.0,51.0,49.888888888888886,24.5,52.888888888888886,921.6666666666666,1071.0,1071.0,267.75,1834.5833333333333,1834.5833333333333,0.04538135593220339,0.3109463276836158
650,42.0,52.44444444444444,52.44444444444444,52.72222222222222,26.27777777777778,55.44444444444444,882.0,1101.3333333333333,1101.3333333333333,275.3333333333333,1774.7333333333331,1774.7333333333331,0.04666666666666666,0.3008022598870056
651,33.111111111111114,49.166666666666664,49.166666666666664,48.72222222222222,25.666666666666668,42.44444444444444,695.3333333333334,1032.5,1032.5,258.125,1440.1916666666666,1440.1916666666666,0.04375,0.2441002824858757
652,47.27777777777778,65.16666666666667,65.16666666666667,65.0,31.833333333333332,60.388888888888886,992.8333333333334,1368.5,1368.5,342.125,2029.9416666666666,2029.9416666666666,0.05798728813559322,0.34405790960451976
653,52.05555555555556,56.388888888888886,56.388888888888886,55.5,25.88888888888889,66.55555555555556,1093.1666666666667,1184.1666666666665,1184.1666666666665,296.04166666666663,2154.425,2154.425,0.050176553672316375,0.365156779661017
654,38.611111111111114,42.94444444444444,42.94444444444444,43.333333333333336,20.333333333333332,48.333333333333336,810.8333333333334,901.8333333333333,901.8333333333333,225.45833333333331,1603.875,1603.875,0.03821327683615819,0.27184322033898306
655,40.55555555555556,49.55555555555556,49.55555555555556,48.888888888888886,25.166666666666668,51.22222222222222,851.6666666666667,1040.6666666666667,1040.6666666666667,260.1666666666667,1708.0000000000002,1708.0000000000002,0.044096045197740116,0.28949152542372886
656,37.22222222222222,39.388888888888886,39.388888888888886,38.94444444444444,20.11111111111111,42.388888888888886,781.6666666666666,827.1666666666666,827.1666666666666,206.79166666666666,1535.625,1535.625,0.03504943502824859,0.26027542372881357
657,42.333333333333336,46.111111111111114,46.111111111111114,45.611111111111114,22.72222222222222,51.888888888888886,889.0,968.3333333333334,968.3333333333334,242.08333333333334,1753.3833333333332,1753.3833333333332,0.041031073446327684,0.29718361581920905
658,41.55555555555556,45.77777777777778,45.77777777777778,45.388888888888886,22.333333333333332,49.27777777777778,872.6666666666667,961.3333333333334,961.3333333333334,240.33333333333334,1723.8666666666668,1723.8666666666668,0.04073446327683616,0.292180790960452
659,50.333333333333336,61.72222222222222,61.72222222222222,62.05555555555556,32.111111111111114,66.72222222222223,1057.0,1296.1666666666667,1296.1666666666667,324.0416666666667,2120.9416666666666,2120.9416666666666,0.0549223163841808,0.35948163841807906
660,48.72222222222222,50.94444444444444,50.94444444444444,50.888888888888886,24.38888888888889,57.27777777777778,1023.1666666666666,1069.8333333333333,1069.8333333333333,267.4583333333333,2006.8416666666665,2006.8416666666665,0.0453319209039548,0.3401426553672316
661,50.44444444444444,54.333333333333336,54.333333333333336,54.22222222222222,28.38888888888889,59.22222222222222,1059.3333333333333,1141.0,1141.0,285.25,2086.116666666667,2086.116666666667,0.048347457627118645,0.35357909604519777
662,37.111111111111114,30.88888888888889,30.88888888888889,31.0,15.944444444444445,38.77777777777778,779.3333333333334,648.6666666666666,648.6666666666666,162.16666666666666,1487.0333333333335,1487.0333333333335,0.027485875706214687,0.2520395480225989
663,46.22222222222222,41.833333333333336,41.833333333333336,41.27777777777778,20.11111111111111,52.888888888888886,970.6666666666666,878.5,878.5,219.625,1869.7583333333332,1869.7583333333332,0.037224576271186444,0.31690819209039545
664,41.333333333333336,54.72222222222222,54.72222222222222,54.388888888888886,27.833333333333332,52.22222222222222,868.0,1149.1666666666667,1149.1666666666667,287.2916666666667,1762.8916666666667,1762.8916666666667,0.04869350282485876,0.298795197740113
665,50.166666666666664,52.55555555555556,52.55555555555556,51.05555555555556,25.38888888888889,56.77777777777778,1053.5,1103.6666666666667,1103.6666666666667,275.9166666666667,2066.866666666667,2066.866666666667,0.046765536723163845,0.350316384180791
666,33.666666666666664,41.94444444444444,41.94444444444444,41.611111111111114,20.38888888888889,41.77777777777778,707.0,880.8333333333333,880.8333333333333,220.20833333333331,1422.1083333333331,1422.1083333333331,0.03732344632768361,0.24103531073446324
667,54.666666666666664,62.94444444444444,62.94444444444444,62.611111111111114,31.055555555555557,70.27777777777777,1148.0,1321.8333333333333,1321.8333333333333,330.4583333333333,2282.0583333333334,2282.0583333333334,0.05600988700564971,0.3867895480225989
668,41.77777777777778,48.333333333333336,48.333333333333336,46.888888888888886,22.5,53.333333333333336,877.3333333333334,1015.0,1015.0,253.75,1745.2166666666667,1745.2166666666667,0.04300847457627119,0.29579943502824857
669,42.833333333333336,47.72222222222222,47.72222222222222,46.72222222222222,24.11111111111111,52.72222222222222,899.5,1002.1666666666666,1002.1666666666666,250.54166666666666,1779.6916666666666,1779.6916666666666,0.042464689265536724,0.3016426553672316
670,37.333333333333336,48.55555555555556,48.55555555555556,47.611111111111114,23.22222222222222,43.666666666666664,784.0,1019.6666666666667,1019.6666666666667,254.91666666666669,1587.7166666666667,1587.7166666666667,0.04320621468926554,0.2691045197740113
671,38.27777777777778,46.94444444444444,46.94444444444444,46.72222222222222,23.444444444444443,50.27777777777778,803.8333333333334,985.8333333333333,985.8333333333333,246.45833333333331,1612.975,1612.975,0.04177259887005649,0.27338559322033895
672,48.27777777777778,62.55555555555556,62.55555555555556,62.05555555555556,30.944444444444443,60.22222222222222,1013.8333333333334,1313.6666666666667,1313.6666666666667,328.4166666666667,2051.9333333333334,2051.9333333333334,0.055663841807909606,0.3477853107344633
673,30.333333333333332,42.44444444444444,42.44444444444444,41.55555555555556,21.77777777777778,36.388888888888886,637.0,891.3333333333333,891.3333333333333,222.83333333333331,1305.7333333333331,1305.7333333333331,0.0377683615819209,0.2213107344632768
674,44.94444444444444,69.38888888888889,69.38888888888889,68.77777777777777,33.55555555555556,59.77777777777778,943.8333333333333,1457.1666666666665,1457.1666666666665,364.29166666666663,1968.808333333333,1968.808333333333,0.06174435028248587,0.33369632768361573
675,36.72222222222222,44.22222222222222,44.22222222222222,43.5,21.72222222222222,46.72222222222222,771.1666666666666,928.6666666666666,928.6666666666666,232.16666666666666,1543.1499999999999,1543.1499999999999,0.03935028248587571,0.2615508474576271
676,43.333333333333336,59.27777777777778,59.27777777777778,59.05555555555556,29.666666666666668,58.05555555555556,910.0,1244.8333333333333,1244.8333333333333,311.2083333333333,1858.2083333333333,1858.2083333333333,0.052747175141242934,0.3149505649717514
677,27.833333333333332,53.22222222222222,53.22222222222222,51.611111111111114,25.833333333333332,39.888888888888886,584.5,1117.6666666666667,1117.6666666666667,279.4166666666667,1273.0666666666666,1273.0666666666666,0.04735875706214689,0.21577401129943502
678,37.77777777777778,52.55555555555556,52.55555555555556,50.888888888888886,26.27777777777778,46.333333333333336,793.3333333333334,1103.6666666666667,1103.6666666666667,275.9166666666667,1624.5833333333335,1624.5833333333335,0.046765536723163845,0.2753531073446328
679,36.388888888888886,49.888888888888886,49.888888888888886,49.0,24.77777777777778,43.77777777777778,764.1666666666666,1047.6666666666665,1047.6666666666665,261.91666666666663,1561.0,1561.0,0.04439265536723163,0.26457627118644067
680,51.72222222222222,53.5,53.5,53.611111111111114,27.38888888888889,63.166666666666664,1086.1666666666667,1123.5,1123.5,280.875,2127.3583333333336,2127.3583333333336,0.04760593220338983,0.3605692090395481
681,44.05555555555556,44.611111111111114,44.611111111111114,44.44444444444444,21.72222222222222,55.72222222222222,925.1666666666667,936.8333333333334,936.8333333333334,234.20833333333334,1806.9916666666668,1806.9916666666668,0.03969632768361582,0.30626977401129946
682,44.833333333333336,65.44444444444444,65.44444444444444,64.88888888888889,33.05555555555556,64.72222222222223,941.5,1374.3333333333333,1374.3333333333333,343.5833333333333,1944.1333333333332,1944.1333333333332,0.05823446327683616,0.3295141242937853
683,32.833333333333336,48.833333333333336,48.833333333333336,48.44444444444444,24.77777777777778,44.111111111111114,689.5,1025.5,1025.5,256.375,1428.5249999999999,1428.5249999999999,0.043453389830508476,0.24212288135593218
684,53.0,62.27777777777778,62.27777777777778,61.44444444444444,31.38888888888889,67.94444444444444,1113.0,1307.8333333333333,1307.8333333333333,326.9583333333333,2219.0583333333334,2219.0583333333334,0.05541666666666666,0.376111581920904
685,59.5,58.888888888888886,58.888888888888886,59.05555555555556,28.555555555555557,76.44444444444444,1249.5,1236.6666666666665,1236.6666666666665,309.16666666666663,2433.3166666666666,2433.3166666666666,0.052401129943502815,0.4124265536723164
686,45.72222222222222,51.111111111111114,51.111111111111114,50.833333333333336,26.166666666666668,50.833333333333336,960.1666666666666,1073.3333333333335,1073.3333333333335,268.33333333333337,1900.6166666666668,1900.6166666666668,0.04548022598870057,0.32213841807909604
687,57.166666666666664,56.888888888888886,56.888888888888886,56.27777777777778,26.22222222222222,68.66666666666667,1200.5,1194.6666666666665,1194.6666666666665,298.66666666666663,2339.5166666666664,2339.5166666666664,0.05062146892655366,0.3965282485875706
688,50.888888888888886,55.388888888888886,55.388888888888886,55.0,27.0,55.611111111111114,1068.6666666666665,1163.1666666666665,1163.1666666666665,290.79166666666663,2107.5249999999996,2107.5249999999996,0.0492867231638418,0.357207627118644
689,48.05555555555556,50.05555555555556,50.05555555555556,48.611111111111114,22.61111111111111,59.0,1009.1666666666667,1051.1666666666667,1051.1666666666667,262.7916666666667,1978.3750000000002,1978.3750000000002,0.044540960451977404,0.3353177966101695
690,34.55555555555556,54.333333333333336,54.333333333333336,53.5,27.555555555555557,42.888888888888886,725.6666666666667,1141.0,1141.0,285.25,1518.8833333333334,1518.8833333333334,0.048347457627118645,0.2574378531073446
691,38.166666666666664,52.72222222222222,52.72222222222222,51.55555555555556,26.166666666666668,46.833333333333336,801.5,1107.1666666666667,1107.1666666666667,276.7916666666667,1639.3416666666667,1639.3416666666667,0.046913841807909605,0.2778545197740113
692,25.11111111111111,40.111111111111114,40.111111111111114,38.888888888888886,18.0,36.888888888888886,527.3333333333334,842.3333333333334,842.3333333333334,210.58333333333334,1107.05,1107.05,0.03569209039548023,0.187635593220339
693,36.666666666666664,38.388888888888886,38.388888888888886,37.72222222222222,18.666666666666668,40.888888888888886,770.0,806.1666666666666,806.1666666666666,201.54166666666666,1510.5416666666667,1510.5416666666667,0.03415960451977401,0.25602401129943503
694,38.0,49.5,49.5,49.5,24.88888888888889,51.0,798.0,1039.5,1039.5,259.875,1616.475,1616.475,0.044046610169491525,0.273978813559322
695,35.27777777777778,36.166666666666664,36.166666666666664,34.94444444444444,17.833333333333332,37.22222222222222,740.8333333333334,759.5,759.5,189.875,1449.2916666666667,1449.2916666666667,0.03218220338983051,0.24564265536723165
696,24.5,43.27777777777778,43.27777777777778,42.333333333333336,22.055555555555557,31.27777777777778,514.5,908.8333333333334,908.8333333333334,227.20833333333334,1101.8583333333333,1101.8583333333333,0.038509887005649716,0.18675564971751413
697,44.5,50.94444444444444,50.94444444444444,50.833333333333336,25.61111111111111,51.111111111111114,934.5,1069.8333333333333,1069.8333333333333,267.4583333333333,1856.1083333333331,1856.1083333333331,0.0453319209039548,0.3145946327683615
698,44.72222222222222,45.111111111111114,45.111111111111114,44.27777777777778,22.88888888888889,47.77777777777778,939.1666666666666,947.3333333333334,947.3333333333334,236.83333333333334,1833.4166666666665,1833.4166666666665,0.04014124293785311,0.31074858757062146
699,47.94444444444444,57.388888888888886,57.388888888888886,56.22222222222222,28.77777777777778,51.888888888888886,1006.8333333333333,1205.1666666666665,1205.1666666666665,301.29166666666663,2012.9083333333333,2012.9083333333333,0.05106638418079095,0.34117090395480226
700,39.888888888888886,46.166666666666664,46.166666666666664,45.22222222222222,21.5,53.333333333333336,837.6666666666666,969.5,969.5,242.375,1666.4083333333333,1666.4083333333333,0.04108050847457627,0.28244209039548024
701,53.666666666666664,63.611111111111114,63.611111111111114,63.166666666666664,31.055555555555557,65.11111111111111,1127.0,1335.8333333333335,1335.8333333333335,333.95833333333337,2249.858333333333,2249.858333333333,0.05660310734463277,0.3813319209039548
702,36.55555555555556,45.666666666666664,45.666666666666664,45.611111111111114,23.38888888888889,42.22222222222222,767.6666666666667,959.0,959.0,239.75,1544.7833333333335,1544.7833333333335,0.04063559322033898,0.26182768361581926
703,35.72222222222222,42.55555555555556,42.55555555555556,42.22222222222222,21.27777777777778,41.05555555555556,750.1666666666666,893.6666666666667,893.6666666666667,223.41666666666669,1498.7,1498.7,0.037867231638418083,0.25401694915254236
704,50.55555555555556,55.888888888888886,55.888888888888886,55.333333333333336,27.22222222222222,62.388888888888886,1061.6666666666667,1173.6666666666665,1173.6666666666665,293.41666666666663,2098.25,2098.25,0.04973163841807909,0.355635593220339
705,53.111111111111114,62.888888888888886,62.888888888888886,62.77777777777778,30.61111111111111,68.11111111111111,1115.3333333333335,1320.6666666666665,1320.6666666666665,330.16666666666663,2226.2333333333336,2226.2333333333336,0.05596045197740113,0.37732768361581925
706,45.333333333333336,45.72222222222222,45.72222222222222,45.0,22.22222222222222,59.72222222222222,952.0,960.1666666666666,960.1666666666666,240.04166666666666,1858.4416666666666,1858.4416666666666,0.04068502824858757,0.31499011299435026
707,40.833333333333336,52.27777777777778,52.27777777777778,51.611111111111114,27.166666666666668,53.94444444444444,857.5,1097.8333333333333,1097.8333333333333,274.4583333333333,1732.2083333333333,1732.2083333333333,0.0465183615819209,0.29359463276836156
708,52.72222222222222,52.5,52.5,52.22222222222222,26.88888888888889,59.94444444444444,1107.1666666666667,1102.5,1102.5,275.625,2157.8083333333334,2157.8083333333334,0.04671610169491525,0.3657302259887006
709,36.77777777777778,40.72222222222222,40.72222222222222,40.27777777777778,20.5,38.166666666666664,772.3333333333334,855.1666666666666,855.1666666666666,213.79166666666666,1526.7583333333334,1526.7583333333334,0.036235875706214685,0.2587725988700565
710,57.111111111111114,58.77777777777778,58.77777777777778,57.77777777777778,28.444444444444443,73.5,1199.3333333333335,1234.3333333333333,1234.3333333333333,308.5833333333333,2347.4500000000003,2347.4500000000003,0.052302259887005646,0.39787288135593224
711,51.72222222222222,54.888888888888886,54.888888888888886,54.388888888888886,26.333333333333332,57.333333333333336,1086.1666666666667,1152.6666666666665,1152.6666666666665,288.16666666666663,2134.65,2134.65,0.04884180790960451,0.36180508474576273
712,46.77777777777778,44.666666666666664,44.666666666666664,43.27777777777778,21.72222222222222,52.55555555555556,982.3333333333334,938.0,938.0,234.5,1904.4666666666667,1904.4666666666667,0.039745762711864405,0.3227909604519774
713,36.166666666666664,52.333333333333336,52.333333333333336,52.27777777777778,27.833333333333332,43.94444444444444,759.5,1099.0,1099.0,274.75,1565.8999999999999,1565.8999999999999,0.04656779661016949,0.26540677966101694
714,52.72222222222222,47.611111111111114,47.611111111111114,46.833333333333336,23.5,61.166666666666664,1107.1666666666667,999.8333333333334,999.8333333333334,249.95833333333334,2132.141666666667,2132.141666666667,0.04236581920903955,0.3613799435028249
715,48.888888888888886,62.05555555555556,62.05555555555556,62.166666666666664,31.11111111111111,60.27777777777778,1026.6666666666665,1303.1666666666667,1303.1666666666667,325.7916666666667,2071.1249999999995,2071.1249999999995,0.05521892655367232,0.3510381355932203
716,45.55555555555556,65.33333333333333,65.33333333333333,65.33333333333333,33.44444444444444,59.94444444444444,956.6666666666667,1372.0,1372.0,343.0,1969.3333333333335,1969.3333333333335,0.05813559322033898,0.3337853107344633
717,39.05555555555556,42.5,42.5,42.55555555555556,20.5,39.666666666666664,820.1666666666667,892.5,892.5,223.125,1617.4083333333335,1617.4083333333335,0.03781779661016949,0.27413700564971755
718,46.55555555555556,54.05555555555556,54.05555555555556,53.5,27.27777777777778,58.44444444444444,977.6666666666667,1135.1666666666667,1135.1666666666667,283.7916666666667,1945.8250000000003,1945.8250000000003,0.04810028248587571,0.32980084745762717
719,48.5,62.833333333333336,62.833333333333336,62.666666666666664,32.55555555555556,55.22222222222222,1018.5,1319.5,1319.5,329.875,2061.325,2061.325,0.05591101694915254,0.3493771186440678
720,41.0,60.166666666666664,60.166666666666664,59.333333333333336,29.61111111111111,50.111111111111114,861.0,1263.5,1263.5,315.875,1779.575,1779.575,0.05353813559322034,0.30162288135593224
721,34.44444444444444,43.0,43.0,42.44444444444444,20.666666666666668,45.111111111111114,723.3333333333333,903.0,903.0,225.75,1455.4166666666665,1455.4166666666665,0.03826271186440678,0.24668079096045195
722,44.388888888888886,50.77777777777778,50.77777777777778,50.55555555555556,25.88888888888889,48.888888888888886,932.1666666666666,1066.3333333333333,1066.3333333333333,266.5833333333333,1851.2666666666664,1851.2666666666664,0.04518361581920904,0.313774011299435
723,42.77777777777778,55.77777777777778,55.77777777777778,54.388888888888886,27.38888888888889,53.166666666666664,898.3333333333334,1171.3333333333333,1171.3333333333333,292.8333333333333,1820.0,1820.0,0.04963276836158192,0.30847457627118646
724,58.0,63.333333333333336,63.333333333333336,63.05555555555556,31.833333333333332,72.61111111111111,1218.0,1330.0,1330.0,332.5,2403.1,2403.1,0.05635593220338983,0.4073050847457627
725,36.888888888888886,47.888888888888886,47.888888888888886,46.833333333333336,23.444444444444443,49.611111111111114,774.6666666666666,1005.6666666666666,1005.6666666666666,251.41666666666666,1568.35,1568.35,0.042612994350282485,0.26582203389830505
726,42.94444444444444,46.666666666666664,46.666666666666664,44.888888888888886,23.166666666666668,48.388888888888886,901.8333333333333,980.0,980.0,245.0,1778.1166666666666,1778.1166666666666,0.04152542372881356,0.30137570621468923
727,34.72222222222222,40.27777777777778,40.27777777777778,39.44444444444444,19.61111111111111,40.72222222222222,729.1666666666666,845.8333333333334,845.8333333333334,211.45833333333334,1451.0416666666665,1451.0416666666665,0.03584039548022599,0.24593926553672313
728,50.888888888888886,54.94444444444444,54.94444444444444,54.666666666666664,28.5,58.333333333333336,1068.6666666666665,1153.8333333333333,1153.8333333333333,288.4583333333333,2105.1916666666666,2105.1916666666666,0.0488912429378531,0.35681214689265534
729,45.888888888888886,61.77777777777778,61.77777777777778,61.166666666666664,31.11111111111111,54.44444444444444,963.6666666666666,1297.3333333333333,1297.3333333333333,324.3333333333333,1962.5666666666664,1962.5666666666664,0.054971751412429375,0.332638418079096
730,56.5,56.27777777777778,56.27777777777778,55.666666666666664,28.88888888888889,61.888888888888886,1186.5,1181.8333333333333,1181.8333333333333,295.4583333333333,2312.508333333333,2312.508333333333,0.050077683615819206,0.3919505649717514
731,51.5,49.166666666666664,49.166666666666664,48.77777777777778,24.833333333333332,56.666666666666664,1081.5,1032.5,1032.5,258.125,2096.675,2096.675,0.04375,0.35536864406779667
732,47.55555555555556,46.05555555555556,46.05555555555556,45.888888888888886,21.666666666666668,58.666666666666664,998.6666666666667,967.1666666666667,967.1666666666667,241.79166666666669,1939.525,1939.525,0.0409816384180791,0.32873305084745763
733,30.72222222222222,38.44444444444444,38.44444444444444,38.666666666666664,19.666666666666668,35.388888888888886,645.1666666666666,807.3333333333333,807.3333333333333,201.83333333333331,1298.6166666666666,1298.6166666666666,0.034209039548022596,0.22010451977401127
734,48.666666666666664,51.27777777777778,51.27777777777778,50.666666666666664,25.0,58.44444444444444,1022.0,1076.8333333333333,1076.8333333333333,269.2083333333333,2006.6083333333331,2006.6083333333331,0.045628531073446325,0.3401031073446327
735,49.27777777777778,64.38888888888889,64.38888888888889,63.888888888888886,31.444444444444443,70.11111111111111,1034.8333333333333,1352.1666666666665,1352.1666666666665,338.04166666666663,2097.258333333333,2097.258333333333,0.05729519774011299,0.3554675141242938
736,38.72222222222222,46.94444444444444,46.94444444444444,46.72222222222222,23.666666666666668,47.72222222222222,813.1666666666666,985.8333333333333,985.8333333333333,246.45833333333331,1628.8416666666665,1628.8416666666665,0.04177259887005649,0.2760748587570621
737,54.72222222222222,62.55555555555556,62.55555555555556,61.77777777777778,31.944444444444443,69.72222222222223,1149.1666666666667,1313.6666666666667,1313.6666666666667,328.4166666666667,2282.0,2282.0,0.055663841807909606,0.38677966101694916
738,45.44444444444444,44.55555555555556,44.55555555555556,43.72222222222222,22.166666666666668,48.5,954.3333333333333,935.6666666666667,935.6666666666667,233.91666666666669,1856.2833333333333,1856.2833333333333,0.039646892655367236,0.3146242937853107
739,45.44444444444444,61.05555555555556,61.05555555555556,59.611111111111114,30.88888888888889,51.77777777777778,954.3333333333333,1282.1666666666667,1282.1666666666667,320.5416666666667,1942.9083333333333,1942.9083333333333,0.05432909604519774,0.3293064971751412
740,52.333333333333336,60.166666666666664,60.166666666666664,60.0,29.166666666666668,68.05555555555556,1099.0,1263.5,1263.5,315.875,2184.175,2184.175,0.05353813559322034,0.3701991525423729
741,36.44444444444444,55.666666666666664,55.666666666666664,56.111111111111114,27.61111111111111,47.611111111111114,765.3333333333333,1169.0,1169.0,292.25,1593.3166666666666,1593.3166666666666,0.04953389830508475,0.27005367231638416
742,35.888888888888886,59.111111111111114,59.111111111111114,58.111111111111114,30.61111111111111,44.666666666666664,753.6666666666666,1241.3333333333335,1241.3333333333335,310.33333333333337,1591.5666666666666,1591.5666666666666,0.05259887005649718,0.26975706214689266
743,45.22222222222222,50.55555555555556,50.55555555555556,49.94444444444444,23.61111111111111,61.166666666666664,949.6666666666666,1061.6666666666667,1061.6666666666667,265.4166666666667,1879.85,1879.85,0.04498587570621469,0.3186186440677966
744,48.5,46.388888888888886,46.388888888888886,46.22222222222222,23.22222222222222,54.5,1018.5,974.1666666666666,974.1666666666666,243.54166666666666,1974.9916666666668,1974.9916666666668,0.04127824858757062,0.3347443502824859
745,46.05555555555556,53.666666666666664,53.666666666666664,53.55555555555556,27.333333333333332,60.05555555555556,967.1666666666667,1127.0,1127.0,281.75,1925.9333333333334,1925.9333333333334,0.04775423728813559,0.32642937853107346
746,50.388888888888886,60.666666666666664,60.666666666666664,60.333333333333336,29.444444444444443,64.44444444444444,1058.1666666666665,1274.0,1274.0,318.5,2117.383333333333,2117.383333333333,0.05398305084745763,0.3588785310734463
747,33.5,45.44444444444444,45.44444444444444,44.888888888888886,21.555555555555557,43.388888888888886,703.5,954.3333333333333,954.3333333333333,238.58333333333331,1434.5333333333333,1434.5333333333333,0.04043785310734463,0.2431412429378531
748,41.55555555555556,43.55555555555556,43.55555555555556,43.27777777777778,20.5,51.833333333333336,872.6666666666667,914.6666666666667,914.6666666666667,228.66666666666669,1712.2000000000003,1712.2000000000003,0.03875706214689266,0.29020338983050853
749,52.27777777777778,61.611111111111114,61.611111111111114,61.27777777777778,30.72222222222222,66.38888888888889,1097.8333333333333,1293.8333333333335,1293.8333333333335,323.45833333333337,2189.7749999999996,2189.7749999999996,0.05482344632768362,0.3711483050847457
750,40.05555555555556,47.94444444444444,47.94444444444444,47.388888888888886,24.11111111111111,44.5,841.1666666666667,1006.8333333333333,1006.8333333333333,251.70833333333331,1681.6916666666666,1681.6916666666666,0.04266242937853107,0.28503248587570623
751,53.72222222222222,54.0,54.0,53.666666666666664,27.166666666666668,62.388888888888886,1128.1666666666667,1134.0,1134.0,283.5,2201.383333333333,2201.383333333333,0.04805084745762712,0.3731158192090395
752,45.05555555555556,49.833333333333336,49.833333333333336,48.833333333333336,23.88888888888889,52.72222222222222,946.1666666666667,1046.5,1046.5,261.625,1870.1083333333333,1870.1083333333333,0.04434322033898305,0.3169675141242938
753,49.5,60.611111111111114,60.611111111111114,60.388888888888886,29.833333333333332,60.5,1039.5,1272.8333333333335,1272.8333333333335,318.20833333333337,2085.358333333333,2085.358333333333,0.053933615819209045,0.35345056497175137
754,47.333333333333336,54.833333333333336,54.833333333333336,54.72222222222222,26.833333333333332,53.833333333333336,994.0,1151.5,1151.5,287.875,1977.675,1977.675,0.04879237288135593,0.33519915254237287
755,52.333333333333336,56.166666666666664,56.166666666666664,55.388888888888886,27.833333333333332,63.333333333333336,1099.0,1179.5,1179.5,294.875,2163.175,2163.175,0.04997881355932204,0.3666398305084746
756,61.611111111111114,71.0,71.0,70.94444444444444,36.666666666666664,70.55555555555556,1293.8333333333335,1491.0,1491.0,372.75,2572.266666666667,2572.266666666667,0.06317796610169492,0.43597740112994354
757,42.44444444444444,49.333333333333336,49.333333333333336,48.55555555555556,23.166666666666668,58.44444444444444,891.3333333333333,1036.0,1036.0,259.0,1774.2666666666664,1774.2666666666664,0.043898305084745765,0.30072316384180786
758,52.22222222222222,60.888888888888886,60.888888888888886,61.166666666666664,29.88888888888889,70.05555555555556,1096.6666666666667,1278.6666666666665,1278.6666666666665,319.66666666666663,2184.0,2184.0,0.054180790960451974,0.3701694915254237
759,50.72222222222222,57.27777777777778,57.27777777777778,56.44444444444444,27.27777777777778,67.11111111111111,1065.1666666666667,1202.8333333333333,1202.8333333333333,300.7083333333333,2111.491666666667,2111.491666666667,0.05096751412429378,0.35787994350282487
760,31.38888888888889,38.72222222222222,38.72222222222222,37.333333333333336,18.944444444444443,40.44444444444444,659.1666666666666,813.1666666666666,813.1666666666666,203.29166666666666,1323.875,1323.875,0.03445621468926553,0.224385593220339
761,45.111111111111114,53.833333333333336,53.833333333333336,53.27777777777778,27.11111111111111,51.44444444444444,947.3333333333334,1130.5,1130.5,282.625,1893.0916666666667,1893.0916666666667,0.04790254237288136,0.3208629943502825
762,39.27777777777778,44.611111111111114,44.611111111111114,44.166666666666664,22.77777777777778,46.166666666666664,824.8333333333334,936.8333333333334,936.8333333333334,234.20833333333334,1636.425,1636.425,0.03969632768361582,0.2773601694915254
763,37.72222222222222,44.72222222222222,44.72222222222222,44.0,23.333333333333332,47.5,792.1666666666666,939.1666666666666,939.1666666666666,234.79166666666666,1581.475,1581.475,0.039795197740112996,0.2680466101694915
764,41.166666666666664,48.44444444444444,48.44444444444444,47.388888888888886,23.5,46.611111111111114,864.5,1017.3333333333333,1017.3333333333333,254.33333333333331,1723.9833333333331,1723.9833333333331,0.04310734463276836,0.2922005649717514
765,51.5,62.27777777777778,62.27777777777778,62.111111111111114,30.22222222222222,64.5,1081.5,1307.8333333333333,1307.8333333333333,326.9583333333333,2165.508333333333,2165.508333333333,0.05541666666666666,0.36703531073446327
766,35.666666666666664,38.72222222222222,38.72222222222222,38.27777777777778,20.166666666666668,40.44444444444444,749.0,813.1666666666666,813.1666666666666,203.29166666666666,1476.5916666666667,1476.5916666666667,0.03445621468926553,0.25026977401129946
767,55.44444444444444,54.55555555555556,54.55555555555556,54.44444444444444,26.27777777777778,60.72222222222222,1164.3333333333333,1145.6666666666667,1145.6666666666667,286.4166666666667,2265.7833333333333,2265.7833333333333,0.048545197740113,0.3840310734463277
768,53.166666666666664,57.77777777777778,57.77777777777778,57.94444444444444,30.61111111111111,63.44444444444444,1116.5,1213.3333333333333,1213.3333333333333,303.3333333333333,2201.383333333333,2201.383333333333,0.05141242937853107,0.3731158192090395
769,38.833333333333336,50.5,50.5,49.888888888888886,25.27777777777778,47.333333333333336,815.5,1060.5,1060.5,265.125,1651.475,1651.475,0.0449364406779661,0.27991101694915255
770,43.0,44.27777777777778,44.27777777777778,42.77777777777778,21.333333333333332,51.77777777777778,903.0,929.8333333333334,929.8333333333334,232.45833333333334,1767.5583333333332,1767.5583333333332,0.03939971751412429,0.2995861581920904
771,42.666666666666664,62.166666666666664,62.166666666666664,60.888888888888886,31.11111111111111,55.333333333333336,896.0,1305.5,1305.5,326.375,1849.575,1849.575,0.055317796610169494,0.31348728813559323
772,56.111111111111114,59.27777777777778,59.27777777777778,59.44444444444444,29.555555555555557,69.44444444444444,1178.3333333333335,1244.8333333333333,1244.8333333333333,311.2083333333333,2314.3750000000005,2314.3750000000005,0.052747175141242934,0.39226694915254245
773,44.166666666666664,52.72222222222222,52.72222222222222,52.55555555555556,25.833333333333332,58.05555555555556,927.5,1107.1666666666667,1107.1666666666667,276.7916666666667,1853.5416666666667,1853.5416666666667,0.046913841807909605,0.31415960451977404
774,52.388888888888886,55.111111111111114,55.111111111111114,54.44444444444444,26.333333333333332,60.166666666666664,1100.1666666666665,1157.3333333333335,1157.3333333333335,289.33333333333337,2159.6166666666663,2159.6166666666663,0.049039548022598876,0.3660367231638417
775,52.611111111111114,54.666666666666664,54.666666666666664,54.05555555555556,27.444444444444443,57.611111111111114,1104.8333333333335,1148.0,1148.0,287.0,2165.216666666667,2165.216666666667,0.04864406779661017,0.36698587570621477
776,41.888888888888886,54.44444444444444,54.44444444444444,53.388888888888886,27.333333333333332,48.22222222222222,879.6666666666666,1143.3333333333333,1143.3333333333333,285.8333333333333,1781.2666666666664,1781.2666666666664,0.048446327683615814,0.30190960451977394
777,45.27777777777778,52.166666666666664,52.166666666666664,51.94444444444444,25.77777777777778,55.55555555555556,950.8333333333334,1095.5,1095.5,273.875,1890.2916666666667,1890.2916666666667,0.046419491525423726,0.32038841807909607
778,35.77777777777778,46.388888888888886,46.388888888888886,46.05555555555556,24.055555555555557,42.94444444444444,751.3333333333334,974.1666666666666,974.1666666666666,243.54166666666666,1520.8083333333334,1520.8083333333334,0.04127824858757062,0.2577641242937853
779,51.44444444444444,51.166666666666664,51.166666666666664,50.22222222222222,24.77777777777778,59.333333333333336,1080.3333333333333,1074.5,1074.5,268.625,2105.1916666666666,2105.1916666666666,0.04552966101694915,0.35681214689265534
780,37.0,60.05555555555556,60.05555555555556,59.166666666666664,30.72222222222222,50.833333333333336,777.0,1261.1666666666667,1261.1666666666667,315.2916666666667,1636.1916666666666,1636.1916666666666,0.053439265536723166,0.27732062146892655
781,47.0,49.94444444444444,49.94444444444444,48.888888888888886,24.22222222222222,52.166666666666664,987.0,1048.8333333333333,1048.8333333333333,262.2083333333333,1940.1083333333331,1940.1083333333331,0.04444209039548022,0.32883192090395474
782,58.833333333333336,57.94444444444444,57.94444444444444,57.111111111111114,26.27777777777778,76.44444444444444,1235.5,1216.8333333333333,1216.8333333333333,304.2083333333333,2404.5583333333334,2404.5583333333334,0.05156073446327683,0.40755225988700566
783,54.22222222222222,60.27777777777778,60.27777777777778,59.388888888888886,29.944444444444443,68.22222222222223,1138.6666666666667,1265.8333333333333,1265.8333333333333,316.4583333333333,2252.1916666666666,2252.1916666666666,0.05363700564971751,0.38172740112994347
784,49.77777777777778,61.27777777777778,61.27777777777778,60.111111111111114,30.055555555555557,59.388888888888886,1045.3333333333333,1286.8333333333333,1286.8333333333333,321.7083333333333,2098.7749999999996,2098.7749999999996,0.05452683615819209,0.35572457627118637
785,47.44444444444444,53.666666666666664,53.666666666666664,53.22222222222222,27.61111111111111,54.55555555555556,996.3333333333333,1127.0,1127.0,281.75,1975.5166666666664,1975.5166666666664,0.04775423728813559,0.3348333333333333
786,37.833333333333336,45.833333333333336,45.833333333333336,45.94444444444444,24.77777777777778,45.833333333333336,794.5,962.5,962.5,240.625,1591.2749999999999,1591.2749999999999,0.04078389830508475,0.26970762711864404
787,36.0,42.333333333333336,42.333333333333336,41.333333333333336,20.72222222222222,46.5,756.0,889.0,889.0,222.25,1507.45,1507.45,0.03766949152542373,0.2555
788,35.0,40.666666666666664,40.666666666666664,39.833333333333336,20.38888888888889,42.55555555555556,735.0,854.0,854.0,213.5,1463.0,1463.0,0.0361864406779661,0.24796610169491526
789,33.5,50.833333333333336,50.833333333333336,50.166666666666664,25.77777777777778,40.388888888888886,703.5,1067.5,1067.5,266.875,1462.825,1462.825,0.04523305084745763,0.2479364406779661
790,47.72222222222222,61.611111111111114,61.611111111111114,62.44444444444444,33.111111111111114,54.27777777777778,1002.1666666666666,1293.8333333333335,1293.8333333333335,323.45833333333337,2027.1416666666664,2027.1416666666664,0.05482344632768362,0.3435833333333333
791,55.55555555555556,57.833333333333336,57.833333333333336,56.833333333333336,28.11111111111111,70.94444444444444,1166.6666666666667,1214.5,1214.5,303.625,2286.9583333333335,2286.9583333333335,0.05146186440677966,0.3876200564971752
792,44.22222222222222,50.166666666666664,50.166666666666664,49.44444444444444,23.666666666666668,58.27777777777778,928.6666666666666,1053.5,1053.5,263.375,1842.1083333333331,1842.1083333333331,0.04463983050847457,0.31222175141242936
793,42.333333333333336,48.888888888888886,48.888888888888886,49.22222222222222,25.11111111111111,49.833333333333336,889.0,1026.6666666666665,1026.6666666666665,256.66666666666663,1767.9666666666667,1767.9666666666667,0.043502824858757054,0.29965536723163844
794,47.666666666666664,53.333333333333336,53.333333333333336,52.94444444444444,26.0,58.27777777777778,1001.0,1120.0,1120.0,280.0,1981.7,1981.7,0.04745762711864407,0.3358813559322034
795,42.611111111111114,52.55555555555556,52.55555555555556,51.611111111111114,24.77777777777778,55.888888888888886,894.8333333333334,1103.6666666666667,1103.6666666666667,275.9166666666667,1797.1333333333334,1797.1333333333334,0.046765536723163845,0.3045988700564972
796,44.833333333333336,56.388888888888886,56.388888888888886,56.111111111111114,27.944444444444443,53.166666666666664,941.5,1184.1666666666665,1184.1666666666665,296.04166666666663,1896.5916666666667,1896.5916666666667,0.050176553672316375,0.32145621468926555
797,46.0,52.333333333333336,52.333333333333336,51.5,25.944444444444443,48.888888888888886,966.0,1099.0,1099.0,274.75,1916.95,1916.95,0.04656779661016949,0.32490677966101694
798,41.55555555555556,52.55555555555556,52.55555555555556,52.611111111111114,24.38888888888889,54.833333333333336,872.6666666666667,1103.6666666666667,1103.6666666666667,275.9166666666667,1759.4500000000003,1759.4500000000003,0.046765536723163845,0.2982118644067797
799,44.111111111111114,46.5,46.5,45.27777777777778,22.666666666666668,52.888888888888886,926.3333333333334,976.5,976.5,244.125,1818.8916666666667,1818.8916666666667,0.0413771186440678,0.3082867231638418
800,31.444444444444443,45.611111111111114,45.611111111111114,45.111111111111114,22.166666666666668,42.72222222222222,660.3333333333333,957.8333333333334,957.8333333333334,239.45833333333334,1362.0249999999999,1362.0249999999999,0.040586158192090396,0.2308516949152542
801,51.22222222222222,62.22222222222222,62.22222222222222,61.388888888888886,31.166666666666668,61.333333333333336,1075.6666666666667,1306.6666666666667,1306.6666666666667,326.6666666666667,2155.3,2155.3,0.055367231638418085,0.36530508474576273
802,47.166666666666664,59.166666666666664,59.166666666666664,58.5,28.88888888888889,60.72222222222222,990.5,1242.5,1242.5,310.625,1994.475,1994.475,0.052648305084745765,0.3380466101694915
803,47.611111111111114,52.77777777777778,52.77777777777778,53.55555555555556,28.38888888888889,52.666666666666664,999.8333333333334,1108.3333333333333,1108.3333333333333,277.0833333333333,1976.8,1976.8,0.04696327683615819,0.3350508474576271
804,40.833333333333336,52.888888888888886,52.888888888888886,52.166666666666664,26.666666666666668,50.333333333333336,857.5,1110.6666666666665,1110.6666666666665,277.66666666666663,1735.4166666666665,1735.4166666666665,0.04706214689265536,0.294138418079096
805,36.0,51.388888888888886,51.388888888888886,50.5,25.88888888888889,50.666666666666664,756.0,1079.1666666666665,1079.1666666666665,269.79166666666663,1554.9916666666668,1554.9916666666668,0.045727401129943494,0.2635579096045198
806,40.55555555555556,57.22222222222222,57.22222222222222,56.388888888888886,28.0,49.44444444444444,851.6666666666667,1201.6666666666667,1201.6666666666667,300.4166666666667,1748.2500000000002,1748.2500000000002,0.0509180790960452,0.29631355932203396
807,40.44444444444444,48.888888888888886,48.888888888888886,47.5,23.333333333333332,51.55555555555556,849.3333333333333,1026.6666666666665,1026.6666666666665,256.66666666666663,1700.5333333333333,1700.5333333333333,0.043502824858757054,0.288225988700565
808,48.55555555555556,45.333333333333336,45.333333333333336,44.5,21.5,56.388888888888886,1019.6666666666667,952.0,952.0,238.0,1971.4333333333334,1971.4333333333334,0.04033898305084746,0.33414124293785313
809,36.27777777777778,42.55555555555556,42.55555555555556,41.666666666666664,19.88888888888889,45.888888888888886,761.8333333333334,893.6666666666667,893.6666666666667,223.41666666666669,1518.5333333333335,1518.5333333333335,0.037867231638418083,0.2573785310734464
810,48.94444444444444,61.27777777777778,61.27777777777778,60.77777777777778,31.38888888888889,58.55555555555556,1027.8333333333333,1286.8333333333333,1286.8333333333333,321.7083333333333,2069.0249999999996,2069.0249999999996,0.05452683615819209,0.35068220338983047
811,48.888888888888886,63.77777777777778,63.77777777777778,63.0,31.055555555555557,58.388888888888886,1026.6666666666665,1339.3333333333333,1339.3333333333333,334.8333333333333,2080.1666666666665,2080.1666666666665,0.05675141242937853,0.35257062146892654
812,34.44444444444444,42.55555555555556,42.55555555555556,41.888888888888886,22.27777777777778,38.5,723.3333333333333,893.6666666666667,893.6666666666667,223.41666666666669,1453.0833333333333,1453.0833333333333,0.037867231638418083,0.24628531073446328
813,49.888888888888886,53.22222222222222,53.22222222222222,53.111111111111114,25.333333333333332,63.666666666666664,1047.6666666666665,1117.6666666666667,1117.6666666666667,279.4166666666667,2060.45,2060.45,0.04735875706214689,0.349228813559322
814,44.833333333333336,41.388888888888886,41.388888888888886,40.27777777777778,20.666666666666668,44.55555555555556,941.5,869.1666666666666,869.1666666666666,217.29166666666666,1817.8416666666667,1817.8416666666667,0.03682909604519774,0.3081087570621469
815,33.666666666666664,31.444444444444443,31.444444444444443,30.055555555555557,13.944444444444445,39.611111111111114,707.0,660.3333333333333,660.3333333333333,165.08333333333331,1366.9833333333331,1366.9833333333331,0.027980225988700563,0.2316920903954802
816,36.833333333333336,44.333333333333336,44.333333333333336,43.833333333333336,23.61111111111111,39.5,773.5,931.0,931.0,232.75,1547.7,1547.7,0.039449152542372884,0.2623220338983051
817,29.22222222222222,42.666666666666664,42.666666666666664,41.72222222222222,21.666666666666668,38.44444444444444,613.6666666666666,896.0,896.0,224.0,1267.2333333333333,1267.2333333333333,0.03796610169491525,0.21478531073446328
818,38.111111111111114,47.55555555555556,47.55555555555556,47.0,24.0,49.388888888888886,800.3333333333334,998.6666666666667,998.6666666666667,249.66666666666669,1610.2333333333333,1610.2333333333333,0.042316384180790964,0.2729209039548023
819,53.888888888888886,56.388888888888886,56.388888888888886,56.05555555555556,27.555555555555557,58.111111111111114,1131.6666666666665,1184.1666666666665,1184.1666666666665,296.04166666666663,2219.8749999999995,2219.8749999999995,0.050176553672316375,0.3762499999999999
820,47.55555555555556,49.888888888888886,49.888888888888886,48.77777777777778,23.666666666666668,58.111111111111114,998.6666666666667,1047.6666666666665,1047.6666666666665,261.91666666666663,1959.65,1959.65,0.04439265536723163,0.3321440677966102
821,50.666666666666664,58.27777777777778,58.27777777777778,57.22222222222222,28.833333333333332,64.11111111111111,1064.0,1223.8333333333333,1223.8333333333333,305.9583333333333,2114.758333333333,2114.758333333333,0.05185734463276836,0.358433615819209
822,32.166666666666664,41.388888888888886,41.388888888888886,41.27777777777778,21.5,38.0,675.5,869.1666666666666,869.1666666666666,217.29166666666666,1365.6416666666667,1365.6416666666667,0.03682909604519774,0.23146468926553673
823,56.5,65.61111111111111,65.61111111111111,65.22222222222223,31.77777777777778,75.5,1186.5,1377.8333333333335,1377.8333333333335,344.45833333333337,2361.508333333333,2361.508333333333,0.058382768361581926,0.4002556497175141
824,40.333333333333336,54.0,54.0,53.55555555555556,27.666666666666668,54.111111111111114,847.0,1134.0,1134.0,283.5,1723.3999999999999,1723.3999999999999,0.04805084745762712,0.29210169491525423
825,43.77777777777778,52.666666666666664,52.666666666666664,52.44444444444444,26.22222222222222,52.666666666666664,919.3333333333334,1106.0,1106.0,276.5,1839.3666666666668,1839.3666666666668,0.046864406779661014,0.3117570621468927
826,45.22222222222222,46.388888888888886,46.388888888888886,46.22222222222222,22.88888888888889,51.44444444444444,949.6666666666666,974.1666666666666,974.1666666666666,243.54166666666666,1857.975,1857.975,0.04127824858757062,0.3149110169491525
827,53.44444444444444,53.27777777777778,53.27777777777778,52.833333333333336,26.666666666666668,59.72222222222222,1122.3333333333333,1118.8333333333333,1118.8333333333333,279.7083333333333,2187.6749999999997,2187.6749999999997,0.04740819209039548,0.37079237288135586
828,42.22222222222222,59.333333333333336,59.333333333333336,59.0,29.0,55.22222222222222,886.6666666666666,1246.0,1246.0,311.5,1818.8333333333333,1818.8333333333333,0.052796610169491526,0.30827683615819207
829,44.0,49.111111111111114,49.111111111111114,48.5,23.0,56.333333333333336,924.0,1031.3333333333335,1031.3333333333335,257.83333333333337,1828.6333333333332,1828.6333333333332,0.04370056497175142,0.3099378531073446
830,46.77777777777778,56.888888888888886,56.888888888888886,55.5,27.166666666666668,55.22222222222222,982.3333333333334,1194.6666666666665,1194.6666666666665,298.66666666666663,1968.6333333333332,1968.6333333333332,0.05062146892655366,0.33366666666666667
831,47.27777777777778,52.0,52.0,51.388888888888886,25.88888888888889,56.666666666666664,992.8333333333334,1092.0,1092.0,273.0,1960.8166666666666,1960.8166666666666,0.046271186440677965,0.3323418079096045
832,47.05555555555556,44.27777777777778,44.27777777777778,44.166666666666664,21.61111111111111,51.0,988.1666666666667,929.8333333333334,929.8333333333334,232.45833333333334,1912.3416666666667,1912.3416666666667,0.03939971751412429,0.3241257062146893
833,50.77777777777778,51.888888888888886,51.888888888888886,51.5,25.38888888888889,64.61111111111111,1066.3333333333333,1089.6666666666665,1089.6666666666665,272.41666666666663,2085.183333333333,2085.183333333333,0.04617231638418078,0.3534209039548022
834,42.888888888888886,50.0,50.0,49.22222222222222,25.0,56.611111111111114,900.6666666666666,1050.0,1050.0,262.5,1793.6333333333332,1793.6333333333332,0.04449152542372881,0.3040056497175141
835,38.833333333333336,62.05555555555556,62.05555555555556,61.27777777777778,29.944444444444443,50.22222222222222,815.5,1303.1666666666667,1303.1666666666667,325.7916666666667,1712.1416666666667,1712.1416666666667,0.05521892655367232,0.29019350282485873
836,46.5,45.44444444444444,45.44444444444444,45.05555555555556,22.5,51.166666666666664,976.5,954.3333333333333,954.3333333333333,238.58333333333331,1898.6333333333332,1898.6333333333332,0.04043785310734463,0.3218022598870056
837,36.0,62.77777777777778,62.77777777777778,62.0,32.5,49.44444444444444,756.0,1318.3333333333333,1318.3333333333333,329.5833333333333,1614.7833333333333,1614.7833333333333,0.05586158192090395,0.2736920903954802
838,63.94444444444444,65.16666666666667,65.16666666666667,65.05555555555556,31.27777777777778,81.33333333333333,1342.8333333333333,1368.5,1368.5,342.125,2624.9416666666666,2624.9416666666666,0.05798728813559322,0.4449053672316384
839,37.111111111111114,38.833333333333336,38.833333333333336,38.55555555555556,20.055555555555557,48.0,779.3333333333334,815.5,815.5,203.875,1528.7416666666668,1528.7416666666668,0.034555084745762715,0.2591087570621469
840,50.94444444444444,50.333333333333336,50.333333333333336,50.5,25.72222222222222,55.166666666666664,1069.8333333333333,1057.0,1057.0,264.25,2082.9666666666662,2082.9666666666662,0.04478813559322034,0.35304519774011295
841,47.5,42.611111111111114,42.611111111111114,42.05555555555556,20.166666666666668,53.888888888888886,997.5,894.8333333333334,894.8333333333334,223.70833333333334,1919.4583333333333,1919.4583333333333,0.03791666666666667,0.3253319209039548
842,43.611111111111114,50.77777777777778,50.77777777777778,51.0,25.22222222222222,52.166666666666664,915.8333333333334,1066.3333333333333,1066.3333333333333,266.5833333333333,1823.5,1823.5,0.04518361581920904,0.3090677966101695
843,53.05555555555556,51.55555555555556,51.55555555555556,50.611111111111114,26.0,57.27777777777778,1114.1666666666667,1082.6666666666667,1082.6666666666667,270.6666666666667,2164.75,2164.75,0.04587570621468927,0.3669067796610169
844,45.611111111111114,51.55555555555556,51.55555555555556,51.166666666666664,26.11111111111111,56.888888888888886,957.8333333333334,1082.6666666666667,1082.6666666666667,270.6666666666667,1898.9833333333333,1898.9833333333333,0.04587570621468927,0.32186158192090397
845,47.77777777777778,51.5,51.5,51.388888888888886,26.555555555555557,57.166666666666664,1003.3333333333334,1081.5,1081.5,270.375,1976.0416666666667,1976.0416666666667,0.04582627118644068,0.3349223163841808
846,33.166666666666664,52.27777777777778,52.27777777777778,51.77777777777778,26.38888888888889,42.611111111111114,696.5,1097.8333333333333,1097.8333333333333,274.4583333333333,1458.5083333333332,1458.5083333333332,0.0465183615819209,0.24720480225988697
847,38.833333333333336,63.611111111111114,63.611111111111114,62.44444444444444,32.0,56.05555555555556,815.5,1335.8333333333335,1335.8333333333335,333.95833333333337,1720.3083333333334,1720.3083333333334,0.05660310734463277,0.2915776836158192
848,42.22222222222222,58.94444444444444,58.94444444444444,58.72222222222222,29.11111111111111,52.388888888888886,886.6666666666666,1237.8333333333333,1237.8333333333333,309.4583333333333,1816.7916666666665,1816.7916666666665,0.05245056497175141,0.30793079096045195
849,41.22222222222222,47.27777777777778,47.27777777777778,46.666666666666664,23.666666666666668,47.666666666666664,865.6666666666666,992.8333333333334,992.8333333333334,248.20833333333334,1719.8416666666665,1719.8416666666665,0.04206920903954802,0.2914985875706214
850,52.55555555555556,61.94444444444444,61.94444444444444,61.833333333333336,31.444444444444443,65.05555555555556,1103.6666666666667,1300.8333333333333,1300.8333333333333,325.2083333333333,2201.4416666666666,2201.4416666666666,0.055120056497175135,0.37312570621468927
851,50.666666666666664,51.111111111111114,51.111111111111114,50.388888888888886,24.555555555555557,59.05555555555556,1064.0,1073.3333333333335,1073.3333333333335,268.33333333333337,2077.133333333333,2077.133333333333,0.04548022598870057,0.3520564971751412
852,54.44444444444444,54.94444444444444,54.94444444444444,54.72222222222222,26.38888888888889,65.44444444444444,1143.3333333333333,1153.8333333333333,1153.8333333333333,288.4583333333333,2232.125,2232.125,0.0488912429378531,0.3783262711864407
853,41.44444444444444,41.666666666666664,41.666666666666664,41.05555555555556,21.166666666666668,50.77777777777778,870.3333333333333,875.0,875.0,218.75,1698.3166666666666,1698.3166666666666,0.037076271186440676,0.2878502824858757
854,43.05555555555556,43.0,43.0,41.833333333333336,20.38888888888889,52.888888888888886,904.1666666666667,903.0,903.0,225.75,1762.8333333333335,1762.8333333333335,0.03826271186440678,0.2987853107344633
855,38.111111111111114,48.888888888888886,48.888888888888886,47.77777777777778,24.555555555555557,49.166666666666664,800.3333333333334,1026.6666666666665,1026.6666666666665,256.66666666666663,1617.2333333333331,1617.2333333333331,0.043502824858757054,0.2741073446327683
856,48.55555555555556,46.22222222222222,46.22222222222222,46.44444444444444,23.666666666666668,54.666666666666664,1019.6666666666667,970.6666666666666,970.6666666666666,242.66666666666666,1976.1000000000001,1976.1000000000001,0.04112994350282486,0.33493220338983054
857,45.0,61.611111111111114,61.611111111111114,60.72222222222222,29.555555555555557,61.888888888888886,945.0,1293.8333333333335,1293.8333333333335,323.45833333333337,1929.9583333333335,1929.9583333333335,0.05482344632768362,0.327111581920904
858,39.77777777777778,42.22222222222222,42.22222222222222,41.72222222222222,21.11111111111111,49.55555555555556,835.3333333333334,886.6666666666666,886.6666666666666,221.66666666666666,1641.7333333333333,1641.7333333333333,0.03757062146892655,0.27825988700564974
859,58.833333333333336,49.44444444444444,49.44444444444444,49.27777777777778,24.11111111111111,63.888888888888886,1235.5,1038.3333333333333,1038.3333333333333,259.5833333333333,2359.9333333333334,2359.9333333333334,0.043997175141242933,0.39998870056497177
860,51.111111111111114,48.666666666666664,48.666666666666664,48.166666666666664,24.5,54.333333333333336,1073.3333333333335,1022.0,1022.0,255.5,2080.166666666667,2080.166666666667,0.04330508474576271,0.3525706214689266
861,35.333333333333336,41.77777777777778,41.77777777777778,41.833333333333336,21.5,39.44444444444444,742.0,877.3333333333334,877.3333333333334,219.33333333333334,1480.7333333333331,1480.7333333333331,0.03717514124293785,0.25097175141242933
862,50.94444444444444,54.611111111111114,54.611111111111114,53.5,26.0,61.111111111111114,1069.8333333333333,1146.8333333333335,1146.8333333333335,286.70833333333337,2105.4249999999997,2105.4249999999997,0.04859463276836159,0.3568516949152542
863,41.55555555555556,47.833333333333336,47.833333333333336,47.27777777777778,22.166666666666668,52.611111111111114,872.6666666666667,1004.5,1004.5,251.125,1734.6583333333335,1734.6583333333335,0.0425635593220339,0.29400988700564973
864,46.77777777777778,52.111111111111114,52.111111111111114,52.111111111111114,26.77777777777778,52.94444444444444,982.3333333333334,1094.3333333333335,1094.3333333333335,273.58333333333337,1943.5500000000002,1943.5500000000002,0.04637005649717515,0.3294152542372882
865,37.833333333333336,60.5,60.5,60.5,30.88888888888889,52.27777777777778,794.5,1270.5,1270.5,317.625,1668.2749999999999,1668.2749999999999,0.05383474576271186,0.2827584745762712
866,56.611111111111114,62.0,62.0,61.388888888888886,30.444444444444443,66.61111111111111,1188.8333333333335,1302.0,1302.0,325.5,2346.516666666667,2346.516666666667,0.055169491525423726,0.39771468926553677
867,48.44444444444444,48.833333333333336,48.833333333333336,48.388888888888886,24.77777777777778,53.22222222222222,1017.3333333333333,1025.5,1025.5,256.375,1985.8416666666665,1985.8416666666665,0.043453389830508476,0.3365833333333333
868,49.72222222222222,64.27777777777777,64.27777777777777,63.44444444444444,30.61111111111111,65.0,1044.1666666666667,1349.8333333333333,1349.8333333333333,337.4583333333333,2112.541666666667,2112.541666666667,0.057196327683615815,0.35805790960451983
869,40.388888888888886,54.94444444444444,54.94444444444444,54.77777777777778,28.27777777777778,51.5,848.1666666666666,1153.8333333333333,1153.8333333333333,288.4583333333333,1730.3416666666665,1730.3416666666665,0.0488912429378531,0.29327824858757057
870,52.5,64.22222222222223,64.22222222222223,64.16666666666667,33.27777777777778,60.166666666666664,1102.5,1348.6666666666667,1348.6666666666667,337.1666666666667,2211.4166666666665,2211.4166666666665,0.05714689265536724,0.37481638418079094
871,46.44444444444444,54.388888888888886,54.388888888888886,52.72222222222222,25.833333333333332,62.111111111111114,975.3333333333333,1142.1666666666665,1142.1666666666665,285.54166666666663,1943.6083333333331,1943.6083333333331,0.04839689265536722,0.3294251412429378
872,42.44444444444444,52.888888888888886,52.888888888888886,52.888888888888886,27.444444444444443,57.611111111111114,891.3333333333333,1110.6666666666665,1110.6666666666665,277.66666666666663,1792.933333333333,1792.933333333333,0.04706214689265536,0.30388700564971743
873,50.55555555555556,75.83333333333333,75.83333333333333,75.22222222222223,37.27777777777778,69.33333333333333,1061.6666666666667,1592.5,1592.5,398.125,2202.9583333333335,2202.9583333333335,0.06747881355932203,0.37338276836158196
874,48.666666666666664,55.888888888888886,55.888888888888886,55.55555555555556,27.555555555555557,60.94444444444444,1022.0,1173.6666666666665,1173.6666666666665,293.41666666666663,2030.8166666666666,2030.8166666666666,0.04973163841807909,0.34420621468926554
875,46.833333333333336,65.27777777777777,65.27777777777777,65.38888888888889,32.888888888888886,58.94444444444444,983.5,1370.8333333333333,1370.8333333333333,342.7083333333333,2014.6583333333333,2014.6583333333333,0.05808615819209039,0.34146751412429377
876,47.27777777777778,50.77777777777778,50.77777777777778,50.833333333333336,24.72222222222222,56.94444444444444,992.8333333333334,1066.3333333333333,1066.3333333333333,266.5833333333333,1954.3999999999999,1954.3999999999999,0.04518361581920904,0.3312542372881356
877,48.94444444444444,61.5,61.5,61.77777777777778,32.44444444444444,68.72222222222223,1027.8333333333333,1291.5,1291.5,322.875,2070.1916666666666,2070.1916666666666,0.05472457627118644,0.35087994350282486
878,32.611111111111114,35.333333333333336,35.333333333333336,34.55555555555556,18.666666666666668,39.94444444444444,684.8333333333334,742.0,742.0,185.5,1349.7166666666667,1349.7166666666667,0.03144067796610169,0.22876553672316385
879,37.888888888888886,42.833333333333336,42.833333333333336,42.111111111111114,21.055555555555557,43.72222222222222,795.6666666666666,899.5,899.5,224.875,1577.5083333333332,1577.5083333333332,0.03811440677966102,0.2673742937853107
880,39.166666666666664,46.94444444444444,46.94444444444444,46.388888888888886,23.38888888888889,46.111111111111114,822.5,985.8333333333333,985.8333333333333,246.45833333333331,1644.7083333333333,1644.7083333333333,0.04177259887005649,0.2787641242937853
881,44.44444444444444,53.55555555555556,53.55555555555556,53.611111111111114,27.0,58.0,933.3333333333333,1124.6666666666667,1124.6666666666667,281.1666666666667,1867.8333333333333,1867.8333333333333,0.04765536723163842,0.3165819209039548
882,49.888888888888886,49.333333333333336,49.333333333333336,49.111111111111114,24.944444444444443,60.0,1047.6666666666665,1036.0,1036.0,259.0,2040.033333333333,2040.033333333333,0.043898305084745765,0.34576836158192087
883,51.55555555555556,47.611111111111114,47.611111111111114,47.388888888888886,24.833333333333332,62.94444444444444,1082.6666666666667,999.8333333333334,999.8333333333334,249.95833333333334,2090.491666666667,2090.491666666667,0.04236581920903955,0.35432062146892657
884,35.888888888888886,45.55555555555556,45.55555555555556,44.77777777777778,23.11111111111111,47.44444444444444,753.6666666666666,956.6666666666667,956.6666666666667,239.16666666666669,1520.4,1520.4,0.04053672316384181,0.2576949152542373
885,42.05555555555556,53.27777777777778,53.27777777777778,52.888888888888886,27.944444444444443,53.5,883.1666666666667,1118.8333333333333,1118.8333333333333,279.7083333333333,1781.0916666666667,1781.0916666666667,0.04740819209039548,0.3018799435028249
886,39.44444444444444,41.72222222222222,41.72222222222222,40.05555555555556,19.11111111111111,46.388888888888886,828.3333333333333,876.1666666666666,876.1666666666666,219.04166666666666,1627.2083333333333,1627.2083333333333,0.03712570621468926,0.27579802259887004
887,45.333333333333336,59.166666666666664,59.166666666666664,59.05555555555556,29.27777777777778,58.666666666666664,952.0,1242.5,1242.5,310.625,1929.0249999999999,1929.0249999999999,0.052648305084745765,0.3269533898305085
888,46.666666666666664,55.833333333333336,55.833333333333336,55.22222222222222,25.944444444444443,59.611111111111114,980.0,1172.5,1172.5,293.125,1959.125,1959.125,0.04968220338983051,0.33205508474576273
889,32.5,42.0,42.0,41.5,20.5,39.05555555555556,682.5,882.0,882.0,220.5,1380.75,1380.75,0.037372881355932204,0.23402542372881355
890,42.05555555555556,71.83333333333333,71.83333333333333,71.11111111111111,36.166666666666664,62.27777777777778,883.1666666666667,1508.5,1508.5,377.125,1878.5083333333334,1878.5083333333334,0.06391949152542373,0.31839124293785315
891,42.388888888888886,56.94444444444444,56.94444444444444,56.94444444444444,28.5,51.77777777777778,890.1666666666666,1195.8333333333333,1195.8333333333333,298.9583333333333,1812.2416666666666,1812.2416666666666,0.050670903954802254,0.307159604519774
892,48.166666666666664,59.5,59.5,59.05555555555556,30.0,58.44444444444444,1011.5,1249.5,1249.5,312.375,2031.925,2031.925,0.052944915254237286,0.34439406779661014
893,49.611111111111114,57.0,57.0,56.72222222222222,29.27777777777778,65.16666666666667,1041.8333333333335,1197.0,1197.0,299.25,2070.366666666667,2070.366666666667,0.050720338983050846,0.35090960451977404
894,42.666666666666664,56.55555555555556,56.55555555555556,56.22222222222222,27.77777777777778,54.27777777777778,896.0,1187.6666666666667,1187.6666666666667,296.9166666666667,1820.1166666666668,1820.1166666666668,0.05032485875706215,0.3084943502824859
895,47.77777777777778,67.66666666666667,67.66666666666667,67.05555555555556,34.5,62.94444444444444,1003.3333333333334,1421.0,1421.0,355.25,2060.916666666667,2060.916666666667,0.06021186440677966,0.34930790960451985
896,36.44444444444444,36.22222222222222,36.22222222222222,35.611111111111114,17.11111111111111,44.166666666666664,765.3333333333333,760.6666666666666,760.6666666666666,190.16666666666666,1491.2333333333333,1491.2333333333333,0.03223163841807909,0.25275141242937854
897,46.0,56.27777777777778,56.27777777777778,55.44444444444444,28.166666666666668,56.0,966.0,1181.8333333333333,1181.8333333333333,295.4583333333333,1937.6583333333333,1937.6583333333333,0.050077683615819206,0.32841666666666663
898,47.5,60.888888888888886,60.888888888888886,60.77777777777778,29.77777777777778,63.611111111111114,997.5,1278.6666666666665,1278.6666666666665,319.66666666666663,2015.4166666666665,2015.4166666666665,0.054180790960451974,0.34159604519774006
899,38.77777777777778,46.666666666666664,46.666666666666664,46.0,22.055555555555557,44.666666666666664,814.3333333333334,980.0,980.0,245.0,1629.3666666666668,1629.3666666666668,0.04152542372881356,0.27616384180790965
900,48.111111111111114,60.55555555555556,60.55555555555556,60.44444444444444,29.27777777777778,57.611111111111114,1010.3333333333334,1271.6666666666667,1271.6666666666667,317.9166666666667,2035.4833333333333,2035.4833333333333,0.053884180790960454,0.34499717514124295
901,43.166666666666664,48.27777777777778,48.27777777777778,47.05555555555556,22.77777777777778,50.22222222222222,906.5,1013.8333333333334,1013.8333333333334,253.45833333333334,1794.5083333333332,1794.5083333333332,0.042959039548022604,0.3041539548022599
902,53.0,58.72222222222222,58.72222222222222,58.55555555555556,30.22222222222222,62.77777777777778,1113.0,1233.1666666666667,1233.1666666666667,308.2916666666667,2200.3916666666664,2200.3916666666664,0.05225282485875707,0.3729477401129943
903,37.27777777777778,42.611111111111114,42.611111111111114,41.611111111111114,22.11111111111111,44.333333333333336,782.8333333333334,894.8333333333334,894.8333333333334,223.70833333333334,1554.5249999999999,1554.5249999999999,0.03791666666666667,0.263478813559322
904,42.27777777777778,48.77777777777778,48.77777777777778,48.55555555555556,26.055555555555557,48.333333333333336,887.8333333333334,1024.3333333333333,1024.3333333333333,256.0833333333333,1765.3999999999999,1765.3999999999999,0.043403954802259885,0.29922033898305084
905,57.44444444444444,58.611111111111114,58.611111111111114,58.22222222222222,30.055555555555557,61.611111111111114,1206.3333333333333,1230.8333333333335,1230.8333333333335,307.70833333333337,2358.475,2358.475,0.05215395480225989,0.3997415254237288
906,42.0,44.05555555555556,44.05555555555556,44.166666666666664,23.0,50.5,882.0,925.1666666666667,925.1666666666667,231.29166666666669,1730.6916666666666,1730.6916666666666,0.03920197740112995,0.2933375706214689
907,55.05555555555556,56.666666666666664,56.666666666666664,56.22222222222222,27.61111111111111,70.83333333333333,1156.1666666666667,1190.0,1190.0,297.5,2262.9833333333336,2262.9833333333336,0.050423728813559325,0.3835564971751413
908,50.888888888888886,65.83333333333333,65.83333333333333,65.0,33.55555555555556,62.94444444444444,1068.6666666666665,1382.5,1382.5,345.625,2162.358333333333,2162.358333333333,0.05858050847457627,0.3665014124293785
909,54.388888888888886,62.111111111111114,62.111111111111114,61.72222222222222,30.27777777777778,67.11111111111111,1142.1666666666665,1304.3333333333335,1304.3333333333335,326.08333333333337,2267.7666666666664,2267.7666666666664,0.05526836158192091,0.384367231638418
910,21.444444444444443,31.333333333333332,31.333333333333332,30.5,16.166666666666668,27.5,450.3333333333333,658.0,658.0,164.5,930.0666666666666,930.0666666666666,0.02788135593220339,0.15763841807909604
911,49.27777777777778,61.05555555555556,61.05555555555556,60.27777777777778,28.833333333333332,63.77777777777778,1034.8333333333333,1282.1666666666667,1282.1666666666667,320.5416666666667,2079.758333333333,2079.758333333333,0.05432909604519774,0.3525014124293785
912,48.55555555555556,53.388888888888886,53.388888888888886,53.611111111111114,26.77777777777778,57.27777777777778,1019.6666666666667,1121.1666666666665,1121.1666666666665,280.29166666666663,2013.725,2013.725,0.04750706214689265,0.3413093220338983
913,36.166666666666664,45.72222222222222,45.72222222222222,45.44444444444444,22.333333333333332,46.333333333333336,759.5,960.1666666666666,960.1666666666666,240.04166666666666,1531.1916666666666,1531.1916666666666,0.04068502824858757,0.25952401129943503
914,47.0,62.666666666666664,62.666666666666664,62.55555555555556,32.5,51.77777777777778,987.0,1316.0,1316.0,329.0,2006.8999999999999,2006.8999999999999,0.05576271186440678,0.34015254237288134
915,46.05555555555556,50.111111111111114,50.111111111111114,49.0,23.333333333333332,57.888888888888886,967.1666666666667,1052.3333333333335,1052.3333333333335,263.08333333333337,1907.2666666666669,1907.2666666666669,0.044590395480225996,0.3232655367231639
916,36.22222222222222,49.111111111111114,49.111111111111114,48.55555555555556,25.5,47.77777777777778,760.6666666666666,1031.3333333333335,1031.3333333333335,257.83333333333337,1550.9666666666667,1550.9666666666667,0.04370056497175142,0.26287570621468925
917,52.333333333333336,58.22222222222222,58.22222222222222,57.388888888888886,30.0,58.94444444444444,1099.0,1222.6666666666667,1222.6666666666667,305.6666666666667,2173.9666666666667,2173.9666666666667,0.05180790960451978,0.3684689265536723
918,35.72222222222222,43.27777777777778,43.27777777777778,42.388888888888886,22.38888888888889,42.94444444444444,750.1666666666666,908.8333333333334,908.8333333333334,227.20833333333334,1502.4916666666666,1502.4916666666666,0.038509887005649716,0.254659604519774
919,46.05555555555556,52.888888888888886,52.888888888888886,52.27777777777778,26.555555555555557,54.111111111111114,967.1666666666667,1110.6666666666665,1110.6666666666665,277.66666666666663,1921.85,1921.85,0.04706214689265536,0.3257372881355932
920,42.388888888888886,44.55555555555556,44.55555555555556,44.27777777777778,22.88888888888889,50.5,890.1666666666666,935.6666666666667,935.6666666666667,233.91666666666669,1747.2,1747.2,0.039646892655367236,0.296135593220339
921,45.72222222222222,59.833333333333336,59.833333333333336,59.22222222222222,30.555555555555557,67.0,960.1666666666666,1256.5,1256.5,314.125,1946.4083333333333,1946.4083333333333,0.053241525423728814,0.3298997175141243
922,48.388888888888886,55.72222222222222,55.72222222222222,55.27777777777778,27.444444444444443,59.0,1016.1666666666666,1170.1666666666667,1170.1666666666667,292.5416666666667,2020.0249999999999,2020.0249999999999,0.04958333333333333,0.3423771186440678
923,38.0,61.388888888888886,61.388888888888886,60.333333333333336,30.833333333333332,56.166666666666664,798.0,1289.1666666666665,1289.1666666666665,322.29166666666663,1678.8916666666664,1678.8916666666664,0.05462570621468926,0.2845579096045197
924,42.5,43.55555555555556,43.55555555555556,42.44444444444444,22.38888888888889,49.05555555555556,892.5,914.6666666666667,914.6666666666667,228.66666666666669,1745.9166666666667,1745.9166666666667,0.03875706214689266,0.29591807909604523
925,46.44444444444444,51.22222222222222,51.22222222222222,51.27777777777778,26.166666666666668,56.611111111111114,975.3333333333333,1075.6666666666667,1075.6666666666667,268.9166666666667,1926.9833333333333,1926.9833333333333,0.04557909604519774,0.32660734463276836
926,47.72222222222222,48.0,48.0,47.72222222222222,23.5,55.22222222222222,1002.1666666666666,1008.0,1008.0,252.0,1955.6833333333332,1955.6833333333332,0.04271186440677966,0.33147175141242935
927,37.22222222222222,45.388888888888886,45.388888888888886,43.833333333333336,21.72222222222222,47.55555555555556,781.6666666666666,953.1666666666666,953.1666666666666,238.29166666666666,1567.125,1567.125,0.040388418079096045,0.265614406779661
928,43.94444444444444,63.611111111111114,63.611111111111114,62.888888888888886,30.833333333333332,59.333333333333336,922.8333333333333,1335.8333333333335,1335.8333333333335,333.95833333333337,1902.775,1902.775,0.05660310734463277,0.3225042372881356
929,55.55555555555556,66.77777777777777,66.77777777777777,65.38888888888889,31.333333333333332,68.0,1166.6666666666667,1402.3333333333333,1402.3333333333333,350.5833333333333,2333.916666666667,2333.916666666667,0.059420903954802255,0.3955790960451978
930,36.05555555555556,41.22222222222222,41.22222222222222,41.111111111111114,19.77777777777778,45.888888888888886,757.1666666666667,865.6666666666666,865.6666666666666,216.41666666666666,1503.6000000000001,1503.6000000000001,0.03668079096045197,0.2548474576271187
931,42.333333333333336,55.44444444444444,55.44444444444444,55.55555555555556,26.444444444444443,50.166666666666664,889.0,1164.3333333333333,1164.3333333333333,291.0833333333333,1802.3833333333332,1802.3833333333332,0.04933615819209039,0.30548870056497174
932,53.833333333333336,62.333333333333336,62.333333333333336,61.44444444444444,29.166666666666668,66.38888888888889,1130.5,1309.0,1309.0,327.25,2249.1,2249.1,0.055466101694915254,0.38120338983050844
933,49.22222222222222,48.111111111111114,48.111111111111114,47.166666666666664,23.61111111111111,58.611111111111114,1033.6666666666667,1010.3333333333334,1010.3333333333334,252.58333333333334,2009.8166666666666,2009.8166666666666,0.04281073446327684,0.34064689265536724
934,52.27777777777778,48.22222222222222,48.22222222222222,48.27777777777778,25.166666666666668,65.11111111111111,1097.8333333333333,1012.6666666666666,1012.6666666666666,253.16666666666666,2119.483333333333,2119.483333333333,0.04290960451977401,0.3592344632768361
935,38.388888888888886,45.888888888888886,45.888888888888886,45.27777777777778,23.27777777777778,45.388888888888886,806.1666666666666,963.6666666666666,963.6666666666666,240.91666666666666,1611.3999999999999,1611.3999999999999,0.04083333333333333,0.27311864406779657
936,56.44444444444444,55.388888888888886,55.388888888888886,55.111111111111114,27.77777777777778,71.05555555555556,1185.3333333333333,1163.1666666666665,1163.1666666666665,290.79166666666663,2305.858333333333,2305.858333333333,0.0492867231638418,0.39082344632768357
937,37.5,42.666666666666664,42.666666666666664,42.94444444444444,20.666666666666668,41.94444444444444,787.5,896.0,896.0,224.0,1562.75,1562.75,0.03796610169491525,0.2648728813559322
938,50.77777777777778,60.0,60.0,59.27777777777778,29.555555555555557,68.05555555555556,1066.3333333333333,1260.0,1260.0,315.0,2127.7666666666664,2127.7666666666664,0.053389830508474574,0.360638418079096
939,47.27777777777778,53.55555555555556,53.55555555555556,52.388888888888886,25.11111111111111,53.44444444444444,992.8333333333334,1124.6666666666667,1124.6666666666667,281.1666666666667,1968.9833333333333,1968.9833333333333,0.04765536723163842,0.33372598870056497
940,50.0,59.333333333333336,59.333333333333336,58.611111111111114,29.833333333333332,56.94444444444444,1050.0,1246.0,1246.0,311.5,2096.5,2096.5,0.052796610169491526,0.35533898305084743
941,52.166666666666664,51.27777777777778,51.27777777777778,50.5,24.61111111111111,62.5,1095.5,1076.8333333333333,1076.8333333333333,269.2083333333333,2131.5583333333334,2131.5583333333334,0.045628531073446325,0.3612810734463277
942,35.611111111111114,45.111111111111114,45.111111111111114,44.388888888888886,21.72222222222222,50.388888888888886,747.8333333333334,947.3333333333334,947.3333333333334,236.83333333333334,1508.1499999999999,1508.1499999999999,0.04014124293785311,0.2556186440677966
943,36.94444444444444,55.77777777777778,55.77777777777778,54.72222222222222,28.27777777777778,49.166666666666664,775.8333333333333,1171.3333333333333,1171.3333333333333,292.8333333333333,1611.7499999999998,1611.7499999999998,0.04963276836158192,0.27317796610169487
944,50.77777777777778,57.22222222222222,57.22222222222222,56.611111111111114,28.72222222222222,62.333333333333336,1066.3333333333333,1201.6666666666667,1201.6666666666667,300.4166666666667,2113.183333333333,2113.183333333333,0.0509180790960452,0.3581666666666666
945,40.5,52.333333333333336,52.333333333333336,51.27777777777778,26.444444444444443,51.05555555555556,850.5,1099.0,1099.0,274.75,1720.6,1720.6,0.04656779661016949,0.29162711864406776
946,55.72222222222222,56.388888888888886,56.388888888888886,55.77777777777778,28.22222222222222,62.666666666666664,1170.1666666666667,1184.1666666666665,1184.1666666666665,296.04166666666663,2285.325,2285.325,0.050176553672316375,0.387343220338983
947,53.333333333333336,51.111111111111114,51.111111111111114,50.666666666666664,24.72222222222222,64.05555555555556,1120.0,1073.3333333333335,1073.3333333333335,268.33333333333337,2172.3333333333335,2172.3333333333335,0.04548022598870057,0.36819209039548023
948,54.0,61.05555555555556,61.05555555555556,60.833333333333336,29.944444444444443,61.55555555555556,1134.0,1282.1666666666667,1282.1666666666667,320.5416666666667,2248.3416666666667,2248.3416666666667,0.05432909604519774,0.38107485875706215
949,49.333333333333336,59.94444444444444,59.94444444444444,59.0,29.61111111111111,62.166666666666664,1036.0,1258.8333333333333,1258.8333333333333,314.7083333333333,2075.9083333333333,2075.9083333333333,0.05334039548022598,0.3518488700564972
950,45.388888888888886,57.27777777777778,57.27777777777778,57.0,28.77777777777778,49.27777777777778,953.1666666666666,1202.8333333333333,1202.8333333333333,300.7083333333333,1921.0916666666665,1921.0916666666665,0.05096751412429378,0.32560875706214687
951,43.44444444444444,41.166666666666664,41.166666666666664,41.27777777777778,19.38888888888889,52.388888888888886,912.3333333333333,864.5,864.5,216.125,1767.0916666666665,1767.0916666666665,0.03663135593220339,0.2995070621468926
952,46.388888888888886,58.77777777777778,58.77777777777778,57.27777777777778,26.944444444444443,61.55555555555556,974.1666666666666,1234.3333333333333,1234.3333333333333,308.5833333333333,1964.6666666666665,1964.6666666666665,0.052302259887005646,0.33299435028248586
953,51.611111111111114,69.66666666666667,69.66666666666667,68.5,33.611111111111114,67.0,1083.8333333333335,1463.0,1463.0,365.75,2208.266666666667,2208.266666666667,0.061991525423728815,0.37428248587570623
954,51.111111111111114,58.611111111111114,58.611111111111114,58.111111111111114,29.38888888888889,60.22222222222222,1073.3333333333335,1230.8333333333335,1230.8333333333335,307.70833333333337,2132.3750000000005,2132.3750000000005,0.05215395480225989,0.3614194915254238
955,46.666666666666664,61.166666666666664,61.166666666666664,61.27777777777778,30.77777777777778,62.111111111111114,980.0,1284.5,1284.5,321.125,1987.125,1987.125,0.05442796610169492,0.3368008474576271
956,57.94444444444444,53.111111111111114,53.111111111111114,52.72222222222222,24.333333333333332,70.88888888888889,1216.8333333333333,1115.3333333333335,1115.3333333333335,278.83333333333337,2347.45,2347.45,0.047259887005649724,0.3978728813559322
957,51.05555555555556,52.611111111111114,52.611111111111114,52.0,25.833333333333332,60.611111111111114,1072.1666666666667,1104.8333333333335,1104.8333333333335,276.20833333333337,2098.891666666667,2098.891666666667,0.046814971751412436,0.3557443502824859
958,48.44444444444444,58.166666666666664,58.166666666666664,57.5,28.444444444444443,59.166666666666664,1017.3333333333333,1221.5,1221.5,305.375,2034.8416666666665,2034.8416666666665,0.05175847457627119,0.34488841807909604
959,45.0,41.27777777777778,41.27777777777778,40.611111111111114,19.833333333333332,52.166666666666664,945.0,866.8333333333334,866.8333333333334,216.70833333333334,1823.2083333333333,1823.2083333333333,0.036730225988700564,0.30901836158192086
960,37.388888888888886,48.333333333333336,48.333333333333336,47.77777777777778,23.5,42.111111111111114,785.1666666666666,1015.0,1015.0,253.75,1588.5333333333333,1588.5333333333333,0.04300847457627119,0.2692429378531073
961,51.44444444444444,56.333333333333336,56.333333333333336,55.44444444444444,27.5,65.5,1080.3333333333333,1183.0,1183.0,295.75,2132.3166666666666,2132.3166666666666,0.0501271186440678,0.361409604519774
962,51.44444444444444,62.333333333333336,62.333333333333336,61.44444444444444,30.72222222222222,64.77777777777777,1080.3333333333333,1309.0,1309.0,327.25,2163.8166666666666,2163.8166666666666,0.055466101694915254,0.36674858757062145
963,57.666666666666664,64.5,64.5,63.94444444444444,31.0,72.88888888888889,1211.0,1354.5,1354.5,338.625,2397.325,2397.325,0.05739406779661017,0.40632627118644066
964,51.666666666666664,58.27777777777778,58.27777777777778,57.94444444444444,28.61111111111111,70.88888888888889,1085.0,1223.8333333333333,1223.8333333333333,305.9583333333333,2150.4583333333335,2150.4583333333335,0.05185734463276836,0.3644844632768362
965,36.611111111111114,47.111111111111114,47.111111111111114,46.333333333333336,23.055555555555557,49.0,768.8333333333334,989.3333333333334,989.3333333333334,247.33333333333334,1554.35,1554.35,0.04192090395480226,0.2634491525423729
966,48.94444444444444,64.5,64.5,64.11111111111111,31.77777777777778,64.77777777777777,1027.8333333333333,1354.5,1354.5,338.625,2085.9416666666666,2085.9416666666666,0.05739406779661017,0.3535494350282486
967,48.5,51.166666666666664,51.166666666666664,49.77777777777778,24.333333333333332,54.333333333333336,1018.5,1074.5,1074.5,268.625,2000.075,2000.075,0.04552966101694915,0.33899576271186443
968,35.388888888888886,55.888888888888886,55.888888888888886,54.94444444444444,27.333333333333332,45.05555555555556,743.1666666666666,1173.6666666666665,1173.6666666666665,293.41666666666663,1556.7999999999997,1556.7999999999997,0.04973163841807909,0.263864406779661
969,57.55555555555556,64.55555555555556,64.55555555555556,63.888888888888886,31.333333333333332,74.27777777777777,1208.6666666666667,1355.6666666666667,1355.6666666666667,338.9166666666667,2393.65,2393.65,0.05744350282485876,0.40570338983050847
970,37.888888888888886,40.5,40.5,39.94444444444444,20.833333333333332,42.72222222222222,795.6666666666666,850.5,850.5,212.625,1565.2583333333332,1565.2583333333332,0.03603813559322034,0.26529802259887003
971,54.166666666666664,62.666666666666664,62.666666666666664,63.0,30.666666666666668,68.66666666666667,1137.5,1316.0,1316.0,329.0,2262.75,2262.75,0.05576271186440678,0.38351694915254236
972,54.166666666666664,65.66666666666667,65.66666666666667,64.94444444444444,33.22222222222222,69.61111111111111,1137.5,1379.0,1379.0,344.75,2278.5,2278.5,0.05843220338983051,0.3861864406779661
973,45.72222222222222,52.611111111111114,52.611111111111114,52.111111111111114,26.944444444444443,57.72222222222222,960.1666666666666,1104.8333333333335,1104.8333333333335,276.20833333333337,1908.4916666666668,1908.4916666666668,0.046814971751412436,0.3234731638418079
974,40.611111111111114,44.77777777777778,44.77777777777778,45.5,22.666666666666668,49.333333333333336,852.8333333333334,940.3333333333334,940.3333333333334,235.08333333333334,1684.8999999999999,1684.8999999999999,0.03984463276836158,0.28557627118644063
975,48.72222222222222,59.94444444444444,59.94444444444444,59.77777777777778,30.27777777777778,62.0,1023.1666666666666,1258.8333333333333,1258.8333333333333,314.7083333333333,2054.0916666666667,2054.0916666666667,0.05334039548022598,0.34815112994350284
976,41.888888888888886,52.27777777777778,52.27777777777778,51.77777777777778,26.11111111111111,48.94444444444444,879.6666666666666,1097.8333333333333,1097.8333333333333,274.4583333333333,1769.8916666666664,1769.8916666666664,0.0465183615819209,0.29998163841807907
977,46.5,55.05555555555556,55.05555555555556,52.888888888888886,25.833333333333332,55.833333333333336,976.5,1156.1666666666667,1156.1666666666667,289.0416666666667,1949.0916666666667,1949.0916666666667,0.048990112994350285,0.3303545197740113
978,42.72222222222222,59.0,59.0,58.0,28.38888888888889,52.05555555555556,897.1666666666666,1239.0,1239.0,309.75,1834.9333333333332,1834.9333333333332,0.0525,0.3110056497175141
979,56.0,59.333333333333336,59.333333333333336,58.27777777777778,28.666666666666668,69.33333333333333,1176.0,1246.0,1246.0,311.5,2310.7,2310.7,0.052796610169491526,0.39164406779661015
980,49.72222222222222,50.833333333333336,50.833333333333336,50.611111111111114,25.61111111111111,57.333333333333336,1044.1666666666667,1067.5,1067.5,266.875,2041.9583333333335,2041.9583333333335,0.04523305084745763,0.3460946327683616
981,41.44444444444444,50.0,50.0,49.55555555555556,24.5,51.333333333333336,870.3333333333333,1050.0,1050.0,262.5,1742.0666666666666,1742.0666666666666,0.04449152542372881,0.29526553672316386
982,44.888888888888886,50.388888888888886,50.388888888888886,49.833333333333336,24.88888888888889,53.94444444444444,942.6666666666666,1058.1666666666665,1058.1666666666665,264.54166666666663,1867.0749999999998,1867.0749999999998,0.04483757062146892,0.31645338983050847
983,49.05555555555556,54.333333333333336,54.333333333333336,54.0,27.22222222222222,53.77777777777778,1030.1666666666667,1141.0,1141.0,285.25,2036.5333333333333,2036.5333333333333,0.048347457627118645,0.34517514124293786
984,55.27777777777778,62.111111111111114,62.111111111111114,60.72222222222222,29.61111111111111,66.11111111111111,1160.8333333333333,1304.3333333333335,1304.3333333333335,326.08333333333337,2299.5,2299.5,0.05526836158192091,0.3897457627118644
985,29.0,43.888888888888886,43.888888888888886,42.888888888888886,22.11111111111111,38.5,609.0,921.6666666666666,921.6666666666666,230.41666666666666,1265.7166666666667,1265.7166666666667,0.03905367231638418,0.21452824858757064
986,40.72222222222222,44.77777777777778,44.77777777777778,44.166666666666664,23.055555555555557,45.5,855.1666666666666,940.3333333333334,940.3333333333334,235.08333333333334,1688.8666666666666,1688.8666666666666,0.03984463276836158,0.28624858757062144
987,36.44444444444444,56.833333333333336,56.833333333333336,56.94444444444444,28.666666666666668,53.388888888888886,765.3333333333333,1193.5,1193.5,298.375,1599.4416666666666,1599.4416666666666,0.050572033898305085,0.2710918079096045
988,34.44444444444444,42.888888888888886,42.888888888888886,42.44444444444444,22.22222222222222,42.666666666666664,723.3333333333333,900.6666666666666,900.6666666666666,225.16666666666666,1454.8333333333333,1454.8333333333333,0.038163841807909604,0.24658192090395478
989,40.611111111111114,57.94444444444444,57.94444444444444,57.333333333333336,28.0,58.27777777777778,852.8333333333334,1216.8333333333333,1216.8333333333333,304.2083333333333,1754.0249999999999,1754.0249999999999,0.05156073446327683,0.2972923728813559
990,51.333333333333336,61.72222222222222,61.72222222222222,61.94444444444444,29.72222222222222,67.83333333333333,1078.0,1296.1666666666667,1296.1666666666667,324.0416666666667,2156.6416666666664,2156.6416666666664,0.0549223163841808,0.3655324858757062
991,49.888888888888886,64.83333333333333,64.83333333333333,63.833333333333336,31.61111111111111,65.77777777777777,1047.6666666666665,1361.5,1361.5,340.375,2121.408333333333,2121.408333333333,0.057690677966101694,0.35956073446327674
992,46.94444444444444,62.22222222222222,62.22222222222222,60.77777777777778,30.833333333333332,55.94444444444444,985.8333333333333,1306.6666666666667,1306.6666666666667,326.6666666666667,2002.5833333333333,2002.5833333333333,0.055367231638418085,0.33942090395480223
993,45.888888888888886,63.611111111111114,63.611111111111114,63.44444444444444,32.44444444444444,57.111111111111114,963.6666666666666,1335.8333333333335,1335.8333333333335,333.95833333333337,1972.1916666666666,1972.1916666666666,0.05660310734463277,0.3342697740112994
994,35.611111111111114,51.44444444444444,51.44444444444444,50.5,26.27777777777778,44.333333333333336,747.8333333333334,1080.3333333333333,1080.3333333333333,270.0833333333333,1541.3999999999999,1541.3999999999999,0.045776836158192086,0.26125423728813557
995,60.94444444444444,62.77777777777778,62.77777777777778,62.55555555555556,30.61111111111111,70.33333333333333,1279.8333333333333,1318.3333333333333,1318.3333333333333,329.5833333333333,2505.3,2505.3,0.05586158192090395,0.4246271186440678
996,49.333333333333336,59.94444444444444,59.94444444444444,59.05555555555556,29.833333333333332,62.22222222222222,1036.0,1258.8333333333333,1258.8333333333333,314.7083333333333,2075.9083333333333,2075.9083333333333,0.05334039548022598,0.3518488700564972
997,37.166666666666664,46.77777777777778,46.77777777777778,46.22222222222222,23.666666666666668,48.0,780.5,982.3333333333334,982.3333333333334,245.58333333333334,1572.4333333333332,1572.4333333333332,0.04162429378531073,0.2665141242937853
998,41.888888888888886,47.611111111111114,47.611111111111114,46.333333333333336,22.72222222222222,51.166666666666664,879.6666666666666,999.8333333333334,999.8333333333334,249.95833333333334,1745.3916666666664,1745.3916666666664,0.04236581920903955,0.2958290960451977
999,40.888888888888886,51.5,51.5,50.77777777777778,25.0,49.666666666666664,858.6666666666666,1081.5,1081.5,270.375,1730.1083333333331,1730.1083333333331,0.04582627118644068,0.2932387005649717
1000,52.888888888888886,49.0,49.0,48.833333333333336,23.61111111111111,60.22222222222222,1110.6666666666665,1029.0,1029.0,257.25,2145.383333333333,2145.383333333333,0.04360169491525424,0.3636242937853107
1001,34.22222222222222,49.333333333333336,49.333333333333336,47.5,23.27777777777778,43.388888888888886,718.6666666666666,1036.0,1036.0,259.0,1480.7333333333333,1480.7333333333333,0.043898305084745765,0.2509717514124294
1002,54.388888888888886,44.55555555555556,44.55555555555556,44.44444444444444,20.444444444444443,64.0,1142.1666666666665,935.6666666666667,935.6666666666667,233.91666666666669,2175.5999999999995,2175.5999999999995,0.039646892655367236,0.3687457627118643
1003,41.111111111111114,54.666666666666664,54.666666666666664,53.333333333333336,26.333333333333332,56.0,863.3333333333334,1148.0,1148.0,287.0,1754.6666666666667,1754.6666666666667,0.04864406779661017,0.2974011299435028
1004,49.72222222222222,55.27777777777778,55.27777777777778,53.77777777777778,25.944444444444443,57.72222222222222,1044.1666666666667,1160.8333333333333,1160.8333333333333,290.2083333333333,2065.291666666667,2065.291666666667,0.04918785310734463,0.35004943502824865
1005,36.44444444444444,47.55555555555556,47.55555555555556,46.72222222222222,23.11111111111111,49.166666666666664,765.3333333333333,998.6666666666667,998.6666666666667,249.66666666666669,1550.7333333333333,1550.7333333333333,0.042316384180790964,0.2628361581920904
1006,49.55555555555556,54.05555555555556,54.05555555555556,54.22222222222222,26.61111111111111,62.55555555555556,1040.6666666666667,1135.1666666666667,1135.1666666666667,283.7916666666667,2052.925,2052.925,0.04810028248587571,0.3479533898305085
1007,52.05555555555556,57.111111111111114,57.111111111111114,57.27777777777778,28.666666666666668,61.22222222222222,1093.1666666666667,1199.3333333333335,1199.3333333333335,299.83333333333337,2158.2166666666667,2158.2166666666667,0.05081920903954803,0.3657994350282486
1008,31.61111111111111,35.22222222222222,35.22222222222222,34.77777777777778,16.166666666666668,35.333333333333336,663.8333333333334,739.6666666666666,739.6666666666666,184.91666666666666,1313.4333333333334,1313.4333333333334,0.031341807909604516,0.22261581920903956
1009,41.611111111111114,61.888888888888886,61.888888888888886,61.388888888888886,31.444444444444443,53.111111111111114,873.8333333333334,1299.6666666666665,1299.6666666666665,324.91666666666663,1810.4333333333334,1810.4333333333334,0.05507062146892655,0.3068531073446328
1010,40.666666666666664,50.111111111111114,50.111111111111114,50.05555555555556,26.444444444444443,46.333333333333336,854.0,1052.3333333333335,1052.3333333333335,263.08333333333337,1714.8833333333332,1714.8833333333332,0.044590395480225996,0.29065819209039545
1011,54.333333333333336,71.05555555555556,71.05555555555556,70.27777777777777,35.44444444444444,68.5,1141.0,1492.1666666666667,1492.1666666666667,373.0416666666667,2312.741666666667,2312.741666666667,0.0632274011299435,0.3919901129943503
1012,47.55555555555556,68.5,68.5,67.72222222222223,32.94444444444444,64.16666666666667,998.6666666666667,1438.5,1438.5,359.625,2057.3583333333336,2057.3583333333336,0.06095338983050847,0.34870480225988704
1013,45.77777777777778,48.44444444444444,48.44444444444444,48.44444444444444,24.333333333333332,48.44444444444444,961.3333333333334,1017.3333333333333,1017.3333333333333,254.33333333333331,1888.6,1888.6,0.04310734463276836,0.3201016949152542
1014,43.833333333333336,54.166666666666664,54.166666666666664,53.611111111111114,25.555555555555557,49.333333333333336,920.5,1137.5,1137.5,284.375,1849.225,1849.225,0.048199152542372885,0.3134279661016949
1015,56.388888888888886,66.33333333333333,66.33333333333333,65.61111111111111,32.27777777777778,72.5,1184.1666666666665,1393.0,1393.0,348.25,2361.333333333333,2361.333333333333,0.05902542372881356,0.4002259887005649
1016,45.666666666666664,58.388888888888886,58.388888888888886,57.388888888888886,28.944444444444443,63.111111111111114,959.0,1226.1666666666665,1226.1666666666665,306.54166666666663,1936.8416666666667,1936.8416666666667,0.05195621468926553,0.32827824858757065
1017,55.611111111111114,61.94444444444444,61.94444444444444,61.72222222222222,31.055555555555557,68.77777777777777,1167.8333333333335,1300.8333333333333,1300.8333333333333,325.2083333333333,2310.525,2310.525,0.055120056497175135,0.39161440677966103
1018,51.94444444444444,60.888888888888886,60.888888888888886,60.333333333333336,28.88888888888889,69.77777777777777,1090.8333333333333,1278.6666666666665,1278.6666666666665,319.66666666666663,2174.083333333333,2174.083333333333,0.054180790960451974,0.3684887005649717
1019,39.44444444444444,54.44444444444444,54.44444444444444,53.388888888888886,27.555555555555557,56.666666666666664,828.3333333333333,1143.3333333333333,1143.3333333333333,285.8333333333333,1693.9999999999998,1693.9999999999998,0.048446327683615814,0.2871186440677966
1020,43.111111111111114,53.5,53.5,52.77777777777778,26.77777777777778,53.888888888888886,905.3333333333334,1123.5,1123.5,280.875,1819.9416666666666,1819.9416666666666,0.04760593220338983,0.3084646892655367
1021,57.55555555555556,60.833333333333336,60.833333333333336,60.388888888888886,28.77777777777778,68.11111111111111,1208.6666666666667,1277.5,1277.5,319.375,2374.1083333333336,2374.1083333333336,0.05413135593220339,0.40239124293785317
1022,38.388888888888886,45.888888888888886,45.888888888888886,45.27777777777778,23.27777777777778,45.388888888888886,806.1666666666666,963.6666666666666,963.6666666666666,240.91666666666666,1611.3999999999999,1611.3999999999999,0.04083333333333333,0.27311864406779657
1023,51.666666666666664,60.0,60.0,59.22222222222222,29.38888888888889,62.888888888888886,1085.0,1260.0,1260.0,315.0,2159.5,2159.5,0.053389830508474574,0.36601694915254235
1024,35.5,58.72222222222222,58.72222222222222,58.77777777777778,29.555555555555557,47.666666666666664,745.5,1233.1666666666667,1233.1666666666667,308.2916666666667,1575.6416666666667,1575.6416666666667,0.05225282485875707,0.26705790960451975
1025,38.833333333333336,50.94444444444444,50.94444444444444,49.5,25.5,49.333333333333336,815.5,1069.8333333333333,1069.8333333333333,267.4583333333333,1653.8083333333332,1653.8083333333332,0.0453319209039548,0.2803064971751412
1026,55.111111111111114,57.833333333333336,57.833333333333336,56.94444444444444,27.77777777777778,67.61111111111111,1157.3333333333335,1214.5,1214.5,303.625,2271.091666666667,2271.091666666667,0.05146186440677966,0.3849307909604521
1027,45.888888888888886,53.611111111111114,53.611111111111114,51.94444444444444,24.833333333333332,56.55555555555556,963.6666666666666,1125.8333333333335,1125.8333333333335,281.45833333333337,1919.6916666666666,1919.6916666666666,0.04770480225988701,0.32537146892655366
1028,36.833333333333336,45.166666666666664,45.166666666666664,44.611111111111114,22.88888888888889,43.5,773.5,948.5,948.5,237.125,1552.075,1552.075,0.04019067796610169,0.2630635593220339
1029,38.888888888888886,58.72222222222222,58.72222222222222,58.0,29.0,47.55555555555556,816.6666666666666,1233.1666666666667,1233.1666666666667,308.2916666666667,1696.625,1696.625,0.05225282485875707,0.2875635593220339
1030,55.55555555555556,59.611111111111114,59.611111111111114,59.333333333333336,27.833333333333332,69.44444444444444,1166.6666666666667,1251.8333333333335,1251.8333333333335,312.95833333333337,2296.291666666667,2296.291666666667,0.05304378531073447,0.38920197740113
1031,33.833333333333336,46.22222222222222,46.22222222222222,45.333333333333336,23.166666666666668,46.388888888888886,710.5,970.6666666666666,970.6666666666666,242.66666666666666,1450.5166666666667,1450.5166666666667,0.04112994350282486,0.2458502824858757
1032,46.111111111111114,52.55555555555556,52.55555555555556,51.666666666666664,25.11111111111111,55.27777777777778,968.3333333333334,1103.6666666666667,1103.6666666666667,275.9166666666667,1922.0833333333335,1922.0833333333335,0.046765536723163845,0.32577683615819214
1033,47.44444444444444,58.333333333333336,58.333333333333336,57.666666666666664,29.61111111111111,57.5,996.3333333333333,1225.0,1225.0,306.25,2000.0166666666664,2000.0166666666664,0.05190677966101695,0.33898587570621463
1034,48.72222222222222,49.05555555555556,49.05555555555556,49.611111111111114,23.77777777777778,55.72222222222222,1023.1666666666666,1030.1666666666667,1030.1666666666667,257.5416666666667,1996.925,1996.925,0.04365112994350283,0.33846186440677967
1035,49.611111111111114,61.666666666666664,61.666666666666664,61.888888888888886,29.38888888888889,62.0,1041.8333333333335,1295.0,1295.0,323.75,2094.866666666667,2094.866666666667,0.054872881355932206,0.35506214689265536
1036,50.388888888888886,53.111111111111114,53.111111111111114,52.388888888888886,24.944444444444443,62.27777777777778,1058.1666666666665,1115.3333333333335,1115.3333333333335,278.83333333333337,2077.7166666666662,2077.7166666666662,0.047259887005649724,0.35215536723163837
1037,32.72222222222222,47.77777777777778,47.77777777777778,46.333333333333336,25.0,46.666666666666664,687.1666666666666,1003.3333333333334,1003.3333333333334,250.83333333333334,1419.0166666666664,1419.0166666666664,0.04251412429378531,0.24051129943502822
1038,51.833333333333336,53.5,53.5,52.888888888888886,26.27777777777778,63.94444444444444,1088.5,1123.5,1123.5,280.875,2131.325,2131.325,0.04760593220338983,0.3612415254237288
1039,45.888888888888886,66.5,66.5,66.16666666666667,34.166666666666664,54.94444444444444,963.6666666666666,1396.5,1396.5,349.125,1987.3583333333331,1987.3583333333331,0.05917372881355932,0.33684039548022593
1040,33.333333333333336,52.0,52.0,50.55555555555556,26.444444444444443,44.22222222222222,700.0,1092.0,1092.0,273.0,1463.0,1463.0,0.046271186440677965,0.24796610169491526
1041,42.44444444444444,61.166666666666664,61.166666666666664,60.72222222222222,30.72222222222222,56.388888888888886,891.3333333333333,1284.5,1284.5,321.125,1836.3916666666664,1836.3916666666664,0.05442796610169492,0.311252824858757
1042,42.22222222222222,59.333333333333336,59.333333333333336,59.0,29.0,55.22222222222222,886.6666666666666,1246.0,1246.0,311.5,1818.8333333333333,1818.8333333333333,0.052796610169491526,0.30827683615819207
1043,42.833333333333336,45.05555555555556,45.05555555555556,44.77777777777778,22.055555555555557,50.05555555555556,899.5,946.1666666666667,946.1666666666667,236.54166666666669,1765.6916666666666,1765.6916666666666,0.040091807909604524,0.29926977401129945
1044,47.333333333333336,55.388888888888886,55.388888888888886,54.5,26.77777777777778,55.44444444444444,994.0,1163.1666666666665,1163.1666666666665,290.79166666666663,1980.5916666666667,1980.5916666666667,0.0492867231638418,0.33569350282485877
1045,46.611111111111114,56.888888888888886,56.888888888888886,56.166666666666664,26.22222222222222,56.666666666666664,978.8333333333334,1194.6666666666665,1194.6666666666665,298.66666666666663,1962.6833333333334,1962.6833333333334,0.05062146892655366,0.3326581920903955
1046,32.27777777777778,48.888888888888886,48.888888888888886,47.77777777777778,23.333333333333332,42.166666666666664,677.8333333333334,1026.6666666666665,1026.6666666666665,256.66666666666663,1408.9833333333331,1408.9833333333331,0.043502824858757054,0.2388107344632768
1047,47.388888888888886,41.888888888888886,41.888888888888886,41.22222222222222,18.944444444444443,57.77777777777778,995.1666666666666,879.6666666666666,879.6666666666666,219.91666666666666,1911.7,1911.7,0.03727401129943503,0.32401694915254237
1048,44.666666666666664,47.833333333333336,47.833333333333336,47.27777777777778,23.666666666666668,54.72222222222222,938.0,1004.5,1004.5,251.125,1845.725,1845.725,0.0425635593220339,0.31283474576271186
1049,28.77777777777778,50.611111111111114,50.611111111111114,50.0,25.444444444444443,42.94444444444444,604.3333333333334,1062.8333333333335,1062.8333333333335,265.70833333333337,1293.0750000000003,1293.0750000000003,0.045035310734463284,0.2191652542372882
1050,42.22222222222222,43.72222222222222,43.72222222222222,43.0,22.055555555555557,48.388888888888886,886.6666666666666,918.1666666666666,918.1666666666666,229.54166666666666,1736.875,1736.875,0.03890536723163841,0.29438559322033897
1051,29.5,44.333333333333336,44.333333333333336,43.44444444444444,23.11111111111111,44.44444444444444,619.5,931.0,931.0,232.75,1285.8999999999999,1285.8999999999999,0.039449152542372884,0.21794915254237285
1052,53.111111111111114,64.77777777777777,64.77777777777777,64.05555555555556,31.22222222222222,69.66666666666667,1115.3333333333335,1360.3333333333333,1360.3333333333333,340.0833333333333,2236.15,2236.15,0.0576412429378531,0.3790084745762712
1053,52.05555555555556,59.833333333333336,59.833333333333336,59.22222222222222,30.27777777777778,64.44444444444444,1093.1666666666667,1256.5,1256.5,314.125,2172.508333333333,2172.508333333333,0.053241525423728814,0.36822175141242935
1054,32.05555555555556,49.166666666666664,49.166666666666664,47.55555555555556,24.11111111111111,40.94444444444444,673.1666666666667,1032.5,1032.5,258.125,1402.5083333333334,1402.5083333333334,0.04375,0.2377132768361582
1055,22.5,27.0,27.0,26.27777777777778,13.222222222222221,27.38888888888889,472.5,567.0,567.0,141.75,945.0,945.0,0.02402542372881356,0.16016949152542373
1056,48.22222222222222,55.72222222222222,55.72222222222222,55.05555555555556,25.666666666666668,61.611111111111114,1012.6666666666666,1170.1666666666667,1170.1666666666667,292.5416666666667,2014.075,2014.075,0.04958333333333333,0.3413686440677966
1057,54.0,63.22222222222222,63.22222222222222,62.72222222222222,31.444444444444443,69.27777777777777,1134.0,1327.6666666666667,1327.6666666666667,331.9166666666667,2259.7166666666667,2259.7166666666667,0.05625706214689266,0.3830028248587571
1058,39.5,52.55555555555556,52.55555555555556,51.5,25.5,50.44444444444444,829.5,1103.6666666666667,1103.6666666666667,275.9166666666667,1686.0666666666666,1686.0666666666666,0.046765536723163845,0.285774011299435
1059,54.111111111111114,57.888888888888886,57.888888888888886,57.72222222222222,29.27777777777778,64.11111111111111,1136.3333333333335,1215.6666666666665,1215.6666666666665,303.91666666666663,2235.6833333333334,2235.6833333333334,0.05151129943502824,0.37892937853107345
1060,55.611111111111114,57.111111111111114,57.111111111111114,56.611111111111114,28.444444444444443,65.61111111111111,1167.8333333333335,1199.3333333333335,1199.3333333333335,299.83333333333337,2285.15,2285.15,0.05081920903954803,0.38731355932203393
1061,49.22222222222222,52.833333333333336,52.833333333333336,52.5,26.333333333333332,59.111111111111114,1033.6666666666667,1109.5,1109.5,277.375,2034.6083333333333,2034.6083333333333,0.04701271186440678,0.34484887005649717
1062,43.27777777777778,50.166666666666664,50.166666666666664,50.72222222222222,26.0,51.05555555555556,908.8333333333334,1053.5,1053.5,263.375,1808.3916666666667,1808.3916666666667,0.04463983050847457,0.30650706214689266
1063,44.888888888888886,61.22222222222222,61.22222222222222,60.111111111111114,29.77777777777778,56.833333333333336,942.6666666666666,1285.6666666666667,1285.6666666666667,321.4166666666667,1923.95,1923.95,0.05447740112994351,0.3260932203389831
1064,39.22222222222222,55.0,55.0,54.166666666666664,28.0,51.22222222222222,823.6666666666666,1155.0,1155.0,288.75,1688.9833333333331,1688.9833333333331,0.048940677966101694,0.28626836158192087
1065,53.72222222222222,62.77777777777778,62.77777777777778,62.111111111111114,30.77777777777778,59.77777777777778,1128.1666666666667,1318.3333333333333,1318.3333333333333,329.5833333333333,2247.4666666666667,2247.4666666666667,0.05586158192090395,0.38092655367231637
1066,40.388888888888886,51.111111111111114,51.111111111111114,50.27777777777778,24.944444444444443,51.94444444444444,848.1666666666666,1073.3333333333335,1073.3333333333335,268.33333333333337,1710.2166666666667,1710.2166666666667,0.04548022598870057,0.2898672316384181
1067,60.166666666666664,56.22222222222222,56.22222222222222,56.05555555555556,27.27777777777778,70.77777777777777,1263.5,1180.6666666666667,1180.6666666666667,295.1666666666667,2443.1166666666663,2443.1166666666663,0.05002824858757062,0.4140875706214689
1068,42.72222222222222,47.94444444444444,47.94444444444444,47.05555555555556,23.77777777777778,46.333333333333336,897.1666666666666,1006.8333333333333,1006.8333333333333,251.70833333333331,1776.8916666666664,1776.8916666666664,0.04266242937853107,0.30116807909604515
1069,36.666666666666664,48.833333333333336,48.833333333333336,48.5,25.444444444444443,43.166666666666664,770.0,1025.5,1025.5,256.375,1565.375,1565.375,0.043453389830508476,0.26531779661016947
1070,43.55555555555556,48.22222222222222,48.22222222222222,47.388888888888886,22.833333333333332,53.72222222222222,914.6666666666667,1012.6666666666666,1012.6666666666666,253.16666666666666,1808.1000000000001,1808.1000000000001,0.04290960451977401,0.3064576271186441
1071,41.611111111111114,47.22222222222222,47.22222222222222,46.44444444444444,22.666666666666668,47.666666666666664,873.8333333333334,991.6666666666666,991.6666666666666,247.91666666666666,1733.4333333333334,1733.4333333333334,0.042019774011299436,0.29380225988700565
1072,43.27777777777778,48.72222222222222,48.72222222222222,48.166666666666664,24.444444444444443,51.888888888888886,908.8333333333334,1023.1666666666666,1023.1666666666666,255.79166666666666,1800.8083333333334,1800.8083333333334,0.0433545197740113,0.3052217514124294
1073,36.5,47.111111111111114,47.111111111111114,45.666666666666664,23.61111111111111,42.666666666666664,766.5,989.3333333333334,989.3333333333334,247.33333333333334,1550.3833333333332,1550.3833333333332,0.04192090395480226,0.2627768361581921
1074,40.388888888888886,53.888888888888886,53.888888888888886,53.94444444444444,26.72222222222222,50.888888888888886,848.1666666666666,1131.6666666666665,1131.6666666666665,282.91666666666663,1724.7999999999997,1724.7999999999997,0.047951977401129935,0.29233898305084743
1075,37.388888888888886,38.611111111111114,38.611111111111114,38.05555555555556,19.333333333333332,45.77777777777778,785.1666666666666,810.8333333333334,810.8333333333334,202.70833333333334,1537.4916666666666,1537.4916666666666,0.034357344632768363,0.2605918079096045
1076,41.611111111111114,55.888888888888886,55.888888888888886,55.05555555555556,27.72222222222222,54.77777777777778,873.8333333333334,1173.6666666666665,1173.6666666666665,293.41666666666663,1778.9333333333334,1778.9333333333334,0.04973163841807909,0.3015141242937853
1077,48.5,52.666666666666664,52.666666666666664,52.0,27.444444444444443,59.94444444444444,1018.5,1106.0,1106.0,276.5,2007.95,2007.95,0.046864406779661014,0.3403305084745763
1078,38.05555555555556,37.05555555555556,37.05555555555556,36.111111111111114,18.555555555555557,42.22222222222222,799.1666666666667,778.1666666666667,778.1666666666667,194.54166666666669,1553.1250000000002,1553.1250000000002,0.032973163841807915,0.26324152542372886
1079,47.833333333333336,56.388888888888886,56.388888888888886,55.77777777777778,27.555555555555557,54.666666666666664,1004.5,1184.1666666666665,1184.1666666666665,296.04166666666663,2003.6916666666666,2003.6916666666666,0.050176553672316375,0.3396087570621469
1080,42.05555555555556,63.333333333333336,63.333333333333336,62.22222222222222,31.22222222222222,52.166666666666664,883.1666666666667,1330.0,1330.0,332.5,1833.8833333333334,1833.8833333333334,0.05635593220338983,0.31082768361581925
1081,46.166666666666664,54.611111111111114,54.611111111111114,53.0,26.444444444444443,57.666666666666664,969.5,1146.8333333333335,1146.8333333333335,286.70833333333337,1934.8583333333331,1934.8583333333331,0.04859463276836159,0.32794209039548017
1082,52.666666666666664,64.0,64.0,63.05555555555556,32.111111111111114,68.83333333333333,1106.0,1344.0,1344.0,336.0,2216.2,2216.2,0.05694915254237288,0.3756271186440678
1083,50.72222222222222,50.333333333333336,50.333333333333336,49.666666666666664,23.77777777777778,59.5,1065.1666666666667,1057.0,1057.0,264.25,2075.0333333333333,2075.0333333333333,0.04478813559322034,0.3517005649717514
1084,51.27777777777778,53.0,53.0,52.5,26.22222222222222,61.27777777777778,1076.8333333333333,1113.0,1113.0,278.25,2108.866666666667,2108.866666666667,0.04716101694915254,0.3574350282485876
1085,36.888888888888886,39.05555555555556,39.05555555555556,38.0,20.166666666666668,43.05555555555556,774.6666666666666,820.1666666666667,820.1666666666667,205.04166666666669,1521.975,1521.975,0.03475282485875707,0.25796186440677965
1086,34.77777777777778,54.111111111111114,54.111111111111114,53.611111111111114,26.72222222222222,46.55555555555556,730.3333333333334,1136.3333333333335,1136.3333333333335,284.08333333333337,1525.65,1525.65,0.0481497175141243,0.2585847457627119
1087,38.05555555555556,46.27777777777778,46.27777777777778,45.166666666666664,22.333333333333332,50.611111111111114,799.1666666666667,971.8333333333334,971.8333333333334,242.95833333333334,1601.5416666666667,1601.5416666666667,0.041179378531073445,0.2714477401129944
1088,43.666666666666664,45.72222222222222,45.72222222222222,45.388888888888886,22.22222222222222,51.94444444444444,917.0,960.1666666666666,960.1666666666666,240.04166666666666,1798.9416666666666,1798.9416666666666,0.04068502824858757,0.3049053672316384
1089,46.22222222222222,61.72222222222222,61.72222222222222,61.0,31.444444444444443,59.77777777777778,970.6666666666666,1296.1666666666667,1296.1666666666667,324.0416666666667,1974.175,1974.175,0.0549223163841808,0.3346059322033898
1090,46.388888888888886,48.388888888888886,48.388888888888886,47.27777777777778,23.055555555555557,52.611111111111114,974.1666666666666,1016.1666666666666,1016.1666666666666,254.04166666666666,1910.125,1910.125,0.04305790960451977,0.32375
1091,50.5,51.388888888888886,51.388888888888886,51.111111111111114,24.944444444444443,62.333333333333336,1060.5,1079.1666666666665,1079.1666666666665,269.79166666666663,2072.6416666666664,2072.6416666666664,0.045727401129943494,0.351295197740113
1092,40.94444444444444,49.611111111111114,49.611111111111114,49.77777777777778,25.27777777777778,50.5,859.8333333333333,1041.8333333333335,1041.8333333333335,260.45833333333337,1722.1749999999997,1722.1749999999997,0.04414548022598871,0.29189406779661015
1093,45.5,53.888888888888886,53.888888888888886,53.166666666666664,26.833333333333332,61.94444444444444,955.5,1131.6666666666665,1131.6666666666665,282.91666666666663,1907.2666666666664,1907.2666666666664,0.047951977401129935,0.3232655367231638
1094,48.55555555555556,55.77777777777778,55.77777777777778,55.05555555555556,28.166666666666668,60.111111111111114,1019.6666666666667,1171.3333333333333,1171.3333333333333,292.8333333333333,2026.2666666666667,2026.2666666666667,0.04963276836158192,0.34343502824858757
1095,41.833333333333336,45.55555555555556,45.55555555555556,44.44444444444444,22.833333333333332,48.22222222222222,878.5,956.6666666666667,956.6666666666667,239.16666666666669,1732.6166666666668,1732.6166666666668,0.04053672316384181,0.2936638418079096
1096,46.55555555555556,43.44444444444444,43.44444444444444,43.166666666666664,21.555555555555557,51.94444444444444,977.6666666666667,912.3333333333333,912.3333333333333,228.08333333333331,1890.1166666666668,1890.1166666666668,0.03865819209039548,0.3203587570621469
1097,50.888888888888886,53.333333333333336,53.333333333333336,53.22222222222222,26.27777777777778,62.166666666666664,1068.6666666666665,1120.0,1120.0,280.0,2096.733333333333,2096.733333333333,0.04745762711864407,0.3553785310734463
1098,44.94444444444444,44.666666666666664,44.666666666666664,44.611111111111114,22.333333333333332,56.5,943.8333333333333,938.0,938.0,234.5,1839.0166666666664,1839.0166666666664,0.039745762711864405,0.3116977401129943
1099,49.22222222222222,63.611111111111114,63.611111111111114,63.388888888888886,31.5,61.833333333333336,1033.6666666666667,1335.8333333333335,1335.8333333333335,333.95833333333337,2091.1916666666666,2091.1916666666666,0.05660310734463277,0.35443926553672317
1100,34.833333333333336,46.0,46.0,45.888888888888886,23.77777777777778,40.44444444444444,731.5,966.0,966.0,241.5,1485.05,1485.05,0.04093220338983051,0.25170338983050844
1101,37.72222222222222,59.5,59.5,58.111111111111114,29.61111111111111,44.77777777777778,792.1666666666666,1249.5,1249.5,312.375,1659.0583333333332,1659.0583333333332,0.052944915254237286,0.2811963276836158
1102,49.5,52.166666666666664,52.166666666666664,52.22222222222222,25.5,56.388888888888886,1039.5,1095.5,1095.5,273.875,2041.0249999999999,2041.0249999999999,0.046419491525423726,0.3459364406779661
1103,39.27777777777778,45.388888888888886,45.388888888888886,44.72222222222222,23.5,49.5,824.8333333333334,953.1666666666666,953.1666666666666,238.29166666666666,1640.5083333333334,1640.5083333333334,0.040388418079096045,0.27805225988700566
1104,35.55555555555556,54.27777777777778,54.27777777777778,53.111111111111114,26.88888888888889,50.611111111111114,746.6666666666667,1139.8333333333333,1139.8333333333333,284.9583333333333,1554.2916666666667,1554.2916666666667,0.048298022598870054,0.2634392655367232
1105,48.166666666666664,58.333333333333336,58.333333333333336,57.833333333333336,28.88888888888889,63.27777777777778,1011.5,1225.0,1225.0,306.25,2025.8,2025.8,0.05190677966101695,0.34335593220338984
1106,56.77777777777778,67.83333333333333,67.83333333333333,67.61111111111111,33.5,71.05555555555556,1192.3333333333333,1424.5,1424.5,356.125,2383.0916666666662,2383.0916666666662,0.06036016949152542,0.4039138418079095
1107,36.72222222222222,47.611111111111114,47.611111111111114,46.833333333333336,23.5,43.94444444444444,771.1666666666666,999.8333333333334,999.8333333333334,249.95833333333334,1560.9416666666664,1560.9416666666664,0.04236581920903955,0.2645663841807909
1108,43.72222222222222,63.0,63.0,62.666666666666664,32.05555555555556,60.5,918.1666666666666,1323.0,1323.0,330.75,1891.6333333333332,1891.6333333333332,0.0560593220338983,0.32061581920903953
1109,39.888888888888886,48.72222222222222,48.72222222222222,47.22222222222222,23.38888888888889,51.888888888888886,837.6666666666666,1023.1666666666666,1023.1666666666666,255.79166666666666,1679.825,1679.825,0.0433545197740113,0.28471610169491524
1110,50.833333333333336,50.94444444444444,50.94444444444444,50.22222222222222,24.333333333333332,60.55555555555556,1067.5,1069.8333333333333,1069.8333333333333,267.4583333333333,2082.2083333333335,2082.2083333333335,0.0453319209039548,0.3529166666666667
1111,47.77777777777778,51.72222222222222,51.72222222222222,51.166666666666664,24.944444444444443,56.333333333333336,1003.3333333333334,1086.1666666666667,1086.1666666666667,271.5416666666667,1977.2083333333335,1977.2083333333335,0.04602401129943503,0.3351200564971752
1112,50.94444444444444,58.44444444444444,58.44444444444444,58.0,29.11111111111111,61.333333333333336,1069.8333333333333,1227.3333333333333,1227.3333333333333,306.8333333333333,2125.5499999999997,2125.5499999999997,0.05200564971751412,0.3602627118644067
1113,37.44444444444444,50.27777777777778,50.27777777777778,49.611111111111114,25.61111111111111,49.333333333333336,786.3333333333333,1055.8333333333333,1055.8333333333333,263.9583333333333,1600.7249999999997,1600.7249999999997,0.04473870056497175,0.27130932203389824
1114,36.0,44.888888888888886,44.888888888888886,43.888888888888886,22.72222222222222,44.388888888888886,756.0,942.6666666666666,942.6666666666666,235.66666666666666,1520.8666666666668,1520.8666666666668,0.039943502824858756,0.25777401129943506
1115,28.88888888888889,33.77777777777778,33.77777777777778,33.22222222222222,17.61111111111111,30.444444444444443,606.6666666666666,709.3333333333334,709.3333333333334,177.33333333333334,1208.6666666666665,1208.6666666666665,0.030056497175141243,0.20485875706214687
1116,37.22222222222222,44.05555555555556,44.05555555555556,43.833333333333336,19.833333333333332,46.888888888888886,781.6666666666666,925.1666666666667,925.1666666666667,231.29166666666669,1560.125,1560.125,0.03920197740112995,0.2644279661016949
1117,46.94444444444444,62.333333333333336,62.333333333333336,61.27777777777778,29.666666666666668,55.94444444444444,985.8333333333333,1309.0,1309.0,327.25,2003.1666666666665,2003.1666666666665,0.055466101694915254,0.3395197740112994
1118,54.27777777777778,62.833333333333336,62.833333333333336,62.0,30.166666666666668,70.27777777777777,1139.8333333333333,1319.5,1319.5,329.875,2267.5916666666662,2267.5916666666662,0.05591101694915254,0.38433757062146884
1119,46.72222222222222,55.333333333333336,55.333333333333336,54.05555555555556,25.72222222222222,55.388888888888886,981.1666666666666,1162.0,1162.0,290.5,1958.4833333333331,1958.4833333333331,0.04923728813559322,0.33194632768361576
1120,41.77777777777778,57.888888888888886,57.888888888888886,57.833333333333336,30.5,55.22222222222222,877.3333333333334,1215.6666666666665,1215.6666666666665,303.91666666666663,1795.3833333333332,1795.3833333333332,0.05151129943502824,0.30430225988700565
1121,55.833333333333336,58.77777777777778,58.77777777777778,57.666666666666664,27.61111111111111,66.66666666666667,1172.5,1234.3333333333333,1234.3333333333333,308.5833333333333,2301.8333333333335,2301.8333333333335,0.052302259887005646,0.3901412429378531
1122,52.666666666666664,60.666666666666664,60.666666666666664,59.77777777777778,30.055555555555557,67.44444444444444,1106.0,1274.0,1274.0,318.5,2198.7,2198.7,0.05398305084745763,0.3726610169491525
1123,49.333333333333336,57.0,57.0,55.94444444444444,28.27777777777778,62.666666666666664,1036.0,1197.0,1197.0,299.25,2060.45,2060.45,0.050720338983050846,0.349228813559322
1124,40.388888888888886,53.77777777777778,53.77777777777778,53.166666666666664,27.77777777777778,54.55555555555556,848.1666666666666,1129.3333333333333,1129.3333333333333,282.3333333333333,1724.2166666666665,1724.2166666666665,0.047853107344632766,0.29224011299435027
1125,52.388888888888886,57.611111111111114,57.611111111111114,58.111111111111114,28.0,60.44444444444444,1100.1666666666665,1209.8333333333335,1209.8333333333335,302.45833333333337,2172.7416666666663,2172.7416666666663,0.05126412429378532,0.36826129943502817
1126,50.0,58.44444444444444,58.44444444444444,58.5,28.944444444444443,62.77777777777778,1050.0,1227.3333333333333,1227.3333333333333,306.8333333333333,2091.8333333333335,2091.8333333333335,0.05200564971751412,0.3545480225988701
1127,40.5,56.833333333333336,56.833333333333336,56.166666666666664,29.0,52.333333333333336,850.5,1193.5,1193.5,298.375,1744.225,1744.225,0.050572033898305085,0.29563135593220335
1128,36.666666666666664,40.5,40.5,39.111111111111114,19.333333333333332,45.0,770.0,850.5,850.5,212.625,1521.625,1521.625,0.03603813559322034,0.25790254237288135
1129,39.166666666666664,54.94444444444444,54.94444444444444,53.72222222222222,26.88888888888889,55.5,822.5,1153.8333333333333,1153.8333333333333,288.4583333333333,1686.7083333333333,1686.7083333333333,0.0488912429378531,0.2858827683615819
1130,43.611111111111114,47.27777777777778,47.27777777777778,47.27777777777778,22.88888888888889,56.55555555555556,915.8333333333334,992.8333333333334,992.8333333333334,248.20833333333334,1805.125,1805.125,0.04206920903954802,0.30595338983050846
1131,42.55555555555556,47.44444444444444,47.44444444444444,46.05555555555556,23.72222222222222,49.111111111111114,893.6666666666667,996.3333333333333,996.3333333333333,249.08333333333331,1768.3166666666666,1768.3166666666666,0.04221751412429378,0.29971468926553674
1132,51.22222222222222,56.44444444444444,56.44444444444444,56.72222222222222,26.38888888888889,66.33333333333333,1075.6666666666667,1185.3333333333333,1185.3333333333333,296.3333333333333,2124.9666666666667,2124.9666666666667,0.050225988700564966,0.3601638418079096
1133,46.333333333333336,50.44444444444444,50.44444444444444,49.72222222222222,26.22222222222222,53.333333333333336,973.0,1059.3333333333333,1059.3333333333333,264.8333333333333,1918.9333333333332,1918.9333333333332,0.04488700564971751,0.3252429378531073
1134,40.166666666666664,45.333333333333336,45.333333333333336,45.388888888888886,22.77777777777778,45.888888888888886,843.5,952.0,952.0,238.0,1671.95,1671.95,0.04033898305084746,0.28338135593220337
1135,48.333333333333336,53.0,53.0,53.333333333333336,25.0,61.166666666666664,1015.0,1113.0,1113.0,278.25,2003.75,2003.75,0.04716101694915254,0.3396186440677966
1136,51.333333333333336,44.22222222222222,44.22222222222222,43.388888888888886,21.38888888888889,61.72222222222222,1078.0,928.6666666666666,928.6666666666666,232.16666666666666,2064.7666666666664,2064.7666666666664,0.03935028248587571,0.3499604519774011
1137,44.888888888888886,50.44444444444444,50.44444444444444,50.166666666666664,25.555555555555557,57.666666666666664,942.6666666666666,1059.3333333333333,1059.3333333333333,264.8333333333333,1867.3666666666666,1867.3666666666666,0.04488700564971751,0.316502824858757
1138,32.44444444444444,36.72222222222222,36.72222222222222,36.5,17.166666666666668,39.77777777777778,681.3333333333333,771.1666666666666,771.1666666666666,192.79166666666666,1351.0583333333332,1351.0583333333332,0.03267655367231638,0.22899293785310731
1139,64.11111111111111,60.94444444444444,60.94444444444444,60.5,29.555555555555557,77.38888888888889,1346.3333333333335,1279.8333333333333,1279.8333333333333,319.9583333333333,2608.7250000000004,2608.7250000000004,0.05423022598870056,0.442156779661017
1140,49.55555555555556,56.388888888888886,56.388888888888886,55.44444444444444,26.61111111111111,58.55555555555556,1040.6666666666667,1184.1666666666665,1184.1666666666665,296.04166666666663,2065.175,2065.175,0.050176553672316375,0.35002966101694916
1141,47.388888888888886,56.388888888888886,56.388888888888886,56.27777777777778,27.77777777777778,59.55555555555556,995.1666666666666,1184.1666666666665,1184.1666666666665,296.04166666666663,1987.8249999999998,1987.8249999999998,0.050176553672316375,0.3369194915254237
1142,45.666666666666664,44.05555555555556,44.05555555555556,43.111111111111114,20.11111111111111,49.55555555555556,959.0,925.1666666666667,925.1666666666667,231.29166666666669,1861.5916666666667,1861.5916666666667,0.03920197740112995,0.315524011299435
1143,48.611111111111114,56.666666666666664,56.666666666666664,57.22222222222222,27.72222222222222,54.22222222222222,1020.8333333333334,1190.0,1190.0,297.5,2032.9166666666667,2032.9166666666667,0.050423728813559325,0.3445621468926554
1144,41.44444444444444,49.22222222222222,49.22222222222222,48.5,24.166666666666668,56.22222222222222,870.3333333333333,1033.6666666666667,1033.6666666666667,258.4166666666667,1737.9833333333333,1737.9833333333333,0.04379943502824859,0.2945734463276836
1145,36.333333333333336,49.833333333333336,49.833333333333336,50.166666666666664,25.72222222222222,43.77777777777778,763.0,1046.5,1046.5,261.625,1558.725,1558.725,0.04434322033898305,0.2641906779661017
1146,46.833333333333336,49.0,49.0,48.166666666666664,22.833333333333332,57.333333333333336,983.5,1029.0,1029.0,257.25,1929.2,1929.2,0.04360169491525424,0.32698305084745766
1147,56.94444444444444,61.166666666666664,61.166666666666664,59.94444444444444,28.5,66.88888888888889,1195.8333333333333,1284.5,1284.5,321.125,2354.0416666666665,2354.0416666666665,0.05442796610169492,0.3989901129943503
1148,40.111111111111114,39.72222222222222,39.72222222222222,38.44444444444444,18.555555555555557,47.27777777777778,842.3333333333334,834.1666666666666,834.1666666666666,208.54166666666666,1640.5083333333334,1640.5083333333334,0.03534604519774011,0.27805225988700566
1149,48.388888888888886,52.388888888888886,52.388888888888886,52.111111111111114,26.944444444444443,54.22222222222222,1016.1666666666666,1100.1666666666665,1100.1666666666665,275.04166666666663,2002.5249999999996,2002.5249999999996,0.04661723163841807,0.3394110169491525
1150,50.611111111111114,49.611111111111114,49.611111111111114,49.05555555555556,24.72222222222222,64.16666666666667,1062.8333333333335,1041.8333333333335,1041.8333333333335,260.45833333333337,2067.275,2067.275,0.04414548022598871,0.350385593220339
1151,46.388888888888886,54.0,54.0,52.77777777777778,27.333333333333332,53.22222222222222,974.1666666666666,1134.0,1134.0,283.5,1939.5833333333333,1939.5833333333333,0.04805084745762712,0.3287429378531073
1152,46.388888888888886,57.388888888888886,57.388888888888886,56.77777777777778,27.5,60.611111111111114,974.1666666666666,1205.1666666666665,1205.1666666666665,301.29166666666663,1957.375,1957.375,0.05106638418079095,0.33175847457627117
1153,53.05555555555556,56.77777777777778,56.77777777777778,55.27777777777778,28.055555555555557,61.22222222222222,1114.1666666666667,1192.3333333333333,1192.3333333333333,298.0833333333333,2192.166666666667,2192.166666666667,0.050522598870056494,0.37155367231638425
1154,41.333333333333336,48.888888888888886,48.888888888888886,47.77777777777778,23.77777777777778,50.55555555555556,868.0,1026.6666666666665,1026.6666666666665,256.66666666666663,1732.2666666666664,1732.2666666666664,0.043502824858757054,0.29360451977401125
1155,42.44444444444444,44.388888888888886,44.388888888888886,43.888888888888886,23.444444444444443,50.888888888888886,891.3333333333333,932.1666666666666,932.1666666666666,233.04166666666666,1748.3083333333332,1748.3083333333332,0.03949858757062147,0.2963234463276836
1156,49.0,49.5,49.5,48.333333333333336,22.944444444444443,61.05555555555556,1029.0,1039.5,1039.5,259.875,2009.175,2009.175,0.044046610169491525,0.3405381355932203
1157,38.05555555555556,65.27777777777777,65.27777777777777,64.38888888888889,33.22222222222222,49.44444444444444,799.1666666666667,1370.8333333333333,1370.8333333333333,342.7083333333333,1701.2916666666667,1701.2916666666667,0.05808615819209039,0.28835451977401133
1158,35.05555555555556,50.55555555555556,50.55555555555556,48.666666666666664,24.555555555555557,46.55555555555556,736.1666666666667,1061.6666666666667,1061.6666666666667,265.4166666666667,1516.9,1516.9,0.04498587570621469,0.25710169491525425
1159,57.72222222222222,49.888888888888886,49.888888888888886,49.22222222222222,25.11111111111111,67.11111111111111,1212.1666666666667,1047.6666666666665,1047.6666666666665,261.91666666666663,2322.6,2322.6,0.04439265536723163,0.3936610169491525
1160,40.72222222222222,51.44444444444444,51.44444444444444,50.22222222222222,25.61111111111111,49.44444444444444,855.1666666666666,1080.3333333333333,1080.3333333333333,270.0833333333333,1723.8666666666666,1723.8666666666666,0.045776836158192086,0.29218079096045196
1161,37.22222222222222,51.5,51.5,51.611111111111114,25.944444444444443,49.166666666666664,781.6666666666666,1081.5,1081.5,270.375,1599.2083333333333,1599.2083333333333,0.04582627118644068,0.27105225988700565
1162,38.27777777777778,48.388888888888886,48.388888888888886,47.833333333333336,24.055555555555557,51.27777777777778,803.8333333333334,1016.1666666666666,1016.1666666666666,254.04166666666666,1620.5583333333334,1620.5583333333334,0.04305790960451977,0.27467090395480226
1163,32.388888888888886,45.94444444444444,45.94444444444444,45.111111111111114,21.77777777777778,44.166666666666664,680.1666666666666,964.8333333333333,964.8333333333333,241.20833333333331,1397.4916666666666,1397.4916666666666,0.04088276836158192,0.23686299435028246
1164,37.77777777777778,35.166666666666664,35.166666666666664,34.72222222222222,18.0,45.44444444444444,793.3333333333334,738.5,738.5,184.625,1533.2916666666667,1533.2916666666667,0.03129237288135593,0.2598799435028249
1165,58.44444444444444,59.833333333333336,59.833333333333336,59.55555555555556,29.38888888888889,73.38888888888889,1227.3333333333333,1256.5,1256.5,314.125,2400.5916666666667,2400.5916666666667,0.053241525423728814,0.40687994350282486
1166,50.888888888888886,58.5,58.5,58.72222222222222,29.5,56.55555555555556,1068.6666666666665,1228.5,1228.5,307.125,2123.858333333333,2123.858333333333,0.05205508474576271,0.3599759887005649
1167,43.833333333333336,48.0,48.0,47.111111111111114,24.055555555555557,52.94444444444444,920.5,1008.0,1008.0,252.0,1816.85,1816.85,0.04271186440677966,0.3079406779661017
1168,41.22222222222222,53.77777777777778,53.77777777777778,51.72222222222222,25.5,53.611111111111114,865.6666666666666,1129.3333333333333,1129.3333333333333,282.3333333333333,1753.9666666666665,1753.9666666666665,0.047853107344632766,0.29728248587570616
1169,43.666666666666664,48.0,48.0,47.611111111111114,24.333333333333332,56.0,917.0,1008.0,1008.0,252.0,1810.8999999999999,1810.8999999999999,0.04271186440677966,0.30693220338983046
1170,42.05555555555556,43.27777777777778,43.27777777777778,42.333333333333336,19.72222222222222,49.611111111111114,883.1666666666667,908.8333333333334,908.8333333333334,227.20833333333334,1728.5916666666667,1728.5916666666667,0.038509887005649716,0.2929816384180791
1171,33.72222222222222,37.611111111111114,37.611111111111114,36.22222222222222,18.666666666666668,35.77777777777778,708.1666666666666,789.8333333333334,789.8333333333334,197.45833333333334,1401.3416666666665,1401.3416666666665,0.03346751412429379,0.2375155367231638
1172,36.0,54.611111111111114,54.611111111111114,53.888888888888886,27.88888888888889,52.666666666666664,756.0,1146.8333333333335,1146.8333333333335,286.70833333333337,1571.9083333333333,1571.9083333333333,0.04859463276836159,0.26642514124293787
1173,57.94444444444444,60.72222222222222,60.72222222222222,60.666666666666664,30.5,64.66666666666667,1216.8333333333333,1275.1666666666667,1275.1666666666667,318.7916666666667,2387.408333333333,2387.408333333333,0.05403248587570622,0.4046454802259886
1174,49.05555555555556,54.94444444444444,54.94444444444444,54.0,25.944444444444443,62.22222222222222,1030.1666666666667,1153.8333333333333,1153.8333333333333,288.4583333333333,2039.7416666666666,2039.7416666666666,0.0488912429378531,0.3457189265536723
1175,39.94444444444444,54.0,54.0,52.666666666666664,26.77777777777778,49.388888888888886,838.8333333333333,1134.0,1134.0,283.5,1709.5166666666664,1709.5166666666664,0.04805084745762712,0.28974858757062144
1176,49.111111111111114,51.77777777777778,51.77777777777778,51.55555555555556,25.666666666666668,50.833333333333336,1031.3333333333335,1087.3333333333333,1087.3333333333333,271.8333333333333,2025.1000000000001,2025.1000000000001,0.04607344632768361,0.34323728813559323
1177,37.666666666666664,51.111111111111114,51.111111111111114,51.388888888888886,27.22222222222222,49.111111111111114,791.0,1073.3333333333335,1073.3333333333335,268.33333333333337,1613.0333333333333,1613.0333333333333,0.04548022598870057,0.2733954802259887
1178,40.0,48.5,48.5,47.72222222222222,24.944444444444443,45.333333333333336,840.0,1018.5,1018.5,254.625,1682.625,1682.625,0.04315677966101695,0.2851906779661017
1179,34.94444444444444,40.333333333333336,40.333333333333336,39.0,19.333333333333332,41.666666666666664,733.8333333333333,847.0,847.0,211.75,1459.2666666666664,1459.2666666666664,0.03588983050847458,0.2473333333333333
1180,41.22222222222222,55.94444444444444,55.94444444444444,54.833333333333336,26.72222222222222,53.44444444444444,865.6666666666666,1174.8333333333333,1174.8333333333333,293.7083333333333,1765.3416666666665,1765.3416666666665,0.04978107344632768,0.2992104519774011
1181,59.166666666666664,66.55555555555556,66.55555555555556,65.61111111111111,30.61111111111111,70.27777777777777,1242.5,1397.6666666666667,1397.6666666666667,349.4166666666667,2461.6666666666665,2461.6666666666665,0.05922316384180791,0.4172316384180791
1182,46.22222222222222,50.333333333333336,50.333333333333336,48.666666666666664,23.444444444444443,58.888888888888886,970.6666666666666,1057.0,1057.0,264.25,1914.3833333333332,1914.3833333333332,0.04478813559322034,0.32447175141242934
1183,54.166666666666664,58.888888888888886,58.888888888888886,57.44444444444444,28.27777777777778,66.77777777777777,1137.5,1236.6666666666665,1236.6666666666665,309.16666666666663,2242.9166666666665,2242.9166666666665,0.052401129943502815,0.3801553672316384
1184,32.833333333333336,33.0,33.0,32.94444444444444,18.27777777777778,37.888888888888886,689.5,693.0,693.0,173.25,1345.3999999999999,1345.3999999999999,0.029364406779661015,0.22803389830508472
1185,42.55555555555556,48.44444444444444,48.44444444444444,47.72222222222222,24.27777777777778,50.166666666666664,893.6666666666667,1017.3333333333333,1017.3333333333333,254.33333333333331,1773.5666666666666,1773.5666666666666,0.04310734463276836,0.3006045197740113
1186,49.72222222222222,59.111111111111114,59.111111111111114,58.94444444444444,30.22222222222222,57.833333333333336,1044.1666666666667,1241.3333333333335,1241.3333333333335,310.33333333333337,2085.416666666667,2085.416666666667,0.05259887005649718,0.35346045197740117
1187,51.666666666666664,50.72222222222222,50.72222222222222,49.72222222222222,24.833333333333332,56.22222222222222,1085.0,1065.1666666666667,1065.1666666666667,266.2916666666667,2110.7916666666665,2110.7916666666665,0.04513418079096045,0.3577612994350282
1188,38.666666666666664,55.333333333333336,55.333333333333336,55.166666666666664,28.38888888888889,43.611111111111114,812.0,1162.0,1162.0,290.5,1670.8999999999999,1670.8999999999999,0.04923728813559322,0.28320338983050847
1189,34.72222222222222,37.05555555555556,37.05555555555556,36.72222222222222,18.27777777777778,40.333333333333336,729.1666666666666,778.1666666666667,778.1666666666667,194.54166666666669,1434.125,1434.125,0.032973163841807915,0.2430720338983051
1190,40.388888888888886,57.666666666666664,57.666666666666664,57.333333333333336,28.944444444444443,60.55555555555556,848.1666666666666,1211.0,1211.0,302.75,1744.6333333333332,1744.6333333333332,0.0513135593220339,0.2957005649717514
1191,55.111111111111114,65.33333333333333,65.33333333333333,64.38888888888889,31.72222222222222,70.77777777777777,1157.3333333333335,1372.0,1372.0,343.0,2310.466666666667,2310.466666666667,0.05813559322033898,0.3916045197740114
1192,33.833333333333336,46.27777777777778,46.27777777777778,46.111111111111114,22.833333333333332,46.27777777777778,710.5,971.8333333333334,971.8333333333334,242.95833333333334,1450.8083333333332,1450.8083333333332,0.041179378531073445,0.24589971751412426
1193,54.611111111111114,56.22222222222222,56.22222222222222,55.888888888888886,27.77777777777778,62.22222222222222,1146.8333333333335,1180.6666666666667,1180.6666666666667,295.1666666666667,2244.7833333333333,2244.7833333333333,0.05002824858757062,0.3804717514124294
1194,42.333333333333336,60.72222222222222,60.72222222222222,59.833333333333336,30.72222222222222,56.22222222222222,889.0,1275.1666666666667,1275.1666666666667,318.7916666666667,1830.0916666666667,1830.0916666666667,0.05403248587570622,0.31018502824858757
1195,38.44444444444444,41.55555555555556,41.55555555555556,40.666666666666664,19.555555555555557,47.666666666666664,807.3333333333333,872.6666666666667,872.6666666666667,218.16666666666669,1590.6333333333332,1590.6333333333332,0.03697740112994351,0.26959887005649713
1196,45.55555555555556,57.333333333333336,57.333333333333336,56.611111111111114,28.0,60.77777777777778,956.6666666666667,1204.0,1204.0,301.0,1927.3333333333335,1927.3333333333335,0.051016949152542374,0.3266666666666667
1197,49.666666666666664,60.27777777777778,60.27777777777778,59.333333333333336,28.88888888888889,66.16666666666667,1043.0,1265.8333333333333,1265.8333333333333,316.4583333333333,2089.5583333333334,2089.5583333333334,0.05363700564971751,0.3541624293785311
1198,46.833333333333336,48.94444444444444,48.94444444444444,48.666666666666664,23.72222222222222,59.111111111111114,983.5,1027.8333333333333,1027.8333333333333,256.9583333333333,1928.9083333333333,1928.9083333333333,0.043552259887005645,0.32693361581920904
1199,50.44444444444444,54.22222222222222,54.22222222222222,53.166666666666664,26.666666666666668,60.94444444444444,1059.3333333333333,1138.6666666666667,1138.6666666666667,284.6666666666667,2085.5333333333333,2085.5333333333333,0.04824858757062147,0.35348022598870055
1200,48.111111111111114,64.44444444444444,64.44444444444444,63.77777777777778,31.555555555555557,67.38888888888889,1010.3333333333334,1353.3333333333333,1353.3333333333333,338.3333333333333,2055.9,2055.9,0.057344632768361575,0.3484576271186441
1201,45.55555555555556,57.94444444444444,57.94444444444444,57.333333333333336,28.22222222222222,54.72222222222222,956.6666666666667,1216.8333333333333,1216.8333333333333,304.2083333333333,1930.5416666666667,1930.5416666666667,0.05156073446327683,0.3272104519774011
1202,61.94444444444444,68.55555555555556,68.55555555555556,68.0,33.55555555555556,77.38888888888889,1300.8333333333333,1439.6666666666667,1439.6666666666667,359.9166666666667,2571.333333333333,2571.333333333333,0.06100282485875706,0.43581920903954796
1203,39.611111111111114,62.333333333333336,62.333333333333336,61.94444444444444,31.444444444444443,50.666666666666664,831.8333333333334,1309.0,1309.0,327.25,1741.3666666666668,1741.3666666666668,0.055466101694915254,0.29514689265536725
1204,24.61111111111111,28.88888888888889,28.88888888888889,27.666666666666668,13.722222222222221,24.88888888888889,516.8333333333334,606.6666666666666,606.6666666666666,151.66666666666666,1030.2833333333333,1030.2833333333333,0.025706214689265535,0.17462429378531072
1205,49.94444444444444,47.05555555555556,47.05555555555556,45.888888888888886,22.5,57.27777777777778,1048.8333333333333,988.1666666666667,988.1666666666667,247.04166666666669,2030.0583333333332,2030.0583333333332,0.041871468926553676,0.3440776836158192
1206,51.55555555555556,63.111111111111114,63.111111111111114,61.5,30.666666666666668,64.77777777777777,1082.6666666666667,1325.3333333333335,1325.3333333333335,331.33333333333337,2171.866666666667,2171.866666666667,0.056158192090395485,0.3681129943502825
1207,42.05555555555556,44.44444444444444,44.44444444444444,43.22222222222222,20.944444444444443,48.44444444444444,883.1666666666667,933.3333333333333,933.3333333333333,233.33333333333331,1734.7166666666667,1734.7166666666667,0.03954802259887005,0.2940197740112994
1208,50.27777777777778,54.5,54.5,53.77777777777778,25.666666666666668,59.5,1055.8333333333333,1144.5,1144.5,286.125,2081.0416666666665,2081.0416666666665,0.048495762711864406,0.3527189265536723
1209,43.833333333333336,48.22222222222222,48.22222222222222,48.111111111111114,24.27777777777778,52.55555555555556,920.5,1012.6666666666666,1012.6666666666666,253.16666666666666,1818.0166666666667,1818.0166666666667,0.04290960451977401,0.30813841807909603
1210,46.55555555555556,51.72222222222222,51.72222222222222,51.611111111111114,25.88888888888889,54.0,977.6666666666667,1086.1666666666667,1086.1666666666667,271.5416666666667,1933.5750000000003,1933.5750000000003,0.04602401129943503,0.3277245762711865
1211,42.72222222222222,51.55555555555556,51.55555555555556,51.0,25.11111111111111,54.05555555555556,897.1666666666666,1082.6666666666667,1082.6666666666667,270.6666666666667,1795.85,1795.85,0.04587570621468927,0.3043813559322034
1212,44.611111111111114,50.77777777777778,50.77777777777778,50.0,26.27777777777778,47.388888888888886,936.8333333333334,1066.3333333333333,1066.3333333333333,266.5833333333333,1859.2,1859.2,0.04518361581920904,0.3151186440677966
1213,39.22222222222222,38.72222222222222,38.72222222222222,39.0,18.944444444444443,40.388888888888886,823.6666666666666,813.1666666666666,813.1666666666666,203.29166666666666,1603.5249999999999,1603.5249999999999,0.03445621468926553,0.2717838983050847
1214,50.5,54.44444444444444,54.44444444444444,53.888888888888886,28.27777777777778,57.5,1060.5,1143.3333333333333,1143.3333333333333,285.8333333333333,2088.6833333333334,2088.6833333333334,0.048446327683615814,0.3540141242937853
1215,42.44444444444444,47.72222222222222,47.72222222222222,47.388888888888886,23.444444444444443,51.611111111111114,891.3333333333333,1002.1666666666666,1002.1666666666666,250.54166666666666,1765.8083333333332,1765.8083333333332,0.042464689265536724,0.29928954802259883
1216,41.27777777777778,45.611111111111114,45.611111111111114,44.94444444444444,23.055555555555557,48.55555555555556,866.8333333333334,957.8333333333334,957.8333333333334,239.45833333333334,1713.075,1713.075,0.040586158192090396,0.29035169491525425
1217,52.666666666666664,69.72222222222223,69.72222222222223,69.55555555555556,36.94444444444444,63.5,1106.0,1464.1666666666667,1464.1666666666667,366.0416666666667,2246.241666666667,2246.241666666667,0.062040960451977406,0.38071892655367234
1218,41.72222222222222,62.94444444444444,62.94444444444444,61.833333333333336,31.88888888888889,56.388888888888886,876.1666666666666,1321.8333333333333,1321.8333333333333,330.4583333333333,1819.9416666666664,1819.9416666666664,0.05600988700564971,0.30846468926553666
1219,43.833333333333336,49.888888888888886,49.888888888888886,49.0,24.38888888888889,51.166666666666664,920.5,1047.6666666666665,1047.6666666666665,261.91666666666663,1826.7666666666664,1826.7666666666664,0.04439265536723163,0.3096214689265536
1220,42.388888888888886,46.5,46.5,45.833333333333336,21.72222222222222,49.0,890.1666666666666,976.5,976.5,244.125,1757.4083333333333,1757.4083333333333,0.0413771186440678,0.29786581920903954
1221,39.44444444444444,50.0,50.0,49.111111111111114,24.38888888888889,51.22222222222222,828.3333333333333,1050.0,1050.0,262.5,1670.6666666666665,1670.6666666666665,0.04449152542372881,0.2831638418079096
1222,45.611111111111114,49.666666666666664,49.666666666666664,49.333333333333336,22.11111111111111,58.77777777777778,957.8333333333334,1043.0,1043.0,260.75,1889.0666666666666,1889.0666666666666,0.044194915254237285,0.320180790960452
1223,37.55555555555556,49.666666666666664,49.666666666666664,49.27777777777778,24.77777777777778,47.611111111111114,788.6666666666667,1043.0,1043.0,260.75,1601.4833333333333,1601.4833333333333,0.044194915254237285,0.27143785310734464
1224,47.888888888888886,61.666666666666664,61.666666666666664,60.0,30.77777777777778,60.44444444444444,1005.6666666666666,1295.0,1295.0,323.75,2033.3833333333332,2033.3833333333332,0.054872881355932206,0.3446412429378531
1225,42.111111111111114,50.22222222222222,50.22222222222222,49.77777777777778,25.22222222222222,51.72222222222222,884.3333333333334,1054.6666666666667,1054.6666666666667,263.6666666666667,1767.0333333333335,1767.0333333333335,0.044689265536723165,0.29949717514124297
1226,43.5,44.94444444444444,44.94444444444444,44.05555555555556,22.22222222222222,52.44444444444444,913.5,943.8333333333333,943.8333333333333,235.95833333333331,1788.9083333333333,1788.9083333333333,0.03999293785310734,0.303204802259887
1227,37.5,43.22222222222222,43.22222222222222,42.05555555555556,21.333333333333332,42.5,787.5,907.6666666666666,907.6666666666666,226.91666666666666,1565.6666666666667,1565.6666666666667,0.038460451977401125,0.2653672316384181
1228,42.111111111111114,46.55555555555556,46.55555555555556,46.05555555555556,23.0,49.888888888888886,884.3333333333334,977.6666666666667,977.6666666666667,244.41666666666669,1747.7833333333335,1747.7833333333335,0.04142655367231639,0.29623446327683617
1229,48.666666666666664,59.22222222222222,59.22222222222222,58.27777777777778,29.27777777777778,62.94444444444444,1022.0,1243.6666666666667,1243.6666666666667,310.9166666666667,2048.3166666666666,2048.3166666666666,0.05269774011299436,0.3471723163841808
1230,47.166666666666664,43.44444444444444,43.44444444444444,42.611111111111114,23.055555555555557,52.888888888888886,990.5,912.3333333333333,912.3333333333333,228.08333333333331,1911.9333333333332,1911.9333333333332,0.03865819209039548,0.32405649717514123
1231,41.55555555555556,55.94444444444444,55.94444444444444,54.666666666666664,26.944444444444443,47.166666666666664,872.6666666666667,1174.8333333333333,1174.8333333333333,293.7083333333333,1777.2416666666668,1777.2416666666668,0.04978107344632768,0.3012274011299435
1232,49.72222222222222,54.72222222222222,54.72222222222222,54.611111111111114,26.0,61.0,1044.1666666666667,1149.1666666666667,1149.1666666666667,287.2916666666667,2062.375,2062.375,0.04869350282485876,0.3495550847457627
1233,56.0,60.22222222222222,60.22222222222222,59.72222222222222,28.61111111111111,75.27777777777777,1176.0,1264.6666666666667,1264.6666666666667,316.1666666666667,2315.366666666667,2315.366666666667,0.05358757062146893,0.3924350282485876
1234,37.0,46.611111111111114,46.611111111111114,46.0,24.22222222222222,48.388888888888886,777.0,978.8333333333334,978.8333333333334,244.70833333333334,1565.6083333333331,1565.6083333333331,0.04147598870056497,0.26535734463276833
1235,51.05555555555556,55.94444444444444,55.94444444444444,55.611111111111114,28.61111111111111,59.5,1072.1666666666667,1174.8333333333333,1174.8333333333333,293.7083333333333,2116.391666666667,2116.391666666667,0.04978107344632768,0.35871045197740115
1236,39.388888888888886,52.72222222222222,52.72222222222222,51.94444444444444,26.22222222222222,47.666666666666664,827.1666666666666,1107.1666666666667,1107.1666666666667,276.7916666666667,1682.975,1682.975,0.046913841807909605,0.28525
1237,49.166666666666664,52.388888888888886,52.388888888888886,51.833333333333336,25.88888888888889,64.77777777777777,1032.5,1100.1666666666665,1100.1666666666665,275.04166666666663,2030.2916666666665,2030.2916666666665,0.04661723163841807,0.34411723163841806
1238,41.22222222222222,57.44444444444444,57.44444444444444,56.666666666666664,29.444444444444443,54.44444444444444,865.6666666666666,1206.3333333333333,1206.3333333333333,301.5833333333333,1773.2166666666665,1773.2166666666665,0.05111581920903954,0.30054519774011296
1239,50.388888888888886,48.611111111111114,48.611111111111114,48.72222222222222,24.38888888888889,61.94444444444444,1058.1666666666665,1020.8333333333334,1020.8333333333334,255.20833333333334,2054.0916666666662,2054.0916666666662,0.043255649717514125,0.3481511299435028
1240,48.333333333333336,56.44444444444444,56.44444444444444,56.22222222222222,29.333333333333332,56.666666666666664,1015.0,1185.3333333333333,1185.3333333333333,296.3333333333333,2021.8333333333333,2021.8333333333333,0.050225988700564966,0.34268361581920903
1241,25.88888888888889,26.055555555555557,26.055555555555557,25.38888888888889,12.777777777777779,29.77777777777778,543.6666666666666,547.1666666666667,547.1666666666667,136.79166666666669,1061.0249999999999,1061.0249999999999,0.023185028248587574,0.17983474576271183
1242,38.77777777777778,44.388888888888886,44.388888888888886,44.111111111111114,21.38888888888889,47.22222222222222,814.3333333333334,932.1666666666666,932.1666666666666,233.04166666666666,1617.4083333333335,1617.4083333333335,0.03949858757062147,0.27413700564971755
1243,52.22222222222222,59.888888888888886,59.888888888888886,59.77777777777778,29.666666666666668,64.66666666666667,1096.6666666666667,1257.6666666666665,1257.6666666666665,314.41666666666663,2178.75,2178.75,0.05329096045197739,0.36927966101694915
1244,45.0,47.22222222222222,47.22222222222222,47.22222222222222,23.555555555555557,54.27777777777778,945.0,991.6666666666666,991.6666666666666,247.91666666666666,1854.4166666666667,1854.4166666666667,0.042019774011299436,0.31430790960451976
1245,35.27777777777778,44.55555555555556,44.55555555555556,43.44444444444444,21.77777777777778,49.333333333333336,740.8333333333334,935.6666666666667,935.6666666666667,233.91666666666669,1493.3333333333335,1493.3333333333335,0.039646892655367236,0.2531073446327684
1246,38.05555555555556,56.833333333333336,56.833333333333336,55.94444444444444,28.77777777777778,47.0,799.1666666666667,1193.5,1193.5,298.375,1656.9583333333335,1656.9583333333335,0.050572033898305085,0.280840395480226
1247,40.111111111111114,48.111111111111114,48.111111111111114,47.55555555555556,21.61111111111111,47.833333333333336,842.3333333333334,1010.3333333333334,1010.3333333333334,252.58333333333334,1684.55,1684.55,0.04281073446327684,0.2855169491525424
1248,29.333333333333332,48.388888888888886,48.388888888888886,47.05555555555556,24.166666666666668,40.0,616.0,1016.1666666666666,1016.1666666666666,254.04166666666666,1301.2416666666668,1301.2416666666668,0.04305790960451977,0.2205494350282486
1249,42.44444444444444,47.666666666666664,47.666666666666664,46.333333333333336,23.166666666666668,45.611111111111114,891.3333333333333,1001.0,1001.0,250.25,1765.5166666666664,1765.5166666666664,0.04241525423728813,0.2992401129943502
1250,51.55555555555556,42.94444444444444,42.94444444444444,42.55555555555556,22.0,55.77777777777778,1082.6666666666667,901.8333333333333,901.8333333333333,225.45833333333331,2065.991666666667,2065.991666666667,0.03821327683615819,0.3501680790960452
1251,33.0,47.666666666666664,47.666666666666664,47.111111111111114,23.38888888888889,47.111111111111114,693.0,1001.0,1001.0,250.25,1428.35,1428.35,0.04241525423728813,0.24209322033898303
1252,48.833333333333336,51.27777777777778,51.27777777777778,51.388888888888886,26.444444444444443,54.388888888888886,1025.5,1076.8333333333333,1076.8333333333333,269.2083333333333,2012.5583333333332,2012.5583333333332,0.045628531073446325,0.3411115819209039
1253,48.166666666666664,52.72222222222222,52.72222222222222,52.5,25.833333333333332,58.5,1011.5,1107.1666666666667,1107.1666666666667,276.7916666666667,1996.3416666666667,1996.3416666666667,0.046913841807909605,0.3383629943502825
1254,43.888888888888886,50.111111111111114,50.111111111111114,48.94444444444444,24.444444444444443,46.22222222222222,921.6666666666666,1052.3333333333335,1052.3333333333335,263.08333333333337,1829.9166666666665,1829.9166666666665,0.044590395480225996,0.3101553672316384
1255,30.77777777777778,42.611111111111114,42.611111111111114,42.27777777777778,20.72222222222222,41.5,646.3333333333334,894.8333333333334,894.8333333333334,223.70833333333334,1322.475,1322.475,0.03791666666666667,0.22414830508474576
1256,46.888888888888886,53.77777777777778,53.77777777777778,53.0,25.38888888888889,55.333333333333336,984.6666666666666,1129.3333333333333,1129.3333333333333,282.3333333333333,1956.2666666666664,1956.2666666666664,0.047853107344632766,0.3315706214689265
1257,41.888888888888886,56.5,56.5,55.333333333333336,28.333333333333332,59.166666666666664,879.6666666666666,1186.5,1186.5,296.625,1792.0583333333332,1792.0583333333332,0.05027542372881356,0.3037387005649717
1258,68.44444444444444,62.55555555555556,62.55555555555556,62.611111111111114,32.166666666666664,77.88888888888889,1437.3333333333333,1313.6666666666667,1313.6666666666667,328.4166666666667,2771.883333333333,2771.883333333333,0.055663841807909606,0.4698107344632768
1259,31.666666666666668,36.111111111111114,36.111111111111114,35.388888888888886,16.833333333333332,35.388888888888886,665.0,758.3333333333334,758.3333333333334,189.58333333333334,1320.0833333333333,1320.0833333333333,0.03213276836158192,0.22374293785310734
1260,43.833333333333336,56.72222222222222,56.72222222222222,56.72222222222222,28.444444444444443,58.166666666666664,920.5,1191.1666666666667,1191.1666666666667,297.7916666666667,1862.6416666666667,1862.6416666666667,0.05047316384180791,0.31570197740112993
1261,47.44444444444444,50.166666666666664,50.166666666666664,48.833333333333336,24.11111111111111,59.05555555555556,996.3333333333333,1053.5,1053.5,263.375,1957.1416666666664,1957.1416666666664,0.04463983050847457,0.3317189265536723
1262,50.611111111111114,53.94444444444444,53.94444444444444,53.833333333333336,27.833333333333332,54.833333333333336,1062.8333333333335,1132.8333333333333,1132.8333333333333,283.2083333333333,2090.025,2090.025,0.048001412429378526,0.35424152542372883
1263,29.333333333333332,31.555555555555557,31.555555555555557,31.0,16.666666666666668,31.72222222222222,616.0,662.6666666666667,662.6666666666667,165.66666666666669,1212.8666666666668,1212.8666666666668,0.028079096045197743,0.20557062146892657
1264,45.94444444444444,56.72222222222222,56.72222222222222,56.05555555555556,28.5,51.77777777777778,964.8333333333333,1191.1666666666667,1191.1666666666667,297.7916666666667,1938.0083333333332,1938.0083333333332,0.05047316384180791,0.32847598870056494
1265,42.833333333333336,51.94444444444444,51.94444444444444,50.94444444444444,25.444444444444443,49.166666666666664,899.5,1090.8333333333333,1090.8333333333333,272.7083333333333,1801.8583333333331,1801.8583333333331,0.046221751412429374,0.30539971751412426
1266,48.22222222222222,44.44444444444444,44.44444444444444,44.72222222222222,20.666666666666668,57.22222222222222,1012.6666666666666,933.3333333333333,933.3333333333333,233.33333333333331,1954.8666666666666,1954.8666666666666,0.03954802259887005,0.3313333333333333
1267,44.0,60.166666666666664,60.166666666666664,59.55555555555556,30.0,59.111111111111114,924.0,1263.5,1263.5,315.875,1886.675,1886.675,0.05353813559322034,0.31977542372881357
1268,54.27777777777778,55.888888888888886,55.888888888888886,55.333333333333336,27.77777777777778,62.888888888888886,1139.8333333333333,1173.6666666666665,1173.6666666666665,293.41666666666663,2231.133333333333,2231.133333333333,0.04973163841807909,0.3781581920903955
1269,39.77777777777778,42.05555555555556,42.05555555555556,41.833333333333336,21.555555555555557,46.27777777777778,835.3333333333334,883.1666666666667,883.1666666666667,220.79166666666669,1640.8583333333333,1640.8583333333333,0.037422316384180795,0.27811158192090396
1270,40.05555555555556,53.5,53.5,52.888888888888886,27.166666666666668,50.166666666666664,841.1666666666667,1123.5,1123.5,280.875,1710.8583333333333,1710.8583333333333,0.04760593220338983,0.28997598870056496
1271,41.388888888888886,52.111111111111114,52.111111111111114,51.77777777777778,25.11111111111111,51.77777777777778,869.1666666666666,1094.3333333333335,1094.3333333333335,273.58333333333337,1751.1666666666665,1751.1666666666665,0.04637005649717515,0.29680790960451975
1272,40.166666666666664,47.55555555555556,47.55555555555556,46.388888888888886,23.72222222222222,42.611111111111114,843.5,998.6666666666667,998.6666666666667,249.66666666666669,1683.6166666666668,1683.6166666666668,0.042316384180790964,0.2853587570621469
1273,51.388888888888886,49.611111111111114,49.611111111111114,49.77777777777778,24.22222222222222,56.05555555555556,1079.1666666666665,1041.8333333333335,1041.8333333333335,260.45833333333337,2095.0416666666665,2095.0416666666665,0.04414548022598871,0.3550918079096045
1274,52.388888888888886,59.05555555555556,59.05555555555556,58.388888888888886,28.0,65.77777777777777,1100.1666666666665,1240.1666666666667,1240.1666666666667,310.0416666666667,2180.325,2180.325,0.05254943502824859,0.3695466101694915
1275,55.611111111111114,55.388888888888886,55.388888888888886,54.888888888888886,26.72222222222222,64.5,1167.8333333333335,1163.1666666666665,1163.1666666666665,290.79166666666663,2276.1083333333336,2276.1083333333336,0.0492867231638418,0.3857810734463277
1276,61.611111111111114,54.72222222222222,54.72222222222222,53.94444444444444,26.666666666666668,70.83333333333333,1293.8333333333335,1149.1666666666667,1149.1666666666667,287.2916666666667,2486.8083333333334,2486.8083333333334,0.04869350282485876,0.4214929378531074
1277,30.333333333333332,43.333333333333336,43.333333333333336,42.05555555555556,21.166666666666668,41.72222222222222,637.0,910.0,910.0,227.5,1310.3999999999999,1310.3999999999999,0.03855932203389831,0.22210169491525422
1278,47.611111111111114,47.388888888888886,47.388888888888886,46.666666666666664,22.5,51.833333333333336,999.8333333333334,995.1666666666666,995.1666666666666,248.79166666666666,1948.5083333333334,1948.5083333333334,0.0421680790960452,0.33025564971751414
1279,35.611111111111114,42.111111111111114,42.111111111111114,41.166666666666664,20.77777777777778,43.611111111111114,747.8333333333334,884.3333333333334,884.3333333333334,221.08333333333334,1492.3999999999999,1492.3999999999999,0.03747175141242938,0.2529491525423729
1280,33.55555555555556,55.5,55.5,54.55555555555556,26.5,45.0,704.6666666666667,1165.5,1165.5,291.375,1489.3083333333334,1489.3083333333334,0.04938559322033898,0.25242514124293786
1281,53.111111111111114,62.388888888888886,62.388888888888886,62.05555555555556,30.555555555555557,66.55555555555556,1115.3333333333335,1310.1666666666665,1310.1666666666665,327.54166666666663,2223.6083333333336,2223.6083333333336,0.05551553672316384,0.37688276836158197
1282,44.44444444444444,48.72222222222222,48.72222222222222,48.333333333333336,24.5,56.333333333333336,933.3333333333333,1023.1666666666666,1023.1666666666666,255.79166666666666,1842.4583333333333,1842.4583333333333,0.0433545197740113,0.31228107344632766
1283,41.55555555555556,54.22222222222222,54.22222222222222,53.44444444444444,26.666666666666668,51.94444444444444,872.6666666666667,1138.6666666666667,1138.6666666666667,284.6666666666667,1768.2000000000003,1768.2000000000003,0.04824858757062147,0.29969491525423736
1284,39.611111111111114,49.05555555555556,49.05555555555556,47.388888888888886,23.555555555555557,50.388888888888886,831.8333333333334,1030.1666666666667,1030.1666666666667,257.5416666666667,1671.6583333333335,1671.6583333333335,0.04365112994350283,0.2833319209039548
1285,36.72222222222222,44.55555555555556,44.55555555555556,43.888888888888886,22.166666666666668,45.388888888888886,771.1666666666666,935.6666666666667,935.6666666666667,233.91666666666669,1544.8999999999999,1544.8999999999999,0.039646892655367236,0.26184745762711864
1286,42.27777777777778,63.05555555555556,63.05555555555556,63.0,31.055555555555557,51.0,887.8333333333334,1324.1666666666667,1324.1666666666667,331.0416666666667,1840.3583333333333,1840.3583333333333,0.056108757062146894,0.31192514124293785
1287,55.0,59.166666666666664,59.166666666666664,57.72222222222222,28.0,69.83333333333333,1155.0,1242.5,1242.5,310.625,2274.125,2274.125,0.052648305084745765,0.3854449152542373
1288,53.27777777777778,67.44444444444444,67.44444444444444,66.88888888888889,33.05555555555556,64.33333333333333,1118.8333333333333,1416.3333333333333,1416.3333333333333,354.0833333333333,2256.1,2256.1,0.06001412429378531,0.3823898305084746
1289,49.94444444444444,55.166666666666664,55.166666666666664,54.44444444444444,28.27777777777778,58.888888888888886,1048.8333333333333,1158.5,1158.5,289.625,2072.6416666666664,2072.6416666666664,0.04908898305084746,0.351295197740113
1290,41.166666666666664,53.94444444444444,53.94444444444444,53.666666666666664,27.333333333333332,53.05555555555556,864.5,1132.8333333333333,1132.8333333333333,283.2083333333333,1752.8583333333331,1752.8583333333331,0.048001412429378526,0.29709463276836157
1291,42.55555555555556,46.27777777777778,46.27777777777778,45.333333333333336,21.61111111111111,52.833333333333336,893.6666666666667,971.8333333333334,971.8333333333334,242.95833333333334,1762.1916666666666,1762.1916666666666,0.041179378531073445,0.2986765536723164
1292,44.833333333333336,48.05555555555556,48.05555555555556,46.94444444444444,24.166666666666668,48.333333333333336,941.5,1009.1666666666667,1009.1666666666667,252.29166666666669,1852.8416666666667,1852.8416666666667,0.04276129943502825,0.3140409604519774
1293,55.111111111111114,46.166666666666664,46.166666666666664,45.44444444444444,21.5,61.44444444444444,1157.3333333333335,969.5,969.5,242.375,2209.841666666667,2209.841666666667,0.04108050847457627,0.37454943502824867
1294,49.388888888888886,57.44444444444444,57.44444444444444,56.666666666666664,28.944444444444443,57.05555555555556,1037.1666666666665,1206.3333333333333,1206.3333333333333,301.5833333333333,2064.7666666666664,2064.7666666666664,0.05111581920903954,0.3499604519774011
1295,41.333333333333336,53.888888888888886,53.888888888888886,53.55555555555556,27.166666666666668,55.72222222222222,868.0,1131.6666666666665,1131.6666666666665,282.91666666666663,1758.5166666666664,1758.5166666666664,0.047951977401129935,0.29805367231638413
1296,33.05555555555556,42.666666666666664,42.666666666666664,41.22222222222222,20.77777777777778,38.666666666666664,694.1666666666667,896.0,896.0,224.0,1404.0833333333335,1404.0833333333335,0.03796610169491525,0.23798022598870058
1297,34.44444444444444,34.166666666666664,34.166666666666664,34.111111111111114,17.77777777777778,36.111111111111114,723.3333333333333,717.5,717.5,179.375,1409.0416666666665,1409.0416666666665,0.030402542372881355,0.23882062146892652
1298,45.388888888888886,48.833333333333336,48.833333333333336,47.94444444444444,22.27777777777778,51.22222222222222,953.1666666666666,1025.5,1025.5,256.375,1876.7583333333332,1876.7583333333332,0.043453389830508476,0.3180946327683616
1299,51.72222222222222,66.0,66.0,65.16666666666667,32.27777777777778,69.0,1086.1666666666667,1386.0,1386.0,346.5,2192.9833333333336,2192.9833333333336,0.05872881355932203,0.3716920903954803
1300,37.5,45.05555555555556,45.05555555555556,43.44444444444444,22.333333333333332,44.611111111111114,787.5,946.1666666666667,946.1666666666667,236.54166666666669,1575.2916666666667,1575.2916666666667,0.040091807909604524,0.2669985875706215
1301,51.166666666666664,52.611111111111114,52.611111111111114,51.5,25.333333333333332,64.5,1074.5,1104.8333333333335,1104.8333333333335,276.20833333333337,2102.858333333333,2102.858333333333,0.046814971751412436,0.3564166666666666
1302,55.833333333333336,58.611111111111114,58.611111111111114,57.611111111111114,27.27777777777778,69.16666666666667,1172.5,1230.8333333333335,1230.8333333333335,307.70833333333337,2300.9583333333335,2300.9583333333335,0.05215395480225989,0.38999293785310735
1303,41.72222222222222,51.5,51.5,51.111111111111114,26.555555555555557,53.72222222222222,876.1666666666666,1081.5,1081.5,270.375,1759.8583333333331,1759.8583333333331,0.04582627118644068,0.29828107344632765
1304,45.5,50.72222222222222,50.72222222222222,50.888888888888886,26.0,54.611111111111114,955.5,1065.1666666666667,1065.1666666666667,266.2916666666667,1890.6416666666667,1890.6416666666667,0.04513418079096045,0.3204477401129944
1305,45.22222222222222,59.22222222222222,59.22222222222222,59.5,29.555555555555557,64.11111111111111,949.6666666666666,1243.6666666666667,1243.6666666666667,310.9166666666667,1925.35,1925.35,0.05269774011299436,0.32633050847457623
1306,45.27777777777778,66.83333333333333,66.83333333333333,66.66666666666667,32.611111111111114,59.55555555555556,950.8333333333334,1403.5,1403.5,350.875,1967.2916666666667,1967.2916666666667,0.05947033898305085,0.33343926553672315
1307,45.833333333333336,48.44444444444444,48.44444444444444,48.0,22.22222222222222,63.22222222222222,962.5,1017.3333333333333,1017.3333333333333,254.33333333333331,1890.5833333333333,1890.5833333333333,0.04310734463276836,0.32043785310734463
1308,50.388888888888886,53.166666666666664,53.166666666666664,52.5,25.666666666666668,63.388888888888886,1058.1666666666665,1116.5,1116.5,279.125,2078.008333333333,2078.008333333333,0.0473093220338983,0.352204802259887
1309,36.77777777777778,52.111111111111114,52.111111111111114,51.166666666666664,25.833333333333332,50.94444444444444,772.3333333333334,1094.3333333333335,1094.3333333333335,273.58333333333337,1586.5500000000002,1586.5500000000002,0.04637005649717515,0.268906779661017
1310,49.77777777777778,63.388888888888886,63.388888888888886,62.666666666666664,31.833333333333332,67.44444444444444,1045.3333333333333,1331.1666666666665,1331.1666666666665,332.79166666666663,2109.858333333333,2109.858333333333,0.056405367231638415,0.35760310734463274
1311,39.77777777777778,45.111111111111114,45.111111111111114,44.888888888888886,23.38888888888889,42.333333333333336,835.3333333333334,947.3333333333334,947.3333333333334,236.83333333333334,1656.8999999999999,1656.8999999999999,0.04014124293785311,0.28083050847457625
1312,51.833333333333336,52.611111111111114,52.611111111111114,52.27777777777778,27.27777777777778,57.55555555555556,1088.5,1104.8333333333335,1104.8333333333335,276.20833333333337,2126.6583333333333,2126.6583333333333,0.046814971751412436,0.36045056497175143
1313,41.888888888888886,45.94444444444444,45.94444444444444,45.111111111111114,22.444444444444443,50.0,879.6666666666666,964.8333333333333,964.8333333333333,241.20833333333331,1736.6416666666664,1736.6416666666664,0.04088276836158192,0.29434604519774005
1314,42.388888888888886,46.333333333333336,46.333333333333336,46.05555555555556,23.833333333333332,49.166666666666664,890.1666666666666,973.0,973.0,243.25,1756.5333333333333,1756.5333333333333,0.041228813559322036,0.29771751412429376
1315,42.55555555555556,46.94444444444444,46.94444444444444,46.55555555555556,22.166666666666668,46.0,893.6666666666667,985.8333333333333,985.8333333333333,246.45833333333331,1765.6916666666666,1765.6916666666666,0.04177259887005649,0.29926977401129945
1316,45.0,43.55555555555556,43.55555555555556,44.0,23.333333333333332,50.611111111111114,945.0,914.6666666666667,914.6666666666667,228.66666666666669,1835.1666666666667,1835.1666666666667,0.03875706214689266,0.311045197740113
1317,45.611111111111114,69.55555555555556,69.55555555555556,69.0,35.05555555555556,60.388888888888886,957.8333333333334,1460.6666666666667,1460.6666666666667,365.1666666666667,1993.4833333333333,1993.4833333333333,0.06189265536723164,0.33787853107344634
1318,46.833333333333336,53.333333333333336,53.333333333333336,51.888888888888886,24.88888888888889,59.388888888888886,983.5,1120.0,1120.0,280.0,1951.95,1951.95,0.04745762711864407,0.33083898305084747
1319,44.77777777777778,41.333333333333336,41.333333333333336,40.833333333333336,19.666666666666668,53.111111111111114,940.3333333333334,868.0,868.0,217.0,1815.5666666666666,1815.5666666666666,0.036779661016949156,0.3077231638418079
1320,40.22222222222222,55.333333333333336,55.333333333333336,54.666666666666664,29.11111111111111,49.166666666666664,844.6666666666666,1162.0,1162.0,290.5,1726.4333333333332,1726.4333333333332,0.04923728813559322,0.2926158192090395
1321,42.5,47.77777777777778,47.77777777777778,47.55555555555556,24.27777777777778,56.44444444444444,892.5,1003.3333333333334,1003.3333333333334,250.83333333333334,1768.0833333333333,1768.0833333333333,0.04251412429378531,0.2996751412429378
1322,51.388888888888886,60.5,60.5,60.0,28.666666666666668,68.0,1079.1666666666665,1270.5,1270.5,317.625,2152.208333333333,2152.208333333333,0.05383474576271186,0.36478107344632765
1323,45.666666666666664,46.55555555555556,46.55555555555556,46.0,23.11111111111111,50.72222222222222,959.0,977.6666666666667,977.6666666666667,244.41666666666669,1874.7166666666667,1874.7166666666667,0.04142655367231639,0.31774858757062147
1324,44.666666666666664,47.27777777777778,47.27777777777778,46.388888888888886,22.166666666666668,57.111111111111114,938.0,992.8333333333334,992.8333333333334,248.20833333333334,1842.8083333333332,1842.8083333333332,0.04206920903954802,0.31234039548022596
1325,54.27777777777778,50.5,50.5,49.44444444444444,23.61111111111111,63.94444444444444,1139.8333333333333,1060.5,1060.5,265.125,2202.8416666666662,2202.8416666666662,0.0449364406779661,0.3733629943502824
1326,50.55555555555556,56.44444444444444,56.44444444444444,55.77777777777778,28.22222222222222,58.77777777777778,1061.6666666666667,1185.3333333333333,1185.3333333333333,296.3333333333333,2101.166666666667,2101.166666666667,0.050225988700564966,0.3561299435028249
1327,45.888888888888886,52.05555555555556,52.05555555555556,51.94444444444444,26.38888888888889,51.5,963.6666666666666,1093.1666666666667,1093.1666666666667,273.2916666666667,1911.5249999999999,1911.5249999999999,0.04632062146892656,0.3239872881355932
1328,45.55555555555556,54.111111111111114,54.111111111111114,54.0,26.72222222222222,60.111111111111114,956.6666666666667,1136.3333333333335,1136.3333333333335,284.08333333333337,1910.416666666667,1910.416666666667,0.0481497175141243,0.32379943502824865
1329,32.388888888888886,40.333333333333336,40.333333333333336,39.333333333333336,19.944444444444443,37.611111111111114,680.1666666666666,847.0,847.0,211.75,1368.0333333333333,1368.0333333333333,0.03588983050847458,0.23187005649717513
1330,32.5,38.611111111111114,38.611111111111114,38.0,20.555555555555557,36.666666666666664,682.5,810.8333333333334,810.8333333333334,202.70833333333334,1362.9583333333333,1362.9583333333333,0.034357344632768363,0.2310098870056497
1331,47.833333333333336,52.111111111111114,52.111111111111114,52.44444444444444,26.833333333333332,54.44444444444444,1004.5,1094.3333333333335,1094.3333333333335,273.58333333333337,1981.2333333333331,1981.2333333333331,0.04637005649717515,0.3358022598870056
1332,51.22222222222222,54.94444444444444,54.94444444444444,54.666666666666664,27.555555555555557,63.72222222222222,1075.6666666666667,1153.8333333333333,1153.8333333333333,288.4583333333333,2117.0916666666667,2117.0916666666667,0.0488912429378531,0.35882909604519775
1333,48.388888888888886,49.05555555555556,49.05555555555556,48.05555555555556,23.555555555555557,59.888888888888886,1016.1666666666666,1030.1666666666667,1030.1666666666667,257.5416666666667,1985.0249999999999,1985.0249999999999,0.04365112994350283,0.33644491525423725
1334,40.27777777777778,51.94444444444444,51.94444444444444,51.5,25.0,48.44444444444444,845.8333333333334,1090.8333333333333,1090.8333333333333,272.7083333333333,1710.625,1710.625,0.046221751412429374,0.2899364406779661
1335,38.94444444444444,42.0,42.0,41.388888888888886,20.444444444444443,39.5,817.8333333333333,882.0,882.0,220.5,1610.8166666666666,1610.8166666666666,0.037372881355932204,0.2730197740112994
1336,32.888888888888886,40.833333333333336,40.833333333333336,40.72222222222222,20.77777777777778,38.72222222222222,690.6666666666666,857.5,857.5,214.375,1388.5083333333332,1388.5083333333332,0.03633474576271187,0.23534039548022598
1337,41.77777777777778,40.666666666666664,40.666666666666664,40.666666666666664,20.27777777777778,47.611111111111114,877.3333333333334,854.0,854.0,213.5,1704.9666666666667,1704.9666666666667,0.0361864406779661,0.2889774011299435
1338,44.611111111111114,43.611111111111114,43.611111111111114,43.05555555555556,21.444444444444443,56.666666666666664,936.8333333333334,915.8333333333334,915.8333333333334,228.95833333333334,1821.575,1821.575,0.038806497175141244,0.30874152542372885
1339,34.166666666666664,41.666666666666664,41.666666666666664,41.333333333333336,22.833333333333332,42.77777777777778,717.5,875.0,875.0,218.75,1438.5,1438.5,0.037076271186440676,0.24381355932203388
1340,45.888888888888886,45.72222222222222,45.72222222222222,44.77777777777778,21.333333333333332,60.666666666666664,963.6666666666666,960.1666666666666,960.1666666666666,240.04166666666666,1878.2749999999999,1878.2749999999999,0.04068502824858757,0.3183516949152542
1341,52.0,58.333333333333336,58.333333333333336,58.55555555555556,29.055555555555557,59.44444444444444,1092.0,1225.0,1225.0,306.25,2162.6499999999996,2162.6499999999996,0.05190677966101695,0.36655084745762706
1342,45.05555555555556,53.44444444444444,53.44444444444444,53.388888888888886,25.5,57.94444444444444,946.1666666666667,1122.3333333333333,1122.3333333333333,280.5833333333333,1889.0666666666666,1889.0666666666666,0.04755649717514124,0.320180790960452
1343,37.77777777777778,47.77777777777778,47.77777777777778,46.833333333333336,23.944444444444443,49.166666666666664,793.3333333333334,1003.3333333333334,1003.3333333333334,250.83333333333334,1599.5,1599.5,0.04251412429378531,0.2711016949152542
1344,48.55555555555556,48.22222222222222,48.22222222222222,48.388888888888886,23.833333333333332,53.77777777777778,1019.6666666666667,1012.6666666666666,1012.6666666666666,253.16666666666666,1986.6000000000001,1986.6000000000001,0.04290960451977401,0.3367118644067797
1345,44.388888888888886,56.833333333333336,56.833333333333336,55.166666666666664,28.61111111111111,53.666666666666664,932.1666666666666,1193.5,1193.5,298.375,1883.0583333333332,1883.0583333333332,0.050572033898305085,0.31916242937853107
1346,55.05555555555556,58.0,58.0,57.166666666666664,28.11111111111111,64.66666666666667,1156.1666666666667,1218.0,1218.0,304.5,2269.9833333333336,2269.9833333333336,0.05161016949152542,0.38474293785310737
1347,42.333333333333336,44.333333333333336,44.333333333333336,44.166666666666664,21.833333333333332,44.55555555555556,889.0,931.0,931.0,232.75,1744.05,1744.05,0.039449152542372884,0.29560169491525423
1348,42.5,51.166666666666664,51.166666666666664,50.55555555555556,26.555555555555557,46.22222222222222,892.5,1074.5,1074.5,268.625,1785.875,1785.875,0.04552966101694915,0.3026906779661017
1349,50.05555555555556,52.833333333333336,52.833333333333336,52.22222222222222,24.38888888888889,61.72222222222222,1051.1666666666667,1109.5,1109.5,277.375,2064.3583333333336,2064.3583333333336,0.04701271186440678,0.3498912429378532
1350,36.0,45.55555555555556,45.55555555555556,45.888888888888886,23.333333333333332,51.0,756.0,956.6666666666667,956.6666666666667,239.16666666666669,1524.3666666666668,1524.3666666666668,0.04053672316384181,0.2583672316384181
1351,49.27777777777778,56.111111111111114,56.111111111111114,56.0,27.72222222222222,62.72222222222222,1034.8333333333333,1178.3333333333335,1178.3333333333335,294.58333333333337,2053.7999999999997,2053.7999999999997,0.04992937853107345,0.34810169491525417
1352,52.888888888888886,51.44444444444444,51.44444444444444,50.22222222222222,23.833333333333332,68.22222222222223,1110.6666666666665,1080.3333333333333,1080.3333333333333,270.0833333333333,2158.2166666666662,2158.2166666666662,0.045776836158192086,0.3657994350282485
1353,36.833333333333336,46.27777777777778,46.27777777777778,45.44444444444444,22.444444444444443,47.0,773.5,971.8333333333334,971.8333333333334,242.95833333333334,1557.9083333333333,1557.9083333333333,0.041179378531073445,0.26405225988700565
1354,35.5,47.27777777777778,47.27777777777778,46.111111111111114,23.88888888888889,45.0,745.5,992.8333333333334,992.8333333333334,248.20833333333334,1515.5583333333332,1515.5583333333332,0.04206920903954802,0.2568742937853107
1355,54.166666666666664,66.0,66.0,65.83333333333333,32.5,67.77777777777777,1137.5,1386.0,1386.0,346.5,2280.25,2280.25,0.05872881355932203,0.38648305084745765
1356,38.388888888888886,43.72222222222222,43.72222222222222,43.0,23.0,45.111111111111114,806.1666666666666,918.1666666666666,918.1666666666666,229.54166666666666,1600.0249999999999,1600.0249999999999,0.03890536723163841,0.2711906779661017
1357,41.0,56.77777777777778,56.77777777777778,56.05555555555556,29.72222222222222,49.611111111111114,861.0,1192.3333333333333,1192.3333333333333,298.0833333333333,1761.7833333333333,1761.7833333333333,0.050522598870056494,0.29860734463276833
1358,42.27777777777778,55.05555555555556,55.05555555555556,54.111111111111114,27.666666666666668,53.22222222222222,887.8333333333334,1156.1666666666667,1156.1666666666667,289.0416666666667,1798.3583333333333,1798.3583333333333,0.048990112994350285,0.30480649717514124
1359,42.0,45.833333333333336,45.833333333333336,44.5,23.0,51.0,882.0,962.5,962.5,240.625,1740.0249999999999,1740.0249999999999,0.04078389830508475,0.2949194915254237
1360,37.77777777777778,41.111111111111114,41.111111111111114,40.77777777777778,18.61111111111111,46.27777777777778,793.3333333333334,863.3333333333334,863.3333333333334,215.83333333333334,1564.5,1564.5,0.036581920903954804,0.26516949152542374
1361,45.611111111111114,61.94444444444444,61.94444444444444,61.5,31.72222222222222,57.94444444444444,957.8333333333334,1300.8333333333333,1300.8333333333333,325.2083333333333,1953.5249999999999,1953.5249999999999,0.055120056497175135,0.3311059322033898
1362,47.44444444444444,52.27777777777778,52.27777777777778,52.0,25.833333333333332,54.611111111111114,996.3333333333333,1097.8333333333333,1097.8333333333333,274.4583333333333,1968.2249999999997,1968.2249999999997,0.0465183615819209,0.33359745762711857
1363,42.27777777777778,60.05555555555556,60.05555555555556,59.666666666666664,30.88888888888889,55.05555555555556,887.8333333333334,1261.1666666666667,1261.1666666666667,315.2916666666667,1824.6083333333333,1824.6083333333333,0.053439265536723166,0.3092556497175141
1364,34.05555555555556,51.888888888888886,51.888888888888886,52.111111111111114,25.77777777777778,44.55555555555556,715.1666666666667,1089.6666666666665,1089.6666666666665,272.41666666666663,1488.2000000000003,1488.2000000000003,0.04617231638418078,0.25223728813559326
1365,37.05555555555556,45.833333333333336,45.833333333333336,44.27777777777778,22.333333333333332,43.72222222222222,778.1666666666667,962.5,962.5,240.625,1563.5083333333334,1563.5083333333334,0.04078389830508475,0.2650014124293785
1366,55.44444444444444,52.333333333333336,52.333333333333336,51.833333333333336,25.5,63.05555555555556,1164.3333333333333,1099.0,1099.0,274.75,2254.116666666667,2254.116666666667,0.04656779661016949,0.3820536723163842
1367,53.333333333333336,62.333333333333336,62.333333333333336,61.388888888888886,29.72222222222222,69.05555555555556,1120.0,1309.0,1309.0,327.25,2231.25,2231.25,0.055466101694915254,0.3781779661016949
1368,45.72222222222222,57.888888888888886,57.888888888888886,57.666666666666664,28.833333333333332,54.611111111111114,960.1666666666666,1215.6666666666665,1215.6666666666665,303.91666666666663,1936.1999999999998,1936.1999999999998,0.05151129943502824,0.3281694915254237
1369,35.27777777777778,48.888888888888886,48.888888888888886,48.666666666666664,26.666666666666668,41.05555555555556,740.8333333333334,1026.6666666666665,1026.6666666666665,256.66666666666663,1516.0833333333335,1516.0833333333335,0.043502824858757054,0.2569632768361582
1370,35.55555555555556,47.55555555555556,47.55555555555556,46.55555555555556,24.166666666666668,40.0,746.6666666666667,998.6666666666667,998.6666666666667,249.66666666666669,1519.0000000000002,1519.0000000000002,0.042316384180790964,0.2574576271186441
1371,34.22222222222222,43.166666666666664,43.166666666666664,42.55555555555556,22.444444444444443,44.27777777777778,718.6666666666666,906.5,906.5,226.625,1448.3583333333333,1448.3583333333333,0.03841101694915254,0.24548446327683615
1372,31.77777777777778,45.333333333333336,45.333333333333336,44.94444444444444,23.27777777777778,38.388888888888886,667.3333333333334,952.0,952.0,238.0,1372.4666666666667,1372.4666666666667,0.04033898305084746,0.23262146892655367
1373,21.38888888888889,40.77777777777778,40.77777777777778,40.388888888888886,20.333333333333332,26.333333333333332,449.1666666666667,856.3333333333334,856.3333333333334,214.08333333333334,977.6666666666667,977.6666666666667,0.036285310734463276,0.16570621468926555
1374,45.166666666666664,60.77777777777778,60.77777777777778,60.333333333333336,28.72222222222222,62.888888888888886,948.5,1276.3333333333333,1276.3333333333333,319.0833333333333,1931.5333333333333,1931.5333333333333,0.0540819209039548,0.32737853107344633
1375,49.05555555555556,41.888888888888886,41.888888888888886,40.388888888888886,18.88888888888889,55.44444444444444,1030.1666666666667,879.6666666666666,879.6666666666666,219.91666666666666,1971.2,1971.2,0.03727401129943503,0.33410169491525427
1376,44.44444444444444,53.55555555555556,53.55555555555556,53.611111111111114,27.0,58.0,933.3333333333333,1124.6666666666667,1124.6666666666667,281.1666666666667,1867.8333333333333,1867.8333333333333,0.04765536723163842,0.3165819209039548
1377,46.111111111111114,54.166666666666664,54.166666666666664,54.27777777777778,27.0,51.94444444444444,968.3333333333334,1137.5,1137.5,284.375,1930.5416666666667,1930.5416666666667,0.048199152542372885,0.3272104519774011
1378,41.166666666666664,62.166666666666664,62.166666666666664,61.611111111111114,29.666666666666668,53.666666666666664,864.5,1305.5,1305.5,326.375,1796.0249999999999,1796.0249999999999,0.055317796610169494,0.3044110169491525
1379,33.888888888888886,40.666666666666664,40.666666666666664,40.0,19.0,42.77777777777778,711.6666666666666,854.0,854.0,213.5,1423.3333333333333,1423.3333333333333,0.0361864406779661,0.24124293785310733
1380,46.833333333333336,56.333333333333336,56.333333333333336,55.833333333333336,28.61111111111111,53.44444444444444,983.5,1183.0,1183.0,295.75,1967.7,1967.7,0.0501271186440678,0.3335084745762712
1381,41.111111111111114,53.72222222222222,53.72222222222222,53.111111111111114,27.72222222222222,53.888888888888886,863.3333333333334,1128.1666666666667,1128.1666666666667,282.0416666666667,1749.7083333333335,1749.7083333333335,0.04780367231638418,0.29656073446327685
1382,51.05555555555556,48.833333333333336,48.833333333333336,48.388888888888886,24.166666666666668,60.55555555555556,1072.1666666666667,1025.5,1025.5,256.375,2079.0583333333334,2079.0583333333334,0.043453389830508476,0.35238276836158194
1383,46.0,52.44444444444444,52.44444444444444,51.888888888888886,25.555555555555557,59.72222222222222,966.0,1101.3333333333333,1101.3333333333333,275.3333333333333,1917.5333333333333,1917.5333333333333,0.04666666666666666,0.3250056497175141
1384,41.72222222222222,48.27777777777778,48.27777777777778,47.611111111111114,24.5,50.888888888888886,876.1666666666666,1013.8333333333334,1013.8333333333334,253.45833333333334,1742.9416666666664,1742.9416666666664,0.042959039548022604,0.2954138418079096
1385,48.611111111111114,46.888888888888886,46.888888888888886,46.388888888888886,22.944444444444443,61.166666666666664,1020.8333333333334,984.6666666666666,984.6666666666666,246.16666666666666,1981.5833333333335,1981.5833333333335,0.04172316384180791,0.335861581920904
1386,43.388888888888886,38.94444444444444,38.94444444444444,39.05555555555556,19.555555555555557,40.833333333333336,911.1666666666666,817.8333333333333,817.8333333333333,204.45833333333331,1753.4416666666664,1753.4416666666664,0.034653954802259884,0.29719350282485874
1387,41.05555555555556,51.94444444444444,51.94444444444444,52.111111111111114,25.22222222222222,51.111111111111114,862.1666666666667,1090.8333333333333,1090.8333333333333,272.7083333333333,1738.3916666666667,1738.3916666666667,0.046221751412429374,0.2946426553672316
1388,35.0,43.0,43.0,42.55555555555556,20.38888888888889,42.111111111111114,735.0,903.0,903.0,225.75,1475.25,1475.25,0.03826271186440678,0.25004237288135595
1389,44.833333333333336,58.666666666666664,58.666666666666664,58.77777777777778,29.666666666666668,59.05555555555556,941.5,1232.0,1232.0,308.0,1908.55,1908.55,0.05220338983050848,0.3234830508474576
1390,34.05555555555556,46.94444444444444,46.94444444444444,46.111111111111114,24.0,43.55555555555556,715.1666666666667,985.8333333333333,985.8333333333333,246.45833333333331,1462.2416666666668,1462.2416666666668,0.04177259887005649,0.24783757062146894
1391,50.0,54.611111111111114,54.611111111111114,54.166666666666664,28.333333333333332,58.22222222222222,1050.0,1146.8333333333335,1146.8333333333335,286.70833333333337,2071.7083333333335,2071.7083333333335,0.04859463276836159,0.35113700564971756
1392,43.22222222222222,49.05555555555556,49.05555555555556,47.833333333333336,23.666666666666668,48.333333333333336,907.6666666666666,1030.1666666666667,1030.1666666666667,257.5416666666667,1800.575,1800.575,0.04365112994350283,0.30518220338983054
1393,42.0,58.94444444444444,58.94444444444444,58.55555555555556,29.27777777777778,60.5,882.0,1237.8333333333333,1237.8333333333333,309.4583333333333,1808.8583333333331,1808.8583333333331,0.05245056497175141,0.30658615819209034
1394,57.833333333333336,66.11111111111111,66.11111111111111,65.66666666666667,31.5,74.77777777777777,1214.5,1388.3333333333335,1388.3333333333335,347.08333333333337,2411.7333333333336,2411.7333333333336,0.058827683615819214,0.4087683615819209
1395,34.166666666666664,56.888888888888886,56.888888888888886,56.166666666666664,29.166666666666668,43.27777777777778,717.5,1194.6666666666665,1194.6666666666665,298.66666666666663,1518.4166666666665,1518.4166666666665,0.05062146892655366,0.2573587570621469
1396,46.666666666666664,50.55555555555556,50.55555555555556,49.44444444444444,25.27777777777778,51.388888888888886,980.0,1061.6666666666667,1061.6666666666667,265.4166666666667,1931.4166666666667,1931.4166666666667,0.04498587570621469,0.3273587570621469
1397,47.72222222222222,62.55555555555556,62.55555555555556,62.666666666666664,31.72222222222222,56.388888888888886,1002.1666666666666,1313.6666666666667,1313.6666666666667,328.4166666666667,2032.1,2032.1,0.055663841807909606,0.3444237288135593
1398,47.666666666666664,52.22222222222222,52.22222222222222,51.833333333333336,26.333333333333332,58.833333333333336,1001.0,1096.6666666666667,1096.6666666666667,274.1666666666667,1975.8666666666668,1975.8666666666668,0.04646892655367232,0.3348926553672317
1399,55.166666666666664,51.72222222222222,51.72222222222222,51.888888888888886,24.944444444444443,66.61111111111111,1158.5,1086.1666666666667,1086.1666666666667,271.5416666666667,2240.991666666667,2240.991666666667,0.04602401129943503,0.37982909604519777
1400,35.5,43.44444444444444,43.44444444444444,42.166666666666664,20.88888888888889,44.111111111111114,745.5,912.3333333333333,912.3333333333333,228.08333333333331,1495.4333333333332,1495.4333333333332,0.03865819209039548,0.25346327683615816
1401,60.111111111111114,58.77777777777778,58.77777777777778,58.05555555555556,27.833333333333332,76.44444444444444,1262.3333333333335,1234.3333333333333,1234.3333333333333,308.5833333333333,2454.55,2454.55,0.052302259887005646,0.41602542372881357
1402,45.44444444444444,55.333333333333336,55.333333333333336,54.72222222222222,27.88888888888889,53.5,954.3333333333333,1162.0,1162.0,290.5,1912.8666666666666,1912.8666666666666,0.04923728813559322,0.3242146892655367
1403,34.27777777777778,39.0,39.0,37.833333333333336,18.27777777777778,41.72222222222222,719.8333333333334,819.0,819.0,204.75,1428.4666666666667,1428.4666666666667,0.034703389830508476,0.2421129943502825
1404,48.333333333333336,58.27777777777778,58.27777777777778,57.666666666666664,27.77777777777778,58.05555555555556,1015.0,1223.8333333333333,1223.8333333333333,305.9583333333333,2031.4583333333333,2031.4583333333333,0.05185734463276836,0.3443149717514124
1405,34.55555555555556,56.5,56.5,55.94444444444444,28.61111111111111,45.5,725.6666666666667,1186.5,1186.5,296.625,1530.2583333333334,1530.2583333333334,0.05027542372881356,0.25936581920903956
1406,50.55555555555556,62.94444444444444,62.94444444444444,62.05555555555556,31.72222222222222,65.05555555555556,1061.6666666666667,1321.8333333333333,1321.8333333333333,330.4583333333333,2135.291666666667,2135.291666666667,0.05600988700564971,0.36191384180790964
1407,46.44444444444444,57.72222222222222,57.72222222222222,57.5,29.22222222222222,54.27777777777778,975.3333333333333,1212.1666666666667,1212.1666666666667,303.0416666666667,1961.1083333333333,1961.1083333333333,0.051362994350282486,0.3323912429378531
1408,37.666666666666664,53.55555555555556,53.55555555555556,52.94444444444444,26.88888888888889,46.333333333333336,791.0,1124.6666666666667,1124.6666666666667,281.1666666666667,1625.8666666666668,1625.8666666666668,0.04765536723163842,0.2755706214689266
1409,48.666666666666664,53.833333333333336,53.833333333333336,52.5,25.88888888888889,60.05555555555556,1022.0,1130.5,1130.5,282.625,2020.0249999999999,2020.0249999999999,0.04790254237288136,0.3423771186440678
1410,44.388888888888886,54.94444444444444,54.94444444444444,54.333333333333336,28.166666666666668,49.611111111111114,932.1666666666666,1153.8333333333333,1153.8333333333333,288.4583333333333,1873.1416666666664,1873.1416666666664,0.0488912429378531,0.3174816384180791
1411,47.77777777777778,54.611111111111114,54.611111111111114,54.05555555555556,25.72222222222222,63.611111111111114,1003.3333333333334,1146.8333333333335,1146.8333333333335,286.70833333333337,1992.375,1992.375,0.04859463276836159,0.3376906779661017
1412,57.388888888888886,62.388888888888886,62.388888888888886,61.833333333333336,31.27777777777778,68.88888888888889,1205.1666666666665,1310.1666666666665,1310.1666666666665,327.54166666666663,2376.3249999999994,2376.3249999999994,0.05551553672316384,0.40276694915254224
1413,48.888888888888886,55.888888888888886,55.888888888888886,55.166666666666664,27.11111111111111,58.22222222222222,1026.6666666666665,1173.6666666666665,1173.6666666666665,293.41666666666663,2038.7499999999995,2038.7499999999995,0.04973163841807909,0.34555084745762704
1414,38.72222222222222,45.44444444444444,45.44444444444444,44.44444444444444,22.944444444444443,48.44444444444444,813.1666666666666,954.3333333333333,954.3333333333333,238.58333333333331,1620.9666666666665,1620.9666666666665,0.04043785310734463,0.27474011299435025
1415,37.72222222222222,47.888888888888886,47.888888888888886,47.27777777777778,23.72222222222222,44.55555555555556,792.1666666666666,1005.6666666666666,1005.6666666666666,251.41666666666666,1598.1,1598.1,0.042612994350282485,0.270864406779661
1416,44.0,46.0,46.0,45.44444444444444,23.944444444444443,49.833333333333336,924.0,966.0,966.0,241.5,1812.3,1812.3,0.04093220338983051,0.3071694915254237
1417,47.166666666666664,65.38888888888889,65.38888888888889,64.77777777777777,32.111111111111114,64.72222222222223,990.5,1373.1666666666665,1373.1666666666665,343.29166666666663,2027.1416666666664,2027.1416666666664,0.05818502824858757,0.3435833333333333
1418,40.05555555555556,48.77777777777778,48.77777777777778,48.333333333333336,22.88888888888889,51.44444444444444,841.1666666666667,1024.3333333333333,1024.3333333333333,256.0833333333333,1686.0666666666666,1686.0666666666666,0.043403954802259885,0.285774011299435
1419,55.77777777777778,54.111111111111114,54.111111111111114,52.888888888888886,26.444444444444443,60.77777777777778,1171.3333333333333,1136.3333333333335,1136.3333333333335,284.08333333333337,2275.35,2275.35,0.0481497175141243,0.3856525423728813
1420,38.0,60.111111111111114,60.111111111111114,59.611111111111114,28.88888888888889,51.22222222222222,798.0,1262.3333333333335,1262.3333333333335,315.58333333333337,1672.1833333333334,1672.1833333333334,0.05348870056497176,0.2834209039548023
1421,51.0,62.666666666666664,62.666666666666664,61.666666666666664,31.0,68.83333333333333,1071.0,1316.0,1316.0,329.0,2149.7,2149.7,0.05576271186440678,0.3643559322033898
1422,47.611111111111114,51.5,51.5,51.611111111111114,26.77777777777778,52.05555555555556,999.8333333333334,1081.5,1081.5,270.375,1970.0916666666667,1970.0916666666667,0.04582627118644068,0.3339138418079096
1423,44.44444444444444,48.333333333333336,48.333333333333336,48.111111111111114,24.0,54.5,933.3333333333333,1015.0,1015.0,253.75,1840.4166666666665,1840.4166666666665,0.04300847457627119,0.31193502824858754
1424,37.611111111111114,39.388888888888886,39.388888888888886,38.666666666666664,18.444444444444443,45.833333333333336,789.8333333333334,827.1666666666666,827.1666666666666,206.79166666666666,1549.5083333333334,1549.5083333333334,0.03504943502824859,0.26262853107344636
1425,49.05555555555556,44.388888888888886,44.388888888888886,43.666666666666664,22.72222222222222,49.77777777777778,1030.1666666666667,932.1666666666666,932.1666666666666,233.04166666666666,1984.325,1984.325,0.03949858757062147,0.3363262711864407
1426,34.833333333333336,59.0,59.0,57.94444444444444,29.61111111111111,45.833333333333336,731.5,1239.0,1239.0,309.75,1553.3,1553.3,0.0525,0.263271186440678
1427,43.333333333333336,45.72222222222222,45.72222222222222,44.55555555555556,21.27777777777778,54.22222222222222,910.0,960.1666666666666,960.1666666666666,240.04166666666666,1787.0416666666667,1787.0416666666667,0.04068502824858757,0.30288841807909606
1428,36.77777777777778,40.94444444444444,40.94444444444444,39.94444444444444,19.944444444444443,44.166666666666664,772.3333333333334,859.8333333333333,859.8333333333333,214.95833333333331,1527.925,1527.925,0.036433615819209036,0.25897033898305083
1429,43.05555555555556,56.111111111111114,56.111111111111114,55.55555555555556,28.166666666666668,60.77777777777778,904.1666666666667,1178.3333333333335,1178.3333333333335,294.58333333333337,1831.666666666667,1831.666666666667,0.04992937853107345,0.31045197740113
1430,45.55555555555556,56.94444444444444,56.94444444444444,56.888888888888886,27.666666666666668,54.22222222222222,956.6666666666667,1195.8333333333333,1195.8333333333333,298.9583333333333,1925.2916666666667,1925.2916666666667,0.050670903954802254,0.32632062146892654
1431,46.27777777777778,52.22222222222222,52.22222222222222,51.611111111111114,25.0,60.833333333333336,971.8333333333334,1096.6666666666667,1096.6666666666667,274.1666666666667,1926.2833333333335,1926.2833333333335,0.04646892655367232,0.3264887005649718
1432,40.44444444444444,56.611111111111114,56.611111111111114,56.333333333333336,28.5,50.611111111111114,849.3333333333333,1188.8333333333335,1188.8333333333335,297.20833333333337,1741.0749999999998,1741.0749999999998,0.05037429378531074,0.2950974576271186
1433,46.333333333333336,49.5,49.5,49.05555555555556,24.72222222222222,55.111111111111114,973.0,1039.5,1039.5,259.875,1913.975,1913.975,0.044046610169491525,0.32440254237288135
1434,41.22222222222222,43.333333333333336,43.333333333333336,42.22222222222222,21.055555555555557,43.0,865.6666666666666,910.0,910.0,227.5,1699.1333333333332,1699.1333333333332,0.03855932203389831,0.2879887005649717
1435,46.0,60.888888888888886,60.888888888888886,60.333333333333336,30.22222222222222,59.5,966.0,1278.6666666666665,1278.6666666666665,319.66666666666663,1961.8666666666668,1961.8666666666668,0.054180790960451974,0.33251977401129945
1436,55.166666666666664,57.72222222222222,57.72222222222222,56.22222222222222,28.555555555555557,67.44444444444444,1158.5,1212.1666666666667,1212.1666666666667,303.0416666666667,2272.491666666667,2272.491666666667,0.051362994350282486,0.3851680790960452
1437,38.166666666666664,53.22222222222222,53.22222222222222,53.388888888888886,28.166666666666668,45.5,801.5,1117.6666666666667,1117.6666666666667,279.4166666666667,1641.9666666666667,1641.9666666666667,0.04735875706214689,0.2782994350282486
1438,42.55555555555556,44.611111111111114,44.611111111111114,44.166666666666664,21.833333333333332,46.44444444444444,893.6666666666667,936.8333333333334,936.8333333333334,234.20833333333334,1753.4416666666666,1753.4416666666666,0.03969632768361582,0.29719350282485874
1439,39.333333333333336,45.666666666666664,45.666666666666664,45.333333333333336,23.666666666666668,43.0,826.0,959.0,959.0,239.75,1643.95,1643.95,0.04063559322033898,0.278635593220339
1440,49.27777777777778,62.333333333333336,62.333333333333336,62.333333333333336,32.27777777777778,58.388888888888886,1034.8333333333333,1309.0,1309.0,327.25,2086.4666666666662,2086.4666666666662,0.055466101694915254,0.35363841807909596
1441,40.611111111111114,49.388888888888886,49.388888888888886,48.5,24.77777777777778,47.44444444444444,852.8333333333334,1037.1666666666665,1037.1666666666665,259.29166666666663,1709.1083333333331,1709.1083333333331,0.04394774011299434,0.2896793785310734
1442,54.166666666666664,61.611111111111114,61.611111111111114,60.72222222222222,30.22222222222222,64.0,1137.5,1293.8333333333335,1293.8333333333335,323.45833333333337,2257.2083333333335,2257.2083333333335,0.05482344632768362,0.38257768361581923
1443,39.611111111111114,54.5,54.5,54.888888888888886,27.11111111111111,45.611111111111114,831.8333333333334,1144.5,1144.5,286.125,1700.2416666666668,1700.2416666666668,0.048495762711864406,0.2881765536723164
1444,55.44444444444444,63.833333333333336,63.833333333333336,64.16666666666667,30.444444444444443,75.77777777777777,1164.3333333333333,1340.5,1340.5,335.125,2314.491666666667,2314.491666666667,0.05680084745762712,0.39228672316384183
1445,46.55555555555556,60.72222222222222,60.72222222222222,60.0,32.05555555555556,52.0,977.6666666666667,1275.1666666666667,1275.1666666666667,318.7916666666667,1980.8250000000003,1980.8250000000003,0.05403248587570622,0.3357330508474577
1446,50.5,57.666666666666664,57.666666666666664,56.44444444444444,27.27777777777778,54.77777777777778,1060.5,1211.0,1211.0,302.75,2105.6,2105.6,0.0513135593220339,0.3568813559322034
1447,39.888888888888886,48.388888888888886,48.388888888888886,47.611111111111114,23.666666666666668,46.44444444444444,837.6666666666666,1016.1666666666666,1016.1666666666666,254.04166666666666,1678.075,1678.075,0.04305790960451977,0.28441949152542373
1448,40.888888888888886,52.0,52.0,51.27777777777778,26.666666666666668,42.611111111111114,858.6666666666666,1092.0,1092.0,273.0,1732.7333333333331,1732.7333333333331,0.046271186440677965,0.293683615819209
1449,51.0,67.77777777777777,67.77777777777777,67.72222222222223,33.05555555555556,70.66666666666667,1071.0,1423.3333333333333,1423.3333333333333,355.8333333333333,2176.5333333333333,2176.5333333333333,0.06031073446327683,0.3689039548022599
1450,32.166666666666664,44.44444444444444,44.44444444444444,43.611111111111114,22.0,41.833333333333336,675.5,933.3333333333333,933.3333333333333,233.33333333333331,1381.6833333333332,1381.6833333333332,0.03954802259887005,0.23418361581920902
1451,38.833333333333336,52.05555555555556,52.05555555555556,51.5,26.333333333333332,45.77777777777778,815.5,1093.1666666666667,1093.1666666666667,273.2916666666667,1659.6416666666667,1659.6416666666667,0.04632062146892656,0.28129519774011297
1452,43.833333333333336,53.44444444444444,53.44444444444444,52.55555555555556,26.22222222222222,57.94444444444444,920.5,1122.3333333333333,1122.3333333333333,280.5833333333333,1845.4333333333332,1845.4333333333332,0.04755649717514124,0.31278531073446325
1453,38.0,55.388888888888886,55.388888888888886,55.111111111111114,28.833333333333332,54.666666666666664,798.0,1163.1666666666665,1163.1666666666665,290.79166666666663,1647.3916666666664,1647.3916666666664,0.0492867231638418,0.27921892655367225
1454,45.55555555555556,52.5,52.5,51.111111111111114,26.38888888888889,56.27777777777778,956.6666666666667,1102.5,1102.5,275.625,1901.9583333333335,1901.9583333333335,0.04671610169491525,0.32236581920903956
1455,58.388888888888886,60.0,60.0,59.44444444444444,27.27777777777778,71.5,1226.1666666666665,1260.0,1260.0,315.0,2399.483333333333,2399.483333333333,0.053389830508474574,0.4066920903954802
1456,28.38888888888889,43.5,43.5,42.111111111111114,22.77777777777778,39.72222222222222,596.1666666666666,913.5,913.5,228.375,1241.8583333333331,1241.8583333333331,0.03870762711864407,0.21048446327683612
1457,47.833333333333336,50.44444444444444,50.44444444444444,50.0,24.5,59.05555555555556,1004.5,1059.3333333333333,1059.3333333333333,264.8333333333333,1972.4833333333331,1972.4833333333331,0.04488700564971751,0.334319209039548
1458,37.72222222222222,51.77777777777778,51.77777777777778,51.22222222222222,26.0,50.0,792.1666666666666,1087.3333333333333,1087.3333333333333,271.8333333333333,1618.5166666666664,1618.5166666666664,0.04607344632768361,0.2743248587570621
1459,51.72222222222222,54.27777777777778,54.27777777777778,53.72222222222222,27.22222222222222,54.333333333333336,1086.1666666666667,1139.8333333333333,1139.8333333333333,284.9583333333333,2131.4416666666666,2131.4416666666666,0.048298022598870054,0.3612612994350282
1460,39.72222222222222,42.22222222222222,42.22222222222222,41.77777777777778,21.38888888888889,44.05555555555556,834.1666666666666,886.6666666666666,886.6666666666666,221.66666666666666,1639.75,1639.75,0.03757062146892655,0.2779237288135593
1461,43.888888888888886,61.666666666666664,61.666666666666664,61.166666666666664,31.166666666666668,56.166666666666664,921.6666666666666,1295.0,1295.0,323.75,1890.5833333333333,1890.5833333333333,0.054872881355932206,0.32043785310734463
1462,46.27777777777778,50.94444444444444,50.94444444444444,49.72222222222222,23.72222222222222,56.166666666666664,971.8333333333334,1069.8333333333333,1069.8333333333333,267.4583333333333,1919.575,1919.575,0.0453319209039548,0.32535169491525423
1463,31.055555555555557,32.44444444444444,32.44444444444444,31.22222222222222,14.777777777777779,37.94444444444444,652.1666666666667,681.3333333333333,681.3333333333333,170.33333333333331,1279.0166666666667,1279.0166666666667,0.02887005649717514,0.2167824858757062
1464,51.111111111111114,60.0,60.0,59.888888888888886,28.055555555555557,66.05555555555556,1073.3333333333335,1260.0,1260.0,315.0,2139.666666666667,2139.666666666667,0.053389830508474574,0.3626553672316385
1465,52.77777777777778,54.611111111111114,54.611111111111114,54.333333333333336,27.166666666666668,60.333333333333336,1108.3333333333333,1146.8333333333335,1146.8333333333335,286.70833333333337,2170.875,2170.875,0.04859463276836159,0.3679449152542373
1466,35.55555555555556,46.111111111111114,46.111111111111114,45.05555555555556,23.11111111111111,37.72222222222222,746.6666666666667,968.3333333333334,968.3333333333334,242.08333333333334,1511.4166666666667,1511.4166666666667,0.041031073446327684,0.2561723163841808
1467,44.77777777777778,48.5,48.5,47.72222222222222,23.333333333333332,59.166666666666664,940.3333333333334,1018.5,1018.5,254.625,1853.1916666666666,1853.1916666666666,0.04315677966101695,0.3141002824858757
1468,43.72222222222222,58.27777777777778,58.27777777777778,58.44444444444444,29.72222222222222,53.22222222222222,918.1666666666666,1223.8333333333333,1223.8333333333333,305.9583333333333,1866.8416666666665,1866.8416666666665,0.05185734463276836,0.31641384180790955
1469,45.27777777777778,53.55555555555556,53.55555555555556,52.94444444444444,27.88888888888889,56.55555555555556,950.8333333333334,1124.6666666666667,1124.6666666666667,281.1666666666667,1897.5833333333335,1897.5833333333335,0.04765536723163842,0.32162429378531077
1470,38.55555555555556,41.77777777777778,41.77777777777778,41.5,20.72222222222222,40.05555555555556,809.6666666666667,877.3333333333334,877.3333333333334,219.33333333333334,1595.7666666666667,1595.7666666666667,0.03717514124293785,0.27046892655367233
1471,42.22222222222222,57.5,57.5,57.55555555555556,28.61111111111111,52.111111111111114,886.6666666666666,1207.5,1207.5,301.875,1809.2083333333333,1809.2083333333333,0.051165254237288134,0.3066454802259887
1472,42.666666666666664,65.66666666666667,65.66666666666667,65.66666666666667,32.666666666666664,54.27777777777778,896.0,1379.0,1379.0,344.75,1867.95,1867.95,0.05843220338983051,0.31660169491525425
1473,39.77777777777778,54.166666666666664,54.166666666666664,53.833333333333336,26.22222222222222,50.22222222222222,835.3333333333334,1137.5,1137.5,284.375,1704.4416666666666,1704.4416666666666,0.048199152542372885,0.28888841807909604
1474,47.22222222222222,58.111111111111114,58.111111111111114,57.666666666666664,29.22222222222222,53.111111111111114,991.6666666666666,1220.3333333333335,1220.3333333333335,305.08333333333337,1990.9166666666665,1990.9166666666665,0.051709039548022605,0.33744350282485874
1475,37.833333333333336,55.0,55.0,54.22222222222222,27.666666666666668,48.94444444444444,794.5,1155.0,1155.0,288.75,1639.3999999999999,1639.3999999999999,0.048940677966101694,0.277864406779661
1476,50.888888888888886,66.44444444444444,66.44444444444444,65.11111111111111,32.05555555555556,62.05555555555556,1068.6666666666665,1395.3333333333333,1395.3333333333333,348.8333333333333,2165.5666666666666,2165.5666666666666,0.059124293785310734,0.36704519774011296
1477,44.27777777777778,50.888888888888886,50.888888888888886,50.166666666666664,24.944444444444443,59.111111111111114,929.8333333333334,1068.6666666666665,1068.6666666666665,267.16666666666663,1847.8833333333332,1847.8833333333332,0.045282485875706206,0.3132005649717514
1478,44.333333333333336,47.833333333333336,47.833333333333336,48.111111111111114,25.555555555555557,48.888888888888886,931.0,1004.5,1004.5,251.125,1833.825,1833.825,0.0425635593220339,0.3108177966101695
1479,45.22222222222222,50.05555555555556,50.05555555555556,49.0,24.333333333333332,53.333333333333336,949.6666666666666,1051.1666666666667,1051.1666666666667,262.7916666666667,1877.225,1877.225,0.044540960451977404,0.3181737288135593
1480,54.55555555555556,56.0,56.0,55.94444444444444,28.166666666666668,61.666666666666664,1145.6666666666667,1176.0,1176.0,294.0,2241.633333333333,2241.633333333333,0.04983050847457627,0.3799378531073446
1481,35.888888888888886,46.77777777777778,46.77777777777778,45.833333333333336,22.5,45.5,753.6666666666666,982.3333333333334,982.3333333333334,245.58333333333334,1526.8166666666666,1526.8166666666666,0.04162429378531073,0.2587824858757062
1482,60.333333333333336,56.94444444444444,56.94444444444444,56.72222222222222,28.166666666666668,72.66666666666667,1267.0,1195.8333333333333,1195.8333333333333,298.9583333333333,2452.8583333333336,2452.8583333333336,0.050670903954802254,0.4157387005649718
1483,38.0,43.888888888888886,43.888888888888886,43.111111111111114,22.11111111111111,44.611111111111114,798.0,921.6666666666666,921.6666666666666,230.41666666666666,1587.0166666666667,1587.0166666666667,0.03905367231638418,0.2689858757062147
1484,38.27777777777778,55.888888888888886,55.888888888888886,55.22222222222222,27.72222222222222,45.94444444444444,803.8333333333334,1173.6666666666665,1173.6666666666665,293.41666666666663,1659.9333333333334,1659.9333333333334,0.04973163841807909,0.2813446327683616
1485,46.77777777777778,47.666666666666664,47.666666666666664,47.72222222222222,24.38888888888889,58.333333333333336,982.3333333333334,1001.0,1001.0,250.25,1920.2166666666667,1920.2166666666667,0.04241525423728813,0.32546045197740114
1486,41.22222222222222,41.388888888888886,41.388888888888886,40.22222222222222,18.333333333333332,44.833333333333336,865.6666666666666,869.1666666666666,869.1666666666666,217.29166666666666,1688.925,1688.925,0.03682909604519774,0.2862584745762712
1487,51.72222222222222,58.611111111111114,58.611111111111114,57.5,29.5,62.72222222222222,1086.1666666666667,1230.8333333333335,1230.8333333333335,307.70833333333337,2154.1916666666666,2154.1916666666666,0.05215395480225989,0.3651172316384181
1488,32.611111111111114,45.611111111111114,45.611111111111114,44.55555555555556,21.333333333333332,45.5,684.8333333333334,957.8333333333334,957.8333333333334,239.45833333333334,1403.675,1403.675,0.040586158192090396,0.23791101694915254
1489,47.44444444444444,56.77777777777778,56.77777777777778,55.72222222222222,27.88888888888889,58.22222222222222,996.3333333333333,1192.3333333333333,1192.3333333333333,298.0833333333333,1991.8499999999997,1991.8499999999997,0.050522598870056494,0.33760169491525416
1490,33.44444444444444,43.72222222222222,43.72222222222222,42.611111111111114,21.833333333333332,42.55555555555556,702.3333333333333,918.1666666666666,918.1666666666666,229.54166666666666,1423.5083333333332,1423.5083333333332,0.03890536723163841,0.24127259887005648
1491,39.44444444444444,43.388888888888886,43.388888888888886,42.27777777777778,20.61111111111111,49.833333333333336,828.3333333333333,911.1666666666666,911.1666666666666,227.79166666666666,1635.9583333333333,1635.9583333333333,0.03860875706214689,0.2772810734463277
1492,60.333333333333336,59.166666666666664,59.166666666666664,58.22222222222222,29.5,66.94444444444444,1267.0,1242.5,1242.5,310.625,2464.525,2464.525,0.052648305084745765,0.41771610169491524
1493,56.388888888888886,64.88888888888889,64.88888888888889,63.22222222222222,31.444444444444443,70.88888888888889,1184.1666666666665,1362.6666666666665,1362.6666666666665,340.66666666666663,2353.7499999999995,2353.7499999999995,0.05774011299435028,0.3989406779661016
1494,43.27777777777778,47.27777777777778,47.27777777777778,45.611111111111114,22.38888888888889,54.44444444444444,908.8333333333334,992.8333333333334,992.8333333333334,248.20833333333334,1793.225,1793.225,0.04206920903954802,0.3039364406779661
1495,47.44444444444444,55.333333333333336,55.333333333333336,54.5,28.11111111111111,55.77777777777778,996.3333333333333,1162.0,1162.0,290.5,1984.2666666666664,1984.2666666666664,0.04923728813559322,0.3363163841807909
1496,44.05555555555556,59.166666666666664,59.166666666666664,58.44444444444444,29.27777777777778,60.388888888888886,925.1666666666667,1242.5,1242.5,310.625,1883.4083333333335,1883.4083333333335,0.052648305084745765,0.3192217514124294
1497,52.94444444444444,49.22222222222222,49.22222222222222,49.22222222222222,25.0,61.833333333333336,1111.8333333333333,1033.6666666666667,1033.6666666666667,258.4166666666667,2148.5333333333333,2148.5333333333333,0.04379943502824859,0.36415819209039546
1498,40.388888888888886,47.27777777777778,47.27777777777778,46.77777777777778,23.5,48.833333333333336,848.1666666666666,992.8333333333334,992.8333333333334,248.20833333333334,1690.0916666666665,1690.0916666666665,0.04206920903954802,0.2864562146892655
1499,55.22222222222222,48.22222222222222,48.22222222222222,47.44444444444444,20.833333333333332,64.33333333333333,1159.6666666666667,1012.6666666666666,1012.6666666666666,253.16666666666666,2224.6,2224.6,0.04290960451977401,0.3770508474576271
1500,50.0,56.55555555555556,56.55555555555556,56.22222222222222,29.22222222222222,62.77777777777778,1050.0,1187.6666666666667,1187.6666666666667,296.9166666666667,2081.9166666666665,2081.9166666666665,0.05032485875706215,0.35286723163841804
1501,36.77777777777778,61.666666666666664,61.666666666666664,60.333333333333336,30.555555555555557,51.05555555555556,772.3333333333334,1295.0,1295.0,323.75,1636.7166666666667,1636.7166666666667,0.054872881355932206,0.27740960451977403
1502,42.111111111111114,51.888888888888886,51.888888888888886,50.55555555555556,24.833333333333332,52.833333333333336,884.3333333333334,1089.6666666666665,1089.6666666666665,272.41666666666663,1775.7833333333333,1775.7833333333333,0.04617231638418078,0.30098022598870056
1503,37.666666666666664,51.55555555555556,51.55555555555556,51.5,25.27777777777778,50.0,791.0,1082.6666666666667,1082.6666666666667,270.6666666666667,1615.3666666666668,1615.3666666666668,0.04587570621468927,0.2737909604519774
1504,35.44444444444444,48.05555555555556,48.05555555555556,47.77777777777778,25.444444444444443,44.5,744.3333333333333,1009.1666666666667,1009.1666666666667,252.29166666666669,1517.6583333333333,1517.6583333333333,0.04276129943502825,0.25723022598870054
1505,40.22222222222222,43.166666666666664,43.166666666666664,43.0,22.22222222222222,41.833333333333336,844.6666666666666,906.5,906.5,226.625,1662.5583333333332,1662.5583333333332,0.03841101694915254,0.28178954802259887
1506,47.833333333333336,42.77777777777778,42.77777777777778,42.55555555555556,22.22222222222222,48.72222222222222,1004.5,898.3333333333334,898.3333333333334,224.58333333333334,1932.2333333333331,1932.2333333333331,0.03806497175141243,0.3274971751412429
1507,52.5,56.44444444444444,56.44444444444444,55.888888888888886,27.0,65.22222222222223,1102.5,1185.3333333333333,1185.3333333333333,296.3333333333333,2170.5833333333335,2170.5833333333335,0.050225988700564966,0.3678954802259887
1508,33.5,41.333333333333336,41.333333333333336,40.611111111111114,20.5,43.44444444444444,703.5,868.0,868.0,217.0,1412.95,1412.95,0.036779661016949156,0.23948305084745763
1509,34.388888888888886,43.833333333333336,43.833333333333336,42.666666666666664,22.72222222222222,42.111111111111114,722.1666666666666,920.5,920.5,230.125,1457.8083333333332,1457.8083333333332,0.039004237288135596,0.24708615819209037
1510,44.55555555555556,60.611111111111114,60.611111111111114,60.111111111111114,30.333333333333332,59.388888888888886,935.6666666666667,1272.8333333333335,1272.8333333333335,318.20833333333337,1908.8416666666667,1908.8416666666667,0.053933615819209045,0.3235324858757062
1511,57.44444444444444,55.5,55.5,55.27777777777778,26.944444444444443,66.61111111111111,1206.3333333333333,1165.5,1165.5,291.375,2342.1416666666664,2342.1416666666664,0.04938559322033898,0.39697316384180786
1512,46.72222222222222,50.27777777777778,50.27777777777778,49.0,24.333333333333332,59.22222222222222,981.1666666666666,1055.8333333333333,1055.8333333333333,263.9583333333333,1931.9416666666664,1931.9416666666664,0.04473870056497175,0.3274477401129943
1513,46.72222222222222,56.888888888888886,56.888888888888886,55.27777777777778,28.0,61.27777777777778,981.1666666666666,1194.6666666666665,1194.6666666666665,298.66666666666663,1966.6499999999996,1966.6499999999996,0.05062146892655366,0.33333050847457624
1514,47.666666666666664,51.77777777777778,51.77777777777778,50.388888888888886,26.0,56.666666666666664,1001.0,1087.3333333333333,1087.3333333333333,271.8333333333333,1973.5333333333333,1973.5333333333333,0.04607344632768361,0.33449717514124294
1515,44.55555555555556,51.0,51.0,50.388888888888886,26.166666666666668,46.94444444444444,935.6666666666667,1071.0,1071.0,267.75,1858.3833333333334,1858.3833333333334,0.04538135593220339,0.31498022598870057
1516,28.72222222222222,37.833333333333336,37.833333333333336,37.22222222222222,18.27777777777778,35.611111111111114,603.1666666666666,794.5,794.5,198.625,1224.0083333333332,1224.0083333333332,0.03366525423728813,0.20745903954802258
1517,44.0,54.0,54.0,53.55555555555556,27.666666666666668,54.166666666666664,924.0,1134.0,1134.0,283.5,1854.3,1854.3,0.04805084745762712,0.31428813559322033
1518,45.833333333333336,58.94444444444444,58.94444444444444,57.5,29.27777777777778,53.0,962.5,1237.8333333333333,1237.8333333333333,309.4583333333333,1945.7083333333333,1945.7083333333333,0.05245056497175141,0.3297810734463277
1519,42.5,56.388888888888886,56.388888888888886,54.94444444444444,26.055555555555557,56.77777777777778,892.5,1184.1666666666665,1184.1666666666665,296.04166666666663,1813.2916666666665,1813.2916666666665,0.050176553672316375,0.3073375706214689
1520,50.44444444444444,52.55555555555556,52.55555555555556,52.05555555555556,26.61111111111111,56.333333333333336,1059.3333333333333,1103.6666666666667,1103.6666666666667,275.9166666666667,2076.7833333333333,2076.7833333333333,0.046765536723163845,0.35199717514124296
1521,47.72222222222222,49.333333333333336,49.333333333333336,48.27777777777778,22.555555555555557,56.166666666666664,1002.1666666666666,1036.0,1036.0,259.0,1962.6833333333332,1962.6833333333332,0.043898305084745765,0.33265819209039543
1522,43.27777777777778,45.55555555555556,45.55555555555556,44.44444444444444,20.0,57.388888888888886,908.8333333333334,956.6666666666667,956.6666666666667,239.16666666666669,1784.1833333333334,1784.1833333333334,0.04053672316384181,0.3024039548022599
1523,52.27777777777778,68.94444444444444,68.94444444444444,68.0,35.333333333333336,67.72222222222223,1097.8333333333333,1447.8333333333333,1447.8333333333333,361.9583333333333,2228.2749999999996,2228.2749999999996,0.061348870056497175,0.37767372881355926
1524,48.94444444444444,61.5,61.5,60.05555555555556,30.27777777777778,67.38888888888889,1027.8333333333333,1291.5,1291.5,322.875,2070.1916666666666,2070.1916666666666,0.05472457627118644,0.35087994350282486
1525,40.77777777777778,48.166666666666664,48.166666666666664,47.5,22.944444444444443,51.666666666666664,856.3333333333334,1011.5,1011.5,252.875,1708.6416666666667,1708.6416666666667,0.04286016949152542,0.2896002824858757
1526,41.72222222222222,65.33333333333333,65.33333333333333,64.61111111111111,32.05555555555556,57.666666666666664,876.1666666666666,1372.0,1372.0,343.0,1832.4833333333331,1832.4833333333331,0.05813559322033898,0.31059039548022593
1527,35.0,46.833333333333336,46.833333333333336,45.72222222222222,24.72222222222222,43.888888888888886,735.0,983.5,983.5,245.875,1495.375,1495.375,0.041673728813559324,0.25345338983050847
1528,37.22222222222222,44.166666666666664,44.166666666666664,43.27777777777778,22.5,47.72222222222222,781.6666666666666,927.5,927.5,231.875,1560.7083333333333,1560.7083333333333,0.03930084745762712,0.26452683615819206
1529,47.94444444444444,57.333333333333336,57.333333333333336,57.0,28.27777777777778,59.388888888888886,1006.8333333333333,1204.0,1204.0,301.0,2012.6166666666666,2012.6166666666666,0.051016949152542374,0.34112146892655365
1530,39.55555555555556,51.55555555555556,51.55555555555556,51.388888888888886,25.77777777777778,44.166666666666664,830.6666666666667,1082.6666666666667,1082.6666666666667,270.6666666666667,1682.8000000000002,1682.8000000000002,0.04587570621468927,0.2852203389830509
1531,37.0,46.05555555555556,46.05555555555556,45.5,22.555555555555557,46.05555555555556,777.0,967.1666666666667,967.1666666666667,241.79166666666669,1562.6916666666666,1562.6916666666666,0.0409816384180791,0.2648629943502825
1532,57.333333333333336,64.66666666666667,64.66666666666667,64.77777777777777,30.61111111111111,77.0,1204.0,1358.0,1358.0,339.5,2386.3,2386.3,0.057542372881355934,0.4044576271186441
1533,39.166666666666664,45.55555555555556,45.55555555555556,44.833333333333336,23.38888888888889,43.5,822.5,956.6666666666667,956.6666666666667,239.16666666666669,1637.4166666666667,1637.4166666666667,0.04053672316384181,0.27752824858757064
1534,35.72222222222222,50.5,50.5,49.388888888888886,24.555555555555557,49.0,750.1666666666666,1060.5,1060.5,265.125,1540.4083333333333,1540.4083333333333,0.0449364406779661,0.2610861581920904
1535,30.77777777777778,45.27777777777778,45.27777777777778,44.611111111111114,21.666666666666668,38.166666666666664,646.3333333333334,950.8333333333334,950.8333333333334,237.70833333333334,1336.475,1336.475,0.04028954802259887,0.22652118644067795
1536,47.611111111111114,59.94444444444444,59.94444444444444,58.888888888888886,28.555555555555557,57.888888888888886,999.8333333333334,1258.8333333333333,1258.8333333333333,314.7083333333333,2014.425,2014.425,0.05334039548022598,0.3414279661016949
1537,43.166666666666664,48.5,48.5,48.333333333333336,23.27777777777778,48.833333333333336,906.5,1018.5,1018.5,254.625,1795.675,1795.675,0.04315677966101695,0.3043516949152542
1538,51.55555555555556,55.55555555555556,55.55555555555556,55.888888888888886,27.38888888888889,64.66666666666667,1082.6666666666667,1166.6666666666667,1166.6666666666667,291.6666666666667,2132.2,2132.2,0.04943502824858757,0.36138983050847456
1539,51.166666666666664,59.0,59.0,58.72222222222222,29.61111111111111,61.0,1074.5,1239.0,1239.0,309.75,2136.3999999999996,2136.3999999999996,0.0525,0.3621016949152542
1540,47.22222222222222,48.55555555555556,48.55555555555556,48.27777777777778,24.22222222222222,53.77777777777778,991.6666666666666,1019.6666666666667,1019.6666666666667,254.91666666666669,1940.75,1940.75,0.04320621468926554,0.3289406779661017
1541,45.72222222222222,60.0,60.0,58.888888888888886,29.22222222222222,57.833333333333336,960.1666666666666,1260.0,1260.0,315.0,1947.2833333333333,1947.2833333333333,0.053389830508474574,0.33004802259887006
1542,42.5,59.05555555555556,59.05555555555556,58.55555555555556,29.0,57.27777777777778,892.5,1240.1666666666667,1240.1666666666667,310.0416666666667,1827.2916666666667,1827.2916666666667,0.05254943502824859,0.30971045197740116
1543,46.44444444444444,46.388888888888886,46.388888888888886,45.888888888888886,23.333333333333332,50.0,975.3333333333333,974.1666666666666,974.1666666666666,243.54166666666666,1901.6083333333333,1901.6083333333333,0.04127824858757062,0.32230649717514126
1544,41.666666666666664,46.22222222222222,46.22222222222222,45.5,23.666666666666668,50.333333333333336,875.0,970.6666666666666,970.6666666666666,242.66666666666666,1730.1666666666667,1730.1666666666667,0.04112994350282486,0.2932485875706215
1545,62.27777777777778,62.72222222222222,62.72222222222222,61.72222222222222,29.833333333333332,76.11111111111111,1307.8333333333333,1317.1666666666667,1317.1666666666667,329.2916666666667,2552.608333333333,2552.608333333333,0.05581214689265537,0.43264548022598864
1546,48.0,55.72222222222222,55.72222222222222,55.22222222222222,27.166666666666668,54.888888888888886,1008.0,1170.1666666666667,1170.1666666666667,292.5416666666667,2006.1416666666667,2006.1416666666667,0.04958333333333333,0.34002401129943505
1547,30.61111111111111,54.833333333333336,54.833333333333336,54.666666666666664,28.27777777777778,40.833333333333336,642.8333333333334,1151.5,1151.5,287.875,1380.6916666666666,1380.6916666666666,0.04879237288135593,0.23401553672316383
1548,36.05555555555556,43.611111111111114,43.611111111111114,43.05555555555556,21.333333333333332,46.94444444444444,757.1666666666667,915.8333333333334,915.8333333333334,228.95833333333334,1516.1416666666667,1516.1416666666667,0.038806497175141244,0.2569731638418079
1549,53.44444444444444,58.72222222222222,58.72222222222222,58.833333333333336,28.5,64.44444444444444,1122.3333333333333,1233.1666666666667,1233.1666666666667,308.2916666666667,2216.258333333333,2216.258333333333,0.05225282485875707,0.37563700564971747
1550,56.611111111111114,60.44444444444444,60.44444444444444,60.111111111111114,29.166666666666668,71.61111111111111,1188.8333333333335,1269.3333333333333,1269.3333333333333,317.3333333333333,2338.3500000000004,2338.3500000000004,0.05378531073446327,0.39633050847457635
1551,34.666666666666664,39.388888888888886,39.388888888888886,38.666666666666664,19.055555555555557,42.166666666666664,728.0,827.1666666666666,827.1666666666666,206.79166666666666,1444.3916666666667,1444.3916666666667,0.03504943502824859,0.24481214689265537
1552,50.0,57.0,57.0,56.333333333333336,27.27777777777778,63.666666666666664,1050.0,1197.0,1197.0,299.25,2084.25,2084.25,0.050720338983050846,0.3532627118644068
1553,46.611111111111114,44.166666666666664,44.166666666666664,44.22222222222222,21.11111111111111,54.111111111111114,978.8333333333334,927.5,927.5,231.875,1895.8916666666667,1895.8916666666667,0.03930084745762712,0.32133757062146895
1554,35.5,47.0,47.0,46.27777777777778,23.833333333333332,53.05555555555556,745.5,987.0,987.0,246.75,1514.1,1514.1,0.041822033898305085,0.2566271186440678
1555,57.27777777777778,52.833333333333336,52.833333333333336,52.22222222222222,26.833333333333332,68.16666666666667,1202.8333333333333,1109.5,1109.5,277.375,2322.1916666666666,2322.1916666666666,0.04701271186440678,0.3935918079096045
1556,31.555555555555557,36.388888888888886,36.388888888888886,35.77777777777778,17.833333333333332,32.05555555555556,662.6666666666667,764.1666666666666,764.1666666666666,191.04166666666666,1317.5750000000003,1317.5750000000003,0.03237994350282486,0.22331779661016954
1557,43.55555555555556,56.0,56.0,56.611111111111114,27.88888888888889,59.27777777777778,914.6666666666667,1176.0,1176.0,294.0,1848.9333333333334,1848.9333333333334,0.04983050847457627,0.3133785310734463
1558,47.22222222222222,52.111111111111114,52.111111111111114,51.833333333333336,25.5,56.77777777777778,991.6666666666666,1094.3333333333335,1094.3333333333335,273.58333333333337,1959.4166666666665,1959.4166666666665,0.04637005649717515,0.3321045197740113
1559,46.888888888888886,54.388888888888886,54.388888888888886,53.77777777777778,27.11111111111111,57.666666666666664,984.6666666666666,1142.1666666666665,1142.1666666666665,285.54166666666663,1959.475,1959.475,0.04839689265536722,0.332114406779661
1560,39.333333333333336,55.55555555555556,55.55555555555556,55.44444444444444,29.833333333333332,48.611111111111114,826.0,1166.6666666666667,1166.6666666666667,291.6666666666667,1695.8666666666668,1695.8666666666668,0.04943502824858757,0.2874350282485876
1561,54.05555555555556,54.72222222222222,54.72222222222222,54.0,26.333333333333332,63.22222222222222,1135.1666666666667,1149.1666666666667,1149.1666666666667,287.2916666666667,2217.075,2217.075,0.04869350282485876,0.3757754237288135
1562,37.05555555555556,63.166666666666664,63.166666666666664,62.22222222222222,31.444444444444443,51.0,778.1666666666667,1326.5,1326.5,331.625,1654.5083333333334,1654.5083333333334,0.05620762711864407,0.2804251412429379
1563,48.388888888888886,51.22222222222222,51.22222222222222,51.72222222222222,25.444444444444443,62.111111111111114,1016.1666666666666,1075.6666666666667,1075.6666666666667,268.9166666666667,1996.3999999999999,1996.3999999999999,0.04557909604519774,0.3383728813559322
1564,28.38888888888889,43.77777777777778,43.77777777777778,42.72222222222222,21.666666666666668,39.0,596.1666666666666,919.3333333333334,919.3333333333334,229.83333333333334,1243.3166666666666,1243.3166666666666,0.038954802259887004,0.2107316384180791
1565,50.111111111111114,47.888888888888886,47.888888888888886,46.72222222222222,22.38888888888889,66.61111111111111,1052.3333333333335,1005.6666666666666,1005.6666666666666,251.41666666666666,2040.3833333333337,2040.3833333333337,0.042612994350282485,0.3458276836158193
1566,50.611111111111114,48.111111111111114,48.111111111111114,47.888888888888886,24.444444444444443,54.77777777777778,1062.8333333333335,1010.3333333333334,1010.3333333333334,252.58333333333334,2059.4,2059.4,0.04281073446327684,0.34905084745762716
1567,54.166666666666664,54.72222222222222,54.72222222222222,53.611111111111114,25.77777777777778,66.0,1137.5,1149.1666666666667,1149.1666666666667,287.2916666666667,2221.0416666666665,2221.0416666666665,0.04869350282485876,0.3764477401129943
1568,46.5,55.111111111111114,55.111111111111114,55.22222222222222,28.5,58.27777777777778,976.5,1157.3333333333335,1157.3333333333335,289.33333333333337,1949.3833333333332,1949.3833333333332,0.049039548022598876,0.33040395480225987
1569,37.22222222222222,43.833333333333336,43.833333333333336,43.55555555555556,22.22222222222222,40.0,781.6666666666666,920.5,920.5,230.125,1558.9583333333333,1558.9583333333333,0.039004237288135596,0.26423022598870055
1570,57.111111111111114,52.55555555555556,52.55555555555556,52.5,24.944444444444443,66.72222222222223,1199.3333333333335,1103.6666666666667,1103.6666666666667,275.9166666666667,2314.7833333333333,2314.7833333333333,0.046765536723163845,0.3923361581920904
1571,45.72222222222222,44.666666666666664,44.666666666666664,43.888888888888886,21.72222222222222,53.388888888888886,960.1666666666666,938.0,938.0,234.5,1866.7833333333333,1866.7833333333333,0.039745762711864405,0.31640395480225986
1572,50.388888888888886,53.72222222222222,53.72222222222222,52.666666666666664,25.11111111111111,58.0,1058.1666666666665,1128.1666666666667,1128.1666666666667,282.0416666666667,2080.9249999999997,2080.9249999999997,0.04780367231638418,0.35269915254237283
1573,49.611111111111114,57.333333333333336,57.333333333333336,56.72222222222222,27.666666666666668,64.55555555555556,1041.8333333333335,1204.0,1204.0,301.0,2072.116666666667,2072.116666666667,0.051016949152542374,0.35120621468926555
1574,38.111111111111114,44.888888888888886,44.888888888888886,43.94444444444444,21.38888888888889,45.27777777777778,800.3333333333334,942.6666666666666,942.6666666666666,235.66666666666666,1596.2333333333333,1596.2333333333333,0.039943502824858756,0.27054802259887006
1575,43.94444444444444,49.111111111111114,49.111111111111114,48.388888888888886,25.38888888888889,51.166666666666664,922.8333333333333,1031.3333333333335,1031.3333333333335,257.83333333333337,1826.65,1826.65,0.04370056497175142,0.30960169491525424
1576,48.388888888888886,50.94444444444444,50.94444444444444,50.05555555555556,25.27777777777778,54.333333333333336,1016.1666666666666,1069.8333333333333,1069.8333333333333,267.4583333333333,1994.9416666666664,1994.9416666666664,0.0453319209039548,0.33812570621468924
1577,41.666666666666664,45.0,45.0,44.611111111111114,22.0,51.55555555555556,875.0,945.0,945.0,236.25,1723.75,1723.75,0.04004237288135593,0.29216101694915253
1578,42.111111111111114,50.44444444444444,50.44444444444444,50.166666666666664,24.944444444444443,50.166666666666664,884.3333333333334,1059.3333333333333,1059.3333333333333,264.8333333333333,1768.2,1768.2,0.04488700564971751,0.2996949152542373
1579,37.111111111111114,41.5,41.5,41.0,20.38888888888889,42.72222222222222,779.3333333333334,871.5,871.5,217.875,1542.7416666666668,1542.7416666666668,0.036927966101694916,0.26148163841807914
1580,61.611111111111114,60.888888888888886,60.888888888888886,60.94444444444444,30.666666666666668,72.88888888888889,1293.8333333333335,1278.6666666666665,1278.6666666666665,319.66666666666663,2519.1833333333334,2519.1833333333334,0.054180790960451974,0.42698022598870056
1581,49.22222222222222,47.833333333333336,47.833333333333336,47.94444444444444,24.22222222222222,53.166666666666664,1033.6666666666667,1004.5,1004.5,251.125,2008.3583333333333,2008.3583333333333,0.0425635593220339,0.3403997175141243
1582,53.44444444444444,65.05555555555556,65.05555555555556,64.22222222222223,30.833333333333332,66.05555555555556,1122.3333333333333,1366.1666666666667,1366.1666666666667,341.5416666666667,2249.508333333333,2249.508333333333,0.057888418079096046,0.3812725988700565
1583,30.944444444444443,42.77777777777778,42.77777777777778,42.833333333333336,22.0,36.94444444444444,649.8333333333333,898.3333333333334,898.3333333333334,224.58333333333334,1329.2999999999997,1329.2999999999997,0.03806497175141243,0.22530508474576266
1584,40.55555555555556,43.55555555555556,43.55555555555556,42.72222222222222,19.666666666666668,47.5,851.6666666666667,914.6666666666667,914.6666666666667,228.66666666666669,1676.5000000000002,1676.5000000000002,0.03875706214689266,0.2841525423728814
1585,45.666666666666664,43.27777777777778,43.27777777777778,43.22222222222222,21.61111111111111,48.611111111111114,959.0,908.8333333333334,908.8333333333334,227.20833333333334,1857.5083333333332,1857.5083333333332,0.038509887005649716,0.3148319209039548
1586,46.166666666666664,49.77777777777778,49.77777777777778,49.77777777777778,24.77777777777778,54.22222222222222,969.5,1045.3333333333333,1045.3333333333333,261.3333333333333,1909.4833333333331,1909.4833333333331,0.04429378531073446,0.32364124293785307
1587,28.61111111111111,30.5,30.5,30.166666666666668,13.5,36.05555555555556,600.8333333333334,640.5,640.5,160.125,1181.5416666666667,1181.5416666666667,0.027139830508474575,0.20026129943502827
1588,40.55555555555556,49.388888888888886,49.388888888888886,48.94444444444444,25.444444444444443,46.55555555555556,851.6666666666667,1037.1666666666665,1037.1666666666665,259.29166666666663,1707.125,1707.125,0.04394774011299434,0.2893432203389831
1589,25.944444444444443,38.0,38.0,38.05555555555556,19.77777777777778,30.38888888888889,544.8333333333333,798.0,798.0,199.5,1125.7166666666665,1125.7166666666665,0.0338135593220339,0.19079943502824856
1590,53.05555555555556,51.388888888888886,51.388888888888886,50.72222222222222,23.27777777777778,57.611111111111114,1114.1666666666667,1079.1666666666665,1079.1666666666665,269.79166666666663,2163.875,2163.875,0.045727401129943494,0.3667584745762712
1591,49.77777777777778,51.611111111111114,51.611111111111114,51.833333333333336,25.333333333333332,62.0,1045.3333333333333,1083.8333333333335,1083.8333333333335,270.95833333333337,2048.0249999999996,2048.0249999999996,0.04592514124293786,0.34712288135593217
1592,45.333333333333336,61.833333333333336,61.833333333333336,60.611111111111114,31.055555555555557,60.166666666666664,952.0,1298.5,1298.5,324.625,1943.0249999999999,1943.0249999999999,0.055021186440677966,0.32932627118644064
1593,47.0,58.388888888888886,58.388888888888886,57.666666666666664,27.38888888888889,61.833333333333336,987.0,1226.1666666666665,1226.1666666666665,306.54166666666663,1984.4416666666666,1984.4416666666666,0.05195621468926553,0.3363460451977401
1594,39.388888888888886,47.666666666666664,47.666666666666664,47.111111111111114,24.0,46.166666666666664,827.1666666666666,1001.0,1001.0,250.25,1656.4333333333332,1656.4333333333332,0.04241525423728813,0.2807514124293785
1595,36.94444444444444,51.666666666666664,51.666666666666664,50.22222222222222,24.72222222222222,47.27777777777778,775.8333333333333,1085.0,1085.0,271.25,1590.1666666666665,1590.1666666666665,0.04597457627118644,0.2695197740112994
1596,36.5,46.833333333333336,46.833333333333336,46.94444444444444,24.0,49.833333333333336,766.5,983.5,983.5,245.875,1548.925,1548.925,0.041673728813559324,0.26252966101694913
1597,37.888888888888886,53.611111111111114,53.611111111111114,52.666666666666664,25.72222222222222,47.388888888888886,795.6666666666666,1125.8333333333335,1125.8333333333335,281.45833333333337,1634.0916666666667,1634.0916666666667,0.04770480225988701,0.27696468926553675
1598,46.111111111111114,44.5,44.5,43.833333333333336,21.0,59.166666666666664,968.3333333333334,934.5,934.5,233.625,1879.7916666666667,1879.7916666666667,0.039597457627118644,0.3186087570621469
1599,50.55555555555556,57.166666666666664,57.166666666666664,56.44444444444444,27.444444444444443,61.833333333333336,1061.6666666666667,1200.5,1200.5,300.125,2104.9583333333335,2104.9583333333335,0.05086864406779661,0.3567725988700565
1600,35.333333333333336,39.27777777777778,39.27777777777778,38.72222222222222,19.444444444444443,42.44444444444444,742.0,824.8333333333334,824.8333333333334,206.20833333333334,1467.6083333333331,1467.6083333333331,0.03495056497175141,0.2487471751412429
1601,32.333333333333336,46.111111111111114,46.111111111111114,45.94444444444444,24.166666666666668,40.22222222222222,679.0,968.3333333333334,968.3333333333334,242.08333333333334,1396.3833333333332,1396.3833333333332,0.041031073446327684,0.23667514124293784
1602,46.72222222222222,46.77777777777778,46.77777777777778,46.94444444444444,24.22222222222222,55.333333333333336,981.1666666666666,982.3333333333334,982.3333333333334,245.58333333333334,1913.5666666666664,1913.5666666666664,0.04162429378531073,0.3243333333333333
1603,40.22222222222222,49.666666666666664,49.666666666666664,49.333333333333336,25.61111111111111,44.44444444444444,844.6666666666666,1043.0,1043.0,260.75,1696.6833333333332,1696.6833333333332,0.044194915254237285,0.2875734463276836
1604,43.5,59.611111111111114,59.611111111111114,58.44444444444444,30.333333333333332,55.5,913.5,1251.8333333333335,1251.8333333333335,312.95833333333337,1865.9083333333333,1865.9083333333333,0.05304378531073447,0.31625564971751413
1605,53.166666666666664,65.05555555555556,65.05555555555556,64.5,30.27777777777778,73.0,1116.5,1366.1666666666667,1366.1666666666667,341.5416666666667,2239.5916666666667,2239.5916666666667,0.057888418079096046,0.3795918079096045
1606,33.166666666666664,41.27777777777778,41.27777777777778,39.666666666666664,19.27777777777778,39.111111111111114,696.5,866.8333333333334,866.8333333333334,216.70833333333334,1400.7583333333332,1400.7583333333332,0.036730225988700564,0.23741666666666664
1607,38.111111111111114,47.333333333333336,47.333333333333336,46.27777777777778,23.0,47.388888888888886,800.3333333333334,994.0,994.0,248.5,1609.0666666666666,1609.0666666666666,0.04211864406779661,0.2727231638418079
1608,27.055555555555557,42.72222222222222,42.72222222222222,42.27777777777778,22.055555555555557,36.22222222222222,568.1666666666667,897.1666666666666,897.1666666666666,224.29166666666666,1190.1750000000002,1190.1750000000002,0.03801553672316384,0.20172457627118648
1609,49.611111111111114,60.333333333333336,60.333333333333336,60.166666666666664,30.72222222222222,65.33333333333333,1041.8333333333335,1267.0,1267.0,316.75,2087.866666666667,2087.866666666667,0.0536864406779661,0.3538757062146893
1610,42.666666666666664,52.166666666666664,52.166666666666664,52.166666666666664,26.72222222222222,54.22222222222222,896.0,1095.5,1095.5,273.875,1797.075,1797.075,0.046419491525423726,0.3045889830508475
1611,51.94444444444444,58.166666666666664,58.166666666666664,57.44444444444444,28.61111111111111,65.5,1090.8333333333333,1221.5,1221.5,305.375,2159.7916666666665,2159.7916666666665,0.05175847457627119,0.36606638418079096
1612,35.333333333333336,44.111111111111114,44.111111111111114,42.72222222222222,22.0,39.5,742.0,926.3333333333334,926.3333333333334,231.58333333333334,1492.9833333333331,1492.9833333333331,0.03925141242937853,0.25304802259887005
1613,43.166666666666664,54.0,54.0,53.388888888888886,26.88888888888889,52.44444444444444,906.5,1134.0,1134.0,283.5,1824.55,1824.55,0.04805084745762712,0.3092457627118644
1614,38.5,40.388888888888886,40.388888888888886,39.44444444444444,19.833333333333332,49.44444444444444,808.5,848.1666666666666,848.1666666666666,212.04166666666666,1586.4916666666668,1586.4916666666668,0.035939265536723164,0.26889689265536726
1615,32.833333333333336,49.77777777777778,49.77777777777778,47.94444444444444,23.77777777777778,41.0,689.5,1045.3333333333333,1045.3333333333333,261.3333333333333,1433.4833333333331,1433.4833333333331,0.04429378531073446,0.24296327683615815
1616,40.833333333333336,47.22222222222222,47.22222222222222,46.55555555555556,22.333333333333332,51.666666666666664,857.5,991.6666666666666,991.6666666666666,247.91666666666666,1705.6666666666667,1705.6666666666667,0.042019774011299436,0.2890960451977401
1617,58.333333333333336,61.888888888888886,61.888888888888886,61.5,29.61111111111111,75.66666666666667,1225.0,1299.6666666666665,1299.6666666666665,324.91666666666663,2407.4166666666665,2407.4166666666665,0.05507062146892655,0.40803672316384176
1618,39.833333333333336,54.77777777777778,54.77777777777778,54.72222222222222,27.22222222222222,52.388888888888886,836.5,1150.3333333333333,1150.3333333333333,287.5833333333333,1709.6333333333332,1709.6333333333332,0.04874293785310734,0.2897683615819209
1619,42.5,53.72222222222222,53.72222222222222,52.44444444444444,25.61111111111111,54.22222222222222,892.5,1128.1666666666667,1128.1666666666667,282.0416666666667,1799.2916666666667,1799.2916666666667,0.04780367231638418,0.3049646892655367
1620,48.94444444444444,65.88888888888889,65.88888888888889,65.33333333333333,33.55555555555556,64.72222222222223,1027.8333333333333,1383.6666666666665,1383.6666666666665,345.91666666666663,2093.233333333333,2093.233333333333,0.058629943502824855,0.35478531073446323
1621,31.77777777777778,40.72222222222222,40.72222222222222,39.55555555555556,20.333333333333332,41.27777777777778,667.3333333333334,855.1666666666666,855.1666666666666,213.79166666666666,1348.2583333333334,1348.2583333333334,0.036235875706214685,0.22851836158192093
1622,49.0,54.55555555555556,54.55555555555556,53.833333333333336,26.72222222222222,58.0,1029.0,1145.6666666666667,1145.6666666666667,286.4166666666667,2035.7166666666667,2035.7166666666667,0.048545197740113,0.3450367231638418
1623,25.11111111111111,37.388888888888886,37.388888888888886,37.27777777777778,18.833333333333332,32.611111111111114,527.3333333333334,785.1666666666666,785.1666666666666,196.29166666666666,1092.7583333333334,1092.7583333333334,0.033269774011299436,0.1852132768361582
1624,25.11111111111111,33.666666666666664,33.666666666666664,33.611111111111114,18.555555555555557,30.11111111111111,527.3333333333334,707.0,707.0,176.75,1073.2166666666667,1073.2166666666667,0.029957627118644067,0.18190112994350283
1625,47.0,54.05555555555556,54.05555555555556,53.5,26.666666666666668,56.833333333333336,987.0,1135.1666666666667,1135.1666666666667,283.7916666666667,1961.6916666666666,1961.6916666666666,0.04810028248587571,0.3324901129943503
1626,44.22222222222222,43.5,43.5,43.27777777777778,20.555555555555557,52.05555555555556,928.6666666666666,913.5,913.5,228.375,1807.1083333333331,1807.1083333333331,0.03870762711864407,0.30628954802259883
1627,43.111111111111114,56.72222222222222,56.72222222222222,55.72222222222222,27.72222222222222,54.55555555555556,905.3333333333334,1191.1666666666667,1191.1666666666667,297.7916666666667,1836.8583333333333,1836.8583333333333,0.05047316384180791,0.3113319209039548
1628,53.22222222222222,58.72222222222222,58.72222222222222,58.22222222222222,29.27777777777778,64.5,1117.6666666666667,1233.1666666666667,1233.1666666666667,308.2916666666667,2208.325,2208.325,0.05225282485875707,0.3742923728813559
1629,43.72222222222222,52.0,52.0,51.77777777777778,26.27777777777778,54.888888888888886,918.1666666666666,1092.0,1092.0,273.0,1833.8833333333332,1833.8833333333332,0.046271186440677965,0.3108276836158192
1630,54.55555555555556,57.27777777777778,57.27777777777778,57.111111111111114,29.055555555555557,58.0,1145.6666666666667,1202.8333333333333,1202.8333333333333,300.7083333333333,2248.3416666666667,2248.3416666666667,0.05096751412429378,0.38107485875706215
1631,46.72222222222222,58.27777777777778,58.27777777777778,57.44444444444444,29.72222222222222,58.72222222222222,981.1666666666666,1223.8333333333333,1223.8333333333333,305.9583333333333,1973.9416666666664,1973.9416666666664,0.05185734463276836,0.33456638418079093
1632,44.888888888888886,51.888888888888886,51.888888888888886,50.72222222222222,25.77777777777778,46.0,942.6666666666666,1089.6666666666665,1089.6666666666665,272.41666666666663,1874.9499999999998,1874.9499999999998,0.04617231638418078,0.31778813559322033
1633,37.0,42.94444444444444,42.94444444444444,41.888888888888886,21.166666666666668,42.333333333333336,777.0,901.8333333333333,901.8333333333333,225.45833333333331,1546.3583333333331,1546.3583333333331,0.03821327683615819,0.26209463276836154
1634,37.55555555555556,50.611111111111114,50.611111111111114,49.0,25.38888888888889,45.166666666666664,788.6666666666667,1062.8333333333335,1062.8333333333335,265.70833333333337,1606.4416666666666,1606.4416666666666,0.045035310734463284,0.2722782485875706
1635,39.111111111111114,44.77777777777778,44.77777777777778,43.388888888888886,21.38888888888889,49.55555555555556,821.3333333333334,940.3333333333334,940.3333333333334,235.08333333333334,1631.35,1631.35,0.03984463276836158,0.27649999999999997
1636,59.888888888888886,53.72222222222222,53.72222222222222,52.888888888888886,25.22222222222222,71.55555555555556,1257.6666666666665,1128.1666666666667,1128.1666666666667,282.0416666666667,2420.0749999999994,2420.0749999999994,0.04780367231638418,0.4101822033898304
1637,46.111111111111114,46.166666666666664,46.166666666666664,46.166666666666664,24.22222222222222,51.77777777777778,968.3333333333334,969.5,969.5,242.375,1888.5416666666667,1888.5416666666667,0.04108050847457627,0.3200918079096045
1638,40.05555555555556,59.333333333333336,59.333333333333336,58.05555555555556,28.27777777777778,53.111111111111114,841.1666666666667,1246.0,1246.0,311.5,1741.4833333333333,1741.4833333333333,0.052796610169491526,0.2951666666666667
1639,46.05555555555556,56.611111111111114,56.611111111111114,56.55555555555556,30.27777777777778,54.27777777777778,967.1666666666667,1188.8333333333335,1188.8333333333335,297.20833333333337,1941.3916666666669,1941.3916666666669,0.05037429378531074,0.3290494350282486
1640,53.333333333333336,64.5,64.5,64.33333333333333,30.666666666666668,70.94444444444444,1120.0,1354.5,1354.5,338.625,2242.625,2242.625,0.05739406779661017,0.38010593220338984
1641,39.5,53.888888888888886,53.888888888888886,53.0,28.11111111111111,50.27777777777778,829.5,1131.6666666666665,1131.6666666666665,282.91666666666663,1693.0666666666666,1693.0666666666666,0.047951977401129935,0.2869604519774011
1642,30.11111111111111,37.22222222222222,37.22222222222222,37.111111111111114,18.27777777777778,33.666666666666664,632.3333333333334,781.6666666666666,781.6666666666666,195.41666666666666,1270.3833333333334,1270.3833333333334,0.03312146892655367,0.21531920903954804
1643,40.72222222222222,64.61111111111111,64.61111111111111,64.05555555555556,32.388888888888886,55.611111111111114,855.1666666666666,1356.8333333333335,1356.8333333333335,339.20833333333337,1792.9916666666668,1792.9916666666668,0.05749293785310735,0.30389689265536723
1644,49.833333333333336,57.77777777777778,57.77777777777778,56.77777777777778,28.77777777777778,59.22222222222222,1046.5,1213.3333333333333,1213.3333333333333,303.3333333333333,2082.383333333333,2082.383333333333,0.05141242937853107,0.3529463276836158
1645,40.22222222222222,54.5,54.5,53.27777777777778,25.88888888888889,55.166666666666664,844.6666666666666,1144.5,1144.5,286.125,1722.0583333333332,1722.0583333333332,0.048495762711864406,0.2918742937853107
1646,29.38888888888889,46.611111111111114,46.611111111111114,44.94444444444444,23.166666666666668,35.05555555555556,617.1666666666666,978.8333333333334,978.8333333333334,244.70833333333334,1293.8916666666664,1293.8916666666664,0.04147598870056497,0.21930367231638415
1647,41.0,58.388888888888886,58.388888888888886,57.55555555555556,28.444444444444443,54.111111111111114,861.0,1226.1666666666665,1226.1666666666665,306.54166666666663,1770.2416666666668,1770.2416666666668,0.05195621468926553,0.3000409604519774
1648,51.5,53.05555555555556,53.05555555555556,52.72222222222222,27.11111111111111,62.111111111111114,1081.5,1114.1666666666667,1114.1666666666667,278.5416666666667,2117.0916666666667,2117.0916666666667,0.04721045197740113,0.35882909604519775
1649,38.27777777777778,63.111111111111114,63.111111111111114,62.22222222222222,31.666666666666668,50.111111111111114,803.8333333333334,1325.3333333333335,1325.3333333333335,331.33333333333337,1697.85,1697.85,0.056158192090395485,0.28777118644067795
1650,45.94444444444444,52.5,52.5,51.388888888888886,27.0,54.888888888888886,964.8333333333333,1102.5,1102.5,275.625,1915.8416666666665,1915.8416666666665,0.04671610169491525,0.3247189265536723
1651,52.55555555555556,58.44444444444444,58.44444444444444,57.27777777777778,28.22222222222222,63.611111111111114,1103.6666666666667,1227.3333333333333,1227.3333333333333,306.8333333333333,2183.0666666666666,2183.0666666666666,0.05200564971751412,0.37001129943502825
1652,42.388888888888886,60.05555555555556,60.05555555555556,58.666666666666664,29.555555555555557,55.5,890.1666666666666,1261.1666666666667,1261.1666666666667,315.2916666666667,1828.575,1828.575,0.053439265536723166,0.30992796610169493
1653,36.5,49.05555555555556,49.05555555555556,48.44444444444444,25.333333333333332,44.111111111111114,766.5,1030.1666666666667,1030.1666666666667,257.5416666666667,1560.5916666666667,1560.5916666666667,0.04365112994350283,0.2645070621468927
1654,36.833333333333336,51.333333333333336,51.333333333333336,50.72222222222222,26.11111111111111,45.388888888888886,773.5,1078.0,1078.0,269.5,1584.45,1584.45,0.04567796610169492,0.26855084745762714
1655,43.388888888888886,48.611111111111114,48.611111111111114,47.388888888888886,23.055555555555557,52.166666666666664,911.1666666666666,1020.8333333333334,1020.8333333333334,255.20833333333334,1804.1916666666664,1804.1916666666664,0.043255649717514125,0.30579519774011293
1656,43.77777777777778,59.05555555555556,59.05555555555556,58.77777777777778,30.11111111111111,53.05555555555556,919.3333333333334,1240.1666666666667,1240.1666666666667,310.0416666666667,1872.9083333333335,1872.9083333333335,0.05254943502824859,0.31744209039548027
1657,41.55555555555556,60.166666666666664,60.166666666666664,59.22222222222222,29.22222222222222,51.5,872.6666666666667,1263.5,1263.5,315.875,1799.4083333333335,1799.4083333333335,0.05353813559322034,0.3049844632768362
1658,51.833333333333336,51.55555555555556,51.55555555555556,50.611111111111114,24.5,58.44444444444444,1088.5,1082.6666666666667,1082.6666666666667,270.6666666666667,2121.116666666667,2121.116666666667,0.04587570621468927,0.35951129943502824
1659,42.388888888888886,53.833333333333336,53.833333333333336,52.77777777777778,25.5,58.111111111111114,890.1666666666666,1130.5,1130.5,282.625,1795.9083333333333,1795.9083333333333,0.04790254237288136,0.3043912429378531
1660,35.611111111111114,42.611111111111114,42.611111111111114,41.666666666666664,21.22222222222222,44.888888888888886,747.8333333333334,894.8333333333334,894.8333333333334,223.70833333333334,1495.0249999999999,1495.0249999999999,0.03791666666666667,0.25339406779661017
1661,30.77777777777778,41.27777777777778,41.27777777777778,39.94444444444444,19.22222222222222,42.5,646.3333333333334,866.8333333333334,866.8333333333334,216.70833333333334,1315.475,1315.475,0.036730225988700564,0.22296186440677965
1662,38.94444444444444,46.333333333333336,46.333333333333336,45.94444444444444,23.22222222222222,43.77777777777778,817.8333333333333,973.0,973.0,243.25,1633.5666666666666,1633.5666666666666,0.041228813559322036,0.27687570621468927
1663,44.666666666666664,51.94444444444444,51.94444444444444,51.72222222222222,24.72222222222222,53.666666666666664,938.0,1090.8333333333333,1090.8333333333333,272.7083333333333,1867.3083333333332,1867.3083333333332,0.046221751412429374,0.31649293785310734
1664,47.22222222222222,60.0,60.0,59.44444444444444,29.333333333333332,61.333333333333336,991.6666666666666,1260.0,1260.0,315.0,2000.8333333333333,2000.8333333333333,0.053389830508474574,0.3391242937853107
1665,41.05555555555556,48.888888888888886,48.888888888888886,48.05555555555556,24.444444444444443,49.166666666666664,862.1666666666667,1026.6666666666665,1026.6666666666665,256.66666666666663,1722.35,1722.35,0.043502824858757054,0.2919237288135593
1666,44.44444444444444,57.77777777777778,57.77777777777778,56.666666666666664,27.72222222222222,54.888888888888886,933.3333333333333,1213.3333333333333,1213.3333333333333,303.3333333333333,1889.9999999999998,1889.9999999999998,0.05141242937853107,0.3203389830508474
1667,43.77777777777778,52.94444444444444,52.94444444444444,51.55555555555556,26.0,50.77777777777778,919.3333333333334,1111.8333333333333,1111.8333333333333,277.9583333333333,1840.825,1840.825,0.04711158192090395,0.3120042372881356
1668,45.72222222222222,54.77777777777778,54.77777777777778,53.27777777777778,26.944444444444443,60.388888888888886,960.1666666666666,1150.3333333333333,1150.3333333333333,287.5833333333333,1919.8666666666666,1919.8666666666666,0.04874293785310734,0.3254011299435028
1669,39.27777777777778,48.611111111111114,48.611111111111114,46.666666666666664,22.5,51.111111111111114,824.8333333333334,1020.8333333333334,1020.8333333333334,255.20833333333334,1657.425,1657.425,0.043255649717514125,0.2809194915254237
1670,44.833333333333336,44.05555555555556,44.05555555555556,43.0,20.27777777777778,49.611111111111114,941.5,925.1666666666667,925.1666666666667,231.29166666666669,1831.8416666666667,1831.8416666666667,0.03920197740112995,0.3104816384180791
1671,39.111111111111114,52.94444444444444,52.94444444444444,51.22222222222222,26.11111111111111,50.27777777777778,821.3333333333334,1111.8333333333333,1111.8333333333333,277.9583333333333,1674.225,1674.225,0.04711158192090395,0.28376694915254236
1672,54.72222222222222,62.388888888888886,62.388888888888886,62.72222222222222,32.22222222222222,61.72222222222222,1149.1666666666667,1310.1666666666665,1310.1666666666665,327.54166666666663,2281.125,2281.125,0.05551553672316384,0.3866313559322034
1673,52.388888888888886,62.0,62.0,62.111111111111114,31.666666666666668,69.11111111111111,1100.1666666666665,1302.0,1302.0,325.5,2195.783333333333,2195.783333333333,0.055169491525423726,0.3721666666666666
1674,33.611111111111114,51.0,51.0,50.5,24.88888888888889,43.611111111111114,705.8333333333334,1071.0,1071.0,267.75,1467.6666666666667,1467.6666666666667,0.04538135593220339,0.24875706214689267
1675,48.0,51.27777777777778,51.27777777777778,50.611111111111114,26.88888888888889,52.05555555555556,1008.0,1076.8333333333333,1076.8333333333333,269.2083333333333,1982.8083333333332,1982.8083333333332,0.045628531073446325,0.336069209039548
1676,48.94444444444444,58.333333333333336,58.333333333333336,57.333333333333336,27.38888888888889,60.05555555555556,1027.8333333333333,1225.0,1225.0,306.25,2053.5666666666666,2053.5666666666666,0.05190677966101695,0.34806214689265536
1677,42.333333333333336,41.55555555555556,41.55555555555556,40.333333333333336,20.333333333333332,48.888888888888886,889.0,872.6666666666667,872.6666666666667,218.16666666666669,1729.4666666666667,1729.4666666666667,0.03697740112994351,0.29312994350282484
1678,35.833333333333336,53.27777777777778,53.27777777777778,52.888888888888886,25.833333333333332,43.388888888888886,752.5,1118.8333333333333,1118.8333333333333,279.7083333333333,1558.9583333333333,1558.9583333333333,0.04740819209039548,0.26423022598870055
1679,39.77777777777778,49.5,49.5,49.333333333333336,24.444444444444443,47.55555555555556,835.3333333333334,1039.5,1039.5,259.875,1679.9416666666666,1679.9416666666666,0.044046610169491525,0.28473587570621467
1680,52.72222222222222,57.611111111111114,57.611111111111114,57.333333333333336,28.055555555555557,65.94444444444444,1107.1666666666667,1209.8333333333335,1209.8333333333335,302.45833333333337,2184.641666666667,2184.641666666667,0.05126412429378532,0.37027824858757064
1681,34.0,53.22222222222222,53.22222222222222,51.72222222222222,25.833333333333332,46.27777777777778,714.0,1117.6666666666667,1117.6666666666667,279.4166666666667,1493.2166666666667,1493.2166666666667,0.04735875706214689,0.2530875706214689
1682,38.611111111111114,43.05555555555556,43.05555555555556,42.94444444444444,22.333333333333332,43.5,810.8333333333334,904.1666666666667,904.1666666666667,226.04166666666669,1604.4583333333335,1604.4583333333335,0.03831214689265537,0.27194209039548023
1683,40.166666666666664,50.55555555555556,50.55555555555556,49.611111111111114,24.666666666666668,49.388888888888886,843.5,1061.6666666666667,1061.6666666666667,265.4166666666667,1699.3666666666668,1699.3666666666668,0.04498587570621469,0.28802824858757065
1684,39.111111111111114,56.27777777777778,56.27777777777778,54.77777777777778,27.88888888888889,55.388888888888886,821.3333333333334,1181.8333333333333,1181.8333333333333,295.4583333333333,1691.725,1691.725,0.050077683615819206,0.2867330508474576
1685,45.94444444444444,46.05555555555556,46.05555555555556,45.05555555555556,21.27777777777778,53.27777777777778,964.8333333333333,967.1666666666667,967.1666666666667,241.79166666666669,1882.0083333333332,1882.0083333333332,0.0409816384180791,0.31898446327683616
1686,38.05555555555556,54.166666666666664,54.166666666666664,53.333333333333336,28.72222222222222,49.72222222222222,799.1666666666667,1137.5,1137.5,284.375,1642.9583333333335,1642.9583333333335,0.048199152542372885,0.2784675141242938
1687,49.94444444444444,52.833333333333336,52.833333333333336,51.388888888888886,25.0,61.333333333333336,1048.8333333333333,1109.5,1109.5,277.375,2060.3916666666664,2060.3916666666664,0.04701271186440678,0.34921892655367226
1688,43.55555555555556,66.05555555555556,66.05555555555556,64.83333333333333,32.27777777777778,58.0,914.6666666666667,1387.1666666666667,1387.1666666666667,346.7916666666667,1901.7250000000001,1901.7250000000001,0.05877824858757062,0.3223262711864407
1689,45.111111111111114,59.888888888888886,59.888888888888886,58.94444444444444,30.88888888888889,54.333333333333336,947.3333333333334,1257.6666666666665,1257.6666666666665,314.41666666666663,1924.8833333333332,1924.8833333333332,0.05329096045197739,0.3262514124293785
1690,49.888888888888886,52.72222222222222,52.72222222222222,52.611111111111114,24.88888888888889,62.388888888888886,1047.6666666666665,1107.1666666666667,1107.1666666666667,276.7916666666667,2057.825,2057.825,0.046913841807909605,0.3487838983050847
1691,36.888888888888886,40.611111111111114,40.611111111111114,40.388888888888886,19.666666666666668,49.388888888888886,774.6666666666666,852.8333333333334,852.8333333333334,213.20833333333334,1530.1416666666664,1530.1416666666664,0.036137005649717516,0.25934604519774007
1692,60.22222222222222,53.55555555555556,53.55555555555556,53.0,24.333333333333332,73.27777777777777,1264.6666666666667,1124.6666666666667,1124.6666666666667,281.1666666666667,2431.1,2431.1,0.04765536723163842,0.4120508474576271
1693,49.388888888888886,54.0,54.0,54.05555555555556,26.833333333333332,60.44444444444444,1037.1666666666665,1134.0,1134.0,283.5,2046.683333333333,2046.683333333333,0.04805084745762712,0.34689548022598865
1694,39.111111111111114,47.05555555555556,47.05555555555556,45.94444444444444,24.38888888888889,48.22222222222222,821.3333333333334,988.1666666666667,988.1666666666667,247.04166666666669,1643.3083333333334,1643.3083333333334,0.041871468926553676,0.2785268361581921
1695,53.166666666666664,62.333333333333336,62.333333333333336,61.611111111111114,29.944444444444443,63.94444444444444,1116.5,1309.0,1309.0,327.25,2225.3,2225.3,0.055466101694915254,0.3771694915254238
1696,35.55555555555556,38.388888888888886,38.388888888888886,37.72222222222222,19.333333333333332,42.5,746.6666666666667,806.1666666666666,806.1666666666666,201.54166666666666,1470.8750000000002,1470.8750000000002,0.03415960451977401,0.24930084745762715
1697,29.88888888888889,45.22222222222222,45.22222222222222,45.0,23.22222222222222,39.333333333333336,627.6666666666666,949.6666666666666,949.6666666666666,237.41666666666666,1304.45,1304.45,0.040240112994350284,0.22109322033898307
1698,47.5,56.5,56.5,55.833333333333336,26.61111111111111,59.77777777777778,997.5,1186.5,1186.5,296.625,1992.375,1992.375,0.05027542372881356,0.3376906779661017
1699,41.166666666666664,57.72222222222222,57.72222222222222,57.666666666666664,30.055555555555557,46.333333333333336,864.5,1212.1666666666667,1212.1666666666667,303.0416666666667,1772.6916666666666,1772.6916666666666,0.051362994350282486,0.30045621468926553
1700,51.0,58.611111111111114,58.611111111111114,58.55555555555556,29.22222222222222,64.72222222222223,1071.0,1230.8333333333335,1230.8333333333335,307.70833333333337,2128.4083333333333,2128.4083333333333,0.05215395480225989,0.36074717514124294
1701,49.05555555555556,47.333333333333336,47.333333333333336,47.166666666666664,22.38888888888889,57.55555555555556,1030.1666666666667,994.0,994.0,248.5,1999.7833333333333,1999.7833333333333,0.04211864406779661,0.3389463276836158
1702,46.5,44.888888888888886,44.888888888888886,44.77777777777778,21.333333333333332,52.94444444444444,976.5,942.6666666666666,942.6666666666666,235.66666666666666,1895.7166666666667,1895.7166666666667,0.039943502824858756,0.32130790960451977
1703,55.0,59.94444444444444,59.94444444444444,59.44444444444444,29.0,60.44444444444444,1155.0,1258.8333333333333,1258.8333333333333,314.7083333333333,2278.2083333333335,2278.2083333333335,0.05334039548022598,0.38613700564971754
1704,38.27777777777778,48.27777777777778,48.27777777777778,47.111111111111114,23.555555555555557,48.77777777777778,803.8333333333334,1013.8333333333334,1013.8333333333334,253.45833333333334,1619.975,1619.975,0.042959039548022604,0.2745720338983051
1705,39.72222222222222,39.888888888888886,39.888888888888886,39.27777777777778,20.944444444444443,38.888888888888886,834.1666666666666,837.6666666666666,837.6666666666666,209.41666666666666,1627.5,1627.5,0.035494350282485876,0.27584745762711865
1706,42.44444444444444,42.94444444444444,42.94444444444444,41.888888888888886,20.72222222222222,42.72222222222222,891.3333333333333,901.8333333333333,901.8333333333333,225.45833333333331,1740.7249999999997,1740.7249999999997,0.03821327683615819,0.2950381355932203
1707,41.55555555555556,64.66666666666667,64.66666666666667,64.16666666666667,33.55555555555556,57.166666666666664,872.6666666666667,1358.0,1358.0,339.5,1823.0333333333335,1823.0333333333335,0.057542372881355934,0.3089887005649718
1708,50.27777777777778,57.5,57.5,56.22222222222222,27.77777777777778,58.94444444444444,1055.8333333333333,1207.5,1207.5,301.875,2096.7916666666665,2096.7916666666665,0.051165254237288134,0.35538841807909605
1709,45.333333333333336,57.27777777777778,57.27777777777778,56.77777777777778,29.555555555555557,58.666666666666664,952.0,1202.8333333333333,1202.8333333333333,300.7083333333333,1919.1083333333331,1919.1083333333331,0.05096751412429378,0.32527259887005644
1710,27.61111111111111,35.22222222222222,35.22222222222222,33.77777777777778,16.833333333333332,33.05555555555556,579.8333333333334,739.6666666666666,739.6666666666666,184.91666666666666,1170.6333333333334,1170.6333333333334,0.031341807909604516,0.1984124293785311
1711,35.666666666666664,57.0,57.0,55.94444444444444,28.0,47.611111111111114,749.0,1197.0,1197.0,299.25,1572.55,1572.55,0.050720338983050846,0.2665338983050847
1712,56.166666666666664,57.333333333333336,57.333333333333336,56.77777777777778,27.833333333333332,69.44444444444444,1179.5,1204.0,1204.0,301.0,2306.1499999999996,2306.1499999999996,0.051016949152542374,0.3908728813559321
1713,46.833333333333336,55.888888888888886,55.888888888888886,56.166666666666664,28.0,58.833333333333336,983.5,1173.6666666666665,1173.6666666666665,293.41666666666663,1965.3666666666668,1965.3666666666668,0.04973163841807909,0.3331129943502825
1714,62.111111111111114,63.833333333333336,63.833333333333336,62.44444444444444,31.27777777777778,72.83333333333333,1304.3333333333335,1340.5,1340.5,335.125,2552.491666666667,2552.491666666667,0.05680084745762712,0.43262570621468927
1715,51.666666666666664,58.166666666666664,58.166666666666664,57.55555555555556,29.0,60.05555555555556,1085.0,1221.5,1221.5,305.375,2149.875,2149.875,0.05175847457627119,0.364385593220339
1716,33.611111111111114,44.388888888888886,44.388888888888886,44.111111111111114,21.88888888888889,47.55555555555556,705.8333333333334,932.1666666666666,932.1666666666666,233.04166666666666,1432.9583333333335,1432.9583333333335,0.03949858757062147,0.24287429378531075
1717,33.888888888888886,43.388888888888886,43.388888888888886,41.94444444444444,20.61111111111111,46.0,711.6666666666666,911.1666666666666,911.1666666666666,227.79166666666666,1437.625,1437.625,0.03860875706214689,0.24366525423728813
1718,46.27777777777778,45.333333333333336,45.333333333333336,44.0,19.833333333333332,55.27777777777778,971.8333333333334,952.0,952.0,238.0,1890.1166666666668,1890.1166666666668,0.04033898305084746,0.3203587570621469
1719,37.27777777777778,57.5,57.5,57.166666666666664,28.5,49.333333333333336,782.8333333333334,1207.5,1207.5,301.875,1632.6916666666666,1632.6916666666666,0.051165254237288134,0.2767274011299435
1720,43.111111111111114,47.22222222222222,47.22222222222222,46.888888888888886,23.555555555555557,50.5,905.3333333333334,991.6666666666666,991.6666666666666,247.91666666666666,1786.9833333333333,1786.9833333333333,0.042019774011299436,0.3028785310734463
1721,55.666666666666664,58.05555555555556,58.05555555555556,58.388888888888886,29.166666666666668,62.333333333333336,1169.0,1219.1666666666667,1219.1666666666667,304.7916666666667,2292.0916666666667,2292.0916666666667,0.05165960451977401,0.38849011299435027
1722,39.77777777777778,47.44444444444444,47.44444444444444,46.94444444444444,25.055555555555557,45.72222222222222,835.3333333333334,996.3333333333333,996.3333333333333,249.08333333333331,1669.1499999999999,1669.1499999999999,0.04221751412429378,0.2829067796610169
1723,33.611111111111114,38.05555555555556,38.05555555555556,37.833333333333336,18.833333333333332,42.44444444444444,705.8333333333334,799.1666666666667,799.1666666666667,199.79166666666669,1399.7083333333335,1399.7083333333335,0.03386299435028249,0.2372387005649718
1724,43.72222222222222,42.888888888888886,42.888888888888886,42.833333333333336,21.77777777777778,52.44444444444444,918.1666666666666,900.6666666666666,900.6666666666666,225.16666666666666,1786.05,1786.05,0.038163841807909604,0.30272033898305084
1725,48.0,51.888888888888886,51.888888888888886,51.22222222222222,25.77777777777778,48.72222222222222,1008.0,1089.6666666666665,1089.6666666666665,272.41666666666663,1986.0166666666664,1986.0166666666664,0.04617231638418078,0.33661299435028247
1726,52.333333333333336,61.05555555555556,61.05555555555556,60.666666666666664,30.77777777777778,64.94444444444444,1099.0,1282.1666666666667,1282.1666666666667,320.5416666666667,2188.8416666666667,2188.8416666666667,0.05432909604519774,0.3709901129943503
1727,47.611111111111114,58.05555555555556,58.05555555555556,57.77777777777778,29.38888888888889,61.72222222222222,999.8333333333334,1219.1666666666667,1219.1666666666667,304.7916666666667,2004.5083333333334,2004.5083333333334,0.05165960451977401,0.339747175141243
1728,44.166666666666664,50.05555555555556,50.05555555555556,50.111111111111114,25.22222222222222,50.0,927.5,1051.1666666666667,1051.1666666666667,262.7916666666667,1839.5416666666667,1839.5416666666667,0.044540960451977404,0.3117867231638418
1729,52.5,49.111111111111114,49.111111111111114,47.72222222222222,24.833333333333332,59.27777777777778,1102.5,1031.3333333333335,1031.3333333333335,257.83333333333337,2132.0833333333335,2132.0833333333335,0.04370056497175142,0.3613700564971752
1730,53.77777777777778,57.888888888888886,57.888888888888886,56.77777777777778,27.833333333333332,68.88888888888889,1129.3333333333333,1215.6666666666665,1215.6666666666665,303.91666666666663,2223.7833333333333,2223.7833333333333,0.05151129943502824,0.3769124293785311
1731,46.111111111111114,53.111111111111114,53.111111111111114,52.888888888888886,26.555555555555557,55.166666666666664,968.3333333333334,1115.3333333333335,1115.3333333333335,278.83333333333337,1925.0,1925.0,0.047259887005649724,0.326271186440678
1732,38.27777777777778,55.333333333333336,55.333333333333336,55.5,29.055555555555557,48.55555555555556,803.8333333333334,1162.0,1162.0,290.5,1657.0166666666667,1657.0166666666667,0.04923728813559322,0.2808502824858757
1733,55.111111111111114,58.833333333333336,58.833333333333336,58.166666666666664,27.944444444444443,66.27777777777777,1157.3333333333335,1235.5,1235.5,308.875,2276.341666666667,2276.341666666667,0.05235169491525424,0.38582062146892665
1734,35.888888888888886,47.77777777777778,47.77777777777778,47.611111111111114,23.055555555555557,47.611111111111114,753.6666666666666,1003.3333333333334,1003.3333333333334,250.83333333333334,1532.0666666666666,1532.0666666666666,0.04251412429378531,0.25967231638418076
1735,48.611111111111114,58.72222222222222,58.72222222222222,58.333333333333336,28.555555555555557,57.666666666666664,1020.8333333333334,1233.1666666666667,1233.1666666666667,308.2916666666667,2043.7083333333335,2043.7083333333335,0.05225282485875707,0.3463912429378531
1736,44.666666666666664,63.94444444444444,63.94444444444444,63.666666666666664,33.22222222222222,57.611111111111114,938.0,1342.8333333333333,1342.8333333333333,335.7083333333333,1930.3083333333332,1930.3083333333332,0.05689971751412429,0.32717090395480225
1737,41.888888888888886,41.666666666666664,41.666666666666664,41.888888888888886,20.27777777777778,47.388888888888886,879.6666666666666,875.0,875.0,218.75,1714.1833333333332,1714.1833333333332,0.037076271186440676,0.29053954802259885
1738,52.22222222222222,62.833333333333336,62.833333333333336,62.111111111111114,30.333333333333332,67.38888888888889,1096.6666666666667,1319.5,1319.5,329.875,2194.2083333333335,2194.2083333333335,0.05591101694915254,0.3718997175141243
1739,44.05555555555556,40.666666666666664,40.666666666666664,39.833333333333336,18.055555555555557,52.0,925.1666666666667,854.0,854.0,213.5,1786.2833333333335,1786.2833333333335,0.0361864406779661,0.30275988700564976
1740,33.833333333333336,43.77777777777778,43.77777777777778,43.55555555555556,20.333333333333332,44.166666666666664,710.5,919.3333333333334,919.3333333333334,229.83333333333334,1437.6833333333332,1437.6833333333332,0.038954802259887004,0.24367514124293782
1741,47.72222222222222,51.22222222222222,51.22222222222222,50.55555555555556,24.88888888888889,62.55555555555556,1002.1666666666666,1075.6666666666667,1075.6666666666667,268.9166666666667,1972.6,1972.6,0.04557909604519774,0.3343389830508474
1742,48.05555555555556,55.166666666666664,55.166666666666664,55.333333333333336,27.666666666666668,55.5,1009.1666666666667,1158.5,1158.5,289.625,2005.2083333333335,2005.2083333333335,0.04908898305084746,0.3398658192090396
1743,42.55555555555556,47.27777777777778,47.27777777777778,46.388888888888886,24.055555555555557,52.22222222222222,893.6666666666667,992.8333333333334,992.8333333333334,248.20833333333334,1767.4416666666666,1767.4416666666666,0.04206920903954802,0.29956638418079096
1744,33.388888888888886,46.0,46.0,45.888888888888886,22.38888888888889,43.5,701.1666666666666,966.0,966.0,241.5,1433.4833333333333,1433.4833333333333,0.04093220338983051,0.2429632768361582
1745,40.22222222222222,44.0,44.0,43.0,21.5,48.666666666666664,844.6666666666666,924.0,924.0,231.0,1666.9333333333332,1666.9333333333332,0.039152542372881356,0.28253107344632766
1746,46.333333333333336,54.5,54.5,54.22222222222222,27.666666666666668,55.77777777777778,973.0,1144.5,1144.5,286.125,1940.225,1940.225,0.048495762711864406,0.32885169491525423
1747,41.333333333333336,60.611111111111114,60.611111111111114,59.94444444444444,31.055555555555557,51.27777777777778,868.0,1272.8333333333335,1272.8333333333335,318.20833333333337,1793.8083333333334,1793.8083333333334,0.053933615819209045,0.30403531073446327
1748,55.22222222222222,67.66666666666667,67.66666666666667,66.94444444444444,33.77777777777778,65.38888888888889,1159.6666666666667,1421.0,1421.0,355.25,2326.6833333333334,2326.6833333333334,0.06021186440677966,0.3943531073446328
1749,51.05555555555556,59.5,59.5,58.55555555555556,28.166666666666668,69.94444444444444,1072.1666666666667,1249.5,1249.5,312.375,2135.0583333333334,2135.0583333333334,0.052944915254237286,0.3618742937853107
1750,40.55555555555556,54.166666666666664,54.166666666666664,53.27777777777778,26.77777777777778,52.388888888888886,851.6666666666667,1137.5,1137.5,284.375,1732.2083333333335,1732.2083333333335,0.048199152542372885,0.2935946327683616
1751,44.333333333333336,48.111111111111114,48.111111111111114,47.55555555555556,23.833333333333332,48.611111111111114,931.0,1010.3333333333334,1010.3333333333334,252.58333333333334,1835.2833333333333,1835.2833333333333,0.04281073446327684,0.3110649717514124
1752,51.72222222222222,55.833333333333336,55.833333333333336,55.5,27.5,57.72222222222222,1086.1666666666667,1172.5,1172.5,293.125,2139.6083333333336,2139.6083333333336,0.04968220338983051,0.36264548022598875
1753,36.333333333333336,40.05555555555556,40.05555555555556,40.55555555555556,20.944444444444443,39.77777777777778,763.0,841.1666666666667,841.1666666666667,210.29166666666669,1507.3916666666667,1507.3916666666667,0.03564265536723164,0.25549011299435026
1754,41.27777777777778,47.888888888888886,47.888888888888886,47.888888888888886,24.5,49.94444444444444,866.8333333333334,1005.6666666666666,1005.6666666666666,251.41666666666666,1725.0333333333335,1725.0333333333335,0.042612994350282485,0.29237853107344636
1755,44.166666666666664,56.666666666666664,56.666666666666664,56.22222222222222,28.5,55.27777777777778,927.5,1190.0,1190.0,297.5,1874.25,1874.25,0.050423728813559325,0.31766949152542373
1756,28.27777777777778,51.666666666666664,51.666666666666664,50.44444444444444,25.77777777777778,38.833333333333336,593.8333333333334,1085.0,1085.0,271.25,1280.7666666666667,1280.7666666666667,0.04597457627118644,0.21707909604519773
1757,36.05555555555556,55.72222222222222,55.72222222222222,55.77777777777778,27.27777777777778,48.111111111111114,757.1666666666667,1170.1666666666667,1170.1666666666667,292.5416666666667,1579.7250000000001,1579.7250000000001,0.04958333333333333,0.26775000000000004
1758,33.888888888888886,36.5,36.5,35.94444444444444,18.27777777777778,40.388888888888886,711.6666666666666,766.5,766.5,191.625,1401.4583333333333,1401.4583333333333,0.032478813559322035,0.23753531073446327
1759,48.611111111111114,51.44444444444444,51.44444444444444,51.22222222222222,26.11111111111111,59.77777777777778,1020.8333333333334,1080.3333333333333,1080.3333333333333,270.0833333333333,2005.5,2005.5,0.045776836158192086,0.33991525423728813
1760,48.72222222222222,52.388888888888886,52.388888888888886,52.55555555555556,26.166666666666668,57.111111111111114,1023.1666666666666,1100.1666666666665,1100.1666666666665,275.04166666666663,2014.4249999999997,2014.4249999999997,0.04661723163841807,0.34142796610169485
1761,46.27777777777778,52.05555555555556,52.05555555555556,51.833333333333336,24.944444444444443,54.22222222222222,971.8333333333334,1093.1666666666667,1093.1666666666667,273.2916666666667,1925.4083333333335,1925.4083333333335,0.04632062146892656,0.32634039548022603
1762,49.44444444444444,58.72222222222222,58.72222222222222,58.05555555555556,27.555555555555557,64.44444444444444,1038.3333333333333,1233.1666666666667,1233.1666666666667,308.2916666666667,2073.458333333333,2073.458333333333,0.05225282485875707,0.351433615819209
1763,51.55555555555556,54.55555555555556,54.55555555555556,54.0,26.555555555555557,64.38888888888889,1082.6666666666667,1145.6666666666667,1145.6666666666667,286.4166666666667,2126.95,2126.95,0.048545197740113,0.3605
1764,48.44444444444444,60.72222222222222,60.72222222222222,61.05555555555556,30.666666666666668,63.05555555555556,1017.3333333333333,1275.1666666666667,1275.1666666666667,318.7916666666667,2048.258333333333,2048.258333333333,0.05403248587570622,0.34716242937853103
1765,40.72222222222222,62.111111111111114,62.111111111111114,62.111111111111114,32.166666666666664,52.77777777777778,855.1666666666666,1304.3333333333335,1304.3333333333335,326.08333333333337,1779.8666666666668,1779.8666666666668,0.05526836158192091,0.3016723163841808
1766,44.27777777777778,50.111111111111114,50.111111111111114,49.77777777777778,26.5,51.166666666666664,929.8333333333334,1052.3333333333335,1052.3333333333335,263.08333333333337,1843.8000000000002,1843.8000000000002,0.044590395480225996,0.31250847457627123
1767,43.27777777777778,54.166666666666664,54.166666666666664,53.27777777777778,27.88888888888889,55.94444444444444,908.8333333333334,1137.5,1137.5,284.375,1829.3916666666667,1829.3916666666667,0.048199152542372885,0.31006638418079097
1768,41.94444444444444,51.44444444444444,51.44444444444444,50.94444444444444,25.27777777777778,51.333333333333336,880.8333333333333,1080.3333333333333,1080.3333333333333,270.0833333333333,1767.4999999999998,1767.4999999999998,0.045776836158192086,0.29957627118644065
1769,37.833333333333336,52.833333333333336,52.833333333333336,52.44444444444444,25.944444444444443,51.44444444444444,794.5,1109.5,1109.5,277.375,1628.0249999999999,1628.0249999999999,0.04701271186440678,0.2759364406779661
1770,59.27777777777778,60.72222222222222,60.72222222222222,60.333333333333336,29.88888888888889,77.11111111111111,1244.8333333333333,1275.1666666666667,1275.1666666666667,318.7916666666667,2435.008333333333,2435.008333333333,0.05403248587570622,0.41271327683615816
1771,55.77777777777778,52.22222222222222,52.22222222222222,52.111111111111114,25.555555555555557,65.94444444444444,1171.3333333333333,1096.6666666666667,1096.6666666666667,274.1666666666667,2265.433333333333,2265.433333333333,0.04646892655367232,0.3839717514124293
1772,41.22222222222222,52.833333333333336,52.833333333333336,52.55555555555556,26.11111111111111,54.833333333333336,865.6666666666666,1109.5,1109.5,277.375,1749.0083333333332,1749.0083333333332,0.04701271186440678,0.2964420903954802
1773,40.94444444444444,49.22222222222222,49.22222222222222,48.333333333333336,25.38888888888889,48.27777777777778,859.8333333333333,1033.6666666666667,1033.6666666666667,258.4166666666667,1720.1333333333332,1720.1333333333332,0.04379943502824859,0.29154802259887
1774,48.72222222222222,54.22222222222222,54.22222222222222,53.611111111111114,25.666666666666668,59.333333333333336,1023.1666666666666,1138.6666666666667,1138.6666666666667,284.6666666666667,2024.05,2024.05,0.04824858757062147,0.3430593220338983
1775,46.166666666666664,68.5,68.5,68.33333333333333,35.44444444444444,54.27777777777778,969.5,1438.5,1438.5,359.625,2007.7749999999999,2007.7749999999999,0.06095338983050847,0.3403008474576271
1776,48.05555555555556,49.388888888888886,49.388888888888886,48.611111111111114,23.555555555555557,56.27777777777778,1009.1666666666667,1037.1666666666665,1037.1666666666665,259.29166666666663,1974.875,1974.875,0.04394774011299434,0.33472457627118646
1777,36.888888888888886,44.94444444444444,44.94444444444444,44.44444444444444,22.72222222222222,46.94444444444444,774.6666666666666,943.8333333333333,943.8333333333333,235.95833333333331,1552.8916666666664,1552.8916666666664,0.03999293785310734,0.2632019774011299
1778,47.611111111111114,61.166666666666664,61.166666666666664,60.5,30.055555555555557,58.55555555555556,999.8333333333334,1284.5,1284.5,321.125,2020.8416666666667,2020.8416666666667,0.05442796610169492,0.34251553672316387
1779,42.833333333333336,48.22222222222222,48.22222222222222,48.166666666666664,24.5,51.5,899.5,1012.6666666666666,1012.6666666666666,253.16666666666666,1782.3166666666666,1782.3166666666666,0.04290960451977401,0.3020875706214689
1780,35.166666666666664,39.55555555555556,39.55555555555556,39.05555555555556,18.61111111111111,40.666666666666664,738.5,830.6666666666667,830.6666666666667,207.66666666666669,1463.1166666666668,1463.1166666666668,0.035197740112994355,0.24798587570621472
1781,38.22222222222222,54.0,54.0,53.611111111111114,27.77777777777778,48.888888888888886,802.6666666666666,1134.0,1134.0,283.5,1648.0333333333333,1648.0333333333333,0.04805084745762712,0.2793276836158192
1782,49.94444444444444,47.55555555555556,47.55555555555556,47.0,22.0,64.38888888888889,1048.8333333333333,998.6666666666667,998.6666666666667,249.66666666666669,2032.6833333333332,2032.6833333333332,0.042316384180790964,0.3445225988700565
1783,27.27777777777778,54.44444444444444,54.44444444444444,53.55555555555556,27.77777777777778,41.05555555555556,572.8333333333334,1143.3333333333333,1143.3333333333333,285.8333333333333,1259.65,1259.65,0.048446327683615814,0.21350000000000002
1784,48.94444444444444,43.05555555555556,43.05555555555556,42.888888888888886,21.0,57.94444444444444,1027.8333333333333,904.1666666666667,904.1666666666667,226.04166666666669,1973.3583333333331,1973.3583333333331,0.03831214689265537,0.33446751412429376
1785,37.833333333333336,52.333333333333336,52.333333333333336,52.22222222222222,25.77777777777778,49.166666666666664,794.5,1099.0,1099.0,274.75,1625.3999999999999,1625.3999999999999,0.04656779661016949,0.2754915254237288
1786,43.22222222222222,40.111111111111114,40.111111111111114,40.0,19.055555555555557,50.44444444444444,907.6666666666666,842.3333333333334,842.3333333333334,210.58333333333334,1753.6166666666666,1753.6166666666666,0.03569209039548023,0.2972231638418079
1787,47.77777777777778,62.888888888888886,62.888888888888886,62.111111111111114,30.055555555555557,58.611111111111114,1003.3333333333334,1320.6666666666665,1320.6666666666665,330.16666666666663,2035.8333333333335,2035.8333333333335,0.05596045197740113,0.34505649717514125
1788,32.44444444444444,42.333333333333336,42.333333333333336,42.5,21.333333333333332,39.666666666666664,681.3333333333333,889.0,889.0,222.25,1380.5166666666664,1380.5166666666664,0.03766949152542373,0.23398587570621465
1789,50.44444444444444,58.611111111111114,58.611111111111114,58.27777777777778,31.0,56.833333333333336,1059.3333333333333,1230.8333333333335,1230.8333333333335,307.70833333333337,2108.575,2108.575,0.05215395480225989,0.35738559322033897
1790,39.166666666666664,47.0,47.0,45.72222222222222,23.22222222222222,49.22222222222222,822.5,987.0,987.0,246.75,1645.0,1645.0,0.041822033898305085,0.2788135593220339
1791,51.27777777777778,53.611111111111114,53.611111111111114,52.94444444444444,26.944444444444443,62.0,1076.8333333333333,1125.8333333333335,1125.8333333333335,281.45833333333337,2112.075,2112.075,0.04770480225988701,0.357978813559322
1792,55.77777777777778,57.666666666666664,57.666666666666664,56.94444444444444,29.22222222222222,66.33333333333333,1171.3333333333333,1211.0,1211.0,302.75,2294.0166666666664,2294.0166666666664,0.0513135593220339,0.3888163841807909
1793,61.333333333333336,66.55555555555556,66.55555555555556,66.11111111111111,32.333333333333336,73.27777777777777,1288.0,1397.6666666666667,1397.6666666666667,349.4166666666667,2539.0166666666664,2539.0166666666664,0.05922316384180791,0.43034180790960447
1794,47.611111111111114,56.833333333333336,56.833333333333336,56.44444444444444,28.0,56.0,999.8333333333334,1193.5,1193.5,298.375,1998.0916666666667,1998.0916666666667,0.050572033898305085,0.338659604519774
1795,42.27777777777778,48.388888888888886,48.388888888888886,47.22222222222222,23.444444444444443,54.111111111111114,887.8333333333334,1016.1666666666666,1016.1666666666666,254.04166666666666,1763.3583333333333,1763.3583333333333,0.04305790960451977,0.2988742937853107
1796,39.611111111111114,36.611111111111114,36.611111111111114,36.166666666666664,17.61111111111111,43.888888888888886,831.8333333333334,768.8333333333334,768.8333333333334,192.20833333333334,1606.325,1606.325,0.03257768361581921,0.27225847457627117
1797,47.94444444444444,54.22222222222222,54.22222222222222,54.0,27.61111111111111,58.166666666666664,1006.8333333333333,1138.6666666666667,1138.6666666666667,284.6666666666667,1996.2833333333333,1996.2833333333333,0.04824858757062147,0.33835310734463275
1798,44.27777777777778,48.94444444444444,48.94444444444444,48.77777777777778,24.77777777777778,54.833333333333336,929.8333333333334,1027.8333333333333,1027.8333333333333,256.9583333333333,1837.675,1837.675,0.043552259887005645,0.3114703389830508
1799,50.833333333333336,53.0,53.0,52.94444444444444,27.0,60.388888888888886,1067.5,1113.0,1113.0,278.25,2093.0,2093.0,0.04716101694915254,0.3547457627118644
1800,42.888888888888886,39.77777777777778,39.77777777777778,40.05555555555556,20.22222222222222,47.72222222222222,900.6666666666666,835.3333333333334,835.3333333333334,208.83333333333334,1739.9666666666665,1739.9666666666665,0.0353954802259887,0.294909604519774
1801,45.55555555555556,46.27777777777778,46.27777777777778,45.333333333333336,21.88888888888889,55.166666666666664,956.6666666666667,971.8333333333334,971.8333333333334,242.95833333333334,1869.2916666666667,1869.2916666666667,0.041179378531073445,0.31682909604519777
1802,43.5,52.0,52.0,51.166666666666664,24.77777777777778,58.55555555555556,913.5,1092.0,1092.0,273.0,1825.95,1825.95,0.046271186440677965,0.30948305084745764
1803,59.833333333333336,59.77777777777778,59.77777777777778,59.27777777777778,30.38888888888889,72.16666666666667,1256.5,1255.3333333333333,1255.3333333333333,313.8333333333333,2449.883333333333,2449.883333333333,0.05319209039548022,0.41523446327683616
1804,42.666666666666664,68.16666666666667,68.16666666666667,67.44444444444444,34.44444444444444,53.94444444444444,896.0,1431.5,1431.5,357.875,1881.075,1881.075,0.06065677966101695,0.3188262711864407
1805,45.111111111111114,57.111111111111114,57.111111111111114,56.22222222222222,27.833333333333332,61.22222222222222,947.3333333333334,1199.3333333333335,1199.3333333333335,299.83333333333337,1910.3000000000002,1910.3000000000002,0.05081920903954803,0.32377966101694916
1806,40.166666666666664,46.22222222222222,46.22222222222222,46.22222222222222,22.22222222222222,48.666666666666664,843.5,970.6666666666666,970.6666666666666,242.66666666666666,1676.6166666666668,1676.6166666666668,0.04112994350282486,0.28417231638418083
1807,49.77777777777778,42.166666666666664,42.166666666666664,41.333333333333336,20.333333333333332,56.72222222222222,1045.3333333333333,885.5,885.5,221.375,1998.4416666666664,1998.4416666666664,0.037521186440677964,0.33871892655367225
1808,44.05555555555556,59.0,59.0,58.611111111111114,29.555555555555557,56.77777777777778,925.1666666666667,1239.0,1239.0,309.75,1882.5333333333335,1882.5333333333335,0.0525,0.31907344632768364
1809,44.888888888888886,58.666666666666664,58.666666666666664,57.94444444444444,30.38888888888889,53.166666666666664,942.6666666666666,1232.0,1232.0,308.0,1910.5333333333333,1910.5333333333333,0.05220338983050848,0.32381920903954803
1810,54.166666666666664,57.94444444444444,57.94444444444444,57.94444444444444,26.444444444444443,69.05555555555556,1137.5,1216.8333333333333,1216.8333333333333,304.2083333333333,2237.9583333333335,2237.9583333333335,0.05156073446327683,0.37931497175141243
1811,45.94444444444444,47.5,47.5,46.833333333333336,23.833333333333332,52.55555555555556,964.8333333333333,997.5,997.5,249.375,1889.5916666666665,1889.5916666666665,0.04226694915254237,0.3202697740112994
1812,41.94444444444444,47.22222222222222,47.22222222222222,47.111111111111114,23.833333333333332,52.0,880.8333333333333,991.6666666666666,991.6666666666666,247.91666666666666,1745.3333333333333,1745.3333333333333,0.042019774011299436,0.295819209039548
1813,43.72222222222222,63.611111111111114,63.611111111111114,62.22222222222222,32.27777777777778,55.05555555555556,918.1666666666666,1335.8333333333335,1335.8333333333335,333.95833333333337,1894.8416666666667,1894.8416666666667,0.05660310734463277,0.321159604519774
1814,50.333333333333336,59.94444444444444,59.94444444444444,59.27777777777778,29.88888888888889,62.27777777777778,1057.0,1258.8333333333333,1258.8333333333333,314.7083333333333,2111.608333333333,2111.608333333333,0.05334039548022598,0.35789971751412425
1815,51.72222222222222,45.77777777777778,45.77777777777778,44.888888888888886,21.72222222222222,58.5,1086.1666666666667,961.3333333333334,961.3333333333334,240.33333333333334,2086.8166666666666,2086.8166666666666,0.04073446327683616,0.3536977401129943
1816,53.05555555555556,62.166666666666664,62.166666666666664,61.166666666666664,30.0,62.44444444444444,1114.1666666666667,1305.5,1305.5,326.375,2220.4583333333335,2220.4583333333335,0.055317796610169494,0.3763488700564972
1817,46.111111111111114,59.333333333333336,59.333333333333336,59.111111111111114,29.833333333333332,58.05555555555556,968.3333333333334,1246.0,1246.0,311.5,1957.6666666666667,1957.6666666666667,0.052796610169491526,0.3318079096045198
1818,36.27777777777778,41.166666666666664,41.166666666666664,39.833333333333336,20.833333333333332,46.72222222222222,761.8333333333334,864.5,864.5,216.125,1511.2416666666668,1511.2416666666668,0.03663135593220339,0.2561426553672317
1819,45.55555555555556,53.55555555555556,53.55555555555556,53.111111111111114,25.944444444444443,58.833333333333336,956.6666666666667,1124.6666666666667,1124.6666666666667,281.1666666666667,1907.5000000000002,1907.5000000000002,0.04765536723163842,0.32330508474576275
1820,43.666666666666664,54.611111111111114,54.611111111111114,53.833333333333336,27.88888888888889,53.166666666666664,917.0,1146.8333333333335,1146.8333333333335,286.70833333333337,1845.6083333333331,1845.6083333333331,0.04859463276836159,0.3128149717514124
1821,52.5,55.77777777777778,55.77777777777778,55.333333333333336,27.055555555555557,68.88888888888889,1102.5,1171.3333333333333,1171.3333333333333,292.8333333333333,2167.0833333333335,2167.0833333333335,0.04963276836158192,0.36730225988700566
1822,42.0,61.166666666666664,61.166666666666664,61.44444444444444,30.27777777777778,53.111111111111114,882.0,1284.5,1284.5,321.125,1820.5249999999999,1820.5249999999999,0.05442796610169492,0.3085635593220339
1823,46.166666666666664,62.833333333333336,62.833333333333336,61.833333333333336,32.388888888888886,56.05555555555556,969.5,1319.5,1319.5,329.875,1978.0249999999999,1978.0249999999999,0.05591101694915254,0.33525847457627117
1824,37.72222222222222,35.55555555555556,35.55555555555556,34.5,17.055555555555557,42.611111111111114,792.1666666666666,746.6666666666667,746.6666666666667,186.66666666666669,1533.35,1533.35,0.03163841807909605,0.2598898305084746
1825,52.888888888888886,56.388888888888886,56.388888888888886,55.888888888888886,27.833333333333332,63.22222222222222,1110.6666666666665,1184.1666666666665,1184.1666666666665,296.04166666666663,2184.1749999999997,2184.1749999999997,0.050176553672316375,0.37019915254237284
1826,56.333333333333336,58.611111111111114,58.611111111111114,57.94444444444444,28.61111111111111,69.44444444444444,1183.0,1230.8333333333335,1230.8333333333335,307.70833333333337,2318.8083333333334,2318.8083333333334,0.05215395480225989,0.39301836158192094
1827,46.611111111111114,59.0,59.0,57.94444444444444,29.27777777777778,60.833333333333336,978.8333333333334,1239.0,1239.0,309.75,1973.7666666666667,1973.7666666666667,0.0525,0.3345367231638418
1828,41.388888888888886,49.94444444444444,49.94444444444444,49.111111111111114,25.444444444444443,49.72222222222222,869.1666666666666,1048.8333333333333,1048.8333333333333,262.2083333333333,1739.7916666666665,1739.7916666666665,0.04444209039548022,0.2948799435028248
1829,37.05555555555556,44.94444444444444,44.94444444444444,44.44444444444444,21.555555555555557,47.888888888888886,778.1666666666667,943.8333333333333,943.8333333333333,235.95833333333331,1558.8416666666667,1558.8416666666667,0.03999293785310734,0.2642104519774011
1830,41.666666666666664,55.833333333333336,55.833333333333336,55.72222222222222,28.5,44.833333333333336,875.0,1172.5,1172.5,293.125,1780.625,1780.625,0.04968220338983051,0.30180084745762714
1831,35.166666666666664,44.44444444444444,44.44444444444444,43.833333333333336,21.166666666666668,44.72222222222222,738.5,933.3333333333333,933.3333333333333,233.33333333333331,1488.7833333333333,1488.7833333333333,0.03954802259887005,0.2523361581920904
1832,39.388888888888886,61.333333333333336,61.333333333333336,60.833333333333336,30.5,51.111111111111114,827.1666666666666,1288.0,1288.0,322.0,1728.1833333333332,1728.1833333333332,0.05457627118644068,0.29291242937853107
1833,45.388888888888886,44.0,44.0,43.72222222222222,22.166666666666668,57.22222222222222,953.1666666666666,924.0,924.0,231.0,1851.3833333333332,1851.3833333333332,0.039152542372881356,0.31379378531073443
1834,44.27777777777778,51.27777777777778,51.27777777777778,51.0,24.38888888888889,56.833333333333336,929.8333333333334,1076.8333333333333,1076.8333333333333,269.2083333333333,1849.925,1849.925,0.045628531073446325,0.31354661016949154
1835,47.166666666666664,46.77777777777778,46.77777777777778,47.166666666666664,24.11111111111111,51.72222222222222,990.5,982.3333333333334,982.3333333333334,245.58333333333334,1929.4333333333332,1929.4333333333332,0.04162429378531073,0.32702259887005647
1836,43.111111111111114,53.0,53.0,52.0,26.833333333333332,59.388888888888886,905.3333333333334,1113.0,1113.0,278.25,1817.3166666666666,1817.3166666666666,0.04716101694915254,0.30801977401129943
1837,52.666666666666664,56.22222222222222,56.22222222222222,55.333333333333336,26.166666666666668,64.44444444444444,1106.0,1180.6666666666667,1180.6666666666667,295.1666666666667,2175.366666666667,2175.366666666667,0.05002824858757062,0.36870621468926557
1838,38.94444444444444,50.5,50.5,50.333333333333336,24.555555555555557,50.333333333333336,817.8333333333333,1060.5,1060.5,265.125,1655.4416666666666,1655.4416666666666,0.0449364406779661,0.2805833333333333
1839,56.55555555555556,55.05555555555556,55.05555555555556,54.333333333333336,26.88888888888889,67.88888888888889,1187.6666666666667,1156.1666666666667,1156.1666666666667,289.0416666666667,2308.075,2308.075,0.048990112994350285,0.39119915254237286
1840,30.055555555555557,36.94444444444444,36.94444444444444,37.166666666666664,19.27777777777778,40.05555555555556,631.1666666666667,775.8333333333333,775.8333333333333,193.95833333333331,1266.9416666666666,1266.9416666666666,0.03287429378531073,0.2147358757062147
1841,57.666666666666664,64.5,64.5,64.27777777777777,30.666666666666668,72.88888888888889,1211.0,1354.5,1354.5,338.625,2397.325,2397.325,0.05739406779661017,0.40632627118644066
1842,52.55555555555556,62.388888888888886,62.388888888888886,61.833333333333336,29.88888888888889,64.88888888888889,1103.6666666666667,1310.1666666666665,1310.1666666666665,327.54166666666663,2203.775,2203.775,0.05551553672316384,0.373521186440678
1843,51.166666666666664,44.5,44.5,43.666666666666664,20.77777777777778,59.22222222222222,1074.5,934.5,934.5,233.625,2060.2749999999996,2060.2749999999996,0.039597457627118644,0.3491991525423728
1844,51.55555555555556,54.0,54.0,54.05555555555556,26.0,70.33333333333333,1082.6666666666667,1134.0,1134.0,283.5,2124.0333333333333,2124.0333333333333,0.04805084745762712,0.36000564971751414
1845,50.5,48.55555555555556,48.55555555555556,47.55555555555556,25.055555555555557,55.72222222222222,1060.5,1019.6666666666667,1019.6666666666667,254.91666666666669,2057.7666666666664,2057.7666666666664,0.04320621468926554,0.34877401129943497
1846,39.77777777777778,42.166666666666664,42.166666666666664,42.05555555555556,22.11111111111111,44.72222222222222,835.3333333333334,885.5,885.5,221.375,1641.4416666666666,1641.4416666666666,0.037521186440677964,0.27821045197740113
1847,38.44444444444444,48.166666666666664,48.166666666666664,48.05555555555556,23.944444444444443,43.72222222222222,807.3333333333333,1011.5,1011.5,252.875,1625.3416666666665,1625.3416666666665,0.04286016949152542,0.27548163841807904
1848,41.44444444444444,44.0,44.0,42.77777777777778,21.055555555555557,46.05555555555556,870.3333333333333,924.0,924.0,231.0,1710.5666666666666,1710.5666666666666,0.039152542372881356,0.2899265536723164
1849,33.388888888888886,50.22222222222222,50.22222222222222,49.833333333333336,25.444444444444443,38.388888888888886,701.1666666666666,1054.6666666666667,1054.6666666666667,263.6666666666667,1455.65,1455.65,0.044689265536723165,0.24672033898305087
1850,43.05555555555556,45.22222222222222,45.22222222222222,44.0,21.944444444444443,52.111111111111114,904.1666666666667,949.6666666666666,949.6666666666666,237.41666666666666,1774.5000000000002,1774.5000000000002,0.040240112994350284,0.30076271186440684
1851,44.27777777777778,55.55555555555556,55.55555555555556,54.94444444444444,28.11111111111111,51.94444444444444,929.8333333333334,1166.6666666666667,1166.6666666666667,291.6666666666667,1872.3833333333334,1872.3833333333334,0.04943502824858757,0.3173531073446328
1852,50.333333333333336,47.44444444444444,47.44444444444444,47.166666666666664,23.88888888888889,54.27777777777778,1057.0,996.3333333333333,996.3333333333333,249.08333333333331,2045.9833333333331,2045.9833333333331,0.04221751412429378,0.34677683615819205
1853,41.0,54.55555555555556,54.55555555555556,53.44444444444444,27.5,54.611111111111114,861.0,1145.6666666666667,1145.6666666666667,286.4166666666667,1750.1166666666668,1750.1166666666668,0.048545197740113,0.2966299435028249
1854,47.388888888888886,45.166666666666664,45.166666666666664,45.77777777777778,23.22222222222222,53.888888888888886,995.1666666666666,948.5,948.5,237.125,1928.9083333333333,1928.9083333333333,0.04019067796610169,0.32693361581920904
1855,34.666666666666664,51.166666666666664,51.166666666666664,50.333333333333336,25.666666666666668,49.666666666666664,728.0,1074.5,1074.5,268.625,1506.225,1506.225,0.04552966101694915,0.2552923728813559
1856,41.94444444444444,44.55555555555556,44.55555555555556,43.77777777777778,20.166666666666668,47.388888888888886,880.8333333333333,935.6666666666667,935.6666666666667,233.91666666666669,1731.3333333333333,1731.3333333333333,0.039646892655367236,0.2934463276836158
1857,30.38888888888889,50.388888888888886,50.388888888888886,49.05555555555556,25.61111111111111,43.0,638.1666666666666,1058.1666666666665,1058.1666666666665,264.54166666666663,1349.4249999999997,1349.4249999999997,0.04483757062146892,0.2287161016949152
1858,44.111111111111114,45.5,45.5,45.333333333333336,21.88888888888889,51.666666666666664,926.3333333333334,955.5,955.5,238.875,1813.6416666666667,1813.6416666666667,0.04048728813559322,0.30739689265536724
1859,31.0,43.0,43.0,42.05555555555556,22.333333333333332,39.388888888888886,651.0,903.0,903.0,225.75,1332.45,1332.45,0.03826271186440678,0.22583898305084746
1860,54.888888888888886,66.05555555555556,66.05555555555556,65.22222222222223,32.05555555555556,72.27777777777777,1152.6666666666665,1387.1666666666667,1387.1666666666667,346.7916666666667,2306.325,2306.325,0.05877824858757062,0.3909025423728813
1861,53.72222222222222,54.05555555555556,54.05555555555556,53.666666666666664,26.444444444444443,66.94444444444444,1128.1666666666667,1135.1666666666667,1135.1666666666667,283.7916666666667,2201.675,2201.675,0.04810028248587571,0.3731652542372882
1862,55.27777777777778,50.22222222222222,50.22222222222222,49.44444444444444,24.666666666666668,64.77777777777777,1160.8333333333333,1054.6666666666667,1054.6666666666667,263.6666666666667,2237.083333333333,2237.083333333333,0.044689265536723165,0.3791666666666666
1863,39.0,57.77777777777778,57.77777777777778,57.05555555555556,28.055555555555557,54.55555555555556,819.0,1213.3333333333333,1213.3333333333333,303.3333333333333,1695.6333333333332,1695.6333333333332,0.05141242937853107,0.28739548022598865
1864,59.72222222222222,61.166666666666664,61.166666666666664,60.77777777777778,28.72222222222222,77.44444444444444,1254.1666666666667,1284.5,1284.5,321.125,2453.2083333333335,2453.2083333333335,0.05442796610169492,0.4157980225988701
1865,37.05555555555556,46.166666666666664,46.166666666666664,44.94444444444444,22.555555555555557,46.05555555555556,778.1666666666667,969.5,969.5,242.375,1565.2583333333334,1565.2583333333334,0.04108050847457627,0.2652980225988701
1866,41.77777777777778,54.44444444444444,54.44444444444444,54.111111111111114,28.88888888888889,47.05555555555556,877.3333333333334,1143.3333333333333,1143.3333333333333,285.8333333333333,1777.3,1777.3,0.048446327683615814,0.3012372881355932
1867,34.55555555555556,54.94444444444444,54.94444444444444,53.94444444444444,26.666666666666668,46.166666666666664,725.6666666666667,1153.8333333333333,1153.8333333333333,288.4583333333333,1522.0916666666667,1522.0916666666667,0.0488912429378531,0.2579816384180791
1868,43.166666666666664,54.94444444444444,54.94444444444444,54.22222222222222,27.555555555555557,53.55555555555556,906.5,1153.8333333333333,1153.8333333333333,288.4583333333333,1829.5083333333332,1829.5083333333332,0.0488912429378531,0.3100861581920904
1869,49.888888888888886,60.833333333333336,60.833333333333336,60.611111111111114,29.5,65.16666666666667,1047.6666666666665,1277.5,1277.5,319.375,2100.408333333333,2100.408333333333,0.05413135593220339,0.35600141242937844
1870,26.944444444444443,28.944444444444443,28.944444444444443,28.72222222222222,14.833333333333334,28.11111111111111,565.8333333333333,607.8333333333333,607.8333333333333,151.95833333333331,1113.8749999999998,1113.8749999999998,0.02575564971751412,0.1887923728813559
1871,47.611111111111114,52.72222222222222,52.72222222222222,51.888888888888886,25.666666666666668,56.22222222222222,999.8333333333334,1107.1666666666667,1107.1666666666667,276.7916666666667,1976.5083333333334,1976.5083333333334,0.046913841807909605,0.33500141242937853
1872,43.22222222222222,55.166666666666664,55.166666666666664,54.22222222222222,26.0,53.888888888888886,907.6666666666666,1158.5,1158.5,289.625,1832.6583333333333,1832.6583333333333,0.04908898305084746,0.3106200564971751
1873,30.77777777777778,37.0,37.0,36.44444444444444,18.666666666666668,34.888888888888886,646.3333333333334,777.0,777.0,194.25,1293.0166666666667,1293.0166666666667,0.03292372881355932,0.21915536723163842
1874,33.333333333333336,46.833333333333336,46.833333333333336,45.05555555555556,23.38888888888889,42.388888888888886,700.0,983.5,983.5,245.875,1435.875,1435.875,0.041673728813559324,0.2433686440677966
1875,44.27777777777778,47.333333333333336,47.333333333333336,46.44444444444444,23.22222222222222,53.833333333333336,929.8333333333334,994.0,994.0,248.5,1829.2166666666667,1829.2166666666667,0.04211864406779661,0.3100367231638418
1876,38.0,54.333333333333336,54.333333333333336,53.388888888888886,26.666666666666668,54.55555555555556,798.0,1141.0,1141.0,285.25,1641.85,1641.85,0.048347457627118645,0.2782796610169491
1877,42.72222222222222,58.888888888888886,58.888888888888886,58.888888888888886,29.055555555555557,55.111111111111114,897.1666666666666,1236.6666666666665,1236.6666666666665,309.16666666666663,1834.35,1834.35,0.052401129943502815,0.31090677966101693
1878,37.77777777777778,57.44444444444444,57.44444444444444,57.22222222222222,29.055555555555557,54.0,793.3333333333334,1206.3333333333333,1206.3333333333333,301.5833333333333,1650.25,1650.25,0.05111581920903954,0.27970338983050846
1879,40.666666666666664,59.888888888888886,59.888888888888886,59.22222222222222,30.22222222222222,53.77777777777778,854.0,1257.6666666666665,1257.6666666666665,314.41666666666663,1766.2166666666667,1766.2166666666667,0.05329096045197739,0.2993587570621469
1880,47.166666666666664,41.94444444444444,41.94444444444444,41.888888888888886,21.61111111111111,50.05555555555556,990.5,880.8333333333333,880.8333333333333,220.20833333333331,1904.0583333333332,1904.0583333333332,0.03732344632768361,0.32272175141242937
1881,37.55555555555556,62.111111111111114,62.111111111111114,61.833333333333336,30.72222222222222,55.44444444444444,788.6666666666667,1304.3333333333335,1304.3333333333335,326.08333333333337,1666.8166666666666,1666.8166666666666,0.05526836158192091,0.28251129943502823
1882,52.22222222222222,63.388888888888886,63.388888888888886,62.94444444444444,31.61111111111111,64.94444444444444,1096.6666666666667,1331.1666666666665,1331.1666666666665,332.79166666666663,2197.125,2197.125,0.056405367231638415,0.37239406779661016
1883,56.111111111111114,57.05555555555556,57.05555555555556,56.388888888888886,28.166666666666668,67.11111111111111,1178.3333333333335,1198.1666666666667,1198.1666666666667,299.5416666666667,2302.7083333333335,2302.7083333333335,0.05076977401129944,0.3902895480225989
1884,50.388888888888886,59.22222222222222,59.22222222222222,58.44444444444444,28.555555555555557,66.88888888888889,1058.1666666666665,1243.6666666666667,1243.6666666666667,310.9166666666667,2109.7999999999997,2109.7999999999997,0.05269774011299436,0.357593220338983
1885,50.888888888888886,49.166666666666664,49.166666666666664,48.55555555555556,24.666666666666668,56.611111111111114,1068.6666666666665,1032.5,1032.5,258.125,2074.858333333333,2074.858333333333,0.04375,0.3516709039548022
1886,46.55555555555556,56.388888888888886,56.388888888888886,56.27777777777778,27.0,59.77777777777778,977.6666666666667,1184.1666666666665,1184.1666666666665,296.04166666666663,1958.0750000000003,1958.0750000000003,0.050176553672316375,0.3318771186440678
1887,43.5,51.666666666666664,51.666666666666664,51.333333333333336,26.444444444444443,48.55555555555556,913.5,1085.0,1085.0,271.25,1824.2,1824.2,0.04597457627118644,0.30918644067796613
1888,34.333333333333336,47.44444444444444,47.44444444444444,46.27777777777778,24.27777777777778,42.5,721.0,996.3333333333333,996.3333333333333,249.08333333333331,1474.7833333333333,1474.7833333333333,0.04221751412429378,0.24996327683615818
1889,49.72222222222222,58.22222222222222,58.22222222222222,57.888888888888886,28.5,63.55555555555556,1044.1666666666667,1222.6666666666667,1222.6666666666667,305.6666666666667,2080.75,2080.75,0.05180790960451978,0.3526694915254237
1890,46.22222222222222,42.611111111111114,42.611111111111114,42.666666666666664,21.88888888888889,54.611111111111114,970.6666666666666,894.8333333333334,894.8333333333334,223.70833333333334,1873.8416666666665,1873.8416666666665,0.03791666666666667,0.3176002824858757
1891,25.555555555555557,32.888888888888886,32.888888888888886,32.888888888888886,17.11111111111111,29.333333333333332,536.6666666666667,690.6666666666666,690.6666666666666,172.66666666666666,1085.0000000000002,1085.0000000000002,0.02926553672316384,0.1838983050847458
1892,36.55555555555556,56.77777777777778,56.77777777777778,54.94444444444444,27.944444444444443,48.0,767.6666666666667,1192.3333333333333,1192.3333333333333,298.0833333333333,1603.1166666666668,1603.1166666666668,0.050522598870056494,0.27171468926553677
1893,40.666666666666664,48.0,48.0,47.05555555555556,22.944444444444443,51.5,854.0,1008.0,1008.0,252.0,1703.8,1703.8,0.04271186440677966,0.28877966101694913
1894,43.833333333333336,46.666666666666664,46.666666666666664,45.72222222222222,23.555555555555557,54.166666666666664,920.5,980.0,980.0,245.0,1809.85,1809.85,0.04152542372881356,0.30675423728813556
1895,36.72222222222222,36.72222222222222,36.72222222222222,36.111111111111114,18.555555555555557,42.22222222222222,771.1666666666666,771.1666666666666,771.1666666666666,192.79166666666666,1503.7749999999999,1503.7749999999999,0.03267655367231638,0.25487711864406776
1896,36.333333333333336,50.611111111111114,50.611111111111114,49.333333333333336,24.944444444444443,46.611111111111114,763.0,1062.8333333333335,1062.8333333333335,265.70833333333337,1562.8083333333334,1562.8083333333334,0.045035310734463284,0.2648827683615819
1897,43.27777777777778,49.611111111111114,49.611111111111114,48.888888888888886,25.27777777777778,52.27777777777778,908.8333333333334,1041.8333333333335,1041.8333333333335,260.45833333333337,1805.475,1805.475,0.04414548022598871,0.30601271186440676
1898,45.388888888888886,59.55555555555556,59.55555555555556,58.333333333333336,29.166666666666668,58.05555555555556,953.1666666666666,1250.6666666666667,1250.6666666666667,312.6666666666667,1933.05,1933.05,0.05299435028248588,0.32763559322033897
1899,26.88888888888889,36.72222222222222,36.72222222222222,36.0,19.166666666666668,32.55555555555556,564.6666666666666,771.1666666666666,771.1666666666666,192.79166666666666,1152.725,1152.725,0.03267655367231638,0.1953771186440678
1900,48.55555555555556,59.333333333333336,59.333333333333336,59.111111111111114,28.333333333333332,59.27777777777778,1019.6666666666667,1246.0,1246.0,311.5,2044.9333333333334,2044.9333333333334,0.052796610169491526,0.3465988700564972
1901,44.22222222222222,54.611111111111114,54.611111111111114,54.388888888888886,27.72222222222222,56.55555555555556,928.6666666666666,1146.8333333333335,1146.8333333333335,286.70833333333337,1865.4416666666666,1865.4416666666666,0.04859463276836159,0.3161765536723164
1902,47.388888888888886,56.27777777777778,56.27777777777778,55.888888888888886,27.27777777777778,57.833333333333336,995.1666666666666,1181.8333333333333,1181.8333333333333,295.4583333333333,1987.2416666666666,1987.2416666666666,0.050077683615819206,0.33682062146892655
1903,53.05555555555556,52.05555555555556,52.05555555555556,51.166666666666664,24.0,64.77777777777777,1114.1666666666667,1093.1666666666667,1093.1666666666667,273.2916666666667,2167.375,2167.375,0.04632062146892656,0.3673516949152542
1904,44.611111111111114,40.94444444444444,40.94444444444444,41.111111111111114,19.333333333333332,49.22222222222222,936.8333333333334,859.8333333333333,859.8333333333333,214.95833333333331,1807.575,1807.575,0.036433615819209036,0.3063686440677966
1905,39.94444444444444,54.388888888888886,54.388888888888886,53.72222222222222,26.833333333333332,53.44444444444444,838.8333333333333,1142.1666666666665,1142.1666666666665,285.54166666666663,1711.558333333333,1711.558333333333,0.04839689265536722,0.2900946327683615
1906,35.44444444444444,40.72222222222222,40.72222222222222,39.72222222222222,19.5,46.05555555555556,744.3333333333333,855.1666666666666,855.1666666666666,213.79166666666666,1479.1583333333333,1479.1583333333333,0.036235875706214685,0.250704802259887
1907,30.944444444444443,44.0,44.0,43.22222222222222,23.27777777777778,38.166666666666664,649.8333333333333,924.0,924.0,231.0,1335.7166666666665,1335.7166666666665,0.039152542372881356,0.2263926553672316
1908,37.77777777777778,48.166666666666664,48.166666666666664,47.44444444444444,24.5,46.333333333333336,793.3333333333334,1011.5,1011.5,252.875,1601.5416666666667,1601.5416666666667,0.04286016949152542,0.2714477401129944
1909,49.0,55.05555555555556,55.05555555555556,54.666666666666664,26.833333333333332,59.27777777777778,1029.0,1156.1666666666667,1156.1666666666667,289.0416666666667,2038.3416666666667,2038.3416666666667,0.048990112994350285,0.3454816384180791
1910,44.77777777777778,60.666666666666664,60.666666666666664,59.55555555555556,28.944444444444443,60.111111111111114,940.3333333333334,1274.0,1274.0,318.5,1917.0666666666666,1917.0666666666666,0.05398305084745763,0.3249265536723164
1911,50.333333333333336,67.61111111111111,67.61111111111111,67.44444444444444,33.388888888888886,62.111111111111114,1057.0,1419.8333333333335,1419.8333333333335,354.95833333333337,2151.858333333333,2151.858333333333,0.06016242937853108,0.36472175141242935
1912,34.388888888888886,47.05555555555556,47.05555555555556,46.388888888888886,23.166666666666668,40.94444444444444,722.1666666666666,988.1666666666667,988.1666666666667,247.04166666666669,1474.725,1474.725,0.041871468926553676,0.24995338983050847
1913,48.0,52.333333333333336,52.333333333333336,52.333333333333336,27.22222222222222,57.388888888888886,1008.0,1099.0,1099.0,274.75,1988.35,1988.35,0.04656779661016949,0.33700847457627114
1914,55.94444444444444,68.5,68.5,67.16666666666667,34.111111111111114,73.61111111111111,1174.8333333333333,1438.5,1438.5,359.625,2356.8416666666662,2356.8416666666662,0.06095338983050847,0.39946468926553663
1915,49.166666666666664,61.333333333333336,61.333333333333336,60.5,31.88888888888889,61.833333333333336,1032.5,1288.0,1288.0,322.0,2077.25,2077.25,0.05457627118644068,0.3520762711864407
1916,40.166666666666664,50.5,50.5,50.166666666666664,25.72222222222222,46.44444444444444,843.5,1060.5,1060.5,265.125,1699.075,1699.075,0.0449364406779661,0.28797881355932203
1917,47.55555555555556,57.666666666666664,57.666666666666664,56.55555555555556,27.72222222222222,60.72222222222222,998.6666666666667,1211.0,1211.0,302.75,2000.4833333333333,2000.4833333333333,0.0513135593220339,0.3390649717514124
1918,52.888888888888886,60.388888888888886,60.388888888888886,58.888888888888886,29.833333333333332,65.27777777777777,1110.6666666666665,1268.1666666666665,1268.1666666666665,317.04166666666663,2205.1749999999997,2205.1749999999997,0.05373587570621468,0.37375847457627115
1919,47.111111111111114,56.388888888888886,56.388888888888886,56.111111111111114,28.22222222222222,55.888888888888886,989.3333333333334,1184.1666666666665,1184.1666666666665,296.04166666666663,1977.9083333333333,1977.9083333333333,0.050176553672316375,0.33523870056497174
1920,46.666666666666664,68.33333333333333,68.33333333333333,68.0,34.94444444444444,62.27777777777778,980.0,1435.0,1435.0,358.75,2024.75,2024.75,0.06080508474576271,0.34317796610169493
1921,43.27777777777778,60.94444444444444,60.94444444444444,60.111111111111114,29.61111111111111,55.55555555555556,908.8333333333334,1279.8333333333333,1279.8333333333333,319.9583333333333,1864.975,1864.975,0.05423022598870056,0.3160974576271186
1922,36.44444444444444,46.388888888888886,46.388888888888886,45.44444444444444,23.27777777777778,43.833333333333336,765.3333333333333,974.1666666666666,974.1666666666666,243.54166666666666,1544.6083333333333,1544.6083333333333,0.04127824858757062,0.2617980225988701
1923,49.5,61.111111111111114,61.111111111111114,60.833333333333336,29.055555555555557,58.611111111111114,1039.5,1283.3333333333335,1283.3333333333335,320.83333333333337,2087.983333333333,2087.983333333333,0.05437853107344633,0.35389548022598866
1924,54.888888888888886,48.22222222222222,48.22222222222222,47.888888888888886,20.944444444444443,66.27777777777777,1152.6666666666665,1012.6666666666666,1012.6666666666666,253.16666666666666,2212.7,2212.7,0.04290960451977401,0.3750338983050847
1925,52.77777777777778,59.388888888888886,59.388888888888886,59.05555555555556,30.833333333333332,61.166666666666664,1108.3333333333333,1247.1666666666665,1247.1666666666665,311.79166666666663,2195.958333333333,2195.958333333333,0.0528460451977401,0.37219632768361577
1926,40.44444444444444,42.5,42.5,42.27777777777778,21.27777777777778,47.55555555555556,849.3333333333333,892.5,892.5,223.125,1666.9916666666666,1666.9916666666666,0.03781779661016949,0.2825409604519774
1927,39.833333333333336,37.55555555555556,37.55555555555556,37.27777777777778,18.5,43.888888888888886,836.5,788.6666666666667,788.6666666666667,197.16666666666669,1619.2166666666667,1619.2166666666667,0.0334180790960452,0.27444350282485874
1928,41.22222222222222,46.666666666666664,46.666666666666664,45.55555555555556,22.11111111111111,52.77777777777778,865.6666666666666,980.0,980.0,245.0,1716.6333333333332,1716.6333333333332,0.04152542372881356,0.29095480225988696
1929,36.94444444444444,48.44444444444444,48.44444444444444,47.5,23.88888888888889,45.166666666666664,775.8333333333333,1017.3333333333333,1017.3333333333333,254.33333333333331,1573.2499999999998,1573.2499999999998,0.04310734463276836,0.26665254237288133
1930,46.5,57.77777777777778,57.77777777777778,57.0,28.166666666666668,51.388888888888886,976.5,1213.3333333333333,1213.3333333333333,303.3333333333333,1963.3833333333332,1963.3833333333332,0.05141242937853107,0.3327768361581921
1931,44.72222222222222,46.05555555555556,46.05555555555556,46.55555555555556,22.666666666666668,48.888888888888886,939.1666666666666,967.1666666666667,967.1666666666667,241.79166666666669,1838.375,1838.375,0.0409816384180791,0.3115889830508475
1932,36.44444444444444,40.0,40.0,38.888888888888886,19.444444444444443,43.111111111111114,765.3333333333333,840.0,840.0,210.0,1511.0666666666666,1511.0666666666666,0.03559322033898305,0.25611299435028245
1933,47.22222222222222,56.55555555555556,56.55555555555556,56.333333333333336,27.72222222222222,58.05555555555556,991.6666666666666,1187.6666666666667,1187.6666666666667,296.9166666666667,1982.75,1982.75,0.05032485875706215,0.3360593220338983
1934,46.94444444444444,62.5,62.5,61.111111111111114,31.166666666666668,66.16666666666667,985.8333333333333,1312.5,1312.5,328.125,2004.0416666666665,2004.0416666666665,0.055614406779661014,0.3396680790960452
1935,56.77777777777778,58.72222222222222,58.72222222222222,57.72222222222222,28.38888888888889,68.77777777777777,1192.3333333333333,1233.1666666666667,1233.1666666666667,308.2916666666667,2335.258333333333,2335.258333333333,0.05225282485875707,0.3958064971751412
1936,40.166666666666664,48.111111111111114,48.111111111111114,47.55555555555556,23.055555555555557,50.27777777777778,843.5,1010.3333333333334,1010.3333333333334,252.58333333333334,1686.5333333333333,1686.5333333333333,0.04281073446327684,0.28585310734463276
1937,50.333333333333336,53.111111111111114,53.111111111111114,52.166666666666664,24.944444444444443,60.05555555555556,1057.0,1115.3333333333335,1115.3333333333335,278.83333333333337,2075.733333333333,2075.733333333333,0.047259887005649724,0.351819209039548
1938,38.0,53.44444444444444,53.44444444444444,53.166666666666664,27.555555555555557,48.22222222222222,798.0,1122.3333333333333,1122.3333333333333,280.5833333333333,1637.1833333333332,1637.1833333333332,0.04755649717514124,0.2774887005649717
1939,51.72222222222222,70.66666666666667,70.66666666666667,69.77777777777777,35.5,67.77777777777777,1086.1666666666667,1484.0,1484.0,371.0,2217.4833333333336,2217.4833333333336,0.06288135593220338,0.3758446327683616
1940,36.72222222222222,59.5,59.5,58.44444444444444,30.166666666666668,48.611111111111114,771.1666666666666,1249.5,1249.5,312.375,1623.3583333333331,1623.3583333333331,0.052944915254237286,0.27514548022598867
1941,43.0,57.27777777777778,57.27777777777778,56.55555555555556,28.333333333333332,55.388888888888886,903.0,1202.8333333333333,1202.8333333333333,300.7083333333333,1835.8083333333332,1835.8083333333332,0.05096751412429378,0.3111539548022599
1942,51.666666666666664,56.22222222222222,56.22222222222222,56.333333333333336,27.88888888888889,68.16666666666667,1085.0,1180.6666666666667,1180.6666666666667,295.1666666666667,2139.6666666666665,2139.6666666666665,0.05002824858757062,0.3626553672316384
1943,47.166666666666664,59.611111111111114,59.611111111111114,59.77777777777778,30.555555555555557,59.44444444444444,990.5,1251.8333333333335,1251.8333333333335,312.95833333333337,1996.8083333333334,1996.8083333333334,0.05304378531073447,0.33844209039548023
1944,44.888888888888886,53.666666666666664,53.666666666666664,53.55555555555556,27.5,54.888888888888886,942.6666666666666,1127.0,1127.0,281.75,1884.2833333333333,1884.2833333333333,0.04775423728813559,0.31937005649717515
1945,40.44444444444444,57.94444444444444,57.94444444444444,57.05555555555556,28.333333333333332,53.888888888888886,849.3333333333333,1216.8333333333333,1216.8333333333333,304.2083333333333,1748.0749999999998,1748.0749999999998,0.05156073446327683,0.2962838983050847
1946,28.88888888888889,38.44444444444444,38.44444444444444,38.111111111111114,19.38888888888889,38.27777777777778,606.6666666666666,807.3333333333333,807.3333333333333,201.83333333333331,1233.1666666666665,1233.1666666666665,0.034209039548022596,0.20901129943502822
1947,44.05555555555556,57.05555555555556,57.05555555555556,56.77777777777778,28.333333333333332,51.166666666666664,925.1666666666667,1198.1666666666667,1198.1666666666667,299.5416666666667,1872.3250000000003,1872.3250000000003,0.05076977401129944,0.3173432203389831
1948,38.111111111111114,39.44444444444444,39.44444444444444,39.111111111111114,20.5,43.833333333333336,800.3333333333334,828.3333333333333,828.3333333333333,207.08333333333331,1567.6499999999999,1567.6499999999999,0.03509887005649717,0.26570338983050845
1949,45.94444444444444,48.666666666666664,48.666666666666664,48.5,24.666666666666668,54.666666666666664,964.8333333333333,1022.0,1022.0,255.5,1895.7166666666665,1895.7166666666665,0.04330508474576271,0.3213079096045197
1950,53.05555555555556,53.55555555555556,53.55555555555556,53.111111111111114,25.055555555555557,64.05555555555556,1114.1666666666667,1124.6666666666667,1124.6666666666667,281.1666666666667,2175.25,2175.25,0.04765536723163842,0.3686864406779661
1951,42.388888888888886,52.666666666666664,52.666666666666664,52.77777777777778,25.88888888888889,53.388888888888886,890.1666666666666,1106.0,1106.0,276.5,1789.7833333333333,1789.7833333333333,0.046864406779661014,0.3033531073446328
1952,45.833333333333336,44.388888888888886,44.388888888888886,43.388888888888886,20.61111111111111,51.111111111111114,962.5,932.1666666666666,932.1666666666666,233.04166666666666,1869.2916666666667,1869.2916666666667,0.03949858757062147,0.31682909604519777
1953,36.833333333333336,51.611111111111114,51.611111111111114,50.666666666666664,25.833333333333332,42.44444444444444,773.5,1083.8333333333335,1083.8333333333335,270.95833333333337,1585.9083333333333,1585.9083333333333,0.04592514124293786,0.26879802259887003
1954,54.833333333333336,65.33333333333333,65.33333333333333,65.38888888888889,33.333333333333336,69.72222222222223,1151.5,1372.0,1372.0,343.0,2300.55,2300.55,0.05813559322033898,0.38992372881355936
1955,55.333333333333336,54.72222222222222,54.72222222222222,54.27777777777778,26.0,70.66666666666667,1162.0,1149.1666666666667,1149.1666666666667,287.2916666666667,2262.6916666666666,2262.6916666666666,0.04869350282485876,0.3835070621468926
1956,26.666666666666668,41.166666666666664,41.166666666666664,40.27777777777778,19.22222222222222,33.77777777777778,560.0,864.5,864.5,216.125,1168.125,1168.125,0.03663135593220339,0.19798728813559321
1957,55.166666666666664,58.0,58.0,57.833333333333336,27.555555555555557,71.0,1158.5,1218.0,1218.0,304.5,2273.95,2273.95,0.05161016949152542,0.3854152542372881
1958,45.611111111111114,44.111111111111114,44.111111111111114,43.22222222222222,20.833333333333332,55.833333333333336,957.8333333333334,926.3333333333334,926.3333333333334,231.58333333333334,1859.8999999999999,1859.8999999999999,0.03925141242937853,0.3152372881355932
1959,45.27777777777778,40.888888888888886,40.888888888888886,40.22222222222222,19.22222222222222,54.0,950.8333333333334,858.6666666666666,858.6666666666666,214.66666666666666,1831.0833333333335,1831.0833333333335,0.03638418079096045,0.3103531073446328
1960,41.27777777777778,60.5,60.5,60.44444444444444,31.444444444444443,50.94444444444444,866.8333333333334,1270.5,1270.5,317.625,1791.2416666666668,1791.2416666666668,0.05383474576271186,0.3036002824858757
1961,25.166666666666668,27.77777777777778,27.77777777777778,27.0,13.38888888888889,31.333333333333332,528.5,583.3333333333334,583.3333333333334,145.83333333333334,1044.2833333333333,1044.2833333333333,0.024717514124293787,0.17699717514124294
1962,39.77777777777778,43.333333333333336,43.333333333333336,43.333333333333336,22.11111111111111,42.611111111111114,835.3333333333334,910.0,910.0,227.5,1647.5666666666666,1647.5666666666666,0.03855932203389831,0.27924858757062143
1963,49.0,60.5,60.5,59.55555555555556,30.0,64.11111111111111,1029.0,1270.5,1270.5,317.625,2066.925,2066.925,0.05383474576271186,0.3503262711864407
1964,34.44444444444444,29.055555555555557,29.055555555555557,27.88888888888889,14.944444444444445,31.944444444444443,723.3333333333333,610.1666666666667,610.1666666666667,152.54166666666669,1382.2083333333333,1382.2083333333333,0.025854519774011302,0.2342725988700565
1965,51.5,52.388888888888886,52.388888888888886,52.94444444444444,27.555555555555557,61.111111111111114,1081.5,1100.1666666666665,1100.1666666666665,275.04166666666663,2113.5916666666667,2113.5916666666667,0.04661723163841807,0.3582358757062147
1966,46.72222222222222,55.77777777777778,55.77777777777778,54.666666666666664,26.27777777777778,61.94444444444444,981.1666666666666,1171.3333333333333,1171.3333333333333,292.8333333333333,1960.8166666666664,1960.8166666666664,0.04963276836158192,0.3323418079096045
1967,49.833333333333336,65.0,65.0,63.833333333333336,31.666666666666668,63.611111111111114,1046.5,1365.0,1365.0,341.25,2120.3,2120.3,0.057838983050847455,0.35937288135593226
1968,37.72222222222222,39.55555555555556,39.55555555555556,38.833333333333336,20.833333333333332,41.388888888888886,792.1666666666666,830.6666666666667,830.6666666666667,207.66666666666669,1554.35,1554.35,0.035197740112994355,0.2634491525423729
1969,47.111111111111114,47.666666666666664,47.666666666666664,47.44444444444444,23.22222222222222,47.333333333333336,989.3333333333334,1001.0,1001.0,250.25,1932.1166666666668,1932.1166666666668,0.04241525423728813,0.3274774011299435
1970,46.5,54.44444444444444,54.44444444444444,53.611111111111114,25.944444444444443,56.94444444444444,976.5,1143.3333333333333,1143.3333333333333,285.8333333333333,1945.8833333333332,1945.8833333333332,0.048446327683615814,0.3298107344632768
1971,26.944444444444443,31.61111111111111,31.61111111111111,31.22222222222222,15.5,28.0,565.8333333333333,663.8333333333334,663.8333333333334,165.95833333333334,1127.8749999999998,1127.8749999999998,0.02812853107344633,0.19116525423728808
1972,54.833333333333336,70.11111111111111,70.11111111111111,69.0,33.833333333333336,70.55555555555556,1151.5,1472.3333333333335,1472.3333333333335,368.08333333333337,2325.633333333333,2325.633333333333,0.06238700564971752,0.39417514124293784
1973,49.55555555555556,71.38888888888889,71.38888888888889,71.61111111111111,36.611111111111114,62.111111111111114,1040.6666666666667,1499.1666666666665,1499.1666666666665,374.79166666666663,2143.925,2143.925,0.06352401129943502,0.36337711864406785
1974,27.72222222222222,38.27777777777778,38.27777777777778,38.05555555555556,19.77777777777778,38.666666666666664,582.1666666666666,803.8333333333334,803.8333333333334,200.95833333333334,1190.6416666666667,1190.6416666666667,0.034060734463276836,0.2018036723163842
1975,47.611111111111114,51.833333333333336,51.833333333333336,50.44444444444444,25.77777777777778,55.05555555555556,999.8333333333334,1088.5,1088.5,272.125,1971.8416666666667,1971.8416666666667,0.046122881355932205,0.3342104519774011
1976,38.166666666666664,41.72222222222222,41.72222222222222,41.22222222222222,21.444444444444443,44.72222222222222,801.5,876.1666666666666,876.1666666666666,219.04166666666666,1581.5916666666667,1581.5916666666667,0.03712570621468926,0.268066384180791
1977,53.22222222222222,51.05555555555556,51.05555555555556,51.111111111111114,24.27777777777778,61.166666666666664,1117.6666666666667,1072.1666666666667,1072.1666666666667,268.0416666666667,2168.075,2168.075,0.04543079096045198,0.3674703389830508
1978,47.72222222222222,49.388888888888886,49.388888888888886,49.0,23.444444444444443,58.166666666666664,1002.1666666666666,1037.1666666666665,1037.1666666666665,259.29166666666663,1962.975,1962.975,0.04394774011299434,0.33270762711864404
1979,35.388888888888886,48.72222222222222,48.72222222222222,47.666666666666664,23.38888888888889,46.333333333333336,743.1666666666666,1023.1666666666666,1023.1666666666666,255.79166666666666,1519.175,1519.175,0.0433545197740113,0.25748728813559324
1980,45.5,45.22222222222222,45.22222222222222,44.44444444444444,21.27777777777778,57.333333333333336,955.5,949.6666666666666,949.6666666666666,237.41666666666666,1861.7666666666667,1861.7666666666667,0.040240112994350284,0.3155536723163842
1981,49.5,51.05555555555556,51.05555555555556,50.77777777777778,24.77777777777778,59.27777777777778,1039.5,1072.1666666666667,1072.1666666666667,268.0416666666667,2035.1916666666666,2035.1916666666666,0.04543079096045198,0.34494774011299434
1982,46.333333333333336,53.611111111111114,53.611111111111114,52.72222222222222,26.27777777777778,54.72222222222222,973.0,1125.8333333333335,1125.8333333333335,281.45833333333337,1935.5583333333334,1935.5583333333334,0.04770480225988701,0.3280607344632768
1983,40.833333333333336,54.388888888888886,54.388888888888886,53.388888888888886,26.61111111111111,56.72222222222222,857.5,1142.1666666666665,1142.1666666666665,285.54166666666663,1743.2916666666665,1743.2916666666665,0.04839689265536722,0.2954731638418079
1984,50.166666666666664,58.0,58.0,57.72222222222222,28.38888888888889,61.388888888888886,1053.5,1218.0,1218.0,304.5,2095.45,2095.45,0.05161016949152542,0.35516101694915253
1985,59.44444444444444,59.611111111111114,59.611111111111114,58.5,29.38888888888889,74.44444444444444,1248.3333333333333,1251.8333333333335,1251.8333333333335,312.95833333333337,2435.125,2435.125,0.05304378531073447,0.41273305084745765
1986,53.388888888888886,55.44444444444444,55.44444444444444,54.833333333333336,26.72222222222222,63.27777777777778,1121.1666666666665,1164.3333333333333,1164.3333333333333,291.0833333333333,2197.0666666666666,2197.0666666666666,0.04933615819209039,0.3723841807909604
1987,46.166666666666664,46.888888888888886,46.888888888888886,46.666666666666664,23.11111111111111,53.388888888888886,969.5,984.6666666666666,984.6666666666666,246.16666666666666,1894.3166666666666,1894.3166666666666,0.04172316384180791,0.32107062146892656
1988,34.611111111111114,49.55555555555556,49.55555555555556,48.666666666666664,24.11111111111111,42.833333333333336,726.8333333333334,1040.6666666666667,1040.6666666666667,260.1666666666667,1495.7833333333335,1495.7833333333335,0.044096045197740116,0.2535225988700565
1989,40.333333333333336,48.166666666666664,48.166666666666664,48.44444444444444,24.88888888888889,49.44444444444444,847.0,1011.5,1011.5,252.875,1692.7749999999999,1692.7749999999999,0.04286016949152542,0.2869110169491525
1990,42.5,40.94444444444444,40.94444444444444,40.44444444444444,19.333333333333332,54.22222222222222,892.5,859.8333333333333,859.8333333333333,214.95833333333331,1732.2083333333333,1732.2083333333333,0.036433615819209036,0.29359463276836156
1991,51.05555555555556,48.388888888888886,48.388888888888886,47.888888888888886,23.22222222222222,55.05555555555556,1072.1666666666667,1016.1666666666666,1016.1666666666666,254.04166666666666,2076.725,2076.725,0.04305790960451977,0.3519872881355932
1992,39.44444444444444,47.44444444444444,47.44444444444444,46.5,24.0,48.05555555555556,828.3333333333333,996.3333333333333,996.3333333333333,249.08333333333331,1657.2499999999998,1657.2499999999998,0.04221751412429378,0.28088983050847455
1993,40.72222222222222,50.22222222222222,50.22222222222222,49.166666666666664,26.22222222222222,51.388888888888886,855.1666666666666,1054.6666666666667,1054.6666666666667,263.6666666666667,1717.45,1717.45,0.044689265536723165,0.29109322033898305
1994,27.166666666666668,34.0,34.0,33.72222222222222,16.72222222222222,35.44444444444444,570.5,714.0,714.0,178.5,1148.35,1148.35,0.03025423728813559,0.19463559322033896
1995,47.77777777777778,59.27777777777778,59.27777777777778,58.44444444444444,29.27777777777778,58.333333333333336,1003.3333333333334,1244.8333333333333,1244.8333333333333,311.2083333333333,2016.875,2016.875,0.052747175141242934,0.34184322033898307
1996,38.94444444444444,60.0,60.0,60.27777777777778,30.666666666666668,51.5,817.8333333333333,1260.0,1260.0,315.0,1705.3166666666666,1705.3166666666666,0.053389830508474574,0.2890367231638418
1997,51.666666666666664,58.333333333333336,58.333333333333336,58.111111111111114,28.0,61.77777777777778,1085.0,1225.0,1225.0,306.25,2150.75,2150.75,0.05190677966101695,0.36453389830508476
1998,44.44444444444444,47.94444444444444,47.94444444444444,47.333333333333336,24.77777777777778,53.888888888888886,933.3333333333333,1006.8333333333333,1006.8333333333333,251.70833333333331,1838.3749999999998,1838.3749999999998,0.04266242937853107,0.3115889830508474
1999,41.611111111111114,60.388888888888886,60.388888888888886,59.27777777777778,29.61111111111111,51.5,873.8333333333334,1268.1666666666665,1268.1666666666665,317.04166666666663,1802.5583333333334,1802.5583333333334,0.05373587570621468,0.3055183615819209
2000,43.5,44.5,44.5,44.05555555555556,21.944444444444443,57.833333333333336,913.5,934.5,934.5,233.625,1786.575,1786.575,0.039597457627118644,0.3028093220338983
2001,47.22222222222222,60.0,60.0,59.44444444444444,30.055555555555557,56.94444444444444,991.6666666666666,1260.0,1260.0,315.0,2000.8333333333333,2000.8333333333333,0.053389830508474574,0.3391242937853107
2002,48.0,63.388888888888886,63.388888888888886,62.77777777777778,30.5,66.5,1008.0,1331.1666666666665,1331.1666666666665,332.79166666666663,2046.3916666666664,2046.3916666666664,0.056405367231638415,0.3468460451977401
2003,46.111111111111114,54.166666666666664,54.166666666666664,54.166666666666664,27.38888888888889,53.833333333333336,968.3333333333334,1137.5,1137.5,284.375,1930.5416666666667,1930.5416666666667,0.048199152542372885,0.3272104519774011
2004,39.166666666666664,48.72222222222222,48.72222222222222,48.388888888888886,24.444444444444443,51.44444444444444,822.5,1023.1666666666666,1023.1666666666666,255.79166666666666,1654.0416666666667,1654.0416666666667,0.0433545197740113,0.28034604519774015
2005,47.5,49.27777777777778,49.27777777777778,48.22222222222222,23.27777777777778,60.111111111111114,997.5,1034.8333333333333,1034.8333333333333,258.7083333333333,1954.4583333333333,1954.4583333333333,0.04384887005649717,0.3312641242937853
2006,32.94444444444444,44.833333333333336,44.833333333333336,44.94444444444444,23.055555555555557,39.833333333333336,691.8333333333333,941.5,941.5,235.375,1411.4916666666666,1411.4916666666666,0.03989406779661017,0.23923587570621468
2007,46.111111111111114,53.166666666666664,53.166666666666664,52.94444444444444,26.38888888888889,56.111111111111114,968.3333333333334,1116.5,1116.5,279.125,1925.2916666666667,1925.2916666666667,0.0473093220338983,0.32632062146892654
2008,49.77777777777778,47.166666666666664,47.166666666666664,47.111111111111114,23.72222222222222,61.888888888888886,1045.3333333333333,990.5,990.5,247.625,2024.6916666666664,2024.6916666666664,0.041970338983050845,0.34316807909604513
2009,43.833333333333336,49.888888888888886,49.888888888888886,48.833333333333336,23.666666666666668,53.611111111111114,920.5,1047.6666666666665,1047.6666666666665,261.91666666666663,1826.7666666666664,1826.7666666666664,0.04439265536723163,0.3096214689265536
2010,39.666666666666664,51.05555555555556,51.05555555555556,50.55555555555556,24.944444444444443,52.44444444444444,833.0,1072.1666666666667,1072.1666666666667,268.0416666666667,1684.1416666666667,1684.1416666666667,0.04543079096045198,0.28544774011299434
2011,31.77777777777778,36.888888888888886,36.888888888888886,36.77777777777778,17.944444444444443,39.94444444444444,667.3333333333334,774.6666666666666,774.6666666666666,193.66666666666666,1328.1333333333334,1328.1333333333334,0.03282485875706215,0.22510734463276838
2012,59.166666666666664,70.83333333333333,70.83333333333333,69.55555555555556,33.666666666666664,74.55555555555556,1242.5,1487.5,1487.5,371.875,2484.125,2484.125,0.06302966101694915,0.42103813559322034
2013,29.27777777777778,32.72222222222222,32.72222222222222,32.388888888888886,17.166666666666668,32.27777777777778,614.8333333333334,687.1666666666666,687.1666666666666,171.79166666666666,1217.0083333333334,1217.0083333333334,0.02911723163841808,0.20627259887005653
2014,49.27777777777778,52.388888888888886,52.388888888888886,51.22222222222222,25.555555555555557,59.05555555555556,1034.8333333333333,1100.1666666666665,1100.1666666666665,275.04166666666663,2034.2583333333332,2034.2583333333332,0.04661723163841807,0.34478954802259887
2015,42.05555555555556,49.333333333333336,49.333333333333336,49.22222222222222,23.72222222222222,51.94444444444444,883.1666666666667,1036.0,1036.0,259.0,1760.3833333333334,1760.3833333333334,0.043898305084745765,0.2983700564971752
2016,48.22222222222222,58.833333333333336,58.833333333333336,58.333333333333336,27.38888888888889,65.33333333333333,1012.6666666666666,1235.5,1235.5,308.875,2030.4083333333333,2030.4083333333333,0.05235169491525424,0.3441370056497175
2017,39.333333333333336,53.666666666666664,53.666666666666664,52.44444444444444,25.22222222222222,50.94444444444444,826.0,1127.0,1127.0,281.75,1685.95,1685.95,0.04775423728813559,0.2857542372881356
2018,45.55555555555556,63.888888888888886,63.888888888888886,62.94444444444444,29.333333333333332,61.111111111111114,956.6666666666667,1341.6666666666665,1341.6666666666665,335.41666666666663,1961.75,1961.75,0.0568502824858757,0.3325
2019,43.77777777777778,55.27777777777778,55.27777777777778,54.611111111111114,28.444444444444443,49.27777777777778,919.3333333333334,1160.8333333333333,1160.8333333333333,290.2083333333333,1853.075,1853.075,0.04918785310734463,0.3140805084745763
2020,43.55555555555556,51.166666666666664,51.166666666666664,51.111111111111114,26.5,57.05555555555556,914.6666666666667,1074.5,1074.5,268.625,1823.5583333333334,1823.5583333333334,0.04552966101694915,0.3090776836158192
2021,51.94444444444444,60.611111111111114,60.611111111111114,60.05555555555556,30.333333333333332,63.94444444444444,1090.8333333333333,1272.8333333333335,1272.8333333333335,318.20833333333337,2172.625,2172.625,0.053933615819209045,0.3682415254237288
2022,59.44444444444444,60.0,60.0,59.27777777777778,28.61111111111111,75.05555555555556,1248.3333333333333,1260.0,1260.0,315.0,2437.1666666666665,2437.1666666666665,0.053389830508474574,0.4130790960451977
2023,43.22222222222222,53.05555555555556,53.05555555555556,52.111111111111114,26.555555555555557,59.166666666666664,907.6666666666666,1114.1666666666667,1114.1666666666667,278.5416666666667,1821.575,1821.575,0.04721045197740113,0.30874152542372885
2024,53.22222222222222,65.66666666666667,65.66666666666667,64.77777777777777,32.388888888888886,69.44444444444444,1117.6666666666667,1379.0,1379.0,344.75,2244.7833333333333,2244.7833333333333,0.05843220338983051,0.3804717514124294
2025,47.72222222222222,54.388888888888886,54.388888888888886,53.5,25.666666666666668,58.55555555555556,1002.1666666666666,1142.1666666666665,1142.1666666666665,285.54166666666663,1989.225,1989.225,0.04839689265536722,0.3371567796610169
2026,43.27777777777778,60.833333333333336,60.833333333333336,60.44444444444444,31.38888888888889,50.94444444444444,908.8333333333334,1277.5,1277.5,319.375,1864.3916666666667,1864.3916666666667,0.05413135593220339,0.3159985875706215
2027,44.166666666666664,44.22222222222222,44.22222222222222,43.611111111111114,22.555555555555557,49.666666666666664,927.5,928.6666666666666,928.6666666666666,232.16666666666666,1808.9166666666667,1808.9166666666667,0.03935028248587571,0.30659604519774014
2028,33.833333333333336,45.888888888888886,45.888888888888886,45.166666666666664,23.333333333333332,41.611111111111114,710.5,963.6666666666666,963.6666666666666,240.91666666666666,1448.7666666666667,1448.7666666666667,0.04083333333333333,0.24555367231638417
2029,51.0,57.44444444444444,57.44444444444444,56.833333333333336,28.166666666666668,62.55555555555556,1071.0,1206.3333333333333,1206.3333333333333,301.5833333333333,2122.2833333333333,2122.2833333333333,0.05111581920903954,0.3597090395480226
2030,45.333333333333336,48.833333333333336,48.833333333333336,47.27777777777778,22.88888888888889,63.111111111111114,952.0,1025.5,1025.5,256.375,1874.7749999999999,1874.7749999999999,0.043453389830508476,0.31775847457627115
2031,52.0,48.111111111111114,48.111111111111114,47.5,21.333333333333332,63.5,1092.0,1010.3333333333334,1010.3333333333334,252.58333333333334,2108.983333333333,2108.983333333333,0.04281073446327684,0.35745480225988696
2032,52.611111111111114,68.0,68.0,68.27777777777777,34.55555555555556,65.0,1104.8333333333335,1428.0,1428.0,357.0,2235.216666666667,2235.216666666667,0.06050847457627118,0.37885028248587577
2033,39.166666666666664,47.833333333333336,47.833333333333336,46.888888888888886,25.11111111111111,44.5,822.5,1004.5,1004.5,251.125,1649.375,1649.375,0.0425635593220339,0.27955508474576274
2034,52.166666666666664,52.0,52.0,50.888888888888886,25.833333333333332,60.0,1095.5,1092.0,1092.0,273.0,2135.35,2135.35,0.046271186440677965,0.36192372881355933
2035,52.72222222222222,55.72222222222222,55.72222222222222,55.72222222222222,28.944444444444443,62.77777777777778,1107.1666666666667,1170.1666666666667,1170.1666666666667,292.5416666666667,2174.725,2174.725,0.04958333333333333,0.36859745762711865
2036,41.333333333333336,47.888888888888886,47.888888888888886,47.05555555555556,24.0,49.44444444444444,868.0,1005.6666666666666,1005.6666666666666,251.41666666666666,1727.0166666666667,1727.0166666666667,0.042612994350282485,0.29271468926553673
2037,33.05555555555556,61.833333333333336,61.833333333333336,61.388888888888886,31.833333333333332,47.611111111111114,694.1666666666667,1298.5,1298.5,324.625,1504.7083333333335,1504.7083333333335,0.055021186440677966,0.2550353107344633
2038,43.666666666666664,47.166666666666664,47.166666666666664,47.27777777777778,23.11111111111111,49.5,917.0,990.5,990.5,247.625,1806.5249999999999,1806.5249999999999,0.041970338983050845,0.30619067796610167
2039,34.05555555555556,48.22222222222222,48.22222222222222,47.77777777777778,24.833333333333332,46.888888888888886,715.1666666666667,1012.6666666666666,1012.6666666666666,253.16666666666666,1468.9500000000003,1468.9500000000003,0.04290960451977401,0.2489745762711865
2040,36.05555555555556,42.166666666666664,42.166666666666664,41.888888888888886,20.833333333333332,46.666666666666664,757.1666666666667,885.5,885.5,221.375,1508.5583333333334,1508.5583333333334,0.037521186440677964,0.25568785310734465
2041,48.611111111111114,59.05555555555556,59.05555555555556,58.833333333333336,31.055555555555557,60.72222222222222,1020.8333333333334,1240.1666666666667,1240.1666666666667,310.0416666666667,2045.4583333333335,2045.4583333333335,0.05254943502824859,0.3466878531073447
2042,47.55555555555556,66.83333333333333,66.83333333333333,66.61111111111111,33.388888888888886,57.833333333333336,998.6666666666667,1403.5,1403.5,350.875,2048.6083333333336,2048.6083333333336,0.05947033898305085,0.34722175141242945
2043,44.5,44.44444444444444,44.44444444444444,44.0,20.5,54.44444444444444,934.5,933.3333333333333,933.3333333333333,233.33333333333331,1821.9833333333331,1821.9833333333331,0.03954802259887005,0.3088107344632768
2044,55.27777777777778,55.388888888888886,55.388888888888886,54.666666666666664,26.166666666666668,64.83333333333333,1160.8333333333333,1163.1666666666665,1163.1666666666665,290.79166666666663,2264.208333333333,2264.208333333333,0.0492867231638418,0.38376412429378526
2045,50.388888888888886,44.111111111111114,44.111111111111114,43.22222222222222,22.72222222222222,55.888888888888886,1058.1666666666665,926.3333333333334,926.3333333333334,231.58333333333334,2030.4666666666662,2030.4666666666662,0.03925141242937853,0.3441468926553672
2046,36.55555555555556,43.611111111111114,43.611111111111114,42.611111111111114,21.444444444444443,46.5,767.6666666666667,915.8333333333334,915.8333333333334,228.95833333333334,1533.9916666666668,1533.9916666666668,0.038806497175141244,0.2599985875706215
2047,44.55555555555556,53.666666666666664,53.666666666666664,53.333333333333336,26.833333333333332,51.77777777777778,935.6666666666667,1127.0,1127.0,281.75,1872.3833333333334,1872.3833333333334,0.04775423728813559,0.3173531073446328
2048,49.611111111111114,53.77777777777778,53.77777777777778,54.05555555555556,28.38888888888889,56.05555555555556,1041.8333333333335,1129.3333333333333,1129.3333333333333,282.3333333333333,2053.4500000000003,2053.4500000000003,0.047853107344632766,0.348042372881356
2049,46.27777777777778,57.666666666666664,57.666666666666664,57.166666666666664,28.5,57.27777777777778,971.8333333333334,1211.0,1211.0,302.75,1954.8666666666668,1954.8666666666668,0.0513135593220339,0.33133333333333337
2050,40.833333333333336,43.333333333333336,43.333333333333336,41.72222222222222,21.333333333333332,46.666666666666664,857.5,910.0,910.0,227.5,1685.25,1685.25,0.03855932203389831,0.285635593220339
2051,46.166666666666664,56.666666666666664,56.666666666666664,54.833333333333336,26.055555555555557,60.94444444444444,969.5,1190.0,1190.0,297.5,1945.6499999999999,1945.6499999999999,0.050423728813559325,0.32977118644067793
2052,41.166666666666664,46.111111111111114,46.111111111111114,45.77777777777778,23.166666666666668,44.666666666666664,864.5,968.3333333333334,968.3333333333334,242.08333333333334,1711.7333333333331,1711.7333333333331,0.041031073446327684,0.2901242937853107
2053,35.0,46.388888888888886,46.388888888888886,45.22222222222222,21.944444444444443,43.611111111111114,735.0,974.1666666666666,974.1666666666666,243.54166666666666,1493.0416666666667,1493.0416666666667,0.04127824858757062,0.2530579096045198
2054,31.944444444444443,36.94444444444444,36.94444444444444,36.5,18.22222222222222,35.388888888888886,670.8333333333333,775.8333333333333,775.8333333333333,193.95833333333331,1334.3749999999998,1334.3749999999998,0.03287429378531073,0.2261652542372881
2055,44.5,56.888888888888886,56.888888888888886,55.611111111111114,28.555555555555557,56.888888888888886,934.5,1194.6666666666665,1194.6666666666665,298.66666666666663,1887.3166666666666,1887.3166666666666,0.05062146892655366,0.3198841807909604
2056,40.77777777777778,38.833333333333336,38.833333333333336,37.833333333333336,18.666666666666668,41.833333333333336,856.3333333333334,815.5,815.5,203.875,1659.6416666666667,1659.6416666666667,0.034555084745762715,0.28129519774011297
2057,49.666666666666664,66.0,66.0,65.16666666666667,32.833333333333336,68.0,1043.0,1386.0,1386.0,346.5,2119.6,2119.6,0.05872881355932203,0.3592542372881356
2058,41.111111111111114,53.27777777777778,53.27777777777778,52.72222222222222,27.11111111111111,53.333333333333336,863.3333333333334,1118.8333333333333,1118.8333333333333,279.7083333333333,1747.375,1747.375,0.04740819209039548,0.2961652542372881
2059,46.77777777777778,53.72222222222222,53.72222222222222,52.833333333333336,26.72222222222222,54.888888888888886,982.3333333333334,1128.1666666666667,1128.1666666666667,282.0416666666667,1952.0083333333334,1952.0083333333334,0.04780367231638418,0.3308488700564972
2060,44.611111111111114,43.22222222222222,43.22222222222222,42.111111111111114,21.444444444444443,53.72222222222222,936.8333333333334,907.6666666666666,907.6666666666666,226.91666666666666,1819.5333333333335,1819.5333333333335,0.038460451977401125,0.3083954802259887
2061,36.0,45.111111111111114,45.111111111111114,45.05555555555556,23.88888888888889,43.888888888888886,756.0,947.3333333333334,947.3333333333334,236.83333333333334,1522.0333333333333,1522.0333333333333,0.04014124293785311,0.2579717514124294
2062,40.94444444444444,51.388888888888886,51.388888888888886,50.666666666666664,25.055555555555557,49.55555555555556,859.8333333333333,1079.1666666666665,1079.1666666666665,269.79166666666663,1731.5083333333332,1731.5083333333332,0.045727401129943494,0.29347598870056496
2063,52.72222222222222,53.5,53.5,53.94444444444444,26.77777777777778,65.33333333333333,1107.1666666666667,1123.5,1123.5,280.875,2163.0583333333334,2163.0583333333334,0.04760593220338983,0.36662005649717516
2064,40.166666666666664,42.55555555555556,42.55555555555556,41.72222222222222,21.0,46.94444444444444,843.5,893.6666666666667,893.6666666666667,223.41666666666669,1657.3666666666668,1657.3666666666668,0.037867231638418083,0.28090960451977404
2065,39.611111111111114,46.44444444444444,46.44444444444444,45.333333333333336,21.833333333333332,51.27777777777778,831.8333333333334,975.3333333333333,975.3333333333333,243.83333333333331,1657.95,1657.95,0.041327683615819205,0.2810084745762712
2066,49.0,55.05555555555556,55.05555555555556,54.666666666666664,26.833333333333332,59.27777777777778,1029.0,1156.1666666666667,1156.1666666666667,289.0416666666667,2038.3416666666667,2038.3416666666667,0.048990112994350285,0.3454816384180791
2067,41.611111111111114,48.111111111111114,48.111111111111114,47.388888888888886,22.72222222222222,54.333333333333336,873.8333333333334,1010.3333333333334,1010.3333333333334,252.58333333333334,1738.1,1738.1,0.04281073446327684,0.29459322033898305
2068,46.0,58.05555555555556,58.05555555555556,56.55555555555556,28.38888888888889,62.5,966.0,1219.1666666666667,1219.1666666666667,304.7916666666667,1946.9916666666668,1946.9916666666668,0.05165960451977401,0.3299985875706215
2069,46.666666666666664,56.333333333333336,56.333333333333336,54.72222222222222,26.27777777777778,56.611111111111114,980.0,1183.0,1183.0,295.75,1961.75,1961.75,0.0501271186440678,0.3325
2070,44.611111111111114,52.888888888888886,52.888888888888886,52.833333333333336,28.27777777777778,49.666666666666664,936.8333333333334,1110.6666666666665,1110.6666666666665,277.66666666666663,1870.2833333333333,1870.2833333333333,0.04706214689265536,0.3169971751412429
2071,51.111111111111114,49.5,49.5,48.55555555555556,24.166666666666668,54.27777777777778,1073.3333333333335,1039.5,1039.5,259.875,2084.541666666667,2084.541666666667,0.044046610169491525,0.35331214689265544
2072,38.833333333333336,52.388888888888886,52.388888888888886,51.94444444444444,24.666666666666668,51.44444444444444,815.5,1100.1666666666665,1100.1666666666665,275.04166666666663,1661.3916666666664,1661.3916666666664,0.04661723163841807,0.2815918079096045
2073,45.94444444444444,60.611111111111114,60.611111111111114,60.388888888888886,29.666666666666668,59.72222222222222,964.8333333333333,1272.8333333333335,1272.8333333333335,318.20833333333337,1958.4249999999997,1958.4249999999997,0.053933615819209045,0.33193644067796607
2074,46.333333333333336,54.388888888888886,54.388888888888886,53.05555555555556,26.555555555555557,56.72222222222222,973.0,1142.1666666666665,1142.1666666666665,285.54166666666663,1939.6416666666664,1939.6416666666664,0.04839689265536722,0.328752824858757
2075,42.77777777777778,53.166666666666664,53.166666666666664,52.666666666666664,27.61111111111111,48.44444444444444,898.3333333333334,1116.5,1116.5,279.125,1806.2916666666667,1806.2916666666667,0.0473093220338983,0.30615112994350285
2076,42.77777777777778,52.166666666666664,52.166666666666664,51.666666666666664,25.27777777777778,53.94444444444444,898.3333333333334,1095.5,1095.5,273.875,1801.0416666666667,1801.0416666666667,0.046419491525423726,0.3052612994350283
2077,36.5,46.77777777777778,46.77777777777778,45.55555555555556,22.27777777777778,48.0,766.5,982.3333333333334,982.3333333333334,245.58333333333334,1548.6333333333332,1548.6333333333332,0.04162429378531073,0.2624802259887005
2078,28.72222222222222,46.111111111111114,46.111111111111114,44.44444444444444,21.77777777777778,38.05555555555556,603.1666666666666,968.3333333333334,968.3333333333334,242.08333333333334,1267.4666666666665,1267.4666666666665,0.041031073446327684,0.21482485875706211
2079,44.0,57.94444444444444,57.94444444444444,56.77777777777778,27.5,60.05555555555556,924.0,1216.8333333333333,1216.8333333333333,304.2083333333333,1875.0083333333332,1875.0083333333332,0.05156073446327683,0.31779802259887
2080,32.0,42.44444444444444,42.44444444444444,40.94444444444444,19.11111111111111,44.0,672.0,891.3333333333333,891.3333333333333,222.83333333333331,1365.2333333333331,1365.2333333333331,0.0377683615819209,0.23139548022598866
2081,51.888888888888886,59.05555555555556,59.05555555555556,58.333333333333336,28.555555555555557,68.44444444444444,1089.6666666666665,1240.1666666666667,1240.1666666666667,310.0416666666667,2162.4749999999995,2162.4749999999995,0.05254943502824859,0.3665211864406779
2082,40.666666666666664,37.666666666666664,37.666666666666664,37.72222222222222,18.11111111111111,51.44444444444444,854.0,791.0,791.0,197.75,1649.55,1649.55,0.03351694915254237,0.27958474576271186
2083,35.666666666666664,46.72222222222222,46.72222222222222,45.833333333333336,23.77777777777778,45.44444444444444,749.0,981.1666666666666,981.1666666666666,245.29166666666666,1518.5916666666667,1518.5916666666667,0.04157485875706215,0.25738841807909607
2084,33.5,42.666666666666664,42.666666666666664,42.666666666666664,22.88888888888889,38.44444444444444,703.5,896.0,896.0,224.0,1419.95,1419.95,0.03796610169491525,0.24066949152542375
2085,51.77777777777778,58.55555555555556,58.55555555555556,58.333333333333336,29.555555555555557,67.44444444444444,1087.3333333333333,1229.6666666666667,1229.6666666666667,307.4166666666667,2155.883333333333,2155.883333333333,0.0521045197740113,0.36540395480225984
2086,48.72222222222222,68.61111111111111,68.61111111111111,68.61111111111111,33.94444444444444,64.61111111111111,1023.1666666666666,1440.8333333333335,1440.8333333333335,360.20833333333337,2099.5916666666667,2099.5916666666667,0.061052259887005654,0.3558629943502825
2087,53.77777777777778,61.55555555555556,61.55555555555556,61.111111111111114,31.22222222222222,64.72222222222223,1129.3333333333333,1292.6666666666667,1292.6666666666667,323.1666666666667,2243.0333333333333,2243.0333333333333,0.05477401129943503,0.38017514124293783
2088,42.666666666666664,43.888888888888886,43.888888888888886,43.666666666666664,22.055555555555557,47.0,896.0,921.6666666666666,921.6666666666666,230.41666666666666,1753.6166666666668,1753.6166666666668,0.03905367231638418,0.2972231638418079
2089,41.888888888888886,63.72222222222222,63.72222222222222,63.166666666666664,32.388888888888886,54.166666666666664,879.6666666666666,1338.1666666666667,1338.1666666666667,334.5416666666667,1829.975,1829.975,0.05670197740112995,0.31016525423728813
2090,36.05555555555556,38.72222222222222,38.72222222222222,37.388888888888886,18.5,45.27777777777778,757.1666666666667,813.1666666666666,813.1666666666666,203.29166666666666,1490.4750000000001,1490.4750000000001,0.03445621468926553,0.25262288135593225
2091,54.77777777777778,58.166666666666664,58.166666666666664,57.388888888888886,28.555555555555557,58.5,1150.3333333333333,1221.5,1221.5,305.375,2260.9416666666666,2260.9416666666666,0.05175847457627119,0.3832104519774011
2092,43.611111111111114,51.666666666666664,51.666666666666664,50.666666666666664,26.055555555555557,53.94444444444444,915.8333333333334,1085.0,1085.0,271.25,1828.1666666666667,1828.1666666666667,0.04597457627118644,0.3098587570621469
2093,36.333333333333336,38.611111111111114,38.611111111111114,37.22222222222222,16.944444444444443,48.22222222222222,763.0,810.8333333333334,810.8333333333334,202.70833333333334,1499.8083333333332,1499.8083333333332,0.034357344632768363,0.25420480225988695
2094,47.55555555555556,57.22222222222222,57.22222222222222,56.888888888888886,28.944444444444443,60.888888888888886,998.6666666666667,1201.6666666666667,1201.6666666666667,300.4166666666667,1998.15,1998.15,0.0509180790960452,0.33866949152542375
2095,37.833333333333336,57.55555555555556,57.55555555555556,56.5,29.77777777777778,47.833333333333336,794.5,1208.6666666666667,1208.6666666666667,302.1666666666667,1652.8166666666666,1652.8166666666666,0.051214689265536725,0.280138418079096
2096,45.5,59.333333333333336,59.333333333333336,59.166666666666664,29.166666666666668,64.94444444444444,955.5,1246.0,1246.0,311.5,1935.85,1935.85,0.052796610169491526,0.3281101694915254
2097,47.166666666666664,51.888888888888886,51.888888888888886,50.5,25.72222222222222,59.333333333333336,990.5,1089.6666666666665,1089.6666666666665,272.41666666666663,1956.2666666666664,1956.2666666666664,0.04617231638418078,0.3315706214689265
2098,43.05555555555556,45.22222222222222,45.22222222222222,44.27777777777778,20.444444444444443,53.0,904.1666666666667,949.6666666666666,949.6666666666666,237.41666666666666,1774.5000000000002,1774.5000000000002,0.040240112994350284,0.30076271186440684
2099,32.44444444444444,54.77777777777778,54.77777777777778,53.27777777777778,27.555555555555557,48.44444444444444,681.3333333333333,1150.3333333333333,1150.3333333333333,287.5833333333333,1445.8499999999997,1445.8499999999997,0.04874293785310734,0.24505932203389824
2100,46.72222222222222,43.166666666666664,43.166666666666664,42.833333333333336,20.944444444444443,58.388888888888886,981.1666666666666,906.5,906.5,226.625,1894.6083333333331,1894.6083333333331,0.03841101694915254,0.3211200564971751
2101,41.888888888888886,43.94444444444444,43.94444444444444,43.27777777777778,22.77777777777778,48.388888888888886,879.6666666666666,922.8333333333333,922.8333333333333,230.70833333333331,1726.1416666666664,1726.1416666666664,0.039103107344632765,0.2925663841807909
2102,52.77777777777778,56.111111111111114,56.111111111111114,55.666666666666664,27.666666666666668,69.0,1108.3333333333333,1178.3333333333335,1178.3333333333335,294.58333333333337,2178.75,2178.75,0.04992937853107345,0.36927966101694915
2103,46.888888888888886,60.77777777777778,60.77777777777778,60.05555555555556,30.444444444444443,53.55555555555556,984.6666666666666,1276.3333333333333,1276.3333333333333,319.0833333333333,1993.0166666666664,1993.0166666666664,0.0540819209039548,0.33779943502824855
2104,41.888888888888886,60.666666666666664,60.666666666666664,59.388888888888886,29.88888888888889,55.77777777777778,879.6666666666666,1274.0,1274.0,318.5,1813.9333333333332,1813.9333333333332,0.05398305084745763,0.3074463276836158
2105,36.94444444444444,56.44444444444444,56.44444444444444,55.55555555555556,27.38888888888889,49.44444444444444,775.8333333333333,1185.3333333333333,1185.3333333333333,296.3333333333333,1615.2499999999998,1615.2499999999998,0.050225988700564966,0.27377118644067794
2106,52.833333333333336,49.833333333333336,49.833333333333336,49.77777777777778,24.27777777777778,64.5,1109.5,1046.5,1046.5,261.625,2147.7749999999996,2147.7749999999996,0.04434322033898305,0.3640296610169491
2107,39.833333333333336,46.77777777777778,46.77777777777778,46.5,23.0,50.55555555555556,836.5,982.3333333333334,982.3333333333334,245.58333333333334,1667.6333333333332,1667.6333333333332,0.04162429378531073,0.28264971751412427
2108,35.611111111111114,43.166666666666664,43.166666666666664,41.72222222222222,19.555555555555557,42.27777777777778,747.8333333333334,906.5,906.5,226.625,1497.9416666666666,1497.9416666666666,0.03841101694915254,0.253888418079096
2109,49.22222222222222,58.77777777777778,58.77777777777778,57.388888888888886,29.22222222222222,63.77777777777778,1033.6666666666667,1234.3333333333333,1234.3333333333333,308.5833333333333,2065.8166666666666,2065.8166666666666,0.052302259887005646,0.350138418079096
2110,52.94444444444444,61.888888888888886,61.888888888888886,60.94444444444444,30.0,60.77777777777778,1111.8333333333333,1299.6666666666665,1299.6666666666665,324.91666666666663,2215.0333333333333,2215.0333333333333,0.05507062146892655,0.37542937853107344
2111,52.5,47.72222222222222,47.72222222222222,47.0,23.444444444444443,56.888888888888886,1102.5,1002.1666666666666,1002.1666666666666,250.54166666666666,2124.7916666666665,2124.7916666666665,0.042464689265536724,0.36013418079096043
2112,43.55555555555556,60.888888888888886,60.888888888888886,60.111111111111114,29.77777777777778,56.833333333333336,914.6666666666667,1278.6666666666665,1278.6666666666665,319.66666666666663,1874.6,1874.6,0.054180790960451974,0.31772881355932203
2113,47.0,46.111111111111114,46.111111111111114,45.333333333333336,22.61111111111111,56.72222222222222,987.0,968.3333333333334,968.3333333333334,242.08333333333334,1919.9833333333331,1919.9833333333331,0.041031073446327684,0.3254209039548022
2114,49.22222222222222,59.611111111111114,59.611111111111114,58.44444444444444,30.0,58.833333333333336,1033.6666666666667,1251.8333333333335,1251.8333333333335,312.95833333333337,2070.1916666666666,2070.1916666666666,0.05304378531073447,0.35087994350282486
2115,44.666666666666664,57.333333333333336,57.333333333333336,56.27777777777778,28.11111111111111,56.72222222222222,938.0,1204.0,1204.0,301.0,1895.6,1895.6,0.051016949152542374,0.32128813559322034
2116,36.0,51.166666666666664,51.166666666666664,50.111111111111114,25.61111111111111,47.77777777777778,756.0,1074.5,1074.5,268.625,1553.825,1553.825,0.04552966101694915,0.2633601694915254
2117,45.166666666666664,58.0,58.0,57.94444444444444,29.055555555555557,47.05555555555556,948.5,1218.0,1218.0,304.5,1916.95,1916.95,0.05161016949152542,0.32490677966101694
2118,45.05555555555556,41.94444444444444,41.94444444444444,41.72222222222222,19.77777777777778,57.833333333333336,946.1666666666667,880.8333333333333,880.8333333333333,220.20833333333331,1828.6916666666666,1828.6916666666666,0.03732344632768361,0.30994774011299436
2119,42.05555555555556,55.05555555555556,55.05555555555556,54.55555555555556,26.72222222222222,52.44444444444444,883.1666666666667,1156.1666666666667,1156.1666666666667,289.0416666666667,1790.4250000000002,1790.4250000000002,0.048990112994350285,0.3034618644067797
2120,45.888888888888886,45.833333333333336,45.833333333333336,44.05555555555556,21.166666666666668,55.833333333333336,963.6666666666666,962.5,962.5,240.625,1878.8583333333331,1878.8583333333331,0.04078389830508475,0.3184505649717514
2121,47.611111111111114,49.111111111111114,49.111111111111114,48.333333333333336,22.666666666666668,62.22222222222222,999.8333333333334,1031.3333333333335,1031.3333333333335,257.83333333333337,1957.5500000000002,1957.5500000000002,0.04370056497175142,0.33178813559322035
2122,41.44444444444444,48.44444444444444,48.44444444444444,47.611111111111114,22.77777777777778,52.05555555555556,870.3333333333333,1017.3333333333333,1017.3333333333333,254.33333333333331,1733.8999999999999,1733.8999999999999,0.04310734463276836,0.2938813559322034
2123,44.22222222222222,48.27777777777778,48.27777777777778,47.72222222222222,24.22222222222222,50.166666666666664,928.6666666666666,1013.8333333333334,1013.8333333333334,253.45833333333334,1832.1916666666664,1832.1916666666664,0.042959039548022604,0.3105409604519774
2124,51.94444444444444,53.666666666666664,53.666666666666664,52.888888888888886,25.72222222222222,67.16666666666667,1090.8333333333333,1127.0,1127.0,281.75,2136.1666666666665,2136.1666666666665,0.04775423728813559,0.36206214689265537
2125,36.111111111111114,51.388888888888886,51.388888888888886,50.94444444444444,25.88888888888889,49.27777777777778,758.3333333333334,1079.1666666666665,1079.1666666666665,269.79166666666663,1558.9583333333335,1558.9583333333335,0.045727401129943494,0.2642302259887006
2126,40.55555555555556,46.94444444444444,46.94444444444444,45.94444444444444,21.333333333333332,48.333333333333336,851.6666666666667,985.8333333333333,985.8333333333333,246.45833333333331,1694.2916666666667,1694.2916666666667,0.04177259887005649,0.2871680790960452
2127,42.22222222222222,55.5,55.5,53.77777777777778,27.166666666666668,48.888888888888886,886.6666666666666,1165.5,1165.5,291.375,1798.7083333333333,1798.7083333333333,0.04938559322033898,0.30486581920903955
2128,47.111111111111114,64.44444444444444,64.44444444444444,64.22222222222223,32.388888888888886,60.166666666666664,989.3333333333334,1353.3333333333333,1353.3333333333333,338.3333333333333,2020.2,2020.2,0.057344632768361575,0.34240677966101696
2129,38.888888888888886,47.0,47.0,45.888888888888886,23.333333333333332,45.55555555555556,816.6666666666666,987.0,987.0,246.75,1635.0833333333333,1635.0833333333333,0.041822033898305085,0.2771327683615819
2130,39.5,53.0,53.0,51.666666666666664,25.72222222222222,48.333333333333336,829.5,1113.0,1113.0,278.25,1688.3999999999999,1688.3999999999999,0.04716101694915254,0.2861694915254237
2131,53.77777777777778,58.166666666666664,58.166666666666664,57.0,28.72222222222222,65.05555555555556,1129.3333333333333,1221.5,1221.5,305.375,2225.241666666667,2225.241666666667,0.05175847457627119,0.37715960451977404
2132,54.05555555555556,52.388888888888886,52.388888888888886,51.55555555555556,25.944444444444443,63.72222222222222,1135.1666666666667,1100.1666666666665,1100.1666666666665,275.04166666666663,2204.825,2204.825,0.04661723163841807,0.37369915254237285
2133,48.77777777777778,71.16666666666667,71.16666666666667,71.55555555555556,35.888888888888886,58.77777777777778,1024.3333333333333,1494.5,1494.5,373.625,2114.991666666667,2114.991666666667,0.06332627118644067,0.35847316384180794
2134,48.611111111111114,51.0,51.0,50.44444444444444,24.833333333333332,58.611111111111114,1020.8333333333334,1071.0,1071.0,267.75,2003.1666666666667,2003.1666666666667,0.04538135593220339,0.33951977401129946
2135,48.0,54.388888888888886,54.388888888888886,54.22222222222222,27.055555555555557,60.72222222222222,1008.0,1142.1666666666665,1142.1666666666665,285.54166666666663,1999.1416666666664,1999.1416666666664,0.04839689265536722,0.3388375706214689
2136,29.5,45.111111111111114,45.111111111111114,43.888888888888886,22.61111111111111,35.611111111111114,619.5,947.3333333333334,947.3333333333334,236.83333333333334,1289.9833333333331,1289.9833333333331,0.04014124293785311,0.21864124293785306
2137,44.611111111111114,56.666666666666664,56.666666666666664,55.388888888888886,27.11111111111111,62.72222222222222,936.8333333333334,1190.0,1190.0,297.5,1890.1166666666668,1890.1166666666668,0.050423728813559325,0.3203587570621469
2138,51.888888888888886,55.72222222222222,55.72222222222222,55.166666666666664,27.27777777777778,60.166666666666664,1089.6666666666665,1170.1666666666667,1170.1666666666667,292.5416666666667,2144.9749999999995,2144.9749999999995,0.04958333333333333,0.36355508474576265
2139,49.0,46.05555555555556,46.05555555555556,44.72222222222222,22.22222222222222,53.77777777777778,1029.0,967.1666666666667,967.1666666666667,241.79166666666669,1991.0916666666667,1991.0916666666667,0.0409816384180791,0.3374731638418079
2140,37.833333333333336,43.5,43.5,43.27777777777778,21.38888888888889,48.333333333333336,794.5,913.5,913.5,228.375,1579.0249999999999,1579.0249999999999,0.03870762711864407,0.2676313559322034
2141,45.77777777777778,56.94444444444444,56.94444444444444,57.0,28.055555555555557,62.5,961.3333333333334,1195.8333333333333,1195.8333333333333,298.9583333333333,1933.225,1933.225,0.050670903954802254,0.3276652542372881
2142,29.72222222222222,33.22222222222222,33.22222222222222,32.833333333333336,17.61111111111111,33.888888888888886,624.1666666666666,697.6666666666666,697.6666666666666,174.41666666666666,1235.5,1235.5,0.029562146892655367,0.20940677966101695
2143,46.27777777777778,46.05555555555556,46.05555555555556,45.5,20.5,56.166666666666664,971.8333333333334,967.1666666666667,967.1666666666667,241.79166666666669,1893.9083333333335,1893.9083333333335,0.0409816384180791,0.3210014124293786
2144,43.44444444444444,52.0,52.0,52.05555555555556,26.944444444444443,53.5,912.3333333333333,1092.0,1092.0,273.0,1823.9666666666665,1823.9666666666665,0.046271186440677965,0.3091468926553672
2145,30.333333333333332,36.388888888888886,36.388888888888886,35.111111111111114,18.5,35.333333333333336,637.0,764.1666666666666,764.1666666666666,191.04166666666666,1273.9416666666666,1273.9416666666666,0.03237994350282486,0.21592231638418077
2146,45.0,42.94444444444444,42.94444444444444,43.05555555555556,22.666666666666668,45.833333333333336,945.0,901.8333333333333,901.8333333333333,225.45833333333331,1831.9583333333333,1831.9583333333333,0.03821327683615819,0.3105014124293785
2147,49.44444444444444,52.55555555555556,52.55555555555556,52.111111111111114,24.61111111111111,60.5,1038.3333333333333,1103.6666666666667,1103.6666666666667,275.9166666666667,2041.0833333333333,2041.0833333333333,0.046765536723163845,0.34594632768361583
2148,35.666666666666664,37.833333333333336,37.833333333333336,36.833333333333336,19.0,39.888888888888886,749.0,794.5,794.5,198.625,1471.925,1471.925,0.03366525423728813,0.24947881355932203
2149,49.05555555555556,48.5,48.5,48.44444444444444,24.444444444444443,60.611111111111114,1030.1666666666667,1018.5,1018.5,254.625,2005.9083333333333,2005.9083333333333,0.04315677966101695,0.3399844632768362
2150,42.388888888888886,46.111111111111114,46.111111111111114,44.44444444444444,22.555555555555557,51.388888888888886,890.1666666666666,968.3333333333334,968.3333333333334,242.08333333333334,1755.3666666666666,1755.3666666666666,0.041031073446327684,0.2975197740112994
2151,48.0,61.77777777777778,61.77777777777778,60.888888888888886,30.944444444444443,57.77777777777778,1008.0,1297.3333333333333,1297.3333333333333,324.3333333333333,2037.9333333333332,2037.9333333333332,0.054971751412429375,0.34541242937853106
2152,49.05555555555556,53.55555555555556,53.55555555555556,52.94444444444444,26.666666666666668,61.333333333333336,1030.1666666666667,1124.6666666666667,1124.6666666666667,281.1666666666667,2032.45,2032.45,0.04765536723163842,0.3444830508474576
2153,48.111111111111114,49.833333333333336,49.833333333333336,49.05555555555556,26.38888888888889,55.0,1010.3333333333334,1046.5,1046.5,261.625,1979.1916666666666,1979.1916666666666,0.04434322033898305,0.3354562146892655
2154,54.5,62.833333333333336,62.833333333333336,62.611111111111114,31.22222222222222,65.0,1144.5,1319.5,1319.5,329.875,2275.5249999999996,2275.5249999999996,0.05591101694915254,0.38568220338983045
2155,41.05555555555556,45.388888888888886,45.388888888888886,44.888888888888886,22.444444444444443,44.111111111111114,862.1666666666667,953.1666666666666,953.1666666666666,238.29166666666666,1703.9750000000001,1703.9750000000001,0.040388418079096045,0.2888093220338983
2156,38.77777777777778,52.72222222222222,52.72222222222222,52.611111111111114,27.27777777777778,49.388888888888886,814.3333333333334,1107.1666666666667,1107.1666666666667,276.7916666666667,1661.1583333333335,1661.1583333333335,0.046913841807909605,0.28155225988700566
2157,43.77777777777778,54.666666666666664,54.666666666666664,53.888888888888886,26.0,54.22222222222222,919.3333333333334,1148.0,1148.0,287.0,1849.8666666666668,1849.8666666666668,0.04864406779661017,0.31353672316384185
2158,63.166666666666664,59.666666666666664,59.666666666666664,59.666666666666664,29.11111111111111,80.44444444444444,1326.5,1253.0,1253.0,313.25,2568.2999999999997,2568.2999999999997,0.05309322033898305,0.4353050847457627
2159,46.27777777777778,50.22222222222222,50.22222222222222,49.44444444444444,24.666666666666668,58.388888888888886,971.8333333333334,1054.6666666666667,1054.6666666666667,263.6666666666667,1915.7833333333335,1915.7833333333335,0.044689265536723165,0.32470903954802266
2160,48.94444444444444,62.888888888888886,62.888888888888886,62.888888888888886,30.11111111111111,58.72222222222222,1027.8333333333333,1320.6666666666665,1320.6666666666665,330.16666666666663,2077.483333333333,2077.483333333333,0.05596045197740113,0.3521158192090395
2161,58.44444444444444,66.44444444444444,66.44444444444444,66.83333333333333,33.94444444444444,72.0,1227.3333333333333,1395.3333333333333,1395.3333333333333,348.8333333333333,2435.3,2435.3,0.059124293785310734,0.41276271186440683
2162,38.388888888888886,58.166666666666664,58.166666666666664,58.111111111111114,29.72222222222222,47.44444444444444,806.1666666666666,1221.5,1221.5,305.375,1675.8583333333331,1675.8583333333331,0.05175847457627119,0.28404378531073443
2163,41.888888888888886,54.05555555555556,54.05555555555556,53.111111111111114,26.22222222222222,53.72222222222222,879.6666666666666,1135.1666666666667,1135.1666666666667,283.7916666666667,1779.225,1779.225,0.04810028248587571,0.3015635593220339
2164,45.166666666666664,57.05555555555556,57.05555555555556,56.666666666666664,28.444444444444443,60.388888888888886,948.5,1198.1666666666667,1198.1666666666667,299.5416666666667,1911.9916666666668,1911.9916666666668,0.05076977401129944,0.324066384180791
2165,44.111111111111114,60.0,60.0,59.22222222222222,29.666666666666668,54.27777777777778,926.3333333333334,1260.0,1260.0,315.0,1889.7666666666667,1889.7666666666667,0.053389830508474574,0.3202994350282486
2166,39.05555555555556,42.388888888888886,42.388888888888886,40.72222222222222,20.833333333333332,47.111111111111114,820.1666666666667,890.1666666666666,890.1666666666666,222.54166666666666,1616.8250000000003,1616.8250000000003,0.037718926553672316,0.2740381355932204
2167,47.5,51.888888888888886,51.888888888888886,51.0,26.333333333333332,60.666666666666664,997.5,1089.6666666666665,1089.6666666666665,272.41666666666663,1968.1666666666665,1968.1666666666665,0.04617231638418078,0.3335875706214689
2168,35.0,33.55555555555556,33.55555555555556,32.5,14.222222222222221,43.388888888888886,735.0,704.6666666666667,704.6666666666667,176.16666666666669,1425.6666666666667,1425.6666666666667,0.029858757062146895,0.24163841807909606
2169,34.111111111111114,47.72222222222222,47.72222222222222,47.833333333333336,23.61111111111111,47.5,716.3333333333334,1002.1666666666666,1002.1666666666666,250.54166666666666,1468.3083333333334,1468.3083333333334,0.042464689265536724,0.24886581920903955
2170,29.38888888888889,43.0,43.0,42.666666666666664,21.055555555555557,37.388888888888886,617.1666666666666,903.0,903.0,225.75,1274.9333333333332,1274.9333333333332,0.03826271186440678,0.21609039548022596
2171,44.22222222222222,47.72222222222222,47.72222222222222,46.888888888888886,22.944444444444443,52.611111111111114,928.6666666666666,1002.1666666666666,1002.1666666666666,250.54166666666666,1829.2749999999999,1829.2749999999999,0.042464689265536724,0.3100466101694915
2172,44.44444444444444,52.0,52.0,51.27777777777778,25.88888888888889,56.94444444444444,933.3333333333333,1092.0,1092.0,273.0,1859.6666666666665,1859.6666666666665,0.046271186440677965,0.31519774011299434
2173,46.666666666666664,45.111111111111114,45.111111111111114,44.05555555555556,21.0,53.388888888888886,980.0,947.3333333333334,947.3333333333334,236.83333333333334,1902.8333333333333,1902.8333333333333,0.04014124293785311,0.3225141242937853
2174,49.888888888888886,60.666666666666664,60.666666666666664,59.611111111111114,28.72222222222222,62.388888888888886,1047.6666666666665,1274.0,1274.0,318.5,2099.533333333333,2099.533333333333,0.05398305084745763,0.3558531073446327
2175,34.44444444444444,45.55555555555556,45.55555555555556,43.833333333333336,22.055555555555557,40.5,723.3333333333333,956.6666666666667,956.6666666666667,239.16666666666669,1468.8333333333333,1468.8333333333333,0.04053672316384181,0.248954802259887
2176,33.166666666666664,39.166666666666664,39.166666666666664,39.5,20.0,38.77777777777778,696.5,822.5,822.5,205.625,1389.675,1389.675,0.034851694915254236,0.23553813559322034
2177,42.77777777777778,50.0,50.0,48.333333333333336,23.944444444444443,55.55555555555556,898.3333333333334,1050.0,1050.0,262.5,1789.6666666666667,1789.6666666666667,0.04449152542372881,0.30333333333333334
2178,43.72222222222222,45.5,45.5,45.666666666666664,23.0,47.888888888888886,918.1666666666666,955.5,955.5,238.875,1799.7583333333332,1799.7583333333332,0.04048728813559322,0.30504378531073445
2179,53.72222222222222,59.94444444444444,59.94444444444444,59.0,29.72222222222222,59.72222222222222,1128.1666666666667,1258.8333333333333,1258.8333333333333,314.7083333333333,2232.5916666666667,2232.5916666666667,0.05334039548022598,0.3784053672316384
2180,46.94444444444444,63.72222222222222,63.72222222222222,63.333333333333336,32.833333333333336,55.05555555555556,985.8333333333333,1338.1666666666667,1338.1666666666667,334.5416666666667,2010.4583333333333,2010.4583333333333,0.05670197740112995,0.3407556497175141
2181,45.111111111111114,57.5,57.5,57.5,29.5,51.5,947.3333333333334,1207.5,1207.5,301.875,1912.3416666666667,1912.3416666666667,0.051165254237288134,0.3241257062146893
2182,40.611111111111114,41.55555555555556,41.55555555555556,41.27777777777778,19.72222222222222,44.833333333333336,852.8333333333334,872.6666666666667,872.6666666666667,218.16666666666669,1667.9833333333333,1667.9833333333333,0.03697740112994351,0.2827090395480226
2183,45.22222222222222,59.05555555555556,59.05555555555556,58.5,28.77777777777778,61.333333333333336,949.6666666666666,1240.1666666666667,1240.1666666666667,310.0416666666667,1924.475,1924.475,0.05254943502824859,0.3261822033898305
2184,47.0,58.05555555555556,58.05555555555556,58.333333333333336,29.944444444444443,63.0,987.0,1219.1666666666667,1219.1666666666667,304.7916666666667,1982.6916666666666,1982.6916666666666,0.05165960451977401,0.3360494350282486
2185,47.666666666666664,59.44444444444444,59.44444444444444,59.0,28.27777777777778,66.38888888888889,1001.0,1248.3333333333333,1248.3333333333333,312.0833333333333,2013.7833333333333,2013.7833333333333,0.052895480225988695,0.34131920903954804
2186,42.166666666666664,50.5,50.5,50.5,24.555555555555557,54.05555555555556,885.5,1060.5,1060.5,265.125,1770.475,1770.475,0.0449364406779661,0.30008050847457624
2187,38.5,53.55555555555556,53.55555555555556,53.166666666666664,26.27777777777778,50.666666666666664,808.5,1124.6666666666667,1124.6666666666667,281.1666666666667,1655.6166666666668,1655.6166666666668,0.04765536723163842,0.28061299435028253
2188,38.611111111111114,44.55555555555556,44.55555555555556,44.27777777777778,22.38888888888889,46.27777777777778,810.8333333333334,935.6666666666667,935.6666666666667,233.91666666666669,1612.3333333333335,1612.3333333333335,0.039646892655367236,0.2732768361581921
2189,37.666666666666664,50.333333333333336,50.333333333333336,50.0,25.944444444444443,45.666666666666664,791.0,1057.0,1057.0,264.25,1608.95,1608.95,0.04478813559322034,0.27270338983050846
2190,43.388888888888886,55.05555555555556,55.05555555555556,54.166666666666664,26.77777777777778,52.05555555555556,911.1666666666666,1156.1666666666667,1156.1666666666667,289.0416666666667,1838.0249999999999,1838.0249999999999,0.048990112994350285,0.3115296610169491
2191,39.611111111111114,41.388888888888886,41.388888888888886,41.388888888888886,19.77777777777778,48.55555555555556,831.8333333333334,869.1666666666666,869.1666666666666,217.29166666666666,1631.4083333333335,1631.4083333333335,0.03682909604519774,0.27650988700564977
2192,50.888888888888886,49.72222222222222,49.72222222222222,49.388888888888886,24.72222222222222,59.55555555555556,1068.6666666666665,1044.1666666666667,1044.1666666666667,261.0416666666667,2077.7749999999996,2077.7749999999996,0.04424435028248588,0.35216525423728806
2193,26.22222222222222,32.666666666666664,32.666666666666664,31.27777777777778,14.833333333333334,33.666666666666664,550.6666666666666,686.0,686.0,171.5,1107.6333333333332,1107.6333333333332,0.02906779661016949,0.18773446327683613
2194,37.666666666666664,54.833333333333336,54.833333333333336,53.72222222222222,26.166666666666668,54.5,791.0,1151.5,1151.5,287.875,1632.575,1632.575,0.04879237288135593,0.27670762711864405
2195,44.0,53.333333333333336,53.333333333333336,52.888888888888886,25.055555555555557,50.333333333333336,924.0,1120.0,1120.0,280.0,1850.8,1850.8,0.04745762711864407,0.31369491525423726
2196,35.833333333333336,57.388888888888886,57.388888888888886,55.833333333333336,28.11111111111111,44.888888888888886,752.5,1205.1666666666665,1205.1666666666665,301.29166666666663,1580.5416666666665,1580.5416666666665,0.05106638418079095,0.267888418079096
2197,40.5,49.22222222222222,49.22222222222222,48.5,23.11111111111111,49.44444444444444,850.5,1033.6666666666667,1033.6666666666667,258.4166666666667,1704.2666666666667,1704.2666666666667,0.04379943502824859,0.28885875706214686
2198,49.77777777777778,63.94444444444444,63.94444444444444,63.111111111111114,30.444444444444443,66.0,1045.3333333333333,1342.8333333333333,1342.8333333333333,335.7083333333333,2112.7749999999996,2112.7749999999996,0.05689971751412429,0.3580974576271186
2199,38.5,48.77777777777778,48.77777777777778,47.77777777777778,23.88888888888889,46.72222222222222,808.5,1024.3333333333333,1024.3333333333333,256.0833333333333,1630.5333333333333,1630.5333333333333,0.043403954802259885,0.27636158192090393
2200,44.72222222222222,40.0,40.0,38.666666666666664,19.055555555555557,52.77777777777778,939.1666666666666,840.0,840.0,210.0,1806.5833333333333,1806.5833333333333,0.03559322033898305,0.3062005649717514
2201,34.111111111111114,38.833333333333336,38.833333333333336,38.833333333333336,20.055555555555557,36.55555555555556,716.3333333333334,815.5,815.5,203.875,1421.6416666666667,1421.6416666666667,0.034555084745762715,0.24095621468926554
2202,44.94444444444444,57.111111111111114,57.111111111111114,57.111111111111114,29.0,56.666666666666664,943.8333333333333,1199.3333333333335,1199.3333333333335,299.83333333333337,1904.35,1904.35,0.05081920903954803,0.3227711864406779
2203,58.666666666666664,56.77777777777778,56.77777777777778,56.5,28.555555555555557,70.5,1232.0,1192.3333333333333,1192.3333333333333,298.0833333333333,2392.4833333333336,2392.4833333333336,0.050522598870056494,0.4055056497175142
2204,53.94444444444444,51.94444444444444,51.94444444444444,50.888888888888886,26.22222222222222,62.77777777777778,1132.8333333333333,1090.8333333333333,1090.8333333333333,272.7083333333333,2198.5249999999996,2198.5249999999996,0.046221751412429374,0.3726313559322033
2205,57.77777777777778,55.333333333333336,55.333333333333336,55.388888888888886,27.166666666666668,67.5,1213.3333333333333,1162.0,1162.0,290.5,2353.1666666666665,2353.1666666666665,0.04923728813559322,0.3988418079096045
2206,32.611111111111114,34.72222222222222,34.72222222222222,34.27777777777778,16.5,40.94444444444444,684.8333333333334,729.1666666666666,729.1666666666666,182.29166666666666,1346.5083333333334,1346.5083333333334,0.03089689265536723,0.2282217514124294
2207,41.666666666666664,48.611111111111114,48.611111111111114,47.888888888888886,24.444444444444443,49.833333333333336,875.0,1020.8333333333334,1020.8333333333334,255.20833333333334,1742.7083333333333,1742.7083333333333,0.043255649717514125,0.2953742937853107
2208,36.77777777777778,39.111111111111114,39.111111111111114,38.55555555555556,18.944444444444443,42.05555555555556,772.3333333333334,821.3333333333334,821.3333333333334,205.33333333333334,1518.3,1518.3,0.03480225988700565,0.25733898305084746
2209,46.94444444444444,44.22222222222222,44.22222222222222,44.27777777777778,22.0,57.888888888888886,985.8333333333333,928.6666666666666,928.6666666666666,232.16666666666666,1908.0833333333333,1908.0833333333333,0.03935028248587571,0.32340395480225986
2210,40.77777777777778,51.388888888888886,51.388888888888886,50.611111111111114,24.61111111111111,49.888888888888886,856.3333333333334,1079.1666666666665,1079.1666666666665,269.79166666666663,1725.5583333333334,1725.5583333333334,0.045727401129943494,0.2924675141242938
2211,46.388888888888886,51.333333333333336,51.333333333333336,50.0,24.555555555555557,59.55555555555556,974.1666666666666,1078.0,1078.0,269.5,1925.5833333333333,1925.5833333333333,0.04567796610169492,0.32637005649717515
2212,49.388888888888886,53.666666666666664,53.666666666666664,51.888888888888886,24.5,58.666666666666664,1037.1666666666665,1127.0,1127.0,281.75,2044.933333333333,2044.933333333333,0.04775423728813559,0.3465988700564971
2213,47.22222222222222,58.166666666666664,58.166666666666664,58.166666666666664,29.38888888888889,59.77777777777778,991.6666666666666,1221.5,1221.5,305.375,1991.2083333333333,1991.2083333333333,0.05175847457627119,0.33749293785310736
2214,60.333333333333336,69.77777777777777,69.77777777777777,69.16666666666667,34.27777777777778,74.16666666666667,1267.0,1465.3333333333333,1465.3333333333333,366.3333333333333,2520.2333333333336,2520.2333333333336,0.062090395480225984,0.4271581920903955
2215,36.333333333333336,57.05555555555556,57.05555555555556,56.27777777777778,29.38888888888889,44.05555555555556,763.0,1198.1666666666667,1198.1666666666667,299.5416666666667,1596.6416666666667,1596.6416666666667,0.05076977401129944,0.27061723163841805
2216,33.44444444444444,41.05555555555556,41.05555555555556,40.5,19.944444444444443,41.72222222222222,702.3333333333333,862.1666666666667,862.1666666666667,215.54166666666669,1409.5083333333332,1409.5083333333332,0.03653248587570622,0.23889971751412428
2217,35.388888888888886,33.0,33.0,32.666666666666664,15.333333333333334,40.388888888888886,743.1666666666666,693.0,693.0,173.25,1436.6333333333332,1436.6333333333332,0.029364406779661015,0.24349717514124292
2218,42.888888888888886,48.333333333333336,48.333333333333336,47.0,24.22222222222222,48.77777777777778,900.6666666666666,1015.0,1015.0,253.75,1784.8833333333332,1784.8833333333332,0.04300847457627119,0.3025225988700565
2219,42.72222222222222,61.111111111111114,61.111111111111114,60.05555555555556,29.72222222222222,57.77777777777778,897.1666666666666,1283.3333333333335,1283.3333333333335,320.83333333333337,1846.0166666666664,1846.0166666666664,0.05437853107344633,0.3128841807909604
2220,42.55555555555556,46.111111111111114,46.111111111111114,46.0,24.555555555555557,47.44444444444444,893.6666666666667,968.3333333333334,968.3333333333334,242.08333333333334,1761.3166666666666,1761.3166666666666,0.041031073446327684,0.2985282485875706
2221,41.05555555555556,47.111111111111114,47.111111111111114,47.0,24.38888888888889,46.05555555555556,862.1666666666667,989.3333333333334,989.3333333333334,247.33333333333334,1713.0166666666667,1713.0166666666667,0.04192090395480226,0.2903418079096045
2222,40.333333333333336,42.5,42.5,42.833333333333336,22.11111111111111,48.833333333333336,847.0,892.5,892.5,223.125,1663.0249999999999,1663.0249999999999,0.03781779661016949,0.2818686440677966
2223,41.833333333333336,43.27777777777778,43.27777777777778,43.166666666666664,22.666666666666668,39.5,878.5,908.8333333333334,908.8333333333334,227.20833333333334,1720.6583333333333,1720.6583333333333,0.038509887005649716,0.2916370056497175
2224,46.55555555555556,60.388888888888886,60.388888888888886,59.611111111111114,31.38888888888889,56.0,977.6666666666667,1268.1666666666665,1268.1666666666665,317.04166666666663,1979.0750000000003,1979.0750000000003,0.05373587570621468,0.33543644067796613
2225,44.72222222222222,47.888888888888886,47.888888888888886,47.44444444444444,22.444444444444443,54.388888888888886,939.1666666666666,1005.6666666666666,1005.6666666666666,251.41666666666666,1848.0,1848.0,0.042612994350282485,0.31322033898305085
2226,49.27777777777778,56.333333333333336,56.333333333333336,55.833333333333336,26.944444444444443,62.111111111111114,1034.8333333333333,1183.0,1183.0,295.75,2054.9666666666662,2054.9666666666662,0.0501271186440678,0.3482994350282485
2227,38.72222222222222,45.166666666666664,45.166666666666664,44.27777777777778,22.055555555555557,47.44444444444444,813.1666666666666,948.5,948.5,237.125,1619.5083333333332,1619.5083333333332,0.04019067796610169,0.2744929378531073
2228,51.888888888888886,54.0,54.0,52.888888888888886,27.61111111111111,61.888888888888886,1089.6666666666665,1134.0,1134.0,283.5,2135.933333333333,2135.933333333333,0.04805084745762712,0.36202259887005644
2229,46.888888888888886,44.55555555555556,44.55555555555556,42.77777777777778,20.61111111111111,51.833333333333336,984.6666666666666,935.6666666666667,935.6666666666667,233.91666666666669,1907.85,1907.85,0.039646892655367236,0.323364406779661
2230,52.55555555555556,55.72222222222222,55.72222222222222,55.166666666666664,26.38888888888889,61.111111111111114,1103.6666666666667,1170.1666666666667,1170.1666666666667,292.5416666666667,2168.775,2168.775,0.04958333333333333,0.3675889830508475
2231,30.166666666666668,43.94444444444444,43.94444444444444,42.94444444444444,22.27777777777778,40.666666666666664,633.5,922.8333333333333,922.8333333333333,230.70833333333331,1307.6583333333333,1307.6583333333333,0.039103107344632765,0.2216370056497175
2232,39.77777777777778,55.388888888888886,55.388888888888886,54.55555555555556,26.555555555555557,51.27777777777778,835.3333333333334,1163.1666666666665,1163.1666666666665,290.79166666666663,1710.8583333333331,1710.8583333333331,0.0492867231638418,0.28997598870056496
2233,49.833333333333336,55.5,55.5,54.77777777777778,26.27777777777778,65.94444444444444,1046.5,1165.5,1165.5,291.375,2070.425,2070.425,0.04938559322033898,0.35091949152542373
2234,53.388888888888886,59.611111111111114,59.611111111111114,58.44444444444444,27.333333333333332,67.38888888888889,1121.1666666666665,1251.8333333333335,1251.8333333333335,312.95833333333337,2218.9416666666666,2218.9416666666666,0.05304378531073447,0.3760918079096045
2235,52.833333333333336,62.611111111111114,62.611111111111114,62.166666666666664,30.444444444444443,64.55555555555556,1109.5,1314.8333333333335,1314.8333333333335,328.70833333333337,2214.858333333333,2214.858333333333,0.0557132768361582,0.37539971751412426
2236,43.22222222222222,52.5,52.5,51.55555555555556,25.555555555555557,52.5,907.6666666666666,1102.5,1102.5,275.625,1818.6583333333333,1818.6583333333333,0.04671610169491525,0.30824717514124295
2237,49.833333333333336,47.05555555555556,47.05555555555556,47.22222222222222,22.666666666666668,62.333333333333336,1046.5,988.1666666666667,988.1666666666667,247.04166666666669,2026.0916666666667,2026.0916666666667,0.041871468926553676,0.34340536723163845
2238,43.666666666666664,48.388888888888886,48.388888888888886,47.666666666666664,22.555555555555557,55.94444444444444,917.0,1016.1666666666666,1016.1666666666666,254.04166666666666,1812.9416666666666,1812.9416666666666,0.04305790960451977,0.30727824858757063
2239,41.666666666666664,50.888888888888886,50.888888888888886,50.72222222222222,25.11111111111111,46.666666666666664,875.0,1068.6666666666665,1068.6666666666665,267.16666666666663,1754.6666666666665,1754.6666666666665,0.045282485875706206,0.2974011299435028
2240,46.94444444444444,51.388888888888886,51.388888888888886,50.111111111111114,23.77777777777778,52.333333333333336,985.8333333333333,1079.1666666666665,1079.1666666666665,269.79166666666663,1945.708333333333,1945.708333333333,0.045727401129943494,0.3297810734463276
2241,45.388888888888886,43.94444444444444,43.94444444444444,43.833333333333336,22.944444444444443,50.388888888888886,953.1666666666666,922.8333333333333,922.8333333333333,230.70833333333331,1851.0916666666665,1851.0916666666665,0.039103107344632765,0.3137443502824858
2242,46.94444444444444,57.22222222222222,57.22222222222222,56.5,27.22222222222222,60.111111111111114,985.8333333333333,1201.6666666666667,1201.6666666666667,300.4166666666667,1976.3333333333333,1976.3333333333333,0.0509180790960452,0.33497175141242935
2243,34.166666666666664,45.333333333333336,45.333333333333336,44.22222222222222,21.944444444444443,45.833333333333336,717.5,952.0,952.0,238.0,1457.75,1457.75,0.04033898305084746,0.24707627118644068
2244,39.5,43.833333333333336,43.833333333333336,43.166666666666664,21.5,43.5,829.5,920.5,920.5,230.125,1640.2749999999999,1640.2749999999999,0.039004237288135596,0.27801271186440674
2245,40.72222222222222,46.22222222222222,46.22222222222222,45.55555555555556,21.72222222222222,50.72222222222222,855.1666666666666,970.6666666666666,970.6666666666666,242.66666666666666,1696.45,1696.45,0.04112994350282486,0.28753389830508475
2246,45.166666666666664,63.333333333333336,63.333333333333336,63.27777777777778,32.77777777777778,56.666666666666664,948.5,1330.0,1330.0,332.5,1944.95,1944.95,0.05635593220338983,0.3296525423728814
2247,51.22222222222222,55.55555555555556,55.55555555555556,54.72222222222222,25.833333333333332,62.77777777777778,1075.6666666666667,1166.6666666666667,1166.6666666666667,291.6666666666667,2120.3,2120.3,0.04943502824858757,0.35937288135593226
2248,50.55555555555556,56.166666666666664,56.166666666666664,55.111111111111114,27.944444444444443,61.05555555555556,1061.6666666666667,1179.5,1179.5,294.875,2099.7083333333335,2099.7083333333335,0.04997881355932204,0.35588276836158195
2249,46.72222222222222,50.0,50.0,49.0,24.38888888888889,55.833333333333336,981.1666666666666,1050.0,1050.0,262.5,1930.4833333333331,1930.4833333333331,0.04449152542372881,0.3272005649717514
2250,45.333333333333336,55.05555555555556,55.05555555555556,54.166666666666664,24.38888888888889,56.5,952.0,1156.1666666666667,1156.1666666666667,289.0416666666667,1907.4416666666666,1907.4416666666666,0.048990112994350285,0.323295197740113
2251,47.611111111111114,51.5,51.5,50.55555555555556,25.72222222222222,53.94444444444444,999.8333333333334,1081.5,1081.5,270.375,1970.0916666666667,1970.0916666666667,0.04582627118644068,0.3339138418079096
2252,32.05555555555556,49.55555555555556,49.55555555555556,48.5,25.166666666666668,43.666666666666664,673.1666666666667,1040.6666666666667,1040.6666666666667,260.1666666666667,1404.5500000000002,1404.5500000000002,0.044096045197740116,0.23805932203389835
2253,42.77777777777778,56.44444444444444,56.44444444444444,56.333333333333336,27.61111111111111,56.333333333333336,898.3333333333334,1185.3333333333333,1185.3333333333333,296.3333333333333,1823.5,1823.5,0.050225988700564966,0.3090677966101695
2254,45.833333333333336,48.05555555555556,48.05555555555556,47.72222222222222,24.166666666666668,55.166666666666664,962.5,1009.1666666666667,1009.1666666666667,252.29166666666669,1888.5416666666667,1888.5416666666667,0.04276129943502825,0.3200918079096045
2255,35.388888888888886,49.0,49.0,48.05555555555556,24.333333333333332,49.22222222222222,743.1666666666666,1029.0,1029.0,257.25,1520.6333333333332,1520.6333333333332,0.04360169491525424,0.25773446327683613
2256,42.55555555555556,52.5,52.5,50.94444444444444,26.333333333333332,52.44444444444444,893.6666666666667,1102.5,1102.5,275.625,1794.8583333333333,1794.8583333333333,0.04671610169491525,0.3042132768361582
2257,43.55555555555556,55.888888888888886,55.888888888888886,55.05555555555556,26.444444444444443,54.27777777777778,914.6666666666667,1173.6666666666665,1173.6666666666665,293.41666666666663,1848.35,1848.35,0.04973163841807909,0.31327966101694915
2258,45.55555555555556,50.05555555555556,50.05555555555556,49.833333333333336,23.444444444444443,56.27777777777778,956.6666666666667,1051.1666666666667,1051.1666666666667,262.7916666666667,1889.1250000000002,1889.1250000000002,0.044540960451977404,0.32019067796610173
2259,47.333333333333336,54.111111111111114,54.111111111111114,53.666666666666664,26.666666666666668,63.388888888888886,994.0,1136.3333333333335,1136.3333333333335,284.08333333333337,1973.8833333333332,1973.8833333333332,0.0481497175141243,0.33455649717514124
2260,42.5,54.27777777777778,54.27777777777778,53.833333333333336,28.055555555555557,50.611111111111114,892.5,1139.8333333333333,1139.8333333333333,284.9583333333333,1802.2083333333333,1802.2083333333333,0.048298022598870054,0.30545903954802256
2261,31.555555555555557,42.833333333333336,42.833333333333336,42.166666666666664,20.72222222222222,47.27777777777778,662.6666666666667,899.5,899.5,224.875,1351.4083333333335,1351.4083333333335,0.03811440677966102,0.22905225988700567
2262,34.77777777777778,40.111111111111114,40.111111111111114,39.44444444444444,19.555555555555557,42.888888888888886,730.3333333333334,842.3333333333334,842.3333333333334,210.58333333333334,1452.1499999999999,1452.1499999999999,0.03569209039548023,0.24612711864406778
2263,60.666666666666664,57.111111111111114,57.111111111111114,56.888888888888886,27.055555555555557,72.22222222222223,1274.0,1199.3333333333335,1199.3333333333335,299.83333333333337,2465.633333333333,2465.633333333333,0.05081920903954803,0.4179039548022599
2264,46.27777777777778,62.22222222222222,62.22222222222222,61.833333333333336,30.944444444444443,58.333333333333336,971.8333333333334,1306.6666666666667,1306.6666666666667,326.6666666666667,1978.7833333333335,1978.7833333333335,0.055367231638418085,0.3353870056497176
2265,30.833333333333332,39.27777777777778,39.27777777777778,39.22222222222222,19.833333333333332,40.72222222222222,647.5,824.8333333333334,824.8333333333334,206.20833333333334,1306.9583333333333,1306.9583333333333,0.03495056497175141,0.2215183615819209
2266,43.27777777777778,48.833333333333336,48.833333333333336,48.833333333333336,25.333333333333332,45.94444444444444,908.8333333333334,1025.5,1025.5,256.375,1801.3916666666667,1801.3916666666667,0.043453389830508476,0.3053206214689266
2267,41.55555555555556,40.0,40.0,39.55555555555556,20.166666666666668,45.22222222222222,872.6666666666667,840.0,840.0,210.0,1693.5333333333335,1693.5333333333335,0.03559322033898305,0.2870395480225989
2268,49.388888888888886,47.44444444444444,47.44444444444444,46.5,21.444444444444443,61.94444444444444,1037.1666666666665,996.3333333333333,996.3333333333333,249.08333333333331,2012.2666666666662,2012.2666666666662,0.04221751412429378,0.3410621468926553
2269,42.0,43.44444444444444,43.44444444444444,42.666666666666664,21.72222222222222,48.111111111111114,882.0,912.3333333333333,912.3333333333333,228.08333333333331,1727.4833333333331,1727.4833333333331,0.03865819209039548,0.2927937853107344
2270,50.22222222222222,59.166666666666664,59.166666666666664,58.55555555555556,29.22222222222222,62.0,1054.6666666666667,1242.5,1242.5,310.625,2103.5583333333334,2103.5583333333334,0.052648305084745765,0.35653531073446326
2271,59.05555555555556,53.111111111111114,53.111111111111114,52.77777777777778,26.61111111111111,60.55555555555556,1240.1666666666667,1115.3333333333335,1115.3333333333335,278.83333333333337,2387.116666666667,2387.116666666667,0.047259887005649724,0.4045960451977401
2272,40.27777777777778,54.0,54.0,53.05555555555556,27.055555555555557,45.77777777777778,845.8333333333334,1134.0,1134.0,283.5,1721.4166666666667,1721.4166666666667,0.04805084745762712,0.29176553672316385
2273,62.166666666666664,68.88888888888889,68.88888888888889,68.05555555555556,33.27777777777778,75.11111111111111,1305.5,1446.6666666666665,1446.6666666666665,361.66666666666663,2581.0166666666664,2581.0166666666664,0.06129943502824858,0.4374604519774011
2274,44.27777777777778,53.77777777777778,53.77777777777778,53.55555555555556,26.88888888888889,58.94444444444444,929.8333333333334,1129.3333333333333,1129.3333333333333,282.3333333333333,1863.05,1863.05,0.047853107344632766,0.315771186440678
2275,54.833333333333336,60.5,60.5,59.22222222222222,28.22222222222222,66.0,1151.5,1270.5,1270.5,317.625,2275.175,2275.175,0.05383474576271186,0.38562288135593226
2276,52.27777777777778,46.27777777777778,46.27777777777778,45.55555555555556,21.61111111111111,58.55555555555556,1097.8333333333333,971.8333333333334,971.8333333333334,242.95833333333334,2109.2749999999996,2109.2749999999996,0.041179378531073445,0.3575042372881355
2277,44.611111111111114,54.22222222222222,54.22222222222222,54.0,26.38888888888889,56.44444444444444,936.8333333333334,1138.6666666666667,1138.6666666666667,284.6666666666667,1877.2833333333335,1877.2833333333335,0.04824858757062147,0.31818361581920906
2278,35.27777777777778,37.388888888888886,37.388888888888886,36.77777777777778,18.22222222222222,41.833333333333336,740.8333333333334,785.1666666666666,785.1666666666666,196.29166666666666,1455.7083333333335,1455.7083333333335,0.033269774011299436,0.2467302259887006
2279,46.0,55.333333333333336,55.333333333333336,55.5,27.61111111111111,58.111111111111114,966.0,1162.0,1162.0,290.5,1932.7,1932.7,0.04923728813559322,0.32757627118644067
2280,46.166666666666664,52.94444444444444,52.94444444444444,52.333333333333336,26.88888888888889,56.27777777777778,969.5,1111.8333333333333,1111.8333333333333,277.9583333333333,1926.1083333333331,1926.1083333333331,0.04711158192090395,0.3264590395480226
2281,46.72222222222222,52.388888888888886,52.388888888888886,52.05555555555556,27.666666666666668,51.72222222222222,981.1666666666666,1100.1666666666665,1100.1666666666665,275.04166666666663,1943.0249999999996,1943.0249999999996,0.04661723163841807,0.3293262711864406
2282,42.833333333333336,52.55555555555556,52.55555555555556,51.77777777777778,26.555555555555557,52.5,899.5,1103.6666666666667,1103.6666666666667,275.9166666666667,1805.0666666666666,1805.0666666666666,0.046765536723163845,0.30594350282485877
2283,49.666666666666664,45.55555555555556,45.55555555555556,45.111111111111114,22.833333333333332,58.833333333333336,1043.0,956.6666666666667,956.6666666666667,239.16666666666669,2012.2666666666667,2012.2666666666667,0.04053672316384181,0.34106214689265535
2284,54.5,68.88888888888889,68.88888888888889,68.33333333333333,33.388888888888886,73.16666666666667,1144.5,1446.6666666666665,1446.6666666666665,361.66666666666663,2307.3166666666666,2307.3166666666666,0.06129943502824858,0.3910706214689265
2285,37.72222222222222,51.666666666666664,51.666666666666664,51.27777777777778,25.72222222222222,50.55555555555556,792.1666666666666,1085.0,1085.0,271.25,1617.9333333333332,1617.9333333333332,0.04597457627118644,0.27422598870056497
2286,20.166666666666668,30.5,30.5,29.22222222222222,14.944444444444445,27.5,423.5,640.5,640.5,160.125,880.0749999999999,880.0749999999999,0.027139830508474575,0.14916525423728813
2287,53.5,52.666666666666664,52.666666666666664,52.0,25.333333333333332,65.55555555555556,1123.5,1106.0,1106.0,276.5,2186.45,2186.45,0.046864406779661014,0.37058474576271183
2288,37.333333333333336,46.833333333333336,46.833333333333336,46.0,21.833333333333332,47.5,784.0,983.5,983.5,245.875,1578.675,1578.675,0.041673728813559324,0.2675720338983051
2289,34.388888888888886,43.72222222222222,43.72222222222222,42.888888888888886,21.166666666666668,36.27777777777778,722.1666666666666,918.1666666666666,918.1666666666666,229.54166666666666,1457.225,1457.225,0.03890536723163841,0.2469872881355932
2290,42.888888888888886,57.611111111111114,57.611111111111114,56.666666666666664,28.72222222222222,49.5,900.6666666666666,1209.8333333333335,1209.8333333333335,302.45833333333337,1833.5916666666667,1833.5916666666667,0.05126412429378532,0.31077824858757064
2291,38.94444444444444,47.666666666666664,47.666666666666664,47.44444444444444,23.77777777777778,49.5,817.8333333333333,1001.0,1001.0,250.25,1640.5666666666666,1640.5666666666666,0.04241525423728813,0.27806214689265535
2292,47.22222222222222,58.0,58.0,58.388888888888886,29.38888888888889,57.94444444444444,991.6666666666666,1218.0,1218.0,304.5,1990.3333333333333,1990.3333333333333,0.05161016949152542,0.3373446327683616
2293,41.44444444444444,43.611111111111114,43.611111111111114,42.611111111111114,21.77777777777778,47.388888888888886,870.3333333333333,915.8333333333334,915.8333333333334,228.95833333333334,1708.5249999999999,1708.5249999999999,0.038806497175141244,0.2895805084745762
2294,45.44444444444444,52.0,52.0,51.94444444444444,25.555555555555557,58.833333333333336,954.3333333333333,1092.0,1092.0,273.0,1895.3666666666666,1895.3666666666666,0.046271186440677965,0.32124858757062147
2295,25.444444444444443,40.833333333333336,40.833333333333336,39.44444444444444,19.944444444444443,36.388888888888886,534.3333333333333,857.5,857.5,214.375,1122.7416666666666,1122.7416666666666,0.03633474576271187,0.19029519774011297
2296,32.666666666666664,40.888888888888886,40.888888888888886,40.27777777777778,20.5,39.55555555555556,686.0,858.6666666666666,858.6666666666666,214.66666666666666,1380.8666666666668,1380.8666666666668,0.03638418079096045,0.234045197740113
2297,39.388888888888886,52.333333333333336,52.333333333333336,52.388888888888886,26.88888888888889,45.72222222222222,827.1666666666666,1099.0,1099.0,274.75,1680.9333333333332,1680.9333333333332,0.04656779661016949,0.2849039548022599
2298,46.0,56.22222222222222,56.22222222222222,54.888888888888886,27.61111111111111,56.72222222222222,966.0,1180.6666666666667,1180.6666666666667,295.1666666666667,1937.3666666666668,1937.3666666666668,0.05002824858757062,0.3283672316384181
2299,32.0,32.611111111111114,32.611111111111114,32.111111111111114,15.555555555555555,37.44444444444444,672.0,684.8333333333334,684.8333333333334,171.20833333333334,1313.6083333333331,1313.6083333333331,0.029018361581920907,0.22264548022598865
2300,42.44444444444444,49.611111111111114,49.611111111111114,48.888888888888886,24.77777777777778,48.5,891.3333333333333,1041.8333333333335,1041.8333333333335,260.45833333333337,1775.725,1775.725,0.04414548022598871,0.3009703389830508
2301,33.888888888888886,44.888888888888886,44.888888888888886,44.55555555555556,22.5,42.166666666666664,711.6666666666666,942.6666666666666,942.6666666666666,235.66666666666666,1445.5,1445.5,0.039943502824858756,0.245
2302,49.5,55.77777777777778,55.77777777777778,55.333333333333336,26.77777777777778,66.55555555555556,1039.5,1171.3333333333333,1171.3333333333333,292.8333333333333,2059.983333333333,2059.983333333333,0.04963276836158192,0.34914971751412427
2303,47.72222222222222,50.0,50.0,50.05555555555556,25.833333333333332,55.05555555555556,1002.1666666666666,1050.0,1050.0,262.5,1966.1833333333332,1966.1833333333332,0.04449152542372881,0.3332514124293785
2304,44.55555555555556,56.05555555555556,56.05555555555556,54.666666666666664,27.88888888888889,49.666666666666664,935.6666666666667,1177.1666666666667,1177.1666666666667,294.2916666666667,1884.9250000000002,1884.9250000000002,0.04987994350282486,0.31947881355932206
2305,43.77777777777778,60.888888888888886,60.888888888888886,59.0,29.555555555555557,57.72222222222222,919.3333333333334,1278.6666666666665,1278.6666666666665,319.66666666666663,1882.5333333333333,1882.5333333333333,0.054180790960451974,0.3190734463276836
2306,37.27777777777778,49.55555555555556,49.55555555555556,48.388888888888886,24.11111111111111,49.833333333333336,782.8333333333334,1040.6666666666667,1040.6666666666667,260.1666666666667,1590.9833333333333,1590.9833333333333,0.044096045197740116,0.2696581920903955
2307,48.0,61.333333333333336,61.333333333333336,60.888888888888886,30.666666666666668,63.166666666666664,1008.0,1288.0,1288.0,322.0,2035.6,2035.6,0.05457627118644068,0.3450169491525424
2308,38.72222222222222,45.55555555555556,45.55555555555556,45.5,21.88888888888889,47.77777777777778,813.1666666666666,956.6666666666667,956.6666666666667,239.16666666666669,1621.55,1621.55,0.04053672316384181,0.2748389830508475
2309,48.94444444444444,58.5,58.5,57.666666666666664,28.0,59.5,1027.8333333333333,1228.5,1228.5,307.125,2054.4416666666666,2054.4416666666666,0.05205508474576271,0.34821045197740114
2310,51.22222222222222,51.611111111111114,51.611111111111114,50.55555555555556,24.555555555555557,59.833333333333336,1075.6666666666667,1083.8333333333335,1083.8333333333335,270.95833333333337,2099.5916666666667,2099.5916666666667,0.04592514124293786,0.3558629943502825
2311,41.611111111111114,58.77777777777778,58.77777777777778,57.888888888888886,29.555555555555557,55.27777777777778,873.8333333333334,1234.3333333333333,1234.3333333333333,308.5833333333333,1794.1,1794.1,0.052302259887005646,0.30408474576271183
2312,41.77777777777778,42.833333333333336,42.833333333333336,41.888888888888886,21.88888888888889,45.77777777777778,877.3333333333334,899.5,899.5,224.875,1716.3416666666667,1716.3416666666667,0.03811440677966102,0.2909053672316384
2313,41.111111111111114,50.333333333333336,50.333333333333336,49.55555555555556,23.61111111111111,54.111111111111114,863.3333333333334,1057.0,1057.0,264.25,1731.9166666666667,1731.9166666666667,0.04478813559322034,0.293545197740113
2314,35.388888888888886,40.611111111111114,40.611111111111114,40.166666666666664,19.166666666666668,41.111111111111114,743.1666666666666,852.8333333333334,852.8333333333334,213.20833333333334,1476.5916666666665,1476.5916666666665,0.036137005649717516,0.2502697740112994
2315,40.666666666666664,34.833333333333336,34.833333333333336,34.05555555555556,16.555555555555557,43.388888888888886,854.0,731.5,731.5,182.875,1634.675,1634.675,0.030995762711864407,0.2770635593220339
2316,53.27777777777778,51.22222222222222,51.22222222222222,50.166666666666664,25.88888888888889,63.55555555555556,1118.8333333333333,1075.6666666666667,1075.6666666666667,268.9166666666667,2170.933333333333,2170.933333333333,0.04557909604519774,0.3679548022598869
2317,21.38888888888889,37.0,37.0,36.27777777777778,19.833333333333332,26.77777777777778,449.1666666666667,777.0,777.0,194.25,957.8333333333334,957.8333333333334,0.03292372881355932,0.16234463276836159
2318,45.22222222222222,47.611111111111114,47.611111111111114,47.0,22.22222222222222,57.94444444444444,949.6666666666666,999.8333333333334,999.8333333333334,249.95833333333334,1864.3916666666664,1864.3916666666664,0.04236581920903955,0.31599858757062144
2319,43.611111111111114,49.94444444444444,49.94444444444444,48.888888888888886,24.61111111111111,51.05555555555556,915.8333333333334,1048.8333333333333,1048.8333333333333,262.2083333333333,1819.125,1819.125,0.04444209039548022,0.3083262711864407
2320,46.22222222222222,44.77777777777778,44.77777777777778,44.22222222222222,23.11111111111111,54.111111111111114,970.6666666666666,940.3333333333334,940.3333333333334,235.08333333333334,1885.2166666666665,1885.2166666666665,0.03984463276836158,0.31952824858757056
2321,40.27777777777778,50.111111111111114,50.111111111111114,49.388888888888886,25.5,47.888888888888886,845.8333333333334,1052.3333333333335,1052.3333333333335,263.08333333333337,1701.0,1701.0,0.044590395480225996,0.2883050847457627
2322,43.5,47.77777777777778,47.77777777777778,47.44444444444444,24.38888888888889,43.166666666666664,913.5,1003.3333333333334,1003.3333333333334,250.83333333333334,1803.7833333333333,1803.7833333333333,0.04251412429378531,0.30572598870056494
2323,39.5,50.05555555555556,50.05555555555556,49.55555555555556,25.27777777777778,47.611111111111114,829.5,1051.1666666666667,1051.1666666666667,262.7916666666667,1672.9416666666666,1672.9416666666666,0.044540960451977404,0.2835494350282486
2324,48.333333333333336,45.72222222222222,45.72222222222222,44.5,23.055555555555557,50.94444444444444,1015.0,960.1666666666666,960.1666666666666,240.04166666666666,1965.5416666666667,1965.5416666666667,0.04068502824858757,0.33314265536723164
2325,41.5,44.388888888888886,44.388888888888886,43.94444444444444,20.555555555555557,47.111111111111114,871.5,932.1666666666666,932.1666666666666,233.04166666666666,1714.5916666666667,1714.5916666666667,0.03949858757062147,0.2906087570621469
2326,41.0,61.611111111111114,61.611111111111114,61.22222222222222,30.5,47.666666666666664,861.0,1293.8333333333335,1293.8333333333335,323.45833333333337,1787.1583333333333,1787.1583333333333,0.05482344632768362,0.3029081920903955
2327,52.94444444444444,59.05555555555556,59.05555555555556,58.388888888888886,30.0,64.22222222222223,1111.8333333333333,1240.1666666666667,1240.1666666666667,310.0416666666667,2200.1583333333333,2200.1583333333333,0.05254943502824859,0.3729081920903955
2328,37.94444444444444,44.833333333333336,44.833333333333336,43.72222222222222,20.666666666666668,49.333333333333336,796.8333333333333,941.5,941.5,235.375,1589.9916666666666,1589.9916666666666,0.03989406779661017,0.2694901129943503
2329,24.61111111111111,45.666666666666664,45.666666666666664,45.05555555555556,24.61111111111111,32.55555555555556,516.8333333333334,959.0,959.0,239.75,1118.3666666666668,1118.3666666666668,0.04063559322033898,0.1895536723163842
2330,38.27777777777778,45.94444444444444,45.94444444444444,44.833333333333336,22.833333333333332,47.333333333333336,803.8333333333334,964.8333333333333,964.8333333333333,241.20833333333331,1607.725,1607.725,0.04088276836158192,0.2724957627118644
2331,25.61111111111111,39.5,39.5,39.111111111111114,19.27777777777778,30.77777777777778,537.8333333333334,829.5,829.5,207.375,1121.6916666666666,1121.6916666666666,0.035148305084745764,0.19011723163841807
2332,32.833333333333336,49.333333333333336,49.333333333333336,48.333333333333336,23.333333333333332,41.666666666666664,689.5,1036.0,1036.0,259.0,1431.1499999999999,1431.1499999999999,0.043898305084745765,0.24256779661016947
2333,44.94444444444444,58.05555555555556,58.05555555555556,57.05555555555556,29.333333333333332,57.22222222222222,943.8333333333333,1219.1666666666667,1219.1666666666667,304.7916666666667,1909.3083333333332,1909.3083333333332,0.05165960451977401,0.32361158192090395
2334,29.61111111111111,37.05555555555556,37.05555555555556,37.0,19.0,37.111111111111114,621.8333333333334,778.1666666666667,778.1666666666667,194.54166666666669,1251.6583333333335,1251.6583333333335,0.032973163841807915,0.21214548022598873
2335,41.44444444444444,52.166666666666664,52.166666666666664,51.166666666666664,26.72222222222222,56.666666666666664,870.3333333333333,1095.5,1095.5,273.875,1753.4416666666666,1753.4416666666666,0.046419491525423726,0.29719350282485874
2336,45.94444444444444,55.72222222222222,55.72222222222222,55.05555555555556,27.0,56.333333333333336,964.8333333333333,1170.1666666666667,1170.1666666666667,292.5416666666667,1932.7583333333332,1932.7583333333332,0.04958333333333333,0.32758615819209036
2337,63.388888888888886,58.888888888888886,58.888888888888886,58.27777777777778,28.88888888888889,70.5,1331.1666666666665,1236.6666666666665,1236.6666666666665,309.16666666666663,2572.1499999999996,2572.1499999999996,0.052401129943502815,0.435957627118644
2338,43.166666666666664,55.888888888888886,55.888888888888886,55.94444444444444,27.666666666666668,49.833333333333336,906.5,1173.6666666666665,1173.6666666666665,293.41666666666663,1834.4666666666667,1834.4666666666667,0.04973163841807909,0.31092655367231636
2339,45.27777777777778,56.05555555555556,56.05555555555556,54.94444444444444,27.5,60.388888888888886,950.8333333333334,1177.1666666666667,1177.1666666666667,294.2916666666667,1910.7083333333335,1910.7083333333335,0.04987994350282486,0.3238488700564972
2340,46.611111111111114,58.27777777777778,58.27777777777778,58.05555555555556,28.666666666666668,58.22222222222222,978.8333333333334,1223.8333333333333,1223.8333333333333,305.9583333333333,1969.975,1969.975,0.05185734463276836,0.33389406779661013
2341,39.72222222222222,42.0,42.0,41.333333333333336,20.444444444444443,49.833333333333336,834.1666666666666,882.0,882.0,220.5,1638.5833333333333,1638.5833333333333,0.037372881355932204,0.277725988700565
2342,49.0,43.666666666666664,43.666666666666664,43.55555555555556,21.88888888888889,53.44444444444444,1029.0,917.0,917.0,229.25,1978.55,1978.55,0.03885593220338983,0.33534745762711865
2343,44.0,57.888888888888886,57.888888888888886,58.0,29.5,54.72222222222222,924.0,1215.6666666666665,1215.6666666666665,303.91666666666663,1874.7166666666667,1874.7166666666667,0.05151129943502824,0.31774858757062147
2344,42.94444444444444,62.94444444444444,62.94444444444444,61.666666666666664,30.27777777777778,53.55555555555556,901.8333333333333,1321.8333333333333,1321.8333333333333,330.4583333333333,1863.5749999999998,1863.5749999999998,0.05600988700564971,0.3158601694915254
2345,41.833333333333336,47.94444444444444,47.94444444444444,47.0,22.555555555555557,50.166666666666664,878.5,1006.8333333333333,1006.8333333333333,251.70833333333331,1745.1583333333333,1745.1583333333333,0.04266242937853107,0.2957895480225989
2346,37.77777777777778,48.55555555555556,48.55555555555556,48.388888888888886,24.0,51.0,793.3333333333334,1019.6666666666667,1019.6666666666667,254.91666666666669,1603.5833333333335,1603.5833333333335,0.04320621468926554,0.2717937853107345
2347,50.166666666666664,59.111111111111114,59.111111111111114,58.72222222222222,28.11111111111111,61.94444444444444,1053.5,1241.3333333333335,1241.3333333333335,310.33333333333337,2101.2833333333333,2101.2833333333333,0.05259887005649718,0.3561497175141243
2348,49.611111111111114,49.22222222222222,49.22222222222222,49.05555555555556,23.72222222222222,53.388888888888886,1041.8333333333335,1033.6666666666667,1033.6666666666667,258.4166666666667,2029.5333333333335,2029.5333333333335,0.04379943502824859,0.34398870056497177
2349,39.22222222222222,49.5,49.5,49.333333333333336,25.11111111111111,42.94444444444444,823.6666666666666,1039.5,1039.5,259.875,1660.1083333333331,1660.1083333333331,0.044046610169491525,0.2813742937853107
2350,54.05555555555556,51.22222222222222,51.22222222222222,51.0,24.38888888888889,64.88888888888889,1135.1666666666667,1075.6666666666667,1075.6666666666667,268.9166666666667,2198.7,2198.7,0.04557909604519774,0.3726610169491525
2351,36.72222222222222,58.22222222222222,58.22222222222222,57.44444444444444,30.0,49.833333333333336,771.1666666666666,1222.6666666666667,1222.6666666666667,305.6666666666667,1616.6499999999999,1616.6499999999999,0.05180790960451978,0.27400847457627114
2352,44.72222222222222,62.22222222222222,62.22222222222222,61.833333333333336,31.77777777777778,65.44444444444444,939.1666666666666,1306.6666666666667,1306.6666666666667,326.6666666666667,1923.25,1923.25,0.055367231638418085,0.3259745762711864
2353,42.22222222222222,62.888888888888886,62.888888888888886,62.666666666666664,33.166666666666664,54.27777777777778,886.6666666666666,1320.6666666666665,1320.6666666666665,330.16666666666663,1837.5,1837.5,0.05596045197740113,0.3114406779661017
2354,42.27777777777778,47.77777777777778,47.77777777777778,47.5,23.61111111111111,48.94444444444444,887.8333333333334,1003.3333333333334,1003.3333333333334,250.83333333333334,1760.1499999999999,1760.1499999999999,0.04251412429378531,0.29833050847457626
2355,46.77777777777778,49.22222222222222,49.22222222222222,48.94444444444444,23.055555555555557,62.833333333333336,982.3333333333334,1033.6666666666667,1033.6666666666667,258.4166666666667,1928.3833333333334,1928.3833333333334,0.04379943502824859,0.3268446327683616
2356,42.94444444444444,52.5,52.5,51.44444444444444,26.055555555555557,48.77777777777778,901.8333333333333,1102.5,1102.5,275.625,1808.7416666666666,1808.7416666666666,0.04671610169491525,0.30656638418079096
2357,49.72222222222222,70.33333333333333,70.33333333333333,69.88888888888889,33.888888888888886,66.05555555555556,1044.1666666666667,1477.0,1477.0,369.25,2144.3333333333335,2144.3333333333335,0.06258474576271186,0.36344632768361584
2358,38.333333333333336,42.333333333333336,42.333333333333336,41.611111111111114,19.61111111111111,48.22222222222222,805.0,889.0,889.0,222.25,1590.75,1590.75,0.03766949152542373,0.2696186440677966
2359,37.5,45.888888888888886,45.888888888888886,44.72222222222222,22.555555555555557,47.388888888888886,787.5,963.6666666666666,963.6666666666666,240.91666666666666,1579.6666666666667,1579.6666666666667,0.04083333333333333,0.2677401129943503
2360,32.666666666666664,36.333333333333336,36.333333333333336,35.388888888888886,16.166666666666668,41.833333333333336,686.0,763.0,763.0,190.75,1356.95,1356.95,0.03233050847457627,0.22999152542372883
2361,43.611111111111114,58.0,58.0,56.55555555555556,28.77777777777778,53.111111111111114,915.8333333333334,1218.0,1218.0,304.5,1861.4166666666667,1861.4166666666667,0.05161016949152542,0.3154943502824859
2362,36.55555555555556,40.0,40.0,39.22222222222222,19.88888888888889,37.333333333333336,767.6666666666667,840.0,840.0,210.0,1515.0333333333335,1515.0333333333335,0.03559322033898305,0.2567853107344633
2363,46.833333333333336,69.44444444444444,69.44444444444444,69.38888888888889,35.666666666666664,63.77777777777778,983.5,1458.3333333333333,1458.3333333333333,364.5833333333333,2036.5333333333333,2036.5333333333333,0.06179378531073446,0.34517514124293786
2364,38.111111111111114,50.0,50.0,48.888888888888886,23.055555555555557,44.666666666666664,800.3333333333334,1050.0,1050.0,262.5,1623.0666666666666,1623.0666666666666,0.04449152542372881,0.2750960451977401
2365,50.111111111111114,61.27777777777778,61.27777777777778,60.333333333333336,30.444444444444443,66.5,1052.3333333333335,1286.8333333333333,1286.8333333333333,321.7083333333333,2110.675,2110.675,0.05452683615819209,0.35774152542372883
2366,42.111111111111114,55.72222222222222,55.72222222222222,55.05555555555556,28.88888888888889,57.22222222222222,884.3333333333334,1170.1666666666667,1170.1666666666667,292.5416666666667,1795.9083333333335,1795.9083333333335,0.04958333333333333,0.30439124293785313
2367,50.888888888888886,51.833333333333336,51.833333333333336,50.72222222222222,24.333333333333332,54.888888888888886,1068.6666666666665,1088.5,1088.5,272.125,2088.858333333333,2088.858333333333,0.046122881355932205,0.35404378531073444
2368,47.333333333333336,60.888888888888886,60.888888888888886,60.888888888888886,28.944444444444443,60.166666666666664,994.0,1278.6666666666665,1278.6666666666665,319.66666666666663,2009.4666666666667,2009.4666666666667,0.054180790960451974,0.34058757062146894
2369,38.833333333333336,48.388888888888886,48.388888888888886,46.77777777777778,22.72222222222222,49.111111111111114,815.5,1016.1666666666666,1016.1666666666666,254.04166666666666,1640.3916666666667,1640.3916666666667,0.04305790960451977,0.2780324858757062
2370,38.166666666666664,55.27777777777778,55.27777777777778,54.666666666666664,26.444444444444443,49.27777777777778,801.5,1160.8333333333333,1160.8333333333333,290.2083333333333,1652.7583333333332,1652.7583333333332,0.04918785310734463,0.2801285310734463
2371,53.94444444444444,55.166666666666664,55.166666666666664,54.44444444444444,25.944444444444443,64.05555555555556,1132.8333333333333,1158.5,1158.5,289.625,2215.4416666666666,2215.4416666666666,0.04908898305084746,0.37549858757062143
2372,42.888888888888886,54.72222222222222,54.72222222222222,53.77777777777778,26.5,56.388888888888886,900.6666666666666,1149.1666666666667,1149.1666666666667,287.2916666666667,1818.425,1818.425,0.04869350282485876,0.3082076271186441
2373,53.77777777777778,60.833333333333336,60.833333333333336,59.833333333333336,29.27777777777778,63.72222222222222,1129.3333333333333,1277.5,1277.5,319.375,2239.241666666667,2239.241666666667,0.05413135593220339,0.37953248587570626
2374,57.77777777777778,63.77777777777778,63.77777777777778,62.27777777777778,30.38888888888889,71.61111111111111,1213.3333333333333,1339.3333333333333,1339.3333333333333,334.8333333333333,2397.5,2397.5,0.05675141242937853,0.40635593220338984
2375,44.0,55.0,55.0,54.388888888888886,27.27777777777778,55.666666666666664,924.0,1155.0,1155.0,288.75,1859.55,1859.55,0.048940677966101694,0.3151779661016949
2376,44.22222222222222,47.333333333333336,47.333333333333336,46.666666666666664,22.444444444444443,50.77777777777778,928.6666666666666,994.0,994.0,248.5,1827.2333333333331,1827.2333333333331,0.04211864406779661,0.30970056497175136
2377,36.94444444444444,54.55555555555556,54.55555555555556,54.27777777777778,26.77777777777778,47.888888888888886,775.8333333333333,1145.6666666666667,1145.6666666666667,286.4166666666667,1605.3333333333333,1605.3333333333333,0.048545197740113,0.27209039548022596
2378,43.833333333333336,60.166666666666664,60.166666666666664,59.833333333333336,30.444444444444443,54.05555555555556,920.5,1263.5,1263.5,315.875,1880.725,1880.725,0.05353813559322034,0.31876694915254233
2379,55.44444444444444,52.833333333333336,52.833333333333336,52.72222222222222,26.11111111111111,69.61111111111111,1164.3333333333333,1109.5,1109.5,277.375,2256.741666666667,2256.741666666667,0.04701271186440678,0.3824985875706215
2380,57.166666666666664,65.44444444444444,65.44444444444444,65.27777777777777,32.0,71.83333333333333,1200.5,1374.3333333333333,1374.3333333333333,343.5833333333333,2384.4333333333334,2384.4333333333334,0.05823446327683616,0.40414124293785314
2381,45.111111111111114,56.55555555555556,56.55555555555556,55.5,26.27777777777778,60.611111111111114,947.3333333333334,1187.6666666666667,1187.6666666666667,296.9166666666667,1907.3833333333334,1907.3833333333334,0.05032485875706215,0.3232853107344633
2382,50.888888888888886,54.888888888888886,54.888888888888886,54.27777777777778,25.72222222222222,62.388888888888886,1068.6666666666665,1152.6666666666665,1152.6666666666665,288.16666666666663,2104.8999999999996,2104.8999999999996,0.04884180790960451,0.3567627118644067
2383,36.333333333333336,50.22222222222222,50.22222222222222,50.333333333333336,26.22222222222222,48.55555555555556,763.0,1054.6666666666667,1054.6666666666667,263.6666666666667,1560.7666666666667,1560.7666666666667,0.044689265536723165,0.2645367231638418
2384,37.5,46.94444444444444,46.94444444444444,46.388888888888886,22.77777777777778,44.888888888888886,787.5,985.8333333333333,985.8333333333333,246.45833333333331,1585.2083333333333,1585.2083333333333,0.04177259887005649,0.26867937853107343
2385,49.94444444444444,58.5,58.5,58.44444444444444,28.166666666666668,58.888888888888886,1048.8333333333333,1228.5,1228.5,307.125,2090.1416666666664,2090.1416666666664,0.05205508474576271,0.3542612994350282
2386,36.888888888888886,45.27777777777778,45.27777777777778,44.833333333333336,22.333333333333332,43.166666666666664,774.6666666666666,950.8333333333334,950.8333333333334,237.70833333333334,1554.6416666666664,1554.6416666666664,0.04028954802259887,0.26349858757062145
2387,41.833333333333336,48.05555555555556,48.05555555555556,47.833333333333336,24.22222222222222,46.55555555555556,878.5,1009.1666666666667,1009.1666666666667,252.29166666666669,1745.7416666666668,1745.7416666666668,0.04276129943502825,0.29588841807909605
2388,39.0,41.72222222222222,41.72222222222222,40.44444444444444,18.77777777777778,49.0,819.0,876.1666666666666,876.1666666666666,219.04166666666666,1611.3416666666667,1611.3416666666667,0.03712570621468926,0.2731087570621469
2389,61.111111111111114,60.5,60.5,60.27777777777778,28.88888888888889,73.77777777777777,1283.3333333333335,1270.5,1270.5,317.625,2499.291666666667,2499.291666666667,0.05383474576271186,0.42360875706214696
2390,42.72222222222222,52.111111111111114,52.111111111111114,52.333333333333336,24.88888888888889,52.22222222222222,897.1666666666666,1094.3333333333335,1094.3333333333335,273.58333333333337,1798.7666666666664,1798.7666666666664,0.04637005649717515,0.30487570621468923
2391,43.55555555555556,45.611111111111114,45.611111111111114,44.44444444444444,21.61111111111111,57.22222222222222,914.6666666666667,957.8333333333334,957.8333333333334,239.45833333333334,1794.3916666666667,1794.3916666666667,0.040586158192090396,0.30413418079096044
2392,46.22222222222222,54.05555555555556,54.05555555555556,53.55555555555556,25.166666666666668,55.888888888888886,970.6666666666666,1135.1666666666667,1135.1666666666667,283.7916666666667,1933.925,1933.925,0.04810028248587571,0.32778389830508475
2393,42.72222222222222,42.22222222222222,42.22222222222222,41.5,19.61111111111111,48.166666666666664,897.1666666666666,886.6666666666666,886.6666666666666,221.66666666666666,1746.85,1746.85,0.03757062146892655,0.29607627118644064
2394,51.22222222222222,48.22222222222222,48.22222222222222,47.333333333333336,22.166666666666668,63.388888888888886,1075.6666666666667,1012.6666666666666,1012.6666666666666,253.16666666666666,2081.8,2081.8,0.04290960451977401,0.35284745762711867
2395,39.77777777777778,59.22222222222222,59.22222222222222,58.111111111111114,29.22222222222222,52.333333333333336,835.3333333333334,1243.6666666666667,1243.6666666666667,310.9166666666667,1730.9833333333333,1730.9833333333333,0.05269774011299436,0.29338700564971754
2396,52.0,65.33333333333333,65.33333333333333,64.05555555555556,31.055555555555557,67.94444444444444,1092.0,1372.0,1372.0,343.0,2199.3999999999996,2199.3999999999996,0.05813559322033898,0.3727796610169491
2397,40.94444444444444,52.72222222222222,52.72222222222222,52.94444444444444,26.666666666666668,49.27777777777778,859.8333333333333,1107.1666666666667,1107.1666666666667,276.7916666666667,1738.5083333333332,1738.5083333333332,0.046913841807909605,0.29466242937853104
2398,54.0,71.11111111111111,71.11111111111111,69.77777777777777,34.22222222222222,70.33333333333333,1134.0,1493.3333333333335,1493.3333333333335,373.33333333333337,2301.133333333333,2301.133333333333,0.0632768361581921,0.39002259887005647
2399,39.0,59.77777777777778,59.77777777777778,58.72222222222222,29.72222222222222,52.77777777777778,819.0,1255.3333333333333,1255.3333333333333,313.8333333333333,1706.1333333333332,1706.1333333333332,0.05319209039548022,0.2891751412429378
2400,44.666666666666664,46.72222222222222,46.72222222222222,44.888888888888886,21.944444444444443,57.388888888888886,938.0,981.1666666666666,981.1666666666666,245.29166666666666,1839.8916666666667,1839.8916666666667,0.04157485875706215,0.3118460451977401
2401,53.5,48.5,48.5,48.72222222222222,24.38888888888889,61.44444444444444,1123.5,1018.5,1018.5,254.625,2164.575,2164.575,0.04315677966101695,0.36687711864406775
2402,44.611111111111114,49.388888888888886,49.388888888888886,48.5,25.0,54.22222222222222,936.8333333333334,1037.1666666666665,1037.1666666666665,259.29166666666663,1851.9083333333333,1851.9083333333333,0.04394774011299434,0.3138827683615819
2403,52.27777777777778,45.27777777777778,45.27777777777778,45.5,22.055555555555557,62.388888888888886,1097.8333333333333,950.8333333333334,950.8333333333334,237.70833333333334,2104.0249999999996,2104.0249999999996,0.04028954802259887,0.35661440677966094
2404,55.77777777777778,53.05555555555556,53.05555555555556,52.666666666666664,25.944444444444443,63.44444444444444,1171.3333333333333,1114.1666666666667,1114.1666666666667,278.5416666666667,2269.808333333333,2269.808333333333,0.04721045197740113,0.38471327683615814
2405,55.666666666666664,54.94444444444444,54.94444444444444,54.72222222222222,28.055555555555557,56.833333333333336,1169.0,1153.8333333333333,1153.8333333333333,288.4583333333333,2275.758333333333,2275.758333333333,0.0488912429378531,0.38572175141242937
2406,40.333333333333336,53.388888888888886,53.388888888888886,52.44444444444444,26.27777777777778,51.77777777777778,847.0,1121.1666666666665,1121.1666666666665,280.29166666666663,1720.1916666666666,1720.1916666666666,0.04750706214689265,0.29155790960451977
2407,42.27777777777778,57.0,57.0,56.05555555555556,27.38888888888889,52.388888888888886,887.8333333333334,1197.0,1197.0,299.25,1808.5666666666666,1808.5666666666666,0.050720338983050846,0.3065367231638418
2408,60.166666666666664,55.666666666666664,55.666666666666664,55.333333333333336,27.27777777777778,66.0,1263.5,1169.0,1169.0,292.25,2440.2,2440.2,0.04953389830508475,0.41359322033898305
2409,50.72222222222222,67.66666666666667,67.66666666666667,67.55555555555556,33.5,65.77777777777777,1065.1666666666667,1421.0,1421.0,355.25,2166.0333333333333,2166.0333333333333,0.06021186440677966,0.36712429378531075
2410,44.0,55.0,55.0,54.333333333333336,27.055555555555557,55.611111111111114,924.0,1155.0,1155.0,288.75,1859.55,1859.55,0.048940677966101694,0.3151779661016949
2411,48.5,60.166666666666664,60.166666666666664,59.27777777777778,28.27777777777778,64.05555555555556,1018.5,1263.5,1263.5,315.875,2047.325,2047.325,0.05353813559322034,0.3470042372881356
2412,51.05555555555556,61.833333333333336,61.833333333333336,61.166666666666664,30.38888888888889,63.22222222222222,1072.1666666666667,1298.5,1298.5,324.625,2147.3083333333334,2147.3083333333334,0.055021186440677966,0.36395056497175143
2413,47.05555555555556,54.0,54.0,54.0,27.055555555555557,56.44444444444444,988.1666666666667,1134.0,1134.0,283.5,1963.3833333333334,1963.3833333333334,0.04805084745762712,0.3327768361581921
2414,43.333333333333336,42.22222222222222,42.22222222222222,41.388888888888886,20.944444444444443,51.388888888888886,910.0,886.6666666666666,886.6666666666666,221.66666666666666,1768.6666666666667,1768.6666666666667,0.03757062146892655,0.29977401129943504
2415,45.333333333333336,53.44444444444444,53.44444444444444,52.166666666666664,26.11111111111111,53.5,952.0,1122.3333333333333,1122.3333333333333,280.5833333333333,1898.9833333333331,1898.9833333333331,0.04755649717514124,0.3218615819209039
2416,54.55555555555556,68.5,68.5,67.83333333333333,33.44444444444444,74.33333333333333,1145.6666666666667,1438.5,1438.5,359.625,2307.258333333333,2307.258333333333,0.06095338983050847,0.3910607344632768
2417,56.833333333333336,64.44444444444444,64.44444444444444,64.16666666666667,31.166666666666668,70.83333333333333,1193.5,1353.3333333333333,1353.3333333333333,338.3333333333333,2367.2833333333333,2367.2833333333333,0.057344632768361575,0.40123446327683615
2418,32.333333333333336,39.77777777777778,39.77777777777778,39.72222222222222,19.5,40.388888888888886,679.0,835.3333333333334,835.3333333333334,208.83333333333334,1363.1333333333332,1363.1333333333332,0.0353954802259887,0.23103954802259885
2419,47.0,62.666666666666664,62.666666666666664,61.44444444444444,30.38888888888889,59.388888888888886,987.0,1316.0,1316.0,329.0,2006.8999999999999,2006.8999999999999,0.05576271186440678,0.34015254237288134
2420,47.5,62.22222222222222,62.22222222222222,61.5,29.555555555555557,62.111111111111114,997.5,1306.6666666666667,1306.6666666666667,326.6666666666667,2022.4166666666667,2022.4166666666667,0.055367231638418085,0.3427824858757062
2421,58.611111111111114,56.77777777777778,56.77777777777778,56.611111111111114,28.166666666666668,69.33333333333333,1230.8333333333335,1192.3333333333333,1192.3333333333333,298.0833333333333,2390.5000000000005,2390.5000000000005,0.050522598870056494,0.4051694915254238
2422,32.888888888888886,42.111111111111114,42.111111111111114,41.55555555555556,20.666666666666668,39.55555555555556,690.6666666666666,884.3333333333334,884.3333333333334,221.08333333333334,1395.2166666666665,1395.2166666666665,0.03747175141242938,0.23647740112994348
2423,44.611111111111114,54.44444444444444,54.44444444444444,52.888888888888886,25.11111111111111,60.0,936.8333333333334,1143.3333333333333,1143.3333333333333,285.8333333333333,1878.45,1878.45,0.048446327683615814,0.3183813559322034
2424,47.666666666666664,60.611111111111114,60.611111111111114,59.55555555555556,30.5,56.05555555555556,1001.0,1272.8333333333335,1272.8333333333335,318.20833333333337,2019.9083333333333,2019.9083333333333,0.053933615819209045,0.34235734463276835
2425,31.666666666666668,39.388888888888886,39.388888888888886,37.888888888888886,19.22222222222222,36.888888888888886,665.0,827.1666666666666,827.1666666666666,206.79166666666666,1337.2916666666667,1337.2916666666667,0.03504943502824859,0.22665960451977402
2426,43.22222222222222,56.72222222222222,56.72222222222222,55.888888888888886,27.38888888888889,57.5,907.6666666666666,1191.1666666666667,1191.1666666666667,297.7916666666667,1840.825,1840.825,0.05047316384180791,0.3120042372881356
2427,46.27777777777778,48.27777777777778,48.27777777777778,47.55555555555556,23.72222222222222,57.111111111111114,971.8333333333334,1013.8333333333334,1013.8333333333334,253.45833333333334,1905.575,1905.575,0.042959039548022604,0.32297881355932206
2428,51.77777777777778,52.94444444444444,52.94444444444444,53.611111111111114,27.77777777777778,58.166666666666664,1087.3333333333333,1111.8333333333333,1111.8333333333333,277.9583333333333,2126.4249999999997,2126.4249999999997,0.04711158192090395,0.3604110169491525
2429,49.55555555555556,47.27777777777778,47.27777777777778,46.94444444444444,22.61111111111111,57.333333333333336,1040.6666666666667,992.8333333333334,992.8333333333334,248.20833333333334,2017.3416666666667,2017.3416666666667,0.04206920903954802,0.3419223163841808
2430,42.111111111111114,52.611111111111114,52.611111111111114,51.888888888888886,24.77777777777778,56.166666666666664,884.3333333333334,1104.8333333333335,1104.8333333333335,276.20833333333337,1779.5750000000003,1779.5750000000003,0.046814971751412436,0.30162288135593224
2431,47.166666666666664,53.388888888888886,53.388888888888886,53.5,27.5,55.55555555555556,990.5,1121.1666666666665,1121.1666666666665,280.29166666666663,1964.1416666666664,1964.1416666666664,0.04750706214689265,0.3329053672316384
2432,48.611111111111114,52.333333333333336,52.333333333333336,51.77777777777778,26.72222222222222,60.888888888888886,1020.8333333333334,1099.0,1099.0,274.75,2010.1666666666667,2010.1666666666667,0.04656779661016949,0.34070621468926554
2433,35.22222222222222,46.55555555555556,46.55555555555556,46.22222222222222,24.27777777777778,43.72222222222222,739.6666666666666,977.6666666666667,977.6666666666667,244.41666666666669,1501.85,1501.85,0.04142655367231639,0.2545508474576271
2434,48.388888888888886,51.888888888888886,51.888888888888886,51.5,24.72222222222222,56.05555555555556,1016.1666666666666,1089.6666666666665,1089.6666666666665,272.41666666666663,1999.8999999999996,1999.8999999999996,0.04617231638418078,0.3389661016949152
2435,35.72222222222222,44.5,44.5,43.833333333333336,20.333333333333332,45.888888888888886,750.1666666666666,934.5,934.5,233.625,1508.9083333333333,1508.9083333333333,0.039597457627118644,0.25574717514124296
2436,45.05555555555556,52.72222222222222,52.72222222222222,52.05555555555556,25.555555555555557,54.611111111111114,946.1666666666667,1107.1666666666667,1107.1666666666667,276.7916666666667,1885.275,1885.275,0.046913841807909605,0.31953813559322036
2437,44.94444444444444,53.166666666666664,53.166666666666664,53.166666666666664,25.27777777777778,58.94444444444444,943.8333333333333,1116.5,1116.5,279.125,1883.6416666666664,1883.6416666666664,0.0473093220338983,0.31926129943502823
2438,53.166666666666664,52.94444444444444,52.94444444444444,52.5,25.555555555555557,61.333333333333336,1116.5,1111.8333333333333,1111.8333333333333,277.9583333333333,2176.008333333333,2176.008333333333,0.04711158192090395,0.3688149717514124
2439,34.22222222222222,37.388888888888886,37.388888888888886,36.611111111111114,17.5,40.22222222222222,718.6666666666666,785.1666666666666,785.1666666666666,196.29166666666666,1418.025,1418.025,0.033269774011299436,0.24034322033898306
2440,55.27777777777778,63.333333333333336,63.333333333333336,62.22222222222222,31.72222222222222,69.38888888888889,1160.8333333333333,1330.0,1330.0,332.5,2305.9166666666665,2305.9166666666665,0.05635593220338983,0.3908333333333333
2441,34.44444444444444,40.833333333333336,40.833333333333336,40.833333333333336,21.5,39.94444444444444,723.3333333333333,857.5,857.5,214.375,1444.0416666666665,1444.0416666666665,0.03633474576271187,0.24475282485875705
2442,51.94444444444444,54.77777777777778,54.77777777777778,54.611111111111114,26.27777777777778,61.666666666666664,1090.8333333333333,1150.3333333333333,1150.3333333333333,287.5833333333333,2142.0,2142.0,0.04874293785310734,0.3630508474576271
2443,35.94444444444444,46.55555555555556,46.55555555555556,45.77777777777778,22.27777777777778,45.94444444444444,754.8333333333333,977.6666666666667,977.6666666666667,244.41666666666669,1527.6333333333332,1527.6333333333332,0.04142655367231639,0.2589209039548022
2444,48.111111111111114,72.0,72.0,71.94444444444444,35.833333333333336,61.0,1010.3333333333334,1512.0,1512.0,378.0,2095.5666666666666,2095.5666666666666,0.0640677966101695,0.35518079096045196
2445,37.388888888888886,48.0,48.0,47.72222222222222,23.5,46.94444444444444,785.1666666666666,1008.0,1008.0,252.0,1586.7833333333333,1586.7833333333333,0.04271186440677966,0.2689463276836158
2446,37.388888888888886,43.0,43.0,41.833333333333336,21.61111111111111,48.22222222222222,785.1666666666666,903.0,903.0,225.75,1560.5333333333333,1560.5333333333333,0.03826271186440678,0.26449717514124294
2447,39.72222222222222,47.22222222222222,47.22222222222222,46.55555555555556,23.666666666666668,44.111111111111114,834.1666666666666,991.6666666666666,991.6666666666666,247.91666666666666,1666.0,1666.0,0.042019774011299436,0.2823728813559322
2448,42.388888888888886,53.611111111111114,53.611111111111114,52.55555555555556,26.22222222222222,52.0,890.1666666666666,1125.8333333333335,1125.8333333333335,281.45833333333337,1794.7416666666668,1794.7416666666668,0.04770480225988701,0.3041935028248588
2449,34.44444444444444,42.111111111111114,42.111111111111114,42.22222222222222,22.5,42.94444444444444,723.3333333333333,884.3333333333334,884.3333333333334,221.08333333333334,1450.7499999999998,1450.7499999999998,0.03747175141242938,0.24588983050847454
2450,27.77777777777778,34.5,34.5,33.94444444444444,17.333333333333332,34.77777777777778,583.3333333333334,724.5,724.5,181.125,1172.7916666666667,1172.7916666666667,0.03069915254237288,0.19877824858757062
2451,52.388888888888886,66.33333333333333,66.33333333333333,65.38888888888889,31.944444444444443,70.11111111111111,1100.1666666666665,1393.0,1393.0,348.25,2218.533333333333,2218.533333333333,0.05902542372881356,0.3760225988700564
2452,48.888888888888886,45.72222222222222,45.72222222222222,45.27777777777778,23.0,52.888888888888886,1026.6666666666665,960.1666666666666,960.1666666666666,240.04166666666666,1985.3749999999998,1985.3749999999998,0.04068502824858757,0.33650423728813555
2453,31.77777777777778,35.55555555555556,35.55555555555556,35.333333333333336,17.72222222222222,39.388888888888886,667.3333333333334,746.6666666666667,746.6666666666667,186.66666666666669,1321.1333333333334,1321.1333333333334,0.03163841807909605,0.22392090395480227
2454,46.5,44.05555555555556,44.05555555555556,43.333333333333336,21.166666666666668,56.111111111111114,976.5,925.1666666666667,925.1666666666667,231.29166666666669,1891.3416666666667,1891.3416666666667,0.03920197740112995,0.320566384180791
2455,42.77777777777778,51.0,51.0,50.611111111111114,25.166666666666668,52.333333333333336,898.3333333333334,1071.0,1071.0,267.75,1794.9166666666667,1794.9166666666667,0.04538135593220339,0.3042231638418079
2456,34.333333333333336,50.77777777777778,50.77777777777778,49.888888888888886,24.833333333333332,45.5,721.0,1066.3333333333333,1066.3333333333333,266.5833333333333,1492.2833333333333,1492.2833333333333,0.04518361581920904,0.25292937853107345
2457,29.61111111111111,48.611111111111114,48.611111111111114,47.888888888888886,24.333333333333332,42.22222222222222,621.8333333333334,1020.8333333333334,1020.8333333333334,255.20833333333334,1312.325,1312.325,0.043255649717514125,0.22242796610169493
2458,43.333333333333336,48.22222222222222,48.22222222222222,47.05555555555556,23.11111111111111,50.388888888888886,910.0,1012.6666666666666,1012.6666666666666,253.16666666666666,1800.1666666666667,1800.1666666666667,0.04290960451977401,0.3051129943502825
2459,46.833333333333336,55.5,55.5,54.888888888888886,28.333333333333332,55.888888888888886,983.5,1165.5,1165.5,291.375,1963.325,1963.325,0.04938559322033898,0.3327669491525424
2460,53.333333333333336,54.611111111111114,54.611111111111114,53.833333333333336,26.88888888888889,61.666666666666664,1120.0,1146.8333333333335,1146.8333333333335,286.70833333333337,2190.7083333333335,2190.7083333333335,0.04859463276836159,0.37130649717514125
2461,43.27777777777778,53.0,53.0,52.55555555555556,25.77777777777778,59.666666666666664,908.8333333333334,1113.0,1113.0,278.25,1823.2666666666667,1823.2666666666667,0.04716101694915254,0.3090282485875706
2462,47.22222222222222,55.27777777777778,55.27777777777778,54.611111111111114,26.72222222222222,62.388888888888886,991.6666666666666,1160.8333333333333,1160.8333333333333,290.2083333333333,1976.0416666666665,1976.0416666666665,0.04918785310734463,0.33492231638418074
2463,54.833333333333336,59.5,59.5,58.888888888888886,29.77777777777778,65.55555555555556,1151.5,1249.5,1249.5,312.375,2269.925,2269.925,0.052944915254237286,0.3847330508474577
2464,42.888888888888886,50.611111111111114,50.611111111111114,49.666666666666664,23.166666666666668,55.72222222222222,900.6666666666666,1062.8333333333335,1062.8333333333335,265.70833333333337,1796.8416666666667,1796.8416666666667,0.045035310734463284,0.3045494350282486
2465,46.0,52.166666666666664,52.166666666666664,52.166666666666664,24.944444444444443,57.666666666666664,966.0,1095.5,1095.5,273.875,1916.075,1916.075,0.046419491525423726,0.3247584745762712
2466,50.833333333333336,54.0,54.0,54.111111111111114,28.555555555555557,62.55555555555556,1067.5,1134.0,1134.0,283.5,2098.25,2098.25,0.04805084745762712,0.355635593220339
2467,51.05555555555556,47.0,47.0,46.388888888888886,21.944444444444443,61.888888888888886,1072.1666666666667,987.0,987.0,246.75,2069.4333333333334,2069.4333333333334,0.041822033898305085,0.3507514124293785
2468,40.72222222222222,50.333333333333336,50.333333333333336,49.833333333333336,25.77777777777778,48.94444444444444,855.1666666666666,1057.0,1057.0,264.25,1718.0333333333333,1718.0333333333333,0.04478813559322034,0.2911920903954802
2469,45.888888888888886,45.94444444444444,45.94444444444444,45.333333333333336,22.77777777777778,52.388888888888886,963.6666666666666,964.8333333333333,964.8333333333333,241.20833333333331,1879.4416666666664,1879.4416666666664,0.04088276836158192,0.31854943502824856
2470,38.111111111111114,50.05555555555556,50.05555555555556,49.72222222222222,25.166666666666668,45.72222222222222,800.3333333333334,1051.1666666666667,1051.1666666666667,262.7916666666667,1623.3583333333333,1623.3583333333333,0.044540960451977404,0.2751454802259887
2471,36.77777777777778,43.94444444444444,43.94444444444444,43.833333333333336,21.5,47.77777777777778,772.3333333333334,922.8333333333333,922.8333333333333,230.70833333333331,1543.675,1543.675,0.039103107344632765,0.26163983050847456
2472,57.55555555555556,62.55555555555556,62.55555555555556,62.666666666666664,30.61111111111111,68.55555555555556,1208.6666666666667,1313.6666666666667,1313.6666666666667,328.4166666666667,2383.15,2383.15,0.055663841807909606,0.4039237288135593
2473,48.0,56.611111111111114,56.611111111111114,55.77777777777778,27.77777777777778,56.0,1008.0,1188.8333333333335,1188.8333333333335,297.20833333333337,2010.8083333333334,2010.8083333333334,0.05037429378531074,0.34081497175141245
2474,34.833333333333336,59.55555555555556,59.55555555555556,59.388888888888886,30.22222222222222,45.22222222222222,731.5,1250.6666666666667,1250.6666666666667,312.6666666666667,1556.2166666666667,1556.2166666666667,0.05299435028248588,0.26376553672316383
2475,32.0,40.0,40.0,38.833333333333336,19.61111111111111,37.888888888888886,672.0,840.0,840.0,210.0,1352.3999999999999,1352.3999999999999,0.03559322033898305,0.22922033898305083
2476,58.22222222222222,64.88888888888889,64.88888888888889,64.11111111111111,30.5,77.11111111111111,1222.6666666666667,1362.6666666666665,1362.6666666666665,340.66666666666663,2419.2,2419.2,0.05774011299435028,0.4100338983050847
2477,60.611111111111114,66.22222222222223,66.22222222222223,65.55555555555556,31.833333333333332,76.77777777777777,1272.8333333333335,1390.6666666666667,1390.6666666666667,347.6666666666667,2511.4833333333336,2511.4833333333336,0.05892655367231639,0.42567514124293787
2478,43.72222222222222,57.888888888888886,57.888888888888886,56.666666666666664,28.11111111111111,56.888888888888886,918.1666666666666,1215.6666666666665,1215.6666666666665,303.91666666666663,1864.7999999999997,1864.7999999999997,0.05151129943502824,0.3160677966101694
2479,46.833333333333336,50.611111111111114,50.611111111111114,50.333333333333336,23.833333333333332,53.333333333333336,983.5,1062.8333333333335,1062.8333333333335,265.70833333333337,1937.6583333333333,1937.6583333333333,0.045035310734463284,0.32841666666666663
2480,53.611111111111114,60.388888888888886,60.388888888888886,60.611111111111114,31.833333333333332,57.05555555555556,1125.8333333333335,1268.1666666666665,1268.1666666666665,317.04166666666663,2230.9583333333335,2230.9583333333335,0.05373587570621468,0.37812853107344635
2481,45.166666666666664,57.888888888888886,57.888888888888886,57.611111111111114,28.22222222222222,59.666666666666664,948.5,1215.6666666666665,1215.6666666666665,303.91666666666663,1916.3666666666668,1916.3666666666668,0.05151129943502824,0.3248079096045198
2482,38.111111111111114,40.5,40.5,39.611111111111114,19.5,42.05555555555556,800.3333333333334,850.5,850.5,212.625,1573.1916666666666,1573.1916666666666,0.03603813559322034,0.26664265536723164
2483,38.388888888888886,52.05555555555556,52.05555555555556,51.388888888888886,26.0,42.72222222222222,806.1666666666666,1093.1666666666667,1093.1666666666667,273.2916666666667,1643.7749999999999,1643.7749999999999,0.04632062146892656,0.2786059322033898
2484,49.72222222222222,45.611111111111114,45.611111111111114,45.333333333333336,22.333333333333332,56.833333333333336,1044.1666666666667,957.8333333333334,957.8333333333334,239.45833333333334,2014.5416666666667,2014.5416666666667,0.040586158192090396,0.34144774011299434
2485,36.666666666666664,38.833333333333336,38.833333333333336,37.833333333333336,19.055555555555557,41.111111111111114,770.0,815.5,815.5,203.875,1512.875,1512.875,0.034555084745762715,0.2564194915254237
2486,51.22222222222222,59.22222222222222,59.22222222222222,58.05555555555556,27.88888888888889,62.27777777777778,1075.6666666666667,1243.6666666666667,1243.6666666666667,310.9166666666667,2139.55,2139.55,0.05269774011299436,0.362635593220339
2487,42.27777777777778,46.166666666666664,46.166666666666664,45.0,21.333333333333332,50.388888888888886,887.8333333333334,969.5,969.5,242.375,1751.6916666666666,1751.6916666666666,0.04108050847457627,0.29689689265536723
2488,24.27777777777778,45.833333333333336,45.833333333333336,44.94444444444444,23.666666666666668,36.05555555555556,509.83333333333337,962.5,962.5,240.625,1107.3416666666667,1107.3416666666667,0.04078389830508475,0.18768502824858757
2489,39.44444444444444,44.611111111111114,44.611111111111114,43.72222222222222,22.38888888888889,47.94444444444444,828.3333333333333,936.8333333333334,936.8333333333334,234.20833333333334,1642.3749999999998,1642.3749999999998,0.03969632768361582,0.27836864406779654
2490,41.111111111111114,57.333333333333336,57.333333333333336,56.111111111111114,28.944444444444443,57.111111111111114,863.3333333333334,1204.0,1204.0,301.0,1768.6666666666667,1768.6666666666667,0.051016949152542374,0.29977401129943504
2491,43.111111111111114,60.166666666666664,60.166666666666664,58.77777777777778,29.11111111111111,57.77777777777778,905.3333333333334,1263.5,1263.5,315.875,1854.9416666666666,1854.9416666666666,0.05353813559322034,0.31439689265536724
2492,31.666666666666668,36.888888888888886,36.888888888888886,36.333333333333336,18.444444444444443,39.611111111111114,665.0,774.6666666666666,774.6666666666666,193.66666666666666,1324.1666666666667,1324.1666666666667,0.03282485875706215,0.22443502824858758
2493,47.22222222222222,47.666666666666664,47.666666666666664,47.27777777777778,23.61111111111111,59.22222222222222,991.6666666666666,1001.0,1001.0,250.25,1936.0833333333333,1936.0833333333333,0.04241525423728813,0.3281497175141243
2494,37.05555555555556,52.611111111111114,52.611111111111114,51.44444444444444,26.22222222222222,46.27777777777778,778.1666666666667,1104.8333333333335,1104.8333333333335,276.20833333333337,1599.0916666666667,1599.0916666666667,0.046814971751412436,0.2710324858757062
2495,54.0,64.83333333333333,64.83333333333333,64.0,31.555555555555557,69.22222222222223,1134.0,1361.5,1361.5,340.375,2268.175,2268.175,0.057690677966101694,0.3844364406779661
2496,50.22222222222222,61.72222222222222,61.72222222222222,61.22222222222222,31.77777777777778,62.166666666666664,1054.6666666666667,1296.1666666666667,1296.1666666666667,324.0416666666667,2116.975,2116.975,0.0549223163841808,0.3588093220338983
2497,44.0,57.94444444444444,57.94444444444444,57.27777777777778,27.88888888888889,57.611111111111114,924.0,1216.8333333333333,1216.8333333333333,304.2083333333333,1875.0083333333332,1875.0083333333332,0.05156073446327683,0.31779802259887
2498,33.27777777777778,44.388888888888886,44.388888888888886,43.833333333333336,23.38888888888889,42.22222222222222,698.8333333333334,932.1666666666666,932.1666666666666,233.04166666666666,1421.0583333333334,1421.0583333333334,0.03949858757062147,0.24085734463276837
2499,38.611111111111114,44.55555555555556,44.55555555555556,43.611111111111114,21.22222222222222,46.388888888888886,810.8333333333334,935.6666666666667,935.6666666666667,233.91666666666669,1612.3333333333335,1612.3333333333335,0.039646892655367236,0.2732768361581921
2500,37.333333333333336,50.611111111111114,50.611111111111114,49.55555555555556,25.0,46.666666666666664,784.0,1062.8333333333335,1062.8333333333335,265.70833333333337,1598.5083333333332,1598.5083333333332,0.045035310734463284,0.270933615819209
2501,41.111111111111114,58.27777777777778,58.27777777777778,57.77777777777778,27.88888888888889,54.27777777777778,863.3333333333334,1223.8333333333333,1223.8333333333333,305.9583333333333,1773.625,1773.625,0.05185734463276836,0.300614406779661
2502,42.05555555555556,58.55555555555556,58.55555555555556,57.72222222222222,28.72222222222222,57.5,883.1666666666667,1229.6666666666667,1229.6666666666667,307.4166666666667,1808.8000000000002,1808.8000000000002,0.0521045197740113,0.3065762711864407
2503,41.22222222222222,53.333333333333336,53.333333333333336,53.05555555555556,26.555555555555557,56.111111111111114,865.6666666666666,1120.0,1120.0,280.0,1751.6333333333332,1751.6333333333332,0.04745762711864407,0.2968870056497175
2504,34.77777777777778,36.77777777777778,36.77777777777778,36.27777777777778,19.055555555555557,38.111111111111114,730.3333333333334,772.3333333333334,772.3333333333334,193.08333333333334,1434.6499999999999,1434.6499999999999,0.03272598870056497,0.24316101694915251
2505,44.111111111111114,53.55555555555556,53.55555555555556,52.72222222222222,25.77777777777778,62.833333333333336,926.3333333333334,1124.6666666666667,1124.6666666666667,281.1666666666667,1855.9333333333334,1855.9333333333334,0.04765536723163842,0.31456497175141246
2506,42.166666666666664,56.666666666666664,56.666666666666664,55.44444444444444,28.166666666666668,52.111111111111114,885.5,1190.0,1190.0,297.5,1802.85,1802.85,0.050423728813559325,0.3055677966101695
2507,47.77777777777778,58.0,58.0,57.666666666666664,27.27777777777778,64.5,1003.3333333333334,1218.0,1218.0,304.5,2010.1666666666667,2010.1666666666667,0.05161016949152542,0.34070621468926554
2508,28.77777777777778,40.888888888888886,40.888888888888886,40.77777777777778,20.72222222222222,40.0,604.3333333333334,858.6666666666666,858.6666666666666,214.66666666666666,1242.0333333333335,1242.0333333333335,0.03638418079096045,0.21051412429378535
2509,42.5,50.72222222222222,50.72222222222222,51.05555555555556,26.444444444444443,49.833333333333336,892.5,1065.1666666666667,1065.1666666666667,266.2916666666667,1783.5416666666667,1783.5416666666667,0.04513418079096045,0.302295197740113
2510,47.333333333333336,57.388888888888886,57.388888888888886,56.388888888888886,27.944444444444443,65.44444444444444,994.0,1205.1666666666665,1205.1666666666665,301.29166666666663,1991.0916666666667,1991.0916666666667,0.05106638418079095,0.3374731638418079
2511,41.44444444444444,44.77777777777778,44.77777777777778,44.111111111111114,22.055555555555557,52.05555555555556,870.3333333333333,940.3333333333334,940.3333333333334,235.08333333333334,1714.6499999999999,1714.6499999999999,0.03984463276836158,0.2906186440677966
2512,39.05555555555556,43.77777777777778,43.77777777777778,43.333333333333336,22.38888888888889,54.22222222222222,820.1666666666667,919.3333333333334,919.3333333333334,229.83333333333334,1624.1166666666668,1624.1166666666668,0.038954802259887004,0.2752740112994351
2513,41.888888888888886,54.0,54.0,52.77777777777778,26.833333333333332,49.388888888888886,879.6666666666666,1134.0,1134.0,283.5,1778.9333333333332,1778.9333333333332,0.04805084745762712,0.30151412429378527
2514,37.05555555555556,44.166666666666664,44.166666666666664,44.05555555555556,23.333333333333332,40.22222222222222,778.1666666666667,927.5,927.5,231.875,1554.7583333333334,1554.7583333333334,0.03930084745762712,0.26351836158192093
2515,42.44444444444444,51.22222222222222,51.22222222222222,51.388888888888886,24.27777777777778,48.111111111111114,891.3333333333333,1075.6666666666667,1075.6666666666667,268.9166666666667,1784.1833333333332,1784.1833333333332,0.04557909604519774,0.30240395480225984
2516,61.55555555555556,62.666666666666664,62.666666666666664,63.166666666666664,31.72222222222222,69.44444444444444,1292.6666666666667,1316.0,1316.0,329.0,2526.5333333333333,2526.5333333333333,0.05576271186440678,0.42822598870056494
2517,50.833333333333336,47.388888888888886,47.388888888888886,47.0,22.555555555555557,62.27777777777778,1067.5,995.1666666666666,995.1666666666666,248.79166666666666,2063.5416666666665,2063.5416666666665,0.0421680790960452,0.349752824858757
2518,46.27777777777778,48.05555555555556,48.05555555555556,47.111111111111114,23.555555555555557,57.888888888888886,971.8333333333334,1009.1666666666667,1009.1666666666667,252.29166666666669,1904.4083333333335,1904.4083333333335,0.04276129943502825,0.3227810734463277
2519,33.77777777777778,59.888888888888886,59.888888888888886,60.0,30.22222222222222,43.44444444444444,709.3333333333334,1257.6666666666665,1257.6666666666665,314.41666666666663,1520.2833333333333,1520.2833333333333,0.05329096045197739,0.25767514124293783
2520,35.22222222222222,40.72222222222222,40.72222222222222,40.55555555555556,21.666666666666668,40.94444444444444,739.6666666666666,855.1666666666666,855.1666666666666,213.79166666666666,1471.225,1471.225,0.036235875706214685,0.2493601694915254
2521,49.111111111111114,42.388888888888886,42.388888888888886,41.77777777777778,19.944444444444443,55.77777777777778,1031.3333333333335,890.1666666666666,890.1666666666666,222.54166666666666,1975.8083333333336,1975.8083333333336,0.037718926553672316,0.334882768361582
2522,54.22222222222222,52.44444444444444,52.44444444444444,52.111111111111114,25.333333333333332,63.94444444444444,1138.6666666666667,1101.3333333333333,1101.3333333333333,275.3333333333333,2211.0666666666666,2211.0666666666666,0.04666666666666666,0.37475706214689264
2523,40.27777777777778,46.888888888888886,46.888888888888886,45.77777777777778,23.38888888888889,47.333333333333336,845.8333333333334,984.6666666666666,984.6666666666666,246.16666666666666,1684.0833333333335,1684.0833333333335,0.04172316384180791,0.28543785310734465
2524,41.611111111111114,48.111111111111114,48.111111111111114,47.388888888888886,22.72222222222222,54.333333333333336,873.8333333333334,1010.3333333333334,1010.3333333333334,252.58333333333334,1738.1,1738.1,0.04281073446327684,0.29459322033898305
2525,49.72222222222222,54.833333333333336,54.833333333333336,54.666666666666664,26.833333333333332,62.72222222222222,1044.1666666666667,1151.5,1151.5,287.875,2062.9583333333335,2062.9583333333335,0.04879237288135593,0.3496539548022599
2526,28.833333333333332,27.61111111111111,27.61111111111111,27.055555555555557,12.88888888888889,34.27777777777778,605.5,579.8333333333334,579.8333333333334,144.95833333333334,1174.3083333333332,1174.3083333333332,0.024569209039548023,0.19903531073446326
2527,37.27777777777778,41.0,41.0,40.22222222222222,19.27777777777778,49.166666666666664,782.8333333333334,861.0,861.0,215.25,1546.0666666666666,1546.0666666666666,0.03648305084745763,0.262045197740113
2528,55.0,61.44444444444444,61.44444444444444,60.611111111111114,29.27777777777778,69.83333333333333,1155.0,1290.3333333333333,1290.3333333333333,322.5833333333333,2286.0833333333335,2286.0833333333335,0.05467514124293785,0.3874717514124294
2529,56.72222222222222,62.333333333333336,62.333333333333336,61.5,29.88888888888889,72.44444444444444,1191.1666666666667,1309.0,1309.0,327.25,2352.2333333333336,2352.2333333333336,0.055466101694915254,0.3986836158192091
2530,44.833333333333336,47.666666666666664,47.666666666666664,46.94444444444444,22.88888888888889,51.22222222222222,941.5,1001.0,1001.0,250.25,1850.8,1850.8,0.04241525423728813,0.31369491525423726
2531,45.44444444444444,54.72222222222222,54.72222222222222,54.22222222222222,28.555555555555557,50.166666666666664,954.3333333333333,1149.1666666666667,1149.1666666666667,287.2916666666667,1909.6583333333333,1909.6583333333333,0.04869350282485876,0.32367090395480225
2532,40.0,42.05555555555556,42.05555555555556,41.333333333333336,19.5,48.05555555555556,840.0,883.1666666666667,883.1666666666667,220.79166666666669,1648.7916666666667,1648.7916666666667,0.037422316384180795,0.27945621468926557
2533,45.0,56.22222222222222,56.22222222222222,55.388888888888886,26.833333333333332,54.77777777777778,945.0,1180.6666666666667,1180.6666666666667,295.1666666666667,1901.6666666666667,1901.6666666666667,0.05002824858757062,0.32231638418079095
2534,36.55555555555556,47.72222222222222,47.72222222222222,46.5,22.38888888888889,49.05555555555556,767.6666666666667,1002.1666666666666,1002.1666666666666,250.54166666666666,1555.5750000000003,1555.5750000000003,0.042464689265536724,0.26365677966101697
2535,41.388888888888886,48.55555555555556,48.55555555555556,48.0,24.22222222222222,49.166666666666664,869.1666666666666,1019.6666666666667,1019.6666666666667,254.91666666666669,1732.5,1732.5,0.04320621468926554,0.2936440677966102
2536,30.61111111111111,40.77777777777778,40.77777777777778,39.22222222222222,19.5,40.94444444444444,642.8333333333334,856.3333333333334,856.3333333333334,214.08333333333334,1306.8999999999999,1306.8999999999999,0.036285310734463276,0.22150847457627115
2537,43.888888888888886,46.166666666666664,46.166666666666664,45.333333333333336,22.0,49.05555555555556,921.6666666666666,969.5,969.5,242.375,1809.2083333333333,1809.2083333333333,0.04108050847457627,0.3066454802259887
2538,50.44444444444444,62.5,62.5,62.666666666666664,32.22222222222222,64.72222222222223,1059.3333333333333,1312.5,1312.5,328.125,2128.991666666667,2128.991666666667,0.055614406779661014,0.3608460451977401
2539,48.22222222222222,50.05555555555556,50.05555555555556,49.0,25.11111111111111,53.94444444444444,1012.6666666666666,1051.1666666666667,1051.1666666666667,262.7916666666667,1984.325,1984.325,0.044540960451977404,0.3363262711864407
2540,49.44444444444444,56.55555555555556,56.55555555555556,55.27777777777778,27.333333333333332,60.111111111111114,1038.3333333333333,1187.6666666666667,1187.6666666666667,296.9166666666667,2062.083333333333,2062.083333333333,0.05032485875706215,0.3495056497175141
2541,34.77777777777778,38.44444444444444,38.44444444444444,37.833333333333336,19.38888888888889,41.666666666666664,730.3333333333334,807.3333333333333,807.3333333333333,201.83333333333331,1443.3999999999999,1443.3999999999999,0.034209039548022596,0.24464406779661016
2542,50.666666666666664,53.55555555555556,53.55555555555556,52.77777777777778,26.944444444444443,62.44444444444444,1064.0,1124.6666666666667,1124.6666666666667,281.1666666666667,2089.9666666666667,2089.9666666666667,0.04765536723163842,0.3542316384180791
2543,39.666666666666664,61.111111111111114,61.111111111111114,60.72222222222222,32.44444444444444,47.888888888888886,833.0,1283.3333333333335,1283.3333333333335,320.83333333333337,1736.9333333333334,1736.9333333333334,0.05437853107344633,0.2943954802259887
2544,38.166666666666664,39.666666666666664,39.666666666666664,39.0,19.38888888888889,39.77777777777778,801.5,833.0,833.0,208.25,1570.8,1570.8,0.035296610169491524,0.2662372881355932
2545,38.666666666666664,57.111111111111114,57.111111111111114,57.333333333333336,29.666666666666668,48.22222222222222,812.0,1199.3333333333335,1199.3333333333335,299.83333333333337,1680.2333333333331,1680.2333333333331,0.05081920903954803,0.2847853107344632
2546,40.0,51.77777777777778,51.77777777777778,50.833333333333336,24.333333333333332,49.333333333333336,840.0,1087.3333333333333,1087.3333333333333,271.8333333333333,1699.8333333333333,1699.8333333333333,0.04607344632768361,0.2881073446327683
2547,34.111111111111114,47.333333333333336,47.333333333333336,45.55555555555556,22.27777777777778,47.44444444444444,716.3333333333334,994.0,994.0,248.5,1466.2666666666667,1466.2666666666667,0.04211864406779661,0.24851977401129943
2548,55.333333333333336,58.94444444444444,58.94444444444444,57.666666666666664,29.166666666666668,66.5,1162.0,1237.8333333333333,1237.8333333333333,309.4583333333333,2284.858333333333,2284.858333333333,0.05245056497175141,0.38726412429378526
2549,40.94444444444444,43.94444444444444,43.94444444444444,43.22222222222222,21.555555555555557,46.333333333333336,859.8333333333333,922.8333333333333,922.8333333333333,230.70833333333331,1692.4249999999997,1692.4249999999997,0.039103107344632765,0.2868516949152542
2550,44.94444444444444,47.888888888888886,47.888888888888886,47.55555555555556,23.27777777777778,57.166666666666664,943.8333333333333,1005.6666666666666,1005.6666666666666,251.41666666666666,1855.9333333333332,1855.9333333333332,0.042612994350282485,0.3145649717514124
2551,41.22222222222222,56.22222222222222,56.22222222222222,55.27777777777778,27.88888888888889,56.388888888888886,865.6666666666666,1180.6666666666667,1180.6666666666667,295.1666666666667,1766.8,1766.8,0.05002824858757062,0.29945762711864404
2552,47.833333333333336,58.888888888888886,58.888888888888886,57.44444444444444,28.944444444444443,61.94444444444444,1004.5,1236.6666666666665,1236.6666666666665,309.16666666666663,2016.8166666666666,2016.8166666666666,0.052401129943502815,0.3418333333333333
2553,42.77777777777778,43.111111111111114,43.111111111111114,42.27777777777778,21.055555555555557,53.94444444444444,898.3333333333334,905.3333333333334,905.3333333333334,226.33333333333334,1753.5,1753.5,0.038361581920903956,0.2972033898305085
2554,36.166666666666664,46.55555555555556,46.55555555555556,44.888888888888886,23.0,44.44444444444444,759.5,977.6666666666667,977.6666666666667,244.41666666666669,1535.5666666666666,1535.5666666666666,0.04142655367231639,0.2602655367231638
2555,46.0,58.166666666666664,58.166666666666664,57.333333333333336,27.555555555555557,58.166666666666664,966.0,1221.5,1221.5,305.375,1947.575,1947.575,0.05175847457627119,0.3300974576271187
2556,34.833333333333336,41.888888888888886,41.888888888888886,40.333333333333336,19.555555555555557,46.388888888888886,731.5,879.6666666666666,879.6666666666666,219.91666666666666,1463.4666666666667,1463.4666666666667,0.03727401129943503,0.248045197740113
2557,30.61111111111111,38.22222222222222,38.22222222222222,37.77777777777778,18.77777777777778,41.22222222222222,642.8333333333334,802.6666666666666,802.6666666666666,200.66666666666666,1293.4833333333333,1293.4833333333333,0.034011299435028244,0.21923446327683616
2558,48.55555555555556,48.27777777777778,48.27777777777778,47.44444444444444,22.333333333333332,58.388888888888886,1019.6666666666667,1013.8333333333334,1013.8333333333334,253.45833333333334,1986.8916666666667,1986.8916666666667,0.042959039548022604,0.33676129943502825
2559,35.888888888888886,43.44444444444444,43.44444444444444,43.0,21.666666666666668,40.72222222222222,753.6666666666666,912.3333333333333,912.3333333333333,228.08333333333331,1509.3166666666666,1509.3166666666666,0.03865819209039548,0.25581638418079095
2560,50.72222222222222,60.22222222222222,60.22222222222222,59.94444444444444,29.27777777777778,67.94444444444444,1065.1666666666667,1264.6666666666667,1264.6666666666667,316.1666666666667,2126.95,2126.95,0.05358757062146893,0.3605
2561,29.0,28.666666666666668,28.666666666666668,28.555555555555557,14.222222222222221,36.388888888888886,609.0,602.0,602.0,150.5,1185.8,1185.8,0.025508474576271187,0.20098305084745763
2562,44.77777777777778,46.0,46.0,45.94444444444444,22.77777777777778,51.166666666666664,940.3333333333334,966.0,966.0,241.5,1840.0666666666666,1840.0666666666666,0.04093220338983051,0.31187570621468924
2563,44.833333333333336,58.44444444444444,58.44444444444444,57.77777777777778,29.166666666666668,51.94444444444444,941.5,1227.3333333333333,1227.3333333333333,306.8333333333333,1907.3833333333332,1907.3833333333332,0.05200564971751412,0.32328531073446326
2564,57.77777777777778,60.111111111111114,60.111111111111114,59.833333333333336,28.11111111111111,71.44444444444444,1213.3333333333333,1262.3333333333335,1262.3333333333335,315.58333333333337,2378.25,2378.25,0.05348870056497176,0.40309322033898304
2565,47.0,54.94444444444444,54.94444444444444,54.55555555555556,27.666666666666668,55.5,987.0,1153.8333333333333,1153.8333333333333,288.4583333333333,1966.3583333333331,1966.3583333333331,0.0488912429378531,0.3332810734463276
2566,42.44444444444444,50.666666666666664,50.666666666666664,50.55555555555556,24.38888888888889,49.22222222222222,891.3333333333333,1064.0,1064.0,266.0,1781.2666666666664,1781.2666666666664,0.04508474576271186,0.30190960451977394
2567,49.72222222222222,60.888888888888886,60.888888888888886,59.44444444444444,30.27777777777778,65.05555555555556,1044.1666666666667,1278.6666666666665,1278.6666666666665,319.66666666666663,2094.75,2094.75,0.054180790960451974,0.3550423728813559
2568,25.666666666666668,41.111111111111114,41.111111111111114,40.77777777777778,20.61111111111111,38.27777777777778,539.0,863.3333333333334,863.3333333333334,215.83333333333334,1132.1333333333332,1132.1333333333332,0.036581920903954804,0.1918870056497175
2569,45.388888888888886,59.77777777777778,59.77777777777778,59.611111111111114,29.666666666666668,56.666666666666664,953.1666666666666,1255.3333333333333,1255.3333333333333,313.8333333333333,1934.2166666666665,1934.2166666666665,0.05319209039548022,0.3278333333333333
2570,52.77777777777778,59.44444444444444,59.44444444444444,59.27777777777778,28.166666666666668,67.22222222222223,1108.3333333333333,1248.3333333333333,1248.3333333333333,312.0833333333333,2196.25,2196.25,0.052895480225988695,0.3722457627118644
2571,49.72222222222222,64.88888888888889,64.88888888888889,63.888888888888886,31.555555555555557,63.05555555555556,1044.1666666666667,1362.6666666666665,1362.6666666666665,340.66666666666663,2115.75,2115.75,0.05774011299435028,0.35860169491525423
2572,46.388888888888886,55.388888888888886,55.388888888888886,55.0,28.055555555555557,59.05555555555556,974.1666666666666,1163.1666666666665,1163.1666666666665,290.79166666666663,1946.875,1946.875,0.0492867231638418,0.329978813559322
2573,33.72222222222222,39.0,39.0,38.888888888888886,19.61111111111111,43.888888888888886,708.1666666666666,819.0,819.0,204.75,1408.6333333333332,1408.6333333333332,0.034703389830508476,0.2387514124293785
2574,41.333333333333336,36.77777777777778,36.77777777777778,36.611111111111114,17.27777777777778,47.22222222222222,868.0,772.3333333333334,772.3333333333334,193.08333333333334,1668.6833333333332,1668.6833333333332,0.03272598870056497,0.28282768361581917
2575,55.166666666666664,68.0,68.0,67.38888888888889,33.55555555555556,62.5,1158.5,1428.0,1428.0,357.0,2326.45,2326.45,0.06050847457627118,0.3943135593220339
2576,47.5,43.166666666666664,43.166666666666664,41.888888888888886,20.666666666666668,56.333333333333336,997.5,906.5,906.5,226.625,1922.375,1922.375,0.03841101694915254,0.3258262711864407
2577,48.666666666666664,45.94444444444444,45.94444444444444,44.72222222222222,21.27777777777778,53.166666666666664,1022.0,964.8333333333333,964.8333333333333,241.20833333333331,1978.6083333333331,1978.6083333333331,0.04088276836158192,0.33535734463276834
2578,55.666666666666664,72.83333333333333,72.83333333333333,71.61111111111111,36.0,75.5,1169.0,1529.5,1529.5,382.375,2369.675,2369.675,0.0648093220338983,0.4016398305084746
2579,54.22222222222222,54.94444444444444,54.94444444444444,53.94444444444444,25.22222222222222,61.833333333333336,1138.6666666666667,1153.8333333333333,1153.8333333333333,288.4583333333333,2224.1916666666666,2224.1916666666666,0.0488912429378531,0.3769816384180791
2580,52.833333333333336,67.44444444444444,67.44444444444444,67.38888888888889,33.55555555555556,65.22222222222223,1109.5,1416.3333333333333,1416.3333333333333,354.0833333333333,2240.233333333333,2240.233333333333,0.06001412429378531,0.37970056497175136
2581,28.666666666666668,38.5,38.5,36.77777777777778,18.77777777777778,38.55555555555556,602.0,808.5,808.5,202.125,1225.525,1225.525,0.03425847457627119,0.20771610169491528
2582,40.94444444444444,51.72222222222222,51.72222222222222,50.888888888888886,25.11111111111111,51.44444444444444,859.8333333333333,1086.1666666666667,1086.1666666666667,271.5416666666667,1733.2583333333332,1733.2583333333332,0.04602401129943503,0.29377259887005647
2583,44.333333333333336,52.333333333333336,52.333333333333336,52.333333333333336,26.055555555555557,56.0,931.0,1099.0,1099.0,274.75,1857.45,1857.45,0.04656779661016949,0.3148220338983051
2584,50.388888888888886,58.77777777777778,58.77777777777778,58.27777777777778,29.22222222222222,59.888888888888886,1058.1666666666665,1234.3333333333333,1234.3333333333333,308.5833333333333,2107.4666666666662,2107.4666666666662,0.052302259887005646,0.35719774011299427
2585,33.888888888888886,39.888888888888886,39.888888888888886,38.72222222222222,18.944444444444443,44.666666666666664,711.6666666666666,837.6666666666666,837.6666666666666,209.41666666666666,1419.25,1419.25,0.035494350282485876,0.24055084745762711
2586,47.166666666666664,48.22222222222222,48.22222222222222,47.111111111111114,24.38888888888889,49.166666666666664,990.5,1012.6666666666666,1012.6666666666666,253.16666666666666,1937.0166666666667,1937.0166666666667,0.04290960451977401,0.3283079096045198
2587,36.833333333333336,62.72222222222222,62.72222222222222,62.388888888888886,32.666666666666664,49.666666666666664,773.5,1317.1666666666667,1317.1666666666667,329.2916666666667,1644.2416666666668,1644.2416666666668,0.05581214689265537,0.2786850282485876
2588,45.0,51.666666666666664,51.666666666666664,50.5,24.333333333333332,51.833333333333336,945.0,1085.0,1085.0,271.25,1877.75,1877.75,0.04597457627118644,0.3182627118644068
2589,47.833333333333336,54.44444444444444,54.44444444444444,54.666666666666664,27.38888888888889,60.611111111111114,1004.5,1143.3333333333333,1143.3333333333333,285.8333333333333,1993.4833333333331,1993.4833333333331,0.048446327683615814,0.3378785310734463
2590,50.5,46.77777777777778,46.77777777777778,45.55555555555556,22.444444444444443,54.55555555555556,1060.5,982.3333333333334,982.3333333333334,245.58333333333334,2048.4333333333334,2048.4333333333334,0.04162429378531073,0.3471920903954802
2591,49.833333333333336,54.44444444444444,54.44444444444444,53.94444444444444,26.72222222222222,62.77777777777778,1046.5,1143.3333333333333,1143.3333333333333,285.8333333333333,2064.883333333333,2064.883333333333,0.048446327683615814,0.34998022598870054
2592,50.44444444444444,57.72222222222222,57.72222222222222,56.94444444444444,26.88888888888889,63.55555555555556,1059.3333333333333,1212.1666666666667,1212.1666666666667,303.0416666666667,2103.9083333333333,2103.9083333333333,0.051362994350282486,0.35659463276836156
2593,27.833333333333332,38.333333333333336,38.333333333333336,37.27777777777778,20.72222222222222,34.111111111111114,584.5,805.0,805.0,201.25,1194.9,1194.9,0.03411016949152542,0.20252542372881358
2594,56.166666666666664,57.77777777777778,57.77777777777778,57.111111111111114,28.555555555555557,67.55555555555556,1179.5,1213.3333333333333,1213.3333333333333,303.3333333333333,2308.483333333333,2308.483333333333,0.05141242937853107,0.39126836158192085
2595,57.611111111111114,61.94444444444444,61.94444444444444,61.72222222222222,30.166666666666668,71.61111111111111,1209.8333333333335,1300.8333333333333,1300.8333333333333,325.2083333333333,2381.925,2381.925,0.055120056497175135,0.4037161016949153
2596,41.55555555555556,47.666666666666664,47.666666666666664,47.888888888888886,24.0,50.72222222222222,872.6666666666667,1001.0,1001.0,250.25,1733.7833333333335,1733.7833333333335,0.04241525423728813,0.293861581920904
2597,46.833333333333336,51.5,51.5,51.22222222222222,25.72222222222222,57.0,983.5,1081.5,1081.5,270.375,1942.325,1942.325,0.04582627118644068,0.3292076271186441
2598,46.05555555555556,53.666666666666664,53.666666666666664,53.666666666666664,26.88888888888889,53.388888888888886,967.1666666666667,1127.0,1127.0,281.75,1925.9333333333334,1925.9333333333334,0.04775423728813559,0.32642937853107346
2599,37.5,53.0,53.0,53.22222222222222,26.555555555555557,47.166666666666664,787.5,1113.0,1113.0,278.25,1617.0,1617.0,0.04716101694915254,0.2740677966101695
2600,53.05555555555556,57.388888888888886,57.388888888888886,56.611111111111114,27.27777777777778,67.72222222222223,1114.1666666666667,1205.1666666666665,1205.1666666666665,301.29166666666663,2195.375,2195.375,0.05106638418079095,0.37209745762711866
2601,46.333333333333336,51.611111111111114,51.611111111111114,51.05555555555556,24.61111111111111,56.5,973.0,1083.8333333333335,1083.8333333333335,270.95833333333337,1925.0583333333334,1925.0583333333334,0.04592514124293786,0.3262810734463277
2602,45.333333333333336,50.5,50.5,50.5,25.88888888888889,55.05555555555556,952.0,1060.5,1060.5,265.125,1883.5249999999999,1883.5249999999999,0.0449364406779661,0.3192415254237288
2603,48.77777777777778,44.72222222222222,44.72222222222222,44.94444444444444,22.833333333333332,56.22222222222222,1024.3333333333333,939.1666666666666,939.1666666666666,234.79166666666666,1976.1583333333333,1976.1583333333333,0.039795197740112996,0.33494209039548023
2604,42.111111111111114,53.0,53.0,51.888888888888886,25.555555555555557,55.0,884.3333333333334,1113.0,1113.0,278.25,1781.6166666666668,1781.6166666666668,0.04716101694915254,0.30196892655367236
2605,55.94444444444444,59.166666666666664,59.166666666666664,59.27777777777778,29.0,66.61111111111111,1174.8333333333333,1242.5,1242.5,310.625,2307.8416666666662,2307.8416666666662,0.052648305084745765,0.39115960451977394
2606,47.77777777777778,53.94444444444444,53.94444444444444,53.44444444444444,26.833333333333332,60.5,1003.3333333333334,1132.8333333333333,1132.8333333333333,283.2083333333333,1988.875,1988.875,0.048001412429378526,0.3370974576271186
2607,33.611111111111114,42.166666666666664,42.166666666666664,40.77777777777778,21.27777777777778,36.5,705.8333333333334,885.5,885.5,221.375,1421.2916666666667,1421.2916666666667,0.037521186440677964,0.24089689265536723
2608,41.166666666666664,43.111111111111114,43.111111111111114,41.44444444444444,20.666666666666668,48.55555555555556,864.5,905.3333333333334,905.3333333333334,226.33333333333334,1695.9833333333331,1695.9833333333331,0.038361581920903956,0.28745480225988695
2609,45.388888888888886,44.05555555555556,44.05555555555556,43.55555555555556,21.88888888888889,59.611111111111114,953.1666666666666,925.1666666666667,925.1666666666667,231.29166666666669,1851.675,1851.675,0.03920197740112995,0.31384322033898304
2610,43.05555555555556,55.5,55.5,54.22222222222222,26.72222222222222,56.55555555555556,904.1666666666667,1165.5,1165.5,291.375,1828.4583333333335,1828.4583333333335,0.04938559322033898,0.3099081920903955
2611,47.94444444444444,54.44444444444444,54.44444444444444,53.888888888888886,25.61111111111111,55.44444444444444,1006.8333333333333,1143.3333333333333,1143.3333333333333,285.8333333333333,1997.4499999999998,1997.4499999999998,0.048446327683615814,0.3385508474576271
2612,52.44444444444444,53.333333333333336,53.333333333333336,53.833333333333336,28.166666666666668,55.94444444444444,1101.3333333333333,1120.0,1120.0,280.0,2152.2666666666664,2152.2666666666664,0.04745762711864407,0.36479096045197734
2613,41.888888888888886,49.388888888888886,49.388888888888886,49.05555555555556,24.61111111111111,53.388888888888886,879.6666666666666,1037.1666666666665,1037.1666666666665,259.29166666666663,1754.725,1754.725,0.04394774011299434,0.2974110169491525
2614,54.55555555555556,53.388888888888886,53.388888888888886,52.94444444444444,25.72222222222222,69.38888888888889,1145.6666666666667,1121.1666666666665,1121.1666666666665,280.29166666666663,2227.925,2227.925,0.04750706214689265,0.37761440677966107
2615,53.22222222222222,55.888888888888886,55.888888888888886,56.22222222222222,29.055555555555557,63.55555555555556,1117.6666666666667,1173.6666666666665,1173.6666666666665,293.41666666666663,2193.45,2193.45,0.04973163841807909,0.3717711864406779
2616,52.888888888888886,53.333333333333336,53.333333333333336,52.333333333333336,26.055555555555557,60.166666666666664,1110.6666666666665,1120.0,1120.0,280.0,2168.133333333333,2168.133333333333,0.04745762711864407,0.36748022598870056
2617,44.666666666666664,45.388888888888886,45.388888888888886,44.55555555555556,22.944444444444443,58.333333333333336,938.0,953.1666666666666,953.1666666666666,238.29166666666666,1832.8916666666667,1832.8916666666667,0.040388418079096045,0.31065960451977404
2618,42.666666666666664,63.22222222222222,63.22222222222222,61.888888888888886,30.944444444444443,56.44444444444444,896.0,1327.6666666666667,1327.6666666666667,331.9166666666667,1855.1166666666668,1855.1166666666668,0.05625706214689266,0.3144265536723164
2619,50.22222222222222,64.33333333333333,64.33333333333333,64.0,32.27777777777778,61.111111111111114,1054.6666666666667,1351.0,1351.0,337.75,2130.6833333333334,2130.6833333333334,0.057245762711864406,0.3611327683615819
2620,38.77777777777778,41.72222222222222,41.72222222222222,41.44444444444444,21.166666666666668,43.166666666666664,814.3333333333334,876.1666666666666,876.1666666666666,219.04166666666666,1603.4083333333335,1603.4083333333335,0.03712570621468926,0.2717641242937853
2621,42.77777777777778,45.27777777777778,45.27777777777778,44.94444444444444,23.5,54.94444444444444,898.3333333333334,950.8333333333334,950.8333333333334,237.70833333333334,1764.875,1764.875,0.04028954802259887,0.2991313559322034
2622,38.55555555555556,58.22222222222222,58.22222222222222,57.888888888888886,29.444444444444443,54.22222222222222,809.6666666666667,1222.6666666666667,1222.6666666666667,305.6666666666667,1682.1000000000001,1682.1000000000001,0.05180790960451978,0.2851016949152543
2623,47.05555555555556,50.77777777777778,50.77777777777778,49.833333333333336,24.555555555555557,49.333333333333336,988.1666666666667,1066.3333333333333,1066.3333333333333,266.5833333333333,1946.4666666666667,1946.4666666666667,0.04518361581920904,0.329909604519774
2624,37.0,44.888888888888886,44.888888888888886,43.55555555555556,21.61111111111111,45.611111111111114,777.0,942.6666666666666,942.6666666666666,235.66666666666666,1556.5666666666666,1556.5666666666666,0.039943502824858756,0.26382485875706213
2625,59.333333333333336,68.94444444444444,68.94444444444444,68.0,33.611111111111114,72.38888888888889,1246.0,1447.8333333333333,1447.8333333333333,361.9583333333333,2480.1583333333333,2480.1583333333333,0.061348870056497175,0.42036581920903954
2626,55.77777777777778,58.333333333333336,58.333333333333336,57.94444444444444,28.72222222222222,59.72222222222222,1171.3333333333333,1225.0,1225.0,306.25,2297.5166666666664,2297.5166666666664,0.05190677966101695,0.38940960451977397
2627,41.111111111111114,58.111111111111114,58.111111111111114,57.333333333333336,30.0,49.77777777777778,863.3333333333334,1220.3333333333335,1220.3333333333335,305.08333333333337,1772.75,1772.75,0.051709039548022605,0.3004661016949153
2628,37.166666666666664,55.166666666666664,55.166666666666664,53.44444444444444,25.61111111111111,52.888888888888886,780.5,1158.5,1158.5,289.625,1616.475,1616.475,0.04908898305084746,0.273978813559322
2629,45.611111111111114,57.77777777777778,57.77777777777778,56.5,26.77777777777778,57.72222222222222,957.8333333333334,1213.3333333333333,1213.3333333333333,303.3333333333333,1931.6499999999999,1931.6499999999999,0.05141242937853107,0.32739830508474577
2630,43.72222222222222,54.611111111111114,54.611111111111114,54.333333333333336,27.444444444444443,58.77777777777778,918.1666666666666,1146.8333333333335,1146.8333333333335,286.70833333333337,1847.5916666666667,1847.5916666666667,0.04859463276836159,0.3131511299435028
2631,43.27777777777778,54.388888888888886,54.388888888888886,53.77777777777778,27.77777777777778,56.94444444444444,908.8333333333334,1142.1666666666665,1142.1666666666665,285.54166666666663,1830.5583333333334,1830.5583333333334,0.04839689265536722,0.3102641242937853
2632,58.388888888888886,68.88888888888889,68.88888888888889,68.27777777777777,32.333333333333336,74.5,1226.1666666666665,1446.6666666666665,1446.6666666666665,361.66666666666663,2446.1499999999996,2446.1499999999996,0.06129943502824858,0.41460169491525417
2633,46.0,47.77777777777778,47.77777777777778,46.888888888888886,23.0,55.833333333333336,966.0,1003.3333333333334,1003.3333333333334,250.83333333333334,1893.0333333333333,1893.0333333333333,0.04251412429378531,0.32085310734463274
2634,51.833333333333336,60.666666666666664,60.666666666666664,59.5,28.61111111111111,68.27777777777777,1088.5,1274.0,1274.0,318.5,2168.95,2168.95,0.05398305084745763,0.3676186440677966
2635,50.0,51.72222222222222,51.72222222222222,51.666666666666664,26.72222222222222,58.94444444444444,1050.0,1086.1666666666667,1086.1666666666667,271.5416666666667,2056.5416666666665,2056.5416666666665,0.04602401129943503,0.34856638418079094
2636,44.833333333333336,59.166666666666664,59.166666666666664,58.166666666666664,29.666666666666668,53.833333333333336,941.5,1242.5,1242.5,310.625,1911.175,1911.175,0.052648305084745765,0.3239279661016949
2637,45.27777777777778,51.666666666666664,51.666666666666664,50.55555555555556,25.61111111111111,53.888888888888886,950.8333333333334,1085.0,1085.0,271.25,1887.6666666666667,1887.6666666666667,0.04597457627118644,0.3199435028248588
2638,41.27777777777778,49.05555555555556,49.05555555555556,48.27777777777778,23.72222222222222,47.666666666666664,866.8333333333334,1030.1666666666667,1030.1666666666667,257.5416666666667,1731.1583333333335,1731.1583333333335,0.04365112994350283,0.2934166666666667
2639,44.55555555555556,54.72222222222222,54.72222222222222,53.833333333333336,28.5,53.05555555555556,935.6666666666667,1149.1666666666667,1149.1666666666667,287.2916666666667,1877.9250000000002,1877.9250000000002,0.04869350282485876,0.318292372881356
2640,37.333333333333336,47.166666666666664,47.166666666666664,46.111111111111114,22.72222222222222,45.5,784.0,990.5,990.5,247.625,1580.425,1580.425,0.041970338983050845,0.2678686440677966
2641,34.27777777777778,46.5,46.5,45.5,23.88888888888889,47.388888888888886,719.8333333333334,976.5,976.5,244.125,1467.8416666666667,1467.8416666666667,0.0413771186440678,0.24878672316384182
2642,34.888888888888886,50.388888888888886,50.388888888888886,49.388888888888886,25.61111111111111,42.77777777777778,732.6666666666666,1058.1666666666665,1058.1666666666665,264.54166666666663,1510.0749999999998,1510.0749999999998,0.04483757062146892,0.25594491525423724
2643,44.55555555555556,52.0,52.0,51.611111111111114,24.88888888888889,59.77777777777778,935.6666666666667,1092.0,1092.0,273.0,1863.6333333333334,1863.6333333333334,0.046271186440677965,0.31587005649717514
2644,39.333333333333336,40.44444444444444,40.44444444444444,39.77777777777778,20.055555555555557,46.833333333333336,826.0,849.3333333333333,849.3333333333333,212.33333333333331,1616.5333333333333,1616.5333333333333,0.03598870056497175,0.27398870056497177
2645,47.0,44.05555555555556,44.05555555555556,43.111111111111114,22.11111111111111,52.55555555555556,987.0,925.1666666666667,925.1666666666667,231.29166666666669,1909.1916666666666,1909.1916666666666,0.03920197740112995,0.3235918079096045
2646,43.333333333333336,51.666666666666664,51.666666666666664,51.44444444444444,25.88888888888889,58.44444444444444,910.0,1085.0,1085.0,271.25,1818.25,1818.25,0.04597457627118644,0.3081779661016949
2647,47.72222222222222,65.0,65.0,63.55555555555556,32.05555555555556,65.11111111111111,1002.1666666666666,1365.0,1365.0,341.25,2044.9333333333332,2044.9333333333332,0.057838983050847455,0.34659887005649714
2648,40.5,51.05555555555556,51.05555555555556,50.5,25.333333333333332,48.111111111111114,850.5,1072.1666666666667,1072.1666666666667,268.0416666666667,1713.8916666666667,1713.8916666666667,0.04543079096045198,0.2904901129943503
2649,56.5,63.27777777777778,63.27777777777778,62.27777777777778,30.333333333333332,73.77777777777777,1186.5,1328.8333333333333,1328.8333333333333,332.2083333333333,2349.258333333333,2349.258333333333,0.05630649717514124,0.39817937853107344
2650,53.166666666666664,47.77777777777778,47.77777777777778,47.55555555555556,24.27777777777778,61.05555555555556,1116.5,1003.3333333333334,1003.3333333333334,250.83333333333334,2148.883333333333,2148.883333333333,0.04251412429378531,0.36421751412429376
2651,44.22222222222222,50.0,50.0,49.666666666666664,23.666666666666668,56.44444444444444,928.6666666666666,1050.0,1050.0,262.5,1841.2333333333331,1841.2333333333331,0.04449152542372881,0.3120734463276836
2652,32.72222222222222,41.55555555555556,41.55555555555556,41.22222222222222,20.944444444444443,38.611111111111114,687.1666666666666,872.6666666666667,872.6666666666667,218.16666666666669,1386.35,1386.35,0.03697740112994351,0.23497457627118642
2653,34.666666666666664,49.611111111111114,49.611111111111114,49.0,25.666666666666668,45.22222222222222,728.0,1041.8333333333335,1041.8333333333335,260.45833333333337,1498.0583333333334,1498.0583333333334,0.04414548022598871,0.2539081920903955
2654,44.22222222222222,55.05555555555556,55.05555555555556,53.833333333333336,27.61111111111111,55.833333333333336,928.6666666666666,1156.1666666666667,1156.1666666666667,289.0416666666667,1867.7749999999999,1867.7749999999999,0.048990112994350285,0.31657203389830507
2655,34.333333333333336,48.611111111111114,48.611111111111114,47.72222222222222,22.27777777777778,43.77777777777778,721.0,1020.8333333333334,1020.8333333333334,255.20833333333334,1480.9083333333333,1480.9083333333333,0.043255649717514125,0.2510014124293785
2656,37.72222222222222,42.0,42.0,41.55555555555556,22.055555555555557,42.333333333333336,792.1666666666666,882.0,882.0,220.5,1567.1833333333332,1567.1833333333332,0.037372881355932204,0.2656242937853107
2657,44.27777777777778,55.833333333333336,55.833333333333336,54.77777777777778,27.5,53.05555555555556,929.8333333333334,1172.5,1172.5,293.125,1873.8416666666667,1873.8416666666667,0.04968220338983051,0.3176002824858757
2658,62.333333333333336,65.11111111111111,65.11111111111111,64.94444444444444,33.72222222222222,68.11111111111111,1309.0,1367.3333333333335,1367.3333333333335,341.83333333333337,2567.133333333333,2567.133333333333,0.05793785310734464,0.43510734463276834
2659,39.833333333333336,38.888888888888886,38.888888888888886,39.166666666666664,21.0,43.77777777777778,836.5,816.6666666666666,816.6666666666666,204.16666666666666,1626.2166666666667,1626.2166666666667,0.0346045197740113,0.2756299435028249
2660,48.05555555555556,58.888888888888886,58.888888888888886,58.44444444444444,29.38888888888889,57.44444444444444,1009.1666666666667,1236.6666666666665,1236.6666666666665,309.16666666666663,2024.75,2024.75,0.052401129943502815,0.34317796610169493
2661,37.22222222222222,51.611111111111114,51.611111111111114,50.666666666666664,25.666666666666668,45.77777777777778,781.6666666666666,1083.8333333333335,1083.8333333333335,270.95833333333337,1599.7916666666665,1599.7916666666665,0.04592514124293786,0.2711511299435028
2662,41.0,48.55555555555556,48.55555555555556,47.27777777777778,22.0,50.888888888888886,861.0,1019.6666666666667,1019.6666666666667,254.91666666666669,1718.6166666666668,1718.6166666666668,0.04320621468926554,0.29129096045197744
2663,45.111111111111114,42.55555555555556,42.55555555555556,42.166666666666664,20.555555555555557,54.77777777777778,947.3333333333334,893.6666666666667,893.6666666666667,223.41666666666669,1833.8833333333334,1833.8833333333334,0.037867231638418083,0.31082768361581925
2664,37.72222222222222,53.333333333333336,53.333333333333336,52.55555555555556,27.0,46.77777777777778,792.1666666666666,1120.0,1120.0,280.0,1626.6833333333332,1626.6833333333332,0.04745762711864407,0.27570903954802256
2665,34.666666666666664,42.888888888888886,42.888888888888886,43.0,22.055555555555557,41.611111111111114,728.0,900.6666666666666,900.6666666666666,225.16666666666666,1462.7666666666667,1462.7666666666667,0.038163841807909604,0.2479265536723164
2666,40.5,52.44444444444444,52.44444444444444,51.72222222222222,27.11111111111111,48.05555555555556,850.5,1101.3333333333333,1101.3333333333333,275.3333333333333,1721.1833333333332,1721.1833333333332,0.04666666666666666,0.29172598870056493
2667,50.05555555555556,49.833333333333336,49.833333333333336,49.333333333333336,23.944444444444443,54.0,1051.1666666666667,1046.5,1046.5,261.625,2048.6083333333336,2048.6083333333336,0.04434322033898305,0.34722175141242945
2668,51.666666666666664,65.72222222222223,65.72222222222223,65.61111111111111,34.05555555555556,64.5,1085.0,1380.1666666666667,1380.1666666666667,345.0416666666667,2189.5416666666665,2189.5416666666665,0.0584816384180791,0.37110875706214685
2669,49.0,68.0,68.0,67.16666666666667,33.27777777777778,67.16666666666667,1029.0,1428.0,1428.0,357.0,2106.3,2106.3,0.06050847457627118,0.35700000000000004
2670,44.44444444444444,54.888888888888886,54.888888888888886,54.666666666666664,27.833333333333332,56.77777777777778,933.3333333333333,1152.6666666666665,1152.6666666666665,288.16666666666663,1874.833333333333,1874.833333333333,0.04884180790960451,0.31776836158192084
2671,32.44444444444444,38.611111111111114,38.611111111111114,38.05555555555556,19.61111111111111,47.611111111111114,681.3333333333333,810.8333333333334,810.8333333333334,202.70833333333334,1360.9749999999997,1360.9749999999997,0.034357344632768363,0.23067372881355927
2672,37.0,50.22222222222222,50.22222222222222,49.0,25.61111111111111,44.166666666666664,777.0,1054.6666666666667,1054.6666666666667,263.6666666666667,1584.5666666666666,1584.5666666666666,0.044689265536723165,0.2685706214689265
2673,58.611111111111114,58.166666666666664,58.166666666666664,56.94444444444444,27.61111111111111,68.33333333333333,1230.8333333333335,1221.5,1221.5,305.375,2397.791666666667,2397.791666666667,0.05175847457627119,0.40640536723163845
2674,34.27777777777778,39.27777777777778,39.27777777777778,39.22222222222222,20.333333333333332,40.5,719.8333333333334,824.8333333333334,824.8333333333334,206.20833333333334,1429.925,1429.925,0.03495056497175141,0.24236016949152542
2675,44.72222222222222,53.333333333333336,53.333333333333336,52.5,26.055555555555557,51.55555555555556,939.1666666666666,1120.0,1120.0,280.0,1876.5833333333333,1876.5833333333333,0.04745762711864407,0.3180649717514124
2676,48.5,59.333333333333336,59.333333333333336,58.27777777777778,29.77777777777778,55.333333333333336,1018.5,1246.0,1246.0,311.5,2042.95,2042.95,0.052796610169491526,0.34626271186440677
2677,44.611111111111114,42.5,42.5,42.27777777777778,21.38888888888889,55.05555555555556,936.8333333333334,892.5,892.5,223.125,1815.7416666666668,1815.7416666666668,0.03781779661016949,0.3077528248587571
2678,51.05555555555556,57.72222222222222,57.72222222222222,57.72222222222222,28.22222222222222,62.44444444444444,1072.1666666666667,1212.1666666666667,1212.1666666666667,303.0416666666667,2125.725,2125.725,0.051362994350282486,0.3602923728813559
2679,54.888888888888886,58.5,58.5,57.77777777777778,29.27777777777778,64.16666666666667,1152.6666666666665,1228.5,1228.5,307.125,2266.658333333333,2266.658333333333,0.05205508474576271,0.38417937853107337
2680,45.0,54.0,54.0,53.22222222222222,26.61111111111111,52.05555555555556,945.0,1134.0,1134.0,283.5,1890.0,1890.0,0.04805084745762712,0.32033898305084746
2681,37.666666666666664,51.388888888888886,51.388888888888886,49.888888888888886,26.77777777777778,43.0,791.0,1079.1666666666665,1079.1666666666665,269.79166666666663,1614.4916666666668,1614.4916666666668,0.045727401129943494,0.27364265536723165
2682,50.05555555555556,53.5,53.5,52.55555555555556,26.0,69.05555555555556,1051.1666666666667,1123.5,1123.5,280.875,2067.8583333333336,2067.8583333333336,0.04760593220338983,0.3504844632768362
2683,45.22222222222222,58.166666666666664,58.166666666666664,56.666666666666664,26.166666666666668,56.388888888888886,949.6666666666666,1221.5,1221.5,305.375,1919.8083333333332,1919.8083333333332,0.05175847457627119,0.3253912429378531
2684,41.333333333333336,52.111111111111114,52.111111111111114,50.72222222222222,24.72222222222222,51.22222222222222,868.0,1094.3333333333335,1094.3333333333335,273.58333333333337,1749.1833333333334,1749.1833333333334,0.04637005649717515,0.2964717514124294
2685,46.22222222222222,52.27777777777778,52.27777777777778,52.388888888888886,26.555555555555557,55.166666666666664,970.6666666666666,1097.8333333333333,1097.8333333333333,274.4583333333333,1924.5916666666665,1924.5916666666665,0.0465183615819209,0.3262019774011299
2686,50.22222222222222,57.611111111111114,57.611111111111114,56.833333333333336,27.61111111111111,58.333333333333336,1054.6666666666667,1209.8333333333335,1209.8333333333335,302.45833333333337,2095.391666666667,2095.391666666667,0.05126412429378532,0.35515112994350284
2687,48.05555555555556,56.888888888888886,56.888888888888886,56.833333333333336,27.055555555555557,63.55555555555556,1009.1666666666667,1194.6666666666665,1194.6666666666665,298.66666666666663,2014.25,2014.25,0.05062146892655366,0.3413983050847458
2688,46.611111111111114,48.0,48.0,47.05555555555556,23.72222222222222,52.55555555555556,978.8333333333334,1008.0,1008.0,252.0,1916.0166666666667,1916.0166666666667,0.04271186440677966,0.32474858757062147
2689,46.611111111111114,56.666666666666664,56.666666666666664,55.72222222222222,27.11111111111111,57.22222222222222,978.8333333333334,1190.0,1190.0,297.5,1961.5166666666667,1961.5166666666667,0.050423728813559325,0.33246045197740115
2690,42.55555555555556,50.22222222222222,50.22222222222222,50.388888888888886,25.944444444444443,52.333333333333336,893.6666666666667,1054.6666666666667,1054.6666666666667,263.6666666666667,1782.9,1782.9,0.044689265536723165,0.30218644067796613
2691,49.611111111111114,53.94444444444444,53.94444444444444,53.5,26.166666666666668,56.27777777777778,1041.8333333333335,1132.8333333333333,1132.8333333333333,283.2083333333333,2054.3250000000003,2054.3250000000003,0.048001412429378526,0.34819067796610176
2692,48.833333333333336,59.666666666666664,59.666666666666664,59.5,29.666666666666668,57.72222222222222,1025.5,1253.0,1253.0,313.25,2056.6,2056.6,0.05309322033898305,0.3485762711864407
2693,44.111111111111114,46.27777777777778,46.27777777777778,45.888888888888886,23.27777777777778,46.55555555555556,926.3333333333334,971.8333333333334,971.8333333333334,242.95833333333334,1817.725,1817.725,0.041179378531073445,0.3080889830508474
2694,46.666666666666664,54.22222222222222,54.22222222222222,53.22222222222222,27.666666666666668,56.611111111111114,980.0,1138.6666666666667,1138.6666666666667,284.6666666666667,1950.6666666666667,1950.6666666666667,0.04824858757062147,0.3306214689265537
2695,53.5,55.72222222222222,55.72222222222222,55.333333333333336,27.22222222222222,61.27777777777778,1123.5,1170.1666666666667,1170.1666666666667,292.5416666666667,2202.491666666667,2202.491666666667,0.04958333333333333,0.3733036723163842
2696,48.05555555555556,55.833333333333336,55.833333333333336,54.77777777777778,26.666666666666668,60.77777777777778,1009.1666666666667,1172.5,1172.5,293.125,2008.7083333333335,2008.7083333333335,0.04968220338983051,0.34045903954802265
2697,50.166666666666664,50.666666666666664,50.666666666666664,50.27777777777778,24.5,61.94444444444444,1053.5,1064.0,1064.0,266.0,2056.95,2056.95,0.04508474576271186,0.34863559322033894
2698,45.833333333333336,51.888888888888886,51.888888888888886,51.5,26.833333333333332,53.333333333333336,962.5,1089.6666666666665,1089.6666666666665,272.41666666666663,1908.6666666666665,1908.6666666666665,0.04617231638418078,0.32350282485875703
2699,53.94444444444444,59.111111111111114,59.111111111111114,59.111111111111114,29.444444444444443,59.333333333333336,1132.8333333333333,1241.3333333333335,1241.3333333333335,310.33333333333337,2236.1499999999996,2236.1499999999996,0.05259887005649718,0.3790084745762711
2700,42.72222222222222,43.888888888888886,43.888888888888886,43.111111111111114,22.333333333333332,51.0,897.1666666666666,921.6666666666666,921.6666666666666,230.41666666666666,1755.6,1755.6,0.03905367231638418,0.2975593220338983
2701,34.55555555555556,53.05555555555556,53.05555555555556,52.388888888888886,27.77777777777778,43.05555555555556,725.6666666666667,1114.1666666666667,1114.1666666666667,278.5416666666667,1512.1750000000002,1512.1750000000002,0.04721045197740113,0.25630084745762716
2702,46.833333333333336,61.27777777777778,61.27777777777778,61.44444444444444,32.22222222222222,55.833333333333336,983.5,1286.8333333333333,1286.8333333333333,321.7083333333333,1993.6583333333333,1993.6583333333333,0.05452683615819209,0.33790819209039547
2703,47.333333333333336,54.72222222222222,54.72222222222222,53.388888888888886,26.72222222222222,59.77777777777778,994.0,1149.1666666666667,1149.1666666666667,287.2916666666667,1977.0916666666667,1977.0916666666667,0.04869350282485876,0.3351002824858757
2704,48.27777777777778,43.44444444444444,43.44444444444444,43.166666666666664,20.555555555555557,51.833333333333336,1013.8333333333334,912.3333333333333,912.3333333333333,228.08333333333331,1951.6,1951.6,0.03865819209039548,0.3307796610169491
2705,47.888888888888886,56.55555555555556,56.55555555555556,56.388888888888886,27.055555555555557,59.05555555555556,1005.6666666666666,1187.6666666666667,1187.6666666666667,296.9166666666667,2006.55,2006.55,0.05032485875706215,0.34009322033898304
2706,51.05555555555556,57.55555555555556,57.55555555555556,56.888888888888886,29.11111111111111,62.388888888888886,1072.1666666666667,1208.6666666666667,1208.6666666666667,302.1666666666667,2124.85,2124.85,0.051214689265536725,0.3601440677966102
2707,54.72222222222222,57.166666666666664,57.166666666666664,56.72222222222222,27.833333333333332,68.33333333333333,1149.1666666666667,1200.5,1200.5,300.125,2253.7083333333335,2253.7083333333335,0.05086864406779661,0.38198446327683616
2708,44.111111111111114,52.77777777777778,52.77777777777778,52.611111111111114,25.61111111111111,56.44444444444444,926.3333333333334,1108.3333333333333,1108.3333333333333,277.0833333333333,1851.85,1851.85,0.04696327683615819,0.31387288135593217
2709,33.44444444444444,45.94444444444444,45.94444444444444,45.05555555555556,21.88888888888889,42.666666666666664,702.3333333333333,964.8333333333333,964.8333333333333,241.20833333333331,1435.1749999999997,1435.1749999999997,0.04088276836158192,0.24324999999999997
2710,47.666666666666664,51.94444444444444,51.94444444444444,51.27777777777778,24.666666666666668,58.388888888888886,1001.0,1090.8333333333333,1090.8333333333333,272.7083333333333,1974.4083333333333,1974.4083333333333,0.046221751412429374,0.3346454802259887
2711,39.666666666666664,46.166666666666664,46.166666666666664,44.72222222222222,21.88888888888889,51.5,833.0,969.5,969.5,242.375,1658.475,1658.475,0.04108050847457627,0.28109745762711863
2712,56.22222222222222,52.333333333333336,52.333333333333336,51.44444444444444,24.555555555555557,65.05555555555556,1180.6666666666667,1099.0,1099.0,274.75,2281.883333333333,2281.883333333333,0.04656779661016949,0.38675988700564967
2713,38.72222222222222,49.77777777777778,49.77777777777778,48.72222222222222,26.055555555555557,47.888888888888886,813.1666666666666,1045.3333333333333,1045.3333333333333,261.3333333333333,1643.7166666666665,1643.7166666666665,0.04429378531073446,0.27859604519774006
2714,45.666666666666664,55.77777777777778,55.77777777777778,55.72222222222222,27.5,56.666666666666664,959.0,1171.3333333333333,1171.3333333333333,292.8333333333333,1923.1333333333332,1923.1333333333332,0.04963276836158192,0.325954802259887
2715,42.166666666666664,46.666666666666664,46.666666666666664,45.888888888888886,23.666666666666668,50.5,885.5,980.0,980.0,245.0,1750.35,1750.35,0.04152542372881356,0.2966694915254237
2716,46.44444444444444,52.611111111111114,52.611111111111114,52.72222222222222,24.27777777777778,55.5,975.3333333333333,1104.8333333333335,1104.8333333333335,276.20833333333337,1934.275,1934.275,0.046814971751412436,0.32784322033898305
2717,49.72222222222222,58.833333333333336,58.833333333333336,58.888888888888886,30.055555555555557,59.22222222222222,1044.1666666666667,1235.5,1235.5,308.875,2083.9583333333335,2083.9583333333335,0.05235169491525424,0.3532132768361582
2718,50.833333333333336,60.72222222222222,60.72222222222222,60.22222222222222,30.72222222222222,63.77777777777778,1067.5,1275.1666666666667,1275.1666666666667,318.7916666666667,2133.5416666666665,2133.5416666666665,0.05403248587570622,0.3616172316384181
2719,51.388888888888886,47.22222222222222,47.22222222222222,46.5,21.833333333333332,62.44444444444444,1079.1666666666665,991.6666666666666,991.6666666666666,247.91666666666666,2082.4999999999995,2082.4999999999995,0.042019774011299436,0.35296610169491516
2720,41.55555555555556,59.05555555555556,59.05555555555556,58.833333333333336,30.0,54.111111111111114,872.6666666666667,1240.1666666666667,1240.1666666666667,310.0416666666667,1793.5750000000003,1793.5750000000003,0.05254943502824859,0.30399576271186446
2721,43.5,54.611111111111114,54.611111111111114,54.55555555555556,27.833333333333332,54.77777777777778,913.5,1146.8333333333335,1146.8333333333335,286.70833333333337,1839.6583333333333,1839.6583333333333,0.04859463276836159,0.31180649717514125
2722,29.77777777777778,40.388888888888886,40.388888888888886,39.55555555555556,20.38888888888889,41.27777777777778,625.3333333333334,848.1666666666666,848.1666666666666,212.04166666666666,1275.1083333333333,1275.1083333333333,0.035939265536723164,0.21612005649717514
2723,61.388888888888886,70.55555555555556,70.55555555555556,70.05555555555556,34.111111111111114,78.05555555555556,1289.1666666666665,1481.6666666666667,1481.6666666666667,370.4166666666667,2561.9999999999995,2561.9999999999995,0.06278248587570621,0.43423728813559315
2724,40.94444444444444,43.833333333333336,43.833333333333336,43.166666666666664,21.666666666666668,48.77777777777778,859.8333333333333,920.5,920.5,230.125,1691.8416666666665,1691.8416666666665,0.039004237288135596,0.286752824858757
2725,41.94444444444444,51.94444444444444,51.94444444444444,51.44444444444444,25.72222222222222,52.611111111111114,880.8333333333333,1090.8333333333333,1090.8333333333333,272.7083333333333,1770.1249999999998,1770.1249999999998,0.046221751412429374,0.30002118644067793
2726,47.888888888888886,66.88888888888889,66.88888888888889,65.22222222222223,31.555555555555557,60.22222222222222,1005.6666666666666,1404.6666666666665,1404.6666666666665,351.16666666666663,2060.7999999999997,2060.7999999999997,0.05951977401129943,0.3492881355932203
2727,37.44444444444444,41.611111111111114,41.611111111111114,40.55555555555556,18.5,45.888888888888886,786.3333333333333,873.8333333333334,873.8333333333334,218.45833333333334,1555.2249999999997,1555.2249999999997,0.03702683615819209,0.2635974576271186
2728,37.888888888888886,44.0,44.0,42.55555555555556,20.11111111111111,42.05555555555556,795.6666666666666,924.0,924.0,231.0,1583.6333333333332,1583.6333333333332,0.039152542372881356,0.26841242937853105
2729,30.27777777777778,42.611111111111114,42.611111111111114,41.888888888888886,21.944444444444443,40.111111111111114,635.8333333333334,894.8333333333334,894.8333333333334,223.70833333333334,1304.625,1304.625,0.03791666666666667,0.2211228813559322
2730,54.77777777777778,54.388888888888886,54.388888888888886,53.94444444444444,28.5,63.22222222222222,1150.3333333333333,1142.1666666666665,1142.1666666666665,285.54166666666663,2241.108333333333,2241.108333333333,0.04839689265536722,0.37984887005649715
2731,64.61111111111111,69.66666666666667,69.66666666666667,68.88888888888889,34.0,82.5,1356.8333333333335,1463.0,1463.0,365.75,2672.366666666667,2672.366666666667,0.061991525423728815,0.4529435028248588
2732,41.611111111111114,53.05555555555556,53.05555555555556,52.94444444444444,25.38888888888889,52.77777777777778,873.8333333333334,1114.1666666666667,1114.1666666666667,278.5416666666667,1764.0583333333334,1764.0583333333334,0.04721045197740113,0.2989929378531074
2733,34.166666666666664,45.0,45.0,44.22222222222222,22.333333333333332,40.333333333333336,717.5,945.0,945.0,236.25,1456.0,1456.0,0.04004237288135593,0.24677966101694915
2734,43.72222222222222,40.05555555555556,40.05555555555556,39.111111111111114,18.166666666666668,55.111111111111114,918.1666666666666,841.1666666666667,841.1666666666667,210.29166666666669,1771.175,1771.175,0.03564265536723164,0.3001991525423729
2735,39.55555555555556,42.5,42.5,41.27777777777778,20.166666666666668,44.22222222222222,830.6666666666667,892.5,892.5,223.125,1635.2583333333334,1635.2583333333334,0.03781779661016949,0.2771624293785311
2736,33.55555555555556,40.72222222222222,40.72222222222222,39.333333333333336,20.5,36.833333333333336,704.6666666666667,855.1666666666666,855.1666666666666,213.79166666666666,1411.7250000000001,1411.7250000000001,0.036235875706214685,0.23927542372881358
2737,56.55555555555556,55.833333333333336,55.833333333333336,55.0,25.61111111111111,74.83333333333333,1187.6666666666667,1172.5,1172.5,293.125,2312.1583333333333,2312.1583333333333,0.04968220338983051,0.3918912429378531
2738,44.44444444444444,43.72222222222222,43.72222222222222,42.77777777777778,20.72222222222222,51.44444444444444,933.3333333333333,918.1666666666666,918.1666666666666,229.54166666666666,1816.2083333333333,1816.2083333333333,0.03890536723163841,0.3078319209039548
2739,52.0,59.44444444444444,59.44444444444444,58.833333333333336,28.72222222222222,66.88888888888889,1092.0,1248.3333333333333,1248.3333333333333,312.0833333333333,2168.483333333333,2168.483333333333,0.052895480225988695,0.36753954802259886
2740,46.77777777777778,50.44444444444444,50.44444444444444,50.05555555555556,24.833333333333332,60.166666666666664,982.3333333333334,1059.3333333333333,1059.3333333333333,264.8333333333333,1934.8,1934.8,0.04488700564971751,0.3279322033898305
2741,38.22222222222222,49.94444444444444,49.94444444444444,49.27777777777778,23.444444444444443,46.0,802.6666666666666,1048.8333333333333,1048.8333333333333,262.2083333333333,1626.7416666666666,1626.7416666666666,0.04444209039548022,0.2757189265536723
2742,31.166666666666668,45.333333333333336,45.333333333333336,44.05555555555556,21.88888888888889,39.05555555555556,654.5,952.0,952.0,238.0,1350.6499999999999,1350.6499999999999,0.04033898305084746,0.2289237288135593
2743,53.388888888888886,57.333333333333336,57.333333333333336,56.111111111111114,27.333333333333332,64.83333333333333,1121.1666666666665,1204.0,1204.0,301.0,2206.983333333333,2206.983333333333,0.051016949152542374,0.3740649717514124
2744,45.611111111111114,53.94444444444444,53.94444444444444,52.388888888888886,25.833333333333332,58.22222222222222,957.8333333333334,1132.8333333333333,1132.8333333333333,283.2083333333333,1911.5249999999999,1911.5249999999999,0.048001412429378526,0.3239872881355932
2745,50.05555555555556,55.611111111111114,55.611111111111114,54.833333333333336,27.88888888888889,61.5,1051.1666666666667,1167.8333333333335,1167.8333333333335,291.95833333333337,2078.9416666666666,2078.9416666666666,0.049484463276836164,0.35236299435028245
2746,45.05555555555556,46.27777777777778,46.27777777777778,45.94444444444444,22.72222222222222,50.5,946.1666666666667,971.8333333333334,971.8333333333334,242.95833333333334,1851.4416666666666,1851.4416666666666,0.041179378531073445,0.3138036723163842
2747,48.77777777777778,53.333333333333336,53.333333333333336,52.111111111111114,25.72222222222222,64.11111111111111,1024.3333333333333,1120.0,1120.0,280.0,2021.3666666666666,2021.3666666666666,0.04745762711864407,0.3426045197740113
2748,55.44444444444444,60.166666666666664,60.166666666666664,59.833333333333336,29.22222222222222,64.77777777777777,1164.3333333333333,1263.5,1263.5,315.875,2295.241666666667,2295.241666666667,0.05353813559322034,0.38902401129943504
2749,53.05555555555556,50.0,50.0,49.388888888888886,22.27777777777778,68.5,1114.1666666666667,1050.0,1050.0,262.5,2156.5833333333335,2156.5833333333335,0.04449152542372881,0.3655225988700565
2750,52.22222222222222,71.77777777777777,71.77777777777777,71.94444444444444,36.94444444444444,66.94444444444444,1096.6666666666667,1507.3333333333333,1507.3333333333333,376.8333333333333,2241.166666666667,2241.166666666667,0.06387005649717514,0.37985875706214695
2751,39.0,39.55555555555556,39.55555555555556,39.27777777777778,20.11111111111111,42.111111111111114,819.0,830.6666666666667,830.6666666666667,207.66666666666669,1599.9666666666667,1599.9666666666667,0.035197740112994355,0.271180790960452
2752,49.44444444444444,56.666666666666664,56.666666666666664,55.55555555555556,27.5,56.888888888888886,1038.3333333333333,1190.0,1190.0,297.5,2062.6666666666665,2062.6666666666665,0.050423728813559325,0.34960451977401125
2753,37.27777777777778,54.5,54.5,53.888888888888886,27.166666666666668,49.94444444444444,782.8333333333334,1144.5,1144.5,286.125,1616.9416666666666,1616.9416666666666,0.048495762711864406,0.27405790960451976
2754,43.44444444444444,56.44444444444444,56.44444444444444,56.27777777777778,29.166666666666668,51.05555555555556,912.3333333333333,1185.3333333333333,1185.3333333333333,296.3333333333333,1847.2999999999997,1847.2999999999997,0.050225988700564966,0.3131016949152542
2755,50.388888888888886,53.111111111111114,53.111111111111114,51.5,25.61111111111111,57.44444444444444,1058.1666666666665,1115.3333333333335,1115.3333333333335,278.83333333333337,2077.7166666666662,2077.7166666666662,0.047259887005649724,0.35215536723163837
2756,49.333333333333336,60.666666666666664,60.666666666666664,60.611111111111114,31.666666666666668,59.27777777777778,1036.0,1274.0,1274.0,318.5,2079.7,2079.7,0.05398305084745763,0.3524915254237288
2757,41.388888888888886,64.05555555555556,64.05555555555556,63.166666666666664,31.27777777777778,52.5,869.1666666666666,1345.1666666666667,1345.1666666666667,336.2916666666667,1813.875,1813.875,0.05699858757062147,0.3074364406779661
2758,28.5,34.22222222222222,34.22222222222222,33.05555555555556,16.0,33.94444444444444,598.5,718.6666666666666,718.6666666666666,179.66666666666666,1197.1166666666666,1197.1166666666666,0.030451977401129943,0.20290112994350282
2759,38.333333333333336,50.388888888888886,50.388888888888886,49.22222222222222,23.555555555555557,50.22222222222222,805.0,1058.1666666666665,1058.1666666666665,264.54166666666663,1633.0416666666665,1633.0416666666665,0.04483757062146892,0.2767867231638418
2760,43.22222222222222,53.888888888888886,53.888888888888886,53.27777777777778,26.944444444444443,52.333333333333336,907.6666666666666,1131.6666666666665,1131.6666666666665,282.91666666666663,1825.9499999999998,1825.9499999999998,0.047951977401129935,0.3094830508474576
2761,43.44444444444444,45.111111111111114,45.111111111111114,44.55555555555556,22.166666666666668,49.55555555555556,912.3333333333333,947.3333333333334,947.3333333333334,236.83333333333334,1787.7999999999997,1787.7999999999997,0.04014124293785311,0.30301694915254235
2762,54.333333333333336,63.0,63.0,62.5,29.11111111111111,69.44444444444444,1141.0,1323.0,1323.0,330.75,2270.45,2270.45,0.0560593220338983,0.38482203389830505
2763,46.888888888888886,63.611111111111114,63.611111111111114,63.166666666666664,32.333333333333336,61.888888888888886,984.6666666666666,1335.8333333333335,1335.8333333333335,333.95833333333337,2007.8916666666664,2007.8916666666664,0.05660310734463277,0.3403206214689265
2764,45.72222222222222,39.111111111111114,39.111111111111114,37.44444444444444,19.166666666666668,46.888888888888886,960.1666666666666,821.3333333333334,821.3333333333334,205.33333333333334,1837.6166666666666,1837.6166666666666,0.03480225988700565,0.31146045197740113
2765,47.55555555555556,64.61111111111111,64.61111111111111,64.22222222222223,32.05555555555556,67.16666666666667,998.6666666666667,1356.8333333333335,1356.8333333333335,339.20833333333337,2036.9416666666666,2036.9416666666666,0.05749293785310735,0.34524435028248585
2766,49.111111111111114,66.83333333333333,66.83333333333333,65.66666666666667,32.333333333333336,65.33333333333333,1031.3333333333335,1403.5,1403.5,350.875,2104.141666666667,2104.141666666667,0.05947033898305085,0.3566341807909605
2767,48.27777777777778,46.72222222222222,46.72222222222222,46.333333333333336,24.444444444444443,54.0,1013.8333333333334,981.1666666666666,981.1666666666666,245.29166666666666,1968.8083333333334,1968.8083333333334,0.04157485875706215,0.33369632768361585
2768,48.388888888888886,54.5,54.5,53.72222222222222,28.11111111111111,56.888888888888886,1016.1666666666666,1144.5,1144.5,286.125,2013.6083333333331,2013.6083333333331,0.048495762711864406,0.3412895480225988
2769,45.888888888888886,48.05555555555556,48.05555555555556,47.5,24.11111111111111,59.166666666666664,963.6666666666666,1009.1666666666667,1009.1666666666667,252.29166666666669,1890.5249999999999,1890.5249999999999,0.04276129943502825,0.3204279661016949
2770,46.77777777777778,62.44444444444444,62.44444444444444,61.333333333333336,31.27777777777778,64.11111111111111,982.3333333333334,1311.3333333333333,1311.3333333333333,327.8333333333333,1997.8,1997.8,0.05556497175141242,0.3386101694915254
2771,22.11111111111111,27.72222222222222,27.72222222222222,26.166666666666668,14.166666666666666,27.333333333333332,464.3333333333333,582.1666666666666,582.1666666666666,145.54166666666666,934.9083333333332,934.9083333333332,0.024668079096045195,0.15845903954802257
2772,42.611111111111114,52.666666666666664,52.666666666666664,51.888888888888886,26.27777777777778,48.166666666666664,894.8333333333334,1106.0,1106.0,276.5,1797.7166666666667,1797.7166666666667,0.046864406779661014,0.30469774011299433
2773,42.55555555555556,47.166666666666664,47.166666666666664,47.388888888888886,24.27777777777778,48.611111111111114,893.6666666666667,990.5,990.5,247.625,1766.8583333333333,1766.8583333333333,0.041970338983050845,0.2994675141242938
2774,38.888888888888886,37.72222222222222,37.72222222222222,37.44444444444444,17.833333333333332,49.666666666666664,816.6666666666666,792.1666666666666,792.1666666666666,198.04166666666666,1586.375,1586.375,0.033566384180790956,0.26887711864406777
2775,46.666666666666664,52.666666666666664,52.666666666666664,52.333333333333336,25.166666666666668,60.666666666666664,980.0,1106.0,1106.0,276.5,1942.5,1942.5,0.046864406779661014,0.3292372881355932
2776,42.888888888888886,42.333333333333336,42.333333333333336,42.166666666666664,21.38888888888889,51.72222222222222,900.6666666666666,889.0,889.0,222.25,1753.3833333333332,1753.3833333333332,0.03766949152542373,0.29718361581920905
2777,44.27777777777778,39.333333333333336,39.333333333333336,38.72222222222222,18.88888888888889,51.27777777777778,929.8333333333334,826.0,826.0,206.5,1787.2166666666667,1787.2166666666667,0.035,0.3029180790960452
2778,50.55555555555556,50.666666666666664,50.666666666666664,49.833333333333336,24.22222222222222,58.888888888888886,1061.6666666666667,1064.0,1064.0,266.0,2070.8333333333335,2070.8333333333335,0.04508474576271186,0.3509887005649718
2779,38.55555555555556,58.611111111111114,58.611111111111114,57.5,29.88888888888889,47.111111111111114,809.6666666666667,1230.8333333333335,1230.8333333333335,307.70833333333337,1684.1416666666669,1684.1416666666669,0.05215395480225989,0.2854477401129944
2780,34.111111111111114,44.611111111111114,44.611111111111114,44.22222222222222,23.444444444444443,38.833333333333336,716.3333333333334,936.8333333333334,936.8333333333334,234.20833333333334,1451.975,1451.975,0.03969632768361582,0.24609745762711863
2781,38.333333333333336,60.5,60.5,59.888888888888886,30.5,48.44444444444444,805.0,1270.5,1270.5,317.625,1686.125,1686.125,0.05383474576271186,0.28578389830508477
2782,41.166666666666664,63.05555555555556,63.05555555555556,62.333333333333336,31.0,52.333333333333336,864.5,1324.1666666666667,1324.1666666666667,331.0416666666667,1800.6916666666666,1800.6916666666666,0.056108757062146894,0.3052019774011299
2783,60.611111111111114,59.5,59.5,58.833333333333336,28.166666666666668,71.27777777777777,1272.8333333333335,1249.5,1249.5,312.375,2476.191666666667,2476.191666666667,0.052944915254237286,0.41969350282485884
2784,34.55555555555556,42.55555555555556,42.55555555555556,41.27777777777778,20.555555555555557,40.05555555555556,725.6666666666667,893.6666666666667,893.6666666666667,223.41666666666669,1457.0500000000002,1457.0500000000002,0.037867231638418083,0.2469576271186441
2785,44.888888888888886,51.94444444444444,51.94444444444444,51.27777777777778,25.333333333333332,53.666666666666664,942.6666666666666,1090.8333333333333,1090.8333333333333,272.7083333333333,1875.2416666666666,1875.2416666666666,0.046221751412429374,0.3178375706214689
2786,38.166666666666664,52.888888888888886,52.888888888888886,52.388888888888886,26.666666666666668,45.55555555555556,801.5,1110.6666666666665,1110.6666666666665,277.66666666666663,1640.2166666666667,1640.2166666666667,0.04706214689265536,0.27800282485875705
2787,27.11111111111111,43.77777777777778,43.77777777777778,43.44444444444444,22.944444444444443,33.05555555555556,569.3333333333334,919.3333333333334,919.3333333333334,229.83333333333334,1197.7,1197.7,0.038954802259887004,0.203
2788,40.55555555555556,46.27777777777778,46.27777777777778,45.166666666666664,22.333333333333332,52.94444444444444,851.6666666666667,971.8333333333334,971.8333333333334,242.95833333333334,1690.7916666666667,1690.7916666666667,0.041179378531073445,0.2865748587570622
2789,51.611111111111114,63.888888888888886,63.888888888888886,63.22222222222222,32.111111111111114,63.5,1083.8333333333335,1341.6666666666665,1341.6666666666665,335.41666666666663,2177.9333333333334,2177.9333333333334,0.0568502824858757,0.3691412429378531
2790,41.388888888888886,47.44444444444444,47.44444444444444,47.05555555555556,22.833333333333332,49.833333333333336,869.1666666666666,996.3333333333333,996.3333333333333,249.08333333333331,1726.6666666666665,1726.6666666666665,0.04221751412429378,0.2926553672316384
2791,35.333333333333336,36.72222222222222,36.72222222222222,36.333333333333336,17.72222222222222,42.5,742.0,771.1666666666666,771.1666666666666,192.79166666666666,1454.1916666666666,1454.1916666666666,0.03267655367231638,0.2464731638418079
2792,51.666666666666664,46.388888888888886,46.388888888888886,45.27777777777778,22.72222222222222,61.05555555555556,1085.0,974.1666666666666,974.1666666666666,243.54166666666666,2088.0416666666665,2088.0416666666665,0.04127824858757062,0.3539053672316384
2793,47.888888888888886,47.666666666666664,47.666666666666664,47.666666666666664,22.61111111111111,60.22222222222222,1005.6666666666666,1001.0,1001.0,250.25,1959.8833333333332,1959.8833333333332,0.04241525423728813,0.332183615819209
2794,47.5,50.388888888888886,50.388888888888886,50.388888888888886,24.38888888888889,60.611111111111114,997.5,1058.1666666666665,1058.1666666666665,264.54166666666663,1960.2916666666665,1960.2916666666665,0.04483757062146892,0.332252824858757
2795,47.166666666666664,50.388888888888886,50.388888888888886,49.611111111111114,24.11111111111111,57.166666666666664,990.5,1058.1666666666665,1058.1666666666665,264.54166666666663,1948.3916666666664,1948.3916666666664,0.04483757062146892,0.33023587570621465
2796,33.77777777777778,56.94444444444444,56.94444444444444,56.0,28.333333333333332,43.333333333333336,709.3333333333334,1195.8333333333333,1195.8333333333333,298.9583333333333,1504.825,1504.825,0.050670903954802254,0.2550550847457627
2797,38.77777777777778,46.611111111111114,46.611111111111114,45.72222222222222,22.833333333333332,47.111111111111114,814.3333333333334,978.8333333333334,978.8333333333334,244.70833333333334,1629.075,1629.075,0.04147598870056497,0.27611440677966104
2798,48.22222222222222,58.388888888888886,58.388888888888886,57.72222222222222,29.88888888888889,59.666666666666664,1012.6666666666666,1226.1666666666665,1226.1666666666665,306.54166666666663,2028.0749999999998,2028.0749999999998,0.05195621468926553,0.34374152542372877
2799,48.888888888888886,61.5,61.5,61.166666666666664,31.27777777777778,58.111111111111114,1026.6666666666665,1291.5,1291.5,322.875,2068.208333333333,2068.208333333333,0.05472457627118644,0.35054378531073443
2800,50.166666666666664,60.833333333333336,60.833333333333336,59.333333333333336,28.944444444444443,62.333333333333336,1053.5,1277.5,1277.5,319.375,2110.325,2110.325,0.05413135593220339,0.3576822033898305
2801,52.5,46.111111111111114,46.111111111111114,46.0,23.22222222222222,55.94444444444444,1102.5,968.3333333333334,968.3333333333334,242.08333333333334,2116.3333333333335,2116.3333333333335,0.041031073446327684,0.35870056497175146
2802,54.94444444444444,56.666666666666664,56.666666666666664,56.5,28.72222222222222,65.11111111111111,1153.8333333333333,1190.0,1190.0,297.5,2259.0166666666664,2259.0166666666664,0.050423728813559325,0.3828841807909604
2803,48.611111111111114,49.888888888888886,49.888888888888886,48.666666666666664,24.333333333333332,51.55555555555556,1020.8333333333334,1047.6666666666665,1047.6666666666665,261.91666666666663,1997.3333333333335,1997.3333333333335,0.04439265536723163,0.3385310734463277
2804,38.22222222222222,39.05555555555556,39.05555555555556,39.05555555555556,19.333333333333332,46.05555555555556,802.6666666666666,820.1666666666667,820.1666666666667,205.04166666666669,1569.575,1569.575,0.03475282485875707,0.26602966101694914
2805,50.333333333333336,55.611111111111114,55.611111111111114,55.333333333333336,26.38888888888889,58.05555555555556,1057.0,1167.8333333333335,1167.8333333333335,291.95833333333337,2088.858333333333,2088.858333333333,0.049484463276836164,0.35404378531073444
2806,41.05555555555556,57.05555555555556,57.05555555555556,56.0,28.38888888888889,55.388888888888886,862.1666666666667,1198.1666666666667,1198.1666666666667,299.5416666666667,1765.2250000000001,1765.2250000000001,0.05076977401129944,0.2991906779661017
2807,47.666666666666664,59.333333333333336,59.333333333333336,59.27777777777778,28.944444444444443,64.55555555555556,1001.0,1246.0,1246.0,311.5,2013.2,2013.2,0.052796610169491526,0.3412203389830509
2808,38.05555555555556,60.111111111111114,60.111111111111114,59.388888888888886,29.88888888888889,54.333333333333336,799.1666666666667,1262.3333333333335,1262.3333333333335,315.58333333333337,1674.166666666667,1674.166666666667,0.05348870056497176,0.2837570621468927
2809,46.5,43.5,43.5,42.55555555555556,20.61111111111111,50.05555555555556,976.5,913.5,913.5,228.375,1888.425,1888.425,0.03870762711864407,0.3200720338983051
2810,32.166666666666664,44.666666666666664,44.666666666666664,44.22222222222222,22.38888888888889,40.333333333333336,675.5,938.0,938.0,234.5,1382.85,1382.85,0.039745762711864405,0.23438135593220338
2811,57.0,63.166666666666664,63.166666666666664,62.77777777777778,29.88888888888889,68.16666666666667,1197.0,1326.5,1326.5,331.625,2366.5249999999996,2366.5249999999996,0.05620762711864407,0.40110593220338975
2812,43.166666666666664,55.611111111111114,55.611111111111114,55.72222222222222,28.444444444444443,53.44444444444444,906.5,1167.8333333333335,1167.8333333333335,291.95833333333337,1833.0083333333332,1833.0083333333332,0.049484463276836164,0.3106793785310734
2813,34.72222222222222,41.5,41.5,40.388888888888886,19.166666666666668,46.5,729.1666666666666,871.5,871.5,217.875,1457.4583333333333,1457.4583333333333,0.036927966101694916,0.24702683615819207
2814,43.44444444444444,55.44444444444444,55.44444444444444,55.388888888888886,28.666666666666668,52.388888888888886,912.3333333333333,1164.3333333333333,1164.3333333333333,291.0833333333333,1842.0499999999997,1842.0499999999997,0.04933615819209039,0.3122118644067796
2815,51.888888888888886,51.833333333333336,51.833333333333336,51.166666666666664,25.666666666666668,64.83333333333333,1089.6666666666665,1088.5,1088.5,272.125,2124.558333333333,2124.558333333333,0.046122881355932205,0.3600946327683615
2816,38.666666666666664,49.388888888888886,49.388888888888886,49.333333333333336,25.666666666666668,51.0,812.0,1037.1666666666665,1037.1666666666665,259.29166666666663,1639.6916666666666,1639.6916666666666,0.04394774011299434,0.27791384180790957
2817,43.611111111111114,56.666666666666664,56.666666666666664,55.44444444444444,27.72222222222222,54.27777777777778,915.8333333333334,1190.0,1190.0,297.5,1854.4166666666667,1854.4166666666667,0.050423728813559325,0.31430790960451976
2818,41.27777777777778,48.388888888888886,48.388888888888886,48.22222222222222,24.22222222222222,53.666666666666664,866.8333333333334,1016.1666666666666,1016.1666666666666,254.04166666666666,1727.6583333333335,1727.6583333333335,0.04305790960451977,0.29282344632768365
2819,50.05555555555556,46.888888888888886,46.888888888888886,46.333333333333336,22.944444444444443,59.666666666666664,1051.1666666666667,984.6666666666666,984.6666666666666,246.16666666666666,2033.15,2033.15,0.04172316384180791,0.3446016949152543
2820,47.5,56.05555555555556,56.05555555555556,55.55555555555556,26.61111111111111,58.166666666666664,997.5,1177.1666666666667,1177.1666666666667,294.2916666666667,1990.0416666666667,1990.0416666666667,0.04987994350282486,0.337295197740113
2821,44.55555555555556,52.388888888888886,52.388888888888886,51.833333333333336,25.77777777777778,57.166666666666664,935.6666666666667,1100.1666666666665,1100.1666666666665,275.04166666666663,1865.6750000000002,1865.6750000000002,0.04661723163841807,0.31621610169491526
2822,51.5,67.11111111111111,67.11111111111111,66.94444444444444,32.55555555555556,68.66666666666667,1081.5,1409.3333333333335,1409.3333333333335,352.33333333333337,2190.883333333333,2190.883333333333,0.05971751412429379,0.37133615819209037
2823,46.55555555555556,67.05555555555556,67.05555555555556,66.72222222222223,33.22222222222222,68.05555555555556,977.6666666666667,1408.1666666666667,1408.1666666666667,352.0416666666667,2014.0750000000003,2014.0750000000003,0.0596680790960452,0.34136864406779666
2824,55.27777777777778,69.5,69.5,68.55555555555556,33.111111111111114,69.94444444444444,1160.8333333333333,1459.5,1459.5,364.875,2338.2916666666665,2338.2916666666665,0.061843220338983054,0.39632062146892655
2825,46.72222222222222,65.0,65.0,64.5,32.0,64.44444444444444,981.1666666666666,1365.0,1365.0,341.25,2009.2333333333331,2009.2333333333331,0.057838983050847455,0.34054802259887
2826,47.0,55.5,55.5,54.888888888888886,27.166666666666668,56.833333333333336,987.0,1165.5,1165.5,291.375,1969.2749999999999,1969.2749999999999,0.04938559322033898,0.3337754237288135
2827,36.0,35.72222222222222,35.72222222222222,34.833333333333336,16.11111111111111,40.55555555555556,756.0,750.1666666666666,750.1666666666666,187.54166666666666,1472.7416666666668,1472.7416666666668,0.031786723163841804,0.2496172316384181
2828,47.55555555555556,63.72222222222222,63.72222222222222,63.833333333333336,33.333333333333336,60.0,998.6666666666667,1338.1666666666667,1338.1666666666667,334.5416666666667,2032.275,2032.275,0.05670197740112995,0.3444533898305085
2829,44.888888888888886,54.166666666666664,54.166666666666664,53.111111111111114,27.22222222222222,52.888888888888886,942.6666666666666,1137.5,1137.5,284.375,1886.9083333333333,1886.9083333333333,0.048199152542372885,0.31981497175141244
2830,35.166666666666664,53.27777777777778,53.27777777777778,52.111111111111114,25.666666666666668,48.44444444444444,738.5,1118.8333333333333,1118.8333333333333,279.7083333333333,1535.1583333333333,1535.1583333333333,0.04740819209039548,0.26019632768361584
2831,45.888888888888886,52.05555555555556,52.05555555555556,51.94444444444444,26.38888888888889,51.5,963.6666666666666,1093.1666666666667,1093.1666666666667,273.2916666666667,1911.5249999999999,1911.5249999999999,0.04632062146892656,0.3239872881355932
2832,46.22222222222222,56.388888888888886,56.388888888888886,55.833333333333336,27.77777777777778,56.888888888888886,970.6666666666666,1184.1666666666665,1184.1666666666665,296.04166666666663,1946.1749999999997,1946.1749999999997,0.050176553672316375,0.32986016949152536
2833,45.333333333333336,49.77777777777778,49.77777777777778,48.888888888888886,23.444444444444443,55.0,952.0,1045.3333333333333,1045.3333333333333,261.3333333333333,1879.7333333333331,1879.7333333333331,0.04429378531073446,0.3185988700564971
2834,53.111111111111114,67.77777777777777,67.77777777777777,67.88888888888889,33.666666666666664,71.22222222222223,1115.3333333333335,1423.3333333333333,1423.3333333333333,355.8333333333333,2251.9,2251.9,0.06031073446327683,0.3816779661016949
2835,45.22222222222222,55.166666666666664,55.166666666666664,54.611111111111114,27.944444444444443,51.0,949.6666666666666,1158.5,1158.5,289.625,1904.0583333333332,1904.0583333333332,0.04908898305084746,0.32272175141242937
2836,52.27777777777778,53.94444444444444,53.94444444444444,52.94444444444444,24.88888888888889,63.44444444444444,1097.8333333333333,1132.8333333333333,1132.8333333333333,283.2083333333333,2149.5249999999996,2149.5249999999996,0.048001412429378526,0.3643262711864406
2837,37.94444444444444,53.666666666666664,53.666666666666664,53.27777777777778,27.166666666666668,48.77777777777778,796.8333333333333,1127.0,1127.0,281.75,1636.3666666666666,1636.3666666666666,0.04775423728813559,0.2773502824858757
2838,44.0,43.333333333333336,43.333333333333336,42.666666666666664,21.38888888888889,53.5,924.0,910.0,910.0,227.5,1798.3,1798.3,0.03855932203389831,0.3047966101694915
2839,48.55555555555556,50.05555555555556,50.05555555555556,49.833333333333336,23.72222222222222,58.611111111111114,1019.6666666666667,1051.1666666666667,1051.1666666666667,262.7916666666667,1996.2250000000001,1996.2250000000001,0.044540960451977404,0.33834322033898306
2840,50.888888888888886,49.388888888888886,49.388888888888886,48.72222222222222,24.5,60.166666666666664,1068.6666666666665,1037.1666666666665,1037.1666666666665,259.29166666666663,2076.0249999999996,2076.0249999999996,0.04394774011299434,0.35186864406779655
2841,53.22222222222222,51.111111111111114,51.111111111111114,51.05555555555556,23.333333333333332,65.66666666666667,1117.6666666666667,1073.3333333333335,1073.3333333333335,268.33333333333337,2168.366666666667,2168.366666666667,0.04548022598870057,0.3675197740112995
2842,39.333333333333336,39.833333333333336,39.833333333333336,39.333333333333336,19.11111111111111,48.77777777777778,826.0,836.5,836.5,209.125,1613.325,1613.325,0.03544491525423729,0.2734449152542373
2843,44.166666666666664,52.44444444444444,52.44444444444444,51.05555555555556,24.166666666666668,51.94444444444444,927.5,1101.3333333333333,1101.3333333333333,275.3333333333333,1852.0833333333333,1852.0833333333333,0.04666666666666666,0.3139124293785311
2844,38.27777777777778,49.77777777777778,49.77777777777778,49.333333333333336,25.833333333333332,42.72222222222222,803.8333333333334,1045.3333333333333,1045.3333333333333,261.3333333333333,1627.85,1627.85,0.04429378531073446,0.27590677966101695
2845,32.94444444444444,48.833333333333336,48.833333333333336,48.388888888888886,24.38888888888889,45.166666666666664,691.8333333333333,1025.5,1025.5,256.375,1432.4916666666666,1432.4916666666666,0.043453389830508476,0.242795197740113
2846,42.166666666666664,44.666666666666664,44.666666666666664,43.27777777777778,21.38888888888889,47.611111111111114,885.5,938.0,938.0,234.5,1739.85,1739.85,0.039745762711864405,0.29488983050847456
2847,46.05555555555556,54.833333333333336,54.833333333333336,53.77777777777778,26.27777777777778,59.833333333333336,967.1666666666667,1151.5,1151.5,287.875,1932.0583333333334,1932.0583333333334,0.04879237288135593,0.3274675141242938
2848,58.611111111111114,54.666666666666664,54.666666666666664,53.833333333333336,25.166666666666668,72.5,1230.8333333333335,1148.0,1148.0,287.0,2379.416666666667,2379.416666666667,0.04864406779661017,0.40329096045197743
2849,39.72222222222222,46.833333333333336,46.833333333333336,46.27777777777778,23.0,46.27777777777778,834.1666666666666,983.5,983.5,245.875,1663.9583333333333,1663.9583333333333,0.041673728813559324,0.2820268361581921
2850,38.166666666666664,51.44444444444444,51.44444444444444,50.5,25.77777777777778,48.0,801.5,1080.3333333333333,1080.3333333333333,270.0833333333333,1632.6333333333332,1632.6333333333332,0.045776836158192086,0.27671751412429374
2851,42.5,53.111111111111114,53.111111111111114,52.5,25.055555555555557,53.72222222222222,892.5,1115.3333333333335,1115.3333333333335,278.83333333333337,1796.0833333333335,1796.0833333333335,0.047259887005649724,0.3044209039548023
2852,43.166666666666664,55.44444444444444,55.44444444444444,55.0,28.666666666666668,49.388888888888886,906.5,1164.3333333333333,1164.3333333333333,291.0833333333333,1832.1333333333332,1832.1333333333332,0.04933615819209039,0.3105310734463277
2853,56.666666666666664,56.72222222222222,56.72222222222222,57.0,27.88888888888889,71.66666666666667,1190.0,1191.1666666666667,1191.1666666666667,297.7916666666667,2320.7916666666665,2320.7916666666665,0.05047316384180791,0.39335451977401126
2854,40.611111111111114,51.833333333333336,51.833333333333336,51.22222222222222,26.0,48.388888888888886,852.8333333333334,1088.5,1088.5,272.125,1721.9416666666666,1721.9416666666666,0.046122881355932205,0.2918545197740113
2855,50.72222222222222,53.55555555555556,53.55555555555556,53.388888888888886,26.27777777777778,61.666666666666664,1065.1666666666667,1124.6666666666667,1124.6666666666667,281.1666666666667,2091.95,2091.95,0.04765536723163842,0.35456779661016946
2856,42.55555555555556,48.77777777777778,48.77777777777778,48.388888888888886,24.5,52.5,893.6666666666667,1024.3333333333333,1024.3333333333333,256.0833333333333,1775.3166666666666,1775.3166666666666,0.043403954802259885,0.3009011299435028
2857,36.166666666666664,37.166666666666664,37.166666666666664,37.27777777777778,18.72222222222222,37.333333333333336,759.5,780.5,780.5,195.125,1486.2749999999999,1486.2749999999999,0.033072033898305084,0.2519110169491525
2858,42.94444444444444,43.388888888888886,43.388888888888886,43.0,21.0,51.111111111111114,901.8333333333333,911.1666666666666,911.1666666666666,227.79166666666666,1760.9083333333333,1760.9083333333333,0.03860875706214689,0.2984590395480226
2859,36.94444444444444,43.666666666666664,43.666666666666664,43.5,21.555555555555557,45.77777777777778,775.8333333333333,917.0,917.0,229.25,1548.1666666666665,1548.1666666666665,0.03885593220338983,0.2624011299435028
2860,45.611111111111114,56.0,56.0,55.666666666666664,26.61111111111111,59.0,957.8333333333334,1176.0,1176.0,294.0,1922.3166666666666,1922.3166666666666,0.04983050847457627,0.32581638418079095
2861,54.111111111111114,65.5,65.5,64.72222222222223,32.72222222222222,67.27777777777777,1136.3333333333335,1375.5,1375.5,343.875,2275.641666666667,2275.641666666667,0.05828389830508474,0.38570197740113
2862,52.111111111111114,48.72222222222222,48.72222222222222,48.27777777777778,23.833333333333332,66.0,1094.3333333333335,1023.1666666666666,1023.1666666666666,255.79166666666666,2116.1583333333333,2116.1583333333333,0.0433545197740113,0.3586709039548023
2863,50.05555555555556,49.833333333333336,49.833333333333336,49.666666666666664,24.61111111111111,54.833333333333336,1051.1666666666667,1046.5,1046.5,261.625,2048.6083333333336,2048.6083333333336,0.04434322033898305,0.34722175141242945
2864,33.55555555555556,53.888888888888886,53.888888888888886,53.833333333333336,28.555555555555557,47.72222222222222,704.6666666666667,1131.6666666666665,1131.6666666666665,282.91666666666663,1480.85,1480.85,0.047951977401129935,0.2509915254237288
2865,52.72222222222222,61.333333333333336,61.333333333333336,61.888888888888886,30.88888888888889,66.72222222222223,1107.1666666666667,1288.0,1288.0,322.0,2204.1833333333334,2204.1833333333334,0.05457627118644068,0.373590395480226
2866,43.388888888888886,46.0,46.0,45.333333333333336,22.555555555555557,59.166666666666664,911.1666666666666,966.0,966.0,241.5,1790.4833333333331,1790.4833333333331,0.04093220338983051,0.3034717514124293
2867,47.27777777777778,56.5,56.5,56.5,27.333333333333332,58.5,992.8333333333334,1186.5,1186.5,296.625,1984.4416666666666,1984.4416666666666,0.05027542372881356,0.3363460451977401
2868,44.888888888888886,50.94444444444444,50.94444444444444,50.166666666666664,23.5,53.27777777777778,942.6666666666666,1069.8333333333333,1069.8333333333333,267.4583333333333,1869.9916666666666,1869.9916666666666,0.0453319209039548,0.3169477401129943
2869,35.5,47.55555555555556,47.55555555555556,46.44444444444444,24.5,42.72222222222222,745.5,998.6666666666667,998.6666666666667,249.66666666666669,1517.0166666666667,1517.0166666666667,0.042316384180790964,0.2571214689265537
2870,52.55555555555556,61.22222222222222,61.22222222222222,61.05555555555556,30.333333333333332,67.5,1103.6666666666667,1285.6666666666667,1285.6666666666667,321.4166666666667,2197.65,2197.65,0.05447740112994351,0.37248305084745764
2871,42.77777777777778,57.72222222222222,57.72222222222222,57.388888888888886,28.0,55.166666666666664,898.3333333333334,1212.1666666666667,1212.1666666666667,303.0416666666667,1830.2083333333335,1830.2083333333335,0.051362994350282486,0.31020480225988706
2872,39.05555555555556,52.666666666666664,52.666666666666664,52.44444444444444,26.88888888888889,45.666666666666664,820.1666666666667,1106.0,1106.0,276.5,1670.7833333333335,1670.7833333333335,0.046864406779661014,0.2831836158192091
2873,39.55555555555556,47.5,47.5,45.888888888888886,22.5,50.22222222222222,830.6666666666667,997.5,997.5,249.375,1661.5083333333334,1661.5083333333334,0.04226694915254237,0.28161158192090396
2874,49.22222222222222,54.888888888888886,54.888888888888886,54.888888888888886,27.88888888888889,56.5,1033.6666666666667,1152.6666666666665,1152.6666666666665,288.16666666666663,2045.4,2045.4,0.04884180790960451,0.34667796610169493
2875,51.55555555555556,59.5,59.5,59.05555555555556,29.61111111111111,59.55555555555556,1082.6666666666667,1249.5,1249.5,312.375,2152.9083333333333,2152.9083333333333,0.052944915254237286,0.3648997175141243
2876,42.0,51.55555555555556,51.55555555555556,51.111111111111114,25.61111111111111,51.94444444444444,882.0,1082.6666666666667,1082.6666666666667,270.6666666666667,1770.0666666666666,1770.0666666666666,0.04587570621468927,0.30001129943502824
2877,34.388888888888886,37.77777777777778,37.77777777777778,37.888888888888886,19.27777777777778,39.77777777777778,722.1666666666666,793.3333333333334,793.3333333333334,198.33333333333334,1426.0166666666664,1426.0166666666664,0.03361581920903955,0.2416977401129943
2878,46.55555555555556,55.77777777777778,55.77777777777778,55.666666666666664,28.77777777777778,53.94444444444444,977.6666666666667,1171.3333333333333,1171.3333333333333,292.8333333333333,1954.8666666666668,1954.8666666666668,0.04963276836158192,0.33133333333333337
2879,47.888888888888886,50.22222222222222,50.22222222222222,48.55555555555556,23.555555555555557,61.388888888888886,1005.6666666666666,1054.6666666666667,1054.6666666666667,263.6666666666667,1973.3,1973.3,0.044689265536723165,0.3344576271186441
2880,35.5,51.27777777777778,51.27777777777778,50.44444444444444,25.666666666666668,39.833333333333336,745.5,1076.8333333333333,1076.8333333333333,269.2083333333333,1536.5583333333332,1536.5583333333332,0.045628531073446325,0.260433615819209
2881,55.22222222222222,65.61111111111111,65.61111111111111,65.11111111111111,33.5,71.27777777777777,1159.6666666666667,1377.8333333333335,1377.8333333333335,344.45833333333337,2315.891666666667,2315.891666666667,0.058382768361581926,0.39252401129943504
2882,42.77777777777778,45.72222222222222,45.72222222222222,45.05555555555556,21.555555555555557,52.888888888888886,898.3333333333334,960.1666666666666,960.1666666666666,240.04166666666666,1767.2083333333335,1767.2083333333335,0.04068502824858757,0.2995268361581921
2883,48.888888888888886,47.94444444444444,47.94444444444444,48.388888888888886,23.5,57.27777777777778,1026.6666666666665,1006.8333333333333,1006.8333333333333,251.70833333333331,1997.0416666666663,1997.0416666666663,0.04266242937853107,0.33848163841807904
2884,56.0,66.94444444444444,66.94444444444444,66.66666666666667,33.166666666666664,71.38888888888889,1176.0,1405.8333333333333,1405.8333333333333,351.4583333333333,2350.6583333333333,2350.6583333333333,0.05956920903954802,0.39841666666666664
2885,31.11111111111111,36.94444444444444,36.94444444444444,36.77777777777778,19.666666666666668,34.5,653.3333333333334,775.8333333333333,775.8333333333333,193.95833333333331,1304.625,1304.625,0.03287429378531073,0.2211228813559322
2886,24.88888888888889,28.833333333333332,28.833333333333332,28.61111111111111,14.38888888888889,30.11111111111111,522.6666666666666,605.5,605.5,151.375,1039.9083333333333,1039.9083333333333,0.02565677966101695,0.17625564971751412
2887,36.55555555555556,60.72222222222222,60.72222222222222,59.888888888888886,28.72222222222222,49.111111111111114,767.6666666666667,1275.1666666666667,1275.1666666666667,318.7916666666667,1623.8250000000003,1623.8250000000003,0.05403248587570622,0.27522457627118646
2888,47.22222222222222,45.0,45.0,44.27777777777778,22.38888888888889,53.55555555555556,991.6666666666666,945.0,945.0,236.25,1922.0833333333333,1922.0833333333333,0.04004237288135593,0.3257768361581921
2889,45.5,56.27777777777778,56.27777777777778,56.05555555555556,28.333333333333332,60.5,955.5,1181.8333333333333,1181.8333333333333,295.4583333333333,1919.8083333333332,1919.8083333333332,0.050077683615819206,0.3253912429378531
2890,49.22222222222222,50.94444444444444,50.94444444444444,50.333333333333336,24.88888888888889,58.72222222222222,1033.6666666666667,1069.8333333333333,1069.8333333333333,267.4583333333333,2024.6916666666666,2024.6916666666666,0.0453319209039548,0.3431680790960452
2891,36.0,51.111111111111114,51.111111111111114,51.0,27.0,38.27777777777778,756.0,1073.3333333333335,1073.3333333333335,268.33333333333337,1553.5333333333333,1553.5333333333333,0.04548022598870057,0.26331073446327685
2892,47.111111111111114,64.38888888888889,64.38888888888889,63.666666666666664,31.833333333333332,60.888888888888886,989.3333333333334,1352.1666666666665,1352.1666666666665,338.04166666666663,2019.9083333333333,2019.9083333333333,0.05729519774011299,0.34235734463276835
2893,38.44444444444444,51.888888888888886,51.888888888888886,50.888888888888886,26.055555555555557,45.611111111111114,807.3333333333333,1089.6666666666665,1089.6666666666665,272.41666666666663,1644.8833333333332,1644.8833333333332,0.04617231638418078,0.27879378531073445
2894,43.94444444444444,58.111111111111114,58.111111111111114,57.27777777777778,29.27777777777778,51.94444444444444,922.8333333333333,1220.3333333333335,1220.3333333333335,305.08333333333337,1873.9,1873.9,0.051709039548022605,0.31761016949152543
2895,31.5,46.166666666666664,46.166666666666664,46.333333333333336,23.72222222222222,40.44444444444444,661.5,969.5,969.5,242.375,1366.925,1366.925,0.04108050847457627,0.2316822033898305
2896,42.05555555555556,50.388888888888886,50.388888888888886,49.5,24.944444444444443,53.888888888888886,883.1666666666667,1058.1666666666665,1058.1666666666665,264.54166666666663,1765.9250000000002,1765.9250000000002,0.04483757062146892,0.2993093220338983
2897,40.27777777777778,48.5,48.5,48.111111111111114,24.944444444444443,48.333333333333336,845.8333333333334,1018.5,1018.5,254.625,1692.5416666666667,1692.5416666666667,0.04315677966101695,0.2868714689265537
2898,52.111111111111114,50.44444444444444,50.44444444444444,49.77777777777778,25.11111111111111,56.55555555555556,1094.3333333333335,1059.3333333333333,1059.3333333333333,264.8333333333333,2125.2000000000003,2125.2000000000003,0.04488700564971751,0.36020338983050854
2899,34.44444444444444,55.27777777777778,55.27777777777778,54.22222222222222,27.61111111111111,45.27777777777778,723.3333333333333,1160.8333333333333,1160.8333333333333,290.2083333333333,1519.8749999999998,1519.8749999999998,0.04918785310734463,0.2576059322033898
2900,49.5,53.833333333333336,53.833333333333336,53.22222222222222,27.5,56.72222222222222,1039.5,1130.5,1130.5,282.625,2049.7749999999996,2049.7749999999996,0.04790254237288136,0.3474194915254237
2901,40.888888888888886,53.388888888888886,53.388888888888886,53.44444444444444,27.166666666666668,48.388888888888886,858.6666666666666,1121.1666666666665,1121.1666666666665,280.29166666666663,1740.0249999999996,1740.0249999999996,0.04750706214689265,0.2949194915254237
2902,42.111111111111114,57.388888888888886,57.388888888888886,56.55555555555556,27.11111111111111,57.5,884.3333333333334,1205.1666666666665,1205.1666666666665,301.29166666666663,1804.6583333333333,1804.6583333333333,0.05106638418079095,0.3058742937853107
2903,43.27777777777778,53.55555555555556,53.55555555555556,53.166666666666664,25.444444444444443,56.55555555555556,908.8333333333334,1124.6666666666667,1124.6666666666667,281.1666666666667,1826.1833333333334,1826.1833333333334,0.04765536723163842,0.3095225988700565
2904,55.666666666666664,56.666666666666664,56.666666666666664,55.888888888888886,27.77777777777778,64.88888888888889,1169.0,1190.0,1190.0,297.5,2284.8,2284.8,0.050423728813559325,0.3872542372881356
2905,49.888888888888886,47.0,47.0,47.111111111111114,24.0,61.22222222222222,1047.6666666666665,987.0,987.0,246.75,2027.783333333333,2027.783333333333,0.041822033898305085,0.3436920903954802
2906,31.11111111111111,42.111111111111114,42.111111111111114,42.44444444444444,21.38888888888889,36.833333333333336,653.3333333333334,884.3333333333334,884.3333333333334,221.08333333333334,1331.75,1331.75,0.03747175141242938,0.22572033898305086
2907,50.27777777777778,53.888888888888886,53.888888888888886,53.166666666666664,26.0,67.83333333333333,1055.8333333333333,1131.6666666666665,1131.6666666666665,282.91666666666663,2077.833333333333,2077.833333333333,0.047951977401129935,0.3521751412429378
2908,55.22222222222222,50.888888888888886,50.888888888888886,50.888888888888886,24.055555555555557,62.27777777777778,1159.6666666666667,1068.6666666666665,1068.6666666666665,267.16666666666663,2238.6,2238.6,0.045282485875706206,0.3794237288135593
2909,49.666666666666664,60.5,60.5,60.611111111111114,30.22222222222222,58.72222222222222,1043.0,1270.5,1270.5,317.625,2090.725,2090.725,0.05383474576271186,0.35436016949152543
2910,57.333333333333336,53.77777777777778,53.77777777777778,53.333333333333336,25.166666666666668,69.94444444444444,1204.0,1129.3333333333333,1129.3333333333333,282.3333333333333,2329.133333333333,2329.133333333333,0.047853107344632766,0.39476836158192086
2911,45.5,52.333333333333336,52.333333333333336,52.166666666666664,25.27777777777778,51.388888888888886,955.5,1099.0,1099.0,274.75,1899.1,1899.1,0.04656779661016949,0.32188135593220335
2912,44.5,53.111111111111114,53.111111111111114,52.72222222222222,26.11111111111111,58.0,934.5,1115.3333333333335,1115.3333333333335,278.83333333333337,1867.4833333333331,1867.4833333333331,0.047259887005649724,0.31652259887005646
2913,37.27777777777778,39.27777777777778,39.27777777777778,38.44444444444444,17.833333333333332,46.27777777777778,782.8333333333334,824.8333333333334,824.8333333333334,206.20833333333334,1537.0249999999999,1537.0249999999999,0.03495056497175141,0.2605127118644068
2914,37.666666666666664,48.55555555555556,48.55555555555556,47.5,24.166666666666668,42.0,791.0,1019.6666666666667,1019.6666666666667,254.91666666666669,1599.6166666666668,1599.6166666666668,0.04320621468926554,0.2711214689265537
2915,51.05555555555556,56.833333333333336,56.833333333333336,55.77777777777778,27.055555555555557,59.888888888888886,1072.1666666666667,1193.5,1193.5,298.375,2121.0583333333334,2121.0583333333334,0.050572033898305085,0.35950141242937855
2916,30.944444444444443,38.388888888888886,38.388888888888886,38.22222222222222,19.38888888888889,35.111111111111114,649.8333333333333,806.1666666666666,806.1666666666666,201.54166666666666,1306.2583333333332,1306.2583333333332,0.03415960451977401,0.22139971751412427
2917,33.666666666666664,44.72222222222222,44.72222222222222,43.666666666666664,22.555555555555557,42.05555555555556,707.0,939.1666666666666,939.1666666666666,234.79166666666666,1436.6916666666666,1436.6916666666666,0.039795197740112996,0.24350706214689263
2918,46.888888888888886,52.388888888888886,52.388888888888886,51.333333333333336,25.22222222222222,64.5,984.6666666666666,1100.1666666666665,1100.1666666666665,275.04166666666663,1948.975,1948.975,0.04661723163841807,0.3303347457627118
2919,55.94444444444444,53.611111111111114,53.611111111111114,52.888888888888886,26.166666666666668,61.888888888888886,1174.8333333333333,1125.8333333333335,1125.8333333333335,281.45833333333337,2278.6749999999997,2278.6749999999997,0.04770480225988701,0.3862161016949152
2920,51.111111111111114,58.333333333333336,58.333333333333336,57.27777777777778,28.22222222222222,71.66666666666667,1073.3333333333335,1225.0,1225.0,306.25,2130.916666666667,2130.916666666667,0.05190677966101695,0.36117231638418085
2921,49.111111111111114,55.77777777777778,55.77777777777778,54.94444444444444,27.77777777777778,61.5,1031.3333333333335,1171.3333333333333,1171.3333333333333,292.8333333333333,2046.1000000000001,2046.1000000000001,0.04963276836158192,0.34679661016949154
2922,45.0,52.111111111111114,52.111111111111114,51.22222222222222,25.38888888888889,55.888888888888886,945.0,1094.3333333333335,1094.3333333333335,273.58333333333337,1880.0833333333335,1880.0833333333335,0.04637005649717515,0.31865819209039553
2923,54.05555555555556,53.94444444444444,53.94444444444444,53.388888888888886,27.333333333333332,58.05555555555556,1135.1666666666667,1132.8333333333333,1132.8333333333333,283.2083333333333,2212.991666666667,2212.991666666667,0.048001412429378526,0.3750833333333334
2924,42.611111111111114,60.05555555555556,60.05555555555556,59.55555555555556,29.055555555555557,54.44444444444444,894.8333333333334,1261.1666666666667,1261.1666666666667,315.2916666666667,1836.5083333333334,1836.5083333333334,0.053439265536723166,0.31127259887005654
2925,54.0,63.111111111111114,63.111111111111114,62.77777777777778,30.944444444444443,72.5,1134.0,1325.3333333333335,1325.3333333333335,331.33333333333337,2259.133333333333,2259.133333333333,0.056158192090395485,0.38290395480225986
2926,40.72222222222222,42.166666666666664,42.166666666666664,41.77777777777778,20.11111111111111,53.55555555555556,855.1666666666666,885.5,885.5,221.375,1675.1583333333333,1675.1583333333333,0.037521186440677964,0.28392514124293783
2927,46.333333333333336,56.0,56.0,55.44444444444444,28.333333333333332,57.77777777777778,973.0,1176.0,1176.0,294.0,1948.1,1948.1,0.04983050847457627,0.3301864406779661
2928,47.388888888888886,64.72222222222223,64.72222222222223,64.22222222222223,32.55555555555556,59.55555555555556,995.1666666666666,1359.1666666666667,1359.1666666666667,339.7916666666667,2031.575,2031.575,0.057591807909604525,0.3443347457627119
2929,60.72222222222222,57.94444444444444,57.94444444444444,57.833333333333336,28.944444444444443,76.27777777777777,1275.1666666666667,1216.8333333333333,1216.8333333333333,304.2083333333333,2471.991666666667,2471.991666666667,0.05156073446327683,0.4189816384180791
2930,46.166666666666664,70.05555555555556,70.05555555555556,69.38888888888889,35.111111111111114,63.05555555555556,969.5,1471.1666666666667,1471.1666666666667,367.7916666666667,2015.9416666666666,2015.9416666666666,0.06233757062146893,0.34168502824858754
2931,39.611111111111114,57.05555555555556,57.05555555555556,57.166666666666664,29.055555555555557,51.94444444444444,831.8333333333334,1198.1666666666667,1198.1666666666667,299.5416666666667,1713.6583333333335,1713.6583333333335,0.05076977401129944,0.2904505649717514
2932,42.166666666666664,42.888888888888886,42.888888888888886,42.111111111111114,22.11111111111111,55.333333333333336,885.5,900.6666666666666,900.6666666666666,225.16666666666666,1730.5166666666667,1730.5166666666667,0.038163841807909604,0.29330790960451975
2933,50.833333333333336,59.22222222222222,59.22222222222222,58.44444444444444,28.444444444444443,63.55555555555556,1067.5,1243.6666666666667,1243.6666666666667,310.9166666666667,2125.6666666666665,2125.6666666666665,0.05269774011299436,0.3602824858757062
2934,52.5,51.27777777777778,51.27777777777778,51.05555555555556,26.22222222222222,62.44444444444444,1102.5,1076.8333333333333,1076.8333333333333,269.2083333333333,2143.4583333333335,2143.4583333333335,0.045628531073446325,0.36329802259887006
2935,38.05555555555556,43.888888888888886,43.888888888888886,43.166666666666664,21.333333333333332,44.5,799.1666666666667,921.6666666666666,921.6666666666666,230.41666666666666,1589.0000000000002,1589.0000000000002,0.03905367231638418,0.2693220338983051
2936,57.0,56.22222222222222,56.22222222222222,55.611111111111114,27.11111111111111,63.22222222222222,1197.0,1180.6666666666667,1180.6666666666667,295.1666666666667,2330.0666666666666,2330.0666666666666,0.05002824858757062,0.3949265536723164
2937,51.166666666666664,47.388888888888886,47.388888888888886,47.611111111111114,25.5,55.888888888888886,1074.5,995.1666666666666,995.1666666666666,248.79166666666666,2075.4416666666666,2075.4416666666666,0.0421680790960452,0.35176977401129944
2938,51.388888888888886,45.388888888888886,45.388888888888886,44.77777777777778,21.72222222222222,57.55555555555556,1079.1666666666665,953.1666666666666,953.1666666666666,238.29166666666666,2072.8749999999995,2072.8749999999995,0.040388418079096045,0.3513347457627118
2939,52.55555555555556,60.72222222222222,60.72222222222222,60.22222222222222,29.72222222222222,63.666666666666664,1103.6666666666667,1275.1666666666667,1275.1666666666667,318.7916666666667,2195.025,2195.025,0.05403248587570622,0.37203813559322035
2940,53.72222222222222,52.94444444444444,52.94444444444444,53.111111111111114,25.61111111111111,64.77777777777777,1128.1666666666667,1111.8333333333333,1111.8333333333333,277.9583333333333,2195.8416666666667,2195.8416666666667,0.04711158192090395,0.3721765536723164
2941,46.55555555555556,49.05555555555556,49.05555555555556,48.166666666666664,22.666666666666668,56.05555555555556,977.6666666666667,1030.1666666666667,1030.1666666666667,257.5416666666667,1919.5750000000003,1919.5750000000003,0.04365112994350283,0.3253516949152543
2942,40.833333333333336,51.44444444444444,51.44444444444444,50.611111111111114,25.38888888888889,48.0,857.5,1080.3333333333333,1080.3333333333333,270.0833333333333,1727.8333333333333,1727.8333333333333,0.045776836158192086,0.29285310734463277
2943,47.44444444444444,47.77777777777778,47.77777777777778,47.611111111111114,23.666666666666668,50.888888888888886,996.3333333333333,1003.3333333333334,1003.3333333333334,250.83333333333334,1944.5999999999997,1944.5999999999997,0.04251412429378531,0.329593220338983
2944,53.833333333333336,53.0,53.0,52.333333333333336,26.38888888888889,67.66666666666667,1130.5,1113.0,1113.0,278.25,2200.1,2200.1,0.04716101694915254,0.37289830508474575
2945,56.111111111111114,55.22222222222222,55.22222222222222,54.611111111111114,24.833333333333332,69.0,1178.3333333333335,1159.6666666666667,1159.6666666666667,289.9166666666667,2293.0833333333335,2293.0833333333335,0.049138418079096045,0.3886581920903955
2946,43.611111111111114,41.388888888888886,41.388888888888886,40.55555555555556,19.055555555555557,52.833333333333336,915.8333333333334,869.1666666666666,869.1666666666666,217.29166666666666,1774.2083333333335,1774.2083333333335,0.03682909604519774,0.3007132768361582
2947,42.833333333333336,44.0,44.0,42.833333333333336,21.5,53.94444444444444,899.5,924.0,924.0,231.0,1760.1499999999999,1760.1499999999999,0.039152542372881356,0.29833050847457626
2948,48.833333333333336,64.27777777777777,64.27777777777777,63.166666666666664,30.166666666666668,66.0,1025.5,1349.8333333333333,1349.8333333333333,337.4583333333333,2080.8083333333334,2080.8083333333334,0.057196327683615815,0.35267937853107345
2949,39.333333333333336,52.77777777777778,52.77777777777778,52.611111111111114,26.444444444444443,50.55555555555556,826.0,1108.3333333333333,1108.3333333333333,277.0833333333333,1681.2833333333333,1681.2833333333333,0.04696327683615819,0.2849632768361582
2950,47.55555555555556,57.22222222222222,57.22222222222222,56.55555555555556,29.27777777777778,60.888888888888886,998.6666666666667,1201.6666666666667,1201.6666666666667,300.4166666666667,1998.15,1998.15,0.0509180790960452,0.33866949152542375
2951,54.388888888888886,66.22222222222223,66.22222222222223,65.5,33.94444444444444,67.77777777777777,1142.1666666666665,1390.6666666666667,1390.6666666666667,347.6666666666667,2289.3499999999995,2289.3499999999995,0.05892655367231639,0.3880254237288135
2952,49.72222222222222,51.05555555555556,51.05555555555556,50.44444444444444,23.0,61.94444444444444,1044.1666666666667,1072.1666666666667,1072.1666666666667,268.0416666666667,2043.1250000000002,2043.1250000000002,0.04543079096045198,0.34629237288135595
2953,37.111111111111114,52.833333333333336,52.833333333333336,52.55555555555556,26.444444444444443,49.333333333333336,779.3333333333334,1109.5,1109.5,277.375,1602.2416666666668,1602.2416666666668,0.04701271186440678,0.271566384180791
2954,51.44444444444444,54.666666666666664,54.666666666666664,53.94444444444444,25.27777777777778,60.166666666666664,1080.3333333333333,1148.0,1148.0,287.0,2123.5666666666666,2123.5666666666666,0.04864406779661017,0.35992655367231635
2955,43.611111111111114,54.22222222222222,54.22222222222222,53.888888888888886,26.88888888888889,58.666666666666664,915.8333333333334,1138.6666666666667,1138.6666666666667,284.6666666666667,1841.5833333333335,1841.5833333333335,0.04824858757062147,0.31213276836158194
2956,33.611111111111114,39.22222222222222,39.22222222222222,38.22222222222222,18.5,39.77777777777778,705.8333333333334,823.6666666666666,823.6666666666666,205.91666666666666,1405.8333333333335,1405.8333333333335,0.03490112994350282,0.23827683615819212
2957,37.27777777777778,42.22222222222222,42.22222222222222,42.166666666666664,21.5,49.611111111111114,782.8333333333334,886.6666666666666,886.6666666666666,221.66666666666666,1552.4833333333333,1552.4833333333333,0.03757062146892655,0.26313276836158195
2958,48.833333333333336,39.888888888888886,39.888888888888886,39.388888888888886,20.333333333333332,48.94444444444444,1025.5,837.6666666666666,837.6666666666666,209.41666666666666,1952.7666666666667,1952.7666666666667,0.035494350282485876,0.3309774011299435
2959,43.27777777777778,63.111111111111114,63.111111111111114,63.05555555555556,32.388888888888886,52.22222222222222,908.8333333333334,1325.3333333333335,1325.3333333333335,331.33333333333337,1876.35,1876.35,0.056158192090395485,0.31802542372881354
2960,40.5,49.22222222222222,49.22222222222222,47.94444444444444,24.72222222222222,49.55555555555556,850.5,1033.6666666666667,1033.6666666666667,258.4166666666667,1704.2666666666667,1704.2666666666667,0.04379943502824859,0.28885875706214686
2961,49.166666666666664,52.611111111111114,52.611111111111114,52.72222222222222,27.22222222222222,53.833333333333336,1032.5,1104.8333333333335,1104.8333333333335,276.20833333333337,2031.4583333333335,2031.4583333333335,0.046814971751412436,0.34431497175141246
2962,44.22222222222222,55.72222222222222,55.72222222222222,54.94444444444444,27.666666666666668,51.5,928.6666666666666,1170.1666666666667,1170.1666666666667,292.5416666666667,1871.2749999999999,1871.2749999999999,0.04958333333333333,0.3171652542372881
2963,46.27777777777778,54.72222222222222,54.72222222222222,53.22222222222222,26.0,58.166666666666664,971.8333333333334,1149.1666666666667,1149.1666666666667,287.2916666666667,1939.4083333333335,1939.4083333333335,0.04869350282485876,0.32871327683615825
2964,32.0,44.27777777777778,44.27777777777778,43.166666666666664,21.22222222222222,43.888888888888886,672.0,929.8333333333334,929.8333333333334,232.45833333333334,1374.8583333333331,1374.8583333333331,0.03939971751412429,0.23302683615819206
2965,63.55555555555556,61.05555555555556,61.05555555555556,59.94444444444444,28.166666666666668,76.44444444444444,1334.6666666666667,1282.1666666666667,1282.1666666666667,320.5416666666667,2589.475,2589.475,0.05432909604519774,0.43889406779661017
2966,42.55555555555556,38.72222222222222,38.72222222222222,38.888888888888886,19.61111111111111,39.833333333333336,893.6666666666667,813.1666666666666,813.1666666666666,203.29166666666666,1722.525,1722.525,0.03445621468926553,0.2919533898305085
2967,35.55555555555556,50.5,50.5,50.666666666666664,25.833333333333332,43.833333333333336,746.6666666666667,1060.5,1060.5,265.125,1534.4583333333335,1534.4583333333335,0.0449364406779661,0.26007768361581923
2968,45.44444444444444,42.166666666666664,42.166666666666664,41.72222222222222,20.0,54.77777777777778,954.3333333333333,885.5,885.5,221.375,1843.7416666666666,1843.7416666666666,0.037521186440677964,0.31249858757062143
2969,60.333333333333336,57.72222222222222,57.72222222222222,57.44444444444444,27.055555555555557,71.94444444444444,1267.0,1212.1666666666667,1212.1666666666667,303.0416666666667,2456.9416666666666,2456.9416666666666,0.051362994350282486,0.416430790960452
2970,37.111111111111114,37.55555555555556,37.55555555555556,36.388888888888886,16.22222222222222,40.72222222222222,779.3333333333334,788.6666666666667,788.6666666666667,197.16666666666669,1522.0333333333335,1522.0333333333335,0.0334180790960452,0.2579717514124294
2971,40.05555555555556,44.94444444444444,44.94444444444444,44.111111111111114,21.38888888888889,46.72222222222222,841.1666666666667,943.8333333333333,943.8333333333333,235.95833333333331,1665.9416666666666,1665.9416666666666,0.03999293785310734,0.28236299435028245
2972,46.888888888888886,45.05555555555556,45.05555555555556,45.333333333333336,23.666666666666668,47.44444444444444,984.6666666666666,946.1666666666667,946.1666666666667,236.54166666666669,1910.475,1910.475,0.040091807909604524,0.3238093220338983
2973,35.666666666666664,43.94444444444444,43.94444444444444,43.72222222222222,23.444444444444443,42.166666666666664,749.0,922.8333333333333,922.8333333333333,230.70833333333331,1504.0083333333332,1504.0083333333332,0.039103107344632765,0.2549166666666666
2974,56.44444444444444,52.72222222222222,52.72222222222222,51.77777777777778,25.055555555555557,70.61111111111111,1185.3333333333333,1107.1666666666667,1107.1666666666667,276.7916666666667,2291.858333333333,2291.858333333333,0.046913841807909605,0.3884505649717514
2975,54.833333333333336,56.5,56.5,56.22222222222222,26.22222222222222,63.94444444444444,1151.5,1186.5,1186.5,296.625,2254.175,2254.175,0.05027542372881356,0.38206355932203395
2976,49.888888888888886,59.44444444444444,59.44444444444444,59.22222222222222,29.27777777777778,55.94444444444444,1047.6666666666665,1248.3333333333333,1248.3333333333333,312.0833333333333,2093.1166666666663,2093.1166666666663,0.052895480225988695,0.3547655367231638
2977,48.22222222222222,56.72222222222222,56.72222222222222,55.94444444444444,27.055555555555557,67.5,1012.6666666666666,1191.1666666666667,1191.1666666666667,297.7916666666667,2019.325,2019.325,0.05047316384180791,0.3422584745762712
2978,44.388888888888886,48.166666666666664,48.166666666666664,47.72222222222222,24.61111111111111,48.666666666666664,932.1666666666666,1011.5,1011.5,252.875,1837.5583333333332,1837.5583333333332,0.04286016949152542,0.3114505649717514
2979,48.611111111111114,54.666666666666664,54.666666666666664,54.166666666666664,27.055555555555557,60.44444444444444,1020.8333333333334,1148.0,1148.0,287.0,2022.4166666666667,2022.4166666666667,0.04864406779661017,0.3427824858757062
2980,36.111111111111114,47.22222222222222,47.22222222222222,46.05555555555556,24.166666666666668,45.166666666666664,758.3333333333334,991.6666666666666,991.6666666666666,247.91666666666666,1537.0833333333335,1537.0833333333335,0.042019774011299436,0.2605225988700565
2981,42.72222222222222,48.666666666666664,48.666666666666664,48.611111111111114,23.77777777777778,51.55555555555556,897.1666666666666,1022.0,1022.0,255.5,1780.6833333333332,1780.6833333333332,0.04330508474576271,0.30181073446327683
2982,45.22222222222222,45.833333333333336,45.833333333333336,45.111111111111114,21.27777777777778,58.22222222222222,949.6666666666666,962.5,962.5,240.625,1855.0583333333332,1855.0583333333332,0.04078389830508475,0.3144166666666666
2983,49.888888888888886,52.22222222222222,52.22222222222222,51.0,24.77777777777778,60.388888888888886,1047.6666666666665,1096.6666666666667,1096.6666666666667,274.1666666666667,2055.2,2055.2,0.04646892655367232,0.34833898305084743
2984,48.22222222222222,56.888888888888886,56.888888888888886,55.55555555555556,27.5,58.666666666666664,1012.6666666666666,1194.6666666666665,1194.6666666666665,298.66666666666663,2020.1999999999998,2020.1999999999998,0.05062146892655366,0.3424067796610169
2985,35.888888888888886,54.5,54.5,54.27777777777778,27.27777777777778,48.05555555555556,753.6666666666666,1144.5,1144.5,286.125,1567.3583333333333,1567.3583333333333,0.048495762711864406,0.2656539548022599
2986,45.05555555555556,46.333333333333336,46.333333333333336,45.611111111111114,23.77777777777778,49.44444444444444,946.1666666666667,973.0,973.0,243.25,1851.7333333333333,1851.7333333333333,0.041228813559322036,0.3138531073446328
2987,33.833333333333336,40.44444444444444,40.44444444444444,39.666666666666664,19.5,42.166666666666664,710.5,849.3333333333333,849.3333333333333,212.33333333333331,1420.1833333333332,1420.1833333333332,0.03598870056497175,0.24070903954802256
2988,50.5,63.111111111111114,63.111111111111114,62.05555555555556,30.944444444444443,63.833333333333336,1060.5,1325.3333333333335,1325.3333333333335,331.33333333333337,2134.1833333333334,2134.1833333333334,0.056158192090395485,0.361725988700565
2989,33.0,48.333333333333336,48.333333333333336,48.388888888888886,24.166666666666668,40.333333333333336,693.0,1015.0,1015.0,253.75,1431.85,1431.85,0.04300847457627119,0.24268644067796608
2990,53.72222222222222,56.333333333333336,56.333333333333336,55.166666666666664,26.333333333333332,62.333333333333336,1128.1666666666667,1183.0,1183.0,295.75,2213.633333333333,2213.633333333333,0.0501271186440678,0.3751920903954802
2991,42.72222222222222,57.666666666666664,57.666666666666664,56.05555555555556,27.77777777777778,53.94444444444444,897.1666666666666,1211.0,1211.0,302.75,1827.9333333333332,1827.9333333333332,0.0513135593220339,0.309819209039548
2992,37.333333333333336,48.0,48.0,47.666666666666664,24.27777777777778,47.05555555555556,784.0,1008.0,1008.0,252.0,1584.8,1584.8,0.04271186440677966,0.26861016949152544
2993,38.22222222222222,58.388888888888886,58.388888888888886,57.5,29.5,49.05555555555556,802.6666666666666,1226.1666666666665,1226.1666666666665,306.54166666666663,1671.0749999999998,1671.0749999999998,0.05195621468926553,0.2832330508474576
2994,42.166666666666664,46.611111111111114,46.611111111111114,45.833333333333336,23.0,50.5,885.5,978.8333333333334,978.8333333333334,244.70833333333334,1750.0583333333332,1750.0583333333332,0.04147598870056497,0.2966200564971751
2995,46.111111111111114,54.27777777777778,54.27777777777778,53.44444444444444,25.77777777777778,63.166666666666664,968.3333333333334,1139.8333333333333,1139.8333333333333,284.9583333333333,1931.125,1931.125,0.048298022598870054,0.3273093220338983
2996,48.888888888888886,60.388888888888886,60.388888888888886,59.666666666666664,30.333333333333332,60.94444444444444,1026.6666666666665,1268.1666666666665,1268.1666666666665,317.04166666666663,2062.3749999999995,2062.3749999999995,0.05373587570621468,0.34955508474576263
2997,45.666666666666664,54.611111111111114,54.611111111111114,53.5,26.555555555555557,55.22222222222222,959.0,1146.8333333333335,1146.8333333333335,286.70833333333337,1917.0083333333332,1917.0083333333332,0.04859463276836159,0.32491666666666663
2998,38.0,49.166666666666664,49.166666666666664,47.833333333333336,22.944444444444443,46.77777777777778,798.0,1032.5,1032.5,258.125,1614.725,1614.725,0.04375,0.2736822033898305
2999,45.666666666666664,49.72222222222222,49.72222222222222,50.166666666666664,25.88888888888889,53.5,959.0,1044.1666666666667,1044.1666666666667,261.0416666666667,1891.3416666666667,1891.3416666666667,0.04424435028248588,0.320566384180791
3000,55.22222222222222,52.5,52.5,51.388888888888886,23.88888888888889,68.61111111111111,1159.6666666666667,1102.5,1102.5,275.625,2247.0583333333334,2247.0583333333334,0.04671610169491525,0.3808573446327684
3001,51.888888888888886,58.22222222222222,58.22222222222222,57.388888888888886,27.0,62.55555555555556,1089.6666666666665,1222.6666666666667,1222.6666666666667,305.6666666666667,2158.0999999999995,2158.0999999999995,0.05180790960451978,0.3657796610169491
3002,44.77777777777778,60.333333333333336,60.333333333333336,59.44444444444444,28.833333333333332,57.111111111111114,940.3333333333334,1267.0,1267.0,316.75,1915.3166666666666,1915.3166666666666,0.0536864406779661,0.32462994350282487
3003,48.44444444444444,47.22222222222222,47.22222222222222,46.388888888888886,22.88888888888889,52.22222222222222,1017.3333333333333,991.6666666666666,991.6666666666666,247.91666666666666,1977.3833333333332,1977.3833333333332,0.042019774011299436,0.33514971751412426
3004,32.27777777777778,50.666666666666664,50.666666666666664,49.888888888888886,26.72222222222222,39.77777777777778,677.8333333333334,1064.0,1064.0,266.0,1418.3166666666666,1418.3166666666666,0.04508474576271186,0.24039265536723162
3005,44.166666666666664,56.5,56.5,56.44444444444444,28.166666666666668,52.666666666666664,927.5,1186.5,1186.5,296.625,1873.375,1873.375,0.05027542372881356,0.31752118644067795
3006,50.833333333333336,52.05555555555556,52.05555555555556,51.0,26.22222222222222,56.94444444444444,1067.5,1093.1666666666667,1093.1666666666667,273.2916666666667,2088.0416666666665,2088.0416666666665,0.04632062146892656,0.3539053672316384
3007,42.166666666666664,47.72222222222222,47.72222222222222,47.666666666666664,24.11111111111111,50.22222222222222,885.5,1002.1666666666666,1002.1666666666666,250.54166666666666,1755.8916666666667,1755.8916666666667,0.042464689265536724,0.2976087570621469
3008,47.72222222222222,53.27777777777778,53.27777777777778,52.888888888888886,26.72222222222222,58.166666666666664,1002.1666666666666,1118.8333333333333,1118.8333333333333,279.7083333333333,1983.3916666666664,1983.3916666666664,0.04740819209039548,0.3361680790960452
3009,47.111111111111114,48.77777777777778,48.77777777777778,48.55555555555556,24.666666666666668,53.388888888888886,989.3333333333334,1024.3333333333333,1024.3333333333333,256.0833333333333,1937.95,1937.95,0.043403954802259885,0.32846610169491525
3010,62.166666666666664,65.61111111111111,65.61111111111111,65.27777777777777,31.77777777777778,73.0,1305.5,1377.8333333333335,1377.8333333333335,344.45833333333337,2563.8083333333334,2563.8083333333334,0.058382768361581926,0.43454378531073445
3011,38.833333333333336,53.27777777777778,53.27777777777778,52.666666666666664,26.0,50.111111111111114,815.5,1118.8333333333333,1118.8333333333333,279.7083333333333,1666.0583333333332,1666.0583333333332,0.04740819209039548,0.2823827683615819
3012,37.333333333333336,51.55555555555556,51.55555555555556,50.666666666666664,26.166666666666668,47.05555555555556,784.0,1082.6666666666667,1082.6666666666667,270.6666666666667,1603.4666666666667,1603.4666666666667,0.04587570621468927,0.271774011299435
3013,39.166666666666664,45.72222222222222,45.72222222222222,45.5,22.22222222222222,45.611111111111114,822.5,960.1666666666666,960.1666666666666,240.04166666666666,1638.2916666666667,1638.2916666666667,0.04068502824858757,0.2776765536723164
3014,45.55555555555556,40.94444444444444,40.94444444444444,40.0,19.11111111111111,49.72222222222222,956.6666666666667,859.8333333333333,859.8333333333333,214.95833333333331,1841.2916666666667,1841.2916666666667,0.036433615819209036,0.3120833333333333
3015,51.55555555555556,64.72222222222223,64.72222222222223,64.05555555555556,32.94444444444444,61.111111111111114,1082.6666666666667,1359.1666666666667,1359.1666666666667,339.7916666666667,2180.325,2180.325,0.057591807909604525,0.3695466101694915
3016,48.27777777777778,64.77777777777777,64.77777777777777,64.27777777777777,32.388888888888886,55.77777777777778,1013.8333333333334,1360.3333333333333,1360.3333333333333,340.0833333333333,2063.6,2063.6,0.0576412429378531,0.3497627118644068
3017,60.333333333333336,64.72222222222223,64.72222222222223,64.61111111111111,31.833333333333332,73.38888888888889,1267.0,1359.1666666666667,1359.1666666666667,339.7916666666667,2493.6916666666666,2493.6916666666666,0.057591807909604525,0.422659604519774
3018,56.22222222222222,69.16666666666667,69.16666666666667,68.0,33.5,70.66666666666667,1180.6666666666667,1452.5,1452.5,363.125,2370.258333333333,2370.258333333333,0.06154661016949153,0.40173870056497174
3019,45.94444444444444,64.44444444444444,64.44444444444444,63.55555555555556,31.944444444444443,58.166666666666664,964.8333333333333,1353.3333333333333,1353.3333333333333,338.3333333333333,1978.5499999999997,1978.5499999999997,0.057344632768361575,0.3353474576271186
3020,47.333333333333336,44.666666666666664,44.666666666666664,44.5,22.666666666666668,51.05555555555556,994.0,938.0,938.0,234.5,1924.3,1924.3,0.039745762711864405,0.3261525423728813
3021,43.44444444444444,50.888888888888886,50.888888888888886,50.388888888888886,26.555555555555557,51.333333333333336,912.3333333333333,1068.6666666666665,1068.6666666666665,267.16666666666663,1818.1333333333332,1818.1333333333332,0.045282485875706206,0.30815819209039547
3022,36.77777777777778,52.55555555555556,52.55555555555556,51.77777777777778,26.833333333333332,48.05555555555556,772.3333333333334,1103.6666666666667,1103.6666666666667,275.9166666666667,1588.8833333333334,1588.8833333333334,0.046765536723163845,0.2693022598870057
3023,51.72222222222222,58.44444444444444,58.44444444444444,57.72222222222222,29.27777777777778,63.55555555555556,1086.1666666666667,1227.3333333333333,1227.3333333333333,306.8333333333333,2153.3166666666666,2153.3166666666666,0.05200564971751412,0.3649689265536723
3024,41.27777777777778,44.833333333333336,44.833333333333336,44.72222222222222,22.61111111111111,46.94444444444444,866.8333333333334,941.5,941.5,235.375,1708.9916666666668,1708.9916666666668,0.03989406779661017,0.289659604519774
3025,48.833333333333336,48.888888888888886,48.888888888888886,48.5,23.944444444444443,52.72222222222222,1025.5,1026.6666666666665,1026.6666666666665,256.66666666666663,2000.0166666666664,2000.0166666666664,0.043502824858757054,0.33898587570621463
3026,42.72222222222222,58.333333333333336,58.333333333333336,58.27777777777778,29.055555555555557,51.111111111111114,897.1666666666666,1225.0,1225.0,306.25,1831.4333333333332,1831.4333333333332,0.05190677966101695,0.31041242937853103
3027,38.44444444444444,46.388888888888886,46.388888888888886,45.888888888888886,23.38888888888889,43.94444444444444,807.3333333333333,974.1666666666666,974.1666666666666,243.54166666666666,1616.0083333333332,1616.0083333333332,0.04127824858757062,0.2738997175141243
3028,47.77777777777778,56.77777777777778,56.77777777777778,56.666666666666664,27.5,58.666666666666664,1003.3333333333334,1192.3333333333333,1192.3333333333333,298.0833333333333,2003.75,2003.75,0.050522598870056494,0.3396186440677966
3029,49.72222222222222,46.166666666666664,46.166666666666664,45.611111111111114,23.0,56.77777777777778,1044.1666666666667,969.5,969.5,242.375,2017.4583333333335,2017.4583333333335,0.04108050847457627,0.34194209039548024
3030,43.333333333333336,54.72222222222222,54.72222222222222,54.05555555555556,27.555555555555557,57.0,910.0,1149.1666666666667,1149.1666666666667,287.2916666666667,1834.2916666666667,1834.2916666666667,0.04869350282485876,0.31089689265536724
3031,46.72222222222222,54.111111111111114,54.111111111111114,53.55555555555556,26.72222222222222,55.611111111111114,981.1666666666666,1136.3333333333335,1136.3333333333335,284.08333333333337,1952.0666666666666,1952.0666666666666,0.0481497175141243,0.3308587570621469
3032,46.166666666666664,48.888888888888886,48.888888888888886,47.166666666666664,22.5,55.833333333333336,969.5,1026.6666666666665,1026.6666666666665,256.66666666666663,1904.8166666666666,1904.8166666666666,0.043502824858757054,0.3228502824858757
3033,55.94444444444444,60.27777777777778,60.27777777777778,59.05555555555556,29.27777777777778,68.11111111111111,1174.8333333333333,1265.8333333333333,1265.8333333333333,316.4583333333333,2313.6749999999997,2313.6749999999997,0.05363700564971751,0.39214830508474574
3034,32.833333333333336,46.55555555555556,46.55555555555556,46.166666666666664,23.444444444444443,42.833333333333336,689.5,977.6666666666667,977.6666666666667,244.41666666666669,1416.5666666666666,1416.5666666666666,0.04142655367231639,0.2400960451977401
3035,57.888888888888886,53.388888888888886,53.388888888888886,52.833333333333336,25.88888888888889,70.55555555555556,1215.6666666666665,1121.1666666666665,1121.1666666666665,280.29166666666663,2346.9249999999997,2346.9249999999997,0.04750706214689265,0.3977838983050847
3036,40.72222222222222,50.888888888888886,50.888888888888886,49.27777777777778,24.72222222222222,53.77777777777778,855.1666666666666,1068.6666666666665,1068.6666666666665,267.16666666666663,1720.9499999999998,1720.9499999999998,0.045282485875706206,0.29168644067796606
3037,53.333333333333336,57.94444444444444,57.94444444444444,57.333333333333336,28.166666666666668,70.72222222222223,1120.0,1216.8333333333333,1216.8333333333333,304.2083333333333,2208.2083333333335,2208.2083333333335,0.05156073446327683,0.37427259887005654
3038,34.72222222222222,38.55555555555556,38.55555555555556,37.833333333333336,18.22222222222222,44.55555555555556,729.1666666666666,809.6666666666667,809.6666666666667,202.41666666666669,1442.0,1442.0,0.03430790960451978,0.24440677966101695
3039,51.166666666666664,53.166666666666664,53.166666666666664,52.666666666666664,27.11111111111111,61.111111111111114,1074.5,1116.5,1116.5,279.125,2105.7749999999996,2105.7749999999996,0.0473093220338983,0.3569110169491525
3040,42.5,38.666666666666664,38.666666666666664,37.611111111111114,19.61111111111111,44.94444444444444,892.5,812.0,812.0,203.0,1720.25,1720.25,0.03440677966101695,0.2915677966101695
3041,39.55555555555556,57.72222222222222,57.72222222222222,57.05555555555556,28.0,49.5,830.6666666666667,1212.1666666666667,1212.1666666666667,303.0416666666667,1715.1750000000002,1715.1750000000002,0.051362994350282486,0.2907076271186441
3042,46.94444444444444,47.55555555555556,47.55555555555556,47.111111111111114,24.055555555555557,54.333333333333336,985.8333333333333,998.6666666666667,998.6666666666667,249.66666666666669,1925.5833333333333,1925.5833333333333,0.042316384180790964,0.32637005649717515
3043,52.666666666666664,57.22222222222222,57.22222222222222,56.94444444444444,28.72222222222222,63.166666666666664,1106.0,1201.6666666666667,1201.6666666666667,300.4166666666667,2180.616666666667,2180.616666666667,0.0509180790960452,0.36959604519774014
3044,42.94444444444444,46.5,46.5,45.5,21.77777777777778,53.05555555555556,901.8333333333333,976.5,976.5,244.125,1777.2416666666666,1777.2416666666666,0.0413771186440678,0.3012274011299435
3045,33.05555555555556,46.611111111111114,46.611111111111114,45.666666666666664,23.38888888888889,43.333333333333336,694.1666666666667,978.8333333333334,978.8333333333334,244.70833333333334,1424.7916666666667,1424.7916666666667,0.04147598870056497,0.2414901129943503
3046,50.888888888888886,54.833333333333336,54.833333333333336,54.388888888888886,25.77777777777778,59.94444444444444,1068.6666666666665,1151.5,1151.5,287.875,2104.608333333333,2104.608333333333,0.04879237288135593,0.35671327683615817
3047,47.0,49.44444444444444,49.44444444444444,48.22222222222222,24.833333333333332,59.94444444444444,987.0,1038.3333333333333,1038.3333333333333,259.5833333333333,1937.4833333333331,1937.4833333333331,0.043997175141242933,0.32838700564971746
3048,55.27777777777778,63.0,63.0,61.44444444444444,30.944444444444443,64.77777777777777,1160.8333333333333,1323.0,1323.0,330.75,2304.1666666666665,2304.1666666666665,0.0560593220338983,0.3905367231638418
3049,38.05555555555556,43.27777777777778,43.27777777777778,42.611111111111114,21.88888888888889,52.888888888888886,799.1666666666667,908.8333333333334,908.8333333333334,227.20833333333334,1585.7916666666667,1585.7916666666667,0.038509887005649716,0.26877824858757066
3050,47.111111111111114,42.05555555555556,42.05555555555556,41.611111111111114,20.11111111111111,57.27777777777778,989.3333333333334,883.1666666666667,883.1666666666667,220.79166666666669,1902.6583333333335,1902.6583333333335,0.037422316384180795,0.32248446327683616
3051,55.94444444444444,68.5,68.5,67.88888888888889,33.166666666666664,74.38888888888889,1174.8333333333333,1438.5,1438.5,359.625,2356.8416666666662,2356.8416666666662,0.06095338983050847,0.39946468926553663
3052,51.77777777777778,60.111111111111114,60.111111111111114,59.5,30.27777777777778,60.166666666666664,1087.3333333333333,1262.3333333333335,1262.3333333333335,315.58333333333337,2164.0499999999997,2164.0499999999997,0.05348870056497176,0.36678813559322027
3053,42.94444444444444,55.44444444444444,55.44444444444444,55.5,26.333333333333332,51.22222222222222,901.8333333333333,1164.3333333333333,1164.3333333333333,291.0833333333333,1824.1999999999998,1824.1999999999998,0.04933615819209039,0.3091864406779661
3054,43.833333333333336,53.333333333333336,53.333333333333336,53.0,26.333333333333332,55.0,920.5,1120.0,1120.0,280.0,1844.85,1844.85,0.04745762711864407,0.3126864406779661
3055,46.0,61.72222222222222,61.72222222222222,61.388888888888886,30.333333333333332,63.72222222222222,966.0,1296.1666666666667,1296.1666666666667,324.0416666666667,1966.2416666666668,1966.2416666666668,0.0549223163841808,0.33326129943502825
3056,53.611111111111114,53.55555555555556,53.55555555555556,54.111111111111114,27.166666666666668,66.77777777777777,1125.8333333333335,1124.6666666666667,1124.6666666666667,281.1666666666667,2195.0833333333335,2195.0833333333335,0.04765536723163842,0.3720480225988701
3057,58.05555555555556,58.833333333333336,58.833333333333336,58.611111111111114,28.38888888888889,71.27777777777777,1219.1666666666667,1235.5,1235.5,308.875,2381.4583333333335,2381.4583333333335,0.05235169491525424,0.40363700564971755
3058,46.72222222222222,53.333333333333336,53.333333333333336,53.27777777777778,27.38888888888889,50.44444444444444,981.1666666666666,1120.0,1120.0,280.0,1947.9833333333331,1947.9833333333331,0.04745762711864407,0.3301666666666666
3059,41.77777777777778,63.27777777777778,63.27777777777778,61.77777777777778,30.61111111111111,56.166666666666664,877.3333333333334,1328.8333333333333,1328.8333333333333,332.2083333333333,1823.675,1823.675,0.05630649717514124,0.30909745762711865
3060,45.166666666666664,62.666666666666664,62.666666666666664,61.5,32.27777777777778,56.72222222222222,948.5,1316.0,1316.0,329.0,1941.45,1941.45,0.05576271186440678,0.3290593220338983
3061,49.94444444444444,55.111111111111114,55.111111111111114,55.22222222222222,26.5,58.05555555555556,1048.8333333333333,1157.3333333333335,1157.3333333333335,289.33333333333337,2072.35,2072.35,0.049039548022598876,0.3512457627118644
3062,34.888888888888886,52.0,52.0,52.05555555555556,26.833333333333332,43.77777777777778,732.6666666666666,1092.0,1092.0,273.0,1518.5333333333333,1518.5333333333333,0.046271186440677965,0.2573785310734463
3063,55.55555555555556,55.94444444444444,55.94444444444444,55.166666666666664,24.833333333333332,70.38888888888889,1166.6666666666667,1174.8333333333333,1174.8333333333333,293.7083333333333,2277.041666666667,2277.041666666667,0.04978107344632768,0.3859392655367232
3064,48.833333333333336,56.0,56.0,55.0,27.944444444444443,57.72222222222222,1025.5,1176.0,1176.0,294.0,2037.35,2037.35,0.04983050847457627,0.3453135593220339
3065,43.888888888888886,49.5,49.5,48.0,23.11111111111111,50.611111111111114,921.6666666666666,1039.5,1039.5,259.875,1826.7083333333333,1826.7083333333333,0.044046610169491525,0.30961158192090393
3066,40.0,42.5,42.5,42.72222222222222,22.11111111111111,51.44444444444444,840.0,892.5,892.5,223.125,1651.125,1651.125,0.03781779661016949,0.27985169491525425
3067,46.44444444444444,71.61111111111111,71.61111111111111,70.0,34.666666666666664,64.0,975.3333333333333,1503.8333333333335,1503.8333333333335,375.95833333333337,2034.025,2034.025,0.06372175141242939,0.34475
3068,62.0,58.94444444444444,58.94444444444444,58.77777777777778,28.333333333333332,71.05555555555556,1302.0,1237.8333333333333,1237.8333333333333,309.4583333333333,2522.8583333333336,2522.8583333333336,0.05245056497175141,0.4276031073446328
3069,44.22222222222222,47.5,47.5,46.111111111111114,22.77777777777778,52.611111111111114,928.6666666666666,997.5,997.5,249.375,1828.1083333333331,1828.1083333333331,0.04226694915254237,0.30984887005649714
3070,57.166666666666664,63.388888888888886,63.388888888888886,63.22222222222222,30.444444444444443,75.22222222222223,1200.5,1331.1666666666665,1331.1666666666665,332.79166666666663,2373.6416666666664,2373.6416666666664,0.056405367231638415,0.4023121468926553
3071,48.94444444444444,55.166666666666664,55.166666666666664,54.5,26.5,60.388888888888886,1027.8333333333333,1158.5,1158.5,289.625,2036.9416666666664,2036.9416666666664,0.04908898305084746,0.34524435028248585
3072,39.888888888888886,38.5,38.5,37.166666666666664,17.77777777777778,44.166666666666664,837.6666666666666,808.5,808.5,202.125,1626.1583333333333,1626.1583333333333,0.03425847457627119,0.27562005649717514
3073,43.72222222222222,55.5,55.5,55.05555555555556,26.22222222222222,55.833333333333336,918.1666666666666,1165.5,1165.5,291.375,1852.2583333333332,1852.2583333333332,0.04938559322033898,0.3139420903954802
3074,46.55555555555556,48.05555555555556,48.05555555555556,47.388888888888886,25.444444444444443,53.833333333333336,977.6666666666667,1009.1666666666667,1009.1666666666667,252.29166666666669,1914.3250000000003,1914.3250000000003,0.04276129943502825,0.3244618644067797
3075,40.5,45.111111111111114,45.111111111111114,44.0,22.166666666666668,51.22222222222222,850.5,947.3333333333334,947.3333333333334,236.83333333333334,1682.6833333333332,1682.6833333333332,0.04014124293785311,0.2852005649717514
3076,51.388888888888886,64.94444444444444,64.94444444444444,64.88888888888889,32.833333333333336,60.44444444444444,1079.1666666666665,1363.8333333333333,1363.8333333333333,340.9583333333333,2175.5416666666665,2175.5416666666665,0.05778954802259887,0.3687358757062147
3077,39.94444444444444,46.05555555555556,46.05555555555556,45.833333333333336,22.666666666666668,46.111111111111114,838.8333333333333,967.1666666666667,967.1666666666667,241.79166666666669,1667.8083333333332,1667.8083333333332,0.0409816384180791,0.28267937853107344
3078,34.72222222222222,37.666666666666664,37.666666666666664,37.166666666666664,19.0,41.05555555555556,729.1666666666666,791.0,791.0,197.75,1437.3333333333333,1437.3333333333333,0.03351694915254237,0.24361581920903955
3079,47.94444444444444,54.27777777777778,54.27777777777778,54.44444444444444,27.833333333333332,55.22222222222222,1006.8333333333333,1139.8333333333333,1139.8333333333333,284.9583333333333,1996.5749999999998,1996.5749999999998,0.048298022598870054,0.3384025423728813
3080,44.833333333333336,55.5,55.5,55.166666666666664,27.72222222222222,53.94444444444444,941.5,1165.5,1165.5,291.375,1891.925,1891.925,0.04938559322033898,0.32066525423728814
3081,44.72222222222222,41.111111111111114,41.111111111111114,41.0,19.166666666666668,51.388888888888886,939.1666666666666,863.3333333333334,863.3333333333334,215.83333333333334,1812.4166666666665,1812.4166666666665,0.036581920903954804,0.30718926553672316
3082,39.888888888888886,53.27777777777778,53.27777777777778,52.5,27.0,46.55555555555556,837.6666666666666,1118.8333333333333,1118.8333333333333,279.7083333333333,1703.7416666666666,1703.7416666666666,0.04740819209039548,0.28876977401129944
3083,47.55555555555556,57.22222222222222,57.22222222222222,57.111111111111114,27.833333333333332,61.44444444444444,998.6666666666667,1201.6666666666667,1201.6666666666667,300.4166666666667,1998.15,1998.15,0.0509180790960452,0.33866949152542375
3084,42.888888888888886,56.111111111111114,56.111111111111114,55.833333333333336,28.61111111111111,55.72222222222222,900.6666666666666,1178.3333333333335,1178.3333333333335,294.58333333333337,1825.7166666666667,1825.7166666666667,0.04992937853107345,0.3094435028248588
3085,36.166666666666664,44.888888888888886,44.888888888888886,44.666666666666664,21.22222222222222,39.05555555555556,759.5,942.6666666666666,942.6666666666666,235.66666666666666,1526.8166666666666,1526.8166666666666,0.039943502824858756,0.2587824858757062
3086,37.0,44.833333333333336,44.833333333333336,44.388888888888886,23.055555555555557,43.111111111111114,777.0,941.5,941.5,235.375,1556.2749999999999,1556.2749999999999,0.03989406779661017,0.2637754237288135
3087,52.27777777777778,49.05555555555556,49.05555555555556,49.166666666666664,25.22222222222222,62.611111111111114,1097.8333333333333,1030.1666666666667,1030.1666666666667,257.5416666666667,2123.858333333333,2123.858333333333,0.04365112994350283,0.3599759887005649
3088,35.22222222222222,46.72222222222222,46.72222222222222,46.44444444444444,23.833333333333332,39.666666666666664,739.6666666666666,981.1666666666666,981.1666666666666,245.29166666666666,1502.725,1502.725,0.04157485875706215,0.25469915254237285
3089,34.05555555555556,34.611111111111114,34.611111111111114,33.94444444444444,17.38888888888889,34.22222222222222,715.1666666666667,726.8333333333334,726.8333333333334,181.70833333333334,1397.4916666666668,1397.4916666666668,0.03079802259887006,0.23686299435028252
3090,47.0,53.111111111111114,53.111111111111114,53.388888888888886,26.38888888888889,53.0,987.0,1115.3333333333335,1115.3333333333335,278.83333333333337,1956.7333333333331,1956.7333333333331,0.047259887005649724,0.33164971751412425
3091,41.833333333333336,64.77777777777777,64.77777777777777,64.72222222222223,32.888888888888886,55.44444444444444,878.5,1360.3333333333333,1360.3333333333333,340.0833333333333,1833.5333333333333,1833.5333333333333,0.0576412429378531,0.3107683615819209
3092,32.333333333333336,37.94444444444444,37.94444444444444,37.44444444444444,19.22222222222222,37.5,679.0,796.8333333333333,796.8333333333333,199.20833333333331,1353.5083333333332,1353.5083333333332,0.03376412429378531,0.22940819209039545
3093,30.72222222222222,44.22222222222222,44.22222222222222,43.888888888888886,22.77777777777778,33.611111111111114,645.1666666666666,928.6666666666666,928.6666666666666,232.16666666666666,1328.95,1328.95,0.03935028248587571,0.22524576271186442
3094,54.94444444444444,53.94444444444444,53.94444444444444,53.77777777777778,25.166666666666668,67.77777777777777,1153.8333333333333,1132.8333333333333,1132.8333333333333,283.2083333333333,2244.725,2244.725,0.048001412429378526,0.38046186440677965
3095,50.111111111111114,51.888888888888886,51.888888888888886,50.94444444444444,26.11111111111111,59.55555555555556,1052.3333333333335,1089.6666666666665,1089.6666666666665,272.41666666666663,2061.3833333333337,2061.3833333333337,0.04617231638418078,0.3493870056497176
3096,43.55555555555556,47.05555555555556,47.05555555555556,46.44444444444444,23.055555555555557,57.05555555555556,914.6666666666667,988.1666666666667,988.1666666666667,247.04166666666669,1801.9750000000001,1801.9750000000001,0.041871468926553676,0.30541949152542375
3097,42.388888888888886,48.666666666666664,48.666666666666664,48.166666666666664,24.555555555555557,48.666666666666664,890.1666666666666,1022.0,1022.0,255.5,1768.7833333333333,1768.7833333333333,0.04330508474576271,0.2997937853107345
3098,53.0,61.55555555555556,61.55555555555556,60.666666666666664,30.055555555555557,61.833333333333336,1113.0,1292.6666666666667,1292.6666666666667,323.1666666666667,2215.2666666666664,2215.2666666666664,0.05477401129943503,0.37546892655367226
3099,47.888888888888886,41.22222222222222,41.22222222222222,40.72222222222222,18.72222222222222,54.77777777777778,1005.6666666666666,865.6666666666666,865.6666666666666,216.41666666666666,1926.05,1926.05,0.03668079096045197,0.3264491525423729
3100,43.77777777777778,60.55555555555556,60.55555555555556,60.05555555555556,30.055555555555557,57.22222222222222,919.3333333333334,1271.6666666666667,1271.6666666666667,317.9166666666667,1880.7833333333335,1880.7833333333335,0.053884180790960454,0.31877683615819213
3101,38.666666666666664,37.611111111111114,37.611111111111114,37.0,17.88888888888889,43.611111111111114,812.0,789.8333333333334,789.8333333333334,197.45833333333334,1577.8583333333331,1577.8583333333331,0.03346751412429379,0.267433615819209
3102,37.833333333333336,39.833333333333336,39.833333333333336,39.0,20.61111111111111,43.0,794.5,836.5,836.5,209.125,1559.7749999999999,1559.7749999999999,0.03544491525423729,0.2643686440677966
3103,35.77777777777778,47.94444444444444,47.94444444444444,47.611111111111114,23.944444444444443,43.666666666666664,751.3333333333334,1006.8333333333333,1006.8333333333333,251.70833333333331,1528.975,1528.975,0.04266242937853107,0.25914830508474573
3104,26.944444444444443,32.22222222222222,32.22222222222222,31.555555555555557,15.722222222222221,31.22222222222222,565.8333333333333,676.6666666666666,676.6666666666666,169.16666666666666,1131.0833333333333,1131.0833333333333,0.028672316384180788,0.1917090395480226
3105,36.05555555555556,56.666666666666664,56.666666666666664,55.388888888888886,28.22222222222222,44.666666666666664,757.1666666666667,1190.0,1190.0,297.5,1584.6833333333334,1584.6833333333334,0.050423728813559325,0.268590395480226
3106,42.166666666666664,51.0,51.0,49.888888888888886,25.5,53.0,885.5,1071.0,1071.0,267.75,1773.1,1773.1,0.04538135593220339,0.3005254237288135
3107,40.77777777777778,53.666666666666664,53.666666666666664,53.05555555555556,27.333333333333332,48.388888888888886,856.3333333333334,1127.0,1127.0,281.75,1737.5166666666667,1737.5166666666667,0.04775423728813559,0.2944943502824859
3108,30.944444444444443,47.27777777777778,47.27777777777778,46.72222222222222,24.77777777777778,38.111111111111114,649.8333333333333,992.8333333333334,992.8333333333334,248.20833333333334,1352.9249999999997,1352.9249999999997,0.04206920903954802,0.22930932203389826
3109,39.22222222222222,52.77777777777778,52.77777777777778,52.27777777777778,26.555555555555557,48.333333333333336,823.6666666666666,1108.3333333333333,1108.3333333333333,277.0833333333333,1677.3166666666664,1677.3166666666664,0.04696327683615819,0.2842909604519773
3110,43.5,55.388888888888886,55.388888888888886,55.05555555555556,27.88888888888889,55.27777777777778,913.5,1163.1666666666665,1163.1666666666665,290.79166666666663,1843.7416666666668,1843.7416666666668,0.0492867231638418,0.3124985875706215
3111,43.388888888888886,44.77777777777778,44.77777777777778,43.77777777777778,22.5,50.22222222222222,911.1666666666666,940.3333333333334,940.3333333333334,235.08333333333334,1784.0666666666664,1784.0666666666664,0.03984463276836158,0.3023841807909604
3112,47.44444444444444,53.27777777777778,53.27777777777778,53.111111111111114,26.77777777777778,64.11111111111111,996.3333333333333,1118.8333333333333,1118.8333333333333,279.7083333333333,1973.4749999999997,1973.4749999999997,0.04740819209039548,0.33448728813559314
3113,46.5,52.111111111111114,52.111111111111114,51.22222222222222,25.61111111111111,57.388888888888886,976.5,1094.3333333333335,1094.3333333333335,273.58333333333337,1933.6333333333332,1933.6333333333332,0.04637005649717515,0.32773446327683614
3114,45.05555555555556,49.388888888888886,49.388888888888886,48.22222222222222,23.38888888888889,53.888888888888886,946.1666666666667,1037.1666666666665,1037.1666666666665,259.29166666666663,1867.775,1867.775,0.04394774011299434,0.3165720338983051
3115,33.888888888888886,42.0,42.0,40.55555555555556,20.833333333333332,42.666666666666664,711.6666666666666,882.0,882.0,220.5,1430.3333333333333,1430.3333333333333,0.037372881355932204,0.24242937853107344
3116,60.611111111111114,66.94444444444444,66.94444444444444,65.77777777777777,32.333333333333336,76.72222222222223,1272.8333333333335,1405.8333333333333,1405.8333333333333,351.4583333333333,2515.2750000000005,2515.2750000000005,0.05956920903954802,0.4263177966101696
3117,53.166666666666664,55.833333333333336,55.833333333333336,54.833333333333336,26.444444444444443,63.05555555555556,1116.5,1172.5,1172.5,293.125,2191.175,2191.175,0.04968220338983051,0.37138559322033904
3118,44.55555555555556,47.27777777777778,47.27777777777778,46.5,22.77777777777778,56.111111111111114,935.6666666666667,992.8333333333334,992.8333333333334,248.20833333333334,1838.8416666666667,1838.8416666666667,0.04206920903954802,0.3116680790960452
3119,40.333333333333336,45.55555555555556,45.55555555555556,45.388888888888886,23.555555555555557,47.333333333333336,847.0,956.6666666666667,956.6666666666667,239.16666666666669,1679.0666666666666,1679.0666666666666,0.04053672316384181,0.28458757062146894
3120,45.44444444444444,59.44444444444444,59.44444444444444,58.611111111111114,28.833333333333332,56.05555555555556,954.3333333333333,1248.3333333333333,1248.3333333333333,312.0833333333333,1934.4499999999998,1934.4499999999998,0.052895480225988695,0.3278728813559322
3121,47.611111111111114,51.388888888888886,51.388888888888886,50.833333333333336,25.555555555555557,53.05555555555556,999.8333333333334,1079.1666666666665,1079.1666666666665,269.79166666666663,1969.5083333333332,1969.5083333333332,0.045727401129943494,0.3338149717514124
3122,53.5,63.111111111111114,63.111111111111114,61.77777777777778,29.166666666666668,67.94444444444444,1123.5,1325.3333333333335,1325.3333333333335,331.33333333333337,2241.2833333333333,2241.2833333333333,0.056158192090395485,0.3798785310734463
3123,40.55555555555556,42.5,42.5,41.55555555555556,20.444444444444443,44.333333333333336,851.6666666666667,892.5,892.5,223.125,1670.9583333333335,1670.9583333333335,0.03781779661016949,0.2832132768361582
3124,47.55555555555556,56.0,56.0,55.27777777777778,27.22222222222222,59.5,998.6666666666667,1176.0,1176.0,294.0,1991.7333333333333,1991.7333333333333,0.04983050847457627,0.3375819209039548
3125,27.22222222222222,38.166666666666664,38.166666666666664,37.05555555555556,17.333333333333332,33.94444444444444,571.6666666666666,801.5,801.5,200.375,1172.2083333333333,1172.2083333333333,0.03396186440677966,0.19867937853107343
3126,47.111111111111114,61.388888888888886,61.388888888888886,61.111111111111114,32.05555555555556,54.0,989.3333333333334,1289.1666666666665,1289.1666666666665,322.29166666666663,2004.1583333333333,2004.1583333333333,0.05462570621468926,0.3396878531073446
3127,49.94444444444444,59.5,59.5,59.0,30.22222222222222,60.72222222222222,1048.8333333333333,1249.5,1249.5,312.375,2095.3916666666664,2095.3916666666664,0.052944915254237286,0.3551511299435028
3128,50.111111111111114,46.22222222222222,46.22222222222222,45.22222222222222,21.944444444444443,51.27777777777778,1052.3333333333335,970.6666666666666,970.6666666666666,242.66666666666666,2031.6333333333337,2031.6333333333337,0.04112994350282486,0.34434463276836164
3129,33.94444444444444,47.166666666666664,47.166666666666664,47.27777777777778,24.166666666666668,43.55555555555556,712.8333333333333,990.5,990.5,247.625,1459.4416666666666,1459.4416666666666,0.041970338983050845,0.24736299435028247
3130,45.44444444444444,57.72222222222222,57.72222222222222,56.94444444444444,29.055555555555557,54.611111111111114,954.3333333333333,1212.1666666666667,1212.1666666666667,303.0416666666667,1925.4083333333333,1925.4083333333333,0.051362994350282486,0.326340395480226
3131,34.44444444444444,55.166666666666664,55.166666666666664,55.333333333333336,27.333333333333332,44.166666666666664,723.3333333333333,1158.5,1158.5,289.625,1519.2916666666665,1519.2916666666665,0.04908898305084746,0.2575070621468926
3132,47.72222222222222,54.5,54.5,54.111111111111114,26.61111111111111,59.611111111111114,1002.1666666666666,1144.5,1144.5,286.125,1989.8083333333332,1989.8083333333332,0.048495762711864406,0.3372556497175141
3133,45.94444444444444,53.666666666666664,53.666666666666664,53.166666666666664,27.166666666666668,53.0,964.8333333333333,1127.0,1127.0,281.75,1921.9666666666665,1921.9666666666665,0.04775423728813559,0.3257570621468926
3134,42.22222222222222,48.44444444444444,48.44444444444444,47.27777777777778,23.22222222222222,52.5,886.6666666666666,1017.3333333333333,1017.3333333333333,254.33333333333331,1761.6666666666665,1761.6666666666665,0.04310734463276836,0.2985875706214689
3135,51.333333333333336,67.44444444444444,67.44444444444444,68.22222222222223,35.666666666666664,61.94444444444444,1078.0,1416.3333333333333,1416.3333333333333,354.0833333333333,2186.6833333333334,2186.6833333333334,0.06001412429378531,0.37062429378531075
3136,39.888888888888886,65.55555555555556,65.55555555555556,64.72222222222223,32.27777777777778,55.0,837.6666666666666,1376.6666666666667,1376.6666666666667,344.1666666666667,1768.2,1768.2,0.058333333333333334,0.2996949152542373
3137,47.94444444444444,60.0,60.0,59.333333333333336,28.833333333333332,63.44444444444444,1006.8333333333333,1260.0,1260.0,315.0,2026.6166666666666,2026.6166666666666,0.053389830508474574,0.34349435028248587
3138,33.611111111111114,47.77777777777778,47.77777777777778,47.72222222222222,24.166666666666668,42.22222222222222,705.8333333333334,1003.3333333333334,1003.3333333333334,250.83333333333334,1450.75,1450.75,0.04251412429378531,0.24588983050847457
3139,52.166666666666664,57.0,57.0,56.44444444444444,29.11111111111111,66.61111111111111,1095.5,1197.0,1197.0,299.25,2161.6,2161.6,0.050720338983050846,0.3663728813559322
3140,45.55555555555556,41.833333333333336,41.833333333333336,41.94444444444444,21.27777777777778,48.0,956.6666666666667,878.5,878.5,219.625,1845.9583333333335,1845.9583333333335,0.037224576271186444,0.3128742937853108
3141,38.166666666666664,51.0,51.0,50.72222222222222,26.22222222222222,48.72222222222222,801.5,1071.0,1071.0,267.75,1630.3,1630.3,0.04538135593220339,0.27632203389830506
3142,31.72222222222222,45.388888888888886,45.388888888888886,44.94444444444444,23.88888888888889,39.44444444444444,666.1666666666666,953.1666666666666,953.1666666666666,238.29166666666666,1370.775,1370.775,0.040388418079096045,0.23233474576271188
3143,40.0,44.666666666666664,44.666666666666664,44.5,21.22222222222222,42.55555555555556,840.0,938.0,938.0,234.5,1662.5,1662.5,0.039745762711864405,0.2817796610169492
3144,43.27777777777778,65.44444444444444,65.44444444444444,64.72222222222223,31.88888888888889,54.888888888888886,908.8333333333334,1374.3333333333333,1374.3333333333333,343.5833333333333,1888.6,1888.6,0.05823446327683616,0.3201016949152542
3145,45.833333333333336,48.05555555555556,48.05555555555556,47.833333333333336,24.666666666666668,52.666666666666664,962.5,1009.1666666666667,1009.1666666666667,252.29166666666669,1888.5416666666667,1888.5416666666667,0.04276129943502825,0.3200918079096045
3146,45.388888888888886,49.05555555555556,49.05555555555556,48.888888888888886,24.72222222222222,55.388888888888886,953.1666666666666,1030.1666666666667,1030.1666666666667,257.5416666666667,1877.925,1877.925,0.04365112994350283,0.3182923728813559
3147,41.111111111111114,42.0,42.0,40.388888888888886,19.833333333333332,49.27777777777778,863.3333333333334,882.0,882.0,220.5,1688.1666666666667,1688.1666666666667,0.037372881355932204,0.2861299435028249
3148,41.5,59.833333333333336,59.833333333333336,59.44444444444444,29.666666666666668,56.44444444444444,871.5,1256.5,1256.5,314.125,1795.675,1795.675,0.053241525423728814,0.3043516949152542
3149,51.77777777777778,57.77777777777778,57.77777777777778,56.77777777777778,27.5,61.666666666666664,1087.3333333333333,1213.3333333333333,1213.3333333333333,303.3333333333333,2151.7999999999997,2151.7999999999997,0.05141242937853107,0.3647118644067796
3150,36.55555555555556,49.333333333333336,49.333333333333336,48.44444444444444,23.555555555555557,53.55555555555556,767.6666666666667,1036.0,1036.0,259.0,1564.0333333333335,1564.0333333333335,0.043898305084745765,0.265090395480226
3151,69.44444444444444,69.44444444444444,69.44444444444444,68.88888888888889,32.94444444444444,88.83333333333333,1458.3333333333333,1458.3333333333333,1458.3333333333333,364.5833333333333,2843.75,2843.75,0.06179378531073446,0.4819915254237288
3152,60.05555555555556,63.94444444444444,63.94444444444444,63.94444444444444,31.0,73.44444444444444,1261.1666666666667,1342.8333333333333,1342.8333333333333,335.7083333333333,2479.691666666667,2479.691666666667,0.05689971751412429,0.42028672316384186
3153,32.72222222222222,46.166666666666664,46.166666666666664,45.72222222222222,23.88888888888889,37.05555555555556,687.1666666666666,969.5,969.5,242.375,1410.5583333333332,1410.5583333333332,0.04108050847457627,0.2390776836158192
3154,34.77777777777778,44.888888888888886,44.888888888888886,44.333333333333336,23.055555555555557,41.888888888888886,730.3333333333334,942.6666666666666,942.6666666666666,235.66666666666666,1477.2333333333333,1477.2333333333333,0.039943502824858756,0.2503785310734463
3155,46.27777777777778,52.666666666666664,52.666666666666664,51.611111111111114,25.27777777777778,55.44444444444444,971.8333333333334,1106.0,1106.0,276.5,1928.6166666666668,1928.6166666666668,0.046864406779661014,0.3268841807909605
3156,48.611111111111114,60.111111111111114,60.111111111111114,59.111111111111114,28.5,57.888888888888886,1020.8333333333334,1262.3333333333335,1262.3333333333335,315.58333333333337,2051.0,2051.0,0.05348870056497176,0.3476271186440678
3157,46.611111111111114,47.833333333333336,47.833333333333336,47.05555555555556,23.0,55.388888888888886,978.8333333333334,1004.5,1004.5,251.125,1915.1416666666667,1915.1416666666667,0.0425635593220339,0.3246002824858757
3158,49.611111111111114,54.0,54.0,52.388888888888886,26.0,57.44444444444444,1041.8333333333335,1134.0,1134.0,283.5,2054.616666666667,2054.616666666667,0.04805084745762712,0.3482401129943503
3159,30.166666666666668,38.833333333333336,38.833333333333336,37.333333333333336,18.22222222222222,37.111111111111114,633.5,815.5,815.5,203.875,1280.825,1280.825,0.034555084745762715,0.21708898305084748
3160,52.333333333333336,67.38888888888889,67.38888888888889,66.83333333333333,32.111111111111114,66.44444444444444,1099.0,1415.1666666666665,1415.1666666666665,353.79166666666663,2222.0916666666667,2222.0916666666667,0.05996468926553672,0.37662570621468927
3161,42.72222222222222,48.55555555555556,48.55555555555556,48.5,24.333333333333332,53.333333333333336,897.1666666666666,1019.6666666666667,1019.6666666666667,254.91666666666669,1780.1,1780.1,0.04320621468926554,0.30171186440677966
3162,30.166666666666668,40.388888888888886,40.388888888888886,39.94444444444444,20.61111111111111,38.0,633.5,848.1666666666666,848.1666666666666,212.04166666666666,1288.9916666666668,1288.9916666666668,0.035939265536723164,0.21847316384180793
3163,33.388888888888886,48.388888888888886,48.388888888888886,47.666666666666664,23.444444444444443,46.333333333333336,701.1666666666666,1016.1666666666666,1016.1666666666666,254.04166666666666,1446.025,1446.025,0.04305790960451977,0.24508898305084748
3164,44.611111111111114,55.833333333333336,55.833333333333336,55.55555555555556,27.22222222222222,55.0,936.8333333333334,1172.5,1172.5,293.125,1885.7416666666668,1885.7416666666668,0.04968220338983051,0.3196172316384181
3165,33.888888888888886,50.27777777777778,50.27777777777778,49.22222222222222,25.27777777777778,43.27777777777778,711.6666666666666,1055.8333333333333,1055.8333333333333,263.9583333333333,1473.7916666666665,1473.7916666666665,0.04473870056497175,0.24979519774011297
3166,44.0,53.111111111111114,53.111111111111114,52.05555555555556,25.11111111111111,57.72222222222222,924.0,1115.3333333333335,1115.3333333333335,278.83333333333337,1849.6333333333332,1849.6333333333332,0.047259887005649724,0.3134971751412429
3167,50.833333333333336,61.5,61.5,60.72222222222222,28.72222222222222,65.05555555555556,1067.5,1291.5,1291.5,322.875,2137.625,2137.625,0.05472457627118644,0.3623093220338983
3168,50.333333333333336,52.166666666666664,52.166666666666664,52.111111111111114,26.22222222222222,56.44444444444444,1057.0,1095.5,1095.5,273.875,2070.7749999999996,2070.7749999999996,0.046419491525423726,0.350978813559322
3169,46.333333333333336,55.388888888888886,55.388888888888886,54.333333333333336,26.944444444444443,55.44444444444444,973.0,1163.1666666666665,1163.1666666666665,290.79166666666663,1944.8916666666664,1944.8916666666664,0.0492867231638418,0.3296426553672316
3170,50.77777777777778,68.88888888888889,68.88888888888889,68.5,33.666666666666664,57.611111111111114,1066.3333333333333,1446.6666666666665,1446.6666666666665,361.66666666666663,2174.433333333333,2174.433333333333,0.06129943502824858,0.36854802259887
3171,52.5,58.55555555555556,58.55555555555556,58.333333333333336,27.555555555555557,63.111111111111114,1102.5,1229.6666666666667,1229.6666666666667,307.4166666666667,2181.6666666666665,2181.6666666666665,0.0521045197740113,0.369774011299435
3172,38.77777777777778,45.388888888888886,45.388888888888886,45.111111111111114,19.666666666666668,49.22222222222222,814.3333333333334,953.1666666666666,953.1666666666666,238.29166666666666,1622.6583333333335,1622.6583333333335,0.040388418079096045,0.2750268361581921
3173,39.44444444444444,45.77777777777778,45.77777777777778,45.05555555555556,20.77777777777778,51.111111111111114,828.3333333333333,961.3333333333334,961.3333333333334,240.33333333333334,1648.4999999999998,1648.4999999999998,0.04073446327683616,0.2794067796610169
3174,45.388888888888886,48.5,48.5,47.72222222222222,22.38888888888889,57.55555555555556,953.1666666666666,1018.5,1018.5,254.625,1875.0083333333332,1875.0083333333332,0.04315677966101695,0.31779802259887
3175,44.5,42.388888888888886,42.388888888888886,42.666666666666664,20.77777777777778,50.44444444444444,934.5,890.1666666666666,890.1666666666666,222.54166666666666,1811.1916666666666,1811.1916666666666,0.037718926553672316,0.3069816384180791
3176,37.666666666666664,58.388888888888886,58.388888888888886,58.166666666666664,30.0,47.0,791.0,1226.1666666666665,1226.1666666666665,306.54166666666663,1651.2416666666668,1651.2416666666668,0.05195621468926553,0.2798714689265537
3177,50.833333333333336,54.77777777777778,54.77777777777778,53.666666666666664,26.38888888888889,62.666666666666664,1067.5,1150.3333333333333,1150.3333333333333,287.5833333333333,2102.3333333333335,2102.3333333333335,0.04874293785310734,0.35632768361581924
3178,53.44444444444444,52.0,52.0,51.5,25.88888888888889,63.05555555555556,1122.3333333333333,1092.0,1092.0,273.0,2180.9666666666662,2180.9666666666662,0.046271186440677965,0.36965536723163833
3179,57.666666666666664,52.833333333333336,52.833333333333336,52.388888888888886,25.38888888888889,62.388888888888886,1211.0,1109.5,1109.5,277.375,2336.075,2336.075,0.04701271186440678,0.39594491525423725
3180,42.27777777777778,45.611111111111114,45.611111111111114,45.22222222222222,21.5,53.888888888888886,887.8333333333334,957.8333333333334,957.8333333333334,239.45833333333334,1748.7749999999999,1748.7749999999999,0.040586158192090396,0.29640254237288133
3181,50.611111111111114,55.388888888888886,55.388888888888886,54.77777777777778,26.555555555555557,63.27777777777778,1062.8333333333335,1163.1666666666665,1163.1666666666665,290.79166666666663,2097.6083333333336,2097.6083333333336,0.0492867231638418,0.35552683615819214
3182,47.666666666666664,53.0,53.0,52.111111111111114,24.22222222222222,61.55555555555556,1001.0,1113.0,1113.0,278.25,1979.95,1979.95,0.04716101694915254,0.33558474576271186
3183,36.888888888888886,40.77777777777778,40.77777777777778,40.388888888888886,22.0,44.55555555555556,774.6666666666666,856.3333333333334,856.3333333333334,214.08333333333334,1531.0166666666664,1531.0166666666664,0.036285310734463276,0.25949435028248585
3184,50.5,56.05555555555556,56.05555555555556,55.111111111111114,28.61111111111111,57.0,1060.5,1177.1666666666667,1177.1666666666667,294.2916666666667,2097.1416666666664,2097.1416666666664,0.04987994350282486,0.3554477401129943
3185,37.44444444444444,37.55555555555556,37.55555555555556,36.5,18.833333333333332,44.5,786.3333333333333,788.6666666666667,788.6666666666667,197.16666666666669,1533.9333333333332,1533.9333333333332,0.0334180790960452,0.2599887005649717
3186,47.94444444444444,55.333333333333336,55.333333333333336,54.611111111111114,27.333333333333332,53.55555555555556,1006.8333333333333,1162.0,1162.0,290.5,2002.1166666666666,2002.1166666666666,0.04923728813559322,0.3393418079096045
3187,62.55555555555556,69.5,69.5,68.77777777777777,33.77777777777778,75.38888888888889,1313.6666666666667,1459.5,1459.5,364.875,2598.1083333333336,2598.1083333333336,0.061843220338983054,0.4403573446327684
3188,50.666666666666664,55.111111111111114,55.111111111111114,55.333333333333336,30.38888888888889,56.833333333333336,1064.0,1157.3333333333335,1157.3333333333335,289.33333333333337,2098.133333333333,2098.133333333333,0.049039548022598876,0.3556158192090395
3189,53.666666666666664,55.388888888888886,55.388888888888886,54.833333333333336,26.88888888888889,64.55555555555556,1127.0,1163.1666666666665,1163.1666666666665,290.79166666666663,2206.6916666666666,2206.6916666666666,0.0492867231638418,0.37401553672316384
3190,39.611111111111114,40.611111111111114,40.611111111111114,39.666666666666664,20.0,43.5,831.8333333333334,852.8333333333334,852.8333333333334,213.20833333333334,1627.325,1627.325,0.036137005649717516,0.2758177966101695
3191,51.72222222222222,68.0,68.0,67.77777777777777,34.72222222222222,67.16666666666667,1086.1666666666667,1428.0,1428.0,357.0,2203.4833333333336,2203.4833333333336,0.06050847457627118,0.37347175141242944
3192,34.22222222222222,46.388888888888886,46.388888888888886,45.5,23.38888888888889,44.94444444444444,718.6666666666666,974.1666666666666,974.1666666666666,243.54166666666666,1465.275,1465.275,0.04127824858757062,0.24835169491525425
3193,43.0,60.0,60.0,58.55555555555556,29.61111111111111,55.611111111111114,903.0,1260.0,1260.0,315.0,1850.1,1850.1,0.053389830508474574,0.31357627118644066
3194,36.05555555555556,49.27777777777778,49.27777777777778,49.888888888888886,25.38888888888889,46.77777777777778,757.1666666666667,1034.8333333333333,1034.8333333333333,258.7083333333333,1545.8916666666667,1545.8916666666667,0.04384887005649717,0.26201553672316386
3195,49.666666666666664,48.166666666666664,48.166666666666664,47.22222222222222,23.666666666666668,57.0,1043.0,1011.5,1011.5,252.875,2025.975,2025.975,0.04286016949152542,0.34338559322033896
3196,53.666666666666664,51.666666666666664,51.666666666666664,50.77777777777778,25.944444444444443,58.5,1127.0,1085.0,1085.0,271.25,2187.1499999999996,2187.1499999999996,0.04597457627118644,0.37070338983050843
3197,40.05555555555556,46.22222222222222,46.22222222222222,45.77777777777778,22.72222222222222,48.333333333333336,841.1666666666667,970.6666666666666,970.6666666666666,242.66666666666666,1672.65,1672.65,0.04112994350282486,0.28350000000000003
3198,33.27777777777778,48.22222222222222,48.22222222222222,47.44444444444444,23.944444444444443,44.166666666666664,698.8333333333334,1012.6666666666666,1012.6666666666666,253.16666666666666,1441.1833333333334,1441.1833333333334,0.04290960451977401,0.24426836158192092
3199,38.72222222222222,49.72222222222222,49.72222222222222,49.44444444444444,24.88888888888889,46.05555555555556,813.1666666666666,1044.1666666666667,1044.1666666666667,261.0416666666667,1643.425,1643.425,0.04424435028248588,0.2785466101694915
3200,45.27777777777778,56.55555555555556,56.55555555555556,55.611111111111114,26.88888888888889,52.611111111111114,950.8333333333334,1187.6666666666667,1187.6666666666667,296.9166666666667,1913.3333333333335,1913.3333333333335,0.05032485875706215,0.3242937853107345
3201,46.22222222222222,52.666666666666664,52.666666666666664,51.44444444444444,26.444444444444443,57.44444444444444,970.6666666666666,1106.0,1106.0,276.5,1926.6333333333332,1926.6333333333332,0.046864406779661014,0.32654802259887006
3202,44.666666666666664,45.72222222222222,45.72222222222222,45.77777777777778,23.0,49.55555555555556,938.0,960.1666666666666,960.1666666666666,240.04166666666666,1834.6416666666667,1834.6416666666667,0.04068502824858757,0.31095621468926554
3203,51.5,58.27777777777778,58.27777777777778,58.22222222222222,29.055555555555557,65.83333333333333,1081.5,1223.8333333333333,1223.8333333333333,305.9583333333333,2144.508333333333,2144.508333333333,0.05185734463276836,0.36347598870056497
3204,34.72222222222222,36.666666666666664,36.666666666666664,35.44444444444444,16.333333333333332,44.833333333333336,729.1666666666666,770.0,770.0,192.5,1432.0833333333333,1432.0833333333333,0.032627118644067796,0.24272598870056497
3205,42.666666666666664,56.77777777777778,56.77777777777778,56.388888888888886,27.61111111111111,57.833333333333336,896.0,1192.3333333333333,1192.3333333333333,298.0833333333333,1821.2833333333333,1821.2833333333333,0.050522598870056494,0.30869209039548023
3206,44.166666666666664,60.72222222222222,60.72222222222222,60.05555555555556,31.27777777777778,60.05555555555556,927.5,1275.1666666666667,1275.1666666666667,318.7916666666667,1895.5416666666667,1895.5416666666667,0.05403248587570622,0.32127824858757065
3207,38.888888888888886,46.72222222222222,46.72222222222222,45.5,23.333333333333332,46.833333333333336,816.6666666666666,981.1666666666666,981.1666666666666,245.29166666666666,1633.625,1633.625,0.04157485875706215,0.276885593220339
3208,37.666666666666664,48.666666666666664,48.666666666666664,47.77777777777778,24.444444444444443,42.22222222222222,791.0,1022.0,1022.0,255.5,1600.2,1600.2,0.04330508474576271,0.27122033898305087
3209,36.27777777777778,44.55555555555556,44.55555555555556,44.22222222222222,21.944444444444443,48.72222222222222,761.8333333333334,935.6666666666667,935.6666666666667,233.91666666666669,1529.0333333333335,1529.0333333333335,0.039646892655367236,0.25915819209039553
3210,50.44444444444444,51.55555555555556,51.55555555555556,51.94444444444444,27.333333333333332,58.388888888888886,1059.3333333333333,1082.6666666666667,1082.6666666666667,270.6666666666667,2071.5333333333333,2071.5333333333333,0.04587570621468927,0.3511073446327684
3211,49.333333333333336,48.05555555555556,48.05555555555556,47.5,24.61111111111111,58.94444444444444,1036.0,1009.1666666666667,1009.1666666666667,252.29166666666669,2013.4916666666668,2013.4916666666668,0.04276129943502825,0.34126977401129943
3212,42.05555555555556,51.77777777777778,51.77777777777778,51.388888888888886,27.38888888888889,55.44444444444444,883.1666666666667,1087.3333333333333,1087.3333333333333,271.8333333333333,1773.2166666666667,1773.2166666666667,0.04607344632768361,0.300545197740113
3213,36.166666666666664,42.72222222222222,42.72222222222222,41.55555555555556,20.5,43.77777777777778,759.5,897.1666666666666,897.1666666666666,224.29166666666666,1515.4416666666666,1515.4416666666666,0.03801553672316384,0.2568545197740113
3214,47.888888888888886,55.27777777777778,55.27777777777778,55.111111111111114,28.38888888888889,56.44444444444444,1005.6666666666666,1160.8333333333333,1160.8333333333333,290.2083333333333,1999.8416666666665,1999.8416666666665,0.04918785310734463,0.3389562146892655
3215,51.27777777777778,55.22222222222222,55.22222222222222,54.611111111111114,28.055555555555557,58.72222222222222,1076.8333333333333,1159.6666666666667,1159.6666666666667,289.9166666666667,2120.5333333333333,2120.5333333333333,0.049138418079096045,0.3594124293785311
3216,39.666666666666664,33.05555555555556,33.05555555555556,32.27777777777778,15.222222222222221,43.611111111111114,833.0,694.1666666666667,694.1666666666667,173.54166666666669,1589.6416666666667,1589.6416666666667,0.029413841807909607,0.26943079096045197
3217,49.27777777777778,60.72222222222222,60.72222222222222,60.166666666666664,30.444444444444443,63.333333333333336,1034.8333333333333,1275.1666666666667,1275.1666666666667,318.7916666666667,2078.008333333333,2078.008333333333,0.05403248587570622,0.352204802259887
3218,44.333333333333336,51.333333333333336,51.333333333333336,50.666666666666664,25.5,54.94444444444444,931.0,1078.0,1078.0,269.5,1852.2,1852.2,0.04567796610169492,0.3139322033898305
3219,29.555555555555557,46.27777777777778,46.27777777777778,44.44444444444444,23.0,39.0,620.6666666666667,971.8333333333334,971.8333333333334,242.95833333333334,1298.0916666666667,1298.0916666666667,0.041179378531073445,0.22001553672316385
3220,44.666666666666664,55.72222222222222,55.72222222222222,55.111111111111114,27.61111111111111,54.888888888888886,938.0,1170.1666666666667,1170.1666666666667,292.5416666666667,1887.1416666666667,1887.1416666666667,0.04958333333333333,0.3198545197740113
3221,40.833333333333336,49.05555555555556,49.05555555555556,48.05555555555556,22.88888888888889,47.111111111111114,857.5,1030.1666666666667,1030.1666666666667,257.5416666666667,1715.2916666666667,1715.2916666666667,0.04365112994350283,0.2907274011299435
3222,40.94444444444444,58.166666666666664,58.166666666666664,57.27777777777778,29.444444444444443,49.55555555555556,859.8333333333333,1221.5,1221.5,305.375,1767.0916666666665,1767.0916666666665,0.05175847457627119,0.2995070621468926
3223,42.77777777777778,46.5,46.5,46.0,23.166666666666668,57.111111111111114,898.3333333333334,976.5,976.5,244.125,1771.2916666666667,1771.2916666666667,0.0413771186440678,0.3002189265536723
3224,50.22222222222222,50.44444444444444,50.44444444444444,49.333333333333336,24.5,63.05555555555556,1054.6666666666667,1059.3333333333333,1059.3333333333333,264.8333333333333,2057.766666666667,2057.766666666667,0.04488700564971751,0.3487740112994351
3225,39.77777777777778,55.388888888888886,55.388888888888886,54.55555555555556,26.555555555555557,51.27777777777778,835.3333333333334,1163.1666666666665,1163.1666666666665,290.79166666666663,1710.8583333333331,1710.8583333333331,0.0492867231638418,0.28997598870056496
3226,51.833333333333336,62.611111111111114,62.611111111111114,61.888888888888886,30.166666666666668,64.44444444444444,1088.5,1314.8333333333335,1314.8333333333335,328.70833333333337,2179.1583333333333,2179.1583333333333,0.0557132768361582,0.3693488700564972
3227,44.05555555555556,57.888888888888886,57.888888888888886,58.111111111111114,29.27777777777778,58.833333333333336,925.1666666666667,1215.6666666666665,1215.6666666666665,303.91666666666663,1876.7000000000003,1876.7000000000003,0.05151129943502824,0.3180847457627119
3228,45.388888888888886,58.5,58.5,57.44444444444444,29.833333333333332,54.44444444444444,953.1666666666666,1228.5,1228.5,307.125,1927.5083333333332,1927.5083333333332,0.05205508474576271,0.3266963276836158
3229,35.77777777777778,43.888888888888886,43.888888888888886,42.666666666666664,21.27777777777778,47.333333333333336,751.3333333333334,921.6666666666666,921.6666666666666,230.41666666666666,1507.6833333333334,1507.6833333333334,0.03905367231638418,0.2555395480225989
3230,43.55555555555556,54.72222222222222,54.72222222222222,54.44444444444444,26.61111111111111,53.611111111111114,914.6666666666667,1149.1666666666667,1149.1666666666667,287.2916666666667,1842.2250000000001,1842.2250000000001,0.04869350282485876,0.31224152542372885
3231,36.27777777777778,48.833333333333336,48.833333333333336,48.111111111111114,25.27777777777778,51.22222222222222,761.8333333333334,1025.5,1025.5,256.375,1551.4916666666668,1551.4916666666668,0.043453389830508476,0.26296468926553673
3232,47.05555555555556,46.333333333333336,46.333333333333336,45.94444444444444,23.11111111111111,56.05555555555556,988.1666666666667,973.0,973.0,243.25,1923.1333333333334,1923.1333333333334,0.041228813559322036,0.32595480225988704
3233,42.77777777777778,39.05555555555556,39.05555555555556,39.166666666666664,19.27777777777778,49.833333333333336,898.3333333333334,820.1666666666667,820.1666666666667,205.04166666666669,1732.2083333333335,1732.2083333333335,0.03475282485875707,0.2935946327683616
3234,61.111111111111114,71.88888888888889,71.88888888888889,70.77777777777777,33.888888888888886,80.61111111111111,1283.3333333333335,1509.6666666666665,1509.6666666666665,377.41666666666663,2559.0833333333335,2559.0833333333335,0.06396892655367231,0.43374293785310736
3235,37.388888888888886,55.27777777777778,55.27777777777778,54.166666666666664,27.61111111111111,47.94444444444444,785.1666666666666,1160.8333333333333,1160.8333333333333,290.2083333333333,1624.9916666666666,1624.9916666666666,0.04918785310734463,0.2754223163841808
3236,29.944444444444443,37.5,37.5,36.77777777777778,17.61111111111111,38.833333333333336,628.8333333333333,787.5,787.5,196.875,1265.8916666666664,1265.8916666666664,0.03336864406779661,0.21455790960451973
3237,38.0,39.333333333333336,39.333333333333336,38.55555555555556,20.22222222222222,45.833333333333336,798.0,826.0,826.0,206.5,1563.1,1563.1,0.035,0.2649322033898305
3238,38.5,45.77777777777778,45.77777777777778,44.833333333333336,21.555555555555557,45.666666666666664,808.5,961.3333333333334,961.3333333333334,240.33333333333334,1614.7833333333333,1614.7833333333333,0.04073446327683616,0.2736920903954802
3239,45.94444444444444,59.111111111111114,59.111111111111114,58.44444444444444,28.61111111111111,60.44444444444444,964.8333333333333,1241.3333333333335,1241.3333333333335,310.33333333333337,1950.5499999999997,1950.5499999999997,0.05259887005649718,0.3306016949152542
3240,40.27777777777778,50.22222222222222,50.22222222222222,49.888888888888886,24.333333333333332,47.888888888888886,845.8333333333334,1054.6666666666667,1054.6666666666667,263.6666666666667,1701.5833333333335,1701.5833333333335,0.044689265536723165,0.2884039548022599
3241,33.166666666666664,52.0,52.0,51.72222222222222,25.38888888888889,44.94444444444444,696.5,1092.0,1092.0,273.0,1457.05,1457.05,0.046271186440677965,0.24695762711864405
3242,40.833333333333336,42.72222222222222,42.72222222222222,42.166666666666664,20.166666666666668,47.94444444444444,857.5,897.1666666666666,897.1666666666666,224.29166666666666,1682.0416666666667,1682.0416666666667,0.03801553672316384,0.28509180790960453
3243,46.27777777777778,39.833333333333336,39.833333333333336,39.888888888888886,19.555555555555557,51.22222222222222,971.8333333333334,836.5,836.5,209.125,1861.2416666666668,1861.2416666666668,0.03544491525423729,0.3154646892655367
3244,45.22222222222222,52.5,52.5,52.94444444444444,26.61111111111111,56.166666666666664,949.6666666666666,1102.5,1102.5,275.625,1890.0583333333332,1890.0583333333332,0.04671610169491525,0.32034887005649715
3245,41.94444444444444,50.333333333333336,50.333333333333336,49.72222222222222,25.11111111111111,51.44444444444444,880.8333333333333,1057.0,1057.0,264.25,1761.6666666666665,1761.6666666666665,0.04478813559322034,0.2985875706214689
3246,39.55555555555556,45.72222222222222,45.72222222222222,45.44444444444444,22.88888888888889,48.666666666666664,830.6666666666667,960.1666666666666,960.1666666666666,240.04166666666666,1652.1750000000002,1652.1750000000002,0.04068502824858757,0.2800296610169492
3247,45.5,47.0,47.0,46.833333333333336,23.88888888888889,52.166666666666664,955.5,987.0,987.0,246.75,1871.1,1871.1,0.041822033898305085,0.31713559322033896
3248,42.611111111111114,46.166666666666664,46.166666666666664,45.72222222222222,23.666666666666668,47.888888888888886,894.8333333333334,969.5,969.5,242.375,1763.5916666666667,1763.5916666666667,0.04108050847457627,0.2989138418079096
3249,52.27777777777778,54.666666666666664,54.666666666666664,53.666666666666664,26.61111111111111,60.0,1097.8333333333333,1148.0,1148.0,287.0,2153.3166666666666,2153.3166666666666,0.04864406779661017,0.3649689265536723
3250,48.27777777777778,65.16666666666667,65.16666666666667,65.38888888888889,32.611111111111114,58.0,1013.8333333333334,1368.5,1368.5,342.125,2065.6416666666664,2065.6416666666664,0.05798728813559322,0.35010875706214684
3251,43.5,44.77777777777778,44.77777777777778,43.72222222222222,22.11111111111111,51.27777777777778,913.5,940.3333333333334,940.3333333333334,235.08333333333334,1788.0333333333333,1788.0333333333333,0.03984463276836158,0.3030564971751412
3252,45.0,44.77777777777778,44.77777777777778,43.55555555555556,21.555555555555557,50.44444444444444,945.0,940.3333333333334,940.3333333333334,235.08333333333334,1841.5833333333333,1841.5833333333333,0.03984463276836158,0.3121327683615819
3253,62.27777777777778,61.333333333333336,61.333333333333336,61.111111111111114,30.11111111111111,75.16666666666667,1307.8333333333333,1288.0,1288.0,322.0,2545.3166666666666,2545.3166666666666,0.05457627118644068,0.431409604519774
3254,37.5,55.0,55.0,54.94444444444444,27.666666666666668,50.44444444444444,787.5,1155.0,1155.0,288.75,1627.5,1627.5,0.048940677966101694,0.27584745762711865
3255,40.111111111111114,49.111111111111114,49.111111111111114,48.388888888888886,24.0,48.27777777777778,842.3333333333334,1031.3333333333335,1031.3333333333335,257.83333333333337,1689.8000000000002,1689.8000000000002,0.04370056497175142,0.28640677966101696
3256,56.111111111111114,58.333333333333336,58.333333333333336,58.111111111111114,28.5,74.16666666666667,1178.3333333333335,1225.0,1225.0,306.25,2309.416666666667,2309.416666666667,0.05190677966101695,0.39142655367231644
3257,41.0,42.333333333333336,42.333333333333336,41.77777777777778,22.38888888888889,42.5,861.0,889.0,889.0,222.25,1685.95,1685.95,0.03766949152542373,0.2857542372881356
3258,41.72222222222222,57.166666666666664,57.166666666666664,56.166666666666664,28.72222222222222,50.44444444444444,876.1666666666666,1200.5,1200.5,300.125,1789.6083333333331,1789.6083333333331,0.05086864406779661,0.3033234463276836
3259,38.611111111111114,55.166666666666664,55.166666666666664,54.72222222222222,28.833333333333332,45.44444444444444,810.8333333333334,1158.5,1158.5,289.625,1668.0416666666667,1668.0416666666667,0.04908898305084746,0.2827189265536723
3260,53.166666666666664,52.611111111111114,52.611111111111114,52.22222222222222,27.27777777777778,62.388888888888886,1116.5,1104.8333333333335,1104.8333333333335,276.20833333333337,2174.258333333333,2174.258333333333,0.046814971751412436,0.36851836158192086
3261,57.0,63.333333333333336,63.333333333333336,62.833333333333336,31.77777777777778,72.55555555555556,1197.0,1330.0,1330.0,332.5,2367.3999999999996,2367.3999999999996,0.05635593220338983,0.40125423728813553
3262,50.77777777777778,57.111111111111114,57.111111111111114,56.888888888888886,27.5,58.72222222222222,1066.3333333333333,1199.3333333333335,1199.3333333333335,299.83333333333337,2112.6,2112.6,0.05081920903954803,0.35806779661016946
3263,53.22222222222222,64.38888888888889,64.38888888888889,63.888888888888886,32.5,65.88888888888889,1117.6666666666667,1352.1666666666665,1352.1666666666665,338.04166666666663,2238.075,2238.075,0.05729519774011299,0.3793347457627118
3264,45.94444444444444,56.611111111111114,56.611111111111114,56.27777777777778,28.27777777777778,59.05555555555556,964.8333333333333,1188.8333333333335,1188.8333333333335,297.20833333333337,1937.4249999999997,1937.4249999999997,0.05037429378531074,0.32837711864406777
3265,39.94444444444444,37.333333333333336,37.333333333333336,37.0,18.055555555555557,44.27777777777778,838.8333333333333,784.0,784.0,196.0,1622.0166666666664,1622.0166666666664,0.033220338983050844,0.27491807909604515
3266,38.72222222222222,49.0,49.0,48.77777777777778,23.38888888888889,49.55555555555556,813.1666666666666,1029.0,1029.0,257.25,1639.6333333333332,1639.6333333333332,0.04360169491525424,0.2779039548022599
3267,42.666666666666664,51.44444444444444,51.44444444444444,50.77777777777778,25.38888888888889,52.44444444444444,896.0,1080.3333333333333,1080.3333333333333,270.0833333333333,1793.2833333333333,1793.2833333333333,0.045776836158192086,0.3039463276836158
3268,41.44444444444444,62.666666666666664,62.666666666666664,62.611111111111114,30.61111111111111,56.166666666666664,870.3333333333333,1316.0,1316.0,329.0,1808.5666666666666,1808.5666666666666,0.05576271186440678,0.3065367231638418
3269,44.111111111111114,52.888888888888886,52.888888888888886,52.27777777777778,26.61111111111111,60.0,926.3333333333334,1110.6666666666665,1110.6666666666665,277.66666666666663,1852.4333333333334,1852.4333333333334,0.04706214689265536,0.3139717514124294
3270,49.388888888888886,61.0,61.0,60.611111111111114,29.333333333333332,65.55555555555556,1037.1666666666665,1281.0,1281.0,320.25,2083.433333333333,2083.433333333333,0.05427966101694915,0.3531242937853107
3271,54.22222222222222,62.55555555555556,62.55555555555556,62.5,31.666666666666668,67.55555555555556,1138.6666666666667,1313.6666666666667,1313.6666666666667,328.4166666666667,2264.15,2264.15,0.055663841807909606,0.3837542372881356
3272,33.833333333333336,39.55555555555556,39.55555555555556,39.27777777777778,20.61111111111111,42.44444444444444,710.5,830.6666666666667,830.6666666666667,207.66666666666669,1415.5166666666667,1415.5166666666667,0.035197740112994355,0.2399180790960452
3273,24.27777777777778,33.72222222222222,33.72222222222222,32.888888888888886,16.444444444444443,29.22222222222222,509.83333333333337,708.1666666666666,708.1666666666666,177.04166666666666,1043.7583333333334,1043.7583333333334,0.030007062146892655,0.1769081920903955
3274,34.72222222222222,42.388888888888886,42.388888888888886,41.111111111111114,20.5,45.166666666666664,729.1666666666666,890.1666666666666,890.1666666666666,222.54166666666666,1462.125,1462.125,0.037718926553672316,0.2478177966101695
3275,52.05555555555556,47.44444444444444,47.44444444444444,47.27777777777778,22.72222222222222,60.833333333333336,1093.1666666666667,996.3333333333333,996.3333333333333,249.08333333333331,2107.4666666666667,2107.4666666666667,0.04221751412429378,0.3571977401129944
3276,55.5,65.83333333333333,65.83333333333333,65.94444444444444,32.611111111111114,73.72222222222223,1165.5,1382.5,1382.5,345.625,2326.975,2326.975,0.05858050847457627,0.39440254237288136
3277,39.666666666666664,48.888888888888886,48.888888888888886,47.888888888888886,25.27777777777778,50.388888888888886,833.0,1026.6666666666665,1026.6666666666665,256.66666666666663,1672.7666666666664,1672.7666666666664,0.043502824858757054,0.2835197740112994
3278,37.22222222222222,52.5,52.5,51.5,27.555555555555557,46.72222222222222,781.6666666666666,1102.5,1102.5,275.625,1604.4583333333333,1604.4583333333333,0.04671610169491525,0.27194209039548023
3279,40.05555555555556,47.05555555555556,47.05555555555556,46.388888888888886,24.5,44.27777777777778,841.1666666666667,988.1666666666667,988.1666666666667,247.04166666666669,1677.025,1677.025,0.041871468926553676,0.2842415254237288
3280,58.833333333333336,61.833333333333336,61.833333333333336,61.666666666666664,30.444444444444443,69.27777777777777,1235.5,1298.5,1298.5,324.625,2424.975,2424.975,0.055021186440677966,0.41101271186440674
3281,54.22222222222222,59.833333333333336,59.833333333333336,59.77777777777778,28.333333333333332,67.55555555555556,1138.6666666666667,1256.5,1256.5,314.125,2249.8583333333336,2249.8583333333336,0.053241525423728814,0.38133192090395485
3282,54.0,60.388888888888886,60.388888888888886,59.77777777777778,30.0,62.5,1134.0,1268.1666666666665,1268.1666666666665,317.04166666666663,2244.8416666666667,2244.8416666666667,0.05373587570621468,0.3804816384180791
3283,32.5,41.22222222222222,41.22222222222222,40.72222222222222,19.444444444444443,39.833333333333336,682.5,865.6666666666666,865.6666666666666,216.41666666666666,1376.6666666666667,1376.6666666666667,0.03668079096045197,0.23333333333333334
3284,38.0,42.27777777777778,42.27777777777778,42.55555555555556,22.11111111111111,45.94444444444444,798.0,887.8333333333334,887.8333333333334,221.95833333333334,1578.5583333333332,1578.5583333333332,0.03762005649717514,0.2675522598870056
3285,46.333333333333336,41.0,41.0,40.833333333333336,20.055555555555557,54.0,973.0,861.0,861.0,215.25,1869.35,1869.35,0.03648305084745763,0.31683898305084746
3286,36.55555555555556,57.5,57.5,56.72222222222222,28.88888888888889,47.888888888888886,767.6666666666667,1207.5,1207.5,301.875,1606.9083333333335,1606.9083333333335,0.051165254237288134,0.2723573446327684
3287,44.111111111111114,50.611111111111114,50.611111111111114,49.94444444444444,24.555555555555557,54.111111111111114,926.3333333333334,1062.8333333333335,1062.8333333333335,265.70833333333337,1840.475,1840.475,0.045035310734463284,0.3119449152542373
3288,35.0,44.05555555555556,44.05555555555556,42.888888888888886,21.833333333333332,44.111111111111114,735.0,925.1666666666667,925.1666666666667,231.29166666666669,1480.7916666666667,1480.7916666666667,0.03920197740112995,0.25098163841807913
3289,34.94444444444444,35.94444444444444,35.94444444444444,35.833333333333336,16.88888888888889,39.611111111111114,733.8333333333333,754.8333333333333,754.8333333333333,188.70833333333331,1436.2249999999997,1436.2249999999997,0.031984463276836156,0.24342796610169487
3290,50.833333333333336,53.888888888888886,53.888888888888886,52.666666666666664,24.77777777777778,65.0,1067.5,1131.6666666666665,1131.6666666666665,282.91666666666663,2097.6666666666665,2097.6666666666665,0.047951977401129935,0.3555367231638418
3291,30.11111111111111,37.27777777777778,37.27777777777778,36.72222222222222,19.944444444444443,34.55555555555556,632.3333333333334,782.8333333333334,782.8333333333334,195.70833333333334,1270.675,1270.675,0.03317090395480226,0.2153686440677966
3292,47.72222222222222,37.666666666666664,37.666666666666664,37.77777777777778,19.555555555555557,50.666666666666664,1002.1666666666666,791.0,791.0,197.75,1901.4333333333332,1901.4333333333332,0.03351694915254237,0.3222768361581921
3293,33.611111111111114,39.388888888888886,39.388888888888886,39.22222222222222,19.27777777777778,42.55555555555556,705.8333333333334,827.1666666666666,827.1666666666666,206.79166666666666,1406.7083333333335,1406.7083333333335,0.03504943502824859,0.23842514124293787
3294,31.27777777777778,37.5,37.5,36.72222222222222,18.27777777777778,34.5,656.8333333333334,787.5,787.5,196.875,1313.4916666666668,1313.4916666666668,0.03336864406779661,0.22262570621468927
3295,37.77777777777778,44.166666666666664,44.166666666666664,43.05555555555556,21.555555555555557,43.888888888888886,793.3333333333334,927.5,927.5,231.875,1580.5416666666667,1580.5416666666667,0.03930084745762712,0.2678884180790961
3296,52.05555555555556,65.77777777777777,65.77777777777777,65.61111111111111,33.833333333333336,63.22222222222222,1093.1666666666667,1381.3333333333333,1381.3333333333333,345.3333333333333,2203.7166666666667,2203.7166666666667,0.05853107344632768,0.37351129943502825
3297,44.388888888888886,60.72222222222222,60.72222222222222,59.72222222222222,30.555555555555557,59.111111111111114,932.1666666666666,1275.1666666666667,1275.1666666666667,318.7916666666667,1903.475,1903.475,0.05403248587570622,0.3226228813559322
3298,51.44444444444444,61.666666666666664,61.666666666666664,61.111111111111114,29.666666666666668,69.0,1080.3333333333333,1295.0,1295.0,323.75,2160.3166666666666,2160.3166666666666,0.054872881355932206,0.3661553672316384
3299,39.72222222222222,47.77777777777778,47.77777777777778,46.111111111111114,23.38888888888889,50.55555555555556,834.1666666666666,1003.3333333333334,1003.3333333333334,250.83333333333334,1668.9166666666665,1668.9166666666665,0.04251412429378531,0.28286723163841804
3300,31.555555555555557,49.05555555555556,49.05555555555556,48.333333333333336,25.0,41.77777777777778,662.6666666666667,1030.1666666666667,1030.1666666666667,257.5416666666667,1384.0750000000003,1384.0750000000003,0.04365112994350283,0.2345889830508475
3301,33.666666666666664,50.166666666666664,50.166666666666664,49.611111111111114,24.666666666666668,45.0,707.0,1053.5,1053.5,263.375,1465.2749999999999,1465.2749999999999,0.04463983050847457,0.24835169491525422
3302,36.22222222222222,43.27777777777778,43.27777777777778,42.166666666666664,20.333333333333332,46.666666666666664,760.6666666666666,908.8333333333334,908.8333333333334,227.20833333333334,1520.3416666666665,1520.3416666666665,0.038509887005649716,0.2576850282485875
3303,48.111111111111114,61.666666666666664,61.666666666666664,60.833333333333336,30.055555555555557,62.27777777777778,1010.3333333333334,1295.0,1295.0,323.75,2041.3166666666666,2041.3166666666666,0.054872881355932206,0.3459858757062147
3304,50.888888888888886,52.111111111111114,52.111111111111114,52.833333333333336,26.833333333333332,55.72222222222222,1068.6666666666665,1094.3333333333335,1094.3333333333335,273.58333333333337,2090.3166666666666,2090.3166666666666,0.04637005649717515,0.3542909604519774
3305,49.27777777777778,61.94444444444444,61.94444444444444,61.833333333333336,31.11111111111111,62.0,1034.8333333333333,1300.8333333333333,1300.8333333333333,325.2083333333333,2084.4249999999997,2084.4249999999997,0.055120056497175135,0.3532923728813559
3306,29.555555555555557,31.0,31.0,30.27777777777778,15.38888888888889,34.5,620.6666666666667,651.0,651.0,162.75,1217.8833333333334,1217.8833333333334,0.027584745762711863,0.20642090395480228
3307,45.388888888888886,54.72222222222222,54.72222222222222,53.55555555555556,26.555555555555557,55.666666666666664,953.1666666666666,1149.1666666666667,1149.1666666666667,287.2916666666667,1907.675,1907.675,0.04869350282485876,0.3233347457627119
3308,41.55555555555556,53.27777777777778,53.27777777777778,52.72222222222222,27.333333333333332,50.77777777777778,872.6666666666667,1118.8333333333333,1118.8333333333333,279.7083333333333,1763.2416666666668,1763.2416666666668,0.04740819209039548,0.29885451977401134
3309,46.77777777777778,54.22222222222222,54.22222222222222,53.888888888888886,27.27777777777778,55.5,982.3333333333334,1138.6666666666667,1138.6666666666667,284.6666666666667,1954.6333333333334,1954.6333333333334,0.04824858757062147,0.3312937853107345
3310,49.333333333333336,65.88888888888889,65.88888888888889,65.55555555555556,33.0,59.111111111111114,1036.0,1383.6666666666665,1383.6666666666665,345.91666666666663,2107.116666666667,2107.116666666667,0.058629943502824855,0.3571384180790961
3311,27.22222222222222,36.72222222222222,36.72222222222222,36.27777777777778,17.666666666666668,37.888888888888886,571.6666666666666,771.1666666666666,771.1666666666666,192.79166666666666,1164.625,1164.625,0.03267655367231638,0.19739406779661017
3312,45.22222222222222,56.666666666666664,56.666666666666664,56.388888888888886,29.22222222222222,56.888888888888886,949.6666666666666,1190.0,1190.0,297.5,1911.9333333333332,1911.9333333333332,0.050423728813559325,0.32405649717514123
3313,39.72222222222222,49.22222222222222,49.22222222222222,48.72222222222222,23.27777777777778,50.94444444444444,834.1666666666666,1033.6666666666667,1033.6666666666667,258.4166666666667,1676.5,1676.5,0.04379943502824859,0.28415254237288134
3314,35.27777777777778,45.333333333333336,45.333333333333336,45.05555555555556,22.22222222222222,43.77777777777778,740.8333333333334,952.0,952.0,238.0,1497.4166666666667,1497.4166666666667,0.04033898305084746,0.2537994350282486
3315,36.5,36.111111111111114,36.111111111111114,35.833333333333336,18.666666666666668,43.94444444444444,766.5,758.3333333333334,758.3333333333334,189.58333333333334,1492.6333333333332,1492.6333333333332,0.03213276836158192,0.25298870056497175
3316,40.0,39.888888888888886,39.888888888888886,38.55555555555556,19.27777777777778,43.72222222222222,840.0,837.6666666666666,837.6666666666666,209.41666666666666,1637.4166666666667,1637.4166666666667,0.035494350282485876,0.27752824858757064
3317,53.166666666666664,66.16666666666667,66.16666666666667,66.27777777777777,32.0,71.72222222222223,1116.5,1389.5,1389.5,347.375,2245.425,2245.425,0.0588771186440678,0.3805805084745763
3318,48.94444444444444,50.72222222222222,50.72222222222222,50.27777777777778,24.27777777777778,62.833333333333336,1027.8333333333333,1065.1666666666667,1065.1666666666667,266.2916666666667,2013.6083333333331,2013.6083333333331,0.04513418079096045,0.3412895480225988
3319,43.05555555555556,47.611111111111114,47.611111111111114,47.666666666666664,22.333333333333332,49.111111111111114,904.1666666666667,999.8333333333334,999.8333333333334,249.95833333333334,1787.0416666666667,1787.0416666666667,0.04236581920903955,0.30288841807909606
3320,51.77777777777778,54.666666666666664,54.666666666666664,54.388888888888886,26.333333333333332,57.833333333333336,1087.3333333333333,1148.0,1148.0,287.0,2135.4666666666662,2135.4666666666662,0.04864406779661017,0.3619435028248587
3321,45.22222222222222,49.611111111111114,49.611111111111114,48.666666666666664,23.88888888888889,56.166666666666664,949.6666666666666,1041.8333333333335,1041.8333333333335,260.45833333333337,1874.8916666666664,1874.8916666666664,0.04414548022598871,0.3177782485875706
3322,33.833333333333336,43.111111111111114,43.111111111111114,42.44444444444444,20.27777777777778,48.5,710.5,905.3333333333334,905.3333333333334,226.33333333333334,1434.1833333333332,1434.1833333333332,0.038361581920903956,0.24308192090395478
3323,38.27777777777778,47.94444444444444,47.94444444444444,47.333333333333336,23.11111111111111,45.77777777777778,803.8333333333334,1006.8333333333333,1006.8333333333333,251.70833333333331,1618.225,1618.225,0.04266242937853107,0.2742754237288135
3324,37.0,50.5,50.5,50.55555555555556,25.22222222222222,49.666666666666664,777.0,1060.5,1060.5,265.125,1586.0249999999999,1586.0249999999999,0.0449364406779661,0.26881779661016947
3325,49.44444444444444,64.61111111111111,64.61111111111111,64.44444444444444,32.22222222222222,61.333333333333336,1038.3333333333333,1356.8333333333335,1356.8333333333335,339.20833333333337,2104.375,2104.375,0.05749293785310735,0.3566737288135593
3326,42.94444444444444,48.44444444444444,48.44444444444444,47.888888888888886,23.11111111111111,51.888888888888886,901.8333333333333,1017.3333333333333,1017.3333333333333,254.33333333333331,1787.4499999999998,1787.4499999999998,0.04310734463276836,0.30295762711864405
3327,48.55555555555556,67.94444444444444,67.94444444444444,67.61111111111111,33.833333333333336,63.666666666666664,1019.6666666666667,1426.8333333333333,1426.8333333333333,356.7083333333333,2090.141666666667,2090.141666666667,0.0604590395480226,0.35426129943502827
3328,43.94444444444444,44.72222222222222,44.72222222222222,45.0,23.0,48.77777777777778,922.8333333333333,939.1666666666666,939.1666666666666,234.79166666666666,1803.6083333333333,1803.6083333333333,0.039795197740112996,0.3056963276836158
3329,50.55555555555556,45.5,45.5,45.611111111111114,22.22222222222222,56.72222222222222,1061.6666666666667,955.5,955.5,238.875,2043.7083333333335,2043.7083333333335,0.04048728813559322,0.3463912429378531
3330,55.888888888888886,59.72222222222222,59.72222222222222,59.27777777777778,30.166666666666668,67.44444444444444,1173.6666666666665,1254.1666666666667,1254.1666666666667,313.5416666666667,2308.7749999999996,2308.7749999999996,0.053142655367231645,0.3913177966101694
3331,52.44444444444444,65.44444444444444,65.44444444444444,65.22222222222223,31.555555555555557,65.38888888888889,1101.3333333333333,1374.3333333333333,1374.3333333333333,343.5833333333333,2215.85,2215.85,0.05823446327683616,0.3755677966101695
3332,65.22222222222223,56.833333333333336,56.833333333333336,57.27777777777778,26.72222222222222,74.72222222222223,1369.6666666666667,1193.5,1193.5,298.375,2626.8083333333334,2626.8083333333334,0.050572033898305085,0.44522175141242937
3333,55.666666666666664,54.27777777777778,54.27777777777778,53.611111111111114,28.0,61.166666666666664,1169.0,1139.8333333333333,1139.8333333333333,284.9583333333333,2272.258333333333,2272.258333333333,0.048298022598870054,0.3851285310734463
3334,50.94444444444444,56.72222222222222,56.72222222222222,56.5,28.27777777777778,70.38888888888889,1069.8333333333333,1191.1666666666667,1191.1666666666667,297.7916666666667,2116.508333333333,2116.508333333333,0.05047316384180791,0.3587302259887005
3335,46.22222222222222,46.27777777777778,46.27777777777778,45.27777777777778,21.666666666666668,59.888888888888886,970.6666666666666,971.8333333333334,971.8333333333334,242.95833333333334,1893.0916666666665,1893.0916666666665,0.041179378531073445,0.3208629943502824
3336,45.77777777777778,45.05555555555556,45.05555555555556,44.333333333333336,20.833333333333332,57.166666666666664,961.3333333333334,946.1666666666667,946.1666666666667,236.54166666666669,1870.8083333333334,1870.8083333333334,0.040091807909604524,0.3170861581920904
3337,44.833333333333336,52.5,52.5,51.77777777777778,25.666666666666668,57.0,941.5,1102.5,1102.5,275.625,1876.175,1876.175,0.04671610169491525,0.3179957627118644
3338,46.388888888888886,48.333333333333336,48.333333333333336,47.22222222222222,22.5,58.27777777777778,974.1666666666666,1015.0,1015.0,253.75,1909.8333333333333,1909.8333333333333,0.04300847457627119,0.3237005649717514
3339,53.888888888888886,59.05555555555556,59.05555555555556,58.55555555555556,28.055555555555557,65.44444444444444,1131.6666666666665,1240.1666666666667,1240.1666666666667,310.0416666666667,2233.8749999999995,2233.8749999999995,0.05254943502824859,0.37862288135593214
3340,49.833333333333336,47.833333333333336,47.833333333333336,46.72222222222222,22.555555555555557,56.77777777777778,1046.5,1004.5,1004.5,251.125,2030.175,2030.175,0.0425635593220339,0.34409745762711863
3341,42.0,45.22222222222222,45.22222222222222,45.27777777777778,23.055555555555557,45.111111111111114,882.0,949.6666666666666,949.6666666666666,237.41666666666666,1736.8166666666666,1736.8166666666666,0.040240112994350284,0.2943757062146893
3342,35.44444444444444,47.22222222222222,47.22222222222222,47.44444444444444,23.944444444444443,47.55555555555556,744.3333333333333,991.6666666666666,991.6666666666666,247.91666666666666,1513.2833333333333,1513.2833333333333,0.042019774011299436,0.25648870056497175
3343,29.88888888888889,54.166666666666664,54.166666666666664,53.111111111111114,26.055555555555557,42.111111111111114,627.6666666666666,1137.5,1137.5,284.375,1351.4083333333333,1351.4083333333333,0.048199152542372885,0.22905225988700564
3344,40.333333333333336,52.05555555555556,52.05555555555556,51.833333333333336,27.0,50.77777777777778,847.0,1093.1666666666667,1093.1666666666667,273.2916666666667,1713.1916666666666,1713.1916666666666,0.04632062146892656,0.2903714689265537
3345,46.888888888888886,57.5,57.5,56.77777777777778,28.27777777777778,57.166666666666664,984.6666666666666,1207.5,1207.5,301.875,1975.8083333333332,1975.8083333333332,0.051165254237288134,0.3348827683615819
3346,42.888888888888886,34.22222222222222,34.22222222222222,34.27777777777778,18.11111111111111,45.5,900.6666666666666,718.6666666666666,718.6666666666666,179.66666666666666,1710.8,1710.8,0.030451977401129943,0.28996610169491527
3347,43.05555555555556,51.94444444444444,51.94444444444444,50.666666666666664,26.444444444444443,56.666666666666664,904.1666666666667,1090.8333333333333,1090.8333333333333,272.7083333333333,1809.7916666666667,1809.7916666666667,0.046221751412429374,0.30674435028248587
3348,54.05555555555556,54.666666666666664,54.666666666666664,53.72222222222222,26.11111111111111,68.11111111111111,1135.1666666666667,1148.0,1148.0,287.0,2216.7833333333333,2216.7833333333333,0.04864406779661017,0.37572598870056495
3349,28.5,40.888888888888886,40.888888888888886,39.72222222222222,20.27777777777778,32.72222222222222,598.5,858.6666666666666,858.6666666666666,214.66666666666666,1232.1166666666666,1232.1166666666666,0.03638418079096045,0.20883333333333332
3350,45.5,48.5,48.5,48.05555555555556,24.11111111111111,54.55555555555556,955.5,1018.5,1018.5,254.625,1878.975,1878.975,0.04315677966101695,0.3184703389830508
3351,46.888888888888886,52.94444444444444,52.94444444444444,51.611111111111114,25.444444444444443,58.55555555555556,984.6666666666666,1111.8333333333333,1111.8333333333333,277.9583333333333,1951.8916666666664,1951.8916666666664,0.04711158192090395,0.3308290960451977
3352,42.666666666666664,54.55555555555556,54.55555555555556,53.888888888888886,28.22222222222222,53.388888888888886,896.0,1145.6666666666667,1145.6666666666667,286.4166666666667,1809.6166666666668,1809.6166666666668,0.048545197740113,0.30671468926553674
3353,38.166666666666664,39.611111111111114,39.611111111111114,39.388888888888886,20.61111111111111,46.5,801.5,831.8333333333334,831.8333333333334,207.95833333333334,1570.5083333333332,1570.5083333333332,0.03524717514124294,0.2661878531073446
3354,51.94444444444444,57.0,57.0,56.888888888888886,28.88888888888889,61.44444444444444,1090.8333333333333,1197.0,1197.0,299.25,2153.6666666666665,2153.6666666666665,0.050720338983050846,0.3650282485875706
3355,46.888888888888886,44.05555555555556,44.05555555555556,43.77777777777778,23.444444444444443,51.333333333333336,984.6666666666666,925.1666666666667,925.1666666666667,231.29166666666669,1905.225,1905.225,0.03920197740112995,0.3229194915254237
3356,42.166666666666664,43.388888888888886,43.388888888888886,43.111111111111114,22.166666666666668,48.388888888888886,885.5,911.1666666666666,911.1666666666666,227.79166666666666,1733.1416666666667,1733.1416666666667,0.03860875706214689,0.29375282485875703
3357,34.166666666666664,38.22222222222222,38.22222222222222,37.611111111111114,18.22222222222222,36.333333333333336,717.5,802.6666666666666,802.6666666666666,200.66666666666666,1420.4166666666667,1420.4166666666667,0.034011299435028244,0.24074858757062148
3358,43.22222222222222,57.111111111111114,57.111111111111114,57.333333333333336,29.11111111111111,54.5,907.6666666666666,1199.3333333333335,1199.3333333333335,299.83333333333337,1842.8666666666668,1842.8666666666668,0.05081920903954803,0.3123502824858757
3359,43.94444444444444,53.888888888888886,53.888888888888886,54.22222222222222,29.0,54.666666666666664,922.8333333333333,1131.6666666666665,1131.6666666666665,282.91666666666663,1851.7333333333331,1851.7333333333331,0.047951977401129935,0.31385310734463273
3360,51.77777777777778,58.22222222222222,58.22222222222222,57.888888888888886,28.444444444444443,62.833333333333336,1087.3333333333333,1222.6666666666667,1222.6666666666667,305.6666666666667,2154.133333333333,2154.133333333333,0.05180790960451978,0.36510734463276834
3361,39.111111111111114,49.833333333333336,49.833333333333336,48.333333333333336,25.055555555555557,47.166666666666664,821.3333333333334,1046.5,1046.5,261.625,1657.8916666666667,1657.8916666666667,0.04434322033898305,0.28099858757062146
3362,46.333333333333336,62.333333333333336,62.333333333333336,61.888888888888886,31.666666666666668,60.833333333333336,973.0,1309.0,1309.0,327.25,1981.35,1981.35,0.055466101694915254,0.33582203389830506
3363,34.333333333333336,38.111111111111114,38.111111111111114,38.22222222222222,19.444444444444443,38.77777777777778,721.0,800.3333333333334,800.3333333333334,200.08333333333334,1425.7833333333333,1425.7833333333333,0.033912429378531075,0.24165819209039546
3364,41.833333333333336,48.5,48.5,48.5,24.944444444444443,45.44444444444444,878.5,1018.5,1018.5,254.625,1748.075,1748.075,0.04315677966101695,0.2962838983050848
3365,26.22222222222222,37.333333333333336,37.333333333333336,36.77777777777778,17.833333333333332,31.77777777777778,550.6666666666666,784.0,784.0,196.0,1132.1333333333332,1132.1333333333332,0.033220338983050844,0.1918870056497175
3366,43.333333333333336,60.388888888888886,60.388888888888886,59.333333333333336,29.27777777777778,57.333333333333336,910.0,1268.1666666666665,1268.1666666666665,317.04166666666663,1864.0416666666665,1864.0416666666665,0.05373587570621468,0.31593926553672314
3367,37.77777777777778,53.55555555555556,53.55555555555556,52.77777777777778,26.88888888888889,49.27777777777778,793.3333333333334,1124.6666666666667,1124.6666666666667,281.1666666666667,1629.8333333333335,1629.8333333333335,0.04765536723163842,0.2762429378531074
3368,52.611111111111114,54.27777777777778,54.27777777777778,53.77777777777778,26.11111111111111,71.88888888888889,1104.8333333333335,1139.8333333333333,1139.8333333333333,284.9583333333333,2163.175,2163.175,0.048298022598870054,0.3666398305084746
3369,40.5,45.111111111111114,45.111111111111114,44.0,22.166666666666668,51.22222222222222,850.5,947.3333333333334,947.3333333333334,236.83333333333334,1682.6833333333332,1682.6833333333332,0.04014124293785311,0.2852005649717514
3370,49.333333333333336,56.77777777777778,56.77777777777778,56.77777777777778,29.22222222222222,54.22222222222222,1036.0,1192.3333333333333,1192.3333333333333,298.0833333333333,2059.2833333333333,2059.2833333333333,0.050522598870056494,0.34903107344632767
3371,37.888888888888886,54.166666666666664,54.166666666666664,53.77777777777778,27.166666666666668,48.05555555555556,795.6666666666666,1137.5,1137.5,284.375,1637.0083333333332,1637.0083333333332,0.048199152542372885,0.2774590395480226
3372,40.5,41.666666666666664,41.666666666666664,41.27777777777778,20.444444444444443,48.0,850.5,875.0,875.0,218.75,1664.6,1664.6,0.037076271186440676,0.282135593220339
3373,46.888888888888886,54.833333333333336,54.833333333333336,54.166666666666664,28.22222222222222,56.5,984.6666666666666,1151.5,1151.5,287.875,1961.8083333333332,1961.8083333333332,0.04879237288135593,0.3325098870056497
3374,42.44444444444444,42.833333333333336,42.833333333333336,42.27777777777778,20.38888888888889,48.5,891.3333333333333,899.5,899.5,224.875,1740.1416666666664,1740.1416666666664,0.03811440677966102,0.2949392655367231
3375,49.55555555555556,50.333333333333336,50.333333333333336,50.27777777777778,24.833333333333332,63.05555555555556,1040.6666666666667,1057.0,1057.0,264.25,2033.3833333333334,2033.3833333333334,0.04478813559322034,0.34464124293785314
3376,56.05555555555556,60.44444444444444,60.44444444444444,58.94444444444444,29.61111111111111,68.55555555555556,1177.1666666666667,1269.3333333333333,1269.3333333333333,317.3333333333333,2318.516666666667,2318.516666666667,0.05378531073446327,0.3929689265536723
3377,50.611111111111114,57.27777777777778,57.27777777777778,56.666666666666664,28.666666666666668,59.611111111111114,1062.8333333333335,1202.8333333333333,1202.8333333333333,300.7083333333333,2107.525,2107.525,0.05096751412429378,0.35720762711864407
3378,44.94444444444444,49.888888888888886,49.888888888888886,49.72222222222222,24.166666666666668,51.611111111111114,943.8333333333333,1047.6666666666665,1047.6666666666665,261.91666666666663,1866.433333333333,1866.433333333333,0.04439265536723163,0.3163446327683615
3379,38.333333333333336,45.5,45.5,44.72222222222222,22.055555555555557,46.666666666666664,805.0,955.5,955.5,238.875,1607.375,1607.375,0.04048728813559322,0.2724364406779661
3380,36.166666666666664,43.333333333333336,43.333333333333336,42.77777777777778,20.22222222222222,44.388888888888886,759.5,910.0,910.0,227.5,1518.6499999999999,1518.6499999999999,0.03855932203389831,0.25739830508474576
3381,41.0,47.77777777777778,47.77777777777778,47.55555555555556,24.22222222222222,47.5,861.0,1003.3333333333334,1003.3333333333334,250.83333333333334,1714.5333333333333,1714.5333333333333,0.04251412429378531,0.29059887005649715
3382,44.55555555555556,52.111111111111114,52.111111111111114,51.55555555555556,25.166666666666668,59.22222222222222,935.6666666666667,1094.3333333333335,1094.3333333333335,273.58333333333337,1864.2166666666667,1864.2166666666667,0.04637005649717515,0.3159689265536723
3383,45.72222222222222,58.0,58.0,56.888888888888886,29.055555555555557,60.94444444444444,960.1666666666666,1218.0,1218.0,304.5,1936.7833333333333,1936.7833333333333,0.05161016949152542,0.3282683615819209
3384,46.833333333333336,57.22222222222222,57.22222222222222,56.5,27.0,57.888888888888886,983.5,1201.6666666666667,1201.6666666666667,300.4166666666667,1972.3666666666668,1972.3666666666668,0.0509180790960452,0.3342994350282486
3385,49.388888888888886,51.5,51.5,51.22222222222222,25.833333333333332,57.44444444444444,1037.1666666666665,1081.5,1081.5,270.375,2033.558333333333,2033.558333333333,0.04582627118644068,0.3446709039548022
3386,51.166666666666664,61.888888888888886,61.888888888888886,61.166666666666664,29.833333333333332,65.22222222222223,1074.5,1299.6666666666665,1299.6666666666665,324.91666666666663,2151.5666666666666,2151.5666666666666,0.05507062146892655,0.3646723163841808
3387,44.5,40.166666666666664,40.166666666666664,39.44444444444444,20.166666666666668,40.44444444444444,934.5,843.5,843.5,210.875,1799.5249999999999,1799.5249999999999,0.03574152542372881,0.3050042372881356
3388,45.22222222222222,51.94444444444444,51.94444444444444,51.166666666666664,26.61111111111111,52.77777777777778,949.6666666666666,1090.8333333333333,1090.8333333333333,272.7083333333333,1887.1416666666664,1887.1416666666664,0.046221751412429374,0.31985451977401125
3389,43.44444444444444,52.77777777777778,52.77777777777778,51.44444444444444,25.055555555555557,56.888888888888886,912.3333333333333,1108.3333333333333,1108.3333333333333,277.0833333333333,1828.0499999999997,1828.0499999999997,0.04696327683615819,0.3098389830508474
3390,42.94444444444444,43.44444444444444,43.44444444444444,42.666666666666664,22.055555555555557,53.0,901.8333333333333,912.3333333333333,912.3333333333333,228.08333333333331,1761.1999999999998,1761.1999999999998,0.03865819209039548,0.29850847457627117
3391,49.22222222222222,55.0,55.0,54.166666666666664,26.77777777777778,64.11111111111111,1033.6666666666667,1155.0,1155.0,288.75,2045.9833333333333,2045.9833333333333,0.048940677966101694,0.3467768361581921
3392,45.833333333333336,53.388888888888886,53.388888888888886,51.611111111111114,25.833333333333332,54.22222222222222,962.5,1121.1666666666665,1121.1666666666665,280.29166666666663,1916.5416666666665,1916.5416666666665,0.04750706214689265,0.3248375706214689
3393,49.72222222222222,61.22222222222222,61.22222222222222,60.94444444444444,29.38888888888889,63.611111111111114,1044.1666666666667,1285.6666666666667,1285.6666666666667,321.4166666666667,2096.5,2096.5,0.05447740112994351,0.35533898305084743
3394,49.5,55.111111111111114,55.111111111111114,54.333333333333336,25.444444444444443,61.77777777777778,1039.5,1157.3333333333335,1157.3333333333335,289.33333333333337,2056.483333333333,2056.483333333333,0.049039548022598876,0.3485564971751412
3395,35.666666666666664,45.27777777777778,45.27777777777778,44.833333333333336,21.22222222222222,43.77777777777778,749.0,950.8333333333334,950.8333333333334,237.70833333333334,1511.0083333333332,1511.0083333333332,0.04028954802259887,0.25610310734463276
3396,49.333333333333336,63.77777777777778,63.77777777777778,63.111111111111114,32.44444444444444,61.22222222222222,1036.0,1339.3333333333333,1339.3333333333333,334.8333333333333,2096.0333333333333,2096.0333333333333,0.05675141242937853,0.3552598870056497
3397,39.111111111111114,55.666666666666664,55.666666666666664,55.72222222222222,27.055555555555557,52.333333333333336,821.3333333333334,1169.0,1169.0,292.25,1688.5166666666667,1688.5166666666667,0.04953389830508475,0.28618926553672314
3398,45.55555555555556,47.333333333333336,47.333333333333336,46.833333333333336,24.38888888888889,56.333333333333336,956.6666666666667,994.0,994.0,248.5,1874.8333333333335,1874.8333333333335,0.04211864406779661,0.31776836158192096
3399,43.27777777777778,46.833333333333336,46.833333333333336,45.55555555555556,22.0,54.94444444444444,908.8333333333334,983.5,983.5,245.875,1790.8916666666667,1790.8916666666667,0.041673728813559324,0.3035409604519774
3400,36.44444444444444,51.333333333333336,51.333333333333336,51.388888888888886,26.5,47.0,765.3333333333333,1078.0,1078.0,269.5,1570.5666666666666,1570.5666666666666,0.04567796610169492,0.26619774011299435
3401,43.77777777777778,46.44444444444444,46.44444444444444,45.55555555555556,22.27777777777778,48.166666666666664,919.3333333333334,975.3333333333333,975.3333333333333,243.83333333333331,1806.7,1806.7,0.041327683615819205,0.30622033898305084
3402,43.27777777777778,44.666666666666664,44.666666666666664,44.22222222222222,20.88888888888889,51.05555555555556,908.8333333333334,938.0,938.0,234.5,1779.5166666666667,1779.5166666666667,0.039745762711864405,0.3016129943502825
3403,44.94444444444444,47.666666666666664,47.666666666666664,47.166666666666664,22.77777777777778,54.22222222222222,943.8333333333333,1001.0,1001.0,250.25,1854.7666666666664,1854.7666666666664,0.04241525423728813,0.31436723163841807
3404,42.94444444444444,65.33333333333333,65.33333333333333,64.22222222222223,32.77777777777778,54.44444444444444,901.8333333333333,1372.0,1372.0,343.0,1876.1166666666666,1876.1166666666666,0.05813559322033898,0.31798587570621467
3405,46.05555555555556,52.55555555555556,52.55555555555556,51.888888888888886,26.11111111111111,58.833333333333336,967.1666666666667,1103.6666666666667,1103.6666666666667,275.9166666666667,1920.1000000000001,1920.1000000000001,0.046765536723163845,0.3254406779661017
3406,50.55555555555556,64.0,64.0,63.666666666666664,30.72222222222222,59.388888888888886,1061.6666666666667,1344.0,1344.0,336.0,2140.8333333333335,2140.8333333333335,0.05694915254237288,0.3628531073446328
3407,46.666666666666664,57.0,57.0,55.666666666666664,28.61111111111111,55.94444444444444,980.0,1197.0,1197.0,299.25,1965.25,1965.25,0.050720338983050846,0.33309322033898303
3408,51.888888888888886,60.05555555555556,60.05555555555556,58.94444444444444,28.22222222222222,63.94444444444444,1089.6666666666665,1261.1666666666667,1261.1666666666667,315.2916666666667,2167.7249999999995,2167.7249999999995,0.053439265536723166,0.36741101694915246
3409,56.333333333333336,68.22222222222223,68.22222222222223,67.72222222222223,34.44444444444444,64.83333333333333,1183.0,1432.6666666666667,1432.6666666666667,358.1666666666667,2369.2666666666664,2369.2666666666664,0.06070621468926554,0.4015706214689265
3410,43.111111111111114,42.666666666666664,42.666666666666664,41.111111111111114,19.88888888888889,47.94444444444444,905.3333333333334,896.0,896.0,224.0,1763.0666666666666,1763.0666666666666,0.03796610169491525,0.29882485875706216
3411,62.44444444444444,67.5,67.5,66.66666666666667,32.55555555555556,80.16666666666667,1311.3333333333333,1417.5,1417.5,354.375,2583.6416666666664,2583.6416666666664,0.060063559322033895,0.43790536723163836
3412,44.666666666666664,40.333333333333336,40.333333333333336,39.611111111111114,20.166666666666668,51.611111111111114,938.0,847.0,847.0,211.75,1806.35,1806.35,0.03588983050847458,0.30616101694915254
3413,53.833333333333336,61.05555555555556,61.05555555555556,60.388888888888886,28.77777777777778,67.55555555555556,1130.5,1282.1666666666667,1282.1666666666667,320.5416666666667,2242.3916666666664,2242.3916666666664,0.05432909604519774,0.3800663841807909
3414,51.388888888888886,58.611111111111114,58.611111111111114,58.166666666666664,29.5,65.88888888888889,1079.1666666666665,1230.8333333333335,1230.8333333333335,307.70833333333337,2142.2916666666665,2142.2916666666665,0.05215395480225989,0.36310028248587567
3415,52.166666666666664,62.27777777777778,62.27777777777778,60.833333333333336,30.055555555555557,60.22222222222222,1095.5,1307.8333333333333,1307.8333333333333,326.9583333333333,2189.3083333333334,2189.3083333333334,0.05541666666666666,0.37106920903954804
3416,40.5,53.166666666666664,53.166666666666664,52.833333333333336,26.944444444444443,52.833333333333336,850.5,1116.5,1116.5,279.125,1724.975,1724.975,0.0473093220338983,0.2923686440677966
3417,38.388888888888886,51.27777777777778,51.27777777777778,50.44444444444444,27.0,44.888888888888886,806.1666666666666,1076.8333333333333,1076.8333333333333,269.2083333333333,1639.6916666666664,1639.6916666666664,0.045628531073446325,0.27791384180790957
3418,42.94444444444444,55.5,55.5,54.77777777777778,27.5,53.05555555555556,901.8333333333333,1165.5,1165.5,291.375,1824.4916666666666,1824.4916666666666,0.04938559322033898,0.3092358757062147
3419,46.333333333333336,58.333333333333336,58.333333333333336,58.111111111111114,28.72222222222222,57.0,973.0,1225.0,1225.0,306.25,1960.35,1960.35,0.05190677966101695,0.33226271186440676
3420,40.05555555555556,56.111111111111114,56.111111111111114,55.333333333333336,27.77777777777778,51.77777777777778,841.1666666666667,1178.3333333333335,1178.3333333333335,294.58333333333337,1724.5666666666666,1724.5666666666666,0.04992937853107345,0.29229943502824857
3421,26.055555555555557,41.388888888888886,41.388888888888886,40.72222222222222,20.333333333333332,33.94444444444444,547.1666666666667,869.1666666666666,869.1666666666666,217.29166666666666,1147.4750000000001,1147.4750000000001,0.03682909604519774,0.19448728813559324
3422,44.72222222222222,47.666666666666664,47.666666666666664,46.333333333333336,22.666666666666668,53.333333333333336,939.1666666666666,1001.0,1001.0,250.25,1846.8333333333333,1846.8333333333333,0.04241525423728813,0.3130225988700565
3423,28.27777777777778,43.611111111111114,43.611111111111114,42.44444444444444,21.944444444444443,36.77777777777778,593.8333333333334,915.8333333333334,915.8333333333334,228.95833333333334,1238.475,1238.475,0.038806497175141244,0.20991101694915254
3424,40.27777777777778,48.22222222222222,48.22222222222222,48.05555555555556,23.61111111111111,46.5,845.8333333333334,1012.6666666666666,1012.6666666666666,253.16666666666666,1691.0833333333335,1691.0833333333335,0.04290960451977401,0.28662429378531074
3425,40.72222222222222,35.5,35.5,34.666666666666664,18.27777777777778,41.5,855.1666666666666,745.5,745.5,186.375,1640.1583333333333,1640.1583333333333,0.03158898305084746,0.27799293785310736
3426,47.333333333333336,50.27777777777778,50.27777777777778,49.72222222222222,23.88888888888889,53.72222222222222,994.0,1055.8333333333333,1055.8333333333333,263.9583333333333,1953.7583333333332,1953.7583333333332,0.04473870056497175,0.33114548022598866
3427,40.22222222222222,47.94444444444444,47.94444444444444,47.05555555555556,23.11111111111111,53.166666666666664,844.6666666666666,1006.8333333333333,1006.8333333333333,251.70833333333331,1687.6416666666664,1687.6416666666664,0.04266242937853107,0.28604096045197736
3428,39.0,43.888888888888886,43.888888888888886,43.333333333333336,22.166666666666668,44.666666666666664,819.0,921.6666666666666,921.6666666666666,230.41666666666666,1622.7166666666667,1622.7166666666667,0.03905367231638418,0.2750367231638418
3429,46.333333333333336,53.0,53.0,52.94444444444444,26.0,58.27777777777778,973.0,1113.0,1113.0,278.25,1932.35,1932.35,0.04716101694915254,0.32751694915254237
3430,47.388888888888886,61.333333333333336,61.333333333333336,60.833333333333336,30.944444444444443,55.44444444444444,995.1666666666666,1288.0,1288.0,322.0,2013.7833333333333,2013.7833333333333,0.05457627118644068,0.34131920903954804
3431,40.5,47.611111111111114,47.611111111111114,47.388888888888886,23.333333333333332,52.22222222222222,850.5,999.8333333333334,999.8333333333334,249.95833333333334,1695.8083333333332,1695.8083333333332,0.04236581920903955,0.28742514124293783
3432,56.111111111111114,61.72222222222222,61.72222222222222,61.111111111111114,29.72222222222222,64.16666666666667,1178.3333333333335,1296.1666666666667,1296.1666666666667,324.0416666666667,2327.2083333333335,2327.2083333333335,0.0549223163841808,0.3944420903954802
3433,42.22222222222222,49.0,49.0,48.166666666666664,22.5,52.388888888888886,886.6666666666666,1029.0,1029.0,257.25,1764.5833333333333,1764.5833333333333,0.04360169491525424,0.2990819209039548
3434,41.22222222222222,51.22222222222222,51.22222222222222,50.388888888888886,25.27777777777778,51.388888888888886,865.6666666666666,1075.6666666666667,1075.6666666666667,268.9166666666667,1740.55,1740.55,0.04557909604519774,0.29500847457627116
3435,50.888888888888886,62.166666666666664,62.166666666666664,61.666666666666664,31.5,63.44444444444444,1068.6666666666665,1305.5,1305.5,326.375,2143.108333333333,2143.108333333333,0.055317796610169494,0.3632387005649717
3436,40.888888888888886,45.27777777777778,45.27777777777778,45.388888888888886,23.166666666666668,44.611111111111114,858.6666666666666,950.8333333333334,950.8333333333334,237.70833333333334,1697.4416666666664,1697.4416666666664,0.04028954802259887,0.2877019774011299
3437,36.27777777777778,46.72222222222222,46.72222222222222,45.388888888888886,22.833333333333332,42.27777777777778,761.8333333333334,981.1666666666666,981.1666666666666,245.29166666666666,1540.4083333333335,1540.4083333333335,0.04157485875706215,0.2610861581920904
3438,60.0,58.833333333333336,58.833333333333336,58.27777777777778,28.833333333333332,69.44444444444444,1260.0,1235.5,1235.5,308.875,2450.875,2450.875,0.05235169491525424,0.4154025423728814
3439,50.27777777777778,55.611111111111114,55.611111111111114,54.72222222222222,27.055555555555557,58.833333333333336,1055.8333333333333,1167.8333333333335,1167.8333333333335,291.95833333333337,2086.875,2086.875,0.049484463276836164,0.35370762711864406
3440,50.44444444444444,53.611111111111114,53.611111111111114,53.44444444444444,26.333333333333332,57.5,1059.3333333333333,1125.8333333333335,1125.8333333333335,281.45833333333337,2082.325,2082.325,0.04770480225988701,0.3529364406779661
3441,61.5,61.55555555555556,61.55555555555556,61.5,29.22222222222222,80.11111111111111,1291.5,1292.6666666666667,1292.6666666666667,323.1666666666667,2518.7166666666662,2518.7166666666662,0.05477401129943503,0.42690112994350277
3442,38.05555555555556,50.833333333333336,50.833333333333336,50.44444444444444,23.72222222222222,47.55555555555556,799.1666666666667,1067.5,1067.5,266.875,1625.4583333333335,1625.4583333333335,0.04523305084745763,0.27550141242937853
3443,50.611111111111114,55.27777777777778,55.27777777777778,55.0,25.944444444444443,61.611111111111114,1062.8333333333335,1160.8333333333333,1160.8333333333333,290.2083333333333,2097.025,2097.025,0.04918785310734463,0.3554279661016949
3444,49.0,49.333333333333336,49.333333333333336,48.77777777777778,24.833333333333332,55.888888888888886,1029.0,1036.0,1036.0,259.0,2008.3,2008.3,0.043898305084745765,0.34038983050847454
3445,40.27777777777778,52.0,52.0,51.27777777777778,25.77777777777778,49.44444444444444,845.8333333333334,1092.0,1092.0,273.0,1710.9166666666667,1710.9166666666667,0.046271186440677965,0.2899858757062147
3446,25.555555555555557,44.0,44.0,43.666666666666664,22.833333333333332,37.72222222222222,536.6666666666667,924.0,924.0,231.0,1143.3333333333335,1143.3333333333335,0.039152542372881356,0.1937853107344633
3447,50.388888888888886,56.611111111111114,56.611111111111114,56.0,28.944444444444443,59.611111111111114,1058.1666666666665,1188.8333333333335,1188.8333333333335,297.20833333333337,2096.0916666666662,2096.0916666666662,0.05037429378531074,0.3552697740112994
3448,53.27777777777778,68.66666666666667,68.66666666666667,68.38888888888889,35.166666666666664,67.61111111111111,1118.8333333333333,1442.0,1442.0,360.5,2262.5166666666664,2262.5166666666664,0.06110169491525424,0.38347740112994344
3449,55.05555555555556,52.111111111111114,52.111111111111114,51.94444444444444,25.77777777777778,63.611111111111114,1156.1666666666667,1094.3333333333335,1094.3333333333335,273.58333333333337,2239.0666666666666,2239.0666666666666,0.04637005649717515,0.379502824858757
3450,33.27777777777778,44.94444444444444,44.94444444444444,44.666666666666664,22.444444444444443,42.05555555555556,698.8333333333334,943.8333333333333,943.8333333333333,235.95833333333331,1423.975,1423.975,0.03999293785310734,0.2413516949152542
3451,45.27777777777778,45.666666666666664,45.666666666666664,44.94444444444444,22.166666666666668,48.0,950.8333333333334,959.0,959.0,239.75,1856.1666666666667,1856.1666666666667,0.04063559322033898,0.3146045197740113
3452,54.05555555555556,51.77777777777778,51.77777777777778,51.333333333333336,23.88888888888889,66.22222222222223,1135.1666666666667,1087.3333333333333,1087.3333333333333,271.8333333333333,2201.616666666667,2201.616666666667,0.04607344632768361,0.37315536723163845
3453,43.94444444444444,46.666666666666664,46.666666666666664,46.27777777777778,24.055555555555557,50.27777777777778,922.8333333333333,980.0,980.0,245.0,1813.8166666666666,1813.8166666666666,0.04152542372881356,0.30742655367231636
3454,47.611111111111114,52.388888888888886,52.388888888888886,52.22222222222222,25.77777777777778,58.44444444444444,999.8333333333334,1100.1666666666665,1100.1666666666665,275.04166666666663,1974.7583333333332,1974.7583333333332,0.04661723163841807,0.33470480225988697
3455,37.22222222222222,50.611111111111114,50.611111111111114,50.0,25.27777777777778,45.666666666666664,781.6666666666666,1062.8333333333335,1062.8333333333335,265.70833333333337,1594.5416666666665,1594.5416666666665,0.045035310734463284,0.27026129943502825
3456,48.111111111111114,50.44444444444444,50.44444444444444,49.55555555555556,23.944444444444443,55.111111111111114,1010.3333333333334,1059.3333333333333,1059.3333333333333,264.8333333333333,1982.3999999999999,1982.3999999999999,0.04488700564971751,0.33599999999999997
3457,42.55555555555556,56.22222222222222,56.22222222222222,56.27777777777778,28.833333333333332,46.666666666666664,893.6666666666667,1180.6666666666667,1180.6666666666667,295.1666666666667,1814.4,1814.4,0.05002824858757062,0.3075254237288136
3458,43.94444444444444,51.5,51.5,51.27777777777778,25.555555555555557,53.22222222222222,922.8333333333333,1081.5,1081.5,270.375,1839.1916666666666,1839.1916666666666,0.04582627118644068,0.3117274011299435
3459,35.77777777777778,35.72222222222222,35.72222222222222,35.05555555555556,17.833333333333332,40.166666666666664,751.3333333333334,750.1666666666666,750.1666666666666,187.54166666666666,1464.8083333333334,1464.8083333333334,0.031786723163841804,0.2482725988700565
3460,53.833333333333336,63.5,63.5,62.833333333333336,31.72222222222222,66.94444444444444,1130.5,1333.5,1333.5,333.375,2255.225,2255.225,0.05650423728813559,0.3822415254237288
3461,39.388888888888886,47.94444444444444,47.94444444444444,47.44444444444444,24.61111111111111,43.888888888888886,827.1666666666666,1006.8333333333333,1006.8333333333333,251.70833333333331,1657.8916666666664,1657.8916666666664,0.04266242937853107,0.2809985875706214
3462,56.166666666666664,60.72222222222222,60.72222222222222,59.77777777777778,29.11111111111111,67.61111111111111,1179.5,1275.1666666666667,1275.1666666666667,318.7916666666667,2323.9416666666666,2323.9416666666666,0.05403248587570622,0.393888418079096
3463,47.5,68.77777777777777,68.77777777777777,67.22222222222223,34.27777777777778,59.611111111111114,997.5,1444.3333333333333,1444.3333333333333,361.0833333333333,2056.8333333333335,2056.8333333333335,0.06120056497175141,0.34861581920903956
3464,41.611111111111114,52.388888888888886,52.388888888888886,51.833333333333336,26.166666666666668,56.166666666666664,873.8333333333334,1100.1666666666665,1100.1666666666665,275.04166666666663,1760.5583333333334,1760.5583333333334,0.04661723163841807,0.2983997175141243
3465,48.27777777777778,48.5,48.5,47.55555555555556,22.944444444444443,60.27777777777778,1013.8333333333334,1018.5,1018.5,254.625,1978.1416666666667,1978.1416666666667,0.04315677966101695,0.3352782485875706
3466,47.44444444444444,44.27777777777778,44.27777777777778,43.22222222222222,22.0,50.166666666666664,996.3333333333333,929.8333333333334,929.8333333333334,232.45833333333334,1926.2249999999997,1926.2249999999997,0.03939971751412429,0.32647881355932196
3467,44.77777777777778,45.05555555555556,45.05555555555556,45.111111111111114,22.444444444444443,54.22222222222222,940.3333333333334,946.1666666666667,946.1666666666667,236.54166666666669,1835.1083333333333,1835.1083333333333,0.040091807909604524,0.3110353107344633
3468,52.55555555555556,48.833333333333336,48.833333333333336,48.05555555555556,24.27777777777778,56.166666666666664,1103.6666666666667,1025.5,1025.5,256.375,2132.6083333333336,2132.6083333333336,0.043453389830508476,0.36145903954802266
3469,48.5,51.44444444444444,51.44444444444444,51.27777777777778,26.5,58.72222222222222,1018.5,1080.3333333333333,1080.3333333333333,270.0833333333333,2001.5333333333333,2001.5333333333333,0.045776836158192086,0.33924293785310733
3470,53.27777777777778,68.22222222222223,68.22222222222223,67.83333333333333,34.833333333333336,61.111111111111114,1118.8333333333333,1432.6666666666667,1432.6666666666667,358.1666666666667,2260.183333333333,2260.183333333333,0.06070621468926554,0.3830819209039547
3471,51.27777777777778,53.44444444444444,53.44444444444444,52.611111111111114,26.833333333333332,60.833333333333336,1076.8333333333333,1122.3333333333333,1122.3333333333333,280.5833333333333,2111.2,2111.2,0.04755649717514124,0.35783050847457626
3472,41.111111111111114,53.27777777777778,53.27777777777778,52.72222222222222,27.11111111111111,53.333333333333336,863.3333333333334,1118.8333333333333,1118.8333333333333,279.7083333333333,1747.375,1747.375,0.04740819209039548,0.2961652542372881
3473,26.61111111111111,23.944444444444443,23.944444444444443,23.38888888888889,10.777777777777779,33.55555555555556,558.8333333333334,502.8333333333333,502.8333333333333,125.70833333333333,1075.725,1075.725,0.021306497175141242,0.18232627118644065
3474,49.72222222222222,43.833333333333336,43.833333333333336,42.888888888888886,20.22222222222222,58.27777777777778,1044.1666666666667,920.5,920.5,230.125,2005.2083333333335,2005.2083333333335,0.039004237288135596,0.3398658192090396
3475,40.388888888888886,47.166666666666664,47.166666666666664,46.333333333333336,24.0,53.166666666666664,848.1666666666666,990.5,990.5,247.625,1689.5083333333332,1689.5083333333332,0.041970338983050845,0.28635734463276835
3476,48.05555555555556,47.166666666666664,47.166666666666664,46.611111111111114,22.22222222222222,56.333333333333336,1009.1666666666667,990.5,990.5,247.625,1963.2083333333335,1963.2083333333335,0.041970338983050845,0.33274717514124297
3477,39.111111111111114,49.55555555555556,49.55555555555556,49.333333333333336,25.77777777777778,46.55555555555556,821.3333333333334,1040.6666666666667,1040.6666666666667,260.1666666666667,1656.4333333333334,1656.4333333333334,0.044096045197740116,0.28075141242937857
3478,38.72222222222222,46.55555555555556,46.55555555555556,45.333333333333336,21.333333333333332,51.72222222222222,813.1666666666666,977.6666666666667,977.6666666666667,244.41666666666669,1626.8,1626.8,0.04142655367231639,0.27572881355932205
3479,41.666666666666664,56.666666666666664,56.666666666666664,56.333333333333336,28.833333333333332,57.888888888888886,875.0,1190.0,1190.0,297.5,1785.0,1785.0,0.050423728813559325,0.30254237288135594
3480,31.77777777777778,37.55555555555556,37.55555555555556,37.833333333333336,19.833333333333332,32.611111111111114,667.3333333333334,788.6666666666667,788.6666666666667,197.16666666666669,1331.6333333333334,1331.6333333333334,0.0334180790960452,0.22570056497175142
3481,37.833333333333336,41.0,41.0,40.333333333333336,20.833333333333332,40.94444444444444,794.5,861.0,861.0,215.25,1565.8999999999999,1565.8999999999999,0.03648305084745763,0.26540677966101694
3482,42.388888888888886,48.5,48.5,47.833333333333336,24.444444444444443,47.5,890.1666666666666,1018.5,1018.5,254.625,1767.9083333333333,1767.9083333333333,0.04315677966101695,0.2996454802259887
3483,48.05555555555556,49.94444444444444,49.94444444444444,49.833333333333336,25.0,56.166666666666664,1009.1666666666667,1048.8333333333333,1048.8333333333333,262.2083333333333,1977.7916666666667,1977.7916666666667,0.04444209039548022,0.3352189265536723
3484,46.5,44.0,44.0,43.888888888888886,22.0,50.888888888888886,976.5,924.0,924.0,231.0,1891.05,1891.05,0.039152542372881356,0.32051694915254236
3485,63.55555555555556,60.0,60.0,59.666666666666664,29.0,77.83333333333333,1334.6666666666667,1260.0,1260.0,315.0,2583.9333333333334,2583.9333333333334,0.053389830508474574,0.43795480225988703
3486,43.611111111111114,41.5,41.5,41.333333333333336,20.72222222222222,51.44444444444444,915.8333333333334,871.5,871.5,217.875,1774.7916666666667,1774.7916666666667,0.036927966101694916,0.3008121468926554
3487,37.388888888888886,38.666666666666664,38.666666666666664,37.72222222222222,17.833333333333332,46.05555555555556,785.1666666666666,812.0,812.0,203.0,1537.7833333333333,1537.7833333333333,0.03440677966101695,0.2606412429378531
3488,43.388888888888886,57.55555555555556,57.55555555555556,56.5,28.555555555555557,58.833333333333336,911.1666666666666,1208.6666666666667,1208.6666666666667,302.1666666666667,1851.1499999999999,1851.1499999999999,0.051214689265536725,0.31375423728813556
3489,38.27777777777778,52.05555555555556,52.05555555555556,50.22222222222222,25.166666666666668,47.22222222222222,803.8333333333334,1093.1666666666667,1093.1666666666667,273.2916666666667,1639.8083333333334,1639.8083333333334,0.04632062146892656,0.27793361581920906
3490,46.72222222222222,46.666666666666664,46.666666666666664,45.833333333333336,22.88888888888889,56.72222222222222,981.1666666666666,980.0,980.0,245.0,1912.9833333333331,1912.9833333333331,0.04152542372881356,0.32423446327683614
3491,44.72222222222222,52.666666666666664,52.666666666666664,51.388888888888886,26.0,55.888888888888886,939.1666666666666,1106.0,1106.0,276.5,1873.0833333333333,1873.0833333333333,0.046864406779661014,0.3174717514124294
3492,31.88888888888889,51.666666666666664,51.666666666666664,51.55555555555556,25.333333333333332,46.72222222222222,669.6666666666666,1085.0,1085.0,271.25,1409.6833333333332,1409.6833333333332,0.04597457627118644,0.2389293785310734
3493,37.94444444444444,55.666666666666664,55.666666666666664,55.22222222222222,27.333333333333332,47.888888888888886,796.8333333333333,1169.0,1169.0,292.25,1646.8666666666666,1646.8666666666666,0.04953389830508475,0.27912994350282483
3494,55.611111111111114,61.22222222222222,61.22222222222222,60.888888888888886,29.5,65.55555555555556,1167.8333333333335,1285.6666666666667,1285.6666666666667,321.4166666666667,2306.7333333333336,2306.7333333333336,0.05447740112994351,0.3909717514124294
3495,39.27777777777778,47.5,47.5,46.111111111111114,23.77777777777778,47.833333333333336,824.8333333333334,997.5,997.5,249.375,1651.5916666666667,1651.5916666666667,0.04226694915254237,0.279930790960452
3496,48.55555555555556,59.111111111111114,59.111111111111114,59.166666666666664,29.11111111111111,60.666666666666664,1019.6666666666667,1241.3333333333335,1241.3333333333335,310.33333333333337,2043.7666666666669,2043.7666666666669,0.05259887005649718,0.34640112994350286
3497,52.666666666666664,49.333333333333336,49.333333333333336,48.611111111111114,24.333333333333332,60.666666666666664,1106.0,1036.0,1036.0,259.0,2139.2,2139.2,0.043898305084745765,0.36257627118644065
3498,47.333333333333336,54.44444444444444,54.44444444444444,53.888888888888886,25.11111111111111,61.72222222222222,994.0,1143.3333333333333,1143.3333333333333,285.8333333333333,1975.6333333333332,1975.6333333333332,0.048446327683615814,0.33485310734463275
3499,50.666666666666664,55.111111111111114,55.111111111111114,54.388888888888886,25.444444444444443,59.27777777777778,1064.0,1157.3333333333335,1157.3333333333335,289.33333333333337,2098.133333333333,2098.133333333333,0.049039548022598876,0.3556158192090395
3500,37.05555555555556,39.05555555555556,39.05555555555556,38.94444444444444,19.944444444444443,47.55555555555556,778.1666666666667,820.1666666666667,820.1666666666667,205.04166666666669,1527.9250000000002,1527.9250000000002,0.03475282485875707,0.2589703389830509
3501,47.22222222222222,46.22222222222222,46.22222222222222,45.22222222222222,22.444444444444443,57.611111111111114,991.6666666666666,970.6666666666666,970.6666666666666,242.66666666666666,1928.5,1928.5,0.04112994350282486,0.326864406779661
3502,42.94444444444444,51.611111111111114,51.611111111111114,51.55555555555556,25.666666666666668,49.666666666666664,901.8333333333333,1083.8333333333335,1083.8333333333335,270.95833333333337,1804.0749999999998,1804.0749999999998,0.04592514124293786,0.30577542372881356
3503,51.94444444444444,51.0,51.0,50.05555555555556,25.22222222222222,56.111111111111114,1090.8333333333333,1071.0,1071.0,267.75,2122.1666666666665,2122.1666666666665,0.04538135593220339,0.35968926553672315
3504,43.611111111111114,48.72222222222222,48.72222222222222,48.0,22.944444444444443,52.27777777777778,915.8333333333334,1023.1666666666666,1023.1666666666666,255.79166666666666,1812.7083333333335,1812.7083333333335,0.0433545197740113,0.30723870056497177
3505,37.77777777777778,44.388888888888886,44.388888888888886,44.388888888888886,21.444444444444443,43.5,793.3333333333334,932.1666666666666,932.1666666666666,233.04166666666666,1581.7083333333335,1581.7083333333335,0.03949858757062147,0.2680861581920904
3506,50.27777777777778,48.833333333333336,48.833333333333336,48.27777777777778,23.444444444444443,61.166666666666664,1055.8333333333333,1025.5,1025.5,256.375,2051.2916666666665,2051.2916666666665,0.043453389830508476,0.34767655367231637
3507,42.611111111111114,42.22222222222222,42.22222222222222,42.0,21.833333333333332,46.833333333333336,894.8333333333334,886.6666666666666,886.6666666666666,221.66666666666666,1742.8833333333334,1742.8833333333334,0.03757062146892655,0.2954039548022599
3508,43.77777777777778,44.05555555555556,44.05555555555556,43.888888888888886,21.555555555555557,50.27777777777778,919.3333333333334,925.1666666666667,925.1666666666667,231.29166666666669,1794.1583333333335,1794.1583333333335,0.03920197740112995,0.30409463276836163
3509,53.333333333333336,54.72222222222222,54.72222222222222,55.111111111111114,28.5,58.22222222222222,1120.0,1149.1666666666667,1149.1666666666667,287.2916666666667,2191.2916666666665,2191.2916666666665,0.04869350282485876,0.3714053672316384
3510,46.333333333333336,55.55555555555556,55.55555555555556,54.111111111111114,26.444444444444443,59.0,973.0,1166.6666666666667,1166.6666666666667,291.6666666666667,1945.7666666666667,1945.7666666666667,0.04943502824858757,0.3297909604519774
3511,43.0,56.888888888888886,56.888888888888886,56.05555555555556,26.77777777777778,50.333333333333336,903.0,1194.6666666666665,1194.6666666666665,298.66666666666663,1833.7666666666664,1833.7666666666664,0.05062146892655366,0.3108079096045197
3512,47.388888888888886,57.22222222222222,57.22222222222222,56.666666666666664,29.0,58.27777777777778,995.1666666666666,1201.6666666666667,1201.6666666666667,300.4166666666667,1992.2,1992.2,0.0509180790960452,0.33766101694915257
3513,32.05555555555556,40.666666666666664,40.666666666666664,40.44444444444444,20.27777777777778,41.888888888888886,673.1666666666667,854.0,854.0,213.5,1357.8833333333334,1357.8833333333334,0.0361864406779661,0.2301497175141243
3514,36.27777777777778,40.333333333333336,40.333333333333336,40.388888888888886,19.5,46.27777777777778,761.8333333333334,847.0,847.0,211.75,1506.8666666666668,1506.8666666666668,0.03588983050847458,0.25540112994350284
3515,32.388888888888886,49.05555555555556,49.05555555555556,48.55555555555556,23.444444444444443,41.94444444444444,680.1666666666666,1030.1666666666667,1030.1666666666667,257.5416666666667,1413.825,1413.825,0.04365112994350283,0.2396313559322034
3516,33.27777777777778,45.55555555555556,45.55555555555556,45.166666666666664,23.61111111111111,40.166666666666664,698.8333333333334,956.6666666666667,956.6666666666667,239.16666666666669,1427.1833333333334,1427.1833333333334,0.04053672316384181,0.24189548022598872
3517,37.94444444444444,47.388888888888886,47.388888888888886,47.111111111111114,21.27777777777778,47.44444444444444,796.8333333333333,995.1666666666666,995.1666666666666,248.79166666666666,1603.4083333333333,1603.4083333333333,0.0421680790960452,0.2717641242937853
3518,46.0,63.05555555555556,63.05555555555556,62.111111111111114,31.944444444444443,57.0,966.0,1324.1666666666667,1324.1666666666667,331.0416666666667,1973.2416666666668,1973.2416666666668,0.056108757062146894,0.3344477401129944
3519,36.388888888888886,48.27777777777778,48.27777777777778,48.111111111111114,24.555555555555557,43.888888888888886,764.1666666666666,1013.8333333333334,1013.8333333333334,253.45833333333334,1552.5416666666665,1552.5416666666665,0.042959039548022604,0.26314265536723164
3520,59.111111111111114,68.83333333333333,68.83333333333333,67.61111111111111,33.111111111111114,72.11111111111111,1241.3333333333335,1445.5,1445.5,361.375,2471.641666666667,2471.641666666667,0.06125,0.4189223163841808
3521,51.666666666666664,50.44444444444444,50.44444444444444,50.111111111111114,24.88888888888889,59.888888888888886,1085.0,1059.3333333333333,1059.3333333333333,264.8333333333333,2109.3333333333335,2109.3333333333335,0.04488700564971751,0.3575141242937853
3522,41.166666666666664,51.611111111111114,51.611111111111114,50.94444444444444,24.555555555555557,54.55555555555556,864.5,1083.8333333333335,1083.8333333333335,270.95833333333337,1740.6083333333331,1740.6083333333331,0.04592514124293786,0.29501836158192085
3523,40.55555555555556,36.388888888888886,36.388888888888886,35.27777777777778,16.22222222222222,49.22222222222222,851.6666666666667,764.1666666666666,764.1666666666666,191.04166666666666,1638.8750000000002,1638.8750000000002,0.03237994350282486,0.2777754237288136
3524,42.333333333333336,53.55555555555556,53.55555555555556,53.0,26.444444444444443,51.166666666666664,889.0,1124.6666666666667,1124.6666666666667,281.1666666666667,1792.4666666666667,1792.4666666666667,0.04765536723163842,0.30380790960451975
3525,46.388888888888886,54.111111111111114,54.111111111111114,53.05555555555556,27.27777777777778,52.666666666666664,974.1666666666666,1136.3333333333335,1136.3333333333335,284.08333333333337,1940.1666666666665,1940.1666666666665,0.0481497175141243,0.3288418079096045
3526,43.55555555555556,52.666666666666664,52.666666666666664,52.77777777777778,25.72222222222222,58.55555555555556,914.6666666666667,1106.0,1106.0,276.5,1831.4333333333334,1831.4333333333334,0.046864406779661014,0.3104124293785311
3527,54.333333333333336,57.05555555555556,57.05555555555556,56.22222222222222,27.88888888888889,62.94444444444444,1141.0,1198.1666666666667,1198.1666666666667,299.5416666666667,2239.241666666667,2239.241666666667,0.05076977401129944,0.37953248587570626
3528,48.888888888888886,54.333333333333336,54.333333333333336,54.111111111111114,28.72222222222222,57.77777777777778,1026.6666666666665,1141.0,1141.0,285.25,2030.583333333333,2030.583333333333,0.048347457627118645,0.3441666666666666
3529,33.833333333333336,43.111111111111114,43.111111111111114,42.44444444444444,20.27777777777778,48.5,710.5,905.3333333333334,905.3333333333334,226.33333333333334,1434.1833333333332,1434.1833333333332,0.038361581920903956,0.24308192090395478
3530,47.94444444444444,53.666666666666664,53.666666666666664,53.05555555555556,25.77777777777778,58.333333333333336,1006.8333333333333,1127.0,1127.0,281.75,1993.3666666666666,1993.3666666666666,0.04775423728813559,0.33785875706214685
3531,39.94444444444444,51.666666666666664,51.666666666666664,51.111111111111114,26.88888888888889,44.833333333333336,838.8333333333333,1085.0,1085.0,271.25,1697.2666666666664,1697.2666666666664,0.04597457627118644,0.2876723163841807
3532,44.5,46.611111111111114,46.611111111111114,46.666666666666664,21.22222222222222,56.27777777777778,934.5,978.8333333333334,978.8333333333334,244.70833333333334,1833.3583333333331,1833.3583333333331,0.04147598870056497,0.3107387005649717
3533,48.72222222222222,51.44444444444444,51.44444444444444,50.72222222222222,26.88888888888889,57.22222222222222,1023.1666666666666,1080.3333333333333,1080.3333333333333,270.0833333333333,2009.4666666666665,2009.4666666666665,0.045776836158192086,0.3405875706214689
3534,36.666666666666664,42.55555555555556,42.55555555555556,42.111111111111114,20.0,47.44444444444444,770.0,893.6666666666667,893.6666666666667,223.41666666666669,1532.4166666666667,1532.4166666666667,0.037867231638418083,0.2597316384180791
3535,46.111111111111114,46.05555555555556,46.05555555555556,45.44444444444444,21.27777777777778,62.611111111111114,968.3333333333334,967.1666666666667,967.1666666666667,241.79166666666669,1887.9583333333335,1887.9583333333335,0.0409816384180791,0.3199929378531074
3536,51.333333333333336,47.166666666666664,47.166666666666664,47.22222222222222,23.38888888888889,63.333333333333336,1078.0,990.5,990.5,247.625,2080.225,2080.225,0.041970338983050845,0.3525805084745763
3537,55.55555555555556,50.0,50.0,49.77777777777778,24.88888888888889,65.05555555555556,1166.6666666666667,1050.0,1050.0,262.5,2245.8333333333335,2245.8333333333335,0.04449152542372881,0.3806497175141243
3538,58.888888888888886,66.77777777777777,66.77777777777777,66.55555555555556,33.5,73.0,1236.6666666666665,1402.3333333333333,1402.3333333333333,350.5833333333333,2452.9166666666665,2452.9166666666665,0.059420903954802255,0.41574858757062144
3539,47.22222222222222,66.44444444444444,66.44444444444444,65.27777777777777,32.55555555555556,57.27777777777778,991.6666666666666,1395.3333333333333,1395.3333333333333,348.8333333333333,2034.6666666666665,2034.6666666666665,0.059124293785310734,0.34485875706214686
3540,37.72222222222222,51.44444444444444,51.44444444444444,50.333333333333336,25.833333333333332,44.611111111111114,792.1666666666666,1080.3333333333333,1080.3333333333333,270.0833333333333,1616.7666666666664,1616.7666666666664,0.045776836158192086,0.2740282485875706
3541,49.77777777777778,66.77777777777777,66.77777777777777,66.16666666666667,32.77777777777778,64.16666666666667,1045.3333333333333,1402.3333333333333,1402.3333333333333,350.5833333333333,2127.6499999999996,2127.6499999999996,0.059420903954802255,0.36061864406779653
3542,48.55555555555556,55.27777777777778,55.27777777777778,54.833333333333336,28.055555555555557,54.5,1019.6666666666667,1160.8333333333333,1160.8333333333333,290.2083333333333,2023.6416666666667,2023.6416666666667,0.04918785310734463,0.3429901129943503
3543,43.05555555555556,55.0,55.0,55.166666666666664,27.166666666666668,56.77777777777778,904.1666666666667,1155.0,1155.0,288.75,1825.8333333333335,1825.8333333333335,0.048940677966101694,0.3094632768361582
3544,46.22222222222222,54.388888888888886,54.388888888888886,53.44444444444444,28.0,55.94444444444444,970.6666666666666,1142.1666666666665,1142.1666666666665,285.54166666666663,1935.6749999999997,1935.6749999999997,0.04839689265536722,0.3280805084745762
3545,28.88888888888889,38.27777777777778,38.27777777777778,37.77777777777778,19.27777777777778,37.111111111111114,606.6666666666666,803.8333333333334,803.8333333333334,200.95833333333334,1232.2916666666665,1232.2916666666665,0.034060734463276836,0.20886299435028247
3546,46.44444444444444,46.72222222222222,46.72222222222222,46.27777777777778,21.944444444444443,53.888888888888886,975.3333333333333,981.1666666666666,981.1666666666666,245.29166666666666,1903.3583333333333,1903.3583333333333,0.04157485875706215,0.32260310734463277
3547,48.72222222222222,62.833333333333336,62.833333333333336,62.55555555555556,30.5,67.0,1023.1666666666666,1319.5,1319.5,329.875,2069.258333333333,2069.258333333333,0.05591101694915254,0.35072175141242934
3548,41.22222222222222,52.72222222222222,52.72222222222222,51.611111111111114,25.5,53.77777777777778,865.6666666666666,1107.1666666666667,1107.1666666666667,276.7916666666667,1748.425,1748.425,0.046913841807909605,0.296343220338983
3549,45.77777777777778,57.111111111111114,57.111111111111114,56.5,29.055555555555557,55.94444444444444,961.3333333333334,1199.3333333333335,1199.3333333333335,299.83333333333337,1934.1,1934.1,0.05081920903954803,0.3278135593220339
3550,45.27777777777778,53.27777777777778,53.27777777777778,52.333333333333336,25.0,52.94444444444444,950.8333333333334,1118.8333333333333,1118.8333333333333,279.7083333333333,1896.125,1896.125,0.04740819209039548,0.3213771186440678
3551,29.88888888888889,35.0,35.0,34.333333333333336,17.5,34.5,627.6666666666666,735.0,735.0,183.75,1250.7833333333333,1250.7833333333333,0.03114406779661017,0.21199717514124294
3552,37.55555555555556,48.0,48.0,47.27777777777778,23.333333333333332,46.05555555555556,788.6666666666667,1008.0,1008.0,252.0,1592.7333333333333,1592.7333333333333,0.04271186440677966,0.269954802259887
3553,30.38888888888889,42.611111111111114,42.611111111111114,41.94444444444444,21.11111111111111,37.44444444444444,638.1666666666666,894.8333333333334,894.8333333333334,223.70833333333334,1308.5916666666665,1308.5916666666665,0.03791666666666667,0.22179519774011297
3554,53.22222222222222,65.44444444444444,65.44444444444444,65.27777777777777,33.44444444444444,58.72222222222222,1117.6666666666667,1374.3333333333333,1374.3333333333333,343.5833333333333,2243.616666666667,2243.616666666667,0.05823446327683616,0.38027401129943506
3555,37.166666666666664,49.388888888888886,49.388888888888886,48.111111111111114,24.38888888888889,47.611111111111114,780.5,1037.1666666666665,1037.1666666666665,259.29166666666663,1586.1416666666664,1586.1416666666664,0.04394774011299434,0.2688375706214689
3556,48.94444444444444,61.44444444444444,61.44444444444444,60.833333333333336,31.72222222222222,56.05555555555556,1027.8333333333333,1290.3333333333333,1290.3333333333333,322.5833333333333,2069.8999999999996,2069.8999999999996,0.05467514124293785,0.3508305084745762
3557,63.44444444444444,63.72222222222222,63.72222222222222,63.611111111111114,31.833333333333332,80.05555555555556,1332.3333333333333,1338.1666666666667,1338.1666666666667,334.5416666666667,2599.508333333333,2599.508333333333,0.05670197740112995,0.4405946327683616
3558,58.05555555555556,68.16666666666667,68.16666666666667,67.27777777777777,31.944444444444443,80.05555555555556,1219.1666666666667,1431.5,1431.5,357.875,2430.4583333333335,2430.4583333333335,0.06065677966101695,0.41194209039548024
3559,55.22222222222222,48.166666666666664,48.166666666666664,47.94444444444444,23.555555555555557,60.888888888888886,1159.6666666666667,1011.5,1011.5,252.875,2224.3083333333334,2224.3083333333334,0.04286016949152542,0.37700141242937857
3560,30.88888888888889,39.166666666666664,39.166666666666664,38.72222222222222,18.27777777777778,38.0,648.6666666666666,822.5,822.5,205.625,1308.3583333333333,1308.3583333333333,0.034851694915254236,0.22175564971751413
3561,34.72222222222222,43.05555555555556,43.05555555555556,42.22222222222222,20.555555555555557,40.833333333333336,729.1666666666666,904.1666666666667,904.1666666666667,226.04166666666669,1465.625,1465.625,0.03831214689265537,0.24841101694915255
3562,39.27777777777778,44.611111111111114,44.611111111111114,44.166666666666664,21.72222222222222,46.388888888888886,824.8333333333334,936.8333333333334,936.8333333333334,234.20833333333334,1636.425,1636.425,0.03969632768361582,0.2773601694915254
3563,48.05555555555556,53.72222222222222,53.72222222222222,53.333333333333336,26.22222222222222,55.666666666666664,1009.1666666666667,1128.1666666666667,1128.1666666666667,282.0416666666667,1997.6250000000002,1997.6250000000002,0.04780367231638418,0.3385805084745763
3564,49.666666666666664,48.72222222222222,48.72222222222222,48.388888888888886,25.055555555555557,50.666666666666664,1043.0,1023.1666666666666,1023.1666666666666,255.79166666666666,2028.8916666666667,2028.8916666666667,0.0433545197740113,0.34387994350282486
3565,44.333333333333336,52.44444444444444,52.44444444444444,52.0,26.0,59.77777777777778,931.0,1101.3333333333333,1101.3333333333333,275.3333333333333,1858.0333333333333,1858.0333333333333,0.04666666666666666,0.31492090395480227
3566,40.333333333333336,53.72222222222222,53.72222222222222,53.72222222222222,27.055555555555557,47.611111111111114,847.0,1128.1666666666667,1128.1666666666667,282.0416666666667,1721.9416666666666,1721.9416666666666,0.04780367231638418,0.2918545197740113
3567,48.833333333333336,46.888888888888886,46.888888888888886,45.72222222222222,23.77777777777778,55.27777777777778,1025.5,984.6666666666666,984.6666666666666,246.16666666666666,1989.5166666666667,1989.5166666666667,0.04172316384180791,0.33720621468926554
3568,38.0,48.0,48.0,47.611111111111114,24.0,47.0,798.0,1008.0,1008.0,252.0,1608.6,1608.6,0.04271186440677966,0.27264406779661016
3569,47.388888888888886,56.611111111111114,56.611111111111114,57.27777777777778,29.77777777777778,57.27777777777778,995.1666666666666,1188.8333333333335,1188.8333333333335,297.20833333333337,1988.9916666666668,1988.9916666666668,0.05037429378531074,0.3371172316384181
3570,45.166666666666664,49.94444444444444,49.94444444444444,49.666666666666664,24.72222222222222,56.77777777777778,948.5,1048.8333333333333,1048.8333333333333,262.2083333333333,1874.6583333333333,1874.6583333333333,0.04444209039548022,0.3177387005649717
3571,43.27777777777778,54.833333333333336,54.833333333333336,54.166666666666664,27.666666666666668,52.388888888888886,908.8333333333334,1151.5,1151.5,287.875,1832.8916666666667,1832.8916666666667,0.04879237288135593,0.31065960451977404
3572,51.44444444444444,58.333333333333336,58.333333333333336,57.77777777777778,28.27777777777778,58.44444444444444,1080.3333333333333,1225.0,1225.0,306.25,2142.8166666666666,2142.8166666666666,0.05190677966101695,0.36318926553672315
3573,48.333333333333336,51.94444444444444,51.94444444444444,51.27777777777778,24.61111111111111,58.388888888888886,1015.0,1090.8333333333333,1090.8333333333333,272.7083333333333,1998.2083333333333,1998.2083333333333,0.046221751412429374,0.33867937853107344
3574,40.388888888888886,42.166666666666664,42.166666666666664,41.5,21.61111111111111,48.22222222222222,848.1666666666666,885.5,885.5,221.375,1663.2583333333332,1663.2583333333332,0.037521186440677964,0.28190819209039547
3575,45.77777777777778,54.77777777777778,54.77777777777778,53.111111111111114,25.833333333333332,53.166666666666664,961.3333333333334,1150.3333333333333,1150.3333333333333,287.5833333333333,1921.85,1921.85,0.04874293785310734,0.3257372881355932
3576,45.72222222222222,43.166666666666664,43.166666666666664,42.05555555555556,20.77777777777778,59.0,960.1666666666666,906.5,906.5,226.625,1858.9083333333333,1858.9083333333333,0.03841101694915254,0.315069209039548
3577,37.94444444444444,52.166666666666664,52.166666666666664,51.666666666666664,26.055555555555557,45.5,796.8333333333333,1095.5,1095.5,273.875,1628.4916666666666,1628.4916666666666,0.046419491525423726,0.2760155367231638
3578,36.94444444444444,43.77777777777778,43.77777777777778,42.27777777777778,21.22222222222222,42.72222222222222,775.8333333333333,919.3333333333334,919.3333333333334,229.83333333333334,1548.7499999999998,1548.7499999999998,0.038954802259887004,0.26249999999999996
3579,38.833333333333336,41.333333333333336,41.333333333333336,40.27777777777778,20.61111111111111,47.5,815.5,868.0,868.0,217.0,1603.35,1603.35,0.036779661016949156,0.2717542372881356
3580,47.77777777777778,55.77777777777778,55.77777777777778,54.666666666666664,27.11111111111111,65.05555555555556,1003.3333333333334,1171.3333333333333,1171.3333333333333,292.8333333333333,1998.5,1998.5,0.04963276836158192,0.33872881355932205
3581,34.388888888888886,48.05555555555556,48.05555555555556,47.77777777777778,23.38888888888889,46.333333333333336,722.1666666666666,1009.1666666666667,1009.1666666666667,252.29166666666669,1479.975,1479.975,0.04276129943502825,0.25084322033898304
3582,47.22222222222222,58.388888888888886,58.388888888888886,56.77777777777778,27.77777777777778,59.55555555555556,991.6666666666666,1226.1666666666665,1226.1666666666665,306.54166666666663,1992.375,1992.375,0.05195621468926553,0.3376906779661017
3583,49.0,59.55555555555556,59.55555555555556,59.5,29.555555555555557,57.94444444444444,1029.0,1250.6666666666667,1250.6666666666667,312.6666666666667,2061.9666666666667,2061.9666666666667,0.05299435028248588,0.3494858757062147
3584,53.0,53.611111111111114,53.611111111111114,53.55555555555556,26.38888888888889,63.44444444444444,1113.0,1125.8333333333335,1125.8333333333335,281.45833333333337,2173.5583333333334,2173.5583333333334,0.04770480225988701,0.3683997175141243
3585,43.22222222222222,54.05555555555556,54.05555555555556,53.666666666666664,27.22222222222222,45.833333333333336,907.6666666666666,1135.1666666666667,1135.1666666666667,283.7916666666667,1826.825,1826.825,0.04810028248587571,0.3096313559322034
3586,34.388888888888886,27.444444444444443,27.444444444444443,27.22222222222222,13.5,34.5,722.1666666666666,576.3333333333333,576.3333333333333,144.08333333333331,1371.7666666666664,1371.7666666666664,0.024420903954802255,0.23250282485875703
3587,42.833333333333336,54.5,54.5,54.22222222222222,26.5,53.94444444444444,899.5,1144.5,1144.5,286.125,1815.2749999999999,1815.2749999999999,0.048495762711864406,0.3076737288135593
3588,58.0,59.5,59.5,59.333333333333336,28.5,70.66666666666667,1218.0,1249.5,1249.5,312.375,2382.975,2382.975,0.052944915254237286,0.40389406779661013
3589,41.111111111111114,50.388888888888886,50.388888888888886,49.55555555555556,25.88888888888889,48.833333333333336,863.3333333333334,1058.1666666666665,1058.1666666666665,264.54166666666663,1732.2083333333335,1732.2083333333335,0.04483757062146892,0.2935946327683616
3590,37.666666666666664,48.833333333333336,48.833333333333336,48.611111111111114,24.944444444444443,40.94444444444444,791.0,1025.5,1025.5,256.375,1601.075,1601.075,0.043453389830508476,0.2713686440677966
3591,42.166666666666664,41.77777777777778,41.77777777777778,41.111111111111114,20.27777777777778,47.388888888888886,885.5,877.3333333333334,877.3333333333334,219.33333333333334,1724.6833333333332,1724.6833333333332,0.03717514124293785,0.292319209039548
3592,42.22222222222222,55.72222222222222,55.72222222222222,54.833333333333336,27.77777777777778,52.611111111111114,886.6666666666666,1170.1666666666667,1170.1666666666667,292.5416666666667,1799.875,1799.875,0.04958333333333333,0.3050635593220339
3593,30.944444444444443,41.0,41.0,40.833333333333336,20.555555555555557,39.72222222222222,649.8333333333333,861.0,861.0,215.25,1319.9666666666665,1319.9666666666665,0.03648305084745763,0.22372316384180788
3594,57.72222222222222,59.44444444444444,59.44444444444444,58.833333333333336,28.38888888888889,70.22222222222223,1212.1666666666667,1248.3333333333333,1248.3333333333333,312.0833333333333,2372.766666666667,2372.766666666667,0.052895480225988695,0.40216384180790965
3595,37.94444444444444,62.44444444444444,62.44444444444444,61.5,30.666666666666668,47.611111111111114,796.8333333333333,1311.3333333333333,1311.3333333333333,327.8333333333333,1682.4499999999998,1682.4499999999998,0.05556497175141242,0.2851610169491525
3596,52.111111111111114,60.333333333333336,60.333333333333336,59.44444444444444,30.27777777777778,65.61111111111111,1094.3333333333335,1267.0,1267.0,316.75,2177.116666666667,2177.116666666667,0.0536864406779661,0.3690028248587571
3597,51.55555555555556,56.611111111111114,56.611111111111114,56.0,28.72222222222222,60.0,1082.6666666666667,1188.8333333333335,1188.8333333333335,297.20833333333337,2137.741666666667,2137.741666666667,0.05037429378531074,0.36232909604519775
3598,38.22222222222222,49.5,49.5,48.94444444444444,25.27777777777778,49.5,802.6666666666666,1039.5,1039.5,259.875,1624.4083333333333,1624.4083333333333,0.044046610169491525,0.27532344632768363
3599,40.0,46.166666666666664,46.166666666666664,45.111111111111114,23.166666666666668,48.72222222222222,840.0,969.5,969.5,242.375,1670.375,1670.375,0.04108050847457627,0.28311440677966104
3600,33.55555555555556,41.611111111111114,41.611111111111114,40.77777777777778,21.27777777777778,45.22222222222222,704.6666666666667,873.8333333333334,873.8333333333334,218.45833333333334,1416.3916666666667,1416.3916666666667,0.03702683615819209,0.24006638418079096
3601,45.388888888888886,57.333333333333336,57.333333333333336,56.166666666666664,27.61111111111111,58.833333333333336,953.1666666666666,1204.0,1204.0,301.0,1921.3833333333332,1921.3833333333332,0.051016949152542374,0.3256581920903955
3602,40.94444444444444,49.72222222222222,49.72222222222222,48.55555555555556,23.72222222222222,55.77777777777778,859.8333333333333,1044.1666666666667,1044.1666666666667,261.0416666666667,1722.7583333333332,1722.7583333333332,0.04424435028248588,0.2919929378531073
3603,47.22222222222222,58.5,58.5,57.55555555555556,28.666666666666668,54.666666666666664,991.6666666666666,1228.5,1228.5,307.125,1992.9583333333333,1992.9583333333333,0.05205508474576271,0.33778954802259886
3604,48.666666666666664,49.77777777777778,49.77777777777778,48.833333333333336,24.77777777777778,60.388888888888886,1022.0,1045.3333333333333,1045.3333333333333,261.3333333333333,1998.7333333333331,1998.7333333333331,0.04429378531073446,0.33876836158192086
3605,32.0,49.333333333333336,49.333333333333336,48.44444444444444,24.88888888888889,42.27777777777778,672.0,1036.0,1036.0,259.0,1401.3999999999999,1401.3999999999999,0.043898305084745765,0.23752542372881352
3606,50.333333333333336,58.833333333333336,58.833333333333336,58.27777777777778,29.333333333333332,62.666666666666664,1057.0,1235.5,1235.5,308.875,2105.7749999999996,2105.7749999999996,0.05235169491525424,0.3569110169491525
3607,47.888888888888886,54.333333333333336,54.333333333333336,53.111111111111114,25.166666666666668,65.55555555555556,1005.6666666666666,1141.0,1141.0,285.25,1994.8833333333332,1994.8833333333332,0.048347457627118645,0.33811581920903955
3608,35.888888888888886,43.111111111111114,43.111111111111114,41.388888888888886,21.0,42.611111111111114,753.6666666666666,905.3333333333334,905.3333333333334,226.33333333333334,1507.5666666666666,1507.5666666666666,0.038361581920903956,0.25551977401129944
3609,31.555555555555557,41.22222222222222,41.22222222222222,40.388888888888886,20.666666666666668,41.05555555555556,662.6666666666667,865.6666666666666,865.6666666666666,216.41666666666666,1342.9500000000003,1342.9500000000003,0.03668079096045197,0.22761864406779667
3610,32.55555555555556,49.72222222222222,49.72222222222222,48.833333333333336,24.5,42.111111111111114,683.6666666666667,1044.1666666666667,1044.1666666666667,261.0416666666667,1423.275,1423.275,0.04424435028248588,0.24123305084745764
3611,38.833333333333336,54.333333333333336,54.333333333333336,53.611111111111114,28.38888888888889,51.94444444444444,815.5,1141.0,1141.0,285.25,1671.6,1671.6,0.048347457627118645,0.28332203389830507
3612,44.0,47.22222222222222,47.22222222222222,46.5,23.11111111111111,56.666666666666664,924.0,991.6666666666666,991.6666666666666,247.91666666666666,1818.7166666666667,1818.7166666666667,0.042019774011299436,0.30825706214689264
3613,48.166666666666664,51.77777777777778,51.77777777777778,51.05555555555556,25.166666666666668,62.166666666666664,1011.5,1087.3333333333333,1087.3333333333333,271.8333333333333,1991.3833333333332,1991.3833333333332,0.04607344632768361,0.3375225988700565
3614,43.611111111111114,46.0,46.0,45.0,23.055555555555557,53.27777777777778,915.8333333333334,966.0,966.0,241.5,1798.4166666666667,1798.4166666666667,0.04093220338983051,0.304816384180791
3615,54.05555555555556,53.94444444444444,53.94444444444444,54.111111111111114,26.61111111111111,56.166666666666664,1135.1666666666667,1132.8333333333333,1132.8333333333333,283.2083333333333,2212.991666666667,2212.991666666667,0.048001412429378526,0.3750833333333334
3616,51.388888888888886,52.5,52.5,51.77777777777778,24.61111111111111,58.72222222222222,1079.1666666666665,1102.5,1102.5,275.625,2110.208333333333,2110.208333333333,0.04671610169491525,0.35766242937853104
3617,52.111111111111114,59.111111111111114,59.111111111111114,58.666666666666664,28.166666666666668,60.166666666666664,1094.3333333333335,1241.3333333333335,1241.3333333333335,310.33333333333337,2170.7000000000003,2170.7000000000003,0.05259887005649718,0.36791525423728816
3618,57.05555555555556,68.5,68.5,67.72222222222223,33.611111111111114,70.0,1198.1666666666667,1438.5,1438.5,359.625,2396.508333333333,2396.508333333333,0.06095338983050847,0.4061878531073446
3619,58.22222222222222,58.77777777777778,58.77777777777778,58.5,28.22222222222222,73.94444444444444,1222.6666666666667,1234.3333333333333,1234.3333333333333,308.5833333333333,2387.116666666667,2387.116666666667,0.052302259887005646,0.4045960451977401
3620,36.77777777777778,43.111111111111114,43.111111111111114,42.0,20.166666666666668,42.55555555555556,772.3333333333334,905.3333333333334,905.3333333333334,226.33333333333334,1539.3,1539.3,0.038361581920903956,0.26089830508474576
3621,53.333333333333336,62.888888888888886,62.888888888888886,62.5,29.5,67.5,1120.0,1320.6666666666665,1320.6666666666665,330.16666666666663,2234.1666666666665,2234.1666666666665,0.05596045197740113,0.37867231638418075
3622,49.666666666666664,53.611111111111114,53.611111111111114,53.05555555555556,25.27777777777778,62.44444444444444,1043.0,1125.8333333333335,1125.8333333333335,281.45833333333337,2054.5583333333334,2054.5583333333334,0.04770480225988701,0.34823022598870057
3623,46.111111111111114,50.22222222222222,50.22222222222222,49.44444444444444,24.88888888888889,53.55555555555556,968.3333333333334,1054.6666666666667,1054.6666666666667,263.6666666666667,1909.8333333333335,1909.8333333333335,0.044689265536723165,0.3237005649717514
3624,46.166666666666664,46.666666666666664,46.666666666666664,46.0,21.666666666666668,60.611111111111114,969.5,980.0,980.0,245.0,1893.1499999999999,1893.1499999999999,0.04152542372881356,0.32087288135593217
3625,41.0,42.55555555555556,42.55555555555556,41.72222222222222,20.333333333333332,49.388888888888886,861.0,893.6666666666667,893.6666666666667,223.41666666666669,1687.1166666666668,1687.1166666666668,0.037867231638418083,0.28595197740113
3626,40.166666666666664,49.94444444444444,49.94444444444444,49.333333333333336,24.444444444444443,48.888888888888886,843.5,1048.8333333333333,1048.8333333333333,262.2083333333333,1696.1583333333333,1696.1583333333333,0.04444209039548022,0.28748446327683613
3627,39.333333333333336,39.666666666666664,39.666666666666664,38.55555555555556,20.166666666666668,41.05555555555556,826.0,833.0,833.0,208.25,1612.45,1612.45,0.035296610169491524,0.2732966101694915
3628,51.666666666666664,53.833333333333336,53.833333333333336,52.833333333333336,25.833333333333332,62.388888888888886,1085.0,1130.5,1130.5,282.625,2127.125,2127.125,0.04790254237288136,0.36052966101694917
3629,42.22222222222222,40.833333333333336,40.833333333333336,40.333333333333336,19.166666666666668,50.333333333333336,886.6666666666666,857.5,857.5,214.375,1721.7083333333333,1721.7083333333333,0.03633474576271187,0.2918149717514124
3630,45.333333333333336,51.55555555555556,51.55555555555556,50.5,24.055555555555557,59.05555555555556,952.0,1082.6666666666667,1082.6666666666667,270.6666666666667,1889.0666666666666,1889.0666666666666,0.04587570621468927,0.320180790960452
3631,51.22222222222222,51.22222222222222,51.22222222222222,50.166666666666664,23.88888888888889,60.94444444444444,1075.6666666666667,1075.6666666666667,1075.6666666666667,268.9166666666667,2097.55,2097.55,0.04557909604519774,0.3555169491525424
3632,46.333333333333336,49.44444444444444,49.44444444444444,49.27777777777778,23.666666666666668,54.0,973.0,1038.3333333333333,1038.3333333333333,259.5833333333333,1913.6833333333332,1913.6833333333332,0.043997175141242933,0.32435310734463274
3633,30.5,52.5,52.5,51.44444444444444,25.77777777777778,41.94444444444444,640.5,1102.5,1102.5,275.625,1364.475,1364.475,0.04671610169491525,0.23126694915254237
3634,41.611111111111114,54.111111111111114,54.111111111111114,53.44444444444444,27.555555555555557,52.333333333333336,873.8333333333334,1136.3333333333335,1136.3333333333335,284.08333333333337,1769.6,1769.6,0.0481497175141243,0.2999322033898305
3635,36.27777777777778,37.888888888888886,37.888888888888886,36.94444444444444,17.61111111111111,41.0,761.8333333333334,795.6666666666666,795.6666666666666,198.91666666666666,1494.0333333333335,1494.0333333333335,0.033714689265536724,0.253225988700565
3636,38.611111111111114,51.888888888888886,51.888888888888886,51.44444444444444,25.0,45.888888888888886,810.8333333333334,1089.6666666666665,1089.6666666666665,272.41666666666663,1650.8333333333335,1650.8333333333335,0.04617231638418078,0.2798022598870057
3637,31.555555555555557,50.22222222222222,50.22222222222222,49.666666666666664,25.22222222222222,39.72222222222222,662.6666666666667,1054.6666666666667,1054.6666666666667,263.6666666666667,1390.2000000000003,1390.2000000000003,0.044689265536723165,0.23562711864406785
3638,50.888888888888886,61.388888888888886,61.388888888888886,60.0,30.944444444444443,64.11111111111111,1068.6666666666665,1289.1666666666665,1289.1666666666665,322.29166666666663,2139.0249999999996,2139.0249999999996,0.05462570621468926,0.36254661016949147
3639,30.833333333333332,45.833333333333336,45.833333333333336,44.77777777777778,23.22222222222222,37.55555555555556,647.5,962.5,962.5,240.625,1341.375,1341.375,0.04078389830508475,0.22735169491525423
3640,48.55555555555556,57.666666666666664,57.666666666666664,56.666666666666664,27.22222222222222,58.5,1019.6666666666667,1211.0,1211.0,302.75,2036.1833333333334,2036.1833333333334,0.0513135593220339,0.34511581920903955
3641,45.44444444444444,60.72222222222222,60.72222222222222,61.166666666666664,32.72222222222222,53.0,954.3333333333333,1275.1666666666667,1275.1666666666667,318.7916666666667,1941.1583333333333,1941.1583333333333,0.05403248587570622,0.3290098870056497
3642,42.94444444444444,47.94444444444444,47.94444444444444,47.388888888888886,22.666666666666668,50.611111111111114,901.8333333333333,1006.8333333333333,1006.8333333333333,251.70833333333331,1784.8249999999998,1784.8249999999998,0.04266242937853107,0.30251271186440676
3643,38.27777777777778,39.333333333333336,39.333333333333336,38.388888888888886,18.666666666666668,50.0,803.8333333333334,826.0,826.0,206.5,1573.0166666666667,1573.0166666666667,0.035,0.26661299435028246
3644,45.388888888888886,46.22222222222222,46.22222222222222,45.5,22.555555555555557,64.66666666666667,953.1666666666666,970.6666666666666,970.6666666666666,242.66666666666666,1863.05,1863.05,0.04112994350282486,0.315771186440678
3645,54.44444444444444,68.72222222222223,68.72222222222223,68.38888888888889,33.166666666666664,69.83333333333333,1143.3333333333333,1443.1666666666667,1443.1666666666667,360.7916666666667,2304.458333333333,2304.458333333333,0.06115112994350283,0.39058615819209036
3646,48.22222222222222,45.111111111111114,45.111111111111114,45.333333333333336,23.333333333333332,51.44444444444444,1012.6666666666666,947.3333333333334,947.3333333333334,236.83333333333334,1958.3666666666666,1958.3666666666666,0.04014124293785311,0.3319265536723164
3647,49.611111111111114,50.166666666666664,50.166666666666664,49.77777777777778,24.833333333333332,61.166666666666664,1041.8333333333335,1053.5,1053.5,263.375,2034.4916666666668,2034.4916666666668,0.04463983050847457,0.34482909604519774
3648,41.0,53.833333333333336,53.833333333333336,53.44444444444444,27.38888888888889,49.22222222222222,861.0,1130.5,1130.5,282.625,1746.325,1746.325,0.04790254237288136,0.2959872881355932
3649,34.833333333333336,42.77777777777778,42.77777777777778,42.5,21.833333333333332,43.22222222222222,731.5,898.3333333333334,898.3333333333334,224.58333333333334,1468.1333333333332,1468.1333333333332,0.03806497175141243,0.24883615819209037
3650,34.44444444444444,40.22222222222222,40.22222222222222,39.833333333333336,19.944444444444443,44.27777777777778,723.3333333333333,844.6666666666666,844.6666666666666,211.16666666666666,1440.8333333333333,1440.8333333333333,0.0357909604519774,0.2442090395480226
3651,37.333333333333336,38.888888888888886,38.888888888888886,37.44444444444444,19.333333333333332,44.666666666666664,784.0,816.6666666666666,816.6666666666666,204.16666666666666,1536.9666666666667,1536.9666666666667,0.0346045197740113,0.2605028248587571
3652,53.333333333333336,57.833333333333336,57.833333333333336,56.55555555555556,28.22222222222222,62.05555555555556,1120.0,1214.5,1214.5,303.625,2207.625,2207.625,0.05146186440677966,0.3741737288135593
3653,42.166666666666664,57.27777777777778,57.27777777777778,56.611111111111114,27.944444444444443,59.72222222222222,885.5,1202.8333333333333,1202.8333333333333,300.7083333333333,1806.0583333333332,1806.0583333333332,0.05096751412429378,0.30611158192090393
3654,59.22222222222222,56.333333333333336,56.333333333333336,55.44444444444444,27.11111111111111,66.27777777777777,1243.6666666666667,1183.0,1183.0,295.75,2409.9833333333336,2409.9833333333336,0.0501271186440678,0.4084717514124294
3655,54.44444444444444,64.88888888888889,64.88888888888889,64.44444444444444,31.72222222222222,76.22222222222223,1143.3333333333333,1362.6666666666665,1362.6666666666665,340.66666666666663,2284.333333333333,2284.333333333333,0.05774011299435028,0.3871751412429378
3656,42.333333333333336,56.111111111111114,56.111111111111114,55.27777777777778,28.555555555555557,50.05555555555556,889.0,1178.3333333333335,1178.3333333333335,294.58333333333337,1805.8833333333332,1805.8833333333332,0.04992937853107345,0.3060819209039548
3657,53.111111111111114,54.77777777777778,54.77777777777778,53.833333333333336,28.11111111111111,58.55555555555556,1115.3333333333335,1150.3333333333333,1150.3333333333333,287.5833333333333,2183.65,2183.65,0.04874293785310734,0.3701101694915254
3658,60.05555555555556,71.5,71.5,70.83333333333333,35.44444444444444,78.33333333333333,1261.1666666666667,1501.5,1501.5,375.375,2519.3583333333336,2519.3583333333336,0.0636228813559322,0.42700988700564974
3659,47.388888888888886,46.22222222222222,46.22222222222222,45.27777777777778,21.0,60.333333333333336,995.1666666666666,970.6666666666666,970.6666666666666,242.66666666666666,1934.45,1934.45,0.04112994350282486,0.32787288135593223
3660,40.111111111111114,35.55555555555556,35.55555555555556,35.111111111111114,16.444444444444443,44.05555555555556,842.3333333333334,746.6666666666667,746.6666666666667,186.66666666666669,1618.6333333333334,1618.6333333333334,0.03163841807909605,0.2743446327683616
3661,37.55555555555556,36.27777777777778,36.27777777777778,35.55555555555556,18.333333333333332,44.666666666666664,788.6666666666667,761.8333333333334,761.8333333333334,190.45833333333334,1531.1916666666666,1531.1916666666666,0.032281073446327684,0.25952401129943503
3662,41.72222222222222,52.166666666666664,52.166666666666664,50.72222222222222,24.5,49.94444444444444,876.1666666666666,1095.5,1095.5,273.875,1763.3583333333331,1763.3583333333331,0.046419491525423726,0.2988742937853107
3663,50.833333333333336,52.77777777777778,52.77777777777778,52.111111111111114,26.72222222222222,52.55555555555556,1067.5,1108.3333333333333,1108.3333333333333,277.0833333333333,2091.8333333333335,2091.8333333333335,0.04696327683615819,0.3545480225988701
3664,41.333333333333336,45.5,45.5,44.833333333333336,23.944444444444443,47.5,868.0,955.5,955.5,238.875,1714.475,1714.475,0.04048728813559322,0.29058898305084746
3665,47.666666666666664,51.77777777777778,51.77777777777778,50.94444444444444,24.555555555555557,57.22222222222222,1001.0,1087.3333333333333,1087.3333333333333,271.8333333333333,1973.5333333333333,1973.5333333333333,0.04607344632768361,0.33449717514124294
3666,50.77777777777778,55.44444444444444,55.44444444444444,54.888888888888886,26.944444444444443,64.38888888888889,1066.3333333333333,1164.3333333333333,1164.3333333333333,291.0833333333333,2103.85,2103.85,0.04933615819209039,0.3565847457627119
3667,49.27777777777778,53.333333333333336,53.333333333333336,53.27777777777778,26.666666666666668,56.94444444444444,1034.8333333333333,1120.0,1120.0,280.0,2039.2166666666665,2039.2166666666665,0.04745762711864407,0.34562994350282483
3668,29.88888888888889,41.94444444444444,41.94444444444444,40.94444444444444,18.72222222222222,37.666666666666664,627.6666666666666,880.8333333333333,880.8333333333333,220.20833333333331,1287.2416666666666,1287.2416666666666,0.03732344632768361,0.21817655367231636
3669,36.111111111111114,48.94444444444444,48.94444444444444,48.5,23.72222222222222,41.94444444444444,758.3333333333334,1027.8333333333333,1027.8333333333333,256.9583333333333,1546.125,1546.125,0.043552259887005645,0.2620550847457627
3670,36.111111111111114,59.888888888888886,59.888888888888886,59.0,30.666666666666668,51.888888888888886,758.3333333333334,1257.6666666666665,1257.6666666666665,314.41666666666663,1603.5833333333335,1603.5833333333335,0.05329096045197739,0.2717937853107345
3671,35.666666666666664,44.388888888888886,44.388888888888886,43.22222222222222,21.5,44.44444444444444,749.0,932.1666666666666,932.1666666666666,233.04166666666666,1506.3416666666667,1506.3416666666667,0.03949858757062147,0.25531214689265536
3672,46.05555555555556,45.27777777777778,45.27777777777778,44.77777777777778,21.88888888888889,54.333333333333336,967.1666666666667,950.8333333333334,950.8333333333334,237.70833333333334,1881.8916666666667,1881.8916666666667,0.04028954802259887,0.3189646892655367
3673,61.27777777777778,60.333333333333336,60.333333333333336,59.55555555555556,27.77777777777778,75.38888888888889,1286.8333333333333,1267.0,1267.0,316.75,2504.3666666666663,2504.3666666666663,0.0536864406779661,0.42446892655367224
3674,41.22222222222222,47.77777777777778,47.77777777777778,47.44444444444444,23.38888888888889,44.833333333333336,865.6666666666666,1003.3333333333334,1003.3333333333334,250.83333333333334,1722.4666666666665,1722.4666666666665,0.04251412429378531,0.2919435028248587
3675,40.0,46.611111111111114,46.611111111111114,45.888888888888886,21.88888888888889,45.111111111111114,840.0,978.8333333333334,978.8333333333334,244.70833333333334,1672.7083333333333,1672.7083333333333,0.04147598870056497,0.2835098870056497
3676,44.166666666666664,48.72222222222222,48.72222222222222,47.94444444444444,24.5,53.333333333333336,927.5,1023.1666666666666,1023.1666666666666,255.79166666666666,1832.5416666666667,1832.5416666666667,0.0433545197740113,0.31060028248587573
3677,45.5,63.27777777777778,63.27777777777778,62.22222222222222,31.5,62.77777777777778,955.5,1328.8333333333333,1328.8333333333333,332.2083333333333,1956.5583333333332,1956.5583333333332,0.05630649717514124,0.33162005649717513
3678,51.0,54.27777777777778,54.27777777777778,53.27777777777778,25.38888888888889,66.5,1071.0,1139.8333333333333,1139.8333333333333,284.9583333333333,2105.6583333333333,2105.6583333333333,0.048298022598870054,0.3568912429378531
3679,37.111111111111114,43.5,43.5,42.94444444444444,22.38888888888889,36.611111111111114,779.3333333333334,913.5,913.5,228.375,1553.2416666666668,1553.2416666666668,0.03870762711864407,0.2632612994350283
3680,47.05555555555556,59.666666666666664,59.666666666666664,58.27777777777778,29.555555555555557,59.72222222222222,988.1666666666667,1253.0,1253.0,313.25,1993.1333333333334,1993.1333333333334,0.05309322033898305,0.33781920903954804
3681,46.388888888888886,57.55555555555556,57.55555555555556,57.111111111111114,27.61111111111111,61.77777777777778,974.1666666666666,1208.6666666666667,1208.6666666666667,302.1666666666667,1958.25,1958.25,0.051214689265536725,0.33190677966101695
3682,41.05555555555556,45.111111111111114,45.111111111111114,44.166666666666664,21.666666666666668,48.666666666666664,862.1666666666667,947.3333333333334,947.3333333333334,236.83333333333334,1702.5166666666667,1702.5166666666667,0.04014124293785311,0.28856214689265536
3683,39.55555555555556,57.111111111111114,57.111111111111114,56.333333333333336,27.77777777777778,55.55555555555556,830.6666666666667,1199.3333333333335,1199.3333333333335,299.83333333333337,1711.9666666666667,1711.9666666666667,0.05081920903954803,0.2901638418079096
3684,38.5,41.22222222222222,41.22222222222222,40.333333333333336,19.88888888888889,46.94444444444444,808.5,865.6666666666666,865.6666666666666,216.41666666666666,1590.8666666666668,1590.8666666666668,0.03668079096045197,0.26963841807909605
3685,41.333333333333336,50.333333333333336,50.333333333333336,50.333333333333336,25.333333333333332,49.72222222222222,868.0,1057.0,1057.0,264.25,1739.85,1739.85,0.04478813559322034,0.29488983050847456
3686,50.833333333333336,57.388888888888886,57.388888888888886,57.5,28.444444444444443,58.0,1067.5,1205.1666666666665,1205.1666666666665,301.29166666666663,2116.0416666666665,2116.0416666666665,0.05106638418079095,0.3586511299435028
3687,37.333333333333336,45.22222222222222,45.22222222222222,43.888888888888886,23.11111111111111,47.333333333333336,784.0,949.6666666666666,949.6666666666666,237.41666666666666,1570.2166666666667,1570.2166666666667,0.040240112994350284,0.26613841807909605
3688,39.5,54.05555555555556,54.05555555555556,53.333333333333336,28.22222222222222,51.44444444444444,829.5,1135.1666666666667,1135.1666666666667,283.7916666666667,1693.9416666666666,1693.9416666666666,0.04810028248587571,0.2871087570621469
3689,52.44444444444444,60.72222222222222,60.72222222222222,60.388888888888886,29.72222222222222,60.72222222222222,1101.3333333333333,1275.1666666666667,1275.1666666666667,318.7916666666667,2191.058333333333,2191.058333333333,0.05403248587570622,0.3713658192090395
3690,50.111111111111114,58.27777777777778,58.27777777777778,58.0,27.88888888888889,60.388888888888886,1052.3333333333335,1223.8333333333333,1223.8333333333333,305.9583333333333,2094.925,2094.925,0.05185734463276836,0.3550720338983051
3691,45.55555555555556,50.666666666666664,50.666666666666664,49.94444444444444,24.5,57.0,956.6666666666667,1064.0,1064.0,266.0,1892.3333333333335,1892.3333333333335,0.04508474576271186,0.3207344632768362
3692,38.72222222222222,45.388888888888886,45.388888888888886,45.55555555555556,23.555555555555557,41.77777777777778,813.1666666666666,953.1666666666666,953.1666666666666,238.29166666666666,1620.675,1620.675,0.040388418079096045,0.2746906779661017
3693,44.22222222222222,64.72222222222223,64.72222222222223,63.666666666666664,32.611111111111114,61.333333333333336,928.6666666666666,1359.1666666666667,1359.1666666666667,339.7916666666667,1918.5249999999999,1918.5249999999999,0.057591807909604525,0.3251737288135593
3694,38.0,44.111111111111114,44.111111111111114,44.22222222222222,21.88888888888889,45.666666666666664,798.0,926.3333333333334,926.3333333333334,231.58333333333334,1588.1833333333332,1588.1833333333332,0.03925141242937853,0.269183615819209
3695,49.55555555555556,63.888888888888886,63.888888888888886,63.55555555555556,32.333333333333336,62.5,1040.6666666666667,1341.6666666666665,1341.6666666666665,335.41666666666663,2104.55,2104.55,0.0568502824858757,0.35670338983050853
3696,44.55555555555556,55.333333333333336,55.333333333333336,54.27777777777778,26.666666666666668,52.166666666666664,935.6666666666667,1162.0,1162.0,290.5,1881.1333333333334,1881.1333333333334,0.04923728813559322,0.31883615819209044
3697,38.388888888888886,57.388888888888886,57.388888888888886,57.05555555555556,29.38888888888889,52.333333333333336,806.1666666666666,1205.1666666666665,1205.1666666666665,301.29166666666663,1671.7749999999996,1671.7749999999996,0.05106638418079095,0.2833516949152542
3698,37.666666666666664,44.833333333333336,44.833333333333336,45.111111111111114,22.61111111111111,46.111111111111114,791.0,941.5,941.5,235.375,1580.075,1580.075,0.03989406779661017,0.2678093220338983
3699,51.44444444444444,63.94444444444444,63.94444444444444,63.833333333333336,32.666666666666664,58.388888888888886,1080.3333333333333,1342.8333333333333,1342.8333333333333,335.7083333333333,2172.2749999999996,2172.2749999999996,0.05689971751412429,0.36818220338983043
3700,46.72222222222222,44.55555555555556,44.55555555555556,44.333333333333336,22.0,54.22222222222222,981.1666666666666,935.6666666666667,935.6666666666667,233.91666666666669,1901.8999999999999,1901.8999999999999,0.039646892655367236,0.3223559322033898
3701,56.22222222222222,59.611111111111114,59.611111111111114,58.388888888888886,28.22222222222222,64.55555555555556,1180.6666666666667,1251.8333333333335,1251.8333333333335,312.95833333333337,2320.0916666666667,2320.0916666666667,0.05304378531073447,0.3932358757062147
3702,40.0,38.833333333333336,38.833333333333336,37.22222222222222,17.5,48.22222222222222,840.0,815.5,815.5,203.875,1631.875,1631.875,0.034555084745762715,0.27658898305084745
3703,60.0,62.888888888888886,62.888888888888886,62.22222222222222,31.555555555555557,76.05555555555556,1260.0,1320.6666666666665,1320.6666666666665,330.16666666666663,2472.1666666666665,2472.1666666666665,0.05596045197740113,0.41901129943502824
3704,42.666666666666664,47.666666666666664,47.666666666666664,47.666666666666664,24.055555555555557,53.0,896.0,1001.0,1001.0,250.25,1773.45,1773.45,0.04241525423728813,0.3005847457627119
3705,48.22222222222222,57.05555555555556,57.05555555555556,56.388888888888886,28.055555555555557,62.166666666666664,1012.6666666666666,1198.1666666666667,1198.1666666666667,299.5416666666667,2021.075,2021.075,0.05076977401129944,0.34255508474576274
3706,33.666666666666664,43.888888888888886,43.888888888888886,42.94444444444444,21.666666666666668,43.333333333333336,707.0,921.6666666666666,921.6666666666666,230.41666666666666,1432.3166666666666,1432.3166666666666,0.03905367231638418,0.24276553672316384
3707,40.5,46.72222222222222,46.72222222222222,46.333333333333336,22.77777777777778,48.05555555555556,850.5,981.1666666666666,981.1666666666666,245.29166666666666,1691.1416666666667,1691.1416666666667,0.04157485875706215,0.2866341807909604
3708,40.333333333333336,47.833333333333336,47.833333333333336,47.611111111111114,24.944444444444443,47.5,847.0,1004.5,1004.5,251.125,1691.0249999999999,1691.0249999999999,0.0425635593220339,0.286614406779661
3709,44.94444444444444,44.888888888888886,44.888888888888886,44.388888888888886,21.333333333333332,55.833333333333336,943.8333333333333,942.6666666666666,942.6666666666666,235.66666666666666,1840.1833333333332,1840.1833333333332,0.039943502824858756,0.3118954802259887
3710,39.55555555555556,42.111111111111114,42.111111111111114,40.77777777777778,19.0,47.833333333333336,830.6666666666667,884.3333333333334,884.3333333333334,221.08333333333334,1633.2166666666667,1633.2166666666667,0.03747175141242938,0.27681638418079096
3711,35.333333333333336,42.27777777777778,42.27777777777778,41.5,21.77777777777778,39.72222222222222,742.0,887.8333333333334,887.8333333333334,221.95833333333334,1483.3583333333331,1483.3583333333331,0.03762005649717514,0.2514166666666666
3712,38.27777777777778,41.05555555555556,41.05555555555556,40.111111111111114,20.555555555555557,43.666666666666664,803.8333333333334,862.1666666666667,862.1666666666667,215.54166666666669,1582.0583333333334,1582.0583333333334,0.03653248587570622,0.2681454802259887
3713,42.666666666666664,53.111111111111114,53.111111111111114,52.888888888888886,26.055555555555557,55.388888888888886,896.0,1115.3333333333335,1115.3333333333335,278.83333333333337,1802.0333333333333,1802.0333333333333,0.047259887005649724,0.30542937853107344
3714,49.166666666666664,60.166666666666664,60.166666666666664,59.05555555555556,29.61111111111111,59.5,1032.5,1263.5,1263.5,315.875,2071.125,2071.125,0.05353813559322034,0.35103813559322034
3715,36.94444444444444,51.333333333333336,51.333333333333336,50.611111111111114,26.555555555555557,49.111111111111114,775.8333333333333,1078.0,1078.0,269.5,1588.4166666666665,1588.4166666666665,0.04567796610169492,0.2692231638418079
3716,54.77777777777778,74.72222222222223,74.72222222222223,74.5,36.22222222222222,71.22222222222223,1150.3333333333333,1569.1666666666667,1569.1666666666667,392.2916666666667,2347.858333333333,2347.858333333333,0.06649011299435029,0.3979420903954802
3717,37.55555555555556,41.833333333333336,41.833333333333336,41.27777777777778,20.444444444444443,49.111111111111114,788.6666666666667,878.5,878.5,219.625,1560.3583333333333,1560.3583333333333,0.037224576271186444,0.2644675141242938
3718,45.611111111111114,58.388888888888886,58.388888888888886,57.611111111111114,28.166666666666668,60.05555555555556,957.8333333333334,1226.1666666666665,1226.1666666666665,306.54166666666663,1934.8583333333331,1934.8583333333331,0.05195621468926553,0.32794209039548017
3719,46.388888888888886,52.77777777777778,52.77777777777778,52.05555555555556,26.22222222222222,59.44444444444444,974.1666666666666,1108.3333333333333,1108.3333333333333,277.0833333333333,1933.1666666666665,1933.1666666666665,0.04696327683615819,0.3276553672316384
3720,52.833333333333336,50.111111111111114,50.111111111111114,49.666666666666664,24.555555555555557,56.5,1109.5,1052.3333333333335,1052.3333333333335,263.08333333333337,2149.233333333333,2149.233333333333,0.044590395480225996,0.36427683615819206
3721,41.111111111111114,39.22222222222222,39.22222222222222,38.166666666666664,19.0,48.5,863.3333333333334,823.6666666666666,823.6666666666666,205.91666666666666,1673.5833333333335,1673.5833333333335,0.03490112994350282,0.2836581920903955
3722,51.166666666666664,49.94444444444444,49.94444444444444,49.0,24.833333333333332,57.166666666666664,1074.5,1048.8333333333333,1048.8333333333333,262.2083333333333,2088.858333333333,2088.858333333333,0.04444209039548022,0.35404378531073444
3723,44.111111111111114,52.833333333333336,52.833333333333336,52.55555555555556,26.11111111111111,46.77777777777778,926.3333333333334,1109.5,1109.5,277.375,1852.1416666666667,1852.1416666666667,0.04701271186440678,0.3139223163841808
3724,48.666666666666664,50.05555555555556,50.05555555555556,49.111111111111114,22.666666666666668,58.05555555555556,1022.0,1051.1666666666667,1051.1666666666667,262.7916666666667,2000.1916666666666,2000.1916666666666,0.044540960451977404,0.3390155367231638
3725,46.166666666666664,58.666666666666664,58.666666666666664,58.0,28.88888888888889,54.44444444444444,969.5,1232.0,1232.0,308.0,1956.1499999999999,1956.1499999999999,0.05220338983050848,0.3315508474576271
3726,46.333333333333336,50.888888888888886,50.888888888888886,50.5,25.38888888888889,55.611111111111114,973.0,1068.6666666666665,1068.6666666666665,267.16666666666663,1921.2666666666664,1921.2666666666664,0.045282485875706206,0.325638418079096
3727,57.94444444444444,57.888888888888886,57.888888888888886,57.27777777777778,28.333333333333332,73.94444444444444,1216.8333333333333,1215.6666666666665,1215.6666666666665,303.91666666666663,2372.533333333333,2372.533333333333,0.05151129943502824,0.40212429378531067
3728,47.22222222222222,57.27777777777778,57.27777777777778,57.5,28.444444444444443,53.72222222222222,991.6666666666666,1202.8333333333333,1202.8333333333333,300.7083333333333,1986.5416666666665,1986.5416666666665,0.05096751412429378,0.3367019774011299
3729,53.72222222222222,50.72222222222222,50.72222222222222,50.05555555555556,24.72222222222222,60.72222222222222,1128.1666666666667,1065.1666666666667,1065.1666666666667,266.2916666666667,2184.175,2184.175,0.04513418079096045,0.3701991525423729
3730,51.0,61.5,61.5,60.388888888888886,30.72222222222222,63.888888888888886,1071.0,1291.5,1291.5,322.875,2143.575,2143.575,0.05472457627118644,0.36331779661016944
3731,47.5,57.388888888888886,57.388888888888886,56.94444444444444,26.88888888888889,65.72222222222223,997.5,1205.1666666666665,1205.1666666666665,301.29166666666663,1997.0416666666665,1997.0416666666665,0.05106638418079095,0.33848163841807904
3732,49.77777777777778,51.44444444444444,51.44444444444444,50.72222222222222,22.72222222222222,63.666666666666664,1045.3333333333333,1080.3333333333333,1080.3333333333333,270.0833333333333,2047.1499999999996,2047.1499999999996,0.045776836158192086,0.3469745762711864
3733,43.22222222222222,52.22222222222222,52.22222222222222,51.55555555555556,25.444444444444443,53.833333333333336,907.6666666666666,1096.6666666666667,1096.6666666666667,274.1666666666667,1817.2,1817.2,0.04646892655367232,0.308
3734,34.5,38.77777777777778,38.77777777777778,38.166666666666664,19.055555555555557,43.111111111111114,724.5,814.3333333333334,814.3333333333334,203.58333333333334,1435.2333333333331,1435.2333333333331,0.034505649717514124,0.24325988700564968
3735,60.5,52.44444444444444,52.44444444444444,51.94444444444444,26.22222222222222,63.388888888888886,1270.5,1101.3333333333333,1101.3333333333333,275.3333333333333,2435.1833333333334,2435.1833333333334,0.04666666666666666,0.41274293785310734
3736,40.388888888888886,51.111111111111114,51.111111111111114,49.888888888888886,22.27777777777778,52.94444444444444,848.1666666666666,1073.3333333333335,1073.3333333333335,268.33333333333337,1710.2166666666667,1710.2166666666667,0.04548022598870057,0.2898672316384181
3737,30.72222222222222,42.05555555555556,42.05555555555556,41.5,20.11111111111111,36.27777777777778,645.1666666666666,883.1666666666667,883.1666666666667,220.79166666666669,1317.575,1317.575,0.037422316384180795,0.2233177966101695
3738,57.44444444444444,67.88888888888889,67.88888888888889,67.61111111111111,32.44444444444444,68.55555555555556,1206.3333333333333,1425.6666666666665,1425.6666666666665,356.41666666666663,2407.183333333333,2407.183333333333,0.06040960451977401,0.4079971751412429
3739,44.666666666666664,56.333333333333336,56.333333333333336,55.55555555555556,28.555555555555557,52.94444444444444,938.0,1183.0,1183.0,295.75,1890.35,1890.35,0.0501271186440678,0.32039830508474576
3740,40.77777777777778,44.44444444444444,44.44444444444444,43.833333333333336,22.666666666666668,49.166666666666664,856.3333333333334,933.3333333333333,933.3333333333333,233.33333333333331,1689.1,1689.1,0.03954802259887005,0.2862881355932203
3741,45.0,52.833333333333336,52.833333333333336,52.0,26.0,55.166666666666664,945.0,1109.5,1109.5,277.375,1883.875,1883.875,0.04701271186440678,0.3193008474576271
3742,40.72222222222222,60.22222222222222,60.22222222222222,59.44444444444444,29.77777777777778,53.77777777777778,855.1666666666666,1264.6666666666667,1264.6666666666667,316.1666666666667,1769.95,1769.95,0.05358757062146893,0.2999915254237288
3743,43.55555555555556,57.05555555555556,57.05555555555556,56.333333333333336,28.5,57.333333333333336,914.6666666666667,1198.1666666666667,1198.1666666666667,299.5416666666667,1854.4750000000001,1854.4750000000001,0.05076977401129944,0.3143177966101695
3744,50.666666666666664,59.22222222222222,59.22222222222222,58.72222222222222,28.88888888888889,58.5,1064.0,1243.6666666666667,1243.6666666666667,310.9166666666667,2119.7166666666667,2119.7166666666667,0.05269774011299436,0.35927401129943504
3745,38.888888888888886,47.833333333333336,47.833333333333336,47.44444444444444,23.833333333333332,47.333333333333336,816.6666666666666,1004.5,1004.5,251.125,1639.4583333333333,1639.4583333333333,0.0425635593220339,0.2778742937853107
3746,49.388888888888886,60.166666666666664,60.166666666666664,59.388888888888886,28.5,63.77777777777778,1037.1666666666665,1263.5,1263.5,315.875,2079.058333333333,2079.058333333333,0.05353813559322034,0.35238276836158183
3747,44.94444444444444,53.666666666666664,53.666666666666664,52.666666666666664,25.61111111111111,55.94444444444444,943.8333333333333,1127.0,1127.0,281.75,1886.2666666666664,1886.2666666666664,0.04775423728813559,0.3197062146892655
3748,51.0,59.72222222222222,59.72222222222222,58.833333333333336,29.88888888888889,63.77777777777778,1071.0,1254.1666666666667,1254.1666666666667,313.5416666666667,2134.241666666667,2134.241666666667,0.053142655367231645,0.3617358757062147
3749,35.05555555555556,44.666666666666664,44.666666666666664,43.833333333333336,21.333333333333332,45.333333333333336,736.1666666666667,938.0,938.0,234.5,1485.9833333333333,1485.9833333333333,0.039745762711864405,0.25186158192090397
3750,51.388888888888886,67.88888888888889,67.88888888888889,67.16666666666667,31.72222222222222,67.55555555555556,1079.1666666666665,1425.6666666666665,1425.6666666666665,356.41666666666663,2190.9999999999995,2190.9999999999995,0.06040960451977401,0.37135593220338975
3751,45.888888888888886,43.72222222222222,43.72222222222222,43.72222222222222,21.333333333333332,52.5,963.6666666666666,918.1666666666666,918.1666666666666,229.54166666666666,1867.7749999999999,1867.7749999999999,0.03890536723163841,0.31657203389830507
3752,35.5,44.77777777777778,44.77777777777778,43.77777777777778,21.833333333333332,42.22222222222222,745.5,940.3333333333334,940.3333333333334,235.08333333333334,1502.4333333333332,1502.4333333333332,0.03984463276836158,0.25464971751412424
3753,33.0,40.111111111111114,40.111111111111114,39.0,19.944444444444443,37.388888888888886,693.0,842.3333333333334,842.3333333333334,210.58333333333334,1388.6833333333332,1388.6833333333332,0.03569209039548023,0.2353700564971751
3754,43.333333333333336,55.27777777777778,55.27777777777778,55.166666666666664,27.333333333333332,55.44444444444444,910.0,1160.8333333333333,1160.8333333333333,290.2083333333333,1837.2083333333333,1837.2083333333333,0.04918785310734463,0.3113912429378531
3755,53.0,61.111111111111114,61.111111111111114,60.666666666666664,29.77777777777778,67.22222222222223,1113.0,1283.3333333333335,1283.3333333333335,320.83333333333337,2212.9333333333334,2212.9333333333334,0.05437853107344633,0.37507344632768364
3756,39.05555555555556,55.833333333333336,55.833333333333336,55.05555555555556,27.0,50.05555555555556,820.1666666666667,1172.5,1172.5,293.125,1687.4083333333335,1687.4083333333335,0.04968220338983051,0.28600141242937854
3757,44.833333333333336,65.83333333333333,65.83333333333333,65.61111111111111,32.166666666666664,57.5,941.5,1382.5,1382.5,345.625,1946.175,1946.175,0.05858050847457627,0.3298601694915254
3758,54.166666666666664,65.55555555555556,65.55555555555556,65.27777777777777,32.166666666666664,61.27777777777778,1137.5,1376.6666666666667,1376.6666666666667,344.1666666666667,2277.9166666666665,2277.9166666666665,0.058333333333333334,0.3860875706214689
3759,43.166666666666664,57.611111111111114,57.611111111111114,56.77777777777778,28.38888888888889,56.833333333333336,906.5,1209.8333333333335,1209.8333333333335,302.45833333333337,1843.5083333333332,1843.5083333333332,0.05126412429378532,0.31245903954802257
3760,44.111111111111114,50.666666666666664,50.666666666666664,51.27777777777778,26.88888888888889,54.94444444444444,926.3333333333334,1064.0,1064.0,266.0,1840.7666666666667,1840.7666666666667,0.04508474576271186,0.3119943502824859
3761,50.666666666666664,51.611111111111114,51.611111111111114,51.333333333333336,25.555555555555557,55.27777777777778,1064.0,1083.8333333333335,1083.8333333333335,270.95833333333337,2079.758333333333,2079.758333333333,0.04592514124293786,0.3525014124293785
3762,53.666666666666664,55.55555555555556,55.55555555555556,55.166666666666664,27.055555555555557,70.5,1127.0,1166.6666666666667,1166.6666666666667,291.6666666666667,2207.5666666666666,2207.5666666666666,0.04943502824858757,0.37416384180790957
3763,40.333333333333336,50.44444444444444,50.44444444444444,49.388888888888886,25.11111111111111,44.833333333333336,847.0,1059.3333333333333,1059.3333333333333,264.8333333333333,1704.7333333333331,1704.7333333333331,0.04488700564971751,0.2889378531073446
3764,48.44444444444444,56.333333333333336,56.333333333333336,55.166666666666664,26.88888888888889,56.44444444444444,1017.3333333333333,1183.0,1183.0,295.75,2025.2166666666665,2025.2166666666665,0.0501271186440678,0.3432570621468926
3765,46.111111111111114,45.388888888888886,45.388888888888886,44.22222222222222,21.77777777777778,52.888888888888886,968.3333333333334,953.1666666666666,953.1666666666666,238.29166666666666,1884.4583333333335,1884.4583333333335,0.040388418079096045,0.3193997175141243
3766,53.833333333333336,54.22222222222222,54.22222222222222,53.888888888888886,27.38888888888889,54.94444444444444,1130.5,1138.6666666666667,1138.6666666666667,284.6666666666667,2206.5166666666664,2206.5166666666664,0.04824858757062147,0.37398587570621467
3767,55.888888888888886,62.111111111111114,62.111111111111114,61.5,30.22222222222222,69.38888888888889,1173.6666666666665,1304.3333333333335,1304.3333333333335,326.08333333333337,2321.3166666666666,2321.3166666666666,0.05526836158192091,0.39344350282485874
3768,34.666666666666664,40.22222222222222,40.22222222222222,39.27777777777778,20.333333333333332,42.77777777777778,728.0,844.6666666666666,844.6666666666666,211.16666666666666,1448.7666666666667,1448.7666666666667,0.0357909604519774,0.24555367231638417
3769,16.0,30.27777777777778,30.27777777777778,29.666666666666668,15.5,19.61111111111111,336.0,635.8333333333334,635.8333333333334,158.95833333333334,730.1583333333333,730.1583333333333,0.026942090395480227,0.12375564971751411
3770,45.833333333333336,49.833333333333336,49.833333333333336,49.333333333333336,22.72222222222222,54.05555555555556,962.5,1046.5,1046.5,261.625,1897.875,1897.875,0.04434322033898305,0.3216737288135593
3771,42.111111111111114,58.44444444444444,58.44444444444444,58.333333333333336,30.833333333333332,54.44444444444444,884.3333333333334,1227.3333333333333,1227.3333333333333,306.8333333333333,1810.2,1810.2,0.05200564971751412,0.3068135593220339
3772,45.888888888888886,44.333333333333336,44.333333333333336,44.05555555555556,21.77777777777778,53.05555555555556,963.6666666666666,931.0,931.0,232.75,1870.9833333333331,1870.9833333333331,0.039449152542372884,0.31711581920903953
3773,41.22222222222222,51.05555555555556,51.05555555555556,50.94444444444444,24.944444444444443,49.55555555555556,865.6666666666666,1072.1666666666667,1072.1666666666667,268.0416666666667,1739.675,1739.675,0.04543079096045198,0.29486016949152544
3774,41.5,50.111111111111114,50.111111111111114,50.44444444444444,25.666666666666668,48.833333333333336,871.5,1052.3333333333335,1052.3333333333335,263.08333333333337,1744.6333333333332,1744.6333333333332,0.044590395480225996,0.2957005649717514
3775,47.166666666666664,58.333333333333336,58.333333333333336,57.05555555555556,28.72222222222222,63.888888888888886,990.5,1225.0,1225.0,306.25,1990.1,1990.1,0.05190677966101695,0.3373050847457627
3776,38.77777777777778,48.333333333333336,48.333333333333336,47.5,24.27777777777778,50.0,814.3333333333334,1015.0,1015.0,253.75,1638.1166666666668,1638.1166666666668,0.04300847457627119,0.27764689265536724
3777,38.666666666666664,51.888888888888886,51.888888888888886,50.72222222222222,24.555555555555557,52.333333333333336,812.0,1089.6666666666665,1089.6666666666665,272.41666666666663,1652.8166666666666,1652.8166666666666,0.04617231638418078,0.280138418079096
3778,50.05555555555556,54.666666666666664,54.666666666666664,54.888888888888886,27.72222222222222,55.5,1051.1666666666667,1148.0,1148.0,287.0,2073.9833333333336,2073.9833333333336,0.04864406779661017,0.35152259887005655
3779,50.833333333333336,46.888888888888886,46.888888888888886,47.166666666666664,22.77777777777778,56.5,1067.5,984.6666666666666,984.6666666666666,246.16666666666666,2060.9166666666665,2060.9166666666665,0.04172316384180791,0.34930790960451974
3780,63.611111111111114,67.61111111111111,67.61111111111111,66.88888888888889,32.666666666666664,74.72222222222223,1335.8333333333335,1419.8333333333335,1419.8333333333335,354.95833333333337,2625.8750000000005,2625.8750000000005,0.06016242937853108,0.44506355932203395
3781,50.5,59.72222222222222,59.72222222222222,59.333333333333336,30.0,61.333333333333336,1060.5,1254.1666666666667,1254.1666666666667,313.5416666666667,2116.3916666666664,2116.3916666666664,0.053142655367231645,0.3587104519774011
3782,34.77777777777778,39.888888888888886,39.888888888888886,39.77777777777778,20.11111111111111,36.888888888888886,730.3333333333334,837.6666666666666,837.6666666666666,209.41666666666666,1450.9833333333333,1450.9833333333333,0.035494350282485876,0.24592937853107344
3783,54.666666666666664,52.666666666666664,52.666666666666664,52.27777777777778,25.38888888888889,64.94444444444444,1148.0,1106.0,1106.0,276.5,2228.1,2228.1,0.046864406779661014,0.37764406779661014
3784,51.5,54.05555555555556,54.05555555555556,53.94444444444444,27.27777777777778,60.77777777777778,1081.5,1135.1666666666667,1135.1666666666667,283.7916666666667,2122.3416666666667,2122.3416666666667,0.04810028248587571,0.3597189265536723
3785,46.55555555555556,54.666666666666664,54.666666666666664,54.333333333333336,27.555555555555557,53.5,977.6666666666667,1148.0,1148.0,287.0,1949.0333333333335,1949.0333333333335,0.04864406779661017,0.3303446327683616
3786,51.388888888888886,57.94444444444444,57.94444444444444,57.611111111111114,29.22222222222222,62.44444444444444,1079.1666666666665,1216.8333333333333,1216.8333333333333,304.2083333333333,2138.7916666666665,2138.7916666666665,0.05156073446327683,0.36250706214689266
3787,40.05555555555556,40.666666666666664,40.666666666666664,39.833333333333336,19.88888888888889,48.55555555555556,841.1666666666667,854.0,854.0,213.5,1643.4833333333333,1643.4833333333333,0.0361864406779661,0.27855649717514125
3788,37.388888888888886,45.888888888888886,45.888888888888886,44.55555555555556,22.833333333333332,47.77777777777778,785.1666666666666,963.6666666666666,963.6666666666666,240.91666666666666,1575.7,1575.7,0.04083333333333333,0.2670677966101695
3789,42.27777777777778,33.388888888888886,33.388888888888886,32.72222222222222,14.777777777777779,51.388888888888886,887.8333333333334,701.1666666666666,701.1666666666666,175.29166666666666,1684.6083333333333,1684.6083333333333,0.029710451977401128,0.2855268361581921
3790,53.166666666666664,60.166666666666664,60.166666666666664,59.72222222222222,30.5,67.88888888888889,1116.5,1263.5,1263.5,315.875,2213.925,2213.925,0.05353813559322034,0.37524152542372885
3791,53.388888888888886,60.94444444444444,60.94444444444444,60.388888888888886,30.72222222222222,64.44444444444444,1121.1666666666665,1279.8333333333333,1279.8333333333333,319.9583333333333,2225.9416666666666,2225.9416666666666,0.05423022598870056,0.3772782485875706
3792,52.05555555555556,46.888888888888886,46.888888888888886,46.111111111111114,23.166666666666668,61.94444444444444,1093.1666666666667,984.6666666666666,984.6666666666666,246.16666666666666,2104.55,2104.55,0.04172316384180791,0.35670338983050853
3793,53.611111111111114,55.888888888888886,55.888888888888886,55.44444444444444,27.0,69.44444444444444,1125.8333333333335,1173.6666666666665,1173.6666666666665,293.41666666666663,2207.3333333333335,2207.3333333333335,0.04973163841807909,0.37412429378531076
3794,40.111111111111114,50.333333333333336,50.333333333333336,49.94444444444444,25.27777777777778,48.888888888888886,842.3333333333334,1057.0,1057.0,264.25,1696.2166666666667,1696.2166666666667,0.04478813559322034,0.2874943502824859
3795,47.833333333333336,62.05555555555556,62.05555555555556,60.72222222222222,30.77777777777778,61.166666666666664,1004.5,1303.1666666666667,1303.1666666666667,325.7916666666667,2033.4416666666666,2033.4416666666666,0.05521892655367232,0.34465112994350283
3796,44.666666666666664,48.333333333333336,48.333333333333336,47.72222222222222,23.88888888888889,55.94444444444444,938.0,1015.0,1015.0,253.75,1848.35,1848.35,0.04300847457627119,0.31327966101694915
3797,39.166666666666664,56.5,56.5,55.611111111111114,27.88888888888889,50.166666666666664,822.5,1186.5,1186.5,296.625,1694.875,1694.875,0.05027542372881356,0.28726694915254236
3798,35.27777777777778,39.666666666666664,39.666666666666664,38.388888888888886,18.944444444444443,46.27777777777778,740.8333333333334,833.0,833.0,208.25,1467.6666666666667,1467.6666666666667,0.035296610169491524,0.24875706214689267
3799,41.72222222222222,50.833333333333336,50.833333333333336,50.611111111111114,25.666666666666668,51.27777777777778,876.1666666666666,1067.5,1067.5,266.875,1756.3583333333331,1756.3583333333331,0.04523305084745763,0.2976878531073446
3800,38.111111111111114,46.111111111111114,46.111111111111114,45.388888888888886,23.166666666666668,43.388888888888886,800.3333333333334,968.3333333333334,968.3333333333334,242.08333333333334,1602.6499999999999,1602.6499999999999,0.041031073446327684,0.271635593220339
3801,47.72222222222222,45.388888888888886,45.388888888888886,45.44444444444444,22.555555555555557,51.388888888888886,1002.1666666666666,953.1666666666666,953.1666666666666,238.29166666666666,1941.975,1941.975,0.040388418079096045,0.32914830508474574
3802,58.388888888888886,54.0,54.0,52.888888888888886,25.77777777777778,67.66666666666667,1226.1666666666665,1134.0,1134.0,283.5,2367.983333333333,2367.983333333333,0.04805084745762712,0.40135310734463275
3803,42.666666666666664,50.72222222222222,50.72222222222222,50.166666666666664,25.27777777777778,54.388888888888886,896.0,1065.1666666666667,1065.1666666666667,266.2916666666667,1789.4916666666668,1789.4916666666668,0.04513418079096045,0.3033036723163842
3804,52.888888888888886,55.27777777777778,55.27777777777778,53.55555555555556,26.333333333333332,65.94444444444444,1110.6666666666665,1160.8333333333333,1160.8333333333333,290.2083333333333,2178.3416666666662,2178.3416666666662,0.04918785310734463,0.36921045197740104
3805,46.22222222222222,58.333333333333336,58.333333333333336,58.27777777777778,29.666666666666668,58.22222222222222,970.6666666666666,1225.0,1225.0,306.25,1956.3833333333332,1956.3833333333332,0.05190677966101695,0.33159039548022595
3806,45.27777777777778,55.72222222222222,55.72222222222222,55.05555555555556,27.055555555555557,56.333333333333336,950.8333333333334,1170.1666666666667,1170.1666666666667,292.5416666666667,1908.9583333333335,1908.9583333333335,0.04958333333333333,0.3235522598870057
3807,46.72222222222222,55.611111111111114,55.611111111111114,54.333333333333336,26.166666666666668,60.77777777777778,981.1666666666666,1167.8333333333335,1167.8333333333335,291.95833333333337,1959.9416666666666,1959.9416666666666,0.049484463276836164,0.33219350282485877
3808,41.166666666666664,61.611111111111114,61.611111111111114,60.611111111111114,30.38888888888889,52.72222222222222,864.5,1293.8333333333335,1293.8333333333335,323.45833333333337,1793.1083333333331,1793.1083333333331,0.05482344632768362,0.3039166666666666
3809,64.0,61.666666666666664,61.666666666666664,61.833333333333336,30.5,78.66666666666667,1344.0,1295.0,1295.0,323.75,2608.5499999999997,2608.5499999999997,0.054872881355932206,0.44212711864406773
3810,48.388888888888886,60.166666666666664,60.166666666666664,58.833333333333336,28.77777777777778,63.72222222222222,1016.1666666666666,1263.5,1263.5,315.875,2043.3583333333331,2043.3583333333331,0.05353813559322034,0.34633192090395476
3811,39.111111111111114,53.666666666666664,53.666666666666664,53.0,27.055555555555557,50.166666666666664,821.3333333333334,1127.0,1127.0,281.75,1678.0166666666667,1678.0166666666667,0.04775423728813559,0.284409604519774
3812,45.833333333333336,51.94444444444444,51.94444444444444,50.833333333333336,26.166666666666668,58.166666666666664,962.5,1090.8333333333333,1090.8333333333333,272.7083333333333,1908.9583333333333,1908.9583333333333,0.046221751412429374,0.32355225988700564
3813,51.0,58.05555555555556,58.05555555555556,57.333333333333336,27.5,65.88888888888889,1071.0,1219.1666666666667,1219.1666666666667,304.7916666666667,2125.491666666667,2125.491666666667,0.05165960451977401,0.3602528248587571
3814,49.77777777777778,57.166666666666664,57.166666666666664,55.94444444444444,28.61111111111111,60.5,1045.3333333333333,1200.5,1200.5,300.125,2077.1916666666666,2077.1916666666666,0.05086864406779661,0.35206638418079095
3815,53.44444444444444,59.44444444444444,59.44444444444444,59.05555555555556,29.0,64.38888888888889,1122.3333333333333,1248.3333333333333,1248.3333333333333,312.0833333333333,2220.0499999999997,2220.0499999999997,0.052895480225988695,0.3762796610169491
3816,42.94444444444444,58.77777777777778,58.77777777777778,57.388888888888886,28.27777777777778,57.611111111111114,901.8333333333333,1234.3333333333333,1234.3333333333333,308.5833333333333,1841.6999999999998,1841.6999999999998,0.052302259887005646,0.3121525423728813
3817,37.833333333333336,54.666666666666664,54.666666666666664,53.888888888888886,26.833333333333332,50.611111111111114,794.5,1148.0,1148.0,287.0,1637.6499999999999,1637.6499999999999,0.04864406779661017,0.27756779661016945
3818,37.666666666666664,55.166666666666664,55.166666666666664,54.0,27.27777777777778,42.55555555555556,791.0,1158.5,1158.5,289.625,1634.325,1634.325,0.04908898305084746,0.2770042372881356
3819,35.833333333333336,42.55555555555556,42.55555555555556,41.77777777777778,21.0,45.0,752.5,893.6666666666667,893.6666666666667,223.41666666666669,1502.6666666666667,1502.6666666666667,0.037867231638418083,0.25468926553672316
3820,46.72222222222222,47.77777777777778,47.77777777777778,47.666666666666664,24.0,56.44444444444444,981.1666666666666,1003.3333333333334,1003.3333333333334,250.83333333333334,1918.8166666666664,1918.8166666666664,0.04251412429378531,0.3252231638418079
3821,44.27777777777778,55.05555555555556,55.05555555555556,55.111111111111114,27.666666666666668,55.333333333333336,929.8333333333334,1156.1666666666667,1156.1666666666667,289.0416666666667,1869.7583333333334,1869.7583333333334,0.048990112994350285,0.3169081920903955
3822,44.111111111111114,55.111111111111114,55.111111111111114,55.333333333333336,28.38888888888889,54.94444444444444,926.3333333333334,1157.3333333333335,1157.3333333333335,289.33333333333337,1864.1,1864.1,0.049039548022598876,0.3159491525423729
3823,41.888888888888886,56.388888888888886,56.388888888888886,55.888888888888886,28.72222222222222,54.0,879.6666666666666,1184.1666666666665,1184.1666666666665,296.04166666666663,1791.475,1791.475,0.050176553672316375,0.30363983050847454
3824,48.27777777777778,54.77777777777778,54.77777777777778,54.44444444444444,27.61111111111111,55.166666666666664,1013.8333333333334,1150.3333333333333,1150.3333333333333,287.5833333333333,2011.1,2011.1,0.04874293785310734,0.340864406779661
3825,51.94444444444444,63.05555555555556,63.05555555555556,63.111111111111114,30.944444444444443,68.88888888888889,1090.8333333333333,1324.1666666666667,1324.1666666666667,331.0416666666667,2185.458333333333,2185.458333333333,0.056108757062146894,0.3704166666666666
3826,43.94444444444444,48.05555555555556,48.05555555555556,47.333333333333336,23.944444444444443,54.27777777777778,922.8333333333333,1009.1666666666667,1009.1666666666667,252.29166666666669,1821.1083333333333,1821.1083333333333,0.04276129943502825,0.30866242937853106
3827,33.77777777777778,49.77777777777778,49.77777777777778,49.166666666666664,25.833333333333332,44.888888888888886,709.3333333333334,1045.3333333333333,1045.3333333333333,261.3333333333333,1467.2,1467.2,0.04429378531073446,0.24867796610169493
3828,48.0,56.611111111111114,56.611111111111114,55.77777777777778,27.77777777777778,56.0,1008.0,1188.8333333333335,1188.8333333333335,297.20833333333337,2010.8083333333334,2010.8083333333334,0.05037429378531074,0.34081497175141245
3829,31.944444444444443,48.611111111111114,48.611111111111114,48.333333333333336,25.11111111111111,45.72222222222222,670.8333333333333,1020.8333333333334,1020.8333333333334,255.20833333333334,1395.6249999999998,1395.6249999999998,0.043255649717514125,0.2365466101694915
3830,41.77777777777778,44.5,44.5,43.27777777777778,21.944444444444443,51.388888888888886,877.3333333333334,934.5,934.5,233.625,1725.0916666666667,1725.0916666666667,0.039597457627118644,0.29238841807909605
3831,32.77777777777778,48.27777777777778,48.27777777777778,48.0,23.38888888888889,44.388888888888886,688.3333333333334,1013.8333333333334,1013.8333333333334,253.45833333333334,1423.625,1423.625,0.042959039548022604,0.24129237288135594
3832,50.77777777777778,59.94444444444444,59.94444444444444,59.44444444444444,29.833333333333332,65.66666666666667,1066.3333333333333,1258.8333333333333,1258.8333333333333,314.7083333333333,2127.475,2127.475,0.05334039548022598,0.36058898305084747
3833,50.388888888888886,44.55555555555556,44.55555555555556,44.666666666666664,22.11111111111111,53.888888888888886,1058.1666666666665,935.6666666666667,935.6666666666667,233.91666666666669,2032.7999999999997,2032.7999999999997,0.039646892655367236,0.34454237288135586
3834,54.55555555555556,62.5,62.5,62.166666666666664,31.444444444444443,67.88888888888889,1145.6666666666667,1312.5,1312.5,328.125,2275.758333333333,2275.758333333333,0.055614406779661014,0.38572175141242937
3835,55.0,66.61111111111111,66.61111111111111,66.0,32.94444444444444,70.88888888888889,1155.0,1398.8333333333335,1398.8333333333335,349.70833333333337,2313.2083333333335,2313.2083333333335,0.0592725988700565,0.39206920903954806
3836,47.111111111111114,63.611111111111114,63.611111111111114,63.27777777777778,33.611111111111114,53.22222222222222,989.3333333333334,1335.8333333333335,1335.8333333333335,333.95833333333337,2015.8250000000003,2015.8250000000003,0.05660310734463277,0.34166525423728816
3837,50.55555555555556,65.66666666666667,65.66666666666667,65.88888888888889,32.22222222222222,62.833333333333336,1061.6666666666667,1379.0,1379.0,344.75,2149.5833333333335,2149.5833333333335,0.05843220338983051,0.3643361581920904
3838,40.55555555555556,49.666666666666664,49.666666666666664,49.55555555555556,24.72222222222222,48.77777777777778,851.6666666666667,1043.0,1043.0,260.75,1708.5833333333335,1708.5833333333335,0.044194915254237285,0.289590395480226
3839,48.333333333333336,52.666666666666664,52.666666666666664,51.666666666666664,25.833333333333332,55.888888888888886,1015.0,1106.0,1106.0,276.5,2002.0,2002.0,0.046864406779661014,0.33932203389830506
3840,45.111111111111114,47.5,47.5,47.72222222222222,24.055555555555557,52.27777777777778,947.3333333333334,997.5,997.5,249.375,1859.8416666666667,1859.8416666666667,0.04226694915254237,0.3152274011299435
3841,50.611111111111114,63.111111111111114,63.111111111111114,61.666666666666664,30.88888888888889,64.88888888888889,1062.8333333333335,1325.3333333333335,1325.3333333333335,331.33333333333337,2138.15,2138.15,0.056158192090395485,0.3623983050847458
3842,50.166666666666664,57.111111111111114,57.111111111111114,56.888888888888886,28.444444444444443,60.333333333333336,1053.5,1199.3333333333335,1199.3333333333335,299.83333333333337,2090.7833333333333,2090.7833333333333,0.05081920903954803,0.3543700564971751
3843,44.27777777777778,47.111111111111114,47.111111111111114,46.666666666666664,22.0,56.77777777777778,929.8333333333334,989.3333333333334,989.3333333333334,247.33333333333334,1828.05,1828.05,0.04192090395480226,0.30983898305084745
3844,57.44444444444444,58.5,58.5,57.27777777777778,28.38888888888889,70.27777777777777,1206.3333333333333,1228.5,1228.5,307.125,2357.8916666666664,2357.8916666666664,0.05205508474576271,0.3996426553672316
3845,53.27777777777778,55.166666666666664,55.166666666666664,54.77777777777778,27.27777777777778,66.61111111111111,1118.8333333333333,1158.5,1158.5,289.625,2191.6416666666664,2191.6416666666664,0.04908898305084746,0.37146468926553666
3846,46.888888888888886,51.166666666666664,51.166666666666664,49.94444444444444,26.833333333333332,52.166666666666664,984.6666666666666,1074.5,1074.5,268.625,1942.5583333333332,1942.5583333333332,0.04552966101694915,0.3292471751412429
3847,40.833333333333336,43.94444444444444,43.94444444444444,43.44444444444444,22.666666666666668,50.94444444444444,857.5,922.8333333333333,922.8333333333333,230.70833333333331,1688.4583333333333,1688.4583333333333,0.039103107344632765,0.28617937853107345
3848,44.166666666666664,52.5,52.5,51.94444444444444,26.5,59.333333333333336,927.5,1102.5,1102.5,275.625,1852.375,1852.375,0.04671610169491525,0.31396186440677964
3849,43.833333333333336,51.55555555555556,51.55555555555556,50.666666666666664,24.333333333333332,52.833333333333336,920.5,1082.6666666666667,1082.6666666666667,270.6666666666667,1835.5166666666667,1835.5166666666667,0.04587570621468927,0.3111045197740113
3850,48.44444444444444,47.833333333333336,47.833333333333336,47.0,22.555555555555557,60.5,1017.3333333333333,1004.5,1004.5,251.125,1980.5916666666665,1980.5916666666665,0.0425635593220339,0.3356935028248587
3851,44.666666666666664,61.388888888888886,61.388888888888886,60.72222222222222,31.444444444444443,58.22222222222222,938.0,1289.1666666666665,1289.1666666666665,322.29166666666663,1916.8916666666664,1916.8916666666664,0.05462570621468926,0.3248968926553672
3852,48.166666666666664,49.166666666666664,49.166666666666664,48.611111111111114,22.88888888888889,57.388888888888886,1011.5,1032.5,1032.5,258.125,1977.675,1977.675,0.04375,0.33519915254237287
3853,39.111111111111114,60.05555555555556,60.05555555555556,60.111111111111114,30.77777777777778,53.611111111111114,821.3333333333334,1261.1666666666667,1261.1666666666667,315.2916666666667,1711.5583333333334,1711.5583333333334,0.053439265536723166,0.2900946327683616
3854,47.388888888888886,56.55555555555556,56.55555555555556,56.111111111111114,27.5,63.166666666666664,995.1666666666666,1187.6666666666667,1187.6666666666667,296.9166666666667,1988.7,1988.7,0.05032485875706215,0.3370677966101695
3855,51.27777777777778,59.166666666666664,59.166666666666664,59.166666666666664,30.055555555555557,60.77777777777778,1076.8333333333333,1242.5,1242.5,310.625,2141.241666666667,2141.241666666667,0.052648305084745765,0.3629223163841808
3856,47.333333333333336,44.388888888888886,44.388888888888886,43.94444444444444,21.77777777777778,54.111111111111114,994.0,932.1666666666666,932.1666666666666,233.04166666666666,1922.8416666666667,1922.8416666666667,0.03949858757062147,0.32590536723163843
3857,47.888888888888886,50.611111111111114,50.611111111111114,49.77777777777778,23.333333333333332,56.94444444444444,1005.6666666666666,1062.8333333333335,1062.8333333333335,265.70833333333337,1975.3416666666667,1975.3416666666667,0.045035310734463284,0.3348036723163842
3858,46.333333333333336,47.94444444444444,47.94444444444444,46.55555555555556,22.88888888888889,56.5,973.0,1006.8333333333333,1006.8333333333333,251.70833333333331,1905.8083333333332,1905.8083333333332,0.04266242937853107,0.3230183615819209
3859,50.888888888888886,46.27777777777778,46.27777777777778,46.111111111111114,23.22222222222222,60.72222222222222,1068.6666666666665,971.8333333333334,971.8333333333334,242.95833333333334,2059.6916666666666,2059.6916666666666,0.041179378531073445,0.3491002824858757
3860,39.611111111111114,44.611111111111114,44.611111111111114,43.388888888888886,22.944444444444443,47.55555555555556,831.8333333333334,936.8333333333334,936.8333333333334,234.20833333333334,1648.325,1648.325,0.03969632768361582,0.2793771186440678
3861,37.888888888888886,45.72222222222222,45.72222222222222,45.44444444444444,23.833333333333332,46.22222222222222,795.6666666666666,960.1666666666666,960.1666666666666,240.04166666666666,1592.675,1592.675,0.04068502824858757,0.2699449152542373
3862,34.888888888888886,41.333333333333336,41.333333333333336,39.94444444444444,18.38888888888889,43.77777777777778,732.6666666666666,868.0,868.0,217.0,1462.5333333333333,1462.5333333333333,0.036779661016949156,0.2478870056497175
3863,53.27777777777778,52.77777777777778,52.77777777777778,52.5,27.0,64.61111111111111,1118.8333333333333,1108.3333333333333,1108.3333333333333,277.0833333333333,2179.1,2179.1,0.04696327683615819,0.36933898305084745
3864,46.166666666666664,48.0,48.0,47.55555555555556,22.38888888888889,58.666666666666664,969.5,1008.0,1008.0,252.0,1900.1499999999999,1900.1499999999999,0.04271186440677966,0.32205932203389825
3865,41.5,53.5,53.5,52.55555555555556,26.61111111111111,55.666666666666664,871.5,1123.5,1123.5,280.875,1762.425,1762.425,0.04760593220338983,0.29871610169491525
3866,52.77777777777778,62.77777777777778,62.77777777777778,62.666666666666664,30.38888888888889,61.666666666666664,1108.3333333333333,1318.3333333333333,1318.3333333333333,329.5833333333333,2213.75,2213.75,0.05586158192090395,0.37521186440677967
3867,38.888888888888886,60.111111111111114,60.111111111111114,58.94444444444444,30.444444444444443,51.833333333333336,816.6666666666666,1262.3333333333335,1262.3333333333335,315.58333333333337,1703.9166666666665,1703.9166666666665,0.05348870056497176,0.28879943502824856
3868,47.44444444444444,55.27777777777778,55.27777777777778,55.05555555555556,28.77777777777778,58.0,996.3333333333333,1160.8333333333333,1160.8333333333333,290.2083333333333,1983.9749999999997,1983.9749999999997,0.04918785310734463,0.3362669491525423
3869,57.77777777777778,54.666666666666664,54.666666666666664,54.666666666666664,27.22222222222222,69.22222222222223,1213.3333333333333,1148.0,1148.0,287.0,2349.6666666666665,2349.6666666666665,0.04864406779661017,0.3982485875706214
3870,43.55555555555556,59.5,59.5,58.833333333333336,29.61111111111111,51.611111111111114,914.6666666666667,1249.5,1249.5,312.375,1867.3083333333334,1867.3083333333334,0.052944915254237286,0.31649293785310734
3871,41.5,58.666666666666664,58.666666666666664,58.0,29.666666666666668,54.77777777777778,871.5,1232.0,1232.0,308.0,1789.55,1789.55,0.05220338983050848,0.3033135593220339
3872,54.888888888888886,57.888888888888886,57.888888888888886,57.666666666666664,28.0,66.11111111111111,1152.6666666666665,1215.6666666666665,1215.6666666666665,303.91666666666663,2263.45,2263.45,0.05151129943502824,0.38363559322033897
3873,54.55555555555556,62.0,62.0,61.55555555555556,30.944444444444443,59.666666666666664,1145.6666666666667,1302.0,1302.0,325.5,2273.133333333333,2273.133333333333,0.055169491525423726,0.3852768361581921
3874,44.611111111111114,63.5,63.5,63.44444444444444,33.0,65.55555555555556,936.8333333333334,1333.5,1333.5,333.375,1925.9916666666668,1925.9916666666668,0.05650423728813559,0.3264392655367232
3875,41.05555555555556,48.166666666666664,48.166666666666664,47.666666666666664,23.22222222222222,51.666666666666664,862.1666666666667,1011.5,1011.5,252.875,1718.5583333333334,1718.5583333333334,0.04286016949152542,0.2912810734463277
3876,31.27777777777778,34.611111111111114,34.611111111111114,33.77777777777778,16.444444444444443,41.05555555555556,656.8333333333334,726.8333333333334,726.8333333333334,181.70833333333334,1298.325,1298.325,0.03079802259887006,0.2200550847457627
3877,50.77777777777778,63.5,63.5,62.05555555555556,31.38888888888889,59.72222222222222,1066.3333333333333,1333.5,1333.5,333.375,2146.1416666666664,2146.1416666666664,0.05650423728813559,0.36375282485875704
3878,37.0,48.77777777777778,48.77777777777778,48.22222222222222,23.166666666666668,49.166666666666664,777.0,1024.3333333333333,1024.3333333333333,256.0833333333333,1576.9833333333331,1576.9833333333331,0.043403954802259885,0.26728531073446327
3879,45.72222222222222,71.77777777777777,71.77777777777777,70.88888888888889,35.5,65.33333333333333,960.1666666666666,1507.3333333333333,1507.3333333333333,376.8333333333333,2009.1166666666666,2009.1166666666666,0.06387005649717514,0.3405282485875706
3880,41.333333333333336,39.94444444444444,39.94444444444444,38.833333333333336,19.72222222222222,49.27777777777778,868.0,838.8333333333333,838.8333333333333,209.70833333333331,1685.3083333333332,1685.3083333333332,0.03554378531073446,0.2856454802259887
3881,44.22222222222222,55.55555555555556,55.55555555555556,55.333333333333336,27.38888888888889,55.611111111111114,928.6666666666666,1166.6666666666667,1166.6666666666667,291.6666666666667,1870.3999999999999,1870.3999999999999,0.04943502824858757,0.31701694915254236
3882,45.111111111111114,48.5,48.5,48.166666666666664,23.77777777777778,53.72222222222222,947.3333333333334,1018.5,1018.5,254.625,1865.0916666666667,1865.0916666666667,0.04315677966101695,0.3161172316384181
3883,45.22222222222222,50.72222222222222,50.72222222222222,50.111111111111114,24.166666666666668,51.666666666666664,949.6666666666666,1065.1666666666667,1065.1666666666667,266.2916666666667,1880.725,1880.725,0.04513418079096045,0.31876694915254233
3884,44.22222222222222,44.22222222222222,44.22222222222222,42.888888888888886,19.333333333333332,57.166666666666664,928.6666666666666,928.6666666666666,928.6666666666666,232.16666666666666,1810.8999999999999,1810.8999999999999,0.03935028248587571,0.30693220338983046
3885,31.944444444444443,43.72222222222222,43.72222222222222,43.77777777777778,23.166666666666668,44.77777777777778,670.8333333333333,918.1666666666666,918.1666666666666,229.54166666666666,1369.9583333333333,1369.9583333333333,0.03890536723163841,0.2321963276836158
3886,46.94444444444444,48.0,48.0,47.5,22.944444444444443,55.44444444444444,985.8333333333333,1008.0,1008.0,252.0,1927.9166666666665,1927.9166666666665,0.04271186440677966,0.32676553672316383
3887,37.22222222222222,52.5,52.5,52.333333333333336,25.72222222222222,50.27777777777778,781.6666666666666,1102.5,1102.5,275.625,1604.4583333333333,1604.4583333333333,0.04671610169491525,0.27194209039548023
3888,51.55555555555556,69.94444444444444,69.94444444444444,69.44444444444444,33.77777777777778,67.61111111111111,1082.6666666666667,1468.8333333333333,1468.8333333333333,367.2083333333333,2207.741666666667,2207.741666666667,0.06223870056497175,0.3741935028248588
3889,56.5,63.166666666666664,63.166666666666664,62.55555555555556,30.944444444444443,64.94444444444444,1186.5,1326.5,1326.5,331.625,2348.675,2348.675,0.05620762711864407,0.3980805084745763
3890,31.5,48.55555555555556,48.55555555555556,47.77777777777778,22.555555555555557,41.666666666666664,661.5,1019.6666666666667,1019.6666666666667,254.91666666666669,1379.4666666666667,1379.4666666666667,0.04320621468926554,0.23380790960451978
3891,48.44444444444444,57.55555555555556,57.55555555555556,56.94444444444444,28.11111111111111,60.333333333333336,1017.3333333333333,1208.6666666666667,1208.6666666666667,302.1666666666667,2031.6333333333332,2031.6333333333332,0.051214689265536725,0.3443446327683616
3892,50.22222222222222,48.0,48.0,48.05555555555556,23.38888888888889,57.833333333333336,1054.6666666666667,1008.0,1008.0,252.0,2044.9333333333334,2044.9333333333334,0.04271186440677966,0.3465988700564972
3893,40.27777777777778,41.27777777777778,41.27777777777778,40.833333333333336,20.666666666666668,48.5,845.8333333333334,866.8333333333334,866.8333333333334,216.70833333333334,1654.625,1654.625,0.036730225988700564,0.2804449152542373
3894,52.94444444444444,53.833333333333336,53.833333333333336,53.44444444444444,26.38888888888889,63.72222222222222,1111.8333333333333,1130.5,1130.5,282.625,2172.741666666667,2172.741666666667,0.04790254237288136,0.3682612994350283
3895,43.05555555555556,50.94444444444444,50.94444444444444,49.72222222222222,24.5,54.77777777777778,904.1666666666667,1069.8333333333333,1069.8333333333333,267.4583333333333,1804.5416666666667,1804.5416666666667,0.0453319209039548,0.3058545197740113
3896,41.94444444444444,44.27777777777778,44.27777777777778,43.333333333333336,22.055555555555557,50.44444444444444,880.8333333333333,929.8333333333334,929.8333333333334,232.45833333333334,1729.8749999999998,1729.8749999999998,0.03939971751412429,0.29319915254237283
3897,43.05555555555556,59.333333333333336,59.333333333333336,59.22222222222222,30.22222222222222,54.333333333333336,904.1666666666667,1246.0,1246.0,311.5,1848.5833333333335,1848.5833333333335,0.052796610169491526,0.3133192090395481
3898,38.333333333333336,44.888888888888886,44.888888888888886,44.72222222222222,23.11111111111111,40.888888888888886,805.0,942.6666666666666,942.6666666666666,235.66666666666666,1604.1666666666667,1604.1666666666667,0.039943502824858756,0.2718926553672317
3899,54.55555555555556,67.5,67.5,65.94444444444444,32.833333333333336,71.38888888888889,1145.6666666666667,1417.5,1417.5,354.375,2302.008333333333,2302.008333333333,0.060063559322033895,0.39017090395480225
3900,38.77777777777778,41.77777777777778,41.77777777777778,41.77777777777778,22.055555555555557,38.111111111111114,814.3333333333334,877.3333333333334,877.3333333333334,219.33333333333334,1603.7,1603.7,0.03717514124293785,0.2718135593220339
3901,53.833333333333336,59.0,59.0,58.166666666666664,29.333333333333332,69.0,1130.5,1239.0,1239.0,309.75,2231.6,2231.6,0.0525,0.3782372881355932
3902,46.166666666666664,61.22222222222222,61.22222222222222,60.388888888888886,31.555555555555557,58.55555555555556,969.5,1285.6666666666667,1285.6666666666667,321.4166666666667,1969.5666666666666,1969.5666666666666,0.05447740112994351,0.33382485875706214
3903,46.888888888888886,54.666666666666664,54.666666666666664,54.77777777777778,26.833333333333332,61.166666666666664,984.6666666666666,1148.0,1148.0,287.0,1960.9333333333332,1960.9333333333332,0.04864406779661017,0.3323615819209039
3904,44.166666666666664,69.5,69.5,69.22222222222223,35.333333333333336,59.5,927.5,1459.5,1459.5,364.875,1941.625,1941.625,0.061843220338983054,0.32908898305084744
3905,55.611111111111114,60.44444444444444,60.44444444444444,59.77777777777778,29.77777777777778,69.44444444444444,1167.8333333333335,1269.3333333333333,1269.3333333333333,317.3333333333333,2302.65,2302.65,0.05378531073446327,0.39027966101694916
3906,48.388888888888886,61.388888888888886,61.388888888888886,60.5,29.666666666666668,62.44444444444444,1016.1666666666666,1289.1666666666665,1289.1666666666665,322.29166666666663,2049.7749999999996,2049.7749999999996,0.05462570621468926,0.3474194915254237
3907,47.0,43.611111111111114,43.611111111111114,42.94444444444444,21.77777777777778,51.22222222222222,987.0,915.8333333333334,915.8333333333334,228.95833333333334,1906.8583333333331,1906.8583333333331,0.038806497175141244,0.3231963276836158
3908,47.55555555555556,51.111111111111114,51.111111111111114,50.833333333333336,25.333333333333332,56.27777777777778,998.6666666666667,1073.3333333333335,1073.3333333333335,268.33333333333337,1966.0666666666666,1966.0666666666666,0.04548022598870057,0.33323163841807907
3909,47.27777777777778,55.611111111111114,55.611111111111114,55.05555555555556,26.72222222222222,61.72222222222222,992.8333333333334,1167.8333333333335,1167.8333333333335,291.95833333333337,1979.775,1979.775,0.049484463276836164,0.33555508474576273
3910,46.388888888888886,55.611111111111114,55.611111111111114,55.111111111111114,28.88888888888889,54.22222222222222,974.1666666666666,1167.8333333333335,1167.8333333333335,291.95833333333337,1948.0416666666665,1948.0416666666665,0.049484463276836164,0.33017655367231635
3911,51.388888888888886,48.0,48.0,46.888888888888886,22.555555555555557,55.72222222222222,1079.1666666666665,1008.0,1008.0,252.0,2086.583333333333,2086.583333333333,0.04271186440677966,0.35365819209039545
3912,43.888888888888886,49.111111111111114,49.111111111111114,48.666666666666664,23.0,53.388888888888886,921.6666666666666,1031.3333333333335,1031.3333333333335,257.83333333333337,1824.6666666666665,1824.6666666666665,0.04370056497175142,0.3092655367231638
3913,39.611111111111114,52.166666666666664,52.166666666666664,50.77777777777778,26.38888888888889,51.333333333333336,831.8333333333334,1095.5,1095.5,273.875,1687.9916666666668,1687.9916666666668,0.046419491525423726,0.2861002824858757
3914,44.388888888888886,47.27777777777778,47.27777777777778,47.05555555555556,22.666666666666668,51.0,932.1666666666666,992.8333333333334,992.8333333333334,248.20833333333334,1832.8916666666664,1832.8916666666664,0.04206920903954802,0.310659604519774
3915,42.111111111111114,51.666666666666664,51.666666666666664,51.666666666666664,26.11111111111111,49.27777777777778,884.3333333333334,1085.0,1085.0,271.25,1774.6166666666668,1774.6166666666668,0.04597457627118644,0.3007824858757062
3916,40.05555555555556,55.77777777777778,55.77777777777778,54.888888888888886,29.444444444444443,46.111111111111114,841.1666666666667,1171.3333333333333,1171.3333333333333,292.8333333333333,1722.8166666666666,1722.8166666666666,0.04963276836158192,0.29200282485875706
3917,35.22222222222222,50.55555555555556,50.55555555555556,49.05555555555556,25.5,43.44444444444444,739.6666666666666,1061.6666666666667,1061.6666666666667,265.4166666666667,1522.85,1522.85,0.04498587570621469,0.25811016949152543
3918,52.72222222222222,54.72222222222222,54.72222222222222,54.22222222222222,26.38888888888889,65.11111111111111,1107.1666666666667,1149.1666666666667,1149.1666666666667,287.2916666666667,2169.475,2169.475,0.04869350282485876,0.3677076271186441
3919,59.0,53.5,53.5,53.166666666666664,25.944444444444443,69.66666666666667,1239.0,1123.5,1123.5,280.875,2387.1749999999997,2387.1749999999997,0.04760593220338983,0.4046059322033898
3920,56.72222222222222,54.94444444444444,54.94444444444444,54.94444444444444,25.555555555555557,68.72222222222223,1191.1666666666667,1153.8333333333333,1153.8333333333333,288.4583333333333,2313.4416666666666,2313.4416666666666,0.0488912429378531,0.3921087570621469
3921,40.22222222222222,54.333333333333336,54.333333333333336,54.05555555555556,27.88888888888889,46.388888888888886,844.6666666666666,1141.0,1141.0,285.25,1721.1833333333332,1721.1833333333332,0.048347457627118645,0.29172598870056493
3922,44.166666666666664,68.72222222222223,68.72222222222223,67.77777777777777,33.833333333333336,56.0,927.5,1443.1666666666667,1443.1666666666667,360.7916666666667,1937.5416666666667,1937.5416666666667,0.06115112994350283,0.32839689265536726
3923,45.833333333333336,63.94444444444444,63.94444444444444,63.05555555555556,31.5,63.22222222222222,962.5,1342.8333333333333,1342.8333333333333,335.7083333333333,1971.9583333333333,1971.9583333333333,0.05689971751412429,0.33423022598870056
3924,53.833333333333336,49.666666666666664,49.666666666666664,49.77777777777778,23.77777777777778,59.666666666666664,1130.5,1043.0,1043.0,260.75,2182.6,2182.6,0.044194915254237285,0.3699322033898305
3925,49.888888888888886,49.166666666666664,49.166666666666664,49.388888888888886,23.555555555555557,54.666666666666664,1047.6666666666665,1032.5,1032.5,258.125,2039.158333333333,2039.158333333333,0.04375,0.3456200564971751
3926,44.333333333333336,55.166666666666664,55.166666666666664,53.388888888888886,26.72222222222222,52.05555555555556,931.0,1158.5,1158.5,289.625,1872.325,1872.325,0.04908898305084746,0.31734322033898305
3927,53.166666666666664,57.833333333333336,57.833333333333336,58.22222222222222,30.333333333333332,59.27777777777778,1116.5,1214.5,1214.5,303.625,2201.675,2201.675,0.05146186440677966,0.3731652542372882
3928,36.55555555555556,41.44444444444444,41.44444444444444,40.94444444444444,21.0,41.5,767.6666666666667,870.3333333333333,870.3333333333333,217.58333333333331,1522.6166666666668,1522.6166666666668,0.036878531073446325,0.25807062146892656
3929,44.111111111111114,61.111111111111114,61.111111111111114,61.05555555555556,30.77777777777778,54.0,926.3333333333334,1283.3333333333335,1283.3333333333335,320.83333333333337,1895.6,1895.6,0.05437853107344633,0.32128813559322034
3930,45.44444444444444,57.05555555555556,57.05555555555556,57.0,29.72222222222222,53.94444444444444,954.3333333333333,1198.1666666666667,1198.1666666666667,299.5416666666667,1921.9083333333333,1921.9083333333333,0.05076977401129944,0.3257471751412429
3931,31.444444444444443,32.111111111111114,32.111111111111114,31.77777777777778,15.666666666666666,38.166666666666664,660.3333333333333,674.3333333333334,674.3333333333334,168.58333333333334,1291.1499999999999,1291.1499999999999,0.02857344632768362,0.21883898305084742
3932,48.22222222222222,53.0,53.0,52.77777777777778,26.88888888888889,55.5,1012.6666666666666,1113.0,1113.0,278.25,1999.7833333333333,1999.7833333333333,0.04716101694915254,0.3389463276836158
3933,52.611111111111114,61.44444444444444,61.44444444444444,60.166666666666664,30.833333333333332,63.27777777777778,1104.8333333333335,1290.3333333333333,1290.3333333333333,322.5833333333333,2200.8,2200.8,0.05467514124293785,0.3730169491525424
3934,30.555555555555557,41.333333333333336,41.333333333333336,40.05555555555556,19.555555555555557,40.94444444444444,641.6666666666667,868.0,868.0,217.0,1307.8333333333335,1307.8333333333335,0.036779661016949156,0.22166666666666668
3935,52.111111111111114,60.333333333333336,60.333333333333336,59.833333333333336,29.666666666666668,67.38888888888889,1094.3333333333335,1267.0,1267.0,316.75,2177.116666666667,2177.116666666667,0.0536864406779661,0.3690028248587571
3936,53.666666666666664,52.55555555555556,52.55555555555556,52.44444444444444,26.5,61.27777777777778,1127.0,1103.6666666666667,1103.6666666666667,275.9166666666667,2191.8166666666666,2191.8166666666666,0.046765536723163845,0.37149435028248584
3937,39.94444444444444,50.94444444444444,50.94444444444444,50.94444444444444,25.72222222222222,49.22222222222222,838.8333333333333,1069.8333333333333,1069.8333333333333,267.4583333333333,1693.4749999999997,1693.4749999999997,0.0453319209039548,0.2870296610169491
3938,55.0,65.11111111111111,65.11111111111111,63.94444444444444,31.333333333333332,69.33333333333333,1155.0,1367.3333333333335,1367.3333333333335,341.83333333333337,2305.3333333333335,2305.3333333333335,0.05793785310734464,0.3907344632768362
3939,46.333333333333336,57.44444444444444,57.44444444444444,56.77777777777778,28.61111111111111,57.72222222222222,973.0,1206.3333333333333,1206.3333333333333,301.5833333333333,1955.6833333333332,1955.6833333333332,0.05111581920903954,0.33147175141242935
3940,56.888888888888886,57.44444444444444,57.44444444444444,56.72222222222222,29.944444444444443,63.27777777777778,1194.6666666666665,1206.3333333333333,1206.3333333333333,301.5833333333333,2332.5166666666664,2332.5166666666664,0.05111581920903954,0.3953418079096045
3941,33.55555555555556,47.44444444444444,47.44444444444444,47.5,24.055555555555557,37.77777777777778,704.6666666666667,996.3333333333333,996.3333333333333,249.08333333333331,1447.0166666666667,1447.0166666666667,0.04221751412429378,0.24525706214689266
3942,37.611111111111114,58.05555555555556,58.05555555555556,57.888888888888886,30.72222222222222,45.22222222222222,789.8333333333334,1219.1666666666667,1219.1666666666667,304.7916666666667,1647.5083333333334,1647.5083333333334,0.05165960451977401,0.27923870056497174
3943,40.833333333333336,51.27777777777778,51.27777777777778,50.888888888888886,26.555555555555557,50.388888888888886,857.5,1076.8333333333333,1076.8333333333333,269.2083333333333,1726.9583333333333,1726.9583333333333,0.045628531073446325,0.292704802259887
3944,47.05555555555556,49.611111111111114,49.611111111111114,48.0,23.944444444444443,53.833333333333336,988.1666666666667,1041.8333333333335,1041.8333333333335,260.45833333333337,1940.3416666666667,1940.3416666666667,0.04414548022598871,0.32887146892655367
3945,45.0,52.111111111111114,52.111111111111114,51.05555555555556,25.666666666666668,49.94444444444444,945.0,1094.3333333333335,1094.3333333333335,273.58333333333337,1880.0833333333335,1880.0833333333335,0.04637005649717515,0.31865819209039553
3946,40.833333333333336,39.833333333333336,39.833333333333336,39.111111111111114,19.27777777777778,48.388888888888886,857.5,836.5,836.5,209.125,1666.875,1666.875,0.03544491525423729,0.282521186440678
3947,52.166666666666664,57.833333333333336,57.833333333333336,57.833333333333336,29.555555555555557,61.666666666666664,1095.5,1214.5,1214.5,303.625,2165.975,2165.975,0.05146186440677966,0.367114406779661
3948,43.22222222222222,41.833333333333336,41.833333333333336,41.166666666666664,21.444444444444443,47.5,907.6666666666666,878.5,878.5,219.625,1762.6583333333333,1762.6583333333333,0.037224576271186444,0.2987556497175141
3949,43.05555555555556,49.166666666666664,49.166666666666664,48.72222222222222,23.833333333333332,52.666666666666664,904.1666666666667,1032.5,1032.5,258.125,1795.2083333333335,1795.2083333333335,0.04375,0.30427259887005653
3950,48.0,60.611111111111114,60.611111111111114,59.888888888888886,29.22222222222222,61.44444444444444,1008.0,1272.8333333333335,1272.8333333333335,318.20833333333337,2031.8083333333334,2031.8083333333334,0.053933615819209045,0.34437429378531076
3951,52.44444444444444,47.833333333333336,47.833333333333336,47.833333333333336,23.22222222222222,62.27777777777778,1101.3333333333333,1004.5,1004.5,251.125,2123.3916666666664,2123.3916666666664,0.0425635593220339,0.3598968926553672
3952,51.27777777777778,64.77777777777777,64.77777777777777,63.833333333333336,30.666666666666668,65.83333333333333,1076.8333333333333,1360.3333333333333,1360.3333333333333,340.0833333333333,2170.7,2170.7,0.0576412429378531,0.3679152542372881
3953,34.27777777777778,47.388888888888886,47.388888888888886,46.111111111111114,23.5,42.44444444444444,719.8333333333334,995.1666666666666,995.1666666666666,248.79166666666666,1472.5083333333334,1472.5083333333334,0.0421680790960452,0.24957768361581922
3954,46.888888888888886,66.83333333333333,66.83333333333333,66.38888888888889,33.55555555555556,61.55555555555556,984.6666666666666,1403.5,1403.5,350.875,2024.8083333333332,2024.8083333333332,0.05947033898305085,0.3431878531073446
3955,49.833333333333336,52.94444444444444,52.94444444444444,52.72222222222222,26.5,60.388888888888886,1046.5,1111.8333333333333,1111.8333333333333,277.9583333333333,2057.008333333333,2057.008333333333,0.04711158192090395,0.3486454802259887
3956,39.888888888888886,40.27777777777778,40.27777777777778,40.111111111111114,19.77777777777778,42.0,837.6666666666666,845.8333333333334,845.8333333333334,211.45833333333334,1635.4916666666666,1635.4916666666666,0.03584039548022599,0.27720197740112995
3957,46.388888888888886,48.166666666666664,48.166666666666664,46.833333333333336,23.38888888888889,51.666666666666664,974.1666666666666,1011.5,1011.5,252.875,1908.9583333333333,1908.9583333333333,0.04286016949152542,0.32355225988700564
3958,45.333333333333336,58.55555555555556,58.55555555555556,57.77777777777778,29.22222222222222,52.888888888888886,952.0,1229.6666666666667,1229.6666666666667,307.4166666666667,1925.8166666666666,1925.8166666666666,0.0521045197740113,0.326409604519774
3959,49.55555555555556,45.94444444444444,45.94444444444444,44.833333333333336,21.27777777777778,61.666666666666664,1040.6666666666667,964.8333333333333,964.8333333333333,241.20833333333331,2010.3416666666667,2010.3416666666667,0.04088276836158192,0.3407358757062147
3960,38.0,49.833333333333336,49.833333333333336,49.666666666666664,25.22222222222222,54.05555555555556,798.0,1046.5,1046.5,261.625,1618.225,1618.225,0.04434322033898305,0.2742754237288135
3961,42.333333333333336,45.166666666666664,45.166666666666664,43.72222222222222,21.833333333333332,53.27777777777778,889.0,948.5,948.5,237.125,1748.425,1748.425,0.04019067796610169,0.296343220338983
3962,51.666666666666664,48.94444444444444,48.94444444444444,48.05555555555556,24.22222222222222,62.5,1085.0,1027.8333333333333,1027.8333333333333,256.9583333333333,2101.4583333333335,2101.4583333333335,0.043552259887005645,0.35617937853107345
3963,40.72222222222222,49.5,49.5,48.5,24.944444444444443,46.111111111111114,855.1666666666666,1039.5,1039.5,259.875,1713.6583333333333,1713.6583333333333,0.044046610169491525,0.2904505649717514
3964,43.833333333333336,37.55555555555556,37.55555555555556,36.166666666666664,17.5,49.166666666666664,920.5,788.6666666666667,788.6666666666667,197.16666666666669,1762.0166666666667,1762.0166666666667,0.0334180790960452,0.2986468926553672
3965,40.833333333333336,55.111111111111114,55.111111111111114,54.27777777777778,28.22222222222222,51.77777777777778,857.5,1157.3333333333335,1157.3333333333335,289.33333333333337,1747.0833333333335,1747.0833333333335,0.049039548022598876,0.29611581920903957
3966,41.888888888888886,43.166666666666664,43.166666666666664,43.55555555555556,22.27777777777778,50.833333333333336,879.6666666666666,906.5,906.5,226.625,1722.0583333333332,1722.0583333333332,0.03841101694915254,0.2918742937853107
3967,38.94444444444444,44.611111111111114,44.611111111111114,43.72222222222222,21.72222222222222,48.5,817.8333333333333,936.8333333333334,936.8333333333334,234.20833333333334,1624.5249999999999,1624.5249999999999,0.03969632768361582,0.275343220338983
3968,46.0,59.44444444444444,59.44444444444444,59.22222222222222,28.27777777777778,59.77777777777778,966.0,1248.3333333333333,1248.3333333333333,312.0833333333333,1954.2833333333333,1954.2833333333333,0.052895480225988695,0.33123446327683614
3969,42.72222222222222,49.111111111111114,49.111111111111114,49.27777777777778,24.72222222222222,47.77777777777778,897.1666666666666,1031.3333333333335,1031.3333333333335,257.83333333333337,1783.0166666666664,1783.0166666666664,0.04370056497175142,0.3022062146892655
3970,53.111111111111114,59.44444444444444,59.44444444444444,60.0,29.5,63.888888888888886,1115.3333333333335,1248.3333333333333,1248.3333333333333,312.0833333333333,2208.15,2208.15,0.052895480225988695,0.3742627118644068
3971,37.388888888888886,36.166666666666664,36.166666666666664,34.77777777777778,15.0,47.22222222222222,785.1666666666666,759.5,759.5,189.875,1524.6583333333333,1524.6583333333333,0.03218220338983051,0.2584166666666667
3972,44.5,50.166666666666664,50.166666666666664,48.94444444444444,24.333333333333332,56.44444444444444,934.5,1053.5,1053.5,263.375,1852.0249999999999,1852.0249999999999,0.04463983050847457,0.31390254237288134
3973,43.888888888888886,55.77777777777778,55.77777777777778,55.388888888888886,27.22222222222222,61.77777777777778,921.6666666666666,1171.3333333333333,1171.3333333333333,292.8333333333333,1859.6666666666665,1859.6666666666665,0.04963276836158192,0.31519774011299434
3974,45.05555555555556,48.05555555555556,48.05555555555556,47.111111111111114,22.333333333333332,55.05555555555556,946.1666666666667,1009.1666666666667,1009.1666666666667,252.29166666666669,1860.775,1860.775,0.04276129943502825,0.315385593220339
3975,38.55555555555556,46.27777777777778,46.27777777777778,45.05555555555556,23.833333333333332,49.333333333333336,809.6666666666667,971.8333333333334,971.8333333333334,242.95833333333334,1619.3916666666667,1619.3916666666667,0.041179378531073445,0.2744731638418079
3976,47.5,55.05555555555556,55.05555555555556,54.166666666666664,26.38888888888889,52.77777777777778,997.5,1156.1666666666667,1156.1666666666667,289.0416666666667,1984.7916666666667,1984.7916666666667,0.048990112994350285,0.33640536723163844
3977,38.22222222222222,42.111111111111114,42.111111111111114,42.22222222222222,21.22222222222222,49.05555555555556,802.6666666666666,884.3333333333334,884.3333333333334,221.08333333333334,1585.6166666666666,1585.6166666666666,0.03747175141242938,0.2687485875706215
3978,30.11111111111111,40.77777777777778,40.77777777777778,40.611111111111114,20.38888888888889,38.666666666666664,632.3333333333334,856.3333333333334,856.3333333333334,214.08333333333334,1289.05,1289.05,0.036285310734463276,0.21848305084745762
3979,58.72222222222222,64.77777777777777,64.77777777777777,64.33333333333333,31.833333333333332,74.72222222222223,1233.1666666666667,1360.3333333333333,1360.3333333333333,340.0833333333333,2436.4666666666667,2436.4666666666667,0.0576412429378531,0.4129604519774011
3980,45.05555555555556,44.5,44.5,44.0,23.11111111111111,48.388888888888886,946.1666666666667,934.5,934.5,233.625,1842.1083333333333,1842.1083333333333,0.039597457627118644,0.31222175141242936
3981,46.388888888888886,56.77777777777778,56.77777777777778,56.05555555555556,28.5,58.333333333333336,974.1666666666666,1192.3333333333333,1192.3333333333333,298.0833333333333,1954.1666666666665,1954.1666666666665,0.050522598870056494,0.3312146892655367
3982,40.388888888888886,50.611111111111114,50.611111111111114,49.72222222222222,25.11111111111111,49.666666666666664,848.1666666666666,1062.8333333333335,1062.8333333333335,265.70833333333337,1707.5916666666667,1707.5916666666667,0.045035310734463284,0.2894223163841808
3983,42.55555555555556,61.388888888888886,61.388888888888886,61.27777777777778,29.666666666666668,56.166666666666664,893.6666666666667,1289.1666666666665,1289.1666666666665,322.29166666666663,1841.525,1841.525,0.05462570621468926,0.3121228813559322
3984,41.388888888888886,53.55555555555556,53.55555555555556,52.55555555555556,26.333333333333332,55.111111111111114,869.1666666666666,1124.6666666666667,1124.6666666666667,281.1666666666667,1758.75,1758.75,0.04765536723163842,0.29809322033898306
3985,48.388888888888886,53.0,53.0,53.333333333333336,25.833333333333332,55.77777777777778,1016.1666666666666,1113.0,1113.0,278.25,2005.7333333333331,2005.7333333333331,0.04716101694915254,0.33995480225988695
3986,52.5,52.666666666666664,52.666666666666664,51.666666666666664,23.166666666666668,64.44444444444444,1102.5,1106.0,1106.0,276.5,2150.75,2150.75,0.046864406779661014,0.36453389830508476
3987,29.27777777777778,50.0,50.0,49.611111111111114,25.0,42.0,614.8333333333334,1050.0,1050.0,262.5,1307.7166666666667,1307.7166666666667,0.04449152542372881,0.22164689265536724
3988,45.166666666666664,58.94444444444444,58.94444444444444,57.5,29.11111111111111,55.666666666666664,948.5,1237.8333333333333,1237.8333333333333,309.4583333333333,1921.9083333333333,1921.9083333333333,0.05245056497175141,0.3257471751412429
3989,49.388888888888886,48.22222222222222,48.22222222222222,47.388888888888886,21.5,59.111111111111114,1037.1666666666665,1012.6666666666666,1012.6666666666666,253.16666666666666,2016.3499999999997,2016.3499999999997,0.04290960451977401,0.34175423728813553
3990,35.666666666666664,42.5,42.5,41.833333333333336,22.555555555555557,44.611111111111114,749.0,892.5,892.5,223.125,1496.425,1496.425,0.03781779661016949,0.2536313559322034
3991,34.44444444444444,37.666666666666664,37.666666666666664,37.77777777777778,20.166666666666668,38.72222222222222,723.3333333333333,791.0,791.0,197.75,1427.4166666666665,1427.4166666666665,0.03351694915254237,0.24193502824858754
3992,44.22222222222222,52.05555555555556,52.05555555555556,51.833333333333336,25.72222222222222,58.666666666666664,928.6666666666666,1093.1666666666667,1093.1666666666667,273.2916666666667,1852.0249999999999,1852.0249999999999,0.04632062146892656,0.31390254237288134
3993,53.333333333333336,57.833333333333336,57.833333333333336,56.77777777777778,27.833333333333332,62.333333333333336,1120.0,1214.5,1214.5,303.625,2207.625,2207.625,0.05146186440677966,0.3741737288135593
3994,52.333333333333336,55.77777777777778,55.77777777777778,55.05555555555556,27.38888888888889,64.5,1099.0,1171.3333333333333,1171.3333333333333,292.8333333333333,2161.133333333333,2161.133333333333,0.04963276836158192,0.3662937853107344
3995,37.111111111111114,45.77777777777778,45.77777777777778,45.666666666666664,23.5,43.5,779.3333333333334,961.3333333333334,961.3333333333334,240.33333333333334,1565.2,1565.2,0.04073446327683616,0.26528813559322034
3996,45.666666666666664,64.11111111111111,64.11111111111111,63.05555555555556,31.833333333333332,52.166666666666664,959.0,1346.3333333333335,1346.3333333333335,336.58333333333337,1966.8833333333332,1966.8833333333332,0.05704802259887006,0.3333700564971751
3997,44.333333333333336,59.833333333333336,59.833333333333336,59.22222222222222,28.444444444444443,57.388888888888886,931.0,1256.5,1256.5,314.125,1896.825,1896.825,0.053241525423728814,0.3214957627118644
3998,50.666666666666664,53.44444444444444,53.44444444444444,52.55555555555556,24.77777777777778,60.05555555555556,1064.0,1122.3333333333333,1122.3333333333333,280.5833333333333,2089.383333333333,2089.383333333333,0.04755649717514124,0.3541327683615819
3999,38.111111111111114,38.5,38.5,37.388888888888886,17.61111111111111,48.611111111111114,800.3333333333334,808.5,808.5,202.125,1562.6916666666666,1562.6916666666666,0.03425847457627119,0.2648629943502825
4000,43.833333333333336,53.0,53.0,52.0,25.055555555555557,52.388888888888886,920.5,1113.0,1113.0,278.25,1843.1,1843.1,0.04716101694915254,0.3123898305084746
