replica,taxa_pedidos_checkout_dia,taxa_linhas_tarif_pap_inf_dia,taxa_linhas_tarif_pap_sup_dia,taxa_pedidos_pap_dia,taxa_pedidos_colmeia_dia,vol_mes_pedidos_checkout,vol_mes_linhas_tarif_pap_inf,receita_alt2_inf,receita_alt3_inf,cobertura_alt2_inf,cobertura_alt3_inf
1,49.05263157894737,79.84210526315789,79.84210526315789,39.21052631578947,61.21052631578947,1030.1052631578948,1676.6842105263156,419.1710526315789,2170.35,0.07104594112399643,0.3678559322033898
2,47.0,76.3157894736842,76.3157894736842,39.10526315789474,54.05263157894737,987.0,1602.6315789473683,400.6578947368421,2078.557894736842,0.06790811775200713,0.3522979482604817
3,51.94736842105263,78.26315789473684,78.26315789473684,40.21052631578947,63.68421052631579,1090.8947368421052,1643.5263157894735,410.8815789473684,2265.4026315789474,0.06964094558429973,0.3839665477252453
4,57.473684210526315,79.21052631578948,79.21052631578948,38.0,68.84210526315789,1206.9473684210527,1663.4210526315792,415.8552631578948,2467.6657894736845,0.07048394290811776,0.41824843889384483
5,52.8421052631579,74.3157894736842,74.3157894736842,39.63157894736842,58.89473684210526,1109.6842105263158,1560.6315789473683,390.1578947368421,2276.621052631579,0.06612845673505797,0.3858679750223015
6,54.63157894736842,77.57894736842105,77.57894736842105,38.31578947368421,66.10526315789474,1147.2631578947369,1629.157894736842,407.2894736842105,2357.636842105263,0.0690321141837645,0.3995994647636039
7,55.0,57.578947368421055,57.578947368421055,27.842105263157894,61.0,1155.0,1209.157894736842,302.2894736842105,2265.7894736842104,0.05123550401427297,0.3840321141837645
8,45.421052631578945,72.36842105263158,72.36842105263158,35.78947368421053,55.68421052631579,953.8421052631578,1519.7368421052631,379.9342105263158,2001.465789473684,0.06439562890276539,0.33923148974130235
9,53.473684210526315,63.68421052631579,63.68421052631579,30.36842105263158,65.0,1122.9473684210527,1337.3684210526314,334.34210526315786,2243.3526315789472,0.05666815343443354,0.3802292595896521
10,56.10526315789474,70.52631578947368,70.52631578947368,36.05263157894737,64.89473684210526,1178.2105263157896,1481.0526315789473,370.2631578947368,2373.221052631579,0.0627564674397859,0.4022408563782337
11,50.21052631578947,63.526315789473685,63.526315789473685,32.526315789473685,56.05263157894737,1054.421052631579,1334.0526315789473,333.5131578947368,2126.028947368421,0.056527653880463866,0.36034388938447814
12,61.63157894736842,77.52631578947368,77.52631578947368,39.1578947368421,68.89473684210526,1294.2631578947369,1628.0526315789473,407.0131578947368,2607.2605263157893,0.06898528099910793,0.44190856378233717
13,50.473684210526315,69.3157894736842,69.3157894736842,34.73684210526316,55.26315789473684,1059.9473684210527,1455.6315789473683,363.9078947368421,2165.8184210526315,0.0616793041926851,0.3670878679750223
14,50.63157894736842,62.473684210526315,62.473684210526315,31.94736842105263,60.63157894736842,1063.2631578947369,1311.9473684210527,327.9868421052632,2135.5342105263157,0.05559099018733274,0.3619549509366637
15,64.57894736842105,78.0,78.0,36.421052631578945,77.63157894736842,1356.157894736842,1638.0,409.5,2714.9684210526316,0.06940677966101695,0.460164139161463
16,55.26315789473684,67.26315789473684,67.26315789473684,33.94736842105263,57.94736842105263,1160.5263157894738,1412.5263157894735,353.1315789473684,2326.0263157894738,0.059852809991079385,0.39424174843889387
17,58.526315789473685,77.78947368421052,77.78947368421052,36.89473684210526,64.57894736842105,1229.0526315789473,1633.5789473684208,408.3947368421052,2497.7842105263153,0.06921944692239071,0.4233532560214094
18,46.68421052631579,75.47368421052632,75.47368421052632,38.26315789473684,61.36842105263158,980.3684210526316,1584.9473684210527,396.2368421052632,2062.863157894737,0.06715878679750223,0.34963782337198934
19,45.36842105263158,76.3157894736842,76.3157894736842,39.421052631578945,47.89473684210526,952.7368421052632,1602.6315789473683,400.6578947368421,2020.3105263157895,0.06790811775200713,0.34242551293487955
20,54.21052631578947,73.26315789473684,73.26315789473684,36.31578947368421,58.68421052631579,1138.421052631579,1538.5263157894735,384.6315789473684,2319.9473684210525,0.06519179304192685,0.3932114183764496
21,59.21052631578947,69.0,69.0,33.421052631578945,66.57894736842105,1243.421052631579,1449.0,362.25,2476.065789473684,0.06139830508474576,0.4196721677074041
22,49.421052631578945,79.36842105263158,79.36842105263158,41.05263157894737,62.10526315789474,1037.842105263158,1666.7368421052631,416.6842105263158,2181.015789473684,0.07062444246208742,0.3696636931311329
23,50.526315789473685,65.6842105263158,65.6842105263158,31.894736842105264,62.21052631578947,1061.0526315789473,1379.3684210526317,344.8421052631579,2148.6315789473683,0.058447814451382696,0.3641748438893845
24,55.1578947368421,69.42105263157895,69.42105263157895,35.05263157894737,59.89473684210526,1158.3157894736842,1457.842105263158,364.4605263157895,2333.5973684210526,0.061772970561998215,0.3955249776984835
25,54.36842105263158,83.3157894736842,83.3157894736842,43.26315789473684,59.526315789473685,1141.7368421052631,1749.6315789473683,437.4078947368421,2378.3605263157892,0.07413693131132916,0.40311195361284563
26,49.21052631578947,72.52631578947368,72.52631578947368,38.526315789473685,51.73684210526316,1033.421052631579,1523.0526315789473,380.7631578947368,2137.578947368421,0.06453612845673505,0.36230151650312215
27,53.8421052631579,73.47368421052632,73.47368421052632,37.0,61.05263157894737,1130.6842105263158,1542.9473684210527,385.7368421052632,2307.9,0.06537912578055308,0.39116949152542374
28,57.73684210526316,64.3157894736842,64.3157894736842,31.157894736842106,62.0,1212.4736842105262,1350.6315789473683,337.6578947368421,2398.8631578947366,0.057230151650312214,0.4065869759143621
29,48.8421052631579,67.47368421052632,67.47368421052632,33.26315789473684,58.526315789473685,1025.6842105263158,1416.9473684210527,354.2368421052632,2097.9,0.06004014272970563,0.3555762711864407
30,49.89473684210526,65.47368421052632,65.47368421052632,35.473684210526315,53.421052631578945,1047.7894736842104,1374.9473684210527,343.7368421052632,2124.978947368421,0.05826048171275647,0.3601659232827832
31,51.36842105263158,76.94736842105263,76.94736842105263,39.473684210526315,63.421052631578945,1078.7368421052631,1615.8947368421052,403.9736842105263,2237.8263157894735,0.06847011596788581,0.3792925958965209
32,56.31578947368421,80.36842105263158,80.36842105263158,38.94736842105263,73.3157894736842,1182.6315789473686,1687.7368421052631,421.9342105263158,2432.407894736842,0.071514272970562,0.4122725245316681
33,55.10526315789474,75.36842105263158,75.36842105263158,38.36842105263158,62.68421052631579,1157.2105263157896,1582.7368421052631,395.6842105263158,2362.942105263158,0.06706512042818912,0.4004986619090098
34,46.473684210526315,77.52631578947368,77.52631578947368,39.526315789473685,55.578947368421055,975.9473684210526,1628.0526315789473,407.0131578947368,2066.1236842105263,0.06898528099910793,0.35019045495093665
35,58.05263157894737,77.42105263157895,77.42105263157895,38.05263157894737,68.52631578947368,1219.1052631578948,1625.842105263158,406.4605263157895,2478.9394736842105,0.06889161462979483,0.4201592328278323
36,50.36842105263158,79.6842105263158,79.6842105263158,39.473684210526315,62.68421052631579,1057.7368421052631,1673.3684210526317,418.3421052631579,2216.4947368421053,0.07090544157002676,0.3756770740410348
37,53.473684210526315,77.0,77.0,38.26315789473684,55.31578947368421,1122.9473684210527,1617.0,404.25,2313.2605263157893,0.06851694915254238,0.3920780553077609
38,55.526315789473685,70.84210526315789,70.84210526315789,36.26315789473684,59.21052631578947,1166.0526315789473,1487.6842105263156,371.9210526315789,2354.210526315789,0.06303746654772524,0.39901873327386256
39,50.421052631578945,69.42105263157895,69.42105263157895,37.05263157894737,55.89473684210526,1058.842105263158,1457.842105263158,364.4605263157895,2164.492105263158,0.061772970561998215,0.36686306868867086
40,56.526315789473685,72.94736842105263,72.94736842105263,35.73684210526316,71.05263157894737,1187.0526315789473,1531.8947368421052,382.9736842105263,2400.9631578947365,0.0649107939339875,0.40694290811775197
41,56.26315789473684,68.3157894736842,68.3157894736842,34.31578947368421,70.57894736842105,1181.5263157894738,1434.6315789473683,358.6578947368421,2367.2526315789473,0.060789473684210525,0.4012292595896521
42,59.526315789473685,76.63157894736842,76.63157894736842,37.05263157894737,71.15789473684211,1250.0526315789473,1609.2631578947369,402.3157894736842,2527.4052631578943,0.06818911685994648,0.4283737734165923
43,58.63157894736842,70.73684210526316,70.73684210526316,35.473684210526315,71.10526315789474,1231.2631578947369,1485.4736842105265,371.3684210526316,2464.5157894736844,0.06294380017841214,0.41771454058876006
44,48.94736842105263,78.63157894736842,78.63157894736842,39.526315789473685,55.21052631578947,1027.8947368421052,1651.2631578947369,412.8157894736842,2160.236842105263,0.06996877787689564,0.36614183764495983
45,52.31578947368421,75.73684210526316,75.73684210526316,37.63157894736842,63.68421052631579,1098.6315789473686,1590.4736842105265,397.6184210526316,2265.292105263158,0.06739295272078502,0.38394781445138276
46,52.473684210526315,69.36842105263158,69.36842105263158,34.68421052631579,60.89473684210526,1101.9473684210527,1456.7368421052631,364.1842105263158,2237.4947368421053,0.06172613737734166,0.3792363960749331
47,57.89473684210526,74.47368421052632,74.47368421052632,36.63157894736842,69.3157894736842,1215.7894736842104,1563.9473684210527,390.9868421052632,2457.828947368421,0.06626895628902765,0.41658117752007134
48,50.31578947368421,81.52631578947368,81.52631578947368,41.21052631578947,59.10526315789474,1056.6315789473686,1712.0526315789473,428.0131578947368,2224.286842105263,0.07254460303300624,0.37699776984834965
49,45.10526315789474,86.63157894736842,86.63157894736842,43.526315789473685,58.473684210526315,947.2105263157896,1819.2631578947369,454.8157894736842,2065.0736842105266,0.07708742194469224,0.3500124888492418
50,53.526315789473685,79.26315789473684,79.26315789473684,36.578947368421055,60.8421052631579,1124.0526315789473,1664.5263157894735,416.1315789473684,2327.0210526315786,0.0705307760927743,0.3944103479036574
51,56.526315789473685,74.05263157894737,74.05263157894737,36.89473684210526,75.26315789473684,1187.0526315789473,1555.1052631578948,388.7763157894737,2406.765789473684,0.0658942908117752,0.40792640499553967
52,46.26315789473684,78.05263157894737,78.05263157894737,39.78947368421053,57.578947368421055,971.5263157894736,1639.1052631578948,409.7763157894737,2061.371052631579,0.06945361284567352,0.3493849241748439
53,49.89473684210526,74.89473684210526,74.89473684210526,37.78947368421053,60.78947368421053,1047.7894736842104,1572.7894736842104,393.1973684210526,2174.43947368421,0.0666436217662801,0.36854906333630677
54,53.89473684210526,76.26315789473684,76.26315789473684,38.421052631578945,60.578947368421055,1131.7894736842104,1601.5263157894735,400.3815789473684,2324.423684210526,0.06786128456735058,0.3939701159678858
55,55.473684210526315,73.52631578947368,73.52631578947368,36.473684210526315,70.89473684210526,1164.9473684210527,1544.0526315789473,386.0131578947368,2366.4236842105265,0.06542595896520963,0.40108876003568245
56,55.578947368421055,83.63157894736842,83.63157894736842,43.1578947368421,60.473684210526315,1167.157894736842,1756.2631578947369,439.0657894736842,2423.2342105263156,0.07441793041926852,0.4107176628010704
57,50.36842105263158,69.57894736842105,69.57894736842105,34.63157894736842,54.94736842105263,1057.7368421052631,1461.157894736842,365.2894736842105,2163.442105263158,0.061913470115967886,0.3666851025869759
58,51.31578947368421,70.26315789473684,70.26315789473684,34.36842105263158,53.68421052631579,1077.6315789473686,1475.5263157894735,368.8815789473684,2200.855263157895,0.06252230151650312,0.3730263157894737
59,47.78947368421053,84.89473684210526,84.89473684210526,42.21052631578947,56.21052631578947,1003.578947368421,1782.7894736842104,445.6973684210526,2151.7815789473684,0.07554192685102587,0.36470874219446925
60,54.21052631578947,82.05263157894737,82.05263157894737,39.73684210526316,60.526315789473685,1138.421052631579,1723.1052631578948,430.7763157894737,2366.092105263158,0.07301293487957182,0.40103256021409456
61,47.10526315789474,75.57894736842105,75.57894736842105,40.36842105263158,48.473684210526315,989.2105263157896,1587.157894736842,396.7894736842105,2078.447368421053,0.06725245316681534,0.3522792149866191
62,50.578947368421055,78.21052631578948,78.21052631578948,39.36842105263158,52.421052631578945,1062.157894736842,1642.4210526315792,410.6052631578948,2216.273684210526,0.06959411239964318,0.3756396074933095
63,55.8421052631579,69.6842105263158,69.6842105263158,32.89473684210526,67.3157894736842,1172.6842105263158,1463.3684210526317,365.8421052631579,2359.4052631578948,0.062007136485281,0.3998991971454059
64,52.36842105263158,78.73684210526316,78.73684210526316,39.68421052631579,59.578947368421055,1099.7368421052631,1653.4736842105265,413.3684210526316,2282.9210526315787,0.07006244424620875,0.38693577163247095
65,48.21052631578947,73.84210526315789,73.84210526315789,37.0,52.78947368421053,1012.421052631579,1550.6842105263156,387.6710526315789,2108.786842105263,0.06570695807314897,0.357421498661909
66,59.36842105263158,66.05263157894737,66.05263157894737,32.421052631578945,64.84210526315789,1246.7368421052631,1387.1052631578948,346.7763157894737,2466.228947368421,0.058775646743978595,0.4180049063336307
67,47.31578947368421,81.78947368421052,81.78947368421052,42.578947368421055,48.421052631578945,993.6315789473684,1717.5789473684208,429.3947368421052,2118.5684210526315,0.07277876895628901,0.3590793933987511
68,49.1578947368421,63.68421052631579,63.68421052631579,31.526315789473685,52.473684210526315,1032.3157894736842,1337.3684210526314,334.34210526315786,2089.2789473684206,0.05666815343443354,0.35411507582515606
69,47.89473684210526,86.6842105263158,86.6842105263158,44.578947368421055,55.78947368421053,1005.7894736842104,1820.3684210526317,455.0921052631579,2164.934210526316,0.0771342551293488,0.36693800178412134
70,52.526315789473685,75.26315789473684,75.26315789473684,38.21052631578947,54.05263157894737,1103.0526315789473,1580.5263157894735,395.1315789473684,2270.321052631579,0.066971454058876,0.384800178412132
71,47.36842105263158,79.10526315789474,79.10526315789474,39.78947368421053,49.94736842105263,994.7368421052632,1661.2105263157896,415.3026315789474,2106.355263157895,0.07039027653880464,0.35700936663693134
72,55.94736842105263,70.36842105263158,70.36842105263158,35.1578947368421,65.84210526315789,1174.8947368421052,1477.7368421052631,369.4342105263158,2366.7552631578947,0.06261596788581623,0.4011449598572703
73,52.526315789473685,74.15789473684211,74.15789473684211,37.94736842105263,57.8421052631579,1103.0526315789473,1557.3157894736844,389.3289473684211,2264.5184210526313,0.06598795718108832,0.3838166815343443
74,46.10526315789474,73.52631578947368,73.52631578947368,37.526315789473685,58.421052631578945,968.2105263157896,1544.0526315789473,386.0131578947368,2031.9710526315791,0.06542595896520963,0.3444018733273863
75,58.473684210526315,67.57894736842105,67.57894736842105,32.8421052631579,65.21052631578948,1227.9473684210527,1419.157894736842,354.7894736842105,2442.3,0.060133809099018734,0.4139491525423729
76,49.36842105263158,71.0,71.0,33.94736842105263,53.78947368421053,1036.7368421052631,1491.0,372.75,2135.202631578947,0.06317796610169492,0.3618987511150758
77,54.526315789473685,82.10526315789474,82.10526315789474,41.89473684210526,61.10526315789474,1145.0526315789473,1724.2105263157896,431.0526315789474,2377.6421052631576,0.07305976806422837,0.40299018733273856
78,51.78947368421053,76.42105263157895,76.42105263157895,40.578947368421055,55.63157894736842,1087.578947368421,1604.842105263158,401.2105263157895,2250.0947368421052,0.06800178412132026,0.38137198929527205
79,51.31578947368421,72.15789473684211,72.15789473684211,35.68421052631579,62.78947368421053,1077.6315789473686,1515.3157894736844,378.8289473684211,2210.8026315789475,0.06420829616413917,0.37471231043710973
80,45.473684210526315,73.52631578947368,73.52631578947368,36.31578947368421,54.578947368421055,954.9473684210526,1544.0526315789473,386.0131578947368,2009.4236842105263,0.06542595896520963,0.3405802854594112
81,57.21052631578947,70.0,70.0,34.8421052631579,59.526315789473685,1201.421052631579,1470.0,367.5,2409.915789473684,0.06228813559322034,0.40846030330062444
82,51.73684210526316,69.78947368421052,69.78947368421052,36.1578947368421,58.1578947368421,1086.4736842105262,1465.5789473684208,366.3947368421052,2213.3999999999996,0.0621008028545941,0.3751525423728813
83,53.73684210526316,65.63157894736842,65.63157894736842,34.1578947368421,61.73684210526316,1128.4736842105262,1378.2631578947369,344.5657894736842,2262.971052631579,0.05840098126672614,0.3835544157002676
84,52.526315789473685,80.0,80.0,39.578947368421055,64.10526315789474,1103.0526315789473,1680.0,420.0,2295.1894736842105,0.0711864406779661,0.38901516503122213
85,56.21052631578947,72.6842105263158,72.6842105263158,37.526315789473685,62.68421052631579,1180.421052631579,1526.3684210526317,381.5921052631579,2388.307894736842,0.06467662801070473,0.4047979482604817
86,54.63157894736842,72.0,72.0,35.8421052631579,64.15789473684211,1147.2631578947369,1512.0,378.0,2328.3473684210526,0.0640677966101695,0.3946351471900089
87,60.1578947368421,73.47368421052632,73.47368421052632,38.10526315789474,66.0,1263.3157894736842,1542.9473684210527,385.7368421052632,2533.3736842105263,0.06537912578055308,0.429385370205174
88,56.36842105263158,69.21052631578948,69.21052631578948,33.526315789473685,63.8421052631579,1183.7368421052631,1453.4210526315792,363.3552631578948,2375.707894736842,0.061585637823372,0.4026623550401427
89,48.36842105263158,74.52631578947368,74.52631578947368,37.526315789473685,51.05263157894737,1015.7368421052632,1565.0526315789473,391.2631578947368,2118.0157894736844,0.0663157894736842,0.35898572702943804
90,50.94736842105263,80.89473684210526,80.89473684210526,41.10526315789474,54.421052631578945,1069.8947368421052,1698.7894736842104,424.6973684210526,2243.5184210526313,0.07198260481712757,0.380257359500446
91,52.89473684210526,73.78947368421052,73.78947368421052,38.473684210526315,60.21052631578947,1110.7894736842104,1549.5789473684208,387.3947368421052,2275.736842105263,0.0656601248884924,0.3857181088314005
92,51.78947368421053,63.578947368421055,63.578947368421055,31.57894736842105,53.73684210526316,1087.578947368421,1335.157894736842,333.7894736842105,2182.673684210526,0.05657448706512043,0.3699446922390722
93,55.63157894736842,67.21052631578948,67.21052631578948,33.31578947368421,57.421052631578945,1168.2631578947369,1411.4210526315792,352.8552631578948,2338.9026315789474,0.05980597680642285,0.3964241748438894
94,46.26315789473684,82.15789473684211,82.15789473684211,41.8421052631579,52.73684210526316,971.5263157894736,1725.3157894736844,431.3289473684211,2082.9236842105265,0.07310660124888493,0.35303791257805534
95,54.68421052631579,79.15789473684211,79.15789473684211,40.10526315789474,72.42105263157895,1148.3684210526314,1662.3157894736844,415.5789473684211,2367.8052631578944,0.0704371097234612,0.4013229259589651
96,63.21052631578947,66.05263157894737,66.05263157894737,32.73684210526316,71.42105263157895,1327.421052631579,1387.1052631578948,346.7763157894737,2603.392105263158,0.058775646743978595,0.44125289919714544
97,50.21052631578947,76.3157894736842,76.3157894736842,38.8421052631579,57.473684210526315,1054.421052631579,1602.6315789473683,400.6578947368421,2193.1736842105265,0.06790811775200713,0.37172435325602143
98,59.473684210526315,63.68421052631579,63.68421052631579,32.0,68.47368421052632,1248.9473684210527,1337.3684210526314,334.34210526315786,2457.5526315789475,0.05666815343443354,0.4165343443354148
99,53.31578947368421,75.6842105263158,75.6842105263158,38.526315789473685,67.15789473684211,1119.6315789473686,1589.3684210526317,397.3421052631579,2300.7157894736847,0.06734611953612846,0.38995182872435336
100,53.68421052631579,80.15789473684211,80.15789473684211,40.8421052631579,56.94736842105263,1127.3684210526314,1683.3157894736844,420.8289473684211,2337.3552631578946,0.07132694023193578,0.39616190900981263
101,50.526315789473685,67.0,67.0,34.31578947368421,59.89473684210526,1061.0526315789473,1407.0,351.75,2155.5394736842104,0.05961864406779661,0.3653456735057984
102,61.78947368421053,76.26315789473684,76.26315789473684,36.78947368421053,69.15789473684211,1297.578947368421,1601.5263157894735,400.3815789473684,2606.265789473684,0.06786128456735058,0.44173996431757356
103,49.421052631578945,72.10526315789474,72.10526315789474,35.526315789473685,64.21052631578948,1037.842105263158,1514.2105263157896,378.5526315789474,2142.8842105263157,0.06416146297948261,0.3632007136485281
104,55.421052631578945,78.15789473684211,78.15789473684211,39.0,62.78947368421053,1163.842105263158,1641.3157894736844,410.3289473684211,2388.8605263157897,0.06954727921498663,0.40489161462979484
105,53.473684210526315,86.42105263157895,86.42105263157895,42.26315789473684,62.10526315789474,1122.9473684210527,1814.842105263158,453.7105263157895,2362.721052631579,0.07690008920606602,0.40046119536128455
106,58.0,73.63157894736842,73.63157894736842,35.421052631578945,61.68421052631579,1218.0,1546.2631578947369,386.5657894736842,2457.165789473684,0.06551962533452275,0.4164687778768956
107,58.63157894736842,78.84210526315789,78.84210526315789,39.10526315789474,70.10526315789474,1231.2631578947369,1655.6842105263156,413.9210526315789,2507.0684210526315,0.07015611061552185,0.42492685102586975
108,54.94736842105263,64.84210526315789,64.84210526315789,31.94736842105263,57.526315789473685,1153.8947368421052,1361.6842105263156,340.4210526315789,2302.0421052631577,0.05769848349687778,0.3901766280107047
109,45.94736842105263,82.05263157894737,82.05263157894737,39.94736842105263,53.473684210526315,964.8947368421052,1723.1052631578948,430.7763157894737,2071.0973684210526,0.07301293487957182,0.3510334522747547
110,55.473684210526315,63.05263157894737,63.05263157894737,33.0,55.8421052631579,1164.9473684210527,1324.1052631578948,331.0263157894737,2311.436842105263,0.056106155218554866,0.39176895628902764
111,52.21052631578947,67.10526315789474,67.10526315789474,34.63157894736842,58.1578947368421,1096.421052631579,1409.2105263157896,352.3026315789474,2216.2184210526316,0.05971231043710973,0.37563024085637825
112,51.63157894736842,74.42105263157895,74.42105263157895,35.1578947368421,61.94736842105263,1084.2631578947369,1562.842105263158,390.7105263157895,2233.9578947368423,0.0662221231043711,0.3786369313113292
113,48.0,70.26315789473684,70.26315789473684,35.68421052631579,54.31578947368421,1008.0,1475.5263157894735,368.8815789473684,2082.4815789473682,0.06252230151650312,0.3529629794826048
114,52.1578947368421,73.84210526315789,73.84210526315789,37.8421052631579,59.421052631578945,1095.3157894736842,1550.6842105263156,387.6710526315789,2249.707894736842,0.06570695807314897,0.38130642283675287
115,50.94736842105263,90.21052631578948,90.21052631578948,45.26315789473684,60.94736842105263,1069.8947368421052,1894.4210526315792,473.6052631578948,2292.426315789474,0.0802720785013381,0.3885468331846566
116,42.36842105263158,81.73684210526316,81.73684210526316,42.421052631578945,51.0,889.7368421052632,1716.4736842105265,429.1184210526316,1941.6710526315792,0.07273193577163248,0.3290967885816236
117,55.0,70.3157894736842,70.3157894736842,34.36842105263158,66.21052631578948,1155.0,1476.6315789473683,369.1578947368421,2332.657894736842,0.06256913470115967,0.3953657448706512
118,49.73684210526316,76.36842105263158,76.36842105263158,38.68421052631579,58.31578947368421,1044.4736842105262,1603.7368421052631,400.9342105263158,2176.5394736842104,0.06795495093666369,0.3689049955396967
119,53.31578947368421,89.78947368421052,89.78947368421052,45.05263157894737,61.26315789473684,1119.6315789473686,1885.5789473684208,471.3947368421052,2374.7684210526318,0.07989741302408562,0.4025031222123105
120,55.68421052631579,72.94736842105263,72.94736842105263,36.31578947368421,66.73684210526316,1169.3684210526314,1531.8947368421052,382.9736842105263,2370.8999999999996,0.0649107939339875,0.4018474576271186
121,51.421052631578945,75.26315789473684,75.26315789473684,38.31578947368421,62.36842105263158,1079.842105263158,1580.5263157894735,395.1315789473684,2230.863157894737,0.066971454058876,0.3781123996431758
122,46.473684210526315,73.36842105263158,73.36842105263158,38.578947368421055,58.26315789473684,975.9473684210526,1540.7368421052631,385.1842105263158,2044.2947368421053,0.06528545941123996,0.3464906333630687
123,49.26315789473684,82.6842105263158,82.6842105263158,43.05263157894737,53.31578947368421,1034.5263157894738,1736.3684210526317,434.0921052631579,2192.7868421052635,0.07357493309545049,0.3716587867975023
124,50.31578947368421,91.89473684210526,91.89473684210526,46.1578947368421,59.526315789473685,1056.6315789473686,1929.7894736842104,482.4473684210526,2278.721052631579,0.0817707404103479,0.38622390722569133
125,55.21052631578947,74.94736842105263,74.94736842105263,36.21052631578947,66.21052631578948,1159.421052631579,1573.8947368421052,393.4736842105263,2364.4894736842107,0.06669045495093666,0.4007609277430866
126,55.8421052631579,80.6842105263158,80.6842105263158,39.05263157894737,71.89473684210526,1172.6842105263158,1694.3684210526317,423.5921052631579,2417.1552631578948,0.07179527207850134,0.40968733273862623
127,53.94736842105263,80.6842105263158,80.6842105263158,37.73684210526316,60.1578947368421,1132.8947368421052,1694.3684210526317,423.5921052631579,2349.5131578947367,0.07179527207850134,0.3982225691347011
128,44.78947368421053,85.26315789473684,85.26315789473684,43.26315789473684,52.473684210526315,940.578947368421,1790.5263157894735,447.6315789473684,2046.6157894736841,0.07586975914362176,0.3468840321141837
129,50.89473684210526,80.21052631578948,80.21052631578948,40.89473684210526,59.10526315789474,1068.7894736842104,1684.4210526315792,421.1052631578948,2238.0473684210524,0.07137377341659233,0.37933006244424616
130,48.421052631578945,78.36842105263158,78.36842105263158,38.68421052631579,55.26315789473684,1016.8421052631578,1645.7368421052631,411.4342105263158,2140.065789473684,0.06973461195361284,0.3627230151650312
131,49.8421052631579,84.42105263157895,84.42105263157895,41.94736842105263,53.89473684210526,1046.6842105263158,1772.842105263158,443.2105263157895,2222.573684210526,0.07512042818911686,0.376707404103479
132,61.63157894736842,70.63157894736842,70.63157894736842,34.526315789473685,70.84210526315789,1294.2631578947369,1483.2631578947369,370.8157894736842,2571.063157894737,0.06285013380909903,0.43577341659232827
133,53.1578947368421,73.57894736842105,73.57894736842105,37.36842105263158,61.31578947368421,1116.3157894736842,1545.157894736842,386.2894736842105,2284.0263157894738,0.06547279214986619,0.38712310437109726
134,49.526315789473685,73.94736842105263,73.94736842105263,38.1578947368421,59.26315789473684,1040.0526315789473,1552.8947368421052,388.2236842105263,2156.313157894737,0.06580062444246208,0.36547680642283675
135,52.421052631578945,79.26315789473684,79.26315789473684,38.0,60.1578947368421,1100.842105263158,1664.5263157894735,416.1315789473684,2287.563157894737,0.0705307760927743,0.38772256913470116
136,58.421052631578945,74.78947368421052,74.78947368421052,37.63157894736842,69.3157894736842,1226.842105263158,1570.5789473684208,392.6447368421052,2478.2763157894733,0.06654995539696698,0.42004683318465647
137,55.94736842105263,64.52631578947368,64.52631578947368,32.0,61.68421052631579,1174.8947368421052,1355.0526315789473,338.7631578947368,2336.0842105263155,0.05741748438893844,0.39594647636039243
138,46.89473684210526,84.63157894736842,84.63157894736842,44.05263157894737,57.78947368421053,984.7894736842104,1777.2631578947369,444.3157894736842,2118.457894736842,0.07530776092774309,0.35906066012488846
139,49.68421052631579,79.26315789473684,79.26315789473684,39.0,54.68421052631579,1043.3684210526314,1664.5263157894735,416.1315789473684,2189.857894736842,0.0705307760927743,0.3711623550401427
140,47.578947368421055,83.21052631578948,83.21052631578948,42.78947368421053,55.63157894736842,999.1578947368422,1747.4210526315792,436.8552631578948,2135.4236842105265,0.07404326494201607,0.3619362176628011
141,48.473684210526315,73.42105263157895,73.42105263157895,37.526315789473685,54.10526315789474,1017.9473684210526,1541.842105263158,385.4605263157895,2115.971052631579,0.06533229259589653,0.35863916146297947
142,57.94736842105263,71.63157894736842,71.63157894736842,33.68421052631579,64.52631578947368,1216.8947368421052,1504.2631578947369,376.0657894736842,2444.786842105263,0.0637399643175736,0.4143706512042819
143,57.1578947368421,81.73684210526316,81.73684210526316,42.0,65.89473684210526,1200.3157894736842,1716.4736842105265,429.1184210526316,2469.6552631578948,0.07273193577163248,0.418585637823372
144,52.63157894736842,68.47368421052632,68.47368421052632,34.10526315789474,58.578947368421055,1105.2631578947369,1437.9473684210527,359.4868421052632,2238.434210526316,0.0609299732381802,0.3793956289027654
145,47.05263157894737,81.10526315789474,81.10526315789474,40.8421052631579,55.94736842105263,988.1052631578948,1703.2105263157896,425.8026315789474,2105.5815789473686,0.0721699375557538,0.35687823371989297
146,52.10526315789474,63.8421052631579,63.8421052631579,33.21052631578947,57.94736842105263,1094.2105263157896,1340.6842105263158,335.17105263157896,2195.3289473684213,0.056808652988403215,0.3720896520963426
147,59.526315789473685,71.42105263157895,71.42105263157895,34.89473684210526,71.0,1250.0526315789473,1499.842105263158,374.9605263157895,2500.0499999999997,0.06355263157894737,0.4237372881355932
148,52.8421052631579,68.52631578947368,68.52631578947368,33.89473684210526,62.63157894736842,1109.6842105263158,1439.0526315789473,359.7631578947368,2246.2263157894736,0.060976806422836746,0.38071632471008027
149,45.526315789473685,90.47368421052632,90.47368421052632,45.63157894736842,53.78947368421053,956.0526315789474,1899.9473684210527,474.9868421052632,2100.2763157894738,0.08050624442462088,0.3559790365744871
150,47.578947368421055,92.47368421052632,92.47368421052632,47.05263157894737,55.0,999.1578947368422,1941.9473684210527,485.4868421052632,2184.055263157895,0.08228590544157004,0.3701788581623551
151,50.73684210526316,79.3157894736842,79.3157894736842,40.526315789473685,54.63157894736842,1065.4736842105262,1665.6315789473683,416.4078947368421,2227.7131578947365,0.07057760927743086,0.3775785013380909
152,49.21052631578947,77.6842105263158,77.6842105263158,39.526315789473685,55.73684210526316,1033.421052631579,1631.3684210526317,407.8421052631579,2164.657894736842,0.06912578055307761,0.36689116859946475
153,59.473684210526315,73.63157894736842,73.63157894736842,35.31578947368421,64.47368421052632,1248.9473684210527,1546.2631578947369,386.5657894736842,2509.7763157894738,0.06551962533452275,0.42538581623550403
154,56.1578947368421,73.3157894736842,73.3157894736842,36.578947368421055,60.10526315789474,1179.3157894736842,1539.6315789473683,384.9078947368421,2389.7447368421053,0.0652386262265834,0.4050414808206958
155,45.526315789473685,80.52631578947368,80.52631578947368,40.89473684210526,51.36842105263158,956.0526315789474,1691.0526315789473,422.7631578947368,2048.0526315789475,0.07165477252453166,0.34712756467439787
156,48.73684210526316,72.84210526315789,72.84210526315789,37.421052631578945,53.73684210526316,1023.4736842105264,1529.6842105263156,382.4210526315789,2122.3263157894735,0.06481712756467439,0.35971632471008025
157,50.26315789473684,78.42105263157895,78.42105263157895,39.94736842105263,56.21052631578947,1055.5263157894738,1646.842105263158,411.7105263157895,2206.105263157895,0.06978144513826941,0.3739161462979483
158,53.36842105263158,70.6842105263158,70.6842105263158,36.21052631578947,66.47368421052632,1120.7368421052631,1484.3684210526317,371.0921052631579,2276.3447368421052,0.06289696699375558,0.38582114183764493
159,50.0,75.10526315789474,75.10526315789474,38.526315789473685,57.31578947368421,1050.0,1577.2105263157896,394.3026315789474,2179.3026315789475,0.06683095450490634,0.3693733273862623
160,55.73684210526316,74.89473684210526,74.89473684210526,37.578947368421055,66.10526315789474,1170.4736842105262,1572.7894736842104,393.1973684210526,2383.0026315789473,0.0666436217662801,0.40389875111507584
161,53.68421052631579,72.94736842105263,72.94736842105263,37.94736842105263,66.94736842105263,1127.3684210526314,1531.8947368421052,382.9736842105263,2299.4999999999995,0.0649107939339875,0.38974576271186434
162,49.78947368421053,76.94736842105263,76.94736842105263,38.526315789473685,59.94736842105263,1045.578947368421,1615.8947368421052,403.9736842105263,2181.4578947368423,0.06847011596788581,0.36973862622658343
163,49.473684210526315,77.15789473684211,77.15789473684211,39.31578947368421,53.68421052631579,1038.9473684210527,1620.3157894736844,405.0789473684211,2171.289473684211,0.06865744870651205,0.36801516503122217
164,61.68421052631579,70.89473684210526,70.89473684210526,34.63157894736842,74.15789473684211,1295.3684210526314,1488.7894736842104,372.1973684210526,2574.3236842105257,0.06308429973238179,0.4363260481712755
165,58.31578947368421,62.578947368421055,62.578947368421055,30.42105263157895,66.42105263157895,1224.6315789473686,1314.157894736842,328.5394736842105,2410.4131578947367,0.05568465655664585,0.4085446030330062
166,53.26315789473684,70.89473684210526,70.89473684210526,33.1578947368421,62.10526315789474,1118.5263157894738,1488.7894736842104,372.1973684210526,2273.692105263158,0.06308429973238179,0.385371543264942
167,53.05263157894737,76.84210526315789,76.84210526315789,37.8421052631579,61.05263157894737,1114.1052631578948,1613.6842105263156,403.4210526315789,2297.4,0.0683764495985727,0.3893898305084746
168,57.94736842105263,71.36842105263158,71.36842105263158,35.26315789473684,69.15789473684211,1216.8947368421052,1498.7368421052631,374.6842105263158,2443.4052631578948,0.06350579839429081,0.4141364852809991
169,50.578947368421055,84.84210526315789,84.84210526315789,42.94736842105263,59.36842105263158,1062.157894736842,1781.6842105263156,445.4210526315789,2251.08947368421,0.0754950936663693,0.3815405887600356
170,49.36842105263158,86.21052631578948,86.21052631578948,44.21052631578947,65.94736842105263,1036.7368421052631,1810.4210526315792,452.6052631578948,2215.057894736842,0.0767127564674398,0.3754335414808207
171,56.05263157894737,70.78947368421052,70.78947368421052,34.94736842105263,58.10526315789474,1177.1052631578948,1486.5789473684208,371.6447368421052,2372.7236842105262,0.06299063336306868,0.4021565566458519
172,57.26315789473684,75.21052631578948,75.21052631578948,37.89473684210526,66.10526315789474,1202.5263157894738,1579.4210526315792,394.8552631578948,2439.15,0.06692462087421945,0.41341525423728814
173,46.05263157894737,68.42105263157895,68.42105263157895,33.05263157894737,49.8421052631579,967.1052631578948,1436.842105263158,359.2105263157895,2003.2894736842104,0.06088314005352364,0.3395405887600357
174,46.526315789473685,82.89473684210526,82.89473684210526,41.526315789473685,52.36842105263158,977.0526315789474,1740.7894736842104,435.1973684210526,2096.186842105263,0.07376226583407672,0.35528590544157
175,54.94736842105263,78.0,78.0,38.526315789473685,69.26315789473684,1153.8947368421052,1638.0,409.5,2371.121052631579,0.06940677966101695,0.4018849241748439
176,49.26315789473684,74.3157894736842,74.3157894736842,38.421052631578945,54.68421052631579,1034.5263157894738,1560.6315789473683,390.1578947368421,2148.8526315789477,0.06612845673505797,0.3642123104371098
177,59.0,67.3157894736842,67.3157894736842,34.21052631578947,73.05263157894737,1239.0,1413.6315789473683,353.4078947368421,2459.707894736842,0.05989964317573595,0.4168996431757359
178,47.526315789473685,73.47368421052632,73.47368421052632,35.421052631578945,56.26315789473684,998.0526315789474,1542.9473684210527,385.7368421052632,2082.426315789474,0.06537912578055308,0.35295361284567356
179,49.8421052631579,78.63157894736842,78.63157894736842,40.21052631578947,53.21052631578947,1046.6842105263158,1651.2631578947369,412.8157894736842,2192.178947368421,0.06996877787689564,0.3715557537912578
180,49.05263157894737,83.47368421052632,83.47368421052632,42.10526315789474,54.0,1030.1052631578948,1752.9473684210527,438.2368421052632,2189.4157894736845,0.07427743086529884,0.3710874219446923
181,52.21052631578947,68.10526315789474,68.10526315789474,35.1578947368421,57.73684210526316,1096.421052631579,1430.2105263157896,357.5526315789474,2221.4684210526316,0.060602140945584304,0.3765200713648528
182,49.89473684210526,78.63157894736842,78.63157894736842,39.1578947368421,61.26315789473684,1047.7894736842104,1651.2631578947369,412.8157894736842,2194.0578947368417,0.06996877787689564,0.37187421944692234
183,54.578947368421055,77.21052631578948,77.21052631578948,38.68421052631579,64.42105263157895,1146.157894736842,1621.4210526315792,405.3552631578948,2353.823684210526,0.0687042818911686,0.39895316681534343
184,53.26315789473684,77.26315789473684,77.26315789473684,40.0,59.21052631578947,1118.5263157894738,1622.5263157894735,405.6315789473684,2307.1263157894737,0.06875111507582515,0.3910383586083854
185,47.31578947368421,85.78947368421052,85.78947368421052,44.578947368421055,48.63157894736842,993.6315789473684,1801.5789473684208,450.3947368421052,2139.5684210526315,0.07633809099018732,0.3626387154326494
186,51.21052631578947,81.63157894736842,81.63157894736842,41.421052631578945,69.94736842105263,1075.421052631579,1714.2631578947369,428.5657894736842,2256.7815789473684,0.07263826940231936,0.38250535236396077
187,55.89473684210526,80.73684210526316,80.73684210526316,40.36842105263158,63.473684210526315,1173.7894736842104,1695.4736842105265,423.8684210526316,2419.310526315789,0.0718421052631579,0.4100526315789473
188,48.0,75.78947368421052,75.78947368421052,37.473684210526315,61.73684210526316,1008.0,1591.5789473684208,397.8947368421052,2111.4947368421053,0.06743978590544156,0.35788046387154326
189,59.26315789473684,72.15789473684211,72.15789473684211,35.8421052631579,74.3157894736842,1244.5263157894738,1515.3157894736844,378.8289473684211,2494.5236842105264,0.06420829616413917,0.4228006244424621
190,57.578947368421055,71.52631578947368,71.52631578947368,33.78947368421053,66.05263157894737,1209.157894736842,1502.0526315789473,375.5131578947368,2431.081578947368,0.06364629794826047,0.41204772524531663
191,53.0,71.94736842105263,71.94736842105263,36.421052631578945,66.26315789473684,1113.0,1510.8947368421052,377.7236842105263,2269.823684210526,0.06402096342551293,0.3847158786797502
192,50.31578947368421,68.05263157894737,68.05263157894737,35.36842105263158,55.36842105263158,1056.6315789473686,1429.1052631578948,357.2763157894737,2153.55,0.06055530776092775,0.3650084745762712
193,50.0,76.26315789473684,76.26315789473684,36.73684210526316,63.1578947368421,1050.0,1601.5263157894735,400.3815789473684,2185.3815789473683,0.06786128456735058,0.3704036574487065
194,47.421052631578945,78.63157894736842,78.63157894736842,39.68421052631579,56.578947368421055,995.8421052631578,1651.2631578947369,412.8157894736842,2105.7473684210527,0.06996877787689564,0.3569063336306869
195,50.8421052631579,91.36842105263158,91.36842105263158,46.10526315789474,56.89473684210526,1067.6842105263158,1918.7368421052631,479.6842105263158,2294.7473684210527,0.08130240856378233,0.38894023193577165
196,54.05263157894737,85.42105263157895,85.42105263157895,41.0,62.1578947368421,1135.1052631578948,1793.842105263158,448.4605263157895,2378.1394736842108,0.07601025869759144,0.40307448706512045
197,56.78947368421053,71.94736842105263,71.94736842105263,35.21052631578947,70.6842105263158,1192.578947368421,1510.8947368421052,377.7236842105263,2405.107894736842,0.06402096342551293,0.40764540588760034
198,58.10526315789474,78.73684210526316,78.73684210526316,38.421052631578945,69.26315789473684,1220.2105263157896,1653.4736842105265,413.3684210526316,2487.726315789474,0.07006244424620875,0.4216485280999109
199,54.78947368421053,84.36842105263158,84.36842105263158,43.10526315789474,63.0,1150.578947368421,1771.7368421052631,442.9342105263158,2398.9184210526314,0.0750735950044603,0.40659634255129345
200,50.421052631578945,72.57894736842105,72.57894736842105,38.05263157894737,60.526315789473685,1058.842105263158,1524.157894736842,381.0394736842105,2181.071052631579,0.06458296164139161,0.3696730597680642
201,53.26315789473684,78.78947368421052,78.78947368421052,39.473684210526315,59.36842105263158,1118.5263157894738,1654.5789473684208,413.6447368421052,2315.1394736842103,0.07010927743086529,0.3923965209634255
202,41.10526315789474,84.94736842105263,84.94736842105263,44.63157894736842,46.63157894736842,863.2105263157896,1783.8947368421052,445.9736842105263,1913.4315789473685,0.07558876003568242,0.32431043710972346
203,47.473684210526315,81.47368421052632,81.47368421052632,40.26315789473684,62.73684210526316,996.9473684210526,1710.9473684210527,427.7368421052632,2122.5473684210524,0.07249776984834969,0.3597537912578055
204,56.1578947368421,74.84210526315789,74.84210526315789,36.578947368421055,67.3157894736842,1179.3157894736842,1571.6842105263156,392.9210526315789,2397.757894736842,0.06659678858162354,0.4063996431757359
205,47.0,85.15789473684211,85.15789473684211,43.63157894736842,57.473684210526315,987.0,1788.3157894736844,447.0789473684211,2124.978947368421,0.07577609277430866,0.3601659232827832
206,45.78947368421053,84.26315789473684,84.26315789473684,43.78947368421053,58.578947368421055,961.578947368421,1769.5263157894735,442.3815789473684,2077.065789473684,0.07497992863514719,0.3520450490633363
207,47.89473684210526,73.94736842105263,73.94736842105263,37.68421052631579,54.21052631578947,1005.7894736842104,1552.8947368421052,388.2236842105263,2098.065789473684,0.06580062444246208,0.3556043710972346
208,57.89473684210526,77.36842105263158,77.36842105263158,39.31578947368421,70.05263157894737,1215.7894736842104,1624.7368421052631,406.1842105263158,2473.0263157894733,0.06884478144513827,0.4191570026761819
209,48.89473684210526,76.10526315789474,76.10526315789474,38.21052631578947,59.10526315789474,1026.7894736842104,1598.2105263157896,399.5526315789474,2145.0947368421052,0.06772078501338091,0.36357537912578053
210,45.473684210526315,77.89473684210526,77.89473684210526,39.421052631578945,51.26315789473684,954.9473684210526,1635.7894736842104,408.9473684210526,2032.357894736842,0.06931311329170384,0.3444674397859054
211,57.8421052631579,66.42105263157895,66.42105263157895,33.421052631578945,61.10526315789474,1214.6842105263158,1394.842105263158,348.7105263157895,2413.6736842105265,0.05910347903657449,0.40909723461195363
212,46.89473684210526,81.3157894736842,81.3157894736842,42.73684210526316,53.26315789473684,984.7894736842104,1707.6315789473683,426.9078947368421,2101.0499999999997,0.07235727029438001,0.35611016949152535
213,47.78947368421053,73.94736842105263,73.94736842105263,37.68421052631579,57.94736842105263,1003.578947368421,1552.8947368421052,388.2236842105263,2094.307894736842,0.06580062444246208,0.35496743978590545
214,48.0,77.73684210526316,77.73684210526316,41.36842105263158,50.578947368421055,1008.0,1632.4736842105265,408.1184210526316,2121.7184210526316,0.06917261373773417,0.3596132917038359
215,59.421052631578945,75.05263157894737,75.05263157894737,36.05263157894737,72.94736842105263,1247.842105263158,1576.1052631578948,394.0263157894737,2515.3578947368424,0.06678412132024977,0.4263318465655665
216,47.578947368421055,80.47368421052632,80.47368421052632,42.31578947368421,51.63157894736842,999.1578947368422,1689.9473684210527,422.4868421052632,2121.055263157895,0.07160793933987511,0.35950089206066016
217,51.10526315789474,70.73684210526316,70.73684210526316,36.0,56.1578947368421,1073.2105263157896,1485.4736842105265,371.3684210526316,2195.826315789474,0.06294380017841214,0.37217395182872437
218,52.31578947368421,72.6842105263158,72.6842105263158,34.578947368421055,65.78947368421052,1098.6315789473686,1526.3684210526317,381.5921052631579,2249.2657894736844,0.06467662801070473,0.38123148974130244
219,44.73684210526316,77.15789473684211,77.15789473684211,40.63157894736842,51.94736842105263,939.4736842105264,1620.3157894736844,405.0789473684211,2002.1842105263158,0.06865744870651205,0.3393532560214095
220,59.8421052631579,73.73684210526316,73.73684210526316,34.78947368421053,71.84210526315789,1256.6842105263158,1548.4736842105265,387.1184210526316,2523.4815789473687,0.06561329170383587,0.42770874219446925
221,52.421052631578945,74.21052631578948,74.21052631578948,35.36842105263158,60.63157894736842,1100.842105263158,1558.4210526315792,389.6052631578948,2261.0368421052635,0.06603479036574487,0.3832265834076718
222,52.68421052631579,87.89473684210526,87.89473684210526,42.94736842105263,69.05263157894737,1106.3684210526314,1845.7894736842104,461.4473684210526,2342.273684210526,0.0782114183764496,0.3969955396966993
223,55.421052631578945,68.0,68.0,32.421052631578945,64.26315789473684,1163.842105263158,1428.0,357.0,2335.5315789473684,0.06050847457627118,0.3958528099910794
224,53.68421052631579,72.94736842105263,72.94736842105263,35.10526315789474,61.473684210526315,1127.3684210526314,1531.8947368421052,382.9736842105263,2299.4999999999995,0.0649107939339875,0.38974576271186434
225,53.05263157894737,77.26315789473684,77.26315789473684,39.05263157894737,69.73684210526316,1114.1052631578948,1622.5263157894735,405.6315789473684,2299.6105263157897,0.06875111507582515,0.38976449598572704
226,50.31578947368421,78.94736842105263,78.94736842105263,39.1578947368421,64.78947368421052,1056.6315789473686,1657.8947368421052,414.4736842105263,2210.7473684210527,0.07024977698483496,0.37470294380017843
227,54.94736842105263,80.63157894736842,80.63157894736842,41.0,59.05263157894737,1153.8947368421052,1693.2631578947369,423.3157894736842,2384.936842105263,0.07174843889384479,0.4042265834076717
228,45.526315789473685,90.05263157894737,90.05263157894737,44.36842105263158,57.21052631578947,956.0526315789474,1891.1052631578948,472.7763157894737,2098.065789473684,0.08013157894736843,0.3556043710972346
229,60.526315789473685,82.26315789473684,82.26315789473684,40.10526315789474,77.05263157894737,1271.0526315789473,1727.5263157894735,431.8815789473684,2592.6710526315787,0.07320026761819803,0.439435771632471
230,46.21052631578947,72.26315789473684,72.26315789473684,35.10526315789474,56.526315789473685,970.421052631579,1517.5263157894735,379.3815789473684,2029.0973684210526,0.06430196253345227,0.3439148082069581
231,48.68421052631579,78.42105263157895,78.42105263157895,40.94736842105263,60.21052631578947,1022.3684210526316,1646.842105263158,411.7105263157895,2149.736842105263,0.06978144513826941,0.3643621766280107
232,53.31578947368421,86.63157894736842,86.63157894736842,41.421052631578945,64.15789473684211,1119.6315789473686,1819.2631578947369,454.8157894736842,2358.189473684211,0.07708742194469224,0.3996931311329171
233,58.78947368421053,67.89473684210526,67.89473684210526,34.21052631578947,63.36842105263158,1234.578947368421,1425.7894736842104,356.4473684210526,2455.2315789473682,0.06041480820695807,0.4161409455842997
234,55.73684210526316,78.47368421052632,78.47368421052632,39.526315789473685,68.15789473684211,1170.4736842105262,1647.9473684210527,411.9868421052632,2401.7921052631577,0.06982827832292596,0.40708340767172163
235,50.26315789473684,68.84210526315789,68.84210526315789,35.578947368421055,55.89473684210526,1055.5263157894738,1445.6842105263156,361.4210526315789,2155.815789473684,0.06125780553077609,0.3653925066904549
236,50.473684210526315,82.78947368421052,82.78947368421052,42.63157894736842,61.526315789473685,1059.9473684210527,1738.5789473684208,434.6447368421052,2236.555263157895,0.07366859946476359,0.37907716324710083
237,59.1578947368421,73.78947368421052,73.78947368421052,35.526315789473685,67.42105263157895,1242.3157894736842,1549.5789473684208,387.3947368421052,2499.331578947368,0.0656601248884924,0.4236155218554861
238,53.26315789473684,70.78947368421052,70.78947368421052,35.94736842105263,68.89473684210526,1118.5263157894738,1486.5789473684208,371.6447368421052,2273.1394736842103,0.06299063336306868,0.38527787689562887
239,54.8421052631579,76.94736842105263,76.94736842105263,38.421052631578945,67.78947368421052,1151.6842105263158,1615.8947368421052,403.9736842105263,2361.8368421052633,0.06847011596788581,0.4003113291703836
240,51.21052631578947,75.36842105263158,75.36842105263158,37.26315789473684,57.78947368421053,1075.421052631579,1582.7368421052631,395.6842105263158,2223.9,0.06706512042818912,0.3769322033898305
241,55.36842105263158,73.10526315789474,73.10526315789474,36.1578947368421,61.0,1162.7368421052631,1535.2105263157896,383.8026315789474,2360.4552631578945,0.06505129348795718,0.40007716324710074
242,51.94736842105263,72.78947368421052,72.78947368421052,38.578947368421055,55.421052631578945,1090.8947368421052,1528.5789473684208,382.1447368421052,2236.665789473684,0.06477029438001783,0.3790958965209634
243,56.73684210526316,67.89473684210526,67.89473684210526,32.68421052631579,62.78947368421053,1191.4736842105262,1425.7894736842104,356.4473684210526,2381.952631578947,0.06041480820695807,0.4037207850133809
244,49.526315789473685,80.84210526315789,80.84210526315789,41.10526315789474,59.31578947368421,1040.0526315789473,1697.6842105263156,424.4210526315789,2192.5105263157893,0.071935771632471,0.37161195361284566
245,53.578947368421055,71.0,71.0,36.578947368421055,59.89473684210526,1125.157894736842,1491.0,372.75,2285.5184210526313,0.06317796610169492,0.3873760035682426
246,47.36842105263158,91.42105263157895,91.42105263157895,46.05263157894737,55.05263157894737,994.7368421052632,1919.842105263158,479.9605263157895,2171.013157894737,0.0813492417484389,0.36796833184656563
247,48.73684210526316,85.57894736842105,85.57894736842105,43.63157894736842,60.36842105263158,1023.4736842105264,1797.157894736842,449.2894736842105,2189.194736842105,0.0761507582515611,0.371049955396967
248,54.63157894736842,76.42105263157895,76.42105263157895,38.73684210526316,62.05263157894737,1147.2631578947369,1604.842105263158,401.2105263157895,2351.557894736842,0.06800178412132026,0.3985691347011597
249,59.421052631578945,66.52631578947368,66.52631578947368,33.26315789473684,64.36842105263158,1247.842105263158,1397.0526315789473,349.2631578947368,2470.5947368421052,0.059197145405887594,0.4187448706512043
250,58.526315789473685,81.3157894736842,81.3157894736842,39.8421052631579,74.52631578947368,1229.0526315789473,1707.6315789473683,426.9078947368421,2516.2973684210524,0.07235727029438001,0.4264910793933987
251,47.473684210526315,81.63157894736842,81.63157894736842,40.63157894736842,64.73684210526316,996.9473684210526,1714.2631578947369,428.5657894736842,2123.3763157894737,0.07263826940231936,0.3598942908117752
252,47.94736842105263,93.26315789473684,93.26315789473684,48.0,54.21052631578947,1006.8947368421052,1958.5263157894735,489.6315789473684,2201.3526315789472,0.08298840321141837,0.3731106155218555
253,47.578947368421055,81.6842105263158,81.6842105263158,39.73684210526316,48.31578947368421,999.1578947368422,1715.3684210526317,428.8421052631579,2127.41052631579,0.07268510258697591,0.360578055307761
254,49.0,69.26315789473684,69.26315789473684,35.68421052631579,57.8421052631579,1029.0,1454.5263157894735,363.6315789473684,2112.9315789473685,0.06163247100802854,0.35812399643175735
255,54.26315789473684,70.89473684210526,70.89473684210526,35.473684210526315,62.73684210526316,1139.5263157894738,1488.7894736842104,372.1973684210526,2309.392105263158,0.06308429973238179,0.3914223907225692
256,54.526315789473685,73.52631578947368,73.52631578947368,37.21052631578947,68.10526315789474,1145.0526315789473,1544.0526315789473,386.0131578947368,2332.6026315789472,0.06542595896520963,0.3953563782337199
257,49.578947368421055,71.21052631578948,71.21052631578948,34.68421052631579,55.94736842105263,1041.157894736842,1495.4210526315792,373.8552631578948,2143.823684210526,0.06336529884032115,0.3633599464763604
258,49.94736842105263,76.84210526315789,76.84210526315789,37.26315789473684,64.6842105263158,1048.8947368421052,1613.6842105263156,403.4210526315789,2186.5421052631577,0.0683764495985727,0.370600356824264
259,53.89473684210526,77.78947368421052,77.78947368421052,38.89473684210526,59.63157894736842,1131.7894736842104,1633.5789473684208,408.3947368421052,2332.436842105263,0.06921944692239071,0.39532827832292594
260,51.89473684210526,71.57894736842105,71.57894736842105,36.73684210526316,59.94736842105263,1089.7894736842104,1503.157894736842,375.7894736842105,2228.431578947368,0.06369313113291704,0.37770026761819797
261,52.10526315789474,64.10526315789474,64.10526315789474,31.36842105263158,63.1578947368421,1094.2105263157896,1346.2105263157896,336.5526315789474,2196.7105263157896,0.057042818911686,0.37232381801962533
262,45.21052631578947,74.21052631578948,74.21052631578948,38.31578947368421,55.94736842105263,949.421052631579,1558.4210526315792,389.6052631578948,2003.621052631579,0.06603479036574487,0.33959678858162357
263,52.31578947368421,83.0,83.0,42.78947368421053,57.78947368421053,1098.6315789473686,1743.0,435.75,2303.4236842105265,0.07385593220338983,0.39041079393398753
264,45.26315789473684,82.3157894736842,82.3157894736842,40.8421052631579,48.1578947368421,950.5263157894736,1728.6315789473683,432.1578947368421,2048.0526315789475,0.07324710080285458,0.34712756467439787
265,56.78947368421053,79.52631578947368,79.52631578947368,38.63157894736842,70.63157894736842,1192.578947368421,1670.0526315789473,417.5131578947368,2444.8973684210523,0.07076494201605708,0.41438938447814444
266,45.36842105263158,82.57894736842105,82.57894736842105,43.0,48.1578947368421,952.7368421052632,1734.157894736842,433.5394736842105,2053.192105263158,0.07348126672613738,0.3479986619090098
267,60.421052631578945,72.42105263157895,72.42105263157895,35.1578947368421,65.6842105263158,1268.842105263158,1520.842105263158,380.2105263157895,2537.242105263158,0.06444246208742195,0.43004103479036576
268,50.78947368421053,75.52631578947368,75.52631578947368,37.94736842105263,63.73684210526316,1066.578947368421,1586.0526315789473,396.5131578947368,2209.6973684210525,0.06720561998215878,0.3745249776984835
269,49.31578947368421,67.57894736842105,67.57894736842105,33.578947368421055,53.8421052631579,1035.6315789473686,1419.157894736842,354.7894736842105,2115.363157894737,0.060133809099018734,0.3585361284567351
270,51.05263157894737,80.78947368421052,80.78947368421052,39.78947368421053,65.42105263157895,1072.1052631578948,1696.5789473684208,424.1447368421052,2246.7236842105262,0.07188893844781444,0.3808006244424621
271,56.78947368421053,66.15789473684211,66.15789473684211,33.94736842105263,59.94736842105263,1192.578947368421,1389.3157894736844,347.3289473684211,2374.713157894737,0.05886931311329171,0.40249375557537914
272,52.578947368421055,83.15789473684211,83.15789473684211,42.421052631578945,61.63157894736842,1104.157894736842,1746.3157894736844,436.5789473684211,2313.6473684210528,0.07399643175735951,0.39214362176628015
273,49.05263157894737,79.94736842105263,79.94736842105263,41.89473684210526,55.1578947368421,1030.1052631578948,1678.8947368421052,419.7236842105263,2170.9026315789474,0.07113960749330954,0.36794959857270293
274,58.8421052631579,67.05263157894737,67.05263157894737,33.31578947368421,69.0,1235.6842105263158,1408.1052631578948,352.0263157894737,2452.6894736842105,0.05966547725245317,0.4157100802854594
275,51.473684210526315,71.89473684210526,71.89473684210526,35.526315789473685,60.473684210526315,1080.9473684210527,1509.7894736842104,377.4473684210526,2215.057894736842,0.06397413024085637,0.3754335414808207
276,58.89473684210526,72.0,72.0,36.26315789473684,62.78947368421053,1236.7894736842104,1512.0,378.0,2480.5421052631577,0.0640677966101695,0.4204308652988403
277,53.63157894736842,71.0,71.0,35.94736842105263,58.78947368421053,1126.2631578947369,1491.0,372.75,2287.3973684210523,0.06317796610169492,0.38769446922390716
278,53.526315789473685,89.78947368421052,89.78947368421052,44.473684210526315,67.52631578947368,1124.0526315789473,1885.5789473684208,471.3947368421052,2382.2842105263153,0.07989741302408562,0.4037769848349687
279,54.10526315789474,74.94736842105263,74.94736842105263,35.68421052631579,56.578947368421055,1136.2105263157896,1573.8947368421052,393.4736842105263,2325.0315789473684,0.06669045495093666,0.39407314897413026
280,60.26315789473684,67.26315789473684,67.26315789473684,34.526315789473685,71.78947368421052,1265.5263157894738,1412.5263157894735,353.1315789473684,2504.5263157894738,0.059852809991079385,0.42449598572702946
281,52.78947368421053,81.0,81.0,41.10526315789474,55.8421052631579,1108.578947368421,1701.0,425.25,2309.8342105263155,0.07207627118644068,0.39149732381801955
282,52.05263157894737,81.15789473684211,81.15789473684211,39.94736842105263,60.1578947368421,1093.1052631578948,1704.3157894736844,426.0789473684211,2284.3578947368424,0.07221677074041036,0.38717930419268515
283,50.36842105263158,81.15789473684211,81.15789473684211,40.63157894736842,61.473684210526315,1057.7368421052631,1704.3157894736844,426.0789473684211,2224.2315789473682,0.07221677074041036,0.37698840321141835
284,54.63157894736842,72.0,72.0,36.473684210526315,64.26315789473684,1147.2631578947369,1512.0,378.0,2328.3473684210526,0.0640677966101695,0.3946351471900089
285,47.473684210526315,68.0,68.0,34.26315789473684,49.94736842105263,996.9473684210526,1428.0,357.0,2051.8105263157895,0.06050847457627118,0.347764495985727
286,53.578947368421055,81.78947368421052,81.78947368421052,41.1578947368421,60.78947368421053,1125.157894736842,1717.5789473684208,429.3947368421052,2342.1631578947367,0.07277876895628901,0.3969768064228367
287,57.8421052631579,70.15789473684211,70.15789473684211,33.78947368421053,69.15789473684211,1214.6842105263158,1473.3157894736844,368.3289473684211,2433.292105263158,0.06242863514719001,0.4124223907225692
288,58.10526315789474,68.57894736842105,68.57894736842105,33.36842105263158,62.89473684210526,1220.2105263157896,1440.157894736842,360.0394736842105,2434.3973684210528,0.06102363960749331,0.4126097234611954
289,52.31578947368421,79.05263157894737,79.05263157894737,39.05263157894737,55.73684210526316,1098.6315789473686,1660.1052631578948,415.0263157894737,2282.7000000000003,0.07034344335414809,0.3868983050847458
290,50.1578947368421,87.15789473684211,87.15789473684211,45.31578947368421,57.21052631578947,1053.3157894736842,1830.3157894736844,457.5789473684211,2248.2157894736843,0.07755575379125781,0.3810535236396075
291,58.8421052631579,72.73684210526316,72.73684210526316,36.63157894736842,63.68421052631579,1235.6842105263158,1527.4736842105265,381.8684210526316,2482.5315789473684,0.06472346119536129,0.42076806422836754
292,51.31578947368421,80.3157894736842,80.3157894736842,40.473684210526315,54.26315789473684,1077.6315789473686,1686.6315789473683,421.6578947368421,2253.6315789473683,0.07146743978590543,0.381971454058876
293,43.73684210526316,77.05263157894737,77.05263157894737,40.578947368421055,49.21052631578947,918.4736842105264,1618.1052631578948,404.5263157894737,1965.9315789473685,0.06856378233719893,0.3332087421944692
294,56.05263157894737,66.36842105263158,66.36842105263158,33.78947368421053,57.05263157894737,1177.1052631578948,1393.7368421052631,348.4342105263158,2349.5131578947367,0.05905664585191793,0.3982225691347011
295,53.68421052631579,74.94736842105263,74.94736842105263,38.1578947368421,55.421052631578945,1127.3684210526314,1573.8947368421052,393.4736842105263,2309.9999999999995,0.06669045495093666,0.3915254237288135
296,56.21052631578947,64.94736842105263,64.94736842105263,33.68421052631579,60.05263157894737,1180.421052631579,1363.8947368421052,340.9736842105263,2347.6894736842105,0.0577921498661909,0.3979134701159679
297,46.1578947368421,84.36842105263158,84.36842105263158,43.578947368421055,53.1578947368421,969.3157894736842,1771.7368421052631,442.9342105263158,2090.7710526315786,0.0750735950044603,0.35436797502230144
298,50.63157894736842,68.78947368421052,68.78947368421052,34.73684210526316,65.94736842105263,1063.2631578947369,1444.5789473684208,361.1447368421052,2168.692105263158,0.061210972346119524,0.3675749330954505
299,55.68421052631579,73.21052631578948,73.21052631578948,36.31578947368421,67.94736842105263,1169.3684210526314,1537.4210526315792,384.3552631578948,2372.281578947368,0.0651449598572703,0.40208162355040133
300,50.8421052631579,81.89473684210526,81.89473684210526,40.68421052631579,60.31578947368421,1067.6842105263158,1719.7894736842104,429.9473684210526,2245.0105263157893,0.07287243532560214,0.3805102586975914
301,54.0,79.05263157894737,79.05263157894737,40.36842105263158,66.05263157894737,1134.0,1660.1052631578948,415.0263157894737,2342.8263157894735,0.07034344335414809,0.39708920606601245
302,49.1578947368421,68.57894736842105,68.57894736842105,33.94736842105263,56.21052631578947,1032.3157894736842,1440.157894736842,360.0394736842105,2114.9763157894736,0.06102363960749331,0.35847056199821586
303,52.421052631578945,82.0,82.0,42.94736842105263,66.78947368421052,1100.842105263158,1722.0,430.5,2301.9315789473685,0.07296610169491526,0.3901578947368421
304,50.31578947368421,81.0,81.0,41.473684210526315,59.21052631578947,1056.6315789473686,1701.0,425.25,2221.5236842105264,0.07207627118644068,0.3765294380017841
305,56.473684210526315,61.31578947368421,61.31578947368421,30.42105263157895,60.68421052631579,1185.9473684210527,1287.6315789473686,321.90789473684214,2338.0184210526318,0.0545606601248885,0.39627430865298846
306,51.31578947368421,79.89473684210526,79.89473684210526,39.0,58.36842105263158,1077.6315789473686,1677.7894736842104,419.4473684210526,2251.421052631579,0.07109277430865299,0.3815967885816236
307,50.473684210526315,68.26315789473684,68.26315789473684,33.78947368421053,64.10526315789474,1059.9473684210527,1433.5263157894735,358.3815789473684,2160.292105263158,0.06074264049955396,0.36615120428189124
308,50.578947368421055,80.05263157894737,80.05263157894737,39.1578947368421,54.78947368421053,1062.157894736842,1681.1052631578948,420.2763157894737,2225.944736842105,0.07123327386262267,0.37727876895628903
309,58.26315789473684,74.73684210526316,74.73684210526316,36.21052631578947,68.10526315789474,1223.5263157894738,1569.4736842105265,392.3684210526316,2472.363157894737,0.06650312221231044,0.4190446030330063
310,55.36842105263158,76.42105263157895,76.42105263157895,37.578947368421055,61.526315789473685,1162.7368421052631,1604.842105263158,401.2105263157895,2377.8631578947366,0.06800178412132026,0.4030276538804638
311,58.78947368421053,76.0,76.0,37.73684210526316,67.94736842105263,1234.578947368421,1596.0,399.0,2497.7842105263157,0.0676271186440678,0.42335325602140944
312,61.31578947368421,64.26315789473684,64.26315789473684,32.578947368421055,64.42105263157895,1287.6315789473686,1349.5263157894735,337.3815789473684,2526.355263157895,0.05718331846565566,0.4281958073148975
313,50.89473684210526,81.36842105263158,81.36842105263158,40.526315789473685,63.0,1068.7894736842104,1708.7368421052631,427.1842105263158,2244.126315789473,0.07240410347903657,0.38036039250669035
314,51.21052631578947,79.57894736842105,79.57894736842105,41.1578947368421,58.26315789473684,1075.421052631579,1671.157894736842,417.7894736842105,2246.0052631578947,0.07081177520071365,0.380678858162355
315,58.526315789473685,73.63157894736842,73.63157894736842,37.21052631578947,67.26315789473684,1229.0526315789473,1546.2631578947369,386.5657894736842,2475.9552631578945,0.06551962533452275,0.4196534344335414
316,52.89473684210526,81.15789473684211,81.15789473684211,41.0,59.26315789473684,1110.7894736842104,1704.3157894736844,426.0789473684211,2314.4210526315787,0.07221677074041036,0.3922747546833184
317,46.63157894736842,80.57894736842105,80.57894736842105,40.78947368421053,49.8421052631579,979.2631578947368,1692.157894736842,423.0394736842105,2087.786842105263,0.07170160570918822,0.35386217662801067
318,51.36842105263158,88.42105263157895,88.42105263157895,43.8421052631579,58.68421052631579,1078.7368421052631,1856.842105263158,464.2105263157895,2298.063157894737,0.07867975022301517,0.3895022301516503
319,53.8421052631579,76.10526315789474,76.10526315789474,38.73684210526316,58.21052631578947,1130.6842105263158,1598.2105263157896,399.5526315789474,2321.7157894736843,0.06772078501338091,0.39351115075825155
320,50.73684210526316,76.05263157894737,76.05263157894737,40.1578947368421,55.8421052631579,1065.4736842105262,1597.1052631578948,399.2763157894737,2210.581578947368,0.06767395182872435,0.37467484388938443
321,50.1578947368421,77.3157894736842,77.3157894736842,40.10526315789474,48.526315789473685,1053.3157894736842,1623.6315789473683,405.9078947368421,2196.544736842105,0.0687979482604817,0.3722957181088314
322,60.421052631578945,67.89473684210526,67.89473684210526,32.526315789473685,75.26315789473684,1268.842105263158,1425.7894736842104,356.4473684210526,2513.478947368421,0.06041480820695807,0.4260133809099019
323,51.05263157894737,79.52631578947368,79.52631578947368,38.89473684210526,67.21052631578948,1072.1052631578948,1670.0526315789473,417.5131578947368,2240.092105263158,0.07076494201605708,0.37967662801070473
324,45.8421052631579,70.78947368421052,70.78947368421052,35.578947368421055,54.05263157894737,962.6842105263158,1486.5789473684208,371.6447368421052,2008.207894736842,0.06299063336306868,0.34037421944692237
325,47.526315789473685,86.57894736842105,86.57894736842105,45.0,52.421052631578945,998.0526315789474,1818.157894736842,454.5394736842105,2151.228947368421,0.07704058876003568,0.36461507582515607
326,60.526315789473685,73.84210526315789,73.84210526315789,37.10526315789474,67.94736842105263,1271.0526315789473,1550.6842105263156,387.6710526315789,2548.460526315789,0.06570695807314897,0.4319424620874219
327,53.421052631578945,78.47368421052632,78.47368421052632,38.0,59.8421052631579,1121.842105263158,1647.9473684210527,411.9868421052632,2319.1184210526317,0.06982827832292596,0.39307091882247996
328,50.68421052631579,69.94736842105263,69.94736842105263,36.26315789473684,56.78947368421053,1064.3684210526314,1468.8947368421052,367.2236842105263,2176.6499999999996,0.06224130240856378,0.3689237288135593
329,53.36842105263158,80.94736842105263,80.94736842105263,41.1578947368421,55.26315789473684,1120.7368421052631,1699.8947368421052,424.9736842105263,2330.2263157894736,0.07202943800178412,0.3949536128456735
330,53.421052631578945,71.52631578947368,71.52631578947368,35.05263157894737,58.21052631578947,1121.842105263158,1502.0526315789473,375.5131578947368,2282.644736842105,0.06364629794826047,0.3868889384478144
331,47.421052631578945,96.63157894736842,96.63157894736842,49.78947368421053,56.89473684210526,995.8421052631578,2029.2631578947369,507.3157894736842,2200.2473684210527,0.085985727029438,0.3729232827832293
332,52.63157894736842,71.57894736842105,71.57894736842105,34.63157894736842,65.84210526315789,1105.2631578947369,1503.157894736842,375.7894736842105,2254.7368421052633,0.06369313113291704,0.38215878679750226
333,50.89473684210526,74.42105263157895,74.42105263157895,38.36842105263158,58.26315789473684,1068.7894736842104,1562.842105263158,390.7105263157895,2207.652631578947,0.0662221231043711,0.3741784121320249
334,49.89473684210526,80.21052631578948,80.21052631578948,40.36842105263158,53.578947368421055,1047.7894736842104,1684.4210526315792,421.1052631578948,2202.347368421052,0.07137377341659233,0.373279214986619
335,52.10526315789474,69.63157894736842,69.63157894736842,34.94736842105263,53.10526315789474,1094.2105263157896,1462.2631578947369,365.5657894736842,2225.7236842105267,0.06196030330062444,0.37724130240856385
336,41.36842105263158,76.3157894736842,76.3157894736842,38.89473684210526,43.26315789473684,868.7368421052632,1602.6315789473683,400.6578947368421,1877.5105263157895,0.06790811775200713,0.3182221231043711
337,58.0,71.94736842105263,71.94736842105263,37.473684210526315,66.36842105263158,1218.0,1510.8947368421052,377.7236842105263,2448.323684210526,0.06402096342551293,0.4149701159678858
338,57.526315789473685,76.84210526315789,76.84210526315789,37.421052631578945,73.78947368421052,1208.0526315789473,1613.6842105263156,403.4210526315789,2457.1105263157892,0.0683764495985727,0.41645941123996427
339,47.31578947368421,85.36842105263158,85.36842105263158,43.8421052631579,55.526315789473685,993.6315789473684,1792.7368421052631,448.1842105263158,2137.357894736842,0.07596342551293488,0.3622640499553969
340,48.526315789473685,89.78947368421052,89.78947368421052,45.36842105263158,57.473684210526315,1019.0526315789474,1885.5789473684208,471.3947368421052,2203.7842105263157,0.07989741302408562,0.3735227475468332
341,51.89473684210526,72.52631578947368,72.52631578947368,37.421052631578945,55.78947368421053,1089.7894736842104,1523.0526315789473,380.7631578947368,2233.4052631578943,0.06453612845673505,0.37854326494201596
342,55.31578947368421,75.47368421052632,75.47368421052632,37.63157894736842,68.84210526315789,1161.6315789473686,1584.9473684210527,396.2368421052632,2371.01052631579,0.06715878679750223,0.4018661909009813
343,58.36842105263158,77.10526315789474,77.10526315789474,38.578947368421055,70.36842105263158,1225.7368421052631,1619.2105263157896,404.8026315789474,2488.555263157895,0.06861061552185549,0.4217890276538805
344,51.26315789473684,68.57894736842105,68.57894736842105,35.78947368421053,55.78947368421053,1076.5263157894738,1440.157894736842,360.0394736842105,2190.1342105263157,0.06102363960749331,0.37120918822479926
345,50.78947368421053,72.63157894736842,72.63157894736842,37.21052631578947,61.36842105263158,1066.578947368421,1525.2631578947369,381.3157894736842,2194.5,0.06462979482604818,0.3719491525423729
346,53.26315789473684,73.42105263157895,73.42105263157895,36.05263157894737,63.63157894736842,1118.5263157894738,1541.842105263158,385.4605263157895,2286.955263157895,0.06533229259589653,0.3876195361284568
347,51.05263157894737,77.26315789473684,77.26315789473684,38.421052631578945,57.473684210526315,1072.1052631578948,1622.5263157894735,405.6315789473684,2228.2105263157896,0.06875111507582515,0.3776628010704728
348,52.10526315789474,71.21052631578948,71.21052631578948,36.10526315789474,63.26315789473684,1094.2105263157896,1495.4210526315792,373.8552631578948,2234.013157894737,0.06336529884032115,0.37864629794826055
349,50.21052631578947,80.47368421052632,80.47368421052632,39.89473684210526,54.21052631578947,1054.421052631579,1689.9473684210527,422.4868421052632,2215.0026315789473,0.07160793933987511,0.3754241748438894
350,51.0,73.05263157894737,73.05263157894737,37.1578947368421,56.0,1071.0,1534.1052631578948,383.5263157894737,2204.2263157894736,0.06500446030330062,0.37359768064228366
351,59.526315789473685,72.36842105263158,72.36842105263158,36.1578947368421,74.15789473684211,1250.0526315789473,1519.7368421052631,379.9342105263158,2505.023684210526,0.06439562890276539,0.4245802854594112
352,58.0,75.0,75.0,37.05263157894737,67.15789473684211,1218.0,1575.0,393.75,2464.35,0.06673728813559322,0.41768644067796606
353,53.21052631578947,77.73684210526316,77.73684210526316,39.8421052631579,61.94736842105263,1117.421052631579,1632.4736842105265,408.1184210526316,2307.7342105263156,0.06917261373773417,0.39114139161462974
354,51.89473684210526,86.3157894736842,86.3157894736842,42.94736842105263,57.94736842105263,1089.7894736842104,1812.6315789473683,453.1578947368421,2305.7999999999997,0.07680642283675289,0.3908135593220339
355,49.31578947368421,69.0,69.0,34.421052631578945,58.78947368421053,1035.6315789473686,1449.0,362.25,2122.823684210526,0.06139830508474576,0.3598006244424621
356,56.421052631578945,80.15789473684211,80.15789473684211,40.421052631578945,63.26315789473684,1184.842105263158,1683.3157894736844,420.8289473684211,2435.0605263157895,0.07132694023193578,0.4127221231043711
357,52.10526315789474,66.63157894736842,66.63157894736842,33.526315789473685,51.578947368421055,1094.2105263157896,1399.2631578947369,349.8157894736842,2209.9736842105267,0.059290811775200715,0.3745718108831401
358,42.78947368421053,75.21052631578948,75.21052631578948,38.21052631578947,54.05263157894737,898.578947368421,1579.4210526315792,394.8552631578948,1922.4394736842105,0.06692462087421945,0.3258371989295272
359,50.1578947368421,75.36842105263158,75.36842105263158,38.421052631578945,63.73684210526316,1053.3157894736842,1582.7368421052631,395.6842105263158,2186.321052631579,0.06706512042818912,0.37056289027653877
360,54.73684210526316,68.63157894736842,68.63157894736842,35.63157894736842,58.578947368421055,1149.4736842105262,1441.2631578947369,360.3157894736842,2314.4210526315787,0.06107047279214987,0.3922747546833184
361,57.578947368421055,70.73684210526316,70.73684210526316,33.89473684210526,66.36842105263158,1209.157894736842,1485.4736842105265,371.3684210526316,2426.936842105263,0.06294380017841214,0.4113452274754683
362,52.94736842105263,89.63157894736842,89.63157894736842,44.21052631578947,62.94736842105263,1111.8947368421052,1882.2631578947369,470.5657894736842,2360.786842105263,0.07975691347011597,0.40013336306868863
363,56.8421052631579,74.73684210526316,74.73684210526316,37.63157894736842,70.05263157894737,1193.6842105263158,1569.4736842105265,392.3684210526316,2421.6315789473683,0.06650312221231044,0.41044603033006244
364,52.21052631578947,72.89473684210526,72.89473684210526,36.89473684210526,54.21052631578947,1096.421052631579,1530.7894736842104,382.6973684210526,2246.6131578947366,0.06486396074933094,0.3807818911685994
365,47.36842105263158,78.26315789473684,78.26315789473684,38.68421052631579,59.421052631578945,994.7368421052632,1643.5263157894735,410.8815789473684,2101.934210526316,0.06964094558429973,0.3562600356824264
366,54.10526315789474,75.84210526315789,75.84210526315789,36.78947368421053,62.421052631578945,1136.2105263157896,1592.6842105263156,398.1710526315789,2329.728947368421,0.06748661909009812,0.39486931311329165
367,52.36842105263158,81.36842105263158,81.36842105263158,41.1578947368421,61.1578947368421,1099.7368421052631,1708.7368421052631,427.1842105263158,2296.736842105263,0.07240410347903657,0.3892774308652988
368,48.26315789473684,78.21052631578948,78.21052631578948,38.63157894736842,59.31578947368421,1013.5263157894736,1642.4210526315792,410.6052631578948,2133.6,0.06959411239964318,0.36162711864406777
369,47.578947368421055,77.47368421052632,77.47368421052632,39.31578947368421,58.10526315789474,999.1578947368422,1626.9473684210527,406.7368421052632,2105.305263157895,0.06893844781445138,0.35683140053523643
370,54.31578947368421,73.36842105263158,73.36842105263158,37.78947368421053,61.21052631578947,1140.6315789473686,1540.7368421052631,385.1842105263158,2324.257894736842,0.06528545941123996,0.39394201605709184
371,49.73684210526316,71.26315789473684,71.26315789473684,35.8421052631579,55.05263157894737,1044.4736842105262,1496.5263157894735,374.1315789473684,2149.736842105263,0.0634121320249777,0.3643621766280107
372,57.0,72.42105263157895,72.42105263157895,35.1578947368421,65.3157894736842,1197.0,1520.842105263158,380.2105263157895,2415.1105263157892,0.06444246208742195,0.40934076717216766
373,50.10526315789474,77.57894736842105,77.57894736842105,39.73684210526316,58.526315789473685,1052.2105263157896,1629.157894736842,407.2894736842105,2196.047368421053,0.0690321141837645,0.3722114183764496
374,54.0,71.21052631578948,71.21052631578948,37.05263157894737,65.6842105263158,1134.0,1495.4210526315792,373.8552631578948,2301.6552631578948,0.06336529884032115,0.39011106155218556
375,51.73684210526316,68.05263157894737,68.05263157894737,34.10526315789474,59.73684210526316,1086.4736842105262,1429.1052631578948,357.2763157894737,2204.2815789473684,0.06055530776092775,0.373607047279215
376,48.526315789473685,87.52631578947368,87.52631578947368,45.0,59.8421052631579,1019.0526315789474,1838.0526315789473,459.5131578947368,2191.9026315789474,0.07788358608385369,0.37150892060660123
377,52.31578947368421,84.6842105263158,84.6842105263158,43.68421052631579,55.21052631578947,1098.6315789473686,1778.3684210526317,444.5921052631579,2312.2657894736844,0.07535459411239964,0.39190945584299736
378,51.1578947368421,77.57894736842105,77.57894736842105,38.63157894736842,62.421052631578945,1074.3157894736842,1629.157894736842,407.2894736842105,2233.6263157894737,0.0690321141837645,0.3785807314897413
379,52.73684210526316,73.21052631578948,73.21052631578948,36.78947368421053,57.473684210526315,1107.4736842105262,1537.4210526315792,384.3552631578948,2267.0605263157895,0.0651449598572703,0.3842475468331847
380,56.578947368421055,77.42105263157895,77.42105263157895,39.05263157894737,72.73684210526316,1188.157894736842,1625.842105263158,406.4605263157895,2426.328947368421,0.06889161462979483,0.4112421944692239
381,54.473684210526315,79.73684210526316,79.73684210526316,40.10526315789474,65.21052631578948,1143.9473684210527,1674.4736842105265,418.6184210526316,2363.3289473684213,0.07095227475468333,0.40056422836752903
382,47.8421052631579,70.0,70.0,35.8421052631579,59.31578947368421,1004.6842105263158,1470.0,367.5,2075.463157894737,0.06228813559322034,0.3517734165923283
383,52.8421052631579,81.26315789473684,81.26315789473684,40.05263157894737,62.94736842105263,1109.6842105263158,1706.5263157894735,426.6315789473684,2313.0947368421052,0.07231043710972346,0.39204995539696696
384,57.31578947368421,92.10526315789474,92.10526315789474,46.1578947368421,65.89473684210526,1203.6315789473686,1934.2105263157896,483.5526315789474,2529.726315789474,0.08195807314897413,0.4287671721677075
385,53.10526315789474,72.05263157894737,72.05263157894737,36.578947368421055,55.89473684210526,1115.2105263157896,1513.1052631578948,378.2763157894737,2274.134210526316,0.06411462979482604,0.3854464763603926
386,50.1578947368421,74.3157894736842,74.3157894736842,37.21052631578947,57.89473684210526,1053.3157894736842,1560.6315789473683,390.1578947368421,2180.794736842105,0.06612845673505797,0.36962622658340766
387,50.73684210526316,74.57894736842105,74.57894736842105,37.68421052631579,60.8421052631579,1065.4736842105262,1566.157894736842,391.5394736842105,2202.8447368421052,0.06636262265834077,0.37336351471900087
388,59.05263157894737,76.05263157894737,76.05263157894737,36.78947368421053,67.42105263157895,1240.1052631578948,1597.1052631578948,399.2763157894737,2507.455263157895,0.06767395182872435,0.424992417484389
389,53.26315789473684,61.21052631578947,61.21052631578947,31.68421052631579,56.8421052631579,1118.5263157894738,1285.421052631579,321.35526315789474,2222.85,0.05446699375557538,0.37675423728813556
390,57.63157894736842,66.42105263157895,66.42105263157895,33.0,64.89473684210526,1210.2631578947369,1394.842105263158,348.7105263157895,2406.157894736842,0.05910347903657449,0.40782337198929525
391,51.89473684210526,74.05263157894737,74.05263157894737,37.26315789473684,59.473684210526315,1089.7894736842104,1555.1052631578948,388.7763157894737,2241.4184210526314,0.0658942908117752,0.37990142729705617
392,59.05263157894737,71.15789473684211,71.15789473684211,35.473684210526315,63.10526315789474,1240.1052631578948,1494.3157894736844,373.5789473684211,2481.7578947368424,0.0633184656556646,0.42063693131132923
393,50.36842105263158,72.89473684210526,72.89473684210526,37.26315789473684,56.63157894736842,1057.7368421052631,1530.7894736842104,382.6973684210526,2180.85,0.06486396074933094,0.36963559322033895
394,50.94736842105263,65.15789473684211,65.15789473684211,33.31578947368421,57.36842105263158,1069.8947368421052,1368.3157894736844,342.0789473684211,2160.9,0.05797948260481713,0.3662542372881356
395,54.473684210526315,68.89473684210526,68.89473684210526,34.578947368421055,63.10526315789474,1143.9473684210527,1446.7894736842104,361.6973684210526,2306.407894736842,0.061304638715432645,0.3909165923282783
396,50.63157894736842,75.47368421052632,75.47368421052632,37.473684210526315,59.578947368421055,1063.2631578947369,1584.9473684210527,396.2368421052632,2203.7842105263157,0.06715878679750223,0.3735227475468332
397,55.8421052631579,76.10526315789474,76.10526315789474,37.0,69.21052631578948,1172.6842105263158,1598.2105263157896,399.5526315789474,2393.1157894736843,0.06772078501338091,0.4056128456735058
398,55.421052631578945,71.73684210526316,71.73684210526316,34.73684210526316,68.6842105263158,1163.842105263158,1506.4736842105265,376.6184210526316,2355.15,0.06383363068688672,0.3991779661016949
399,50.0,62.26315789473684,62.26315789473684,31.42105263157895,54.36842105263158,1050.0,1307.5263157894738,326.88157894736844,2111.8815789473683,0.05540365744870652,0.35794603033006245
400,56.10526315789474,84.10526315789474,84.10526315789474,41.63157894736842,68.21052631578948,1178.2105263157896,1766.2105263157896,441.5526315789474,2444.51052631579,0.07483942908117752,0.41432381801962537
401,46.63157894736842,67.36842105263158,67.36842105263158,34.68421052631579,59.36842105263158,979.2631578947368,1414.7368421052631,353.6842105263158,2018.4315789473683,0.059946476360392506,0.342107047279215
402,50.21052631578947,72.89473684210526,72.89473684210526,36.0,60.0,1054.421052631579,1530.7894736842104,382.6973684210526,2175.213157894737,0.06486396074933094,0.36868019625334525
403,42.0,83.52631578947368,83.52631578947368,42.8421052631579,48.36842105263158,882.0,1754.0526315789473,438.5131578947368,1937.9131578947367,0.07432426404995539,0.32845985727029436
404,47.78947368421053,78.05263157894737,78.05263157894737,39.10526315789474,52.10526315789474,1003.578947368421,1639.1052631578948,409.7763157894737,2115.8605263157892,0.06945361284567352,0.3586204281891168
405,56.05263157894737,66.36842105263158,66.36842105263158,34.10526315789474,60.8421052631579,1177.1052631578948,1393.7368421052631,348.4342105263158,2349.5131578947367,0.05905664585191793,0.3982225691347011
406,52.10526315789474,72.84210526315789,72.84210526315789,37.63157894736842,62.526315789473685,1094.2105263157896,1529.6842105263156,382.4210526315789,2242.5789473684213,0.06481712756467439,0.3800981266726138
407,52.578947368421055,75.3157894736842,75.3157894736842,37.78947368421053,59.0,1104.157894736842,1581.6315789473683,395.4078947368421,2272.4763157894736,0.06701828724353255,0.38516547725245315
408,49.21052631578947,76.05263157894737,76.05263157894737,40.26315789473684,61.421052631578945,1033.421052631579,1597.1052631578948,399.2763157894737,2156.092105263158,0.06767395182872435,0.3654393398751115
409,46.21052631578947,74.52631578947368,74.52631578947368,38.26315789473684,60.0,970.421052631579,1565.0526315789473,391.2631578947368,2040.9789473684211,0.0663157894736842,0.34592863514719
410,53.94736842105263,72.21052631578948,72.21052631578948,37.473684210526315,57.36842105263158,1132.8947368421052,1516.4210526315792,379.1052631578948,2305.0263157894733,0.06425512934879572,0.39068242640499545
411,50.05263157894737,77.63157894736842,77.63157894736842,40.89473684210526,55.68421052631579,1051.1052631578948,1630.2631578947369,407.5657894736842,2194.444736842105,0.06907894736842106,0.3719397859054416
412,49.421052631578945,75.36842105263158,75.36842105263158,39.0,58.68421052631579,1037.842105263158,1582.7368421052631,395.6842105263158,2160.015789473684,0.06706512042818912,0.3661043710972346
413,60.94736842105263,74.89473684210526,74.89473684210526,38.26315789473684,65.73684210526316,1279.8947368421052,1572.7894736842104,393.1973684210526,2569.0184210526313,0.0666436217662801,0.4354268510258697
414,52.36842105263158,72.47368421052632,72.47368421052632,38.36842105263158,60.63157894736842,1099.7368421052631,1521.9473684210527,380.4868421052632,2250.0394736842104,0.0644892952720785,0.38136262265834076
415,46.78947368421053,85.26315789473684,85.26315789473684,43.1578947368421,54.68421052631579,982.578947368421,1790.5263157894735,447.6315789473684,2118.015789473684,0.07586975914362176,0.358985727029438
416,51.63157894736842,72.78947368421052,72.78947368421052,36.73684210526316,59.31578947368421,1084.2631578947369,1528.5789473684208,382.1447368421052,2225.3921052631576,0.06477029438001783,0.37718510258697585
417,54.89473684210526,87.10526315789474,87.10526315789474,42.89473684210526,62.73684210526316,1152.7894736842104,1829.2105263157896,457.3026315789474,2417.044736842105,0.07750892060660125,0.4096685994647636
418,54.526315789473685,74.0,74.0,37.21052631578947,67.6842105263158,1145.0526315789473,1554.0,388.5,2335.08947368421,0.06584745762711865,0.3957778768956288
419,48.526315789473685,75.21052631578948,75.21052631578948,37.63157894736842,57.31578947368421,1019.0526315789474,1579.4210526315792,394.8552631578948,2127.2447368421053,0.06692462087421945,0.360549955396967
420,59.1578947368421,73.57894736842105,73.57894736842105,38.0,62.94736842105263,1242.3157894736842,1545.157894736842,386.2894736842105,2498.2263157894736,0.06547279214986619,0.4234281891168599
421,49.36842105263158,76.05263157894737,76.05263157894737,38.73684210526316,52.21052631578947,1036.7368421052631,1597.1052631578948,399.2763157894737,2161.728947368421,0.06767395182872435,0.3663947368421052
422,51.421052631578945,84.10526315789474,84.10526315789474,40.73684210526316,56.421052631578945,1079.842105263158,1766.2105263157896,441.5526315789474,2277.2842105263157,0.07483942908117752,0.38598037466547724
423,51.8421052631579,74.57894736842105,74.57894736842105,36.36842105263158,61.0,1088.6842105263158,1566.157894736842,391.5394736842105,2242.3026315789475,0.06636262265834077,0.3800512934879572
424,54.63157894736842,69.63157894736842,69.63157894736842,33.21052631578947,63.68421052631579,1147.2631578947369,1462.2631578947369,365.5657894736842,2315.9131578947367,0.06196030330062444,0.39252765388046384
425,43.0,86.94736842105263,86.94736842105263,42.26315789473684,49.31578947368421,903.0,1825.8947368421052,456.4736842105263,1991.5736842105262,0.07736842105263157,0.3375548617305977
426,55.578947368421055,68.94736842105263,68.94736842105263,34.421052631578945,68.78947368421052,1167.157894736842,1447.8947368421052,361.9736842105263,2346.1421052631576,0.0613514719000892,0.3976512042818911
427,58.578947368421055,69.73684210526316,69.73684210526316,34.26315789473684,68.6842105263158,1230.157894736842,1464.4736842105265,366.1184210526316,2457.386842105263,0.062053969669937564,0.41650624442462086
428,55.1578947368421,65.73684210526316,65.73684210526316,32.31578947368421,63.10526315789474,1158.3157894736842,1380.4736842105265,345.1184210526316,2314.2552631578947,0.05849464763603926,0.3922466547725245
429,50.68421052631579,78.47368421052632,78.47368421052632,39.526315789473685,59.473684210526315,1064.3684210526314,1647.9473684210527,411.9868421052632,2221.4131578947367,0.06982827832292596,0.3765107047279215
430,53.8421052631579,78.6842105263158,78.6842105263158,40.94736842105263,58.73684210526316,1130.6842105263158,1652.3684210526317,413.0921052631579,2335.2552631578947,0.07001561106155219,0.3958059768064228
431,55.73684210526316,74.47368421052632,74.47368421052632,35.8421052631579,59.94736842105263,1170.4736842105262,1563.9473684210527,390.9868421052632,2380.7921052631577,0.06626895628902765,0.4035240856378233
432,44.68421052631579,87.10526315789474,87.10526315789474,42.73684210526316,54.10526315789474,938.3684210526316,1829.2105263157896,457.3026315789474,2052.528947368421,0.07750892060660125,0.3478862622658341
433,49.94736842105263,74.6842105263158,74.6842105263158,36.68421052631579,53.1578947368421,1048.8947368421052,1568.3684210526317,392.0921052631579,2175.2131578947365,0.06645628902765388,0.36868019625334514
434,56.73684210526316,69.26315789473684,69.26315789473684,34.89473684210526,66.05263157894737,1191.4736842105262,1454.5263157894735,363.6315789473684,2389.136842105263,0.06163247100802854,0.4049384478144514
435,50.21052631578947,83.26315789473684,83.26315789473684,42.78947368421053,57.473684210526315,1054.421052631579,1748.5263157894735,437.1315789473684,2229.6473684210528,0.07409009812667261,0.37790633363068693
436,53.421052631578945,77.36842105263158,77.36842105263158,39.473684210526315,64.78947368421052,1121.842105263158,1624.7368421052631,406.1842105263158,2313.315789473684,0.06884478144513827,0.3920874219446922
437,56.8421052631579,83.21052631578948,83.21052631578948,41.473684210526315,65.15789473684211,1193.6842105263158,1747.4210526315792,436.8552631578948,2466.1184210526317,0.07404326494201607,0.4179861730597681
438,54.578947368421055,82.3157894736842,82.3157894736842,40.26315789473684,68.42105263157895,1146.157894736842,1728.6315789473683,432.1578947368421,2380.6263157894737,0.07324710080285458,0.40349598572702944
439,59.10526315789474,75.78947368421052,75.78947368421052,37.10526315789474,66.26315789473684,1241.2105263157896,1591.5789473684208,397.8947368421052,2507.952631578947,0.06743978590544156,0.4250767172167707
440,55.21052631578947,55.68421052631579,55.68421052631579,26.63157894736842,54.31578947368421,1159.421052631579,1169.3684210526314,292.34210526315786,2263.357894736842,0.04954950936663693,0.3836199821587868
441,52.05263157894737,72.0,72.0,33.89473684210526,55.78947368421053,1093.1052631578948,1512.0,378.0,2236.278947368421,0.0640677966101695,0.37903033006244424
442,46.473684210526315,80.0,80.0,40.78947368421053,55.526315789473685,975.9473684210526,1680.0,420.0,2079.1105263157897,0.0711864406779661,0.35239161462979485
443,54.05263157894737,73.05263157894737,73.05263157894737,36.63157894736842,64.78947368421052,1135.1052631578948,1534.1052631578948,383.5263157894737,2313.205263157895,0.06500446030330062,0.39206868867082967
444,51.578947368421055,74.3157894736842,74.3157894736842,38.68421052631579,55.73684210526316,1083.157894736842,1560.6315789473683,390.1578947368421,2231.5263157894733,0.06612845673505797,0.3782247992863514
445,56.526315789473685,66.94736842105263,66.94736842105263,33.10526315789474,63.526315789473685,1187.0526315789473,1405.8947368421052,351.4736842105263,2369.4631578947365,0.05957181088314005,0.4016039250669045
446,52.421052631578945,69.05263157894737,69.05263157894737,33.26315789473684,65.21052631578948,1100.842105263158,1450.1052631578948,362.5263157894737,2233.9578947368423,0.06144513826940232,0.3786369313113292
447,48.94736842105263,68.10526315789474,68.10526315789474,36.26315789473684,50.8421052631579,1027.8947368421052,1430.2105263157896,357.5526315789474,2104.9736842105262,0.060602140945584304,0.3567752007136485
448,57.05263157894737,71.3157894736842,71.3157894736842,35.8421052631579,66.94736842105263,1198.1052631578948,1497.6315789473683,374.4078947368421,2411.186842105263,0.06345896520963425,0.4086757359500446
449,44.473684210526315,74.84210526315789,74.84210526315789,39.0,50.473684210526315,933.9473684210526,1571.6842105263156,392.9210526315789,1980.6315789473683,0.06659678858162354,0.33570026761819804
450,49.05263157894737,85.94736842105263,85.94736842105263,42.68421052631579,53.1578947368421,1030.1052631578948,1804.8947368421052,451.2236842105263,2202.4026315789474,0.076478590544157,0.3732885816235504
451,51.36842105263158,75.15789473684211,75.15789473684211,37.26315789473684,60.05263157894737,1078.7368421052631,1578.3157894736844,394.5789473684211,2228.4315789473685,0.0668777876895629,0.377700267618198
452,51.31578947368421,85.26315789473684,85.26315789473684,42.36842105263158,49.73684210526316,1077.6315789473686,1790.5263157894735,447.6315789473684,2279.605263157895,0.07586975914362176,0.3863737734165924
453,50.78947368421053,79.10526315789474,79.10526315789474,39.26315789473684,63.26315789473684,1066.578947368421,1661.2105263157896,415.3026315789474,2228.486842105263,0.07039027653880464,0.3777096342551293
454,54.05263157894737,77.63157894736842,77.63157894736842,38.89473684210526,55.8421052631579,1135.1052631578948,1630.2631578947369,407.5657894736842,2337.2447368421053,0.06907894736842106,0.39614317573595004
455,47.63157894736842,78.3157894736842,78.3157894736842,38.73684210526316,54.0,1000.2631578947368,1644.6315789473683,411.1578947368421,2111.6052631578946,0.06968777876895628,0.35789919714540586
456,54.578947368421055,64.84210526315789,64.84210526315789,33.94736842105263,59.21052631578947,1146.157894736842,1361.6842105263156,340.4210526315789,2288.8894736842103,0.05769848349687778,0.3879473684210526
457,50.73684210526316,86.94736842105263,86.94736842105263,45.94736842105263,56.36842105263158,1065.4736842105262,1825.8947368421052,456.4736842105263,2267.778947368421,0.07736842105263157,0.3843693131132917
458,59.578947368421055,70.10526315789474,70.10526315789474,36.26315789473684,64.26315789473684,1251.157894736842,1472.2105263157896,368.0526315789474,2495.021052631579,0.062381801962533456,0.4228849241748439
459,52.21052631578947,78.63157894736842,78.63157894736842,38.0,66.47368421052632,1096.421052631579,1651.2631578947369,412.8157894736842,2276.7315789473682,0.06996877787689564,0.3858867082961641
460,57.421052631578945,76.10526315789474,76.10526315789474,37.8421052631579,68.6842105263158,1205.842105263158,1598.2105263157896,399.5526315789474,2449.484210526316,0.06772078501338091,0.4151668153434434
461,47.421052631578945,82.78947368421052,82.78947368421052,42.89473684210526,52.21052631578947,995.8421052631578,1738.5789473684208,434.6447368421052,2127.5763157894735,0.07366859946476359,0.3606061552185548
462,60.05263157894737,69.21052631578948,69.21052631578948,33.0,69.36842105263158,1261.1052631578948,1453.4210526315792,363.3552631578948,2507.234210526316,0.061585637823372,0.42495495093666374
463,51.578947368421055,86.15789473684211,86.15789473684211,43.0,59.8421052631579,1083.157894736842,1809.3157894736844,452.3289473684211,2293.6973684210525,0.07666592328278324,0.3887622658340767
464,52.31578947368421,76.26315789473684,76.26315789473684,38.1578947368421,60.21052631578947,1098.6315789473686,1601.5263157894735,400.3815789473684,2268.055263157895,0.06786128456735058,0.3844161462979483
465,51.68421052631579,72.0,72.0,35.526315789473685,64.47368421052632,1085.3684210526314,1512.0,378.0,2223.1263157894737,0.0640677966101695,0.37680107047279215
466,57.421052631578945,71.73684210526316,71.73684210526316,36.421052631578945,63.05263157894737,1205.842105263158,1506.4736842105265,376.6184210526316,2426.55,0.06383363068688672,0.4112796610169492
467,51.89473684210526,80.10526315789474,80.10526315789474,41.0,59.94736842105263,1089.7894736842104,1682.2105263157896,420.5526315789474,2273.194736842105,0.07128010704727922,0.3852872435325602
468,51.0,78.6842105263158,78.6842105263158,39.94736842105263,48.578947368421055,1071.0,1652.3684210526317,413.0921052631579,2233.792105263158,0.07001561106155219,0.3786088314005353
469,54.1578947368421,71.6842105263158,71.6842105263158,35.78947368421053,69.05263157894737,1137.3157894736842,1505.3684210526317,376.3421052631579,2309.7789473684206,0.06378679750223015,0.39148795718108825
470,46.68421052631579,71.84210526315789,71.84210526315789,36.31578947368421,58.578947368421055,980.3684210526316,1508.6842105263156,377.1710526315789,2043.7973684210526,0.06392729705619982,0.3464063336306869
471,55.78947368421053,74.94736842105263,74.94736842105263,38.26315789473684,59.89473684210526,1171.578947368421,1573.8947368421052,393.4736842105263,2385.157894736842,0.06669045495093666,0.40426404995539694
472,50.473684210526315,74.21052631578948,74.21052631578948,37.94736842105263,55.526315789473685,1059.9473684210527,1558.4210526315792,389.6052631578948,2191.5157894736844,0.06603479036574487,0.3714433541480821
473,55.68421052631579,70.42105263157895,70.42105263157895,34.05263157894737,65.6842105263158,1169.3684210526314,1478.842105263158,369.7105263157895,2357.636842105263,0.0626628010704728,0.3995994647636039
474,61.68421052631579,60.421052631578945,60.421052631578945,31.0,69.63157894736842,1295.3684210526314,1268.842105263158,317.2105263157895,2519.336842105263,0.05376449598572703,0.4270062444246208
475,53.05263157894737,74.10526315789474,74.10526315789474,37.526315789473685,55.73684210526316,1114.1052631578948,1556.2105263157896,389.0526315789474,2283.0315789473684,0.06594112399643176,0.38695450490633365
476,57.89473684210526,64.78947368421052,64.78947368421052,30.68421052631579,65.89473684210526,1215.7894736842104,1360.5789473684208,340.1447368421052,2406.9868421052624,0.05765165031222122,0.4079638715432648
477,56.26315789473684,80.63157894736842,80.63157894736842,39.0,58.73684210526316,1181.5263157894738,1693.2631578947369,423.3157894736842,2431.9105263157894,0.07174843889384479,0.41218822479928635
478,56.578947368421055,77.52631578947368,77.52631578947368,39.21052631578947,65.89473684210526,1188.157894736842,1628.0526315789473,407.0131578947368,2426.8815789473683,0.06898528099910793,0.411335860838537
479,47.26315789473684,84.73684210526316,84.73684210526316,44.10526315789474,54.73684210526316,992.5263157894736,1779.4736842105265,444.8684210526316,2132.1631578947367,0.0754014272970562,0.3613835860838537
480,53.26315789473684,71.6842105263158,71.6842105263158,35.421052631578945,65.0,1118.5263157894738,1505.3684210526317,376.3421052631579,2277.8368421052633,0.06378679750223015,0.38607404103479037
481,45.89473684210526,78.57894736842105,78.57894736842105,40.10526315789474,48.05263157894737,963.7894736842104,1650.157894736842,412.5394736842105,2050.9815789473682,0.06992194469223907,0.34762399643175734
482,54.89473684210526,79.73684210526316,79.73684210526316,39.89473684210526,57.94736842105263,1152.7894736842104,1674.4736842105265,418.6184210526316,2378.3605263157892,0.07095227475468333,0.40311195361284563
483,53.1578947368421,73.36842105263158,73.36842105263158,37.31578947368421,66.10526315789474,1116.3157894736842,1540.7368421052631,385.1842105263158,2282.9210526315787,0.06528545941123996,0.38693577163247095
484,55.21052631578947,77.0,77.0,38.0,68.63157894736842,1159.421052631579,1617.0,404.25,2375.265789473684,0.06851694915254238,0.4025874219446922
485,50.78947368421053,80.3157894736842,80.3157894736842,40.68421052631579,53.89473684210526,1066.578947368421,1686.6315789473683,421.6578947368421,2234.8421052631575,0.07146743978590543,0.3787867975022301
486,54.421052631578945,78.3157894736842,78.3157894736842,40.578947368421055,61.31578947368421,1142.842105263158,1644.6315789473683,411.1578947368421,2353.9894736842107,0.06968777876895628,0.39898126672613743
487,48.10526315789474,84.47368421052632,84.47368421052632,43.26315789473684,60.63157894736842,1010.2105263157896,1773.9473684210527,443.4868421052632,2160.8447368421057,0.07516726137377341,0.36624487065120437
488,50.31578947368421,72.05263157894737,72.05263157894737,37.1578947368421,53.10526315789474,1056.6315789473686,1513.1052631578948,378.2763157894737,2174.55,0.06411462979482604,0.36856779661016953
489,59.0,83.89473684210526,83.89473684210526,40.63157894736842,72.63157894736842,1239.0,1761.7894736842104,440.4473684210526,2546.747368421052,0.0746520963425513,0.43165209634255125
490,59.89473684210526,75.94736842105263,75.94736842105263,36.73684210526316,73.26315789473684,1257.7894736842104,1594.8947368421052,398.7236842105263,2536.965789473684,0.06758028545941124,0.4299942016057091
491,56.36842105263158,80.26315789473684,80.26315789473684,39.21052631578947,61.89473684210526,1183.7368421052631,1685.5263157894735,421.3815789473684,2433.7342105263156,0.07142060660124888,0.41249732381801957
492,48.36842105263158,74.73684210526316,74.73684210526316,37.68421052631579,50.1578947368421,1015.7368421052632,1569.4736842105265,392.3684210526316,2119.121052631579,0.06650312221231044,0.35917305976806424
493,52.421052631578945,79.10526315789474,79.10526315789474,38.78947368421053,57.89473684210526,1100.842105263158,1661.2105263157896,415.3026315789474,2286.734210526316,0.07039027653880464,0.38758206958073155
494,52.21052631578947,74.21052631578948,74.21052631578948,37.421052631578945,64.36842105263158,1096.421052631579,1558.4210526315792,389.6052631578948,2253.5210526315786,0.06603479036574487,0.38195272078501336
495,53.473684210526315,71.0,71.0,34.68421052631579,62.1578947368421,1122.9473684210527,1491.0,372.75,2281.7605263157893,0.06317796610169492,0.38673907225691345
496,52.89473684210526,76.42105263157895,76.42105263157895,39.94736842105263,64.26315789473684,1110.7894736842104,1604.842105263158,401.2105263157895,2289.552631578947,0.06800178412132026,0.3880597680642283
497,48.36842105263158,83.21052631578948,83.21052631578948,41.1578947368421,56.05263157894737,1015.7368421052632,1747.4210526315792,436.8552631578948,2163.6078947368424,0.07404326494201607,0.3667132024977699
498,54.63157894736842,77.89473684210526,77.89473684210526,38.68421052631579,62.63157894736842,1147.2631578947369,1635.7894736842104,408.9473684210526,2359.294736842105,0.06931311329170384,0.39988046387154325
499,50.421052631578945,70.6842105263158,70.6842105263158,37.1578947368421,53.94736842105263,1058.842105263158,1484.3684210526317,371.0921052631579,2171.1236842105263,0.06289696699375558,0.36798706512042817
500,51.1578947368421,77.3157894736842,77.3157894736842,38.31578947368421,61.26315789473684,1074.3157894736842,1623.6315789473683,405.9078947368421,2232.2447368421053,0.0687979482604817,0.3783465655664585
501,49.68421052631579,69.05263157894737,69.05263157894737,33.68421052631579,58.89473684210526,1043.3684210526314,1450.1052631578948,362.5263157894737,2136.252631578947,0.06144513826940232,0.36207671721677065
502,46.0,81.26315789473684,81.26315789473684,40.78947368421053,52.10526315789474,966.0,1706.5263157894735,426.6315789473684,2068.8315789473686,0.07231043710972346,0.35064942016057093
503,52.68421052631579,77.21052631578948,77.21052631578948,37.63157894736842,62.05263157894737,1106.3684210526314,1621.4210526315792,405.3552631578948,2286.1815789473685,0.0687042818911686,0.38748840321141836
504,51.578947368421055,75.57894736842105,75.57894736842105,38.421052631578945,63.78947368421053,1083.157894736842,1587.157894736842,396.7894736842105,2238.157894736842,0.06725245316681534,0.3793487957181088
505,46.21052631578947,74.6842105263158,74.6842105263158,37.63157894736842,60.10526315789474,970.421052631579,1568.3684210526317,392.0921052631579,2041.8078947368422,0.06645628902765388,0.3460691347011597
506,56.78947368421053,71.89473684210526,71.89473684210526,36.0,67.6842105263158,1192.578947368421,1509.7894736842104,377.4473684210526,2404.831578947368,0.06397413024085637,0.40759857270294375
507,60.10526315789474,85.36842105263158,85.36842105263158,42.1578947368421,66.89473684210526,1262.2105263157896,1792.7368421052631,448.1842105263158,2593.9421052631583,0.07596342551293488,0.43965120428189125
508,47.31578947368421,81.94736842105263,81.94736842105263,41.78947368421053,53.68421052631579,993.6315789473684,1720.8947368421052,430.2236842105263,2119.3973684210528,0.07291926851025869,0.35921989295272083
509,55.63157894736842,83.47368421052632,83.47368421052632,40.31578947368421,63.421052631578945,1168.2631578947369,1752.9473684210527,438.2368421052632,2424.2842105263157,0.07427743086529884,0.4108956289027654
510,51.578947368421055,74.3157894736842,74.3157894736842,36.1578947368421,57.68421052631579,1083.157894736842,1560.6315789473683,390.1578947368421,2231.5263157894733,0.06612845673505797,0.3782247992863514
511,49.73684210526316,75.42105263157895,75.42105263157895,37.31578947368421,58.05263157894737,1044.4736842105262,1583.842105263158,395.9605263157895,2171.565789473684,0.06711195361284568,0.36806199821587865
512,56.63157894736842,62.10526315789474,62.10526315789474,30.36842105263158,67.73684210526316,1189.2631578947369,1304.2105263157896,326.0526315789474,2347.8,0.05526315789473685,0.39793220338983054
513,49.05263157894737,82.26315789473684,82.26315789473684,43.78947368421053,53.473684210526315,1030.1052631578948,1727.5263157894735,431.8815789473684,2183.0605263157895,0.07320026761819803,0.37001025869759147
514,51.473684210526315,79.10526315789474,79.10526315789474,40.0,63.473684210526315,1080.9473684210527,1661.2105263157896,415.3026315789474,2252.9131578947367,0.07039027653880464,0.38184968777876893
515,54.63157894736842,70.26315789473684,70.26315789473684,34.473684210526315,66.6842105263158,1147.2631578947369,1475.5263157894735,368.8815789473684,2319.228947368421,0.06252230151650312,0.3930896520963425
516,54.26315789473684,70.0,70.0,34.89473684210526,64.26315789473684,1139.5263157894738,1470.0,367.5,2304.694736842105,0.06228813559322034,0.3906262265834077
517,60.10526315789474,68.36842105263158,68.36842105263158,34.73684210526316,69.52631578947368,1262.2105263157896,1435.7368421052631,358.9342105263158,2504.6921052631583,0.06083630686886708,0.42452408563782346
518,50.526315789473685,77.94736842105263,77.94736842105263,40.8421052631579,56.526315789473685,1061.0526315789473,1636.8947368421052,409.2236842105263,2213.0131578947367,0.06935994647636039,0.37508697591436213
519,49.31578947368421,83.57894736842105,83.57894736842105,41.78947368421053,55.526315789473685,1035.6315789473686,1755.157894736842,438.7894736842105,2199.363157894737,0.07437109723461195,0.3727734165923283
520,54.8421052631579,82.26315789473684,82.26315789473684,40.94736842105263,61.36842105263158,1151.6842105263158,1727.5263157894735,431.8815789473684,2389.7447368421053,0.07320026761819803,0.4050414808206958
521,53.78947368421053,72.42105263157895,72.42105263157895,36.1578947368421,67.26315789473684,1129.578947368421,1520.842105263158,380.2105263157895,2300.4947368421053,0.06444246208742195,0.389914362176628
522,54.89473684210526,74.21052631578948,74.21052631578948,35.36842105263158,64.05263157894737,1152.7894736842104,1558.4210526315792,389.6052631578948,2349.347368421052,0.06603479036574487,0.39819446922390717
523,51.421052631578945,62.63157894736842,62.63157894736842,32.578947368421055,54.1578947368421,1079.842105263158,1315.2631578947369,328.8157894736842,2164.547368421053,0.05573148974130241,0.36687243532560215
524,56.36842105263158,70.89473684210526,70.89473684210526,35.73684210526316,65.15789473684211,1183.7368421052631,1488.7894736842104,372.1973684210526,2384.5499999999997,0.06308429973238179,0.4041610169491525
525,49.94736842105263,71.63157894736842,71.63157894736842,34.21052631578947,52.578947368421055,1048.8947368421052,1504.2631578947369,376.0657894736842,2159.186842105263,0.0637399643175736,0.36596387154326493
526,48.63157894736842,78.42105263157895,78.42105263157895,41.1578947368421,55.578947368421055,1021.2631578947368,1646.842105263158,411.7105263157895,2147.857894736842,0.06978144513826941,0.36404371097234606
527,47.10526315789474,77.84210526315789,77.84210526315789,38.73684210526316,58.26315789473684,989.2105263157896,1634.6842105263156,408.6710526315789,2090.3289473684213,0.06926628010704727,0.35429304192685107
528,60.31578947368421,70.73684210526316,70.73684210526316,33.68421052631579,71.47368421052632,1266.6315789473686,1485.4736842105265,371.3684210526316,2524.642105263158,0.06294380017841214,0.4279054415700268
529,46.421052631578945,78.6842105263158,78.6842105263158,40.1578947368421,51.21052631578947,974.8421052631578,1652.3684210526317,413.0921052631579,2070.323684210526,0.07001561106155219,0.3509023193577163
530,54.8421052631579,75.42105263157895,75.42105263157895,35.526315789473685,70.84210526315789,1151.6842105263158,1583.842105263158,395.9605263157895,2353.823684210526,0.06711195361284568,0.39895316681534343
531,57.05263157894737,79.78947368421052,79.78947368421052,41.0,72.57894736842105,1198.1052631578948,1675.5789473684208,418.8947368421052,2455.6736842105265,0.07099910793933986,0.41621587867975024
532,51.421052631578945,82.78947368421052,82.78947368421052,41.0,57.26315789473684,1079.842105263158,1738.5789473684208,434.6447368421052,2270.3763157894737,0.07366859946476359,0.38480954504906334
533,51.63157894736842,73.78947368421052,73.78947368421052,38.10526315789474,58.421052631578945,1084.2631578947369,1549.5789473684208,387.3947368421052,2230.6421052631576,0.0656601248884924,0.3780749330954504
534,55.526315789473685,76.3157894736842,76.3157894736842,34.63157894736842,69.15789473684211,1166.0526315789473,1602.6315789473683,400.6578947368421,2382.9473684210525,0.06790811775200713,0.4038893844781445
535,53.10526315789474,79.73684210526316,79.73684210526316,39.94736842105263,60.1578947368421,1115.2105263157896,1674.4736842105265,418.6184210526316,2314.476315789474,0.07095227475468333,0.3922841213202498
536,48.10526315789474,72.26315789473684,72.26315789473684,37.36842105263158,56.31578947368421,1010.2105263157896,1517.5263157894735,379.3815789473684,2096.7394736842107,0.06430196253345227,0.35537957181088314
537,45.31578947368421,79.0,79.0,40.36842105263158,50.78947368421053,951.6315789473684,1659.0,414.75,2032.5236842105262,0.07029661016949153,0.3444955396966994
538,58.0,75.89473684210526,75.89473684210526,38.10526315789474,61.31578947368421,1218.0,1593.7894736842104,398.4473684210526,2469.0473684210524,0.06753345227475469,0.4184826048171275
539,61.05263157894737,73.36842105263158,73.36842105263158,36.63157894736842,63.8421052631579,1282.1052631578948,1540.7368421052631,385.1842105263158,2564.763157894737,0.06528545941123996,0.43470561998215884
540,58.73684210526316,71.94736842105263,71.94736842105263,35.578947368421055,63.8421052631579,1233.4736842105262,1510.8947368421052,377.7236842105263,2474.628947368421,0.06402096342551293,0.41942863514719
541,52.78947368421053,68.21052631578948,68.21052631578948,33.578947368421055,66.36842105263158,1108.578947368421,1432.4210526315792,358.1052631578948,2242.6894736842105,0.060695807314897425,0.38011685994647637
542,59.63157894736842,66.89473684210526,66.89473684210526,32.36842105263158,70.10526315789474,1252.2631578947369,1404.7894736842104,351.1973684210526,2480.044736842105,0.05952497769848349,0.4203465655664585
543,59.8421052631579,69.10526315789474,69.10526315789474,34.36842105263158,70.0,1256.6842105263158,1451.2105263157896,362.8026315789474,2499.1657894736845,0.06149197145405888,0.4235874219446923
544,57.10526315789474,70.52631578947368,70.52631578947368,35.89473684210526,67.52631578947368,1199.2105263157896,1481.0526315789473,370.2631578947368,2408.921052631579,0.0627564674397859,0.4082917038358609
545,53.26315789473684,92.05263157894737,92.05263157894737,45.89473684210526,66.10526315789474,1118.5263157894738,1933.1052631578948,483.2763157894737,2384.771052631579,0.08191123996431758,0.4041984834968778
546,53.8421052631579,61.78947368421053,61.78947368421053,31.105263157894736,62.05263157894737,1130.6842105263158,1297.578947368421,324.39473684210526,2246.557894736842,0.0549821587867975,0.38077252453166816
547,62.473684210526315,66.94736842105263,66.94736842105263,33.473684210526315,73.05263157894737,1311.9473684210527,1405.8947368421052,351.4736842105263,2581.7842105263157,0.05957181088314005,0.43759054415700266
548,52.73684210526316,69.47368421052632,69.47368421052632,34.578947368421055,60.0,1107.4736842105262,1458.9473684210527,364.7368421052632,2247.442105263158,0.06181980374665478,0.3809223907225691
549,49.36842105263158,70.10526315789474,70.10526315789474,34.10526315789474,62.73684210526316,1036.7368421052631,1472.2105263157896,368.0526315789474,2130.5052631578947,0.062381801962533456,0.36110258697591435
550,51.89473684210526,75.3157894736842,75.3157894736842,37.31578947368421,61.473684210526315,1089.7894736842104,1581.6315789473683,395.4078947368421,2248.0499999999997,0.06701828724353255,0.38102542372881354
551,54.36842105263158,79.57894736842105,79.57894736842105,39.526315789473685,66.89473684210526,1141.7368421052631,1671.157894736842,417.7894736842105,2358.7421052631576,0.07081177520071365,0.3997867975022301
552,50.36842105263158,87.6842105263158,87.6842105263158,44.21052631578947,63.68421052631579,1057.7368421052631,1841.3684210526317,460.3421052631579,2258.4947368421053,0.07802408563782337,0.3827957181088314
553,56.1578947368421,74.26315789473684,74.26315789473684,37.8421052631579,67.57894736842105,1179.3157894736842,1559.5263157894735,389.8815789473684,2394.7184210526316,0.06608162355040142,0.40588447814451384
554,53.578947368421055,69.6842105263158,69.6842105263158,35.26315789473684,62.94736842105263,1125.157894736842,1463.3684210526317,365.8421052631579,2278.6105263157897,0.062007136485281,0.38620517395182874
555,54.526315789473685,75.89473684210526,75.89473684210526,37.10526315789474,63.05263157894737,1145.0526315789473,1593.7894736842104,398.4473684210526,2345.036842105263,0.06753345227475469,0.3974638715432649
556,49.31578947368421,76.21052631578948,76.21052631578948,40.578947368421055,49.78947368421053,1035.6315789473686,1600.4210526315792,400.1052631578948,2160.678947368421,0.06781445138269403,0.36621677074041037
557,51.05263157894737,69.47368421052632,69.47368421052632,33.94736842105263,57.05263157894737,1072.1052631578948,1458.9473684210527,364.7368421052632,2187.315789473684,0.06181980374665478,0.3707314897413024
558,57.89473684210526,80.21052631578948,80.21052631578948,39.8421052631579,72.73684210526316,1215.7894736842104,1684.4210526315792,421.1052631578948,2487.9473684210525,0.07137377341659233,0.421685994647636
559,52.31578947368421,77.89473684210526,77.89473684210526,38.10526315789474,62.31578947368421,1098.6315789473686,1635.7894736842104,408.9473684210526,2276.621052631579,0.06931311329170384,0.3858679750223015
560,49.0,66.10526315789474,66.10526315789474,33.421052631578945,59.526315789473685,1029.0,1388.2105263157896,347.0526315789474,2096.3526315789472,0.05882247992863515,0.35531400535236396
561,46.36842105263158,75.89473684210526,75.89473684210526,37.63157894736842,54.94736842105263,973.7368421052632,1593.7894736842104,398.4473684210526,2053.8,0.06753345227475469,0.3481016949152543
562,59.473684210526315,76.0,76.0,37.73684210526316,66.15789473684211,1248.9473684210527,1596.0,399.0,2522.2105263157896,0.0676271186440678,0.4274933095450491
563,54.0,86.57894736842105,86.57894736842105,42.73684210526316,64.52631578947368,1134.0,1818.157894736842,454.5394736842105,2382.3394736842106,0.07704058876003568,0.4037863514719001
564,50.63157894736842,81.26315789473684,81.26315789473684,40.8421052631579,59.578947368421055,1063.2631578947369,1706.5263157894735,426.6315789473684,2234.178947368421,0.07231043710972346,0.37867439785905443
565,56.78947368421053,78.78947368421052,78.78947368421052,40.8421052631579,62.78947368421053,1192.578947368421,1654.5789473684208,413.6447368421052,2441.0289473684206,0.07010927743086529,0.41373371989295266
566,53.0,71.42105263157895,71.42105263157895,34.31578947368421,59.36842105263158,1113.0,1499.842105263158,374.9605263157895,2267.0605263157895,0.06355263157894737,0.3842475468331847
567,48.21052631578947,83.63157894736842,83.63157894736842,42.63157894736842,53.473684210526315,1012.421052631579,1756.2631578947369,439.0657894736842,2160.1815789473685,0.07441793041926852,0.36613247100802854
568,53.78947368421053,88.6842105263158,88.6842105263158,44.10526315789474,63.421052631578945,1129.578947368421,1862.3684210526317,465.5921052631579,2385.8763157894737,0.07891391614629795,0.404385816235504
569,49.78947368421053,78.21052631578948,78.21052631578948,39.473684210526315,56.89473684210526,1045.578947368421,1642.4210526315792,410.6052631578948,2188.0894736842106,0.06959411239964318,0.3708626226583408
570,55.36842105263158,70.84210526315789,70.84210526315789,35.10526315789474,62.526315789473685,1162.7368421052631,1487.6842105263156,371.9210526315789,2348.573684210526,0.06303746654772524,0.39806333630686885
571,52.26315789473684,81.94736842105263,81.94736842105263,42.78947368421053,64.42105263157895,1097.5263157894738,1720.8947368421052,430.2236842105263,2296.0184210526318,0.07291926851025869,0.38915566458519185
572,46.8421052631579,72.05263157894737,72.05263157894737,36.73684210526316,57.8421052631579,983.6842105263158,1513.1052631578948,378.2763157894737,2050.5394736842104,0.06411462979482604,0.34754906333630686
573,46.89473684210526,78.42105263157895,78.42105263157895,41.10526315789474,57.526315789473685,984.7894736842104,1646.842105263158,411.7105263157895,2085.8526315789472,0.06978144513826941,0.3535343443354148
574,51.89473684210526,64.89473684210526,64.89473684210526,31.105263157894736,57.26315789473684,1089.7894736842104,1362.7894736842104,340.6973684210526,2193.33947368421,0.05774531668153434,0.37175245316681527
575,56.05263157894737,72.94736842105263,72.94736842105263,37.526315789473685,62.0,1177.1052631578948,1531.8947368421052,382.9736842105263,2384.0526315789475,0.0649107939339875,0.40407671721677074
576,46.8421052631579,82.0,82.0,43.21052631578947,56.578947368421055,983.6842105263158,1722.0,430.5,2102.7631578947367,0.07296610169491526,0.35640053523639603
577,58.8421052631579,78.63157894736842,78.63157894736842,38.578947368421055,70.89473684210526,1235.6842105263158,1651.2631578947369,412.8157894736842,2513.478947368421,0.06996877787689564,0.4260133809099019
578,55.94736842105263,72.21052631578948,72.21052631578948,35.89473684210526,62.0,1174.8947368421052,1516.4210526315792,379.1052631578948,2376.426315789474,0.06425512934879572,0.4027841213202498
579,49.578947368421055,70.47368421052632,70.47368421052632,34.26315789473684,53.8421052631579,1041.157894736842,1479.9473684210527,369.9868421052632,2139.955263157895,0.06270963425512935,0.36270428189116866
580,45.526315789473685,81.52631578947368,81.52631578947368,40.473684210526315,54.421052631578945,956.0526315789474,1712.0526315789473,428.0131578947368,2053.3026315789475,0.07254460303300624,0.34801739518287245
581,55.421052631578945,84.10526315789474,84.10526315789474,42.1578947368421,63.421052631578945,1163.842105263158,1766.2105263157896,441.5526315789474,2420.084210526316,0.07483942908117752,0.41018376449598576
582,50.0,65.42105263157895,65.42105263157895,34.31578947368421,58.578947368421055,1050.0,1373.842105263158,343.4605263157895,2128.4605263157896,0.05821364852809991,0.36075602140945584
583,53.78947368421053,62.21052631578947,62.21052631578947,30.894736842105264,60.21052631578947,1129.578947368421,1306.421052631579,326.60526315789474,2246.8894736842103,0.055356824264049954,0.380828724353256
584,55.73684210526316,66.26315789473684,66.26315789473684,34.421052631578945,62.05263157894737,1170.4736842105262,1391.5263157894735,347.8815789473684,2337.686842105263,0.05896297948260481,0.3962181088314005
585,56.473684210526315,73.89473684210526,73.89473684210526,34.73684210526316,65.84210526315789,1185.9473684210527,1551.7894736842104,387.9473684210526,2404.057894736842,0.06575379125780552,0.40746743978590544
586,49.526315789473685,71.15789473684211,71.15789473684211,37.21052631578947,58.1578947368421,1040.0526315789473,1494.3157894736844,373.5789473684211,2141.6684210526314,0.0633184656556646,0.3629946476360392
587,46.68421052631579,74.89473684210526,74.89473684210526,36.526315789473685,51.89473684210526,980.3684210526316,1572.7894736842104,393.1973684210526,2059.823684210526,0.0666436217662801,0.34912265834076717
588,54.78947368421053,66.05263157894737,66.05263157894737,33.0,57.473684210526315,1150.578947368421,1387.1052631578948,346.7763157894737,2302.7605263157893,0.058775646743978595,0.39029839429081176
589,50.10526315789474,72.78947368421052,72.78947368421052,36.68421052631579,59.526315789473685,1052.2105263157896,1528.5789473684208,382.1447368421052,2170.9026315789474,0.06477029438001783,0.36794959857270293
590,59.68421052631579,79.94736842105263,79.94736842105263,39.421052631578945,65.52631578947368,1253.3684210526314,1678.8947368421052,419.7236842105263,2550.45,0.07113960749330954,0.43227966101694915
591,48.21052631578947,82.3157894736842,82.3157894736842,41.26315789473684,60.526315789473685,1012.421052631579,1728.6315789473683,432.1578947368421,2153.273684210526,0.07324710080285458,0.3649616413916146
592,56.73684210526316,77.47368421052632,77.47368421052632,38.05263157894737,62.89473684210526,1191.4736842105262,1626.9473684210527,406.7368421052632,2432.242105263158,0.06893844781445138,0.41224442462087424
593,58.63157894736842,66.15789473684211,66.15789473684211,32.8421052631579,68.26315789473684,1231.2631578947369,1389.3157894736844,347.3289473684211,2440.476315789474,0.05886931311329171,0.41364005352363964
594,47.26315789473684,74.47368421052632,74.47368421052632,37.526315789473685,57.473684210526315,992.5263157894736,1563.9473684210527,390.9868421052632,2078.2815789473684,0.06626895628902765,0.3522511150758252
595,58.78947368421053,74.36842105263158,74.36842105263158,37.89473684210526,72.78947368421052,1234.578947368421,1561.7368421052631,390.4342105263158,2489.2184210526316,0.06617528991971454,0.4219014272970562
596,65.10526315789474,71.84210526315789,71.84210526315789,36.0,72.21052631578948,1367.2105263157896,1508.6842105263156,377.1710526315789,2701.428947368421,0.06392729705619982,0.4578693131132917
597,57.1578947368421,77.78947368421052,77.78947368421052,39.68421052631579,68.3157894736842,1200.3157894736842,1633.5789473684208,408.3947368421052,2448.9315789473685,0.06921944692239071,0.4150731489741303
598,51.68421052631579,76.47368421052632,76.47368421052632,39.473684210526315,55.10526315789474,1085.3684210526314,1605.9473684210527,401.4868421052632,2246.6131578947366,0.0680486173059768,0.3807818911685994
599,42.89473684210526,79.57894736842105,79.57894736842105,40.89473684210526,49.1578947368421,900.7894736842104,1671.157894736842,417.7894736842105,1949.1315789473683,0.07081177520071365,0.3303612845673506
600,53.68421052631579,70.84210526315789,70.84210526315789,35.63157894736842,55.26315789473684,1127.3684210526314,1487.6842105263156,371.9210526315789,2288.447368421052,0.06303746654772524,0.38787243532560206
601,52.31578947368421,75.78947368421052,75.78947368421052,38.31578947368421,58.21052631578947,1098.6315789473686,1591.5789473684208,397.8947368421052,2265.5684210526315,0.06743978590544156,0.38399464763603924
602,55.10526315789474,76.10526315789474,76.10526315789474,39.26315789473684,61.05263157894737,1157.2105263157896,1598.2105263157896,399.5526315789474,2366.8105263157895,0.06772078501338091,0.40115432649420163
603,54.05263157894737,80.63157894736842,80.63157894736842,40.05263157894737,64.73684210526316,1135.1052631578948,1693.2631578947369,423.3157894736842,2352.9947368421053,0.07174843889384479,0.39881266726137377
604,58.63157894736842,70.78947368421052,70.78947368421052,34.94736842105263,70.15789473684211,1231.2631578947369,1486.5789473684208,371.6447368421052,2464.792105263158,0.06299063336306868,0.41776137377341666
605,55.526315789473685,75.78947368421052,75.78947368421052,38.10526315789474,68.6842105263158,1166.0526315789473,1591.5789473684208,397.8947368421052,2380.184210526316,0.06743978590544156,0.40342105263157896
606,51.8421052631579,74.3157894736842,74.3157894736842,36.31578947368421,62.8421052631579,1088.6842105263158,1560.6315789473683,390.1578947368421,2240.921052631579,0.06612845673505797,0.37981712756467445
607,50.421052631578945,77.15789473684211,77.15789473684211,37.78947368421053,59.94736842105263,1058.842105263158,1620.3157894736844,405.0789473684211,2205.1105263157897,0.06865744870651205,0.3737475468331847
608,53.8421052631579,73.84210526315789,73.84210526315789,37.1578947368421,63.1578947368421,1130.6842105263158,1550.6842105263156,387.6710526315789,2309.834210526316,0.06570695807314897,0.39149732381801966
609,55.578947368421055,63.8421052631579,63.8421052631579,32.36842105263158,55.21052631578947,1167.157894736842,1340.6842105263158,335.17105263157896,2319.33947368421,0.056808652988403215,0.3931083853702051
610,47.73684210526316,72.0,72.0,36.578947368421055,55.31578947368421,1002.4736842105264,1512.0,378.0,2082.2052631578945,0.0640677966101695,0.3529161462979482
611,56.526315789473685,78.63157894736842,78.63157894736842,39.89473684210526,65.63157894736842,1187.0526315789473,1651.2631578947369,412.8157894736842,2430.8052631578944,0.06996877787689564,0.41200089206066004
612,54.94736842105263,84.36842105263158,84.36842105263158,41.36842105263158,59.89473684210526,1153.8947368421052,1771.7368421052631,442.9342105263158,2404.5552631578944,0.0750735950044603,0.40755173951828716
613,51.63157894736842,72.42105263157895,72.42105263157895,38.36842105263158,63.21052631578947,1084.2631578947369,1520.842105263158,380.2105263157895,2223.4578947368423,0.06444246208742195,0.37685727029438004
614,56.26315789473684,78.05263157894737,78.05263157894737,37.578947368421055,65.63157894736842,1181.5263157894738,1639.1052631578948,409.7763157894737,2418.371052631579,0.06945361284567352,0.4098933987511151
615,43.31578947368421,77.6842105263158,77.6842105263158,38.21052631578947,53.526315789473685,909.6315789473684,1631.3684210526317,407.8421052631579,1954.2157894736843,0.06912578055307761,0.3312230151650312
616,51.578947368421055,72.57894736842105,72.57894736842105,37.421052631578945,54.94736842105263,1083.157894736842,1524.157894736842,381.0394736842105,2222.407894736842,0.06458296164139161,0.3766793041926851
617,48.1578947368421,77.57894736842105,77.57894736842105,38.526315789473685,52.26315789473684,1011.3157894736842,1629.157894736842,407.2894736842105,2126.5263157894738,0.0690321141837645,0.36042818911686
618,49.68421052631579,70.73684210526316,70.73684210526316,35.63157894736842,57.0,1043.3684210526314,1485.4736842105265,371.3684210526316,2145.094736842105,0.06294380017841214,0.3635753791257805
619,52.21052631578947,81.42105263157895,81.42105263157895,42.05263157894737,60.421052631578945,1096.421052631579,1709.842105263158,427.4605263157895,2291.3763157894737,0.07245093666369314,0.38836886708296164
620,45.94736842105263,78.47368421052632,78.47368421052632,39.89473684210526,50.63157894736842,964.8947368421052,1647.9473684210527,411.9868421052632,2052.307894736842,0.06982827832292596,0.34784879571810884
621,48.473684210526315,83.36842105263158,83.36842105263158,42.10526315789474,58.421052631578945,1017.9473684210526,1750.7368421052631,437.6842105263158,2168.194736842105,0.07418376449598572,0.3674906333630687
622,51.78947368421053,65.47368421052632,65.47368421052632,33.68421052631579,55.73684210526316,1087.578947368421,1374.9473684210527,343.7368421052632,2192.621052631579,0.05826048171275647,0.3716306868867083
623,55.10526315789474,80.05263157894737,80.05263157894737,40.36842105263158,61.63157894736842,1157.2105263157896,1681.1052631578948,420.2763157894737,2387.5342105263157,0.07123327386262267,0.40466681534344334
624,45.68421052631579,83.42105263157895,83.42105263157895,42.1578947368421,54.36842105263158,959.3684210526316,1751.842105263158,437.9605263157895,2068.886842105263,0.07423059768064229,0.3506587867975022
625,53.63157894736842,73.05263157894737,73.05263157894737,38.73684210526316,55.526315789473685,1126.2631578947369,1534.1052631578948,383.5263157894737,2298.173684210526,0.06500446030330062,0.3895209634255129
626,54.421052631578945,73.57894736842105,73.57894736842105,36.89473684210526,62.31578947368421,1142.842105263158,1545.157894736842,386.2894736842105,2329.121052631579,0.06547279214986619,0.3947662801070473
627,50.0,65.89473684210526,65.89473684210526,33.421052631578945,58.73684210526316,1050.0,1383.7894736842104,345.9473684210526,2130.9473684210525,0.05863514719000892,0.36117752007136483
628,46.89473684210526,76.6842105263158,76.6842105263158,38.26315789473684,54.05263157894737,984.7894736842104,1610.3684210526317,402.5921052631579,2076.7342105263156,0.06823595004460303,0.3519888492417484
629,54.78947368421053,80.05263157894737,80.05263157894737,39.31578947368421,66.21052631578948,1150.578947368421,1681.1052631578948,420.2763157894737,2376.2605263157893,0.07123327386262267,0.4027560214094558
630,59.8421052631579,73.26315789473684,73.26315789473684,36.78947368421053,70.0,1256.6842105263158,1538.5263157894735,384.6315789473684,2520.9947368421053,0.06519179304192685,0.4272872435325602
631,61.0,71.3157894736842,71.3157894736842,34.31578947368421,70.36842105263158,1281.0,1497.6315789473683,374.4078947368421,2552.107894736842,0.06345896520963425,0.4325606601248885
632,43.578947368421055,78.36842105263158,78.36842105263158,39.73684210526316,52.78947368421053,915.1578947368422,1645.7368421052631,411.4342105263158,1967.2026315789476,0.06973461195361284,0.3334241748438894
633,51.89473684210526,83.47368421052632,83.47368421052632,42.31578947368421,66.94736842105263,1089.7894736842104,1752.9473684210527,438.2368421052632,2290.878947368421,0.07427743086529884,0.3882845673505798
634,48.36842105263158,74.47368421052632,74.47368421052632,36.1578947368421,54.21052631578947,1015.7368421052632,1563.9473684210527,390.9868421052632,2117.7394736842107,0.06626895628902765,0.35893889384478145
635,51.526315789473685,80.63157894736842,80.63157894736842,39.78947368421053,58.421052631578945,1082.0526315789473,1693.2631578947369,423.3157894736842,2262.8052631578944,0.07174843889384479,0.3835263157894736
636,49.63157894736842,77.47368421052632,77.47368421052632,39.26315789473684,60.26315789473684,1042.2631578947369,1626.9473684210527,406.7368421052632,2178.584210526316,0.06893844781445138,0.36925156110615526
637,54.63157894736842,78.94736842105263,78.94736842105263,38.78947368421053,63.31578947368421,1147.2631578947369,1657.8947368421052,414.4736842105263,2364.821052631579,0.07024977698483496,0.40081712756467436
638,55.8421052631579,74.84210526315789,74.84210526315789,38.421052631578945,62.1578947368421,1172.6842105263158,1571.6842105263156,392.9210526315789,2386.4842105263156,0.06659678858162354,0.4044888492417484
639,55.1578947368421,70.6842105263158,70.6842105263158,33.8421052631579,66.94736842105263,1158.3157894736842,1484.3684210526317,371.0921052631579,2340.228947368421,0.06289696699375558,0.3966489741302408
640,45.68421052631579,70.57894736842105,70.57894736842105,36.63157894736842,51.526315789473685,959.3684210526316,1482.157894736842,370.5394736842105,2001.4657894736843,0.06280330062444246,0.3392314897413024
641,52.21052631578947,82.73684210526316,82.73684210526316,40.21052631578947,56.421052631578945,1096.421052631579,1737.4736842105265,434.3684210526316,2298.2842105263157,0.07362176628010705,0.38953969669937555
642,61.10526315789474,70.52631578947368,70.52631578947368,34.26315789473684,70.10526315789474,1283.2105263157896,1481.0526315789473,370.2631578947368,2551.721052631579,0.0627564674397859,0.4324950936663693
643,55.05263157894737,75.21052631578948,75.21052631578948,36.0,67.42105263157895,1156.1052631578948,1579.4210526315792,394.8552631578948,2360.234210526316,0.06692462087421945,0.4000396966993756
644,52.31578947368421,77.47368421052632,77.47368421052632,39.63157894736842,56.10526315789474,1098.6315789473686,1626.9473684210527,406.7368421052632,2274.41052631579,0.06893844781445138,0.3854933095450491
645,48.05263157894737,83.21052631578948,83.21052631578948,41.63157894736842,57.63157894736842,1009.1052631578948,1747.4210526315792,436.8552631578948,2152.334210526316,0.07404326494201607,0.3648024085637824
646,51.36842105263158,68.15789473684211,68.15789473684211,35.78947368421053,56.8421052631579,1078.7368421052631,1431.3157894736844,357.8289473684211,2191.6815789473685,0.06064897413024086,0.371471454058876
647,52.63157894736842,75.47368421052632,75.47368421052632,39.10526315789474,54.78947368421053,1105.2631578947369,1584.9473684210527,396.2368421052632,2275.184210526316,0.06715878679750223,0.38562444246208744
648,50.526315789473685,69.05263157894737,69.05263157894737,37.21052631578947,59.05263157894737,1061.0526315789473,1450.1052631578948,362.5263157894737,2166.315789473684,0.06144513826940232,0.3671721677074041
649,53.578947368421055,85.0,85.0,42.31578947368421,64.57894736842105,1125.157894736842,1785.0,446.25,2359.0184210526313,0.07563559322033898,0.39983363068688665
650,48.78947368421053,77.47368421052632,77.47368421052632,39.473684210526315,60.21052631578947,1024.578947368421,1626.9473684210527,406.7368421052632,2148.521052631579,0.06893844781445138,0.3641561106155219
651,46.473684210526315,76.52631578947368,76.52631578947368,37.36842105263158,63.63157894736842,975.9473684210526,1607.0526315789473,401.7631578947368,2060.8736842105263,0.06809545049063336,0.34930062444246207
652,56.89473684210526,72.0,72.0,35.8421052631579,66.6842105263158,1194.7894736842104,1512.0,378.0,2409.1421052631576,0.0640677966101695,0.408329170383586
653,58.26315789473684,80.05263157894737,80.05263157894737,40.68421052631579,68.26315789473684,1223.5263157894738,1681.1052631578948,420.2763157894737,2500.271052631579,0.07123327386262267,0.4237747546833185
654,57.21052631578947,80.10526315789474,80.10526315789474,37.89473684210526,70.36842105263158,1201.421052631579,1682.2105263157896,420.5526315789474,2462.9684210526316,0.07128010704727922,0.41745227475468333
655,53.89473684210526,88.94736842105263,88.94736842105263,42.526315789473685,64.42105263157895,1131.7894736842104,1867.8947368421052,466.9736842105263,2391.015789473684,0.07914808206958072,0.40525691347011594
656,46.526315789473685,72.47368421052632,72.47368421052632,37.68421052631579,52.26315789473684,977.0526315789474,1521.9473684210527,380.4868421052632,2041.4763157894736,0.0644892952720785,0.3460129348795718
657,51.78947368421053,75.78947368421052,75.78947368421052,38.8421052631579,60.31578947368421,1087.578947368421,1591.5789473684208,397.8947368421052,2246.7789473684206,0.06743978590544156,0.38080999107939334
658,46.94736842105263,74.3157894736842,74.3157894736842,37.94736842105263,53.10526315789474,985.8947368421052,1560.6315789473683,390.1578947368421,2066.178947368421,0.06612845673505797,0.350199821587868
659,56.05263157894737,73.63157894736842,73.63157894736842,36.8421052631579,66.42105263157895,1177.1052631578948,1546.2631578947369,386.5657894736842,2387.6447368421054,0.06551962533452275,0.404685548617306
660,52.63157894736842,65.63157894736842,65.63157894736842,33.8421052631579,64.73684210526316,1105.2631578947369,1378.2631578947369,344.5657894736842,2223.513157894737,0.05840098126672614,0.3768666369313114
661,52.31578947368421,75.10526315789474,75.10526315789474,38.36842105263158,60.8421052631579,1098.6315789473686,1577.2105263157896,394.3026315789474,2261.976315789474,0.06683095450490634,0.38338581623550405
662,50.05263157894737,79.05263157894737,79.05263157894737,40.36842105263158,54.68421052631579,1051.1052631578948,1660.1052631578948,415.0263157894737,2201.9052631578948,0.07034344335414809,0.3732042818911686
663,45.578947368421055,93.73684210526316,93.73684210526316,47.421052631578945,52.94736842105263,957.1578947368422,1968.4736842105265,492.1184210526316,2119.286842105263,0.08340990187332739,0.35920115967885813
664,55.421052631578945,79.36842105263158,79.36842105263158,41.473684210526315,66.63157894736842,1163.842105263158,1666.7368421052631,416.6842105263158,2395.2157894736843,0.07062444246208742,0.4059687778768956
665,53.578947368421055,78.73684210526316,78.73684210526316,39.31578947368421,56.0,1125.157894736842,1653.4736842105265,413.3684210526316,2326.136842105263,0.07006244424620875,0.39426048171275646
666,57.421052631578945,69.89473684210526,69.89473684210526,34.421052631578945,65.52631578947368,1205.842105263158,1467.7894736842104,366.9473684210526,2416.878947368421,0.06219446922390722,0.40964049955396964
667,49.1578947368421,77.84210526315789,77.84210526315789,38.73684210526316,58.31578947368421,1032.3157894736842,1634.6842105263156,408.6710526315789,2163.607894736842,0.06926628010704727,0.3667132024977698
668,54.73684210526316,72.73684210526316,72.73684210526316,35.63157894736842,66.63157894736842,1149.4736842105262,1527.4736842105265,381.8684210526316,2335.9736842105262,0.06472346119536129,0.3959277430865299
669,55.0,75.47368421052632,75.47368421052632,37.473684210526315,66.10526315789474,1155.0,1584.9473684210527,396.2368421052632,2359.7368421052633,0.06715878679750223,0.3999553969669938
670,54.578947368421055,70.84210526315789,70.84210526315789,35.0,65.26315789473684,1146.157894736842,1487.6842105263156,371.9210526315789,2320.3894736842103,0.06303746654772524,0.39328635147190005
671,65.42105263157895,67.57894736842105,67.57894736842105,34.26315789473684,75.57894736842105,1373.842105263158,1419.157894736842,354.7894736842105,2690.321052631579,0.060133809099018734,0.45598661909009813
672,45.421052631578945,75.94736842105263,75.94736842105263,38.68421052631579,56.0,953.8421052631578,1594.8947368421052,398.7236842105263,2020.2552631578944,0.06758028545941124,0.3424161462979482
673,53.578947368421055,77.0,77.0,38.36842105263158,62.1578947368421,1125.157894736842,1617.0,404.25,2317.0184210526313,0.06851694915254238,0.39271498661909005
674,45.526315789473685,81.10526315789474,81.10526315789474,39.89473684210526,52.63157894736842,956.0526315789474,1703.2105263157896,425.8026315789474,2051.092105263158,0.0721699375557538,0.34764272970562
675,52.0,70.15789473684211,70.15789473684211,34.36842105263158,62.36842105263158,1092.0,1473.3157894736844,368.3289473684211,2224.728947368421,0.06242863514719001,0.37707270294380013
676,55.31578947368421,77.3157894736842,77.3157894736842,39.73684210526316,65.42105263157895,1161.6315789473686,1623.6315789473683,405.9078947368421,2380.6815789473685,0.0687979482604817,0.4035053523639608
677,52.63157894736842,65.42105263157895,65.42105263157895,33.31578947368421,53.68421052631579,1105.2631578947369,1373.842105263158,343.4605263157895,2222.407894736842,0.05821364852809991,0.3766793041926851
678,51.8421052631579,67.52631578947368,67.52631578947368,33.421052631578945,57.10526315789474,1088.6842105263158,1418.0526315789473,354.5131578947368,2205.2763157894738,0.06008697591436217,0.3737756467439786
679,49.526315789473685,70.73684210526316,70.73684210526316,35.526315789473685,62.578947368421055,1040.0526315789473,1485.4736842105265,371.3684210526316,2139.457894736842,0.06294380017841214,0.36261998215878677
680,61.31578947368421,63.0,63.0,30.63157894736842,70.78947368421052,1287.6315789473686,1323.0,330.75,2519.7236842105267,0.0560593220338983,0.4270718108831401
681,49.73684210526316,73.42105263157895,73.42105263157895,37.10526315789474,59.36842105263158,1044.4736842105262,1541.842105263158,385.4605263157895,2161.065789473684,0.06533229259589653,0.3662823371989295
682,50.94736842105263,73.26315789473684,73.26315789473684,38.1578947368421,54.31578947368421,1069.8947368421052,1538.5263157894735,384.6315789473684,2203.452631578947,0.06519179304192685,0.3734665477252453
683,56.68421052631579,66.73684210526316,66.73684210526316,33.94736842105263,63.89473684210526,1190.3684210526314,1401.4736842105265,350.3684210526316,2373.994736842105,0.059384478144513836,0.402371989295272
684,49.31578947368421,81.94736842105263,81.94736842105263,40.36842105263158,52.26315789473684,1035.6315789473686,1720.8947368421052,430.2236842105263,2190.797368421053,0.07291926851025869,0.37132158786797503
685,45.421052631578945,82.6842105263158,82.6842105263158,42.26315789473684,49.36842105263158,953.8421052631578,1736.3684210526317,434.0921052631579,2055.6236842105263,0.07357493309545049,0.3484107939339875
686,49.36842105263158,68.36842105263158,68.36842105263158,34.8421052631579,54.31578947368421,1036.7368421052631,1435.7368421052631,358.9342105263158,2121.386842105263,0.06083630686886708,0.35955709188224794
687,49.78947368421053,76.36842105263158,76.36842105263158,39.10526315789474,59.0,1045.578947368421,1603.7368421052631,400.9342105263158,2178.4184210526314,0.06795495093666369,0.36922346119536126
688,47.89473684210526,75.26315789473684,75.26315789473684,39.421052631578945,55.05263157894737,1005.7894736842104,1580.5263157894735,395.1315789473684,2104.9736842105262,0.066971454058876,0.3567752007136485
689,49.21052631578947,86.94736842105263,86.94736842105263,44.0,50.578947368421055,1033.421052631579,1825.8947368421052,456.4736842105263,2213.2894736842104,0.07736842105263157,0.3751338090990187
690,51.0,71.26315789473684,71.26315789473684,36.21052631578947,59.89473684210526,1071.0,1496.5263157894735,374.1315789473684,2194.8315789473686,0.0634121320249777,0.37200535236396076
691,49.473684210526315,70.15789473684211,70.15789473684211,34.63157894736842,61.473684210526315,1038.9473684210527,1473.3157894736844,368.3289473684211,2134.539473684211,0.06242863514719001,0.36178635147190014
692,43.421052631578945,75.89473684210526,75.89473684210526,40.26315789473684,55.89473684210526,911.8421052631578,1593.7894736842104,398.4473684210526,1948.5789473684208,0.06753345227475469,0.3302676181980374
693,55.421052631578945,80.42105263157895,80.42105263157895,40.31578947368421,68.73684210526316,1163.842105263158,1688.842105263158,422.2105263157895,2400.742105263158,0.07156110615521856,0.4069054415700268
694,53.05263157894737,76.6842105263158,76.6842105263158,38.10526315789474,63.578947368421055,1114.1052631578948,1610.3684210526317,402.5921052631579,2296.571052631579,0.06823595004460303,0.38924933095450487
695,54.26315789473684,77.89473684210526,77.89473684210526,38.31578947368421,63.8421052631579,1139.5263157894738,1635.7894736842104,408.9473684210526,2346.142105263158,0.06931311329170384,0.3976512042818912
696,45.31578947368421,76.21052631578948,76.21052631578948,38.1578947368421,54.89473684210526,951.6315789473684,1600.4210526315792,400.1052631578948,2017.878947368421,0.06781445138269403,0.34201338090990185
697,53.94736842105263,76.73684210526316,76.73684210526316,38.68421052631579,56.21052631578947,1132.8947368421052,1611.4736842105265,402.8684210526316,2328.7894736842104,0.0682827832292596,0.3947100802854594
698,52.31578947368421,73.73684210526316,73.73684210526316,37.78947368421053,53.94736842105263,1098.6315789473686,1548.4736842105265,387.1184210526316,2254.792105263158,0.06561329170383587,0.3821681534344336
699,44.8421052631579,85.89473684210526,85.89473684210526,43.05263157894737,49.31578947368421,941.6842105263158,1803.7894736842104,450.9473684210526,2051.8105263157895,0.07643175735950045,0.347764495985727
700,55.10526315789474,67.73684210526316,67.73684210526316,31.63157894736842,70.26315789473684,1157.2105263157896,1422.4736842105265,355.6184210526316,2322.8763157894737,0.06027430865298841,0.3937078501338091
701,53.05263157894737,79.0,79.0,37.578947368421055,67.84210526315789,1114.1052631578948,1659.0,414.75,2308.7289473684214,0.07029661016949153,0.39130999107939346
702,47.21052631578947,70.78947368421052,70.78947368421052,36.73684210526316,61.63157894736842,991.421052631579,1486.5789473684208,371.6447368421052,2057.0605263157895,0.06299063336306868,0.3486543264942016
703,50.68421052631579,83.57894736842105,83.57894736842105,41.73684210526316,56.94736842105263,1064.3684210526314,1755.157894736842,438.7894736842105,2248.215789473684,0.07437109723461195,0.3810535236396074
704,55.68421052631579,77.73684210526316,77.73684210526316,37.89473684210526,60.21052631578947,1169.3684210526314,1632.4736842105265,408.1184210526316,2396.044736842105,0.06917261373773417,0.4061092774308653
705,55.68421052631579,71.94736842105263,71.94736842105263,35.78947368421053,57.78947368421053,1169.3684210526314,1510.8947368421052,377.7236842105263,2365.6499999999996,0.06402096342551293,0.400957627118644
706,55.78947368421053,65.26315789473684,65.26315789473684,33.05263157894737,63.1578947368421,1171.578947368421,1370.5263157894735,342.6315789473684,2334.315789473684,0.05807314897413023,0.3956467439785905
707,57.68421052631579,69.36842105263158,69.36842105263158,34.10526315789474,67.47368421052632,1211.3684210526314,1456.7368421052631,364.1842105263158,2423.5105263157893,0.06172613737734166,0.410764495985727
708,53.94736842105263,86.94736842105263,86.94736842105263,43.31578947368421,62.1578947368421,1132.8947368421052,1825.8947368421052,456.4736842105263,2382.394736842105,0.07736842105263157,0.40379571810883136
709,50.63157894736842,76.94736842105263,76.94736842105263,38.526315789473685,60.473684210526315,1063.2631578947369,1615.8947368421052,403.9736842105263,2211.521052631579,0.06847011596788581,0.3748340767172168
710,43.421052631578945,84.0,84.0,42.1578947368421,57.36842105263158,911.8421052631578,1764.0,441.0,1991.1315789473683,0.07474576271186441,0.3374799286351472
711,49.10526315789474,75.26315789473684,75.26315789473684,38.578947368421055,51.63157894736842,1031.2105263157896,1580.5263157894735,395.1315789473684,2148.1894736842105,0.066971454058876,0.364099910793934
712,54.68421052631579,67.05263157894737,67.05263157894737,34.05263157894737,59.1578947368421,1148.3684210526314,1408.1052631578948,352.0263157894737,2304.252631578947,0.05966547725245317,0.3905512934879571
713,50.78947368421053,83.3157894736842,83.3157894736842,40.8421052631579,58.05263157894737,1066.578947368421,1749.6315789473683,437.4078947368421,2250.5921052631575,0.07413693131132916,0.3814562890276538
714,50.21052631578947,72.57894736842105,72.57894736842105,35.36842105263158,67.42105263157895,1054.421052631579,1524.157894736842,381.0394736842105,2173.555263157895,0.06458296164139161,0.3683991971454059
715,54.578947368421055,71.63157894736842,71.63157894736842,36.473684210526315,62.473684210526315,1146.157894736842,1504.2631578947369,376.0657894736842,2324.5342105263157,0.0637399643175736,0.39398884924174843
716,47.578947368421055,76.89473684210526,76.89473684210526,39.73684210526316,56.68421052631579,999.1578947368422,1614.7894736842104,403.6973684210526,2102.2657894736844,0.06842328278322926,0.3563162355040143
717,54.473684210526315,76.6842105263158,76.6842105263158,39.526315789473685,60.10526315789474,1143.9473684210527,1610.3684210526317,402.5921052631579,2347.3026315789475,0.06823595004460303,0.3978479036574487
718,55.78947368421053,78.3157894736842,78.3157894736842,40.94736842105263,60.26315789473684,1171.578947368421,1644.6315789473683,411.1578947368421,2402.8421052631575,0.06968777876895628,0.40726137377341654
719,61.526315789473685,72.0,72.0,36.21052631578947,79.3157894736842,1292.0526315789473,1512.0,378.0,2574.48947368421,0.0640677966101695,0.4363541480820695
720,51.526315789473685,74.94736842105263,74.94736842105263,37.26315789473684,60.73684210526316,1082.0526315789473,1573.8947368421052,393.4736842105263,2232.9631578947365,0.06669045495093666,0.3784683318465655
721,55.1578947368421,76.15789473684211,76.15789473684211,38.526315789473685,63.0,1158.3157894736842,1599.3157894736844,399.8289473684211,2368.9657894736843,0.06776761819803748,0.40151962533452273
722,49.10526315789474,69.0,69.0,33.578947368421055,55.21052631578947,1031.2105263157896,1449.0,362.25,2115.307894736842,0.06139830508474576,0.35852676181980375
723,49.89473684210526,79.42105263157895,79.42105263157895,40.68421052631579,62.89473684210526,1047.7894736842104,1667.842105263158,416.9605263157895,2198.202631578947,0.07067127564674398,0.3725767172167707
724,50.0,74.47368421052632,74.47368421052632,37.89473684210526,51.78947368421053,1050.0,1563.9473684210527,390.9868421052632,2175.9868421052633,0.06626895628902765,0.3688113291703836
725,51.31578947368421,76.05263157894737,76.05263157894737,38.31578947368421,63.68421052631579,1077.6315789473686,1597.1052631578948,399.2763157894737,2231.25,0.06767395182872435,0.3781779661016949
726,45.63157894736842,81.84210526315789,81.84210526315789,42.21052631578947,55.89473684210526,958.2631578947368,1718.6842105263156,429.6710526315789,2058.718421052631,0.07282560214094558,0.34893532560214086
727,47.526315789473685,71.42105263157895,71.42105263157895,34.68421052631579,56.526315789473685,998.0526315789474,1499.842105263158,374.9605263157895,2071.65,0.06355263157894737,0.3511271186440678
728,52.0,74.73684210526316,74.73684210526316,38.421052631578945,57.73684210526316,1092.0,1569.4736842105265,392.3684210526316,2248.7684210526313,0.06650312221231044,0.38114719000892056
729,44.0,90.63157894736842,90.63157894736842,46.526315789473685,51.10526315789474,924.0,1903.2631578947369,475.8157894736842,2046.6157894736841,0.08064674397859055,0.3468840321141837
730,52.0,84.26315789473684,84.26315789473684,43.1578947368421,60.578947368421055,1092.0,1769.5263157894735,442.3815789473684,2298.7815789473684,0.07497992863514719,0.3896239964317574
731,50.78947368421053,72.3157894736842,72.3157894736842,37.473684210526315,53.78947368421053,1066.578947368421,1518.6315789473683,379.6578947368421,2192.8421052631575,0.06434879571810882,0.3716681534344335
732,51.89473684210526,75.36842105263158,75.36842105263158,36.05263157894737,66.94736842105263,1089.7894736842104,1582.7368421052631,395.6842105263158,2248.3263157894735,0.06706512042818912,0.3810722569134701
733,52.31578947368421,79.3157894736842,79.3157894736842,38.8421052631579,57.8421052631579,1098.6315789473686,1665.6315789473683,416.4078947368421,2284.0815789473686,0.07057760927743086,0.38713247100802856
734,50.21052631578947,80.21052631578948,80.21052631578948,40.73684210526316,70.47368421052632,1054.421052631579,1684.4210526315792,421.1052631578948,2213.621052631579,0.07137377341659233,0.3751900089206066
735,57.89473684210526,81.10526315789474,81.10526315789474,39.8421052631579,74.84210526315789,1215.7894736842104,1703.2105263157896,425.8026315789474,2492.644736842105,0.0721699375557538,0.42248215878679746
736,58.89473684210526,74.36842105263158,74.36842105263158,38.31578947368421,68.42105263157895,1236.7894736842104,1561.7368421052631,390.4342105263158,2492.9763157894736,0.06617528991971454,0.42253835860838534
737,65.6842105263158,75.42105263157895,75.42105263157895,38.0,78.47368421052632,1379.3684210526317,1583.842105263158,395.9605263157895,2740.8868421052634,0.06711195361284568,0.46455709188224803
738,43.578947368421055,72.63157894736842,72.63157894736842,37.05263157894737,52.10526315789474,915.1578947368422,1525.2631578947369,381.3157894736842,1937.084210526316,0.06462979482604818,0.32831935771632476
739,48.05263157894737,75.26315789473684,75.26315789473684,38.26315789473684,52.78947368421053,1009.1052631578948,1580.5263157894735,395.1315789473684,2110.6105263157897,0.066971454058876,0.3577305976806423
740,47.36842105263158,78.42105263157895,78.42105263157895,39.8421052631579,52.578947368421055,994.7368421052632,1646.842105263158,411.7105263157895,2102.763157894737,0.06978144513826941,0.35640053523639614
741,54.05263157894737,74.0,74.0,37.26315789473684,69.42105263157895,1135.1052631578948,1554.0,388.5,2318.178947368421,0.06584745762711865,0.39291168599464765
742,61.89473684210526,67.05263157894737,67.05263157894737,33.526315789473685,68.26315789473684,1299.7894736842104,1408.1052631578948,352.0263157894737,2561.6684210526314,0.05966547725245317,0.4341810883140053
743,55.05263157894737,69.63157894736842,69.63157894736842,35.73684210526316,59.0,1156.1052631578948,1462.2631578947369,365.5657894736842,2330.944736842105,0.06196030330062444,0.39507537912578056
744,60.21052631578947,75.15789473684211,75.15789473684211,35.0,67.78947368421052,1264.421052631579,1578.3157894736844,394.5789473684211,2544.0947368421052,0.0668777876895629,0.43120249776984837
745,47.1578947368421,72.42105263157895,72.42105263157895,36.8421052631579,53.1578947368421,990.3157894736842,1520.842105263158,380.2105263157895,2063.7473684210527,0.06444246208742195,0.3497876895628903
746,52.21052631578947,71.57894736842105,71.57894736842105,35.10526315789474,64.63157894736842,1096.421052631579,1503.157894736842,375.7894736842105,2239.7052631578945,0.06369313113291704,0.3796110615521855
747,48.78947368421053,72.89473684210526,72.89473684210526,37.26315789473684,52.68421052631579,1024.578947368421,1530.7894736842104,382.6973684210526,2124.4815789473682,0.06486396074933094,0.3600816235504014
748,53.05263157894737,84.26315789473684,84.26315789473684,41.421052631578945,65.94736842105263,1114.1052631578948,1769.5263157894735,442.3815789473684,2336.3605263157897,0.07497992863514719,0.3959933095450491
749,58.421052631578945,79.94736842105263,79.94736842105263,39.26315789473684,73.42105263157895,1226.842105263158,1678.8947368421052,419.7236842105263,2505.3552631578946,0.07113960749330954,0.42463648528099907
750,44.8421052631579,85.26315789473684,85.26315789473684,43.68421052631579,52.26315789473684,941.6842105263158,1790.5263157894735,447.6315789473684,2048.4947368421053,0.07586975914362176,0.34720249776984835
751,47.26315789473684,81.78947368421052,81.78947368421052,43.10526315789474,53.21052631578947,992.5263157894736,1717.5789473684208,429.3947368421052,2116.6894736842105,0.07277876895628901,0.35876092774308654
752,50.68421052631579,75.78947368421052,75.78947368421052,37.21052631578947,55.0,1064.3684210526314,1591.5789473684208,397.8947368421052,2207.321052631579,0.06743978590544156,0.3741222123104371
753,52.21052631578947,70.84210526315789,70.84210526315789,36.1578947368421,64.0,1096.421052631579,1487.6842105263156,371.9210526315789,2235.836842105263,0.06303746654772524,0.3789553969669937
754,49.68421052631579,74.89473684210526,74.89473684210526,38.36842105263158,57.0,1043.3684210526314,1572.7894736842104,393.1973684210526,2166.923684210526,0.0666436217662801,0.3672752007136485
755,51.05263157894737,69.47368421052632,69.47368421052632,33.05263157894737,56.94736842105263,1072.1052631578948,1458.9473684210527,364.7368421052632,2187.315789473684,0.06181980374665478,0.3707314897413024
756,60.26315789473684,67.63157894736842,67.63157894736842,32.94736842105263,68.73684210526316,1265.5263157894738,1420.2631578947369,355.0657894736842,2506.4605263157896,0.06018064228367529,0.4248238180196254
757,52.63157894736842,83.6842105263158,83.6842105263158,41.26315789473684,63.36842105263158,1105.2631578947369,1757.3684210526317,439.3421052631579,2318.289473684211,0.07446476360392507,0.3929304192685103
758,45.94736842105263,92.10526315789474,92.10526315789474,46.8421052631579,52.26315789473684,964.8947368421052,1934.2105263157896,483.5526315789474,2123.8736842105263,0.08195807314897413,0.359978590544157
759,57.26315789473684,70.6842105263158,70.6842105263158,33.78947368421053,68.15789473684211,1202.5263157894738,1484.3684210526317,371.0921052631579,2415.386842105263,0.06289696699375558,0.40938760035682425
760,50.78947368421053,79.0,79.0,40.78947368421053,54.26315789473684,1066.578947368421,1659.0,414.75,2227.934210526316,0.07029661016949153,0.37761596788581625
761,48.0,71.94736842105263,71.94736842105263,36.578947368421055,51.73684210526316,1008.0,1510.8947368421052,377.7236842105263,2091.323684210526,0.06402096342551293,0.3544616413916146
762,55.578947368421055,72.89473684210526,72.89473684210526,36.05263157894737,60.73684210526316,1167.157894736842,1530.7894736842104,382.6973684210526,2366.865789473684,0.06486396074933094,0.40116369313113287
763,52.0,72.26315789473684,72.26315789473684,37.21052631578947,60.1578947368421,1092.0,1517.5263157894735,379.3815789473684,2235.7815789473684,0.06430196253345227,0.37894603033006247
764,57.421052631578945,77.78947368421052,77.78947368421052,40.10526315789474,65.89473684210526,1205.842105263158,1633.5789473684208,408.3947368421052,2458.3263157894735,0.06921944692239071,0.4166654772524531
765,48.8421052631579,68.89473684210526,68.89473684210526,33.89473684210526,53.68421052631579,1025.6842105263158,1446.7894736842104,361.6973684210526,2105.3605263157897,0.061304638715432645,0.3568407671721677
766,47.526315789473685,70.10526315789474,70.10526315789474,32.473684210526315,54.31578947368421,998.0526315789474,1472.2105263157896,368.0526315789474,2064.742105263158,0.062381801962533456,0.3499562890276539
767,53.36842105263158,70.10526315789474,70.10526315789474,36.526315789473685,53.31578947368421,1120.7368421052631,1472.2105263157896,368.0526315789474,2273.305263157895,0.062381801962533456,0.38530597680642287
768,51.05263157894737,71.42105263157895,71.42105263157895,34.63157894736842,59.0,1072.1052631578948,1499.842105263158,374.9605263157895,2197.5394736842104,0.06355263157894737,0.372464317573595
769,47.63157894736842,73.73684210526316,73.73684210526316,37.36842105263158,58.05263157894737,1000.2631578947368,1548.4736842105265,387.1184210526316,2087.565789473684,0.06561329170383587,0.35382471008028543
770,49.68421052631579,74.0,74.0,36.73684210526316,58.31578947368421,1043.3684210526314,1554.0,388.5,2162.226315789473,0.06584745762711865,0.366479036574487
771,55.1578947368421,61.26315789473684,61.26315789473684,29.05263157894737,60.0,1158.3157894736842,1286.5263157894738,321.63157894736844,2290.7684210526313,0.05451382694023194,0.38826583407671716
772,55.10526315789474,79.89473684210526,79.89473684210526,39.94736842105263,58.94736842105263,1157.2105263157896,1677.7894736842104,419.4473684210526,2386.705263157895,0.07109277430865299,0.40452631578947373
773,53.78947368421053,71.0,71.0,35.10526315789474,61.21052631578947,1129.578947368421,1491.0,372.75,2293.0342105263157,0.06317796610169492,0.38864986619090097
774,52.421052631578945,71.15789473684211,71.15789473684211,37.21052631578947,56.89473684210526,1100.842105263158,1494.3157894736844,373.5789473684211,2245.01052631579,0.0633184656556646,0.3805102586975915
775,51.63157894736842,75.78947368421052,75.78947368421052,37.21052631578947,57.421052631578945,1084.2631578947369,1591.5789473684208,397.8947368421052,2241.1421052631576,0.06743978590544156,0.3798545941123996
776,47.31578947368421,69.15789473684211,69.15789473684211,34.526315789473685,54.89473684210526,993.6315789473684,1452.3157894736844,363.0789473684211,2052.2526315789473,0.06153880463871544,0.3478394290811775
777,54.1578947368421,71.21052631578948,71.21052631578948,33.63157894736842,60.526315789473685,1137.3157894736842,1495.4210526315792,373.8552631578948,2307.2921052631577,0.06336529884032115,0.39106645851917926
778,53.31578947368421,78.6842105263158,78.6842105263158,40.05263157894737,60.1578947368421,1119.6315789473686,1652.3684210526317,413.0921052631579,2316.4657894736847,0.07001561106155219,0.3926213202497771
779,57.421052631578945,72.3157894736842,72.3157894736842,37.473684210526315,66.78947368421052,1205.842105263158,1518.6315789473683,379.6578947368421,2429.5894736842106,0.06434879571810882,0.4117948260481713
780,56.10526315789474,74.84210526315789,74.84210526315789,37.94736842105263,67.42105263157895,1178.2105263157896,1571.6842105263156,392.9210526315789,2395.878947368421,0.06659678858162354,0.40608117752007133
781,55.89473684210526,65.84210526315789,65.84210526315789,33.78947368421053,57.78947368421053,1173.7894736842104,1382.6842105263156,345.6710526315789,2341.1131578947366,0.05858831400535235,0.39679884032114177
782,55.26315789473684,80.94736842105263,80.94736842105263,40.94736842105263,67.52631578947368,1160.5263157894738,1699.8947368421052,424.9736842105263,2397.8684210526317,0.07202943800178412,0.4064183764495986
783,52.578947368421055,74.6842105263158,74.6842105263158,36.1578947368421,64.0,1104.157894736842,1568.3684210526317,392.0921052631579,2269.1605263157894,0.06645628902765388,0.3846034790365745
784,51.05263157894737,73.10526315789474,73.10526315789474,37.68421052631579,59.473684210526315,1072.1052631578948,1535.2105263157896,383.8026315789474,2206.3815789473683,0.06505129348795718,0.3739629794826048
785,54.36842105263158,72.21052631578948,72.21052631578948,36.05263157894737,66.84210526315789,1141.7368421052631,1516.4210526315792,379.1052631578948,2320.057894736842,0.06425512934879572,0.3932301516503122
786,47.73684210526316,73.73684210526316,73.73684210526316,38.10526315789474,50.0,1002.4736842105264,1548.4736842105265,387.1184210526316,2091.323684210526,0.06561329170383587,0.3544616413916146
787,56.10526315789474,72.57894736842105,72.57894736842105,37.1578947368421,62.05263157894737,1178.2105263157896,1524.157894736842,381.0394736842105,2383.9973684210527,0.06458296164139161,0.40406735057983945
788,56.421052631578945,75.73684210526316,75.73684210526316,37.1578947368421,67.42105263157895,1184.842105263158,1590.4736842105265,397.6184210526316,2411.85,0.06739295272078502,0.4087881355932203
789,52.1578947368421,75.47368421052632,75.47368421052632,36.05263157894737,55.8421052631579,1095.3157894736842,1584.9473684210527,396.2368421052632,2258.2736842105264,0.06715878679750223,0.38275825156110616
790,47.10526315789474,81.36842105263158,81.36842105263158,41.94736842105263,54.89473684210526,989.2105263157896,1708.7368421052631,427.1842105263158,2108.842105263158,0.07240410347903657,0.35743086529884033
791,54.89473684210526,81.15789473684211,81.15789473684211,42.0,56.73684210526316,1152.7894736842104,1704.3157894736844,426.0789473684211,2385.821052631579,0.07221677074041036,0.40437644959857266
792,56.473684210526315,78.15789473684211,78.15789473684211,38.73684210526316,62.0,1185.9473684210527,1641.3157894736844,410.3289473684211,2426.4394736842105,0.06954727921498663,0.41126092774308654
793,49.421052631578945,78.78947368421052,78.78947368421052,39.578947368421055,59.36842105263158,1037.842105263158,1654.5789473684208,413.6447368421052,2177.9763157894736,0.07010927743086529,0.3691485280999108
794,54.21052631578947,82.73684210526316,82.73684210526316,41.421052631578945,63.1578947368421,1138.421052631579,1737.4736842105265,434.3684210526316,2369.684210526316,0.07362176628010705,0.4016413916146298
795,65.84210526315789,71.10526315789474,71.10526315789474,35.73684210526316,71.42105263157895,1382.6842105263156,1493.2105263157896,373.3026315789474,2723.865789473684,0.06327163247100803,0.46167216770740405
796,51.05263157894737,81.0,81.0,41.26315789473684,66.0,1072.1052631578948,1701.0,425.25,2247.828947368421,0.07207627118644068,0.3809879571810883
797,54.36842105263158,71.84210526315789,71.84210526315789,35.21052631578947,58.473684210526315,1141.7368421052631,1508.6842105263156,377.1710526315789,2318.123684210526,0.06392729705619982,0.39290231935771625
798,53.26315789473684,72.57894736842105,72.57894736842105,35.73684210526316,68.3157894736842,1118.5263157894738,1524.157894736842,381.0394736842105,2282.5342105263157,0.06458296164139161,0.3868702051739518
799,49.0,78.21052631578948,78.21052631578948,40.578947368421055,55.10526315789474,1029.0,1642.4210526315792,410.6052631578948,2159.9052631578948,0.06959411239964318,0.366085637823372
800,51.36842105263158,66.57894736842105,66.57894736842105,34.05263157894737,62.78947368421053,1078.7368421052631,1398.157894736842,349.5394736842105,2183.3921052631576,0.05924397859054416,0.37006645851917924
801,50.31578947368421,73.42105263157895,73.42105263157895,35.26315789473684,53.89473684210526,1056.6315789473686,1541.842105263158,385.4605263157895,2181.734210526316,0.06533229259589653,0.36978545941124
802,53.36842105263158,83.10526315789474,83.10526315789474,40.26315789473684,64.78947368421052,1120.7368421052631,1745.2105263157896,436.3026315789474,2341.555263157895,0.07394959857270295,0.39687377341659236
803,43.63157894736842,91.26315789473684,91.26315789473684,46.578947368421055,59.10526315789474,916.2631578947368,1916.5263157894735,479.1315789473684,2036.7789473684209,0.08120874219446922,0.3452167707404103
804,51.526315789473685,67.36842105263158,67.36842105263158,34.8421052631579,49.78947368421053,1082.0526315789473,1414.7368421052631,353.6842105263158,2193.173684210526,0.059946476360392506,0.3717243532560214
805,52.05263157894737,64.63157894736842,64.63157894736842,32.31578947368421,58.21052631578947,1093.1052631578948,1357.2631578947369,339.3157894736842,2197.5947368421052,0.05751115075825156,0.3724736842105263
806,57.31578947368421,75.42105263157895,75.42105263157895,36.26315789473684,73.42105263157895,1203.6315789473686,1583.842105263158,395.9605263157895,2442.134210526316,0.06711195361284568,0.413921052631579
807,55.8421052631579,77.21052631578948,77.21052631578948,38.89473684210526,67.36842105263158,1172.6842105263158,1621.4210526315792,405.3552631578948,2398.918421052632,0.0687042818911686,0.4065963425512935
808,61.10526315789474,82.73684210526316,82.73684210526316,40.1578947368421,69.94736842105263,1283.2105263157896,1737.4736842105265,434.3684210526316,2615.826315789474,0.07362176628010705,0.4433603925066905
809,52.36842105263158,76.10526315789474,76.10526315789474,37.94736842105263,62.421052631578945,1099.7368421052631,1598.2105263157896,399.5526315789474,2269.1052631578946,0.06772078501338091,0.38459411239964314
810,46.89473684210526,79.89473684210526,79.89473684210526,40.05263157894737,57.94736842105263,984.7894736842104,1677.7894736842104,419.4473684210526,2093.58947368421,0.07109277430865299,0.3548456735057983
811,57.526315789473685,71.47368421052632,71.47368421052632,37.05263157894737,66.57894736842105,1208.0526315789473,1500.9473684210527,375.2368421052632,2428.926315789474,0.06359946476360392,0.4116824264049956
812,53.21052631578947,77.73684210526316,77.73684210526316,38.68421052631579,60.05263157894737,1117.421052631579,1632.4736842105265,408.1184210526316,2307.7342105263156,0.06917261373773417,0.39114139161462974
813,47.26315789473684,81.0,81.0,39.78947368421053,53.578947368421055,992.5263157894736,1701.0,425.25,2112.544736842105,0.07207627118644068,0.35805842997323817
814,53.1578947368421,80.3157894736842,80.3157894736842,40.78947368421053,57.94736842105263,1116.3157894736842,1686.6315789473683,421.6578947368421,2319.394736842105,0.07146743978590543,0.39311775200713645
815,47.31578947368421,67.73684210526316,67.73684210526316,33.89473684210526,50.8421052631579,993.6315789473684,1422.4736842105265,355.6184210526316,2044.792105263158,0.06027430865298841,0.3465749330954505
816,53.68421052631579,72.47368421052632,72.47368421052632,36.21052631578947,66.15789473684211,1127.3684210526314,1521.9473684210527,380.4868421052632,2297.0131578947367,0.0644892952720785,0.38932426404995535
817,52.89473684210526,72.15789473684211,72.15789473684211,35.578947368421055,54.21052631578947,1110.7894736842104,1515.3157894736844,378.8289473684211,2267.1710526315787,0.06420829616413917,0.3842662801070472
818,53.526315789473685,75.63157894736842,75.63157894736842,37.526315789473685,61.05263157894737,1124.0526315789473,1588.2631578947369,397.0657894736842,2307.9552631578945,0.06729928635147191,0.391178858162355
819,53.21052631578947,76.89473684210526,76.89473684210526,36.63157894736842,59.89473684210526,1117.421052631579,1614.7894736842104,403.6973684210526,2303.313157894737,0.06842328278322926,0.3903920606601249
820,49.78947368421053,74.36842105263158,74.36842105263158,37.05263157894737,57.473684210526315,1045.578947368421,1561.7368421052631,390.4342105263158,2167.9184210526314,0.06617528991971454,0.3674438001784121
821,49.73684210526316,75.84210526315789,75.84210526315789,38.526315789473685,59.21052631578947,1044.4736842105262,1592.6842105263156,398.1710526315789,2173.7763157894733,0.06748661909009812,0.36843666369313105
822,54.05263157894737,74.89473684210526,74.89473684210526,36.0,62.1578947368421,1135.1052631578948,1572.7894736842104,393.1973684210526,2322.8763157894737,0.0666436217662801,0.3937078501338091
823,52.31578947368421,66.73684210526316,66.73684210526316,32.94736842105263,62.578947368421055,1098.6315789473686,1401.4736842105265,350.3684210526316,2218.042105263158,0.059384478144513836,0.3759393398751116
824,51.10526315789474,80.47368421052632,80.47368421052632,41.526315789473685,55.63157894736842,1073.2105263157896,1689.9473684210527,422.4868421052632,2246.9447368421056,0.07160793933987511,0.3808380909901874
825,51.1578947368421,82.73684210526316,82.73684210526316,41.473684210526315,58.73684210526316,1074.3157894736842,1737.4736842105265,434.3684210526316,2260.7052631578945,0.07362176628010705,0.3831703835860838
826,49.73684210526316,85.94736842105263,85.94736842105263,45.1578947368421,56.10526315789474,1044.4736842105262,1804.8947368421052,451.2236842105263,2226.828947368421,0.076478590544157,0.37742863514719
827,51.21052631578947,67.57894736842105,67.57894736842105,33.31578947368421,53.94736842105263,1075.421052631579,1419.157894736842,354.7894736842105,2183.0052631578947,0.060133809099018734,0.3700008920606601
828,52.10526315789474,75.42105263157895,75.42105263157895,38.421052631578945,59.8421052631579,1094.2105263157896,1583.842105263158,395.9605263157895,2256.1184210526317,0.06711195361284568,0.38239295272078505
829,53.78947368421053,72.10526315789474,72.10526315789474,33.63157894736842,61.78947368421053,1129.578947368421,1514.2105263157896,378.5526315789474,2298.8368421052633,0.06416146297948261,0.3896333630686887
830,52.68421052631579,70.47368421052632,70.47368421052632,36.1578947368421,53.63157894736842,1106.3684210526314,1479.9473684210527,369.9868421052632,2250.813157894737,0.06270963425512935,0.3814937555753791
831,52.10526315789474,69.42105263157895,69.42105263157895,36.78947368421053,56.26315789473684,1094.2105263157896,1457.842105263158,364.4605263157895,2224.6184210526317,0.061772970561998215,0.3770539696699376
832,50.31578947368421,84.73684210526316,84.73684210526316,41.94736842105263,62.473684210526315,1056.6315789473686,1779.4736842105265,444.8684210526316,2241.142105263158,0.0754014272970562,0.3798545941123997
833,58.05263157894737,68.3157894736842,68.3157894736842,35.421052631578945,63.0,1219.1052631578948,1434.6315789473683,358.6578947368421,2431.136842105263,0.060789473684210525,0.412057091882248
834,44.31578947368421,78.6842105263158,78.6842105263158,39.473684210526315,58.31578947368421,930.6315789473684,1652.3684210526317,413.0921052631579,1995.1657894736843,0.07001561106155219,0.3381636931311329
835,47.578947368421055,89.47368421052632,89.47368421052632,45.89473684210526,54.10526315789474,999.1578947368422,1878.9473684210527,469.7368421052632,2168.305263157895,0.0796164139161463,0.36750936663693134
836,49.421052631578945,77.10526315789474,77.10526315789474,39.10526315789474,49.8421052631579,1037.842105263158,1619.2105263157896,404.8026315789474,2169.1342105263157,0.06861061552185549,0.36764986619090095
837,48.68421052631579,84.94736842105263,84.94736842105263,43.21052631578947,59.10526315789474,1022.3684210526316,1783.8947368421052,445.9736842105263,2184.0,0.07558876003568242,0.3701694915254237
838,57.36842105263158,69.42105263157895,69.42105263157895,34.89473684210526,63.78947368421053,1204.7368421052631,1457.842105263158,364.4605263157895,2412.5131578947367,0.061772970561998215,0.408900535236396
839,52.73684210526316,80.84210526315789,80.84210526315789,39.8421052631579,60.0,1107.4736842105262,1697.6842105263156,424.4210526315789,2307.126315789473,0.071935771632471,0.3910383586083853
840,46.78947368421053,81.42105263157895,81.42105263157895,41.68421052631579,54.05263157894737,982.578947368421,1709.842105263158,427.4605263157895,2097.8447368421052,0.07245093666369314,0.35556690454950934
841,48.94736842105263,73.84210526315789,73.84210526315789,38.05263157894737,54.73684210526316,1027.8947368421052,1550.6842105263156,387.6710526315789,2135.0921052631575,0.06570695807314897,0.36188001784121315
842,57.526315789473685,75.89473684210526,75.89473684210526,37.421052631578945,68.6842105263158,1208.0526315789473,1593.7894736842104,398.4473684210526,2452.136842105263,0.06753345227475469,0.4156164139161463
843,57.68421052631579,65.3157894736842,65.3157894736842,31.31578947368421,65.6842105263158,1211.3684210526314,1371.6315789473683,342.9078947368421,2402.2342105263156,0.0581199821587868,0.4071583407671721
844,49.94736842105263,63.0,63.0,31.789473684210527,56.0,1048.8947368421052,1323.0,330.75,2113.871052631579,0.0560593220338983,0.35828322925958966
845,53.26315789473684,66.84210526315789,66.84210526315789,34.68421052631579,62.421052631578945,1118.5263157894738,1403.6842105263156,350.9210526315789,2252.415789473684,0.059478144513826936,0.38176538804638716
846,54.10526315789474,79.15789473684211,79.15789473684211,38.421052631578945,63.8421052631579,1136.2105263157896,1662.3157894736844,415.5789473684211,2347.1368421052634,0.0704371097234612,0.3978198037466548
847,44.1578947368421,77.05263157894737,77.05263157894737,39.0,49.526315789473685,927.3157894736842,1618.1052631578948,404.5263157894737,1980.9631578947367,0.06856378233719893,0.3357564674397859
848,48.26315789473684,77.21052631578948,77.21052631578948,41.0,53.473684210526315,1013.5263157894736,1621.4210526315792,405.3552631578948,2128.35,0.0687042818911686,0.3607372881355932
849,49.421052631578945,81.94736842105263,81.94736842105263,39.89473684210526,59.73684210526316,1037.842105263158,1720.8947368421052,430.2236842105263,2194.555263157895,0.07291926851025869,0.3719585191793042
850,49.578947368421055,65.94736842105263,65.94736842105263,34.36842105263158,58.36842105263158,1041.157894736842,1384.8947368421052,346.2236842105263,2116.192105263158,0.058681980374665474,0.3586766280107047
851,50.68421052631579,78.84210526315789,78.84210526315789,40.31578947368421,55.68421052631579,1064.3684210526314,1655.6842105263156,413.9210526315789,2223.347368421052,0.07015611061552185,0.3768385370205173
852,54.578947368421055,75.42105263157895,75.42105263157895,39.1578947368421,58.10526315789474,1146.157894736842,1583.842105263158,395.9605263157895,2344.428947368421,0.06711195361284568,0.39736083853702053
853,50.21052631578947,75.26315789473684,75.26315789473684,38.36842105263158,61.94736842105263,1054.421052631579,1580.5263157894735,395.1315789473684,2187.6473684210528,0.066971454058876,0.3707876895628903
854,56.1578947368421,70.63157894736842,70.63157894736842,34.421052631578945,57.26315789473684,1179.3157894736842,1483.2631578947369,370.8157894736842,2375.6526315789474,0.06285013380909903,0.40265298840321145
855,51.73684210526316,77.42105263157895,77.42105263157895,39.421052631578945,61.21052631578947,1086.4736842105262,1625.842105263158,406.4605263157895,2253.4657894736843,0.06889161462979483,0.38194335414808206
856,53.473684210526315,85.52631578947368,85.52631578947368,42.89473684210526,63.89473684210526,1122.9473684210527,1796.0526315789473,449.0131578947368,2358.0236842105264,0.07610392506690454,0.3996650312221231
857,54.63157894736842,67.52631578947368,67.52631578947368,35.0,60.78947368421053,1147.2631578947369,1418.0526315789473,354.5131578947368,2304.8605263157892,0.06008697591436217,0.39065432649420156
858,50.05263157894737,69.26315789473684,69.26315789473684,33.73684210526316,61.05263157894737,1051.1052631578948,1454.5263157894735,363.6315789473684,2150.5105263157893,0.06163247100802854,0.36449330954504905
859,58.94736842105263,79.94736842105263,79.94736842105263,40.36842105263158,67.94736842105263,1237.8947368421052,1678.8947368421052,419.7236842105263,2524.144736842105,0.07113960749330954,0.4278211418376449
860,58.26315789473684,74.05263157894737,74.05263157894737,35.68421052631579,78.57894736842105,1223.5263157894738,1555.1052631578948,388.7763157894737,2468.771052631579,0.0658942908117752,0.41843577163247103
861,45.421052631578945,87.94736842105263,87.94736842105263,43.63157894736842,52.526315789473685,953.8421052631578,1846.8947368421052,461.7236842105263,2083.2552631578947,0.07825825156110615,0.35309411239964317
862,48.73684210526316,67.10526315789474,67.10526315789474,34.89473684210526,59.73684210526316,1023.4736842105264,1409.2105263157896,352.3026315789474,2092.2078947368423,0.05971231043710973,0.35461150758251564
863,63.73684210526316,72.84210526315789,72.84210526315789,35.0,75.3157894736842,1338.4736842105262,1529.6842105263156,382.4210526315789,2657.8263157894735,0.06481712756467439,0.450479036574487
864,50.578947368421055,81.47368421052632,81.47368421052632,40.73684210526316,59.1578947368421,1062.157894736842,1710.9473684210527,427.7368421052632,2233.4052631578948,0.07249776984834969,0.37854326494201607
865,50.68421052631579,75.10526315789474,75.10526315789474,38.10526315789474,59.68421052631579,1064.3684210526314,1577.2105263157896,394.3026315789474,2203.728947368421,0.06683095450490634,0.3735133809099018
866,53.89473684210526,77.10526315789474,77.10526315789474,39.73684210526316,65.36842105263158,1131.7894736842104,1619.2105263157896,404.8026315789474,2328.8447368421052,0.06861061552185549,0.3947194469223907
867,53.63157894736842,78.52631578947368,78.52631578947368,38.68421052631579,65.94736842105263,1126.2631578947369,1649.0526315789473,412.2631578947368,2326.9105263157894,0.06987511150758251,0.39439161462979483
868,54.0,79.57894736842105,79.57894736842105,37.578947368421055,64.52631578947368,1134.0,1671.157894736842,417.7894736842105,2345.5894736842106,0.07081177520071365,0.3975575379125781
869,49.578947368421055,72.6842105263158,72.6842105263158,36.36842105263158,55.8421052631579,1041.157894736842,1526.3684210526317,381.5921052631579,2151.5605263157895,0.06467662801070473,0.364671275646744
870,53.36842105263158,69.63157894736842,69.63157894736842,35.473684210526315,55.94736842105263,1120.7368421052631,1462.2631578947369,365.5657894736842,2270.8184210526315,0.06196030330062444,0.3848844781445138
871,52.526315789473685,71.89473684210526,71.89473684210526,36.36842105263158,59.26315789473684,1103.0526315789473,1509.7894736842104,377.4473684210526,2252.636842105263,0.06397413024085637,0.3818028545941124
872,54.68421052631579,71.94736842105263,71.94736842105263,36.8421052631579,57.73684210526316,1148.3684210526314,1510.8947368421052,377.7236842105263,2329.95,0.06402096342551293,0.3949067796610169
873,56.36842105263158,91.10526315789474,91.10526315789474,45.578947368421055,65.84210526315789,1183.7368421052631,1913.2105263157896,478.3026315789474,2490.6552631578948,0.08106824264049955,0.4221449598572703
874,47.73684210526316,78.36842105263158,78.36842105263158,39.63157894736842,58.578947368421055,1002.4736842105264,1645.7368421052631,411.4342105263158,2115.6394736842103,0.06973461195361284,0.3585829616413916
875,53.78947368421053,76.0,76.0,37.73684210526316,68.15789473684211,1129.578947368421,1596.0,399.0,2319.2842105263157,0.0676271186440678,0.39309901873327385
876,48.8421052631579,91.73684210526316,91.73684210526316,46.36842105263158,53.578947368421055,1025.6842105263158,1926.4736842105265,481.6184210526316,2225.2815789473684,0.08163024085637824,0.3771663693131133
877,55.89473684210526,75.26315789473684,75.26315789473684,38.526315789473685,61.578947368421055,1173.7894736842104,1580.5263157894735,395.1315789473684,2390.573684210526,0.066971454058876,0.40518198037466546
878,47.78947368421053,75.10526315789474,75.10526315789474,38.21052631578947,61.1578947368421,1003.578947368421,1577.2105263157896,394.3026315789474,2100.386842105263,0.06683095450490634,0.35599776984834963
879,52.36842105263158,78.84210526315789,78.84210526315789,40.94736842105263,55.21052631578947,1099.7368421052631,1655.6842105263156,413.9210526315789,2283.4736842105262,0.07015611061552185,0.38702943800178413
880,56.10526315789474,69.05263157894737,69.05263157894737,34.89473684210526,66.36842105263158,1178.2105263157896,1450.1052631578948,362.5263157894737,2365.484210526316,0.06144513826940232,0.4009295272078502
881,45.473684210526315,79.10526315789474,79.10526315789474,40.78947368421053,57.31578947368421,954.9473684210526,1661.2105263157896,415.3026315789474,2038.713157894737,0.07039027653880464,0.34554460303300627
882,53.63157894736842,79.3157894736842,79.3157894736842,39.10526315789474,71.3157894736842,1126.2631578947369,1665.6315789473683,416.4078947368421,2331.055263157895,0.07057760927743086,0.3950941123996432
883,57.578947368421055,77.21052631578948,77.21052631578948,37.31578947368421,69.57894736842105,1209.157894736842,1621.4210526315792,405.3552631578948,2460.9236842105265,0.0687042818911686,0.4171057091882248
884,57.8421052631579,76.10526315789474,76.10526315789474,38.31578947368421,67.15789473684211,1214.6842105263158,1598.2105263157896,399.5526315789474,2464.5157894736844,0.06772078501338091,0.41771454058876006
885,49.68421052631579,60.526315789473685,60.526315789473685,30.263157894736842,58.36842105263158,1043.3684210526314,1271.0526315789473,317.7631578947368,2091.48947368421,0.05385816235504014,0.3544897413024085
886,49.21052631578947,84.73684210526316,84.73684210526316,45.0,55.21052631578947,1033.421052631579,1779.4736842105265,444.8684210526316,2201.684210526316,0.0754014272970562,0.37316681534344337
887,54.78947368421053,83.26315789473684,83.26315789473684,41.473684210526315,67.0,1150.578947368421,1748.5263157894735,437.1315789473684,2393.1157894736843,0.07409009812667261,0.4056128456735058
888,57.421052631578945,71.05263157894737,71.05263157894737,35.68421052631579,67.94736842105263,1205.842105263158,1492.1052631578948,373.0263157894737,2422.9578947368423,0.06322479928635147,0.41067082961641393
889,50.63157894736842,73.0,73.0,36.31578947368421,58.05263157894737,1063.2631578947369,1533.0,383.25,2190.797368421053,0.06495762711864407,0.37132158786797503
890,51.1578947368421,74.6842105263158,74.6842105263158,38.421052631578945,62.1578947368421,1074.3157894736842,1568.3684210526317,392.0921052631579,2218.428947368421,0.06645628902765388,0.3760049063336307
891,54.05263157894737,67.89473684210526,67.89473684210526,33.421052631578945,62.473684210526315,1135.1052631578948,1425.7894736842104,356.4473684210526,2286.1263157894737,0.06041480820695807,0.38747903657448707
892,53.63157894736842,73.94736842105263,73.94736842105263,37.8421052631579,59.78947368421053,1126.2631578947369,1552.8947368421052,388.2236842105263,2302.871052631579,0.06580062444246208,0.3903171275646744
893,60.78947368421053,73.84210526315789,73.84210526315789,36.68421052631579,75.21052631578948,1276.578947368421,1550.6842105263156,387.6710526315789,2557.8552631578946,0.06570695807314897,0.4335347903657448
894,51.421052631578945,77.73684210526316,77.73684210526316,39.31578947368421,66.05263157894737,1079.842105263158,1632.4736842105265,408.1184210526316,2243.85,0.06917261373773417,0.38031355932203387
895,54.26315789473684,74.42105263157895,74.42105263157895,36.78947368421053,60.31578947368421,1139.5263157894738,1562.842105263158,390.7105263157895,2327.9052631578948,0.0662221231043711,0.39456021409455844
896,50.473684210526315,76.26315789473684,76.26315789473684,39.31578947368421,64.73684210526316,1059.9473684210527,1601.5263157894735,400.3815789473684,2202.292105263158,0.06786128456735058,0.37326984834968785
897,58.94736842105263,70.84210526315789,70.84210526315789,35.1578947368421,69.89473684210526,1237.8947368421052,1487.6842105263156,371.9210526315789,2476.3421052631575,0.06303746654772524,0.4197190008920606
898,60.526315789473685,70.05263157894737,70.05263157894737,35.1578947368421,71.0,1271.0526315789473,1471.1052631578948,367.7763157894737,2528.565789473684,0.0623349687778769,0.4285704727921499
899,58.68421052631579,70.6842105263158,70.6842105263158,34.89473684210526,65.94736842105263,1232.3684210526314,1484.3684210526317,371.0921052631579,2466.118421052631,0.06289696699375558,0.417986173059768
900,54.63157894736842,74.36842105263158,74.36842105263158,36.578947368421055,65.42105263157895,1147.2631578947369,1561.7368421052631,390.4342105263158,2340.7815789473684,0.06617528991971454,0.396742640499554
901,50.36842105263158,82.3157894736842,82.3157894736842,42.1578947368421,57.526315789473685,1057.7368421052631,1728.6315789473683,432.1578947368421,2230.3105263157895,0.07324710080285458,0.37801873327386265
902,47.63157894736842,87.84210526315789,87.84210526315789,44.578947368421055,49.05263157894737,1000.2631578947368,1844.6842105263156,461.1710526315789,2161.618421052631,0.07816458519179303,0.36637600356824257
903,55.421052631578945,83.10526315789474,83.10526315789474,41.473684210526315,65.73684210526316,1163.842105263158,1745.2105263157896,436.3026315789474,2414.834210526316,0.07394959857270295,0.4092939339875112
904,52.0,69.94736842105263,69.94736842105263,35.21052631578947,59.421052631578945,1092.0,1468.8947368421052,367.2236842105263,2223.6236842105263,0.06224130240856378,0.37688537020517393
905,62.421052631578945,74.78947368421052,74.78947368421052,36.05263157894737,71.36842105263158,1310.842105263158,1570.5789473684208,392.6447368421052,2621.0763157894735,0.06654995539696698,0.444250223015165
906,53.21052631578947,72.89473684210526,72.89473684210526,35.578947368421055,59.26315789473684,1117.421052631579,1530.7894736842104,382.6973684210526,2282.313157894737,0.06486396074933094,0.3868327386262266
907,50.05263157894737,78.89473684210526,78.89473684210526,40.0,58.10526315789474,1051.1052631578948,1656.7894736842104,414.1973684210526,2201.0763157894735,0.07020294380017841,0.3730637823371989
908,56.421052631578945,75.21052631578948,75.21052631578948,36.21052631578947,59.1578947368421,1184.842105263158,1579.4210526315792,394.8552631578948,2409.0868421052633,0.06692462087421945,0.4083198037466548
909,49.421052631578945,75.73684210526316,75.73684210526316,37.78947368421053,60.94736842105263,1037.842105263158,1590.4736842105265,397.6184210526316,2161.95,0.06739295272078502,0.36643220338983046
910,53.1578947368421,66.73684210526316,66.73684210526316,33.36842105263158,58.31578947368421,1116.3157894736842,1401.4736842105265,350.3684210526316,2248.1052631578946,0.059384478144513836,0.38103479036574484
911,55.05263157894737,75.57894736842105,75.57894736842105,37.473684210526315,62.63157894736842,1156.1052631578948,1587.157894736842,396.7894736842105,2362.1684210526314,0.06725245316681534,0.4003675289919714
912,54.73684210526316,70.05263157894737,70.05263157894737,35.26315789473684,63.36842105263158,1149.4736842105262,1471.1052631578948,367.7763157894737,2321.8815789473683,0.0623349687778769,0.3935392506690455
913,56.10526315789474,75.84210526315789,75.84210526315789,39.1578947368421,59.31578947368421,1178.2105263157896,1592.6842105263156,398.1710526315789,2401.128947368421,0.06748661909009812,0.4069710080285459
914,47.94736842105263,73.6842105263158,73.6842105263158,36.8421052631579,52.36842105263158,1006.8947368421052,1547.3684210526317,386.8421052631579,2098.563157894737,0.0655664585191793,0.3556886708296164
915,55.73684210526316,73.63157894736842,73.63157894736842,38.21052631578947,64.52631578947368,1170.4736842105262,1546.2631578947369,386.5657894736842,2376.371052631579,0.06551962533452275,0.40277475468331847
916,51.10526315789474,71.63157894736842,71.63157894736842,34.63157894736842,61.10526315789474,1073.2105263157896,1504.2631578947369,376.0657894736842,2200.5236842105264,0.0637399643175736,0.3729701159678858
917,52.68421052631579,78.21052631578948,78.21052631578948,37.31578947368421,63.68421052631579,1106.3684210526314,1642.4210526315792,410.6052631578948,2291.4315789473685,0.06959411239964318,0.38837823371989294
918,54.0,86.3157894736842,86.3157894736842,42.31578947368421,70.3157894736842,1134.0,1812.6315789473683,453.1578947368421,2380.957894736842,0.07680642283675289,0.40355218554861727
919,45.578947368421055,77.94736842105263,77.94736842105263,40.526315789473685,53.73684210526316,957.1578947368422,1636.8947368421052,409.2236842105263,2036.3921052631579,0.06935994647636039,0.34515120428189117
920,48.578947368421055,77.78947368421052,77.78947368421052,40.36842105263158,61.94736842105263,1020.1578947368422,1633.5789473684208,408.3947368421052,2142.663157894737,0.06921944692239071,0.3631632471008029
921,47.8421052631579,78.57894736842105,78.57894736842105,41.78947368421053,56.68421052631579,1004.6842105263158,1650.157894736842,412.5394736842105,2120.5026315789473,0.06992194469223907,0.35940722569134703
922,53.68421052631579,74.26315789473684,74.26315789473684,39.421052631578945,57.526315789473685,1127.3684210526314,1559.5263157894735,389.8815789473684,2306.4078947368416,0.06608162355040142,0.39091659232827825
923,46.63157894736842,72.3157894736842,72.3157894736842,35.421052631578945,56.63157894736842,979.2631578947368,1518.6315789473683,379.6578947368421,2044.4052631578945,0.06434879571810882,0.34650936663693127
924,58.473684210526315,77.36842105263158,77.36842105263158,37.8421052631579,63.05263157894737,1227.9473684210527,1624.7368421052631,406.1842105263158,2493.6947368421056,0.06884478144513827,0.42266012488849247
925,49.05263157894737,72.15789473684211,72.15789473684211,37.31578947368421,55.73684210526316,1030.1052631578948,1515.3157894736844,378.8289473684211,2130.0078947368424,0.06420829616413917,0.36101828724353263
926,55.0,78.0,78.0,39.0,56.473684210526315,1155.0,1638.0,409.5,2373.0,0.06940677966101695,0.40220338983050846
927,57.10526315789474,75.52631578947368,75.52631578947368,35.26315789473684,70.89473684210526,1199.2105263157896,1586.0526315789473,396.5131578947368,2435.171052631579,0.06720561998215878,0.41274085637823377
928,53.05263157894737,71.63157894736842,71.63157894736842,35.0,64.73684210526316,1114.1052631578948,1504.2631578947369,376.0657894736842,2270.0447368421055,0.0637399643175736,0.3847533452274755
929,49.78947368421053,72.26315789473684,72.26315789473684,37.73684210526316,54.31578947368421,1045.578947368421,1517.5263157894735,379.3815789473684,2156.8657894736843,0.06430196253345227,0.3655704727921499
930,53.21052631578947,73.15789473684211,73.15789473684211,36.31578947368421,66.57894736842105,1117.421052631579,1536.3157894736844,384.0789473684211,2283.694736842105,0.06509812667261375,0.38706690454950937
931,45.94736842105263,80.73684210526316,80.73684210526316,41.10526315789474,49.26315789473684,964.8947368421052,1695.4736842105265,423.8684210526316,2064.1894736842105,0.0718421052631579,0.3498626226583408
932,56.73684210526316,74.26315789473684,74.26315789473684,36.89473684210526,66.73684210526316,1191.4736842105262,1559.5263157894735,389.8815789473684,2415.386842105263,0.06608162355040142,0.40938760035682425
933,44.36842105263158,80.05263157894737,80.05263157894737,41.8421052631579,51.21052631578947,931.7368421052632,1681.1052631578948,420.2763157894737,2004.2289473684211,0.07123327386262267,0.339699821587868
934,50.21052631578947,64.63157894736842,64.63157894736842,32.73684210526316,57.94736842105263,1054.421052631579,1357.2631578947369,339.3157894736842,2131.8315789473686,0.05751115075825156,0.36132738626226585
935,50.0,73.26315789473684,73.26315789473684,35.89473684210526,58.526315789473685,1050.0,1538.5263157894735,384.6315789473684,2169.6315789473683,0.06519179304192685,0.3677341659232828
936,61.10526315789474,70.15789473684211,70.15789473684211,34.26315789473684,69.15789473684211,1283.2105263157896,1473.3157894736844,368.3289473684211,2549.7868421052635,0.06242863514719001,0.4321672613737735
937,54.68421052631579,66.0,66.0,33.63157894736842,63.36842105263158,1148.3684210526314,1386.0,346.5,2298.726315789473,0.05872881355932203,0.389614629794826
938,45.36842105263158,88.52631578947368,88.52631578947368,45.26315789473684,48.421052631578945,952.7368421052632,1859.0526315789473,464.7631578947368,2084.415789473684,0.07877341659232827,0.35329081177520066
939,50.31578947368421,77.26315789473684,77.26315789473684,38.8421052631579,63.31578947368421,1056.6315789473686,1622.5263157894735,405.6315789473684,2201.9052631578948,0.06875111507582515,0.3732042818911686
940,53.78947368421053,67.84210526315789,67.84210526315789,34.63157894736842,59.05263157894737,1129.578947368421,1424.6842105263156,356.1710526315789,2276.4552631578945,0.06036797502230151,0.3858398751115075
941,68.47368421052632,63.8421052631579,63.8421052631579,30.210526315789473,79.3157894736842,1437.9473684210527,1340.6842105263158,335.17105263157896,2779.6815789473685,0.056808652988403215,0.4711324710080286
942,50.94736842105263,84.0,84.0,41.21052631578947,61.26315789473684,1069.8947368421052,1764.0,441.0,2259.821052631579,0.07474576271186441,0.38302051739518284
943,55.36842105263158,86.73684210526316,86.73684210526316,42.68421052631579,65.36842105263158,1162.7368421052631,1821.4736842105265,455.3684210526316,2432.0210526315786,0.07718108831400536,0.41220695807314894
944,55.578947368421055,85.6842105263158,85.6842105263158,41.89473684210526,68.36842105263158,1167.157894736842,1799.3684210526317,449.8421052631579,2434.0105263157893,0.07624442462087422,0.41254415700267616
945,58.10526315789474,73.15789473684211,73.15789473684211,36.31578947368421,71.10526315789474,1220.2105263157896,1536.3157894736844,384.0789473684211,2458.4368421052636,0.06509812667261375,0.4166842105263159
946,45.63157894736842,82.15789473684211,82.15789473684211,40.68421052631579,50.94736842105263,958.2631578947368,1725.3157894736844,431.3289473684211,2060.3763157894737,0.07310660124888493,0.3492163247100803
947,49.89473684210526,83.78947368421052,83.78947368421052,43.78947368421053,59.578947368421055,1047.7894736842104,1759.5789473684208,439.8947368421052,2221.136842105263,0.07455842997323817,0.37646387154326494
948,61.89473684210526,68.10526315789474,68.10526315789474,33.526315789473685,71.36842105263158,1299.7894736842104,1430.2105263157896,357.5526315789474,2567.194736842105,0.060602140945584304,0.4351177520071365
949,56.68421052631579,69.89473684210526,69.89473684210526,35.473684210526315,64.3157894736842,1190.3684210526314,1467.7894736842104,366.9473684210526,2390.573684210526,0.06219446922390722,0.40518198037466546
950,52.94736842105263,72.84210526315789,72.84210526315789,37.05263157894737,59.68421052631579,1111.8947368421052,1529.6842105263156,382.4210526315789,2272.6421052631576,0.06481712756467439,0.38519357716324704
951,57.89473684210526,71.52631578947368,71.52631578947368,33.05263157894737,67.52631578947368,1215.7894736842104,1502.0526315789473,375.5131578947368,2442.355263157894,0.06364629794826047,0.4139585191793041
952,47.21052631578947,82.78947368421052,82.78947368421052,41.1578947368421,62.10526315789474,991.421052631579,1738.5789473684208,434.6447368421052,2120.0605263157895,0.07366859946476359,0.35933229259589655
953,51.10526315789474,72.15789473684211,72.15789473684211,35.78947368421053,55.578947368421055,1073.2105263157896,1515.3157894736844,378.8289473684211,2203.2868421052635,0.06420829616413917,0.37343844781445146
954,48.421052631578945,85.3157894736842,85.3157894736842,41.73684210526316,59.21052631578947,1016.8421052631578,1791.6315789473683,447.9078947368421,2176.5394736842104,0.07591659232827831,0.3689049955396967
955,51.94736842105263,69.78947368421052,69.78947368421052,33.526315789473685,61.89473684210526,1090.8947368421052,1465.5789473684208,366.3947368421052,2220.915789473684,0.0621008028545941,0.3764264049955397
956,61.421052631578945,67.42105263157895,67.42105263157895,35.21052631578947,73.73684210526316,1289.842105263158,1415.842105263158,353.9605263157895,2546.692105263158,0.05999330954504906,0.43164272970561995
957,59.0,81.42105263157895,81.42105263157895,39.473684210526315,66.57894736842105,1239.0,1709.842105263158,427.4605263157895,2533.7605263157893,0.07245093666369314,0.4294509366636931
958,51.10526315789474,79.05263157894737,79.05263157894737,39.68421052631579,59.8421052631579,1073.2105263157896,1660.1052631578948,415.0263157894737,2239.484210526316,0.07034344335414809,0.37957359500446036
959,53.78947368421053,82.10526315789474,82.10526315789474,40.73684210526316,67.42105263157895,1129.578947368421,1724.2105263157896,431.0526315789474,2351.3368421052633,0.07305976806422837,0.39853166815343444
960,52.578947368421055,76.26315789473684,76.26315789473684,37.68421052631579,61.68421052631579,1104.157894736842,1601.5263157894735,400.3815789473684,2277.45,0.06786128456735058,0.38600847457627113
961,47.68421052631579,79.57894736842105,79.57894736842105,41.578947368421055,51.31578947368421,1001.3684210526316,1671.157894736842,417.7894736842105,2120.1157894736843,0.07081177520071365,0.35934165923282785
962,57.73684210526316,80.21052631578948,80.21052631578948,39.21052631578947,66.52631578947368,1212.4736842105262,1684.4210526315792,421.1052631578948,2482.3105263157895,0.07137377341659233,0.4207305976806423
963,53.68421052631579,80.47368421052632,80.47368421052632,39.473684210526315,58.68421052631579,1127.3684210526314,1689.9473684210527,422.4868421052632,2339.0131578947367,0.07160793933987511,0.39644290811775196
964,57.05263157894737,68.73684210526316,68.73684210526316,34.0,67.36842105263158,1198.1052631578948,1443.4736842105265,360.8684210526316,2397.6473684210528,0.06116413916146299,0.40638090990187337
965,56.578947368421055,76.0,76.0,36.526315789473685,63.78947368421053,1188.157894736842,1596.0,399.0,2418.8684210526317,0.0676271186440678,0.4099776984834969
966,57.10526315789474,77.42105263157895,77.42105263157895,36.89473684210526,71.47368421052632,1199.2105263157896,1625.842105263158,406.4605263157895,2445.1184210526317,0.06889161462979483,0.4144268510258698
967,50.1578947368421,75.57894736842105,75.57894736842105,37.10526315789474,60.73684210526316,1053.3157894736842,1587.157894736842,396.7894736842105,2187.4263157894734,0.06725245316681534,0.37075022301516497
968,44.78947368421053,81.84210526315789,81.84210526315789,42.78947368421053,49.10526315789474,940.578947368421,1718.6842105263156,429.6710526315789,2028.6552631578948,0.07282560214094558,0.3438398751115076
969,53.21052631578947,80.73684210526316,80.73684210526316,39.89473684210526,63.68421052631579,1117.421052631579,1695.4736842105265,423.8684210526316,2323.4842105263156,0.0718421052631579,0.39381088314005347
970,50.05263157894737,80.0,80.0,40.89473684210526,54.421052631578945,1051.1052631578948,1680.0,420.0,2206.878947368421,0.0711864406779661,0.3740472792149866
971,48.21052631578947,77.84210526315789,77.84210526315789,38.0,54.578947368421055,1012.421052631579,1634.6842105263156,408.6710526315789,2129.786842105263,0.06926628010704727,0.3609808206958073
972,47.0,83.6842105263158,83.6842105263158,43.68421052631579,49.8421052631579,987.0,1757.3684210526317,439.3421052631579,2117.242105263158,0.07446476360392507,0.35885459411239967
973,52.36842105263158,79.05263157894737,79.05263157894737,39.0,65.63157894736842,1099.7368421052631,1660.1052631578948,415.0263157894737,2284.578947368421,0.07034344335414809,0.38721677074041033
974,44.578947368421055,80.42105263157895,80.42105263157895,40.473684210526315,55.26315789473684,936.1578947368422,1688.842105263158,422.2105263157895,2013.6789473684212,0.07156110615521856,0.34130151650312224
975,51.63157894736842,80.52631578947368,80.52631578947368,39.421052631578945,51.578947368421055,1084.2631578947369,1691.0526315789473,422.7631578947368,2266.0105263157893,0.07165477252453166,0.3840695807314897
976,58.73684210526316,70.89473684210526,70.89473684210526,35.21052631578947,73.21052631578948,1233.4736842105262,1488.7894736842104,372.1973684210526,2469.1026315789472,0.06308429973238179,0.41849197145405886
977,53.26315789473684,66.10526315789474,66.10526315789474,33.21052631578947,57.526315789473685,1118.5263157894738,1388.2105263157896,347.0526315789474,2248.547368421053,0.05882247992863515,0.38110972346119537
978,57.1578947368421,73.42105263157895,73.42105263157895,38.0,58.63157894736842,1200.3157894736842,1541.842105263158,385.4605263157895,2425.9973684210527,0.06533229259589653,0.41118599464763605
979,51.31578947368421,63.36842105263158,63.36842105263158,32.94736842105263,56.05263157894737,1077.6315789473686,1330.7368421052631,332.6842105263158,2164.657894736842,0.0563871543264942,0.36689116859946475
980,54.578947368421055,75.36842105263158,75.36842105263158,37.473684210526315,64.10526315789474,1146.157894736842,1582.7368421052631,395.6842105263158,2344.1526315789474,0.06706512042818912,0.397314005352364
981,47.21052631578947,80.0,80.0,40.10526315789474,53.63157894736842,991.421052631579,1680.0,420.0,2105.4157894736845,0.0711864406779661,0.3568501338090991
982,50.8421052631579,76.36842105263158,76.36842105263158,38.73684210526316,59.26315789473684,1067.6842105263158,1603.7368421052631,400.9342105263158,2215.9973684210527,0.06795495093666369,0.375592774308653
983,47.8421052631579,76.21052631578948,76.21052631578948,38.63157894736842,53.0,1004.6842105263158,1600.4210526315792,400.1052631578948,2108.0684210526315,0.06781445138269403,0.35729973238180196
984,54.63157894736842,78.63157894736842,78.63157894736842,38.526315789473685,63.10526315789474,1147.2631578947369,1651.2631578947369,412.8157894736842,2363.1631578947367,0.06996877787689564,0.40053612845673503
985,47.0,74.89473684210526,74.89473684210526,37.421052631578945,56.63157894736842,987.0,1572.7894736842104,393.1973684210526,2071.0973684210526,0.0666436217662801,0.3510334522747547
986,50.05263157894737,81.73684210526316,81.73684210526316,39.89473684210526,59.8421052631579,1051.1052631578948,1716.4736842105265,429.1184210526316,2215.9973684210527,0.07273193577163248,0.375592774308653
987,48.526315789473685,79.26315789473684,79.26315789473684,40.473684210526315,54.36842105263158,1019.0526315789474,1664.5263157894735,416.1315789473684,2148.521052631579,0.0705307760927743,0.3641561106155219
988,58.89473684210526,80.78947368421052,80.78947368421052,42.10526315789474,66.15789473684211,1236.7894736842104,1696.5789473684208,424.1447368421052,2526.686842105263,0.07188893844781444,0.42825200713648526
989,49.26315789473684,80.26315789473684,80.26315789473684,40.73684210526316,54.94736842105263,1034.5263157894738,1685.5263157894735,421.3815789473684,2180.076315789474,0.07142060660124888,0.36950446030330064
990,45.526315789473685,82.84210526315789,82.84210526315789,42.26315789473684,52.0,956.0526315789474,1739.6842105263156,434.9210526315789,2060.2105263157896,0.07371543264942015,0.34918822479928635
991,52.8421052631579,77.89473684210526,77.89473684210526,38.1578947368421,64.6842105263158,1109.6842105263158,1635.7894736842104,408.9473684210526,2295.4105263157894,0.06931311329170384,0.38905263157894737
992,54.26315789473684,83.36842105263158,83.36842105263158,41.526315789473685,65.52631578947368,1139.5263157894738,1750.7368421052631,437.6842105263158,2374.878947368421,0.07418376449598572,0.40252185548617303
993,60.36842105263158,73.84210526315789,73.84210526315789,36.10526315789474,70.47368421052632,1267.7368421052631,1550.6842105263156,387.6710526315789,2542.823684210526,0.06570695807314897,0.43098706512042817
994,48.0,80.10526315789474,80.10526315789474,39.63157894736842,53.68421052631579,1008.0,1682.2105263157896,420.5526315789474,2134.1526315789474,0.07128010704727922,0.3617207850133809
995,55.8421052631579,73.84210526315789,73.84210526315789,35.94736842105263,59.31578947368421,1172.6842105263158,1550.6842105263156,387.6710526315789,2381.2342105263156,0.06570695807314897,0.4035990187332738
996,55.89473684210526,73.73684210526316,73.73684210526316,37.05263157894737,60.63157894736842,1173.7894736842104,1548.4736842105265,387.1184210526316,2382.560526315789,0.06561329170383587,0.40382381801962525
997,47.0,86.3157894736842,86.3157894736842,43.05263157894737,57.21052631578947,987.0,1812.6315789473683,453.1578947368421,2131.057894736842,0.07680642283675289,0.3611962533452275
998,47.05263157894737,87.42105263157895,87.42105263157895,44.63157894736842,53.73684210526316,988.1052631578948,1835.842105263158,458.9605263157895,2138.7394736842107,0.07778991971454059,0.36249821587867975
999,51.1578947368421,80.63157894736842,80.63157894736842,41.473684210526315,59.526315789473685,1074.3157894736842,1693.2631578947369,423.3157894736842,2249.6526315789474,0.07174843889384479,0.38129705619982157
1000,49.68421052631579,80.57894736842105,80.57894736842105,41.26315789473684,58.473684210526315,1043.3684210526314,1692.157894736842,423.0394736842105,2196.765789473684,0.07170160570918822,0.3723331846565566
1001,48.10526315789474,71.0,71.0,36.05263157894737,57.63157894736842,1010.2105263157896,1491.0,372.75,2090.1078947368424,0.06317796610169492,0.35425557537912583
1002,55.63157894736842,76.0,76.0,37.10526315789474,62.73684210526316,1168.2631578947369,1596.0,399.0,2385.047368421053,0.0676271186440678,0.4042453166815344
1003,44.21052631578947,98.15789473684211,98.15789473684211,51.0,46.31578947368421,928.421052631579,2061.315789473684,515.328947368421,2093.644736842105,0.08734388938447814,0.35485504014272967
1004,48.26315789473684,88.63157894736842,88.63157894736842,45.8421052631579,53.89473684210526,1013.5263157894736,1861.2631578947369,465.3157894736842,2188.3105263157895,0.0788670829616414,0.37090008920606604
1005,57.73684210526316,70.15789473684211,70.15789473684211,34.526315789473685,61.78947368421053,1212.4736842105262,1473.3157894736844,368.3289473684211,2429.5342105263157,0.06242863514719001,0.41178545941123995
1006,56.473684210526315,77.63157894736842,77.63157894736842,38.31578947368421,69.3157894736842,1185.9473684210527,1630.2631578947369,407.5657894736842,2423.676315789474,0.06907894736842106,0.410792595896521
1007,55.31578947368421,77.36842105263158,77.36842105263158,39.421052631578945,60.8421052631579,1161.6315789473686,1624.7368421052631,406.1842105263158,2380.9578947368423,0.06884478144513827,0.4035521855486173
1008,51.421052631578945,74.21052631578948,74.21052631578948,37.578947368421055,60.68421052631579,1079.842105263158,1558.4210526315792,389.6052631578948,2225.3368421052633,0.06603479036574487,0.3771757359500446
1009,58.36842105263158,75.63157894736842,75.63157894736842,37.78947368421053,67.52631578947368,1225.7368421052631,1588.2631578947369,397.0657894736842,2480.8184210526315,0.06729928635147191,0.42047769848349686
1010,57.68421052631579,65.05263157894737,65.05263157894737,33.473684210526315,66.0,1211.3684210526314,1366.1052631578948,341.5263157894737,2400.8526315789472,0.05788581623550402,0.4069241748438894
1011,46.31578947368421,74.52631578947368,74.52631578947368,38.36842105263158,55.05263157894737,972.6315789473684,1565.0526315789473,391.2631578947368,2044.7368421052631,0.0663157894736842,0.34656556645851916
1012,55.68421052631579,76.0,76.0,35.68421052631579,71.42105263157895,1169.3684210526314,1596.0,399.0,2386.9263157894734,0.0676271186440678,0.40456378233719886
1013,52.89473684210526,66.6842105263158,66.6842105263158,33.21052631578947,66.3157894736842,1110.7894736842104,1400.3684210526317,350.0921052631579,2238.434210526316,0.05933764495985727,0.3793956289027654
1014,45.8421052631579,89.52631578947368,89.52631578947368,45.78947368421053,55.68421052631579,962.6842105263158,1880.0526315789473,470.0131578947368,2106.5763157894735,0.07966324710080284,0.3570468331846565
1015,45.421052631578945,74.63157894736842,74.63157894736842,37.8421052631579,50.89473684210526,953.8421052631578,1567.2631578947369,391.8157894736842,2013.3473684210524,0.06640945584299733,0.3412453166815343
1016,52.8421052631579,70.89473684210526,70.89473684210526,35.421052631578945,59.526315789473685,1109.6842105263158,1488.7894736842104,372.1973684210526,2258.6605263157894,0.06308429973238179,0.38282381801962534
1017,52.10526315789474,77.89473684210526,77.89473684210526,38.89473684210526,60.1578947368421,1094.2105263157896,1635.7894736842104,408.9473684210526,2269.105263157895,0.06931311329170384,0.38459411239964325
1018,58.31578947368421,74.0,74.0,37.421052631578945,64.36842105263158,1224.6315789473686,1554.0,388.5,2470.3736842105263,0.06584745762711865,0.41870740410347906
1019,53.421052631578945,68.89473684210526,68.89473684210526,33.8421052631579,60.10526315789474,1121.842105263158,1446.7894736842104,361.6973684210526,2268.828947368421,0.061304638715432645,0.3845472792149866
1020,59.31578947368421,70.57894736842105,70.57894736842105,35.36842105263158,66.42105263157895,1245.6315789473686,1482.157894736842,370.5394736842105,2488.113157894737,0.06280330062444246,0.42171409455843
1021,48.05263157894737,83.05263157894737,83.05263157894737,41.05263157894737,62.1578947368421,1009.1052631578948,1744.1052631578948,436.0263157894737,2151.5052631578947,0.0739027653880464,0.36466190900981266
1022,51.8421052631579,77.21052631578948,77.21052631578948,39.63157894736842,58.10526315789474,1088.6842105263158,1621.4210526315792,405.3552631578948,2256.1184210526317,0.0687042818911686,0.38239295272078505
1023,61.05263157894737,77.26315789473684,77.26315789473684,38.1578947368421,69.89473684210526,1282.1052631578948,1622.5263157894735,405.6315789473684,2585.2105263157896,0.06875111507582515,0.438171275646744
1024,59.526315789473685,74.84210526315789,74.84210526315789,38.578947368421055,73.21052631578948,1250.0526315789473,1571.6842105263156,392.9210526315789,2518.010526315789,0.06659678858162354,0.4267814451382693
1025,49.21052631578947,86.26315789473684,86.26315789473684,43.36842105263158,57.05263157894737,1033.421052631579,1811.5263157894735,452.8815789473684,2209.6973684210525,0.07675958965209634,0.3745249776984835
1026,53.78947368421053,78.94736842105263,78.94736842105263,40.473684210526315,70.78947368421052,1129.578947368421,1657.8947368421052,414.4736842105263,2334.757894736842,0.07024977698483496,0.395721677074041
1027,48.31578947368421,74.57894736842105,74.57894736842105,38.473684210526315,54.31578947368421,1014.6315789473684,1566.157894736842,391.5394736842105,2116.4131578947367,0.06636262265834077,0.35871409455842995
1028,48.26315789473684,83.6842105263158,83.6842105263158,42.78947368421053,61.73684210526316,1013.5263157894736,1757.3684210526317,439.3421052631579,2162.336842105263,0.07446476360392507,0.36649776984834964
1029,53.94736842105263,76.89473684210526,76.89473684210526,39.8421052631579,54.78947368421053,1132.8947368421052,1614.7894736842104,403.6973684210526,2329.618421052631,0.06842328278322926,0.394850579839429
1030,51.89473684210526,74.26315789473684,74.26315789473684,37.94736842105263,56.1578947368421,1089.7894736842104,1559.5263157894735,389.8815789473684,2242.523684210526,0.06608162355040142,0.38008876003568237
1031,47.473684210526315,84.84210526315789,84.84210526315789,42.68421052631579,56.21052631578947,996.9473684210526,1781.6842105263156,445.4210526315789,2140.2315789473682,0.0754950936663693,0.36275111507582514
1032,57.26315789473684,71.6842105263158,71.6842105263158,35.21052631578947,68.73684210526316,1202.5263157894738,1505.3684210526317,376.3421052631579,2420.636842105263,0.06378679750223015,0.41027743086529883
1033,49.10526315789474,85.42105263157895,85.42105263157895,44.10526315789474,62.1578947368421,1031.2105263157896,1793.842105263158,448.4605263157895,2201.5184210526318,0.07601025869759144,0.3731387154326494
1034,51.8421052631579,67.36842105263158,67.36842105263158,32.63157894736842,57.89473684210526,1088.6842105263158,1414.7368421052631,353.6842105263158,2204.4473684210525,0.059946476360392506,0.3736351471900089
1035,53.94736842105263,67.63157894736842,67.63157894736842,34.0,62.8421052631579,1132.8947368421052,1420.2631578947369,355.0657894736842,2280.986842105263,0.06018064228367529,0.3866079393398751
1036,50.526315789473685,79.73684210526316,79.73684210526316,39.89473684210526,68.05263157894737,1061.0526315789473,1674.4736842105265,418.6184210526316,2222.407894736842,0.07095227475468333,0.3766793041926851
1037,46.36842105263158,70.84210526315789,70.84210526315789,36.36842105263158,57.31578947368421,973.7368421052632,1487.6842105263156,371.9210526315789,2027.2736842105264,0.06303746654772524,0.3436057091882248
1038,52.31578947368421,77.94736842105263,77.94736842105263,39.578947368421055,62.526315789473685,1098.6315789473686,1636.8947368421052,409.2236842105263,2276.8973684210528,0.06935994647636039,0.3859148082069581
1039,48.68421052631579,71.21052631578948,71.21052631578948,36.36842105263158,58.94736842105263,1022.3684210526316,1495.4210526315792,373.8552631578948,2111.8815789473683,0.06336529884032115,0.35794603033006245
1040,49.78947368421053,77.89473684210526,77.89473684210526,40.578947368421055,59.94736842105263,1045.578947368421,1635.7894736842104,408.9473684210526,2186.4315789473685,0.06931311329170384,0.3705816235504014
1041,53.578947368421055,72.78947368421052,72.78947368421052,34.10526315789474,62.36842105263158,1125.157894736842,1528.5789473684208,382.1447368421052,2294.9131578947367,0.06477029438001783,0.38896833184656554
1042,50.94736842105263,80.42105263157895,80.42105263157895,40.05263157894737,51.73684210526316,1069.8947368421052,1688.842105263158,422.2105263157895,2241.0315789473684,0.07156110615521856,0.37983586083853704
1043,56.31578947368421,71.10526315789474,71.10526315789474,36.0,62.1578947368421,1182.6315789473686,1493.2105263157896,373.3026315789474,2383.7763157894738,0.06327163247100803,0.4040298840321142
1044,54.31578947368421,67.47368421052632,67.47368421052632,35.421052631578945,62.526315789473685,1140.6315789473686,1416.9473684210527,354.2368421052632,2293.3105263157895,0.06004014272970563,0.38869669937555756
1045,51.578947368421055,80.0,80.0,39.05263157894737,59.421052631578945,1083.157894736842,1680.0,420.0,2261.3684210526317,0.0711864406779661,0.3832827832292596
1046,49.78947368421053,86.94736842105263,86.94736842105263,43.94736842105263,60.473684210526315,1045.578947368421,1825.8947368421052,456.4736842105263,2233.9578947368423,0.07736842105263157,0.3786369313113292
1047,50.31578947368421,72.26315789473684,72.26315789473684,36.36842105263158,58.0,1056.6315789473686,1517.5263157894735,379.3815789473684,2175.6552631578948,0.06430196253345227,0.36875512934879573
1048,47.89473684210526,71.63157894736842,71.63157894736842,35.78947368421053,55.89473684210526,1005.7894736842104,1504.2631578947369,376.0657894736842,2085.907894736842,0.0637399643175736,0.3535437109723461
1049,50.1578947368421,71.0,71.0,34.578947368421055,56.73684210526316,1053.3157894736842,1491.0,372.75,2163.386842105263,0.06317796610169492,0.3666757359500446
1050,48.89473684210526,78.84210526315789,78.84210526315789,38.8421052631579,53.94736842105263,1026.7894736842104,1655.6842105263156,413.9210526315789,2159.4631578947365,0.07015611061552185,0.3660107047279214
1051,54.89473684210526,68.89473684210526,68.89473684210526,34.89473684210526,62.421052631578945,1152.7894736842104,1446.7894736842104,361.6973684210526,2321.43947368421,0.061304638715432645,0.3934643175735949
1052,53.63157894736842,78.26315789473684,78.26315789473684,38.0,57.473684210526315,1126.2631578947369,1643.5263157894735,410.8815789473684,2325.528947368421,0.06964094558429973,0.39415744870651204
1053,52.526315789473685,57.94736842105263,57.94736842105263,28.263157894736842,61.26315789473684,1103.0526315789473,1216.8947368421052,304.2236842105263,2179.4131578947367,0.051563336306868865,0.36939206066012487
1054,51.31578947368421,65.52631578947368,65.52631578947368,33.1578947368421,61.05263157894737,1077.6315789473686,1376.0526315789473,344.0131578947368,2175.9868421052633,0.05830731489741302,0.3688113291703836
1055,44.26315789473684,82.3157894736842,82.3157894736842,43.26315789473684,50.78947368421053,929.5263157894736,1728.6315789473683,432.1578947368421,2012.3526315789472,0.07324710080285458,0.34107671721677074
1056,55.0,75.15789473684211,75.15789473684211,37.10526315789474,69.57894736842105,1155.0,1578.3157894736844,394.5789473684211,2358.0789473684213,0.0668777876895629,0.39967439785905445
1057,48.36842105263158,76.36842105263158,76.36842105263158,39.78947368421053,52.73684210526316,1015.7368421052632,1603.7368421052631,400.9342105263158,2127.686842105263,0.06795495093666369,0.3606248884924175
1058,63.1578947368421,69.57894736842105,69.57894736842105,32.94736842105263,76.21052631578948,1326.3157894736842,1461.157894736842,365.2894736842105,2620.0263157894733,0.061913470115967886,0.4440722569134701
1059,53.526315789473685,80.89473684210526,80.89473684210526,40.526315789473685,60.578947368421055,1124.0526315789473,1698.7894736842104,424.6973684210526,2335.586842105263,0.07198260481712757,0.39586217662801065
1060,49.578947368421055,68.26315789473684,68.26315789473684,34.68421052631579,53.421052631578945,1041.157894736842,1433.5263157894735,358.3815789473684,2128.35,0.06074264049955396,0.3607372881355932
1061,55.73684210526316,75.42105263157895,75.42105263157895,37.89473684210526,62.05263157894737,1170.4736842105262,1583.842105263158,395.9605263157895,2385.765789473684,0.06711195361284568,0.40436708296164137
1062,56.68421052631579,72.84210526315789,72.84210526315789,36.421052631578945,69.78947368421052,1190.3684210526314,1529.6842105263156,382.4210526315789,2406.0473684210524,0.06481712756467439,0.4078046387154326
1063,58.63157894736842,77.73684210526316,77.73684210526316,37.94736842105263,68.36842105263158,1231.2631578947369,1632.4736842105265,408.1184210526316,2501.2657894736844,0.06917261373773417,0.4239433541480821
1064,50.68421052631579,72.36842105263158,72.36842105263158,38.05263157894737,57.473684210526315,1064.3684210526314,1519.7368421052631,379.9342105263158,2189.3605263157892,0.06439562890276539,0.3710780553077609
1065,51.26315789473684,76.47368421052632,76.47368421052632,37.8421052631579,55.421052631578945,1076.5263157894738,1605.9473684210527,401.4868421052632,2231.5815789473686,0.0680486173059768,0.3782341659232828
1066,49.78947368421053,66.10526315789474,66.10526315789474,33.31578947368421,63.0,1045.578947368421,1388.2105263157896,347.0526315789474,2124.536842105263,0.05882247992863515,0.3600909901873327
1067,55.578947368421055,90.3157894736842,90.3157894736842,45.0,65.6842105263158,1167.157894736842,1896.6315789473683,474.1578947368421,2458.3263157894735,0.0803657448706512,0.4166654772524531
1068,49.36842105263158,76.10526315789474,76.10526315789474,37.89473684210526,57.31578947368421,1036.7368421052631,1598.2105263157896,399.5526315789474,2162.0052631578947,0.06772078501338091,0.3664415700267618
1069,48.31578947368421,76.84210526315789,76.84210526315789,37.21052631578947,57.1578947368421,1014.6315789473684,1613.6842105263156,403.4210526315789,2128.294736842105,0.0683764495985727,0.3607279214986619
1070,48.473684210526315,79.36842105263158,79.36842105263158,40.526315789473685,53.68421052631579,1017.9473684210526,1666.7368421052631,416.6842105263158,2147.194736842105,0.07062444246208742,0.3639313113291704
1071,49.73684210526316,83.94736842105263,83.94736842105263,41.89473684210526,53.1578947368421,1044.4736842105262,1762.8947368421052,440.7236842105263,2216.328947368421,0.07469892952720784,0.37564897413024084
1072,50.473684210526315,74.3157894736842,74.3157894736842,38.26315789473684,53.8421052631579,1059.9473684210527,1560.6315789473683,390.1578947368421,2192.0684210526315,0.06612845673505797,0.3715370205173952
1073,49.26315789473684,79.10526315789474,79.10526315789474,39.94736842105263,54.26315789473684,1034.5263157894738,1661.2105263157896,415.3026315789474,2173.9973684210527,0.07039027653880464,0.3684741302408564
1074,44.63157894736842,78.10526315789474,78.10526315789474,40.8421052631579,47.1578947368421,937.2631578947368,1640.2105263157896,410.0526315789474,2003.3999999999996,0.06950044603033007,0.33955932203389827
1075,51.31578947368421,67.05263157894737,67.05263157894737,32.73684210526316,54.63157894736842,1077.6315789473686,1408.1052631578948,352.0263157894737,2184.0,0.05966547725245317,0.3701694915254237
1076,61.68421052631579,71.42105263157895,71.42105263157895,33.421052631578945,67.26315789473684,1295.3684210526314,1499.842105263158,374.9605263157895,2577.086842105263,0.06355263157894737,0.43679438001784116
1077,57.31578947368421,68.36842105263158,68.36842105263158,34.73684210526316,63.36842105263158,1203.6315789473686,1435.7368421052631,358.9342105263158,2405.1078947368424,0.06083630686886708,0.4076454058876004
1078,60.578947368421055,62.26315789473684,62.26315789473684,30.842105263157894,69.63157894736842,1272.157894736842,1307.5263157894738,326.88157894736844,2489.5499999999997,0.05540365744870652,0.42195762711864404
1079,47.36842105263158,90.15789473684211,90.15789473684211,45.94736842105263,57.0,994.7368421052632,1893.3157894736844,473.3289473684211,2164.381578947369,0.08022524531668154,0.36684433541480826
1080,57.94736842105263,77.15789473684211,77.15789473684211,37.8421052631579,66.05263157894737,1216.8947368421052,1620.3157894736844,405.0789473684211,2473.8,0.06865744870651205,0.41928813559322037
1081,44.8421052631579,74.6842105263158,74.6842105263158,39.10526315789474,58.68421052631579,941.6842105263158,1568.3684210526317,392.0921052631579,1992.9552631578947,0.06645628902765388,0.33778902765388047
1082,47.31578947368421,91.94736842105263,91.94736842105263,46.578947368421055,54.10526315789474,993.6315789473684,1930.8947368421052,482.7236842105263,2171.8973684210528,0.08181757359500445,0.3681181980374666
1083,54.73684210526316,82.15789473684211,82.15789473684211,39.421052631578945,60.421052631578945,1149.4736842105262,1725.3157894736844,431.3289473684211,2385.434210526316,0.07310660124888493,0.40431088314005353
1084,49.421052631578945,83.0,83.0,41.31578947368421,50.89473684210526,1037.842105263158,1743.0,435.75,2200.081578947368,0.07385593220338983,0.3728951828724353
1085,59.63157894736842,67.3157894736842,67.3157894736842,34.473684210526315,65.36842105263158,1252.2631578947369,1413.6315789473683,353.4078947368421,2482.2552631578947,0.05989964317573595,0.42072123104371095
1086,53.89473684210526,87.6842105263158,87.6842105263158,42.421052631578945,66.36842105263158,1131.7894736842104,1841.3684210526317,460.3421052631579,2384.3842105263157,0.07802408563782337,0.4041329170383586
1087,54.21052631578947,78.10526315789474,78.10526315789474,39.8421052631579,68.26315789473684,1138.421052631579,1640.2105263157896,410.0526315789474,2345.3684210526317,0.06950044603033007,0.39752007136485284
1088,57.36842105263158,73.89473684210526,73.89473684210526,35.31578947368421,73.52631578947368,1204.7368421052631,1551.7894736842104,387.9473684210526,2435.9999999999995,0.06575379125780552,0.4128813559322033
1089,48.473684210526315,81.42105263157895,81.42105263157895,41.89473684210526,60.63157894736842,1017.9473684210526,1709.842105263158,427.4605263157895,2157.971052631579,0.07245093666369314,0.3657578055307761
1090,51.26315789473684,77.42105263157895,77.42105263157895,39.10526315789474,62.89473684210526,1076.5263157894738,1625.842105263158,406.4605263157895,2236.555263157895,0.06889161462979483,0.37907716324710083
1091,51.31578947368421,85.73684210526316,85.73684210526316,42.78947368421053,57.10526315789474,1077.6315789473686,1800.4736842105265,450.1184210526316,2282.092105263158,0.07629125780553078,0.38679527207850134
1092,44.73684210526316,78.36842105263158,78.36842105263158,41.94736842105263,52.73684210526316,939.4736842105264,1645.7368421052631,411.4342105263158,2008.5394736842106,0.06973461195361284,0.34043041926851025
1093,54.421052631578945,87.0,87.0,43.21052631578947,62.73684210526316,1142.842105263158,1827.0,456.75,2399.581578947368,0.07741525423728814,0.4067087421944692
1094,56.10526315789474,73.73684210526316,73.73684210526316,36.1578947368421,63.05263157894737,1178.2105263157896,1548.4736842105265,387.1184210526316,2390.076315789474,0.06561329170383587,0.40509768064228374
1095,48.0,74.0,74.0,36.78947368421053,54.73684210526316,1008.0,1554.0,388.5,2102.1,0.06584745762711865,0.3562881355932203
1096,50.8421052631579,80.15789473684211,80.15789473684211,40.73684210526316,59.10526315789474,1067.6842105263158,1683.3157894736844,420.8289473684211,2235.892105263158,0.07132694023193578,0.3789647636039251
1097,55.78947368421053,69.52631578947368,69.52631578947368,34.94736842105263,65.6842105263158,1171.578947368421,1460.0526315789473,365.0131578947368,2356.6973684210525,0.06186663693131132,0.3994402319357716
1098,57.05263157894737,64.15789473684211,64.15789473684211,30.526315789473685,64.73684210526316,1198.1052631578948,1347.3157894736844,336.8289473684211,2373.6078947368424,0.05708965209634256,0.40230642283675294
1099,51.89473684210526,72.3157894736842,72.3157894736842,37.10526315789474,60.578947368421055,1089.7894736842104,1518.6315789473683,379.6578947368421,2232.2999999999997,0.06434879571810882,0.3783559322033898
1100,59.10526315789474,74.73684210526316,74.73684210526316,34.78947368421053,71.15789473684211,1241.2105263157896,1569.4736842105265,392.3684210526316,2502.426315789474,0.06650312221231044,0.42414005352363965
1101,59.26315789473684,78.3157894736842,78.3157894736842,38.63157894736842,66.73684210526316,1244.5263157894738,1644.6315789473683,411.1578947368421,2526.8526315789472,0.06968777876895628,0.4282801070472792
1102,53.578947368421055,71.36842105263158,71.36842105263158,35.63157894736842,59.8421052631579,1125.157894736842,1498.7368421052631,374.6842105263158,2287.452631578947,0.06350579839429081,0.3877038358608385
1103,52.21052631578947,81.94736842105263,81.94736842105263,41.73684210526316,53.78947368421053,1096.421052631579,1720.8947368421052,430.2236842105263,2294.1394736842103,0.07291926851025869,0.3888371989295272
1104,43.526315789473685,83.78947368421052,83.78947368421052,44.10526315789474,49.63157894736842,914.0526315789474,1759.5789473684208,439.8947368421052,1993.7842105263157,0.07455842997323817,0.33792952720785013
1105,51.94736842105263,76.47368421052632,76.47368421052632,35.526315789473685,62.68421052631579,1090.8947368421052,1605.9473684210527,401.4868421052632,2256.007894736842,0.0680486173059768,0.38237421944692235
1106,60.36842105263158,61.473684210526315,61.473684210526315,30.0,69.47368421052632,1267.7368421052631,1290.9473684210527,322.7368421052632,2477.8894736842108,0.05470115967885816,0.4199812667261374
1107,58.05263157894737,77.21052631578948,77.21052631578948,39.473684210526315,63.89473684210526,1219.1052631578948,1621.4210526315792,405.3552631578948,2477.8342105263155,0.0687042818911686,0.419971900089206
1108,56.68421052631579,66.78947368421052,66.78947368421052,34.36842105263158,64.05263157894737,1190.3684210526314,1402.5789473684208,350.6447368421052,2374.2710526315786,0.05943131132917037,0.4024188224799286
1109,59.63157894736842,73.10526315789474,73.10526315789474,36.68421052631579,72.26315789473684,1252.2631578947369,1535.2105263157896,383.8026315789474,2512.65,0.06505129348795718,0.4258728813559322
1110,56.73684210526316,72.05263157894737,72.05263157894737,34.73684210526316,66.78947368421052,1191.4736842105262,1513.1052631578948,378.2763157894737,2403.7815789473684,0.06411462979482604,0.4074206066012489
1111,53.05263157894737,81.0,81.0,41.89473684210526,57.21052631578947,1114.1052631578948,1701.0,425.25,2319.2289473684214,0.07207627118644068,0.3930896520963426
1112,51.36842105263158,72.21052631578948,72.21052631578948,37.1578947368421,61.526315789473685,1078.7368421052631,1516.4210526315792,379.1052631578948,2212.957894736842,0.06425512934879572,0.37507760927743083
1113,48.78947368421053,76.21052631578948,76.21052631578948,38.578947368421055,62.0,1024.578947368421,1600.4210526315792,400.1052631578948,2141.8894736842103,0.06781445138269403,0.36303211418376446
1114,45.36842105263158,84.47368421052632,84.47368421052632,42.78947368421053,53.68421052631579,952.7368421052632,1773.9473684210527,443.4868421052632,2063.1394736842108,0.07516726137377341,0.3496846565566459
1115,39.94736842105263,87.26315789473684,87.26315789473684,45.68421052631579,43.26315789473684,838.8947368421052,1832.5263157894735,458.1315789473684,1884.252631578947,0.07764942016057091,0.31936485280999105
1116,50.421052631578945,86.15789473684211,86.15789473684211,44.421052631578945,53.05263157894737,1058.842105263158,1809.3157894736844,452.3289473684211,2252.3605263157897,0.07666592328278324,0.38175602140945586
1117,54.421052631578945,72.15789473684211,72.15789473684211,35.473684210526315,57.63157894736842,1142.842105263158,1515.3157894736844,378.8289473684211,2321.6605263157894,0.06420829616413917,0.39350178412132025
1118,53.10526315789474,58.21052631578947,58.21052631578947,30.894736842105264,53.21052631578947,1115.2105263157896,1222.421052631579,305.60526315789474,2201.463157894737,0.05179750223015165,0.37312934879571813
1119,50.94736842105263,64.36842105263158,64.36842105263158,33.73684210526316,53.73684210526316,1069.8947368421052,1351.7368421052631,337.9342105263158,2156.7552631578947,0.05727698483496878,0.36555173951828723
1120,46.36842105263158,83.42105263157895,83.42105263157895,43.26315789473684,57.89473684210526,973.7368421052632,1751.842105263158,437.9605263157895,2093.313157894737,0.07423059768064229,0.35479884032114184
1121,51.89473684210526,81.84210526315789,81.84210526315789,41.0,60.578947368421055,1089.7894736842104,1718.6842105263156,429.6710526315789,2282.3131578947364,0.07282560214094558,0.3868327386262265
1122,44.94736842105263,76.84210526315789,76.84210526315789,39.526315789473685,56.31578947368421,943.8947368421052,1613.6842105263156,403.4210526315789,2008.0421052631577,0.0683764495985727,0.3403461195361284
1123,51.89473684210526,72.78947368421052,72.78947368421052,35.526315789473685,59.05263157894737,1089.7894736842104,1528.5789473684208,382.1447368421052,2234.7868421052626,0.06477029438001783,0.37877743086529875
1124,51.36842105263158,67.3157894736842,67.3157894736842,31.789473684210527,56.73684210526316,1078.7368421052631,1413.6315789473683,353.4078947368421,2187.2605263157893,0.05989964317573595,0.3707221231043711
1125,52.89473684210526,73.36842105263158,73.36842105263158,37.578947368421055,61.73684210526316,1110.7894736842104,1540.7368421052631,385.1842105263158,2273.5263157894733,0.06528545941123996,0.385343443354148
1126,47.78947368421053,70.57894736842105,70.57894736842105,34.10526315789474,55.0,1003.578947368421,1482.157894736842,370.5394736842105,2076.6236842105263,0.06280330062444246,0.3519701159678858
1127,53.73684210526316,66.6842105263158,66.6842105263158,35.1578947368421,60.8421052631579,1128.4736842105262,1400.3684210526317,350.0921052631579,2268.4973684210527,0.05933764495985727,0.38449107939339877
1128,50.68421052631579,71.57894736842105,71.57894736842105,35.89473684210526,58.94736842105263,1064.3684210526314,1503.157894736842,375.7894736842105,2185.215789473684,0.06369313113291704,0.3703755575379125
1129,53.10526315789474,72.0,72.0,36.78947368421053,63.73684210526316,1115.2105263157896,1512.0,378.0,2273.8578947368424,0.0640677966101695,0.385399643175736
1130,54.1578947368421,74.57894736842105,74.57894736842105,37.21052631578947,66.36842105263158,1137.3157894736842,1566.157894736842,391.5394736842105,2324.9763157894736,0.06636262265834077,0.3940637823371989
1131,52.63157894736842,76.36842105263158,76.36842105263158,38.05263157894737,61.73684210526316,1105.2631578947369,1603.7368421052631,400.9342105263158,2279.8815789473683,0.06795495093666369,0.3864206066012489
1132,50.78947368421053,86.57894736842105,86.57894736842105,42.473684210526315,57.89473684210526,1066.578947368421,1818.157894736842,454.5394736842105,2267.7236842105262,0.07704058876003568,0.3843599464763604
1133,56.31578947368421,74.10526315789474,74.10526315789474,36.05263157894737,69.42105263157895,1182.6315789473686,1556.2105263157896,389.0526315789474,2399.5263157894738,0.06594112399643176,0.40669937555753793
1134,55.0,65.26315789473684,65.26315789473684,33.578947368421055,67.36842105263158,1155.0,1370.5263157894735,342.6315789473684,2306.1315789473683,0.05807314897413023,0.39086975914362176
1135,49.94736842105263,84.36842105263158,84.36842105263158,42.31578947368421,54.0,1048.8947368421052,1771.7368421052631,442.9342105263158,2226.0552631578944,0.0750735950044603,0.37729750223015157
1136,53.26315789473684,71.21052631578948,71.21052631578948,36.26315789473684,58.73684210526316,1118.5263157894738,1495.4210526315792,373.8552631578948,2275.3500000000004,0.06336529884032115,0.38565254237288144
1137,45.8421052631579,78.84210526315789,78.84210526315789,39.36842105263158,51.526315789473685,962.6842105263158,1655.6842105263156,413.9210526315789,2050.4842105263156,0.07015611061552185,0.3475396966993755
1138,55.421052631578945,64.47368421052632,64.47368421052632,31.94736842105263,71.89473684210526,1163.842105263158,1353.9473684210527,338.4868421052632,2317.0184210526318,0.05737065120428189,0.39271498661909016
1139,47.473684210526315,90.36842105263158,90.36842105263158,44.526315789473685,55.8421052631579,996.9473684210526,1897.7368421052631,474.4342105263158,2169.244736842105,0.08041257805530776,0.36766859946476355
1140,56.473684210526315,76.0,76.0,37.78947368421053,65.42105263157895,1185.9473684210527,1596.0,399.0,2415.1105263157897,0.0676271186440678,0.4093407671721677
1141,55.63157894736842,74.26315789473684,74.26315789473684,36.473684210526315,65.21052631578948,1168.2631578947369,1559.5263157894735,389.8815789473684,2375.928947368421,0.06608162355040142,0.402699821587868
1142,50.473684210526315,78.63157894736842,78.63157894736842,39.8421052631579,60.05263157894737,1059.9473684210527,1651.2631578947369,412.8157894736842,2214.726315789474,0.06996877787689564,0.37537734165923287
1143,53.78947368421053,82.05263157894737,82.05263157894737,40.78947368421053,62.421052631578945,1129.578947368421,1723.1052631578948,430.7763157894737,2351.0605263157895,0.07301293487957182,0.3984848349687779
1144,52.94736842105263,87.05263157894737,87.05263157894737,43.89473684210526,59.89473684210526,1111.8947368421052,1828.1052631578948,457.0263157894737,2347.247368421052,0.0774620874219447,0.3978385370205173
1145,54.73684210526316,78.10526315789474,78.10526315789474,40.578947368421055,65.21052631578948,1149.4736842105262,1640.2105263157896,410.0526315789474,2364.157894736842,0.06950044603033007,0.40070472792149864
1146,48.63157894736842,67.84210526315789,67.84210526315789,35.26315789473684,52.26315789473684,1021.2631578947368,1424.6842105263156,356.1710526315789,2092.3184210526315,0.06036797502230151,0.35463024085637823
1147,48.31578947368421,77.6842105263158,77.6842105263158,38.78947368421053,67.36842105263158,1014.6315789473684,1631.3684210526317,407.8421052631579,2132.7157894736843,0.06912578055307761,0.3614772524531668
1148,50.421052631578945,75.47368421052632,75.47368421052632,39.0,53.68421052631579,1058.842105263158,1584.9473684210527,396.2368421052632,2196.2684210526318,0.06715878679750223,0.37224888492417485
1149,46.31578947368421,85.26315789473684,85.26315789473684,43.8421052631579,53.63157894736842,972.6315789473684,1790.5263157894735,447.6315789473684,2101.1052631578946,0.07586975914362176,0.3561195361284567
1150,56.73684210526316,80.26315789473684,80.26315789473684,38.89473684210526,67.73684210526316,1191.4736842105262,1685.5263157894735,421.3815789473684,2446.886842105263,0.07142060660124888,0.4147265834076717
1151,47.94736842105263,75.94736842105263,75.94736842105263,39.78947368421053,53.10526315789474,1006.8947368421052,1594.8947368421052,398.7236842105263,2110.444736842105,0.06758028545941124,0.3577024977698483
1152,52.89473684210526,82.05263157894737,82.05263157894737,40.78947368421053,62.421052631578945,1110.7894736842104,1723.1052631578948,430.7763157894737,2319.118421052631,0.07301293487957182,0.39307091882247985
1153,51.31578947368421,75.36842105263158,75.36842105263158,37.89473684210526,63.05263157894737,1077.6315789473686,1582.7368421052631,395.6842105263158,2227.657894736842,0.06706512042818912,0.37756913470115966
1154,55.10526315789474,78.26315789473684,78.26315789473684,39.421052631578945,69.10526315789474,1157.2105263157896,1643.5263157894735,410.8815789473684,2378.1394736842108,0.06964094558429973,0.40307448706512045
1155,47.68421052631579,71.78947368421052,71.78947368421052,36.473684210526315,50.78947368421053,1001.3684210526316,1507.5789473684208,376.8947368421052,2079.221052631579,0.06388046387154325,0.35241034790365744
1156,59.26315789473684,78.10526315789474,78.10526315789474,39.31578947368421,71.26315789473684,1244.5263157894738,1640.2105263157896,410.0526315789474,2525.7473684210527,0.06950044603033007,0.428092774308653
1157,52.421052631578945,72.26315789473684,72.26315789473684,35.473684210526315,66.84210526315789,1100.842105263158,1517.5263157894735,379.3815789473684,2250.813157894737,0.06430196253345227,0.3814937555753791
1158,52.05263157894737,73.21052631578948,73.21052631578948,35.31578947368421,55.8421052631579,1093.1052631578948,1537.4210526315792,384.3552631578948,2242.6342105263157,0.0651449598572703,0.380107493309545
1159,53.0,71.42105263157895,71.42105263157895,35.68421052631579,68.15789473684211,1113.0,1499.842105263158,374.9605263157895,2267.0605263157895,0.06355263157894737,0.3842475468331847
1160,53.73684210526316,76.05263157894737,76.05263157894737,37.63157894736842,58.94736842105263,1128.4736842105262,1597.1052631578948,399.2763157894737,2317.681578947368,0.06767395182872435,0.39282738626226577
1161,48.578947368421055,78.42105263157895,78.42105263157895,39.63157894736842,64.05263157894737,1020.1578947368422,1646.842105263158,411.7105263157895,2145.9789473684214,0.06978144513826941,0.3637252453166816
1162,50.8421052631579,76.10526315789474,76.10526315789474,37.578947368421055,56.36842105263158,1067.6842105263158,1598.2105263157896,399.5526315789474,2214.6157894736843,0.06772078501338091,0.3753586083853702
1163,52.36842105263158,77.36842105263158,77.36842105263158,39.0,58.73684210526316,1099.7368421052631,1624.7368421052631,406.1842105263158,2275.736842105263,0.06884478144513827,0.3857181088314005
1164,49.89473684210526,81.42105263157895,81.42105263157895,42.0,58.1578947368421,1047.7894736842104,1709.842105263158,427.4605263157895,2208.702631578947,0.07245093666369314,0.37435637823371987
1165,50.421052631578945,90.26315789473684,90.26315789473684,45.94736842105263,61.68421052631579,1058.842105263158,1895.5263157894735,473.8815789473684,2273.9131578947367,0.08031891168599464,0.38540900981266724
1166,46.68421052631579,83.57894736842105,83.57894736842105,43.1578947368421,52.26315789473684,980.3684210526316,1755.157894736842,438.7894736842105,2105.415789473684,0.07437109723461195,0.35685013380909897
1167,53.1578947368421,69.21052631578948,69.21052631578948,34.31578947368421,65.57894736842105,1116.3157894736842,1453.4210526315792,363.3552631578948,2261.092105263158,0.061585637823372,0.38323595004460304
1168,51.1578947368421,77.21052631578948,77.21052631578948,39.473684210526315,66.15789473684211,1074.3157894736842,1621.4210526315792,405.3552631578948,2231.692105263158,0.0687042818911686,0.3782528991971454
1169,46.63157894736842,80.63157894736842,80.63157894736842,41.78947368421053,53.63157894736842,979.2631578947368,1693.2631578947369,423.3157894736842,2088.063157894737,0.07174843889384479,0.35390900981266726
1170,59.05263157894737,78.84210526315789,78.84210526315789,38.526315789473685,68.78947368421052,1240.1052631578948,1655.6842105263156,413.9210526315789,2522.1,0.07015611061552185,0.4274745762711864
1171,54.73684210526316,74.52631578947368,74.52631578947368,37.473684210526315,64.57894736842105,1149.4736842105262,1565.0526315789473,391.2631578947368,2345.368421052631,0.0663157894736842,0.39752007136485273
1172,55.94736842105263,78.94736842105263,78.94736842105263,38.26315789473684,63.63157894736842,1174.8947368421052,1657.8947368421052,414.4736842105263,2411.794736842105,0.07024977698483496,0.408778768956289
1173,58.578947368421055,66.42105263157895,66.42105263157895,32.10526315789474,66.84210526315789,1230.157894736842,1394.842105263158,348.7105263157895,2439.978947368421,0.05910347903657449,0.4135557537912578
1174,45.73684210526316,78.63157894736842,78.63157894736842,40.526315789473685,50.94736842105263,960.4736842105264,1651.2631578947369,412.8157894736842,2045.621052631579,0.06996877787689564,0.3467154326494202
1175,54.73684210526316,69.47368421052632,69.47368421052632,35.68421052631579,62.8421052631579,1149.4736842105262,1458.9473684210527,364.7368421052632,2318.842105263158,0.06181980374665478,0.3930240856378234
1176,56.10526315789474,69.63157894736842,69.63157894736842,34.10526315789474,61.26315789473684,1178.2105263157896,1462.2631578947369,365.5657894736842,2368.5236842105264,0.06196030330062444,0.40144469223907225
1177,53.473684210526315,70.3157894736842,70.3157894736842,36.1578947368421,54.578947368421055,1122.9473684210527,1476.6315789473683,369.1578947368421,2278.168421052632,0.06256913470115967,0.38613024085637826
1178,52.421052631578945,83.0,83.0,41.0,57.78947368421053,1100.842105263158,1743.0,435.75,2307.1815789473685,0.07385593220338983,0.39104772524531667
1179,52.421052631578945,66.84210526315789,66.84210526315789,32.421052631578945,63.78947368421053,1100.842105263158,1403.6842105263156,350.9210526315789,2222.3526315789472,0.059478144513826936,0.3766699375557538
1180,45.63157894736842,80.42105263157895,80.42105263157895,41.526315789473685,56.78947368421053,958.2631578947368,1688.842105263158,422.2105263157895,2051.257894736842,0.07156110615521856,0.3476708296164139
1181,54.68421052631579,68.84210526315789,68.84210526315789,34.421052631578945,62.89473684210526,1148.3684210526314,1445.6842105263156,361.4210526315789,2313.6473684210523,0.06125780553077609,0.39214362176628004
1182,50.0,73.84210526315789,73.84210526315789,37.31578947368421,57.10526315789474,1050.0,1550.6842105263156,387.6710526315789,2172.6710526315787,0.06570695807314897,0.36824933095450485
1183,61.63157894736842,69.94736842105263,69.94736842105263,34.73684210526316,67.10526315789474,1294.2631578947369,1468.8947368421052,367.2236842105263,2567.471052631579,0.06224130240856378,0.435164585191793
1184,56.26315789473684,62.31578947368421,62.31578947368421,29.894736842105264,67.52631578947368,1181.5263157894738,1308.6315789473686,327.15789473684214,2335.7526315789473,0.055450490633363075,0.39589027653880465
1185,45.68421052631579,78.52631578947368,78.52631578947368,41.578947368421055,54.26315789473684,959.3684210526316,1649.0526315789473,412.2631578947368,2043.1894736842105,0.06987511150758251,0.3463033006244425
1186,43.73684210526316,89.05263157894737,89.05263157894737,46.68421052631579,52.63157894736842,918.4736842105264,1870.1052631578948,467.5263157894737,2028.9315789473685,0.07924174843889385,0.34388670829616413
1187,51.26315789473684,74.15789473684211,74.15789473684211,38.0,64.15789473684211,1076.5263157894738,1557.3157894736844,389.3289473684211,2219.4236842105265,0.06598795718108832,0.3761735057983943
1188,53.78947368421053,74.6842105263158,74.6842105263158,38.68421052631579,60.21052631578947,1129.578947368421,1568.3684210526317,392.0921052631579,2312.3763157894737,0.06645628902765388,0.39192818911685995
1189,51.78947368421053,72.36842105263158,72.36842105263158,34.78947368421053,59.421052631578945,1087.578947368421,1519.7368421052631,379.9342105263158,2228.8184210526315,0.06439562890276539,0.3777658340767172
1190,50.8421052631579,80.21052631578948,80.21052631578948,40.578947368421055,66.15789473684211,1067.6842105263158,1684.4210526315792,421.1052631578948,2236.168421052632,0.07137377341659233,0.37901159678858165
1191,49.21052631578947,73.84210526315789,73.84210526315789,37.8421052631579,59.21052631578947,1033.421052631579,1550.6842105263156,387.6710526315789,2144.486842105263,0.06570695807314897,0.3634723461195361
1192,48.31578947368421,73.42105263157895,73.42105263157895,35.36842105263158,54.36842105263158,1014.6315789473684,1541.842105263158,385.4605263157895,2110.334210526316,0.06533229259589653,0.35768376449598577
1193,54.26315789473684,72.26315789473684,72.26315789473684,34.8421052631579,61.421052631578945,1139.5263157894738,1517.5263157894735,379.3815789473684,2316.576315789474,0.06430196253345227,0.3926400535236397
1194,59.36842105263158,72.26315789473684,72.26315789473684,35.89473684210526,70.78947368421052,1246.7368421052631,1517.5263157894735,379.3815789473684,2498.8342105263155,0.06430196253345227,0.42353122212310435
1195,53.10526315789474,72.47368421052632,72.47368421052632,36.1578947368421,60.31578947368421,1115.2105263157896,1521.9473684210527,380.4868421052632,2276.3447368421057,0.0644892952720785,0.38582114183764504
1196,60.0,71.52631578947368,71.52631578947368,35.1578947368421,64.05263157894737,1260.0,1502.0526315789473,375.5131578947368,2517.5131578947367,0.06364629794826047,0.42669714540588755
1197,51.73684210526316,62.36842105263158,62.36842105263158,30.157894736842106,52.421052631578945,1086.4736842105262,1309.7368421052631,327.4342105263158,2174.4394736842105,0.055497323818019625,0.3685490633363069
1198,52.26315789473684,84.36842105263158,84.36842105263158,43.421052631578945,59.31578947368421,1097.5263157894738,1771.7368421052631,442.9342105263158,2308.728947368421,0.0750735950044603,0.39130999107939335
1199,58.8421052631579,77.52631578947368,77.52631578947368,37.94736842105263,70.52631578947368,1235.6842105263158,1628.0526315789473,407.0131578947368,2507.6763157894734,0.06898528099910793,0.4250298840321141
1200,59.10526315789474,72.78947368421052,72.78947368421052,36.8421052631579,69.3157894736842,1241.2105263157896,1528.5789473684208,382.1447368421052,2492.202631578947,0.06477029438001783,0.422407225691347
1201,47.68421052631579,69.78947368421052,69.78947368421052,34.05263157894737,54.63157894736842,1001.3684210526316,1465.5789473684208,366.3947368421052,2068.721052631579,0.0621008028545941,0.3506306868867083
1202,52.8421052631579,73.57894736842105,73.57894736842105,36.421052631578945,58.1578947368421,1109.6842105263158,1545.157894736842,386.2894736842105,2272.7526315789473,0.06547279214986619,0.38521231043710974
1203,48.94736842105263,78.0,78.0,39.63157894736842,54.94736842105263,1027.8947368421052,1638.0,409.5,2156.9210526315787,0.06940677966101695,0.3655798394290811
1204,50.05263157894737,75.52631578947368,75.52631578947368,36.94736842105263,58.473684210526315,1051.1052631578948,1586.0526315789473,396.5131578947368,2183.3921052631576,0.06720561998215878,0.37006645851917924
1205,48.8421052631579,87.26315789473684,87.26315789473684,44.31578947368421,58.94736842105263,1025.6842105263158,1832.5263157894735,458.1315789473684,2201.7947368421055,0.07764942016057091,0.373185548617306
1206,45.63157894736842,84.78947368421052,84.78947368421052,42.26315789473684,54.473684210526315,958.2631578947368,1780.5789473684208,445.1447368421052,2074.192105263158,0.07544826048171274,0.3515579839429081
1207,51.89473684210526,78.6842105263158,78.6842105263158,39.578947368421055,58.578947368421055,1089.7894736842104,1652.3684210526317,413.0921052631579,2265.7342105263156,0.07001561106155219,0.38402274754683313
1208,54.26315789473684,67.36842105263158,67.36842105263158,34.94736842105263,63.1578947368421,1139.5263157894738,1414.7368421052631,353.6842105263158,2290.878947368421,0.059946476360392506,0.3882845673505798
1209,59.1578947368421,72.94736842105263,72.94736842105263,35.73684210526316,62.63157894736842,1242.3157894736842,1531.8947368421052,382.9736842105263,2494.9105263157894,0.0649107939339875,0.42286619090098126
1210,55.05263157894737,56.8421052631579,56.8421052631579,29.526315789473685,54.473684210526315,1156.1052631578948,1193.6842105263158,298.42105263157896,2263.8,0.05057983942908118,0.3836949152542373
1211,55.68421052631579,61.526315789473685,61.526315789473685,28.736842105263158,66.21052631578948,1169.3684210526314,1292.0526315789473,323.0131578947368,2310.93947368421,0.05474799286351471,0.39168465655664575
1212,55.26315789473684,78.78947368421052,78.78947368421052,37.63157894736842,63.94736842105263,1160.5263157894738,1654.5789473684208,413.6447368421052,2386.539473684211,0.07010927743086529,0.4044982158786798
1213,53.578947368421055,77.78947368421052,77.78947368421052,38.26315789473684,61.8421052631579,1125.157894736842,1633.5789473684208,408.3947368421052,2321.1631578947367,0.06921944692239071,0.3934174843889384
1214,53.473684210526315,76.05263157894737,76.05263157894737,36.578947368421055,59.89473684210526,1122.9473684210527,1597.1052631578948,399.2763157894737,2308.286842105263,0.06767395182872435,0.39123505798394287
1215,60.8421052631579,71.6842105263158,71.6842105263158,36.473684210526315,69.21052631578948,1277.6842105263158,1505.3684210526317,376.3421052631579,2548.4052631578948,0.06378679750223015,0.43193309545049063
1216,52.68421052631579,77.94736842105263,77.94736842105263,40.526315789473685,64.6842105263158,1106.3684210526314,1636.8947368421052,409.2236842105263,2290.0499999999997,0.06935994647636039,0.38814406779661015
1217,62.78947368421053,75.10526315789474,75.10526315789474,36.78947368421053,66.6842105263158,1318.578947368421,1577.2105263157896,394.3026315789474,2635.8868421052634,0.06683095450490634,0.4467604817127565
1218,45.31578947368421,73.26315789473684,73.26315789473684,38.05263157894737,49.94736842105263,951.6315789473684,1538.5263157894735,384.6315789473684,2002.4052631578945,0.06519179304192685,0.33939072256913466
1219,53.526315789473685,74.94736842105263,74.94736842105263,37.526315789473685,62.578947368421055,1124.0526315789473,1573.8947368421052,393.4736842105263,2304.3631578947366,0.06669045495093666,0.39057002676181973
1220,51.421052631578945,71.42105263157895,71.42105263157895,37.578947368421055,52.31578947368421,1079.842105263158,1499.842105263158,374.9605263157895,2210.692105263158,0.06355263157894737,0.3746935771632471
1221,53.526315789473685,79.57894736842105,79.57894736842105,41.36842105263158,63.526315789473685,1124.0526315789473,1671.157894736842,417.7894736842105,2328.6789473684207,0.07081177520071365,0.39469134701159675
1222,56.0,76.78947368421052,76.78947368421052,37.8421052631579,67.6842105263158,1176.0,1612.5789473684208,403.1447368421052,2402.3447368421052,0.06832961641391613,0.4071770740410348
1223,56.94736842105263,70.47368421052632,70.47368421052632,33.473684210526315,72.94736842105263,1195.8947368421052,1479.9473684210527,369.9868421052632,2403.007894736842,0.06270963425512935,0.40728947368421053
1224,44.1578947368421,85.05263157894737,85.05263157894737,42.73684210526316,48.68421052631579,927.3157894736842,1786.1052631578948,446.5263157894737,2022.9631578947367,0.07568242640499555,0.3428751115075825
1225,50.0,74.15789473684211,74.15789473684211,34.94736842105263,62.36842105263158,1050.0,1557.3157894736844,389.3289473684211,2174.3289473684213,0.06598795718108832,0.3685303300624443
1226,55.0,69.63157894736842,69.63157894736842,36.63157894736842,64.84210526315789,1155.0,1462.2631578947369,365.5657894736842,2329.065789473684,0.06196030330062444,0.39475691347011593
1227,51.63157894736842,70.15789473684211,70.15789473684211,35.421052631578945,56.94736842105263,1084.2631578947369,1473.3157894736844,368.3289473684211,2211.576315789474,0.06242863514719001,0.3748434433541481
1228,49.68421052631579,79.57894736842105,79.57894736842105,41.21052631578947,57.21052631578947,1043.3684210526314,1671.157894736842,417.7894736842105,2191.515789473684,0.07081177520071365,0.37144335414808205
1229,53.0,71.89473684210526,71.89473684210526,35.578947368421055,59.94736842105263,1113.0,1509.7894736842104,377.4473684210526,2269.5473684210524,0.06397413024085637,0.3846690454950936
1230,52.36842105263158,83.26315789473684,83.26315789473684,41.68421052631579,66.0,1099.7368421052631,1748.5263157894735,437.1315789473684,2306.684210526316,0.07409009812667261,0.3909634255129349
1231,47.63157894736842,73.84210526315789,73.84210526315789,37.1578947368421,61.578947368421055,1000.2631578947368,1550.6842105263156,387.6710526315789,2088.118421052631,0.06570695807314897,0.3539183764495985
1232,47.21052631578947,77.63157894736842,77.63157894736842,38.94736842105263,58.73684210526316,991.421052631579,1630.2631578947369,407.5657894736842,2092.9815789473687,0.06907894736842106,0.354742640499554
1233,46.31578947368421,73.94736842105263,73.94736842105263,37.1578947368421,53.31578947368421,972.6315789473684,1552.8947368421052,388.2236842105263,2041.6973684210525,0.06580062444246208,0.34605040142729704
1234,54.578947368421055,74.78947368421052,74.78947368421052,35.578947368421055,66.21052631578948,1146.157894736842,1570.5789473684208,392.6447368421052,2341.113157894737,0.06654995539696698,0.3967988403211419
1235,48.73684210526316,81.36842105263158,81.36842105263158,39.26315789473684,61.78947368421053,1023.4736842105264,1708.7368421052631,427.1842105263158,2167.0894736842106,0.07240410347903657,0.3673033006244425
1236,50.73684210526316,78.36842105263158,78.36842105263158,38.89473684210526,54.73684210526316,1065.4736842105262,1645.7368421052631,411.4342105263158,2222.73947368421,0.06973461195361284,0.3767355040142729
1237,50.26315789473684,63.1578947368421,63.1578947368421,32.526315789473685,59.63157894736842,1055.5263157894738,1326.3157894736842,331.57894736842104,2125.9736842105267,0.056199821587867974,0.3603345227475469
1238,46.10526315789474,76.89473684210526,76.89473684210526,38.1578947368421,49.78947368421053,968.2105263157896,1614.7894736842104,403.6973684210526,2049.6552631578948,0.06842328278322926,0.3473991971454059
1239,58.73684210526316,72.73684210526316,72.73684210526316,36.8421052631579,74.3157894736842,1233.4736842105262,1527.4736842105265,381.8684210526316,2478.7736842105264,0.06472346119536129,0.42013113291703835
1240,46.05263157894737,81.0,81.0,41.94736842105263,53.21052631578947,967.1052631578948,1701.0,425.25,2069.328947368421,0.07207627118644068,0.35073371989295266
1241,46.73684210526316,73.05263157894737,73.05263157894737,38.578947368421055,55.421052631578945,981.4736842105264,1534.1052631578948,383.5263157894737,2052.0315789473684,0.06500446030330062,0.34780196253345225
1242,53.94736842105263,65.57894736842105,65.57894736842105,31.842105263157894,63.0,1132.8947368421052,1377.157894736842,344.2894736842105,2270.210526315789,0.05835414808206958,0.38478144513826934
1243,49.8421052631579,76.42105263157895,76.42105263157895,38.63157894736842,60.473684210526315,1046.6842105263158,1604.842105263158,401.2105263157895,2180.573684210526,0.06800178412132026,0.3695887600356824
1244,58.421052631578945,64.05263157894737,64.05263157894737,29.57894736842105,70.42105263157895,1226.842105263158,1345.1052631578948,336.2763157894737,2421.907894736842,0.05699598572702944,0.410492863514719
1245,50.0,79.0,79.0,41.26315789473684,58.05263157894737,1050.0,1659.0,414.75,2199.75,0.07029661016949153,0.37283898305084745
1246,52.31578947368421,76.15789473684211,76.15789473684211,37.63157894736842,65.84210526315789,1098.6315789473686,1599.3157894736844,399.8289473684211,2267.502631578948,0.06776761819803748,0.3843224799286352
1247,49.94736842105263,67.10526315789474,67.10526315789474,34.26315789473684,55.05263157894737,1048.8947368421052,1409.2105263157896,352.3026315789474,2135.423684210526,0.05971231043710973,0.36193621766280104
1248,53.94736842105263,75.36842105263158,75.36842105263158,38.89473684210526,63.36842105263158,1132.8947368421052,1582.7368421052631,395.6842105263158,2321.6052631578946,0.06706512042818912,0.3934924174843889
1249,50.36842105263158,79.6842105263158,79.6842105263158,39.473684210526315,62.68421052631579,1057.7368421052631,1673.3684210526317,418.3421052631579,2216.4947368421053,0.07090544157002676,0.3756770740410348
1250,56.21052631578947,68.94736842105263,68.94736842105263,34.526315789473685,61.89473684210526,1180.421052631579,1447.8947368421052,361.9736842105263,2368.6894736842105,0.0613514719000892,0.4014727921498662
1251,49.421052631578945,85.26315789473684,85.26315789473684,43.526315789473685,56.26315789473684,1037.842105263158,1790.5263157894735,447.6315789473684,2211.963157894737,0.07586975914362176,0.3749090098126673
1252,52.26315789473684,78.3157894736842,78.3157894736842,40.0,61.73684210526316,1097.5263157894738,1644.6315789473683,411.1578947368421,2276.952631578947,0.06968777876895628,0.38592417484388936
1253,52.89473684210526,82.0,82.0,40.526315789473685,64.0,1110.7894736842104,1722.0,430.5,2318.8421052631575,0.07296610169491526,0.3930240856378233
1254,48.31578947368421,83.26315789473684,83.26315789473684,39.8421052631579,52.78947368421053,1014.6315789473684,1748.5263157894735,437.1315789473684,2162.0052631578947,0.07409009812667261,0.3664415700267618
1255,48.8421052631579,86.15789473684211,86.15789473684211,42.421052631578945,57.89473684210526,1025.6842105263158,1809.3157894736844,452.3289473684211,2195.992105263158,0.07666592328278324,0.3722020517395183
1256,50.21052631578947,71.89473684210526,71.89473684210526,35.94736842105263,59.21052631578947,1054.421052631579,1509.7894736842104,377.4473684210526,2169.963157894737,0.06397413024085637,0.3677903657448707
1257,46.473684210526315,72.89473684210526,72.89473684210526,37.0,47.78947368421053,975.9473684210526,1530.7894736842104,382.6973684210526,2041.8078947368422,0.06486396074933094,0.3460691347011597
1258,52.421052631578945,65.89473684210526,65.89473684210526,33.89473684210526,59.31578947368421,1100.842105263158,1383.7894736842104,345.9473684210526,2217.378947368421,0.05863514719000892,0.37582694023193575
1259,47.10526315789474,79.89473684210526,79.89473684210526,41.26315789473684,61.36842105263158,989.2105263157896,1677.7894736842104,419.4473684210526,2101.105263157895,0.07109277430865299,0.35611953612845676
1260,53.8421052631579,70.73684210526316,70.73684210526316,36.578947368421055,67.47368421052632,1130.6842105263158,1485.4736842105265,371.3684210526316,2293.5315789473684,0.06294380017841214,0.3887341659232828
1261,48.36842105263158,84.63157894736842,84.63157894736842,43.526315789473685,59.78947368421053,1015.7368421052632,1777.2631578947369,444.3157894736842,2171.068421052632,0.07530776092774309,0.36797769848349693
1262,55.89473684210526,83.57894736842105,83.57894736842105,41.26315789473684,65.42105263157895,1173.7894736842104,1755.157894736842,438.7894736842105,2434.2315789473682,0.07437109723461195,0.4125816235504014
1263,57.473684210526315,81.78947368421052,81.78947368421052,41.0,64.63157894736842,1206.9473684210527,1717.5789473684208,429.3947368421052,2481.2052631578945,0.07277876895628901,0.420543264942016
1264,60.473684210526315,67.63157894736842,67.63157894736842,32.73684210526316,72.57894736842105,1269.9473684210527,1420.2631578947369,355.0657894736842,2513.9763157894736,0.06018064228367529,0.42609768064228365
1265,59.10526315789474,73.84210526315789,73.84210526315789,36.421052631578945,72.3157894736842,1241.2105263157896,1550.6842105263156,387.6710526315789,2497.728947368421,0.06570695807314897,0.42334388938447814
1266,65.42105263157895,80.3157894736842,80.3157894736842,37.68421052631579,74.78947368421052,1373.842105263158,1686.6315789473683,421.6578947368421,2757.1894736842105,0.07146743978590543,0.46732024977698483
1267,45.05263157894737,84.89473684210526,84.89473684210526,44.473684210526315,47.421052631578945,946.1052631578948,1782.7894736842104,445.6973684210526,2054.076315789474,0.07554192685102587,0.3481485280999108
1268,49.0,75.26315789473684,75.26315789473684,38.0,57.31578947368421,1029.0,1580.5263157894735,395.1315789473684,2144.4315789473685,0.066971454058876,0.3634629794826048
1269,58.1578947368421,69.42105263157895,69.42105263157895,35.1578947368421,69.15789473684211,1221.3157894736842,1457.842105263158,364.4605263157895,2440.6973684210525,0.061772970561998215,0.4136775200713648
1270,45.89473684210526,79.10526315789474,79.10526315789474,40.63157894736842,55.0,963.7894736842104,1661.2105263157896,415.3026315789474,2053.744736842105,0.07039027653880464,0.34809232827832287
1271,56.10526315789474,76.47368421052632,76.47368421052632,38.89473684210526,62.8421052631579,1178.2105263157896,1605.9473684210527,401.4868421052632,2404.4447368421056,0.0680486173059768,0.4075330062444247
1272,56.0,68.26315789473684,68.26315789473684,34.05263157894737,63.36842105263158,1176.0,1433.5263157894735,358.3815789473684,2357.5815789473686,0.06074264049955396,0.3995900981266726
1273,52.578947368421055,76.15789473684211,76.15789473684211,38.473684210526315,58.68421052631579,1104.157894736842,1599.3157894736844,399.8289473684211,2276.8973684210528,0.06776761819803748,0.3859148082069581
1274,48.89473684210526,83.52631578947368,83.52631578947368,42.73684210526316,57.31578947368421,1026.7894736842104,1754.0526315789473,438.5131578947368,2184.0552631578944,0.07432426404995539,0.37017885816235496
1275,41.78947368421053,86.89473684210526,86.89473684210526,44.63157894736842,44.21052631578947,877.578947368421,1824.7894736842104,456.1973684210526,1948.0815789473681,0.07732158786797502,0.33018331846565563
1276,50.473684210526315,66.78947368421052,66.78947368421052,33.63157894736842,56.10526315789474,1059.9473684210527,1402.5789473684208,350.6447368421052,2152.555263157895,0.05943131132917037,0.3648398751115076
1277,54.78947368421053,80.47368421052632,80.47368421052632,40.26315789473684,62.31578947368421,1150.578947368421,1689.9473684210527,422.4868421052632,2378.471052631579,0.07160793933987511,0.4031306868867083
1278,46.31578947368421,74.89473684210526,74.89473684210526,38.68421052631579,53.89473684210526,972.6315789473684,1572.7894736842104,393.1973684210526,2046.6710526315787,0.0666436217662801,0.346893398751115
1279,48.68421052631579,79.36842105263158,79.36842105263158,39.8421052631579,54.578947368421055,1022.3684210526316,1666.7368421052631,416.6842105263158,2154.710526315789,0.07062444246208742,0.36520517395182867
1280,53.94736842105263,73.52631578947368,73.52631578947368,36.78947368421053,60.473684210526315,1132.8947368421052,1544.0526315789473,386.0131578947368,2311.9342105263154,0.06542595896520963,0.3918532560214094
1281,59.73684210526316,70.63157894736842,70.63157894736842,34.31578947368421,67.89473684210526,1254.4736842105262,1483.2631578947369,370.8157894736842,2503.4210526315787,0.06285013380909903,0.4243086529884032
1282,50.05263157894737,70.42105263157895,70.42105263157895,32.526315789473685,62.526315789473685,1051.1052631578948,1478.842105263158,369.7105263157895,2156.5894736842106,0.0626628010704728,0.36552363960749334
1283,58.0,73.57894736842105,73.57894736842105,36.31578947368421,69.57894736842105,1218.0,1545.157894736842,386.2894736842105,2456.8894736842103,0.06547279214986619,0.41642194469223903
1284,48.8421052631579,76.0,76.0,39.05263157894737,58.78947368421053,1025.6842105263158,1596.0,399.0,2142.663157894737,0.0676271186440678,0.3631632471008029
1285,46.36842105263158,83.52631578947368,83.52631578947368,43.94736842105263,56.26315789473684,973.7368421052632,1754.0526315789473,438.5131578947368,2093.8657894736843,0.07432426404995539,0.35489250669045497
1286,49.89473684210526,85.84210526315789,85.84210526315789,42.63157894736842,63.8421052631579,1047.7894736842104,1802.6842105263156,450.6710526315789,2231.9131578947363,0.07638492417484388,0.37829036574487057
1287,48.36842105263158,67.6842105263158,67.6842105263158,33.63157894736842,58.94736842105263,1015.7368421052632,1421.3684210526317,355.3421052631579,2082.0947368421057,0.06022747546833185,0.3528974130240857
1288,49.21052631578947,88.94736842105263,88.94736842105263,45.0,55.78947368421053,1033.421052631579,1867.8947368421052,466.9736842105263,2223.7894736842104,0.07914808206958072,0.3769134701159679
1289,47.526315789473685,78.89473684210526,78.89473684210526,40.1578947368421,60.10526315789474,998.0526315789474,1656.7894736842104,414.1973684210526,2110.886842105263,0.07020294380017841,0.3577774308652988
1290,51.05263157894737,81.15789473684211,81.15789473684211,39.63157894736842,57.8421052631579,1072.1052631578948,1704.3157894736844,426.0789473684211,2248.657894736842,0.07221677074041036,0.38112845673505796
1291,48.05263157894737,82.52631578947368,82.52631578947368,41.26315789473684,57.36842105263158,1009.1052631578948,1733.0526315789473,433.2631578947368,2148.742105263158,0.07343443354148081,0.36419357716324713
1292,59.26315789473684,69.94736842105263,69.94736842105263,33.68421052631579,65.6842105263158,1244.5263157894738,1468.8947368421052,367.2236842105263,2482.9184210526314,0.06224130240856378,0.4208336306868867
1293,47.89473684210526,78.63157894736842,78.63157894736842,39.73684210526316,61.31578947368421,1005.7894736842104,1651.2631578947369,412.8157894736842,2122.657894736842,0.06996877787689564,0.35977252453166814
1294,54.94736842105263,75.42105263157895,75.42105263157895,38.1578947368421,64.63157894736842,1153.8947368421052,1583.842105263158,395.9605263157895,2357.581578947368,0.06711195361284568,0.39959009812667257
1295,51.94736842105263,78.63157894736842,78.63157894736842,37.73684210526316,57.63157894736842,1090.8947368421052,1651.2631578947369,412.8157894736842,2267.3368421052633,0.06996877787689564,0.3842943800178412
1296,50.73684210526316,75.73684210526316,75.73684210526316,38.36842105263158,60.68421052631579,1065.4736842105262,1590.4736842105265,397.6184210526316,2208.923684210526,0.06739295272078502,0.3743938447814451
1297,62.0,66.94736842105263,66.94736842105263,33.63157894736842,64.6842105263158,1302.0,1405.8947368421052,351.4736842105263,2564.8736842105263,0.05957181088314005,0.43472435325602143
1298,50.36842105263158,68.89473684210526,68.89473684210526,33.73684210526316,62.36842105263158,1057.7368421052631,1446.7894736842104,361.6973684210526,2159.85,0.061304638715432645,0.36607627118644065
1299,50.78947368421053,68.73684210526316,68.73684210526316,34.8421052631579,58.421052631578945,1066.578947368421,1443.4736842105265,360.8684210526316,2174.052631578947,0.06116413916146299,0.36848349687778764
1300,51.68421052631579,77.6842105263158,77.6842105263158,39.73684210526316,62.94736842105263,1085.3684210526314,1631.3684210526317,407.8421052631579,2252.968421052631,0.06912578055307761,0.38185905441570017
1301,53.36842105263158,72.89473684210526,72.89473684210526,35.78947368421053,62.36842105263158,1120.7368421052631,1530.7894736842104,382.6973684210526,2287.95,0.06486396074933094,0.3877881355932203
1302,46.8421052631579,82.73684210526316,82.73684210526316,42.578947368421055,57.73684210526316,983.6842105263158,1737.4736842105265,434.3684210526316,2106.6315789473683,0.07362176628010705,0.35705619982158787
1303,50.473684210526315,73.94736842105263,73.94736842105263,37.21052631578947,59.63157894736842,1059.9473684210527,1552.8947368421052,388.2236842105263,2190.134210526316,0.06580062444246208,0.3712091882247993
1304,54.578947368421055,71.63157894736842,71.63157894736842,35.0,61.8421052631579,1146.157894736842,1504.2631578947369,376.0657894736842,2324.5342105263157,0.0637399643175736,0.39398884924174843
1305,54.31578947368421,73.47368421052632,73.47368421052632,36.421052631578945,59.26315789473684,1140.6315789473686,1542.9473684210527,385.7368421052632,2324.8105263157895,0.06537912578055308,0.394035682426405
1306,61.473684210526315,68.15789473684211,68.15789473684211,34.26315789473684,65.3157894736842,1290.9473684210527,1431.3157894736844,357.8289473684211,2552.439473684211,0.06064897413024086,0.4326168599464764
1307,49.63157894736842,77.26315789473684,77.26315789473684,37.31578947368421,55.1578947368421,1042.2631578947369,1622.5263157894735,405.6315789473684,2177.478947368421,0.06875111507582515,0.36906422836752895
1308,50.73684210526316,75.05263157894737,75.05263157894737,39.21052631578947,55.421052631578945,1065.4736842105262,1576.1052631578948,394.0263157894737,2205.331578947368,0.06678412132024977,0.37378501338090986
1309,53.89473684210526,72.84210526315789,72.84210526315789,35.05263157894737,63.0,1131.7894736842104,1529.6842105263156,382.4210526315789,2306.4631578947365,0.06481712756467439,0.3909259589652096
1310,52.26315789473684,80.63157894736842,80.63157894736842,39.73684210526316,57.526315789473685,1097.5263157894738,1693.2631578947369,423.3157894736842,2289.1105263157897,0.07174843889384479,0.3879848349687779
1311,49.526315789473685,71.57894736842105,71.57894736842105,36.94736842105263,54.36842105263158,1040.0526315789473,1503.157894736842,375.7894736842105,2143.878947368421,0.06369313113291704,0.3633693131132917
1312,51.421052631578945,75.42105263157895,75.42105263157895,35.26315789473684,58.78947368421053,1079.842105263158,1583.842105263158,395.9605263157895,2231.692105263158,0.06711195361284568,0.3782528991971454
1313,52.421052631578945,85.52631578947368,85.52631578947368,43.0,56.578947368421055,1100.842105263158,1796.0526315789473,449.0131578947368,2320.444736842105,0.07610392506690454,0.3932957181088314
1314,47.21052631578947,75.94736842105263,75.94736842105263,36.26315789473684,55.63157894736842,991.421052631579,1594.8947368421052,398.7236842105263,2084.1394736842108,0.06758028545941124,0.3532439785905442
1315,51.05263157894737,79.63157894736842,79.63157894736842,41.473684210526315,58.73684210526316,1072.1052631578948,1672.2631578947369,418.0657894736842,2240.6447368421054,0.07085860838537021,0.37977029438001786
1316,50.68421052631579,68.6842105263158,68.6842105263158,33.8421052631579,58.36842105263158,1064.3684210526314,1442.3684210526317,360.5921052631579,2170.0184210526313,0.061117305976806424,0.3677997323818019
1317,52.89473684210526,71.10526315789474,71.10526315789474,35.578947368421055,60.10526315789474,1110.7894736842104,1493.2105263157896,373.3026315789474,2261.644736842105,0.06327163247100803,0.3833296164139161
1318,53.26315789473684,72.47368421052632,72.47368421052632,36.1578947368421,53.526315789473685,1118.5263157894738,1521.9473684210527,380.4868421052632,2281.9815789473687,0.0644892952720785,0.38677653880463875
1319,54.68421052631579,71.47368421052632,71.47368421052632,35.31578947368421,62.63157894736842,1148.3684210526314,1500.9473684210527,375.2368421052632,2327.4631578947365,0.06359946476360392,0.3944852809991079
1320,50.63157894736842,82.3157894736842,82.3157894736842,41.68421052631579,55.94736842105263,1063.2631578947369,1728.6315789473683,432.1578947368421,2239.7052631578945,0.07324710080285458,0.3796110615521855
1321,52.26315789473684,73.36842105263158,73.36842105263158,37.31578947368421,57.10526315789474,1097.5263157894738,1540.7368421052631,385.1842105263158,2250.978947368421,0.06528545941123996,0.381521855486173
1322,49.36842105263158,74.47368421052632,74.47368421052632,37.0,58.1578947368421,1036.7368421052631,1563.9473684210527,390.9868421052632,2153.4394736842105,0.06626895628902765,0.3649897413024086
1323,41.473684210526315,86.89473684210526,86.89473684210526,45.421052631578945,45.78947368421053,870.9473684210526,1824.7894736842104,456.1973684210526,1936.8078947368422,0.07732158786797502,0.32827252453166816
1324,52.36842105263158,78.21052631578948,78.21052631578948,37.78947368421053,61.68421052631579,1099.7368421052631,1642.4210526315792,410.6052631578948,2280.157894736842,0.06959411239964318,0.3864674397859054
1325,54.89473684210526,81.63157894736842,81.63157894736842,42.526315789473685,66.52631578947368,1152.7894736842104,1714.2631578947369,428.5657894736842,2388.3078947368417,0.07263826940231936,0.40479794826048165
1326,48.526315789473685,75.36842105263158,75.36842105263158,38.1578947368421,57.421052631578945,1019.0526315789474,1582.7368421052631,395.6842105263158,2128.073684210526,0.06706512042818912,0.36069045495093666
1327,48.526315789473685,65.6842105263158,65.6842105263158,31.157894736842106,54.68421052631579,1019.0526315789474,1379.3684210526317,344.8421052631579,2077.2315789473687,0.058447814451382696,0.3520731489741303
1328,53.31578947368421,79.78947368421052,79.78947368421052,39.68421052631579,59.473684210526315,1119.6315789473686,1675.5789473684208,418.8947368421052,2322.2684210526318,0.07099910793933986,0.39360481712756473
1329,50.473684210526315,73.63157894736842,73.63157894736842,37.73684210526316,58.78947368421053,1059.9473684210527,1546.2631578947369,386.5657894736842,2188.476315789474,0.06551962533452275,0.37092818911686
1330,47.473684210526315,75.3157894736842,75.3157894736842,36.68421052631579,55.94736842105263,996.9473684210526,1581.6315789473683,395.4078947368421,2090.218421052631,0.06701828724353255,0.3542743086529883
1331,56.89473684210526,71.36842105263158,71.36842105263158,35.63157894736842,68.89473684210526,1194.7894736842104,1498.7368421052631,374.6842105263158,2405.8263157894735,0.06350579839429081,0.40776717216770736
1332,55.1578947368421,71.42105263157895,71.42105263157895,36.421052631578945,61.63157894736842,1158.3157894736842,1499.842105263158,374.9605263157895,2344.0973684210526,0.06355263157894737,0.39730463871543265
1333,44.73684210526316,76.84210526315789,76.84210526315789,39.10526315789474,56.0,939.4736842105264,1613.6842105263156,403.4210526315789,2000.5263157894738,0.0683764495985727,0.33907225691347015
1334,53.421052631578945,76.42105263157895,76.42105263157895,37.36842105263158,62.0,1121.842105263158,1604.842105263158,401.2105263157895,2308.342105263158,0.06800178412132026,0.3912444246208742
1335,59.1578947368421,65.84210526315789,65.84210526315789,30.842105263157894,71.0,1242.3157894736842,1382.6842105263156,345.6710526315789,2457.607894736842,0.05858831400535235,0.4165437109723461
1336,49.05263157894737,79.42105263157895,79.42105263157895,41.1578947368421,55.89473684210526,1030.1052631578948,1667.842105263158,416.9605263157895,2168.1394736842108,0.07067127564674398,0.3674812667261374
1337,48.68421052631579,80.89473684210526,80.89473684210526,41.31578947368421,53.05263157894737,1022.3684210526316,1698.7894736842104,424.6973684210526,2162.7236842105262,0.07198260481712757,0.3665633363068689
1338,48.89473684210526,75.42105263157895,75.42105263157895,35.89473684210526,58.0,1026.7894736842104,1583.842105263158,395.9605263157895,2141.5026315789473,0.06711195361284568,0.36296654772524534
1339,52.63157894736842,75.42105263157895,75.42105263157895,38.421052631578945,62.63157894736842,1105.2631578947369,1583.842105263158,395.9605263157895,2274.907894736842,0.06711195361284568,0.38557760927743084
1340,60.78947368421053,70.57894736842105,70.57894736842105,34.05263157894737,73.52631578947368,1276.578947368421,1482.157894736842,370.5394736842105,2540.7236842105262,0.06280330062444246,0.43063113291703836
1341,55.473684210526315,75.6842105263158,75.6842105263158,39.10526315789474,58.0,1164.9473684210527,1589.3684210526317,397.3421052631579,2377.7526315789473,0.06734611953612846,0.40300892060660126
1342,58.421052631578945,70.57894736842105,70.57894736842105,36.1578947368421,75.94736842105263,1226.842105263158,1482.157894736842,370.5394736842105,2456.1710526315787,0.06280330062444246,0.416300178412132
1343,46.78947368421053,84.94736842105263,84.94736842105263,42.0,49.78947368421053,982.578947368421,1783.8947368421052,445.9736842105263,2116.357894736842,0.07558876003568242,0.3587047279214986
1344,59.26315789473684,69.42105263157895,69.42105263157895,33.8421052631579,71.36842105263158,1244.5263157894738,1457.842105263158,364.4605263157895,2480.1552631578948,0.061772970561998215,0.42036529884032114
1345,46.526315789473685,90.26315789473684,90.26315789473684,47.68421052631579,51.421052631578945,977.0526315789474,1895.5263157894735,473.8815789473684,2134.871052631579,0.08031891168599464,0.36184255129348797
1346,50.94736842105263,77.15789473684211,77.15789473684211,39.578947368421055,52.89473684210526,1069.8947368421052,1620.3157894736844,405.0789473684211,2223.9,0.06865744870651205,0.3769322033898305
1347,51.0,75.21052631578948,75.21052631578948,38.26315789473684,54.21052631578947,1071.0,1579.4210526315792,394.8552631578948,2215.555263157895,0.06692462087421945,0.37551784121320253
1348,61.421052631578945,75.73684210526316,75.73684210526316,36.36842105263158,70.0,1289.842105263158,1590.4736842105265,397.6184210526316,2590.35,0.06739295272078502,0.4390423728813559
1349,55.36842105263158,78.3157894736842,78.3157894736842,38.73684210526316,66.84210526315789,1162.7368421052631,1644.6315789473683,411.1578947368421,2387.8105263157895,0.06968777876895628,0.40471364852809993
1350,49.21052631578947,85.6842105263158,85.6842105263158,42.421052631578945,60.73684210526316,1033.421052631579,1799.3684210526317,449.8421052631579,2206.657894736842,0.07624442462087422,0.37400981266726135
1351,54.10526315789474,69.0,69.0,37.05263157894737,55.8421052631579,1136.2105263157896,1449.0,362.25,2293.807894736842,0.06139830508474576,0.38878099910793934
1352,56.78947368421053,80.47368421052632,80.47368421052632,40.526315789473685,61.68421052631579,1192.578947368421,1689.9473684210527,422.4868421052632,2449.871052631579,0.07160793933987511,0.41523238180196254
1353,56.8421052631579,78.63157894736842,78.63157894736842,39.421052631578945,61.578947368421055,1193.6842105263158,1651.2631578947369,412.8157894736842,2442.0789473684213,0.06996877787689564,0.41391168599464767
1354,49.0,79.84210526315789,79.84210526315789,39.31578947368421,59.10526315789474,1029.0,1676.6842105263156,419.1710526315789,2168.471052631579,0.07104594112399643,0.36753746654772523
1355,45.36842105263158,79.42105263157895,79.42105263157895,41.0,49.473684210526315,952.7368421052632,1667.842105263158,416.9605263157895,2036.613157894737,0.07067127564674398,0.34518867082961646
1356,46.1578947368421,78.26315789473684,78.26315789473684,38.421052631578945,56.10526315789474,969.3157894736842,1643.5263157894735,410.8815789473684,2058.7184210526316,0.06964094558429973,0.34893532560214097
1357,54.10526315789474,70.57894736842105,70.57894736842105,34.21052631578947,58.63157894736842,1136.2105263157896,1482.157894736842,370.5394736842105,2302.0973684210526,0.06280330062444246,0.39018599464763604
1358,57.68421052631579,79.52631578947368,79.52631578947368,39.63157894736842,62.578947368421055,1211.3684210526314,1670.0526315789473,417.5131578947368,2476.83947368421,0.07076494201605708,0.4198033006244424
1359,58.1578947368421,81.47368421052632,81.47368421052632,41.36842105263158,65.10526315789474,1221.3157894736842,1710.9473684210527,427.7368421052632,2503.9736842105262,0.07249776984834969,0.42440231935771633
1360,51.578947368421055,85.21052631578948,85.21052631578948,40.421052631578945,65.15789473684211,1083.157894736842,1789.4210526315792,447.3552631578948,2288.7236842105262,0.07582292595896523,0.3879192685102587
1361,51.0,78.21052631578948,78.21052631578948,40.26315789473684,55.89473684210526,1071.0,1642.4210526315792,410.6052631578948,2231.305263157895,0.06959411239964318,0.37818733273862626
1362,58.89473684210526,77.3157894736842,77.3157894736842,38.10526315789474,67.6842105263158,1236.7894736842104,1623.6315789473683,405.9078947368421,2508.45,0.0687979482604817,0.42516101694915254
1363,52.68421052631579,81.0,81.0,41.78947368421053,63.8421052631579,1106.3684210526314,1701.0,425.25,2306.0763157894735,0.07207627118644068,0.3908603925066904
1364,47.31578947368421,80.0,80.0,40.421052631578945,53.0,993.6315789473684,1680.0,420.0,2109.1736842105265,0.0711864406779661,0.3574870651204282
1365,51.10526315789474,79.3157894736842,79.3157894736842,39.578947368421055,56.36842105263158,1073.2105263157896,1665.6315789473683,416.4078947368421,2240.8657894736843,0.07057760927743086,0.3798077609277431
1366,51.63157894736842,70.42105263157895,70.42105263157895,35.26315789473684,57.0,1084.2631578947369,1478.842105263158,369.7105263157895,2212.9578947368423,0.0626628010704728,0.3750776092774309
1367,51.578947368421055,67.78947368421052,67.78947368421052,33.21052631578947,63.78947368421053,1083.157894736842,1423.5789473684208,355.8947368421052,2197.2631578947367,0.06032114183764495,0.3724174843889384
1368,54.36842105263158,76.73684210526316,76.73684210526316,39.89473684210526,63.526315789473685,1141.7368421052631,1611.4736842105265,402.8684210526316,2343.821052631579,0.0682827832292596,0.39725780553077605
1369,53.10526315789474,71.52631578947368,71.52631578947368,32.78947368421053,64.10526315789474,1115.2105263157896,1502.0526315789473,375.5131578947368,2271.371052631579,0.06364629794826047,0.38497814451382695
1370,57.0,75.78947368421052,75.78947368421052,37.36842105263158,70.42105263157895,1197.0,1591.5789473684208,397.8947368421052,2432.794736842105,0.06743978590544156,0.4123380909901873
1371,49.0,76.05263157894737,76.05263157894737,37.1578947368421,55.21052631578947,1029.0,1597.1052631578948,399.2763157894737,2148.5763157894735,0.06767395182872435,0.36416547725245313
1372,50.1578947368421,79.47368421052632,79.47368421052632,40.36842105263158,64.42105263157895,1053.3157894736842,1668.9473684210527,417.2368421052632,2207.8736842105263,0.07071810883140053,0.3742158786797502
1373,49.473684210526315,90.73684210526316,90.73684210526316,45.94736842105263,56.473684210526315,1038.9473684210527,1905.4736842105265,476.3684210526316,2242.5789473684213,0.08074041034790366,0.3800981266726138
1374,53.26315789473684,68.42105263157895,68.42105263157895,36.21052631578947,60.10526315789474,1118.5263157894738,1436.842105263158,359.2105263157895,2260.705263157895,0.06088314005352364,0.3831703835860839
1375,53.1578947368421,74.78947368421052,74.78947368421052,35.05263157894737,59.421052631578945,1116.3157894736842,1570.5789473684208,392.6447368421052,2290.3815789473683,0.06654995539696698,0.38820026761819804
1376,51.31578947368421,74.63157894736842,74.63157894736842,38.578947368421055,56.1578947368421,1077.6315789473686,1567.2631578947369,391.8157894736842,2223.789473684211,0.06640945584299733,0.37691347011596793
1377,52.68421052631579,80.94736842105263,80.94736842105263,41.526315789473685,54.10526315789474,1106.3684210526314,1699.8947368421052,424.9736842105263,2305.7999999999997,0.07202943800178412,0.3908135593220339
1378,53.421052631578945,81.3157894736842,81.3157894736842,41.10526315789474,56.73684210526316,1121.842105263158,1707.6315789473683,426.9078947368421,2334.0394736842104,0.07235727029438001,0.395599910793934
1379,43.421052631578945,77.42105263157895,77.42105263157895,39.578947368421055,56.36842105263158,911.8421052631578,1625.842105263158,406.4605263157895,1956.592105263158,0.06889161462979483,0.3316257805530776
1380,50.89473684210526,75.52631578947368,75.52631578947368,38.36842105263158,61.36842105263158,1068.7894736842104,1586.0526315789473,396.5131578947368,2213.4552631578945,0.06720561998215878,0.3751619090098126
1381,51.05263157894737,72.36842105263158,72.36842105263158,37.89473684210526,53.31578947368421,1072.1052631578948,1519.7368421052631,379.9342105263158,2202.5131578947367,0.06439562890276539,0.373307314897413
1382,57.421052631578945,73.26315789473684,73.26315789473684,35.578947368421055,63.473684210526315,1205.842105263158,1538.5263157894735,384.6315789473684,2434.563157894737,0.06519179304192685,0.4126378233719893
1383,54.89473684210526,68.10526315789474,68.10526315789474,33.26315789473684,64.42105263157895,1152.7894736842104,1430.2105263157896,357.5526315789474,2317.294736842105,0.060602140945584304,0.39276181980374664
1384,53.73684210526316,77.0,77.0,37.0,62.0,1128.4736842105262,1617.0,404.25,2322.6552631578943,0.06851694915254238,0.3936703835860838
1385,51.8421052631579,73.42105263157895,73.42105263157895,36.21052631578947,58.8421052631579,1088.6842105263158,1541.842105263158,385.4605263157895,2236.2236842105262,0.06533229259589653,0.37902096342551295
1386,54.578947368421055,57.8421052631579,57.8421052631579,26.157894736842106,61.526315789473685,1146.157894736842,1214.6842105263158,303.67105263157896,2252.1394736842103,0.05146966993755576,0.38171855486173056
1387,48.78947368421053,83.6842105263158,83.6842105263158,41.526315789473685,58.94736842105263,1024.578947368421,1757.3684210526317,439.3421052631579,2181.1263157894737,0.07446476360392507,0.36968242640499555
1388,52.0,69.05263157894737,69.05263157894737,34.73684210526316,63.05263157894737,1092.0,1450.1052631578948,362.5263157894737,2218.9263157894734,0.06144513826940232,0.3760892060660124
1389,48.94736842105263,75.26315789473684,75.26315789473684,38.31578947368421,56.8421052631579,1027.8947368421052,1580.5263157894735,395.1315789473684,2142.552631578947,0.066971454058876,0.3631445138269402
1390,51.31578947368421,75.52631578947368,75.52631578947368,38.526315789473685,52.10526315789474,1077.6315789473686,1586.0526315789473,396.5131578947368,2228.4868421052633,0.06720561998215878,0.3777096342551294
1391,49.94736842105263,74.10526315789474,74.10526315789474,37.73684210526316,52.73684210526316,1048.8947368421052,1556.2105263157896,389.0526315789474,2172.173684210526,0.06594112399643176,0.3681650312221231
1392,47.89473684210526,72.15789473684211,72.15789473684211,36.26315789473684,57.94736842105263,1005.7894736842104,1515.3157894736844,378.8289473684211,2088.6710526315787,0.06420829616413917,0.35401204281891163
1393,52.473684210526315,81.21052631578948,81.21052631578948,41.31578947368421,58.05263157894737,1101.9473684210527,1705.4210526315792,426.3552631578948,2299.6657894736845,0.07226360392506692,0.3897738626226584
1394,52.05263157894737,77.3157894736842,77.3157894736842,38.36842105263158,62.36842105263158,1093.1052631578948,1623.6315789473683,405.9078947368421,2264.186842105263,0.0687979482604817,0.38376048171275645
1395,54.94736842105263,77.26315789473684,77.26315789473684,40.8421052631579,63.8421052631579,1153.8947368421052,1622.5263157894735,405.6315789473684,2367.2526315789473,0.06875111507582515,0.4012292595896521
1396,56.73684210526316,76.89473684210526,76.89473684210526,37.73684210526316,70.6842105263158,1191.4736842105262,1614.7894736842104,403.6973684210526,2429.202631578947,0.06842328278322926,0.41172925958965206
1397,58.31578947368421,85.10526315789474,85.10526315789474,42.89473684210526,61.26315789473684,1224.6315789473686,1787.2105263157896,446.8026315789474,2528.676315789474,0.0757292595896521,0.42858920606601253
1398,49.578947368421055,82.3157894736842,82.3157894736842,41.31578947368421,61.89473684210526,1041.157894736842,1728.6315789473683,432.1578947368421,2202.1263157894737,0.07324710080285458,0.37324174843889385
1399,57.31578947368421,86.47368421052632,86.47368421052632,42.578947368421055,64.6842105263158,1203.6315789473686,1815.9473684210527,453.9868421052632,2500.16052631579,0.07694692239072257,0.4237560214094559
1400,47.10526315789474,90.10526315789474,90.10526315789474,47.421052631578945,50.421052631578945,989.2105263157896,1892.2105263157896,473.0526315789474,2154.7105263157896,0.08017841213202498,0.3652051739518287
1401,48.73684210526316,83.26315789473684,83.26315789473684,41.26315789473684,60.36842105263158,1023.4736842105264,1748.5263157894735,437.1315789473684,2177.036842105263,0.07409009812667261,0.36898929527207847
1402,54.68421052631579,79.10526315789474,79.10526315789474,39.578947368421055,64.3157894736842,1148.3684210526314,1661.2105263157896,415.3026315789474,2367.5289473684206,0.07039027653880464,0.4012760927743086
1403,54.73684210526316,77.42105263157895,77.42105263157895,37.63157894736842,65.57894736842105,1149.4736842105262,1625.842105263158,406.4605263157895,2360.565789473684,0.06889161462979483,0.4000958965209634
1404,48.31578947368421,75.42105263157895,75.42105263157895,38.26315789473684,53.1578947368421,1014.6315789473684,1583.842105263158,395.9605263157895,2120.834210526316,0.06711195361284568,0.3594634255129349
1405,52.63157894736842,82.10526315789474,82.10526315789474,41.05263157894737,62.421052631578945,1105.2631578947369,1724.2105263157896,431.0526315789474,2310.0,0.07305976806422837,0.39152542372881355
1406,56.21052631578947,68.73684210526316,68.73684210526316,36.26315789473684,67.63157894736842,1180.421052631579,1443.4736842105265,360.8684210526316,2367.584210526316,0.06116413916146299,0.40128545941124
1407,64.15789473684211,73.26315789473684,73.26315789473684,34.63157894736842,75.47368421052632,1347.3157894736844,1538.5263157894735,384.6315789473684,2675.068421052632,0.06519179304192685,0.45340142729705624
1408,55.473684210526315,79.26315789473684,79.26315789473684,40.1578947368421,63.526315789473685,1164.9473684210527,1664.5263157894735,416.1315789473684,2396.542105263158,0.0705307760927743,0.40619357716324717
1409,49.36842105263158,71.36842105263158,71.36842105263158,35.1578947368421,58.1578947368421,1036.7368421052631,1498.7368421052631,374.6842105263158,2137.136842105263,0.06350579839429081,0.36222658340767167
1410,53.421052631578945,68.0,68.0,34.1578947368421,63.31578947368421,1121.842105263158,1428.0,357.0,2264.1315789473683,0.06050847457627118,0.38375111507582516
1411,56.63157894736842,63.8421052631579,63.8421052631579,31.842105263157894,64.78947368421052,1189.2631578947369,1340.6842105263158,335.17105263157896,2356.918421052632,0.056808652988403215,0.3994776984834969
1412,52.473684210526315,76.47368421052632,76.47368421052632,39.36842105263158,57.8421052631579,1101.9473684210527,1605.9473684210527,401.4868421052632,2274.797368421053,0.0680486173059768,0.3855588760035683
1413,54.1578947368421,62.526315789473685,62.526315789473685,31.736842105263158,57.94736842105263,1137.3157894736842,1313.0526315789473,328.2631578947368,2261.7,0.05563782337198929,0.3833389830508474
1414,54.473684210526315,77.0,77.0,37.421052631578945,59.0,1143.9473684210527,1617.0,404.25,2348.9605263157896,0.06851694915254238,0.3981289027653881
1415,49.05263157894737,73.05263157894737,73.05263157894737,37.421052631578945,59.73684210526316,1030.1052631578948,1534.1052631578948,383.5263157894737,2134.705263157895,0.06500446030330062,0.3618144513826941
1416,47.68421052631579,69.21052631578948,69.21052631578948,36.26315789473684,54.0,1001.3684210526316,1453.4210526315792,363.3552631578948,2065.6815789473685,0.061585637823372,0.35011552185548617
1417,49.21052631578947,87.36842105263158,87.36842105263158,44.526315789473685,58.78947368421053,1033.421052631579,1834.7368421052631,458.6842105263158,2215.5,0.07774308652988403,0.3755084745762712
1418,51.36842105263158,78.78947368421052,78.78947368421052,38.578947368421055,60.26315789473684,1078.7368421052631,1654.5789473684208,413.6447368421052,2247.4973684210527,0.07010927743086529,0.38093175735950047
1419,49.63157894736842,77.73684210526316,77.73684210526316,38.1578947368421,56.73684210526316,1042.2631578947369,1632.4736842105265,408.1184210526316,2179.9657894736843,0.06917261373773417,0.369485727029438
1420,53.63157894736842,73.89473684210526,73.89473684210526,35.68421052631579,62.89473684210526,1126.2631578947369,1551.7894736842104,387.9473684210526,2302.5947368421052,0.06575379125780552,0.3902702943800178
1421,50.421052631578945,87.15789473684211,87.15789473684211,43.68421052631579,64.63157894736842,1058.842105263158,1830.3157894736844,457.5789473684211,2257.6105263157897,0.07755575379125781,0.38264585191793044
1422,55.473684210526315,70.47368421052632,70.47368421052632,35.526315789473685,69.26315789473684,1164.9473684210527,1479.9473684210527,369.9868421052632,2350.3973684210528,0.06270963425512935,0.3983724353256022
1423,50.78947368421053,72.3157894736842,72.3157894736842,37.473684210526315,53.78947368421053,1066.578947368421,1518.6315789473683,379.6578947368421,2192.8421052631575,0.06434879571810882,0.3716681534344335
1424,51.473684210526315,65.21052631578948,65.21052631578948,31.842105263157894,57.73684210526316,1080.9473684210527,1369.4210526315792,342.3552631578948,2179.9657894736843,0.0580263157894737,0.369485727029438
1425,59.21052631578947,71.36842105263158,71.36842105263158,34.421052631578945,67.21052631578948,1243.421052631579,1498.7368421052631,374.6842105263158,2488.5,0.06350579839429081,0.42177966101694914
1426,57.89473684210526,75.94736842105263,75.94736842105263,37.31578947368421,62.8421052631579,1215.7894736842104,1594.8947368421052,398.7236842105263,2465.5657894736837,0.06758028545941124,0.41789250669045486
1427,52.94736842105263,78.26315789473684,78.26315789473684,39.473684210526315,69.78947368421052,1111.8947368421052,1643.5263157894735,410.8815789473684,2301.1026315789472,0.06964094558429973,0.39001739518287243
1428,52.1578947368421,66.73684210526316,66.73684210526316,32.1578947368421,57.73684210526316,1095.3157894736842,1401.4736842105265,350.3684210526316,2212.4052631578948,0.059384478144513836,0.37498394290811776
1429,52.05263157894737,75.3157894736842,75.3157894736842,39.26315789473684,55.526315789473685,1093.1052631578948,1581.6315789473683,395.4078947368421,2253.686842105263,0.06701828724353255,0.3819808206958073
1430,51.10526315789474,86.57894736842105,86.57894736842105,44.10526315789474,61.526315789473685,1073.2105263157896,1818.157894736842,454.5394736842105,2278.9973684210527,0.07704058876003568,0.3862707404103479
1431,51.78947368421053,66.57894736842105,66.57894736842105,33.8421052631579,58.36842105263158,1087.578947368421,1398.157894736842,349.5394736842105,2198.423684210526,0.05924397859054416,0.37261418376449595
1432,52.05263157894737,73.84210526315789,73.84210526315789,37.26315789473684,62.63157894736842,1093.1052631578948,1550.6842105263156,387.6710526315789,2245.95,0.06570695807314897,0.3806694915254237
1433,40.578947368421055,90.78947368421052,90.78947368421052,47.05263157894737,46.73684210526316,852.1578947368422,1906.5789473684208,476.6447368421052,1925.3131578947368,0.0807872435325602,0.3263242640499554
1434,44.68421052631579,79.94736842105263,79.94736842105263,41.68421052631579,47.473684210526315,938.3684210526316,1678.8947368421052,419.7236842105263,2014.9499999999998,0.07113960749330954,0.3415169491525423
1435,60.73684210526316,68.63157894736842,68.63157894736842,32.68421052631579,74.84210526315789,1275.4736842105262,1441.2631578947369,360.3157894736842,2528.6210526315786,0.06107047279214987,0.4285798394290811
1436,54.63157894736842,70.63157894736842,70.63157894736842,35.0,63.26315789473684,1147.2631578947369,1483.2631578947369,370.8157894736842,2321.1631578947367,0.06285013380909903,0.3934174843889384
1437,49.63157894736842,78.78947368421052,78.78947368421052,40.63157894736842,58.68421052631579,1042.2631578947369,1654.5789473684208,413.6447368421052,2185.492105263158,0.07010927743086529,0.37042239072256916
1438,53.78947368421053,73.36842105263158,73.36842105263158,37.1578947368421,55.73684210526316,1129.578947368421,1540.7368421052631,385.1842105263158,2305.4684210526316,0.06528545941123996,0.39075735950044604
1439,53.578947368421055,72.3157894736842,72.3157894736842,37.0,60.10526315789474,1125.157894736842,1518.6315789473683,379.6578947368421,2292.426315789474,0.06434879571810882,0.3885468331846566
1440,44.0,83.42105263157895,83.42105263157895,42.94736842105263,52.1578947368421,924.0,1751.842105263158,437.9605263157895,2008.7605263157893,0.07423059768064229,0.3404678858162355
1441,61.21052631578947,84.84210526315789,84.84210526315789,40.89473684210526,72.57894736842105,1285.421052631579,1781.6842105263156,445.4210526315789,2630.636842105263,0.0754950936663693,0.4458706512042819
1442,50.578947368421055,76.26315789473684,76.26315789473684,38.421052631578945,55.473684210526315,1062.157894736842,1601.5263157894735,400.3815789473684,2206.0499999999997,0.06786128456735058,0.37390677966101693
1443,46.1578947368421,76.0,76.0,38.05263157894737,58.8421052631579,969.3157894736842,1596.0,399.0,2046.836842105263,0.0676271186440678,0.34692149866190897
1444,50.421052631578945,81.94736842105263,81.94736842105263,39.68421052631579,66.42105263157895,1058.842105263158,1720.8947368421052,430.2236842105263,2230.2552631578947,0.07291926851025869,0.3780093666369313
1445,53.68421052631579,72.10526315789474,72.10526315789474,36.421052631578945,60.94736842105263,1127.3684210526314,1514.2105263157896,378.5526315789474,2295.078947368421,0.06416146297948261,0.3889964317573595
1446,52.68421052631579,81.10526315789474,81.10526315789474,41.36842105263158,55.94736842105263,1106.3684210526314,1703.2105263157896,425.8026315789474,2306.628947368421,0.0721699375557538,0.39095405887600354
1447,56.578947368421055,70.26315789473684,70.26315789473684,36.68421052631579,58.526315789473685,1188.157894736842,1475.5263157894735,368.8815789473684,2388.75,0.06252230151650312,0.4048728813559322
1448,45.473684210526315,90.94736842105263,90.94736842105263,44.421052631578945,48.05263157894737,954.9473684210526,1909.8947368421052,477.4736842105263,2100.8842105263157,0.08092774308652988,0.35608206958073146
1449,52.21052631578947,79.15789473684211,79.15789473684211,39.0,63.36842105263158,1096.421052631579,1662.3157894736844,415.5789473684211,2279.4947368421053,0.0704371097234612,0.3863550401427297
1450,54.63157894736842,73.57894736842105,73.57894736842105,37.36842105263158,61.8421052631579,1147.2631578947369,1545.157894736842,386.2894736842105,2336.636842105263,0.06547279214986619,0.3960401427297056
1451,49.73684210526316,68.94736842105263,68.94736842105263,35.68421052631579,56.73684210526316,1044.4736842105262,1447.8947368421052,361.9736842105263,2137.578947368421,0.0613514719000892,0.36230151650312215
1452,49.21052631578947,75.84210526315789,75.84210526315789,38.526315789473685,54.73684210526316,1033.421052631579,1592.6842105263156,398.1710526315789,2154.986842105263,0.06748661909009812,0.36525200713648526
1453,51.1578947368421,68.57894736842105,68.57894736842105,33.73684210526316,53.31578947368421,1074.3157894736842,1440.157894736842,360.0394736842105,2186.3763157894737,0.06102363960749331,0.3705722569134701
1454,54.73684210526316,74.73684210526316,74.73684210526316,38.36842105263158,65.0,1149.4736842105262,1569.4736842105265,392.3684210526316,2346.4736842105262,0.06650312221231044,0.39770740410347905
1455,46.78947368421053,78.84210526315789,78.84210526315789,39.63157894736842,60.1578947368421,982.578947368421,1655.6842105263156,413.9210526315789,2084.3052631578944,0.07015611061552185,0.353272078501338
1456,49.36842105263158,80.84210526315789,80.84210526315789,41.526315789473685,59.05263157894737,1036.7368421052631,1697.6842105263156,424.4210526315789,2186.873684210526,0.071935771632471,0.37065655664585184
1457,52.31578947368421,80.0,80.0,40.0,55.473684210526315,1098.6315789473686,1680.0,420.0,2287.6736842105265,0.0711864406779661,0.3877413024085638
1458,54.05263157894737,67.57894736842105,67.57894736842105,32.1578947368421,63.63157894736842,1135.1052631578948,1419.157894736842,354.7894736842105,2284.4684210526316,0.060133809099018734,0.38719803746654774
1459,55.68421052631579,82.73684210526316,82.73684210526316,39.05263157894737,69.57894736842105,1169.3684210526314,1737.4736842105265,434.3684210526316,2422.294736842105,0.07362176628010705,0.41055842997323816
1460,53.26315789473684,73.10526315789474,73.10526315789474,36.36842105263158,61.526315789473685,1118.5263157894738,1535.2105263157896,383.8026315789474,2285.297368421053,0.06505129348795718,0.38733853702051746
1461,51.26315789473684,67.3157894736842,67.3157894736842,32.78947368421053,68.42105263157895,1076.5263157894738,1413.6315789473683,353.4078947368421,2183.5026315789473,0.05989964317573595,0.37008519179304195
1462,49.1578947368421,72.36842105263158,72.36842105263158,38.473684210526315,55.78947368421053,1032.3157894736842,1519.7368421052631,379.9342105263158,2134.8710526315786,0.06439562890276539,0.3618425512934879
1463,52.31578947368421,72.36842105263158,72.36842105263158,35.10526315789474,56.94736842105263,1098.6315789473686,1519.7368421052631,379.9342105263158,2247.6078947368424,0.06439562890276539,0.3809504906333631
1464,50.8421052631579,79.94736842105263,79.94736842105263,41.63157894736842,58.21052631578947,1067.6842105263158,1678.8947368421052,419.7236842105263,2234.786842105263,0.07113960749330954,0.3787774308652988
1465,54.421052631578945,75.26315789473684,75.26315789473684,39.0,60.36842105263158,1142.842105263158,1580.5263157894735,395.1315789473684,2337.963157894737,0.066971454058876,0.3962649420160571
1466,57.8421052631579,74.52631578947368,74.52631578947368,36.63157894736842,70.3157894736842,1214.6842105263158,1565.0526315789473,391.2631578947368,2456.2263157894736,0.0663157894736842,0.4163095450490633
1467,54.1578947368421,71.89473684210526,71.89473684210526,35.68421052631579,63.10526315789474,1137.3157894736842,1509.7894736842104,377.4473684210526,2310.8842105263157,0.06397413024085637,0.3916752899197145
1468,53.473684210526315,75.26315789473684,75.26315789473684,37.8421052631579,61.68421052631579,1122.9473684210527,1580.5263157894735,395.1315789473684,2304.142105263158,0.066971454058876,0.3905325602140946
1469,49.421052631578945,84.47368421052632,84.47368421052632,42.0,55.1578947368421,1037.842105263158,1773.9473684210527,443.4868421052632,2207.8184210526315,0.07516726137377341,0.3742065120428189
1470,49.10526315789474,79.57894736842105,79.57894736842105,42.05263157894737,59.31578947368421,1031.2105263157896,1671.157894736842,417.7894736842105,2170.8473684210526,0.07081177520071365,0.36794023193577163
1471,55.94736842105263,72.05263157894737,72.05263157894737,36.36842105263158,66.73684210526316,1174.8947368421052,1513.1052631578948,378.2763157894737,2375.5973684210526,0.06411462979482604,0.4026436217662801
1472,58.0,76.3157894736842,76.3157894736842,36.94736842105263,66.78947368421052,1218.0,1602.6315789473683,400.6578947368421,2471.257894736842,0.06790811775200713,0.41885727029438
1473,54.68421052631579,79.26315789473684,79.26315789473684,37.1578947368421,66.47368421052632,1148.3684210526314,1664.5263157894735,416.1315789473684,2368.357894736842,0.0705307760927743,0.4014165923282783
1474,43.73684210526316,89.36842105263158,89.36842105263158,45.421052631578945,50.421052631578945,918.4736842105264,1876.7368421052631,469.1842105263158,2030.5894736842106,0.07952274754683318,0.34416770740410346
1475,52.36842105263158,78.78947368421052,78.78947368421052,40.0,56.8421052631579,1099.7368421052631,1654.5789473684208,413.6447368421052,2283.1973684210525,0.07010927743086529,0.38698260481712754
1476,51.8421052631579,73.05263157894737,73.05263157894737,36.421052631578945,66.05263157894737,1088.6842105263158,1534.1052631578948,383.5263157894737,2234.2894736842104,0.06500446030330062,0.378693131132917
1477,58.36842105263158,70.3157894736842,70.3157894736842,36.05263157894737,58.63157894736842,1225.7368421052631,1476.6315789473683,369.1578947368421,2452.9105263157894,0.06256913470115967,0.41574754683318466
1478,59.473684210526315,74.47368421052632,74.47368421052632,35.0,67.6842105263158,1248.9473684210527,1563.9473684210527,390.9868421052632,2514.197368421053,0.06626895628902765,0.426135147190009
1479,57.10526315789474,84.6842105263158,84.6842105263158,41.31578947368421,70.6842105263158,1199.2105263157896,1778.3684210526317,444.5921052631579,2483.25,0.07535459411239964,0.42088983050847456
1480,49.0,81.26315789473684,81.26315789473684,40.0,58.31578947368421,1029.0,1706.5263157894735,426.6315789473684,2175.9315789473685,0.07231043710972346,0.36880196253345227
1481,48.473684210526315,75.05263157894737,75.05263157894737,38.05263157894737,47.8421052631579,1017.9473684210526,1576.1052631578948,394.0263157894737,2124.536842105263,0.06678412132024977,0.3600909901873327
1482,52.8421052631579,77.63157894736842,77.63157894736842,36.89473684210526,56.21052631578947,1109.6842105263158,1630.2631578947369,407.5657894736842,2294.028947368421,0.06907894736842106,0.3888184656556646
1483,53.526315789473685,84.73684210526316,84.73684210526316,41.36842105263158,68.89473684210526,1124.0526315789473,1779.4736842105265,444.8684210526316,2355.757894736842,0.0754014272970562,0.3992809991079393
1484,55.31578947368421,66.78947368421052,66.78947368421052,32.63157894736842,59.421052631578945,1161.6315789473686,1402.5789473684208,350.6447368421052,2325.418421052632,0.05943131132917037,0.39413871543264944
1485,57.05263157894737,78.0,78.0,39.68421052631579,63.31578947368421,1198.1052631578948,1638.0,409.5,2446.278947368421,0.06940677966101695,0.4146235504014273
1486,49.578947368421055,88.21052631578948,88.21052631578948,44.36842105263158,54.63157894736842,1041.157894736842,1852.4210526315792,463.1052631578948,2233.073684210526,0.07849241748438895,0.3784870651204282
1487,54.26315789473684,74.63157894736842,74.63157894736842,37.36842105263158,73.10526315789474,1139.5263157894738,1567.2631578947369,391.8157894736842,2329.01052631579,0.06640945584299733,0.3947475468331847
1488,52.31578947368421,66.15789473684211,66.15789473684211,33.473684210526315,54.578947368421055,1098.6315789473686,1389.3157894736844,347.3289473684211,2215.002631578948,0.05886931311329171,0.37542417484388946
1489,51.8421052631579,77.3157894736842,77.3157894736842,37.78947368421053,60.421052631578945,1088.6842105263158,1623.6315789473683,405.9078947368421,2256.671052631579,0.0687979482604817,0.3824866190900982
1490,54.73684210526316,67.0,67.0,34.578947368421055,62.78947368421053,1149.4736842105262,1407.0,351.75,2305.8552631578946,0.05961864406779661,0.3908229259589652
1491,50.63157894736842,81.42105263157895,81.42105263157895,39.78947368421053,55.89473684210526,1063.2631578947369,1709.842105263158,427.4605263157895,2235.007894736842,0.07245093666369314,0.37881489741302404
1492,56.1578947368421,84.94736842105263,84.94736842105263,42.526315789473685,66.47368421052632,1179.3157894736842,1783.8947368421052,445.9736842105263,2450.8105263157895,0.07558876003568242,0.41539161462979485
1493,49.10526315789474,78.26315789473684,78.26315789473684,38.73684210526316,55.78947368421053,1031.2105263157896,1643.5263157894735,410.8815789473684,2163.9394736842105,0.06964094558429973,0.36676940231935773
1494,48.73684210526316,84.94736842105263,84.94736842105263,42.473684210526315,58.78947368421053,1023.4736842105264,1783.8947368421052,445.9736842105263,2185.878947368421,0.07558876003568242,0.3704879571810883
1495,57.26315789473684,72.73684210526316,72.73684210526316,36.94736842105263,69.05263157894737,1202.5263157894738,1527.4736842105265,381.8684210526316,2426.1631578947367,0.06472346119536129,0.41121409455842994
1496,49.10526315789474,76.15789473684211,76.15789473684211,37.526315789473685,56.73684210526316,1031.2105263157896,1599.3157894736844,399.8289473684211,2152.8868421052634,0.06776761819803748,0.3648960749330955
1497,64.0,68.63157894736842,68.63157894736842,32.68421052631579,71.57894736842105,1344.0,1441.2631578947369,360.3157894736842,2645.115789473684,0.06107047279214987,0.4483247100802854
1498,53.10526315789474,72.21052631578948,72.21052631578948,37.10526315789474,55.473684210526315,1115.2105263157896,1516.4210526315792,379.1052631578948,2274.9631578947374,0.06425512934879572,0.38558697591436225
1499,51.21052631578947,81.3157894736842,81.3157894736842,41.1578947368421,58.0,1075.421052631579,1707.6315789473683,426.9078947368421,2255.1236842105263,0.07235727029438001,0.3822243532560214
1500,55.68421052631579,76.10526315789474,76.10526315789474,37.26315789473684,61.10526315789474,1169.3684210526314,1598.2105263157896,399.5526315789474,2387.478947368421,0.06772078501338091,0.404657448706512
1501,48.36842105263158,75.94736842105263,75.94736842105263,37.578947368421055,55.05263157894737,1015.7368421052632,1594.8947368421052,398.7236842105263,2125.476315789474,0.06758028545941124,0.36025022301516507
1502,47.8421052631579,76.78947368421052,76.78947368421052,38.73684210526316,50.10526315789474,1004.6842105263158,1612.5789473684208,403.1447368421052,2111.1078947368424,0.06832961641391613,0.35781489741302414
1503,50.94736842105263,73.78947368421052,73.78947368421052,38.26315789473684,58.21052631578947,1069.8947368421052,1549.5789473684208,387.3947368421052,2206.215789473684,0.0656601248884924,0.3739348795718108
1504,44.31578947368421,76.36842105263158,76.36842105263158,40.473684210526315,51.78947368421053,930.6315789473684,1603.7368421052631,400.9342105263158,1983.0078947368422,0.06795495093666369,0.33610303300624444
1505,48.8421052631579,73.42105263157895,73.42105263157895,37.31578947368421,52.36842105263158,1025.6842105263158,1541.842105263158,385.4605263157895,2129.1236842105263,0.06533229259589653,0.36086842105263156
1506,60.36842105263158,64.47368421052632,64.47368421052632,31.789473684210527,72.36842105263158,1267.7368421052631,1353.9473684210527,338.4868421052632,2493.6394736842108,0.05737065120428189,0.4226507582515611
1507,54.0,80.36842105263158,80.36842105263158,39.63157894736842,70.36842105263158,1134.0,1687.7368421052631,421.9342105263158,2349.7342105263156,0.071514272970562,0.39826003568242635
1508,54.63157894736842,74.10526315789474,74.10526315789474,37.63157894736842,56.94736842105263,1147.2631578947369,1556.2105263157896,389.0526315789474,2339.4,0.06594112399643176,0.3965084745762712
1509,50.63157894736842,74.84210526315789,74.84210526315789,38.73684210526316,60.05263157894737,1063.2631578947369,1571.6842105263156,392.9210526315789,2200.4684210526316,0.06659678858162354,0.3729607493309545
1510,48.68421052631579,81.78947368421052,81.78947368421052,38.421052631578945,60.10526315789474,1022.3684210526316,1717.5789473684208,429.3947368421052,2167.4210526315787,0.07277876895628901,0.3673595004460303
1511,50.94736842105263,82.52631578947368,82.52631578947368,40.73684210526316,63.21052631578947,1069.8947368421052,1733.0526315789473,433.2631578947368,2252.0842105263155,0.07343443354148081,0.3817091882247992
1512,44.73684210526316,85.47368421052632,85.47368421052632,44.10526315789474,53.63157894736842,939.4736842105264,1794.9473684210527,448.7368421052632,2045.842105263158,0.07605709188224799,0.3467528991971454
1513,49.36842105263158,84.26315789473684,84.26315789473684,41.421052631578945,61.89473684210526,1036.7368421052631,1769.5263157894735,442.3815789473684,2204.8342105263155,0.07497992863514719,0.373700713648528
1514,46.26315789473684,78.26315789473684,78.26315789473684,39.68421052631579,56.1578947368421,971.5263157894736,1643.5263157894735,410.8815789473684,2062.4763157894736,0.06964094558429973,0.3495722569134701
1515,50.526315789473685,75.3157894736842,75.3157894736842,39.21052631578947,55.73684210526316,1061.0526315789473,1581.6315789473683,395.4078947368421,2199.1973684210525,0.06701828724353255,0.3727453166815343
1516,52.526315789473685,75.42105263157895,75.42105263157895,39.0,59.68421052631579,1103.0526315789473,1583.842105263158,395.9605263157895,2271.1499999999996,0.06711195361284568,0.38494067796610165
1517,63.05263157894737,77.94736842105263,77.94736842105263,38.578947368421055,69.36842105263158,1324.1052631578948,1636.8947368421052,409.2236842105263,2660.202631578947,0.06935994647636039,0.4508818019625334
1518,47.21052631578947,81.36842105263158,81.36842105263158,41.05263157894737,55.0,991.421052631579,1708.7368421052631,427.1842105263158,2112.6,0.07240410347903657,0.35806779661016946
1519,46.0,93.0,93.0,49.10526315789474,52.78947368421053,966.0,1953.0,488.25,2130.45,0.0827542372881356,0.361093220338983
1520,56.68421052631579,66.6842105263158,66.6842105263158,33.78947368421053,66.78947368421052,1190.3684210526314,1400.3684210526317,350.0921052631579,2373.718421052631,0.05933764495985727,0.4023251561106154
1521,54.68421052631579,75.42105263157895,75.42105263157895,37.8421052631579,64.05263157894737,1148.3684210526314,1583.842105263158,395.9605263157895,2348.1868421052627,0.06711195361284568,0.3979977698483496
1522,48.26315789473684,80.42105263157895,80.42105263157895,39.473684210526315,58.0,1013.5263157894736,1688.842105263158,422.2105263157895,2145.2052631578945,0.07156110615521856,0.3635941123996431
1523,62.421052631578945,70.0,70.0,33.473684210526315,65.94736842105263,1310.842105263158,1470.0,367.5,2595.9315789473685,0.06228813559322034,0.4399884032114184
1524,56.89473684210526,71.63157894736842,71.63157894736842,34.31578947368421,64.26315789473684,1194.7894736842104,1504.2631578947369,376.0657894736842,2407.207894736842,0.0637399643175736,0.40800133809099015
1525,58.05263157894737,75.94736842105263,75.94736842105263,37.8421052631579,67.42105263157895,1219.1052631578948,1594.8947368421052,398.7236842105263,2471.202631578947,0.06758028545941124,0.4188479036574487
1526,53.26315789473684,78.05263157894737,78.05263157894737,37.73684210526316,59.31578947368421,1118.5263157894738,1639.1052631578948,409.7763157894737,2311.271052631579,0.06945361284567352,0.39174085637823375
1527,53.05263157894737,77.73684210526316,77.73684210526316,38.78947368421053,58.31578947368421,1114.1052631578948,1632.4736842105265,408.1184210526316,2302.0973684210526,0.06917261373773417,0.39018599464763604
1528,47.94736842105263,70.89473684210526,70.89473684210526,35.526315789473685,61.26315789473684,1006.8947368421052,1488.7894736842104,372.1973684210526,2083.9184210526314,0.06308429973238179,0.3532065120428189
1529,62.05263157894737,77.94736842105263,77.94736842105263,36.578947368421055,76.15789473684211,1303.1052631578948,1636.8947368421052,409.2236842105263,2624.5026315789473,0.06935994647636039,0.44483095450490634
1530,50.10526315789474,77.78947368421052,77.78947368421052,40.31578947368421,59.31578947368421,1052.2105263157896,1633.5789473684208,408.3947368421052,2197.1526315789474,0.06921944692239071,0.3723987511150758
1531,50.68421052631579,77.57894736842105,77.57894736842105,38.94736842105263,61.73684210526316,1064.3684210526314,1629.157894736842,407.2894736842105,2216.715789473684,0.0690321141837645,0.37571454058875997
1532,53.0,82.52631578947368,82.52631578947368,39.8421052631579,56.526315789473685,1113.0,1733.0526315789473,433.2631578947368,2325.3631578947366,0.07343443354148081,0.39412934879571804
1533,55.1578947368421,84.57894736842105,84.57894736842105,41.73684210526316,60.31578947368421,1158.3157894736842,1776.157894736842,444.0394736842105,2413.1763157894734,0.07526092774308653,0.40901293487957174
1534,55.73684210526316,79.47368421052632,79.47368421052632,39.78947368421053,65.63157894736842,1170.4736842105262,1668.9473684210527,417.2368421052632,2407.0421052631577,0.07071810883140053,0.4079732381801962
1535,55.68421052631579,72.6842105263158,72.6842105263158,34.89473684210526,67.78947368421052,1169.3684210526314,1526.3684210526317,381.5921052631579,2369.5184210526313,0.06467662801070473,0.4016132917038358
1536,52.26315789473684,71.26315789473684,71.26315789473684,35.68421052631579,57.94736842105263,1097.5263157894738,1496.5263157894735,374.1315789473684,2239.926315789474,0.0634121320249777,0.37964852809991084
1537,51.473684210526315,77.10526315789474,77.10526315789474,37.78947368421053,59.10526315789474,1080.9473684210527,1619.2105263157896,404.8026315789474,2242.4131578947367,0.06861061552185549,0.3800700267618198
1538,54.473684210526315,79.52631578947368,79.52631578947368,40.21052631578947,64.15789473684211,1143.9473684210527,1670.0526315789473,417.5131578947368,2362.2236842105262,0.07076494201605708,0.4003768956289028
1539,55.73684210526316,83.52631578947368,83.52631578947368,40.21052631578947,63.21052631578947,1170.4736842105262,1754.0526315789473,438.5131578947368,2428.3184210526315,0.07432426404995539,0.4115793933987511
1540,56.421052631578945,66.42105263157895,66.42105263157895,33.578947368421055,65.05263157894737,1184.842105263158,1394.842105263158,348.7105263157895,2362.942105263158,0.05910347903657449,0.4004986619090098
1541,50.578947368421055,84.26315789473684,84.26315789473684,44.1578947368421,59.26315789473684,1062.157894736842,1769.5263157894735,442.3815789473684,2248.0499999999997,0.07497992863514719,0.38102542372881354
1542,50.63157894736842,79.15789473684211,79.15789473684211,38.68421052631579,58.94736842105263,1063.2631578947369,1662.3157894736844,415.5789473684211,2223.1263157894737,0.0704371097234612,0.37680107047279215
1543,56.578947368421055,80.3157894736842,80.3157894736842,40.68421052631579,60.0,1188.157894736842,1686.6315789473683,421.6578947368421,2441.5263157894733,0.07146743978590543,0.41381801962533443
1544,51.05263157894737,85.15789473684211,85.15789473684211,41.31578947368421,58.8421052631579,1072.1052631578948,1788.3157894736844,447.0789473684211,2269.657894736842,0.07577609277430866,0.38468777876895627
1545,56.0,77.21052631578948,77.21052631578948,37.421052631578945,67.21052631578948,1176.0,1621.4210526315792,405.3552631578948,2404.555263157895,0.0687042818911686,0.40755173951828727
1546,50.68421052631579,69.3157894736842,69.3157894736842,34.8421052631579,58.05263157894737,1064.3684210526314,1455.6315789473683,363.9078947368421,2173.3342105263155,0.0616793041926851,0.36836173059768057
1547,53.68421052631579,74.10526315789474,74.10526315789474,37.68421052631579,57.31578947368421,1127.3684210526314,1556.2105263157896,389.0526315789474,2305.578947368421,0.06594112399643176,0.39077609277430864
1548,50.421052631578945,76.10526315789474,76.10526315789474,39.36842105263158,62.8421052631579,1058.842105263158,1598.2105263157896,399.5526315789474,2199.584210526316,0.06772078501338091,0.37281088314005356
1549,51.8421052631579,76.78947368421052,76.78947368421052,38.36842105263158,61.526315789473685,1088.6842105263158,1612.5789473684208,403.1447368421052,2253.907894736842,0.06832961641391613,0.38201828724353254
1550,50.68421052631579,81.0,81.0,40.05263157894737,54.473684210526315,1064.3684210526314,1701.0,425.25,2234.6763157894734,0.07207627118644068,0.37875869759143616
1551,44.21052631578947,84.57894736842105,84.57894736842105,43.26315789473684,47.68421052631579,928.421052631579,1776.157894736842,444.0394736842105,2022.3552631578946,0.07526092774308653,0.34277207850133806
1552,49.421052631578945,77.63157894736842,77.63157894736842,38.31578947368421,56.94736842105263,1037.842105263158,1630.2631578947369,407.5657894736842,2171.8973684210528,0.06907894736842106,0.3681181980374666
1553,50.526315789473685,69.36842105263158,69.36842105263158,34.36842105263158,65.0,1061.0526315789473,1456.7368421052631,364.1842105263158,2167.9736842105262,0.06172613737734166,0.36745316681534346
1554,44.63157894736842,83.78947368421052,83.78947368421052,44.68421052631579,52.05263157894737,937.2631578947368,1759.5789473684208,439.8947368421052,2033.2421052631576,0.07455842997323817,0.34461730597680634
1555,51.526315789473685,68.6842105263158,68.6842105263158,34.421052631578945,61.31578947368421,1082.0526315789473,1442.3684210526317,360.5921052631579,2200.081578947368,0.061117305976806424,0.3728951828724353
1556,53.94736842105263,75.3157894736842,75.3157894736842,35.21052631578947,60.473684210526315,1132.8947368421052,1581.6315789473683,395.4078947368421,2321.328947368421,0.06701828724353255,0.39344558429973236
1557,62.05263157894737,70.36842105263158,70.36842105263158,35.31578947368421,64.78947368421052,1303.1052631578948,1477.7368421052631,369.4342105263158,2584.713157894737,0.06261596788581623,0.4380869759143622
1558,59.63157894736842,70.78947368421052,70.78947368421052,34.8421052631579,74.26315789473684,1252.2631578947369,1486.5789473684208,371.6447368421052,2500.492105263158,0.06299063336306868,0.42381222123104373
1559,52.1578947368421,82.89473684210526,82.89473684210526,43.21052631578947,55.8421052631579,1095.3157894736842,1740.7894736842104,435.1973684210526,2297.2342105263156,0.07376226583407672,0.3893617305976806
1560,51.26315789473684,66.42105263157895,66.42105263157895,34.21052631578947,58.26315789473684,1076.5263157894738,1394.842105263158,348.7105263157895,2178.805263157895,0.05910347903657449,0.3692890276538805
1561,55.578947368421055,81.84210526315789,81.84210526315789,40.73684210526316,62.89473684210526,1167.157894736842,1718.6842105263156,429.6710526315789,2413.83947368421,0.07282560214094558,0.40912533452274746
1562,59.78947368421053,64.0,64.0,31.105263157894736,66.05263157894737,1255.578947368421,1344.0,336.0,2470.4842105263156,0.05694915254237288,0.4187261373773416
1563,50.8421052631579,80.57894736842105,80.57894736842105,41.36842105263158,61.73684210526316,1067.6842105263158,1692.157894736842,423.0394736842105,2238.1026315789472,0.07170160570918822,0.3793394290811775
1564,49.73684210526316,79.89473684210526,79.89473684210526,41.473684210526315,57.21052631578947,1044.4736842105262,1677.7894736842104,419.4473684210526,2195.052631578947,0.07109277430865299,0.37204281891168595
1565,59.526315789473685,75.3157894736842,75.3157894736842,35.473684210526315,75.26315789473684,1250.0526315789473,1581.6315789473683,395.4078947368421,2520.497368421052,0.06701828724353255,0.4272029438001783
1566,53.10526315789474,67.57894736842105,67.57894736842105,33.526315789473685,57.421052631578945,1115.2105263157896,1419.157894736842,354.7894736842105,2250.6473684210528,0.060133809099018734,0.38146565566458523
1567,59.578947368421055,83.10526315789474,83.10526315789474,41.36842105263158,72.0,1251.157894736842,1745.2105263157896,436.3026315789474,2563.271052631579,0.07394959857270295,0.4344527207850134
1568,50.89473684210526,74.3157894736842,74.3157894736842,37.68421052631579,61.526315789473685,1068.7894736842104,1560.6315789473683,390.1578947368421,2207.0999999999995,0.06612845673505797,0.3740847457627118
1569,50.73684210526316,77.42105263157895,77.42105263157895,39.526315789473685,63.526315789473685,1065.4736842105262,1625.842105263158,406.4605263157895,2217.765789473684,0.06889161462979483,0.37589250669045493
1570,52.05263157894737,69.36842105263158,69.36842105263158,36.473684210526315,57.526315789473685,1093.1052631578948,1456.7368421052631,364.1842105263158,2222.463157894737,0.06172613737734166,0.37668867082961643
1571,52.26315789473684,75.15789473684211,75.15789473684211,37.1578947368421,63.1578947368421,1097.5263157894738,1578.3157894736844,394.5789473684211,2260.3736842105263,0.0668777876895629,0.38311418376449596
1572,55.73684210526316,70.42105263157895,70.42105263157895,36.0,62.89473684210526,1170.4736842105262,1478.842105263158,369.7105263157895,2359.515789473684,0.0626628010704728,0.3999179304192685
1573,49.78947368421053,69.89473684210526,69.89473684210526,35.26315789473684,56.36842105263158,1045.578947368421,1467.7894736842104,366.9473684210526,2144.4315789473685,0.06219446922390722,0.3634629794826048
1574,51.421052631578945,70.47368421052632,70.47368421052632,37.31578947368421,53.10526315789474,1079.842105263158,1479.9473684210527,369.9868421052632,2205.7184210526316,0.06270963425512935,0.3738505798394291
1575,58.73684210526316,67.3157894736842,67.3157894736842,33.21052631578947,70.42105263157895,1233.4736842105262,1413.6315789473683,353.4078947368421,2450.313157894737,0.05989964317573595,0.415307314897413
1576,52.68421052631579,78.78947368421052,78.78947368421052,40.05263157894737,58.473684210526315,1106.3684210526314,1654.5789473684208,413.6447368421052,2294.4710526315785,0.07010927743086529,0.388893398751115
1577,49.94736842105263,80.10526315789474,80.10526315789474,39.73684210526316,56.21052631578947,1048.8947368421052,1682.2105263157896,420.5526315789474,2203.673684210526,0.07128010704727922,0.37350401427297053
1578,58.78947368421053,76.52631578947368,76.52631578947368,37.26315789473684,62.63157894736842,1234.578947368421,1607.0526315789473,401.7631578947368,2500.5473684210524,0.06809545049063336,0.42382158786797497
1579,52.1578947368421,75.89473684210526,75.89473684210526,39.26315789473684,64.3157894736842,1095.3157894736842,1593.7894736842104,398.4473684210526,2260.4842105263156,0.06753345227475469,0.38313291703835856
1580,51.05263157894737,70.3157894736842,70.3157894736842,36.26315789473684,53.26315789473684,1072.1052631578948,1476.6315789473683,369.1578947368421,2191.7368421052633,0.06256913470115967,0.37148082069580735
1581,54.05263157894737,87.36842105263158,87.36842105263158,44.21052631578947,65.89473684210526,1135.1052631578948,1834.7368421052631,458.6842105263158,2388.363157894737,0.07774308652988403,0.40480731489741306
1582,59.26315789473684,87.15789473684211,87.15789473684211,43.578947368421055,71.21052631578948,1244.5263157894738,1830.3157894736844,457.5789473684211,2573.2736842105264,0.07755575379125781,0.4361480820695807
1583,46.10526315789474,83.21052631578948,83.21052631578948,42.8421052631579,51.526315789473685,968.2105263157896,1747.4210526315792,436.8552631578948,2082.813157894737,0.07404326494201607,0.3530191793041927
1584,46.78947368421053,83.42105263157895,83.42105263157895,43.05263157894737,58.0,982.578947368421,1751.842105263158,437.9605263157895,2108.3447368421052,0.07423059768064229,0.3573465655664585
1585,48.31578947368421,75.57894736842105,75.57894736842105,39.26315789473684,54.421052631578945,1014.6315789473684,1587.157894736842,396.7894736842105,2121.6631578947367,0.06725245316681534,0.35960392506690453
1586,46.26315789473684,75.42105263157895,75.42105263157895,39.63157894736842,47.473684210526315,971.5263157894736,1583.842105263158,395.9605263157895,2047.5552631578948,0.06711195361284568,0.3470432649420161
1587,47.0,85.57894736842105,85.57894736842105,42.473684210526315,62.94736842105263,987.0,1797.157894736842,449.2894736842105,2127.1894736842105,0.0761507582515611,0.3605405887600357
1588,53.21052631578947,63.8421052631579,63.8421052631579,32.78947368421053,60.1578947368421,1117.421052631579,1340.6842105263158,335.17105263157896,2234.786842105263,0.056808652988403215,0.3787774308652988
1589,52.78947368421053,79.0,79.0,39.421052631578945,63.0,1108.578947368421,1659.0,414.75,2299.3342105263155,0.07029661016949153,0.3897176628010704
1590,51.10526315789474,72.0,72.0,34.526315789473685,56.68421052631579,1073.2105263157896,1512.0,378.0,2202.4578947368423,0.0640677966101695,0.37329794826048174
1591,56.10526315789474,73.3157894736842,73.3157894736842,37.1578947368421,64.21052631578948,1178.2105263157896,1539.6315789473683,384.9078947368421,2387.8657894736843,0.0652386262265834,0.40472301516503123
1592,58.26315789473684,74.3157894736842,74.3157894736842,38.63157894736842,60.526315789473685,1223.5263157894738,1560.6315789473683,390.1578947368421,2470.1526315789474,0.06612845673505797,0.4186699375557538
1593,50.68421052631579,80.73684210526316,80.73684210526316,39.473684210526315,64.3157894736842,1064.3684210526314,1695.4736842105265,423.8684210526316,2233.294736842105,0.0718421052631579,0.3785245316681534
1594,51.63157894736842,76.47368421052632,76.47368421052632,38.63157894736842,61.94736842105263,1084.2631578947369,1605.9473684210527,401.4868421052632,2244.734210526316,0.0680486173059768,0.38046342551293494
1595,56.78947368421053,72.52631578947368,72.52631578947368,35.421052631578945,64.15789473684211,1192.578947368421,1523.0526315789473,380.7631578947368,2408.1473684210523,0.06453612845673505,0.4081605709188224
1596,47.05263157894737,85.26315789473684,85.26315789473684,44.421052631578945,53.63157894736842,988.1052631578948,1790.5263157894735,447.6315789473684,2127.4105263157894,0.07586975914362176,0.36057805530776094
1597,54.0,80.52631578947368,80.52631578947368,40.31578947368421,64.21052631578948,1134.0,1691.0526315789473,422.7631578947368,2350.563157894737,0.07165477252453166,0.39840053523639607
1598,50.78947368421053,71.73684210526316,71.73684210526316,36.89473684210526,67.42105263157895,1066.578947368421,1506.4736842105265,376.6184210526316,2189.802631578947,0.06383363068688672,0.37115298840321137
1599,49.1578947368421,76.21052631578948,76.21052631578948,38.1578947368421,51.26315789473684,1032.3157894736842,1600.4210526315792,400.1052631578948,2155.0421052631577,0.06781445138269403,0.36526137377341655
1600,48.10526315789474,83.10526315789474,83.10526315789474,41.68421052631579,58.26315789473684,1010.2105263157896,1745.2105263157896,436.3026315789474,2153.66052631579,0.07394959857270295,0.3650272078501339
1601,59.0,76.57894736842105,76.57894736842105,37.89473684210526,72.3157894736842,1239.0,1608.157894736842,402.0394736842105,2508.33947368421,0.06814228367528992,0.42514228367528983
1602,59.0,71.6842105263158,71.6842105263158,34.473684210526315,69.78947368421052,1239.0,1505.3684210526317,376.3421052631579,2482.6421052631576,0.06378679750223015,0.42078679750223014
1603,53.0,76.3157894736842,76.3157894736842,38.36842105263158,64.3157894736842,1113.0,1602.6315789473683,400.6578947368421,2292.757894736842,0.06790811775200713,0.3886030330062444
1604,53.36842105263158,73.42105263157895,73.42105263157895,38.526315789473685,54.0,1120.7368421052631,1541.842105263158,385.4605263157895,2290.713157894737,0.06533229259589653,0.3882564674397859
1605,44.63157894736842,76.21052631578948,76.21052631578948,37.526315789473685,50.68421052631579,937.2631578947368,1600.4210526315792,400.1052631578948,1993.4526315789471,0.06781445138269403,0.33787332738626225
1606,57.578947368421055,64.26315789473684,64.26315789473684,32.473684210526315,63.8421052631579,1209.157894736842,1349.5263157894735,337.3815789473684,2392.95,0.05718331846565566,0.4055847457627118
1607,52.421052631578945,78.36842105263158,78.36842105263158,38.578947368421055,68.78947368421052,1100.842105263158,1645.7368421052631,411.4342105263158,2282.8657894736843,0.06973461195361284,0.3869264049955397
1608,49.05263157894737,68.57894736842105,68.57894736842105,34.36842105263158,63.21052631578947,1030.1052631578948,1440.157894736842,360.0394736842105,2111.2184210526316,0.06102363960749331,0.35783363068688673
1609,52.8421052631579,71.21052631578948,71.21052631578948,36.89473684210526,57.68421052631579,1109.6842105263158,1495.4210526315792,373.8552631578948,2260.3184210526315,0.06336529884032115,0.38310481712756467
1610,66.84210526315789,77.89473684210526,77.89473684210526,37.73684210526316,81.26315789473684,1403.6842105263156,1635.7894736842104,408.9473684210526,2795.210526315789,0.06931311329170384,0.47376449598572695
1611,51.8421052631579,74.3157894736842,74.3157894736842,38.526315789473685,58.8421052631579,1088.6842105263158,1560.6315789473683,390.1578947368421,2240.921052631579,0.06612845673505797,0.37981712756467445
1612,50.68421052631579,77.47368421052632,77.47368421052632,38.36842105263158,58.94736842105263,1064.3684210526314,1626.9473684210527,406.7368421052632,2216.1631578947367,0.06893844781445138,0.3756208742194469
1613,54.1578947368421,75.6842105263158,75.6842105263158,38.36842105263158,68.10526315789474,1137.3157894736842,1589.3684210526317,397.3421052631579,2330.7789473684206,0.06734611953612846,0.39504727921498656
1614,57.68421052631579,77.3157894736842,77.3157894736842,38.578947368421055,63.63157894736842,1211.3684210526314,1623.6315789473683,405.9078947368421,2465.2342105263156,0.0687979482604817,0.417836306868867
1615,51.421052631578945,66.36842105263158,66.36842105263158,34.31578947368421,53.89473684210526,1079.842105263158,1393.7368421052631,348.4342105263158,2184.165789473684,0.05905664585191793,0.37019759143621767
1616,52.421052631578945,83.21052631578948,83.21052631578948,41.10526315789474,63.31578947368421,1100.842105263158,1747.4210526315792,436.8552631578948,2308.2868421052635,0.07404326494201607,0.391235057983943
1617,53.68421052631579,68.57894736842105,68.57894736842105,33.421052631578945,60.63157894736842,1127.3684210526314,1440.157894736842,360.0394736842105,2276.5657894736837,0.06102363960749331,0.3858586083853701
1618,57.10526315789474,77.0,77.0,37.421052631578945,66.42105263157895,1199.2105263157896,1617.0,404.25,2442.9078947368425,0.06851694915254238,0.4140521855486174
1619,51.26315789473684,78.94736842105263,78.94736842105263,37.8421052631579,62.8421052631579,1076.5263157894738,1657.8947368421052,414.4736842105263,2244.5684210526315,0.07024977698483496,0.38043532560214094
1620,50.68421052631579,87.10526315789474,87.10526315789474,42.78947368421053,63.10526315789474,1064.3684210526314,1829.2105263157896,457.3026315789474,2266.728947368421,0.07750892060660125,0.38419134701159674
1621,47.526315789473685,80.15789473684211,80.15789473684211,39.473684210526315,49.0,998.0526315789474,1683.3157894736844,420.8289473684211,2117.5184210526318,0.07132694023193578,0.3589014272970562
1622,53.31578947368421,79.15789473684211,79.15789473684211,40.526315789473685,61.0,1119.6315789473686,1662.3157894736844,415.5789473684211,2318.9526315789476,0.0704371097234612,0.393042818911686
1623,46.578947368421055,77.26315789473684,77.26315789473684,41.05263157894737,56.26315789473684,978.1578947368422,1622.5263157894735,405.6315789473684,2068.5,0.06875111507582515,0.35059322033898305
1624,49.578947368421055,65.57894736842105,65.57894736842105,34.31578947368421,54.10526315789474,1041.157894736842,1377.157894736842,344.2894736842105,2114.257894736842,0.05835414808206958,0.3583487957181088
1625,46.31578947368421,80.42105263157895,80.42105263157895,39.31578947368421,54.63157894736842,972.6315789473684,1688.842105263158,422.2105263157895,2075.684210526316,0.07156110615521856,0.35181088314005354
1626,55.78947368421053,77.89473684210526,77.89473684210526,36.78947368421053,70.63157894736842,1171.578947368421,1635.7894736842104,408.9473684210526,2400.6315789473683,0.06931311329170384,0.40688670829616413
1627,49.8421052631579,80.52631578947368,80.52631578947368,40.68421052631579,55.63157894736842,1046.6842105263158,1691.0526315789473,422.7631578947368,2202.1263157894737,0.07165477252453166,0.37324174843889385
1628,54.578947368421055,76.89473684210526,76.89473684210526,38.578947368421055,62.10526315789474,1146.157894736842,1614.7894736842104,403.6973684210526,2352.165789473684,0.06842328278322926,0.3986721677074041
1629,54.31578947368421,81.3157894736842,81.3157894736842,41.8421052631579,63.578947368421055,1140.6315789473686,1707.6315789473683,426.9078947368421,2365.9815789473687,0.07235727029438001,0.40101382694023197
1630,46.78947368421053,77.10526315789474,77.10526315789474,38.89473684210526,59.526315789473685,982.578947368421,1619.2105263157896,404.8026315789474,2075.186842105263,0.06861061552185549,0.3517265834076717
1631,55.421052631578945,78.21052631578948,78.21052631578948,39.1578947368421,64.89473684210526,1163.842105263158,1642.4210526315792,410.6052631578948,2389.136842105263,0.06959411239964318,0.4049384478144514
1632,53.578947368421055,73.84210526315789,73.84210526315789,37.31578947368421,62.421052631578945,1125.157894736842,1550.6842105263156,387.6710526315789,2300.4394736842105,0.06570695807314897,0.3899049955396967
1633,52.63157894736842,72.73684210526316,72.73684210526316,36.05263157894737,61.05263157894737,1105.2631578947369,1527.4736842105265,381.8684210526316,2260.815789473684,0.06472346119536129,0.38318911685994644
1634,49.0,74.57894736842105,74.57894736842105,37.10526315789474,62.63157894736842,1029.0,1566.157894736842,391.5394736842105,2140.8394736842106,0.06636262265834077,0.3628541480820696
1635,51.0,71.94736842105263,71.94736842105263,35.73684210526316,63.63157894736842,1071.0,1510.8947368421052,377.7236842105263,2198.4236842105265,0.06402096342551293,0.372614183764496
1636,52.578947368421055,73.78947368421052,73.78947368421052,37.0,63.26315789473684,1104.157894736842,1549.5789473684208,387.3947368421052,2264.4631578947365,0.0656601248884924,0.383807314897413
1637,57.26315789473684,77.47368421052632,77.47368421052632,38.473684210526315,72.73684210526316,1202.5263157894738,1626.9473684210527,406.7368421052632,2451.0315789473684,0.06893844781445138,0.4154290811775201
1638,52.36842105263158,69.63157894736842,69.63157894736842,33.31578947368421,58.05263157894737,1099.7368421052631,1462.2631578947369,365.5657894736842,2235.1184210526317,0.06196030330062444,0.37883363068688675
1639,46.68421052631579,64.73684210526316,64.73684210526316,33.68421052631579,51.21052631578947,980.3684210526316,1359.4736842105265,339.8684210526316,2006.4947368421053,0.057604817127564684,0.34008385370205174
1640,53.10526315789474,75.47368421052632,75.47368421052632,36.78947368421053,59.73684210526316,1115.2105263157896,1584.9473684210527,396.2368421052632,2292.0947368421057,0.06715878679750223,0.38849063336306877
1641,48.8421052631579,84.47368421052632,84.47368421052632,42.473684210526315,57.36842105263158,1025.6842105263158,1773.9473684210527,443.4868421052632,2187.15,0.07516726137377341,0.3707033898305085
1642,44.473684210526315,82.42105263157895,82.42105263157895,41.78947368421053,51.421052631578945,933.9473684210526,1730.842105263158,432.7105263157895,2020.4210526315787,0.07334076717216771,0.34244424620874214
1643,53.526315789473685,66.52631578947368,66.52631578947368,33.8421052631579,65.42105263157895,1124.0526315789473,1397.0526315789473,349.2631578947368,2260.152631578947,0.059197145405887594,0.38307671721677067
1644,43.578947368421055,79.05263157894737,79.05263157894737,40.89473684210526,50.421052631578945,915.1578947368422,1660.1052631578948,415.0263157894737,1970.7947368421055,0.07034344335414809,0.33403300624442467
1645,48.36842105263158,72.84210526315789,72.84210526315789,38.36842105263158,53.63157894736842,1015.7368421052632,1529.6842105263156,382.4210526315789,2109.1736842105265,0.06481712756467439,0.3574870651204282
1646,48.10526315789474,77.42105263157895,77.42105263157895,39.10526315789474,53.94736842105263,1010.2105263157896,1625.842105263158,406.4605263157895,2123.818421052632,0.06889161462979483,0.35996922390722574
1647,49.05263157894737,79.73684210526316,79.73684210526316,39.05263157894737,54.78947368421053,1030.1052631578948,1674.4736842105265,418.6184210526316,2169.797368421053,0.07095227475468333,0.36776226583407673
1648,45.26315789473684,78.84210526315789,78.84210526315789,40.473684210526315,54.73684210526316,950.5263157894736,1655.6842105263156,413.9210526315789,2029.8157894736842,0.07015611061552185,0.3440365744870651
1649,48.21052631578947,73.26315789473684,73.26315789473684,35.10526315789474,54.89473684210526,1012.421052631579,1538.5263157894735,384.6315789473684,2105.7473684210527,0.06519179304192685,0.3569063336306869
1650,53.36842105263158,66.6842105263158,66.6842105263158,33.78947368421053,62.578947368421055,1120.7368421052631,1400.3684210526317,350.0921052631579,2255.3447368421052,0.05933764495985727,0.3822618198037466
1651,54.473684210526315,83.0,83.0,41.68421052631579,65.84210526315789,1143.9473684210527,1743.0,435.75,2380.4605263157896,0.07385593220338983,0.40346788581623555
1652,56.578947368421055,63.78947368421053,63.78947368421053,31.736842105263158,55.73684210526316,1188.157894736842,1339.578947368421,334.89473684210526,2354.7631578947367,0.05676181980374666,0.3991123996431757
1653,55.05263157894737,77.10526315789474,77.10526315789474,37.421052631578945,62.68421052631579,1156.1052631578948,1619.2105263157896,404.8026315789474,2370.1815789473685,0.06861061552185549,0.40172569134701164
1654,59.21052631578947,77.63157894736842,77.63157894736842,38.94736842105263,66.42105263157895,1243.421052631579,1630.2631578947369,407.5657894736842,2521.3815789473683,0.06907894736842106,0.4273528099910794
1655,53.21052631578947,73.52631578947368,73.52631578947368,35.8421052631579,66.89473684210526,1117.421052631579,1544.0526315789473,386.0131578947368,2285.628947368421,0.06542595896520963,0.38739473684210524
1656,53.26315789473684,68.0,68.0,34.473684210526315,54.8421052631579,1118.5263157894738,1428.0,357.0,2258.4947368421053,0.06050847457627118,0.3827957181088314
1657,57.05263157894737,74.6842105263158,74.6842105263158,36.78947368421053,68.52631578947368,1198.1052631578948,1568.3684210526317,392.0921052631579,2428.871052631579,0.06645628902765388,0.41167305976806423
1658,51.421052631578945,68.89473684210526,68.89473684210526,34.68421052631579,60.1578947368421,1079.842105263158,1446.7894736842104,361.6973684210526,2197.428947368421,0.061304638715432645,0.3724455842997324
1659,57.10526315789474,68.89473684210526,68.89473684210526,35.05263157894737,64.42105263157895,1199.2105263157896,1446.7894736842104,361.6973684210526,2400.355263157895,0.061304638715432645,0.40683987511150765
1660,51.73684210526316,78.57894736842105,78.57894736842105,39.73684210526316,56.63157894736842,1086.4736842105262,1650.157894736842,412.5394736842105,2259.544736842105,0.06992194469223907,0.3829736842105263
1661,58.473684210526315,74.42105263157895,74.42105263157895,37.526315789473685,70.47368421052632,1227.9473684210527,1562.842105263158,390.7105263157895,2478.2210526315794,0.0662221231043711,0.42003746654772534
1662,55.21052631578947,68.05263157894737,68.05263157894737,33.63157894736842,66.73684210526316,1159.421052631579,1429.1052631578948,357.2763157894737,2328.2921052631577,0.06055530776092775,0.39462578055307757
1663,48.78947368421053,80.26315789473684,80.26315789473684,42.0,51.68421052631579,1024.578947368421,1685.5263157894735,421.3815789473684,2163.165789473684,0.07142060660124888,0.36663826940231936
1664,58.526315789473685,81.94736842105263,81.94736842105263,39.473684210526315,65.42105263157895,1229.0526315789473,1720.8947368421052,430.2236842105263,2519.6131578947366,0.07291926851025869,0.4270530776092774
1665,51.31578947368421,71.3157894736842,71.3157894736842,36.0,61.10526315789474,1077.6315789473686,1497.6315789473683,374.4078947368421,2206.3815789473683,0.06345896520963425,0.3739629794826048
1666,50.73684210526316,82.73684210526316,82.73684210526316,42.473684210526315,62.78947368421053,1065.4736842105262,1737.4736842105265,434.3684210526316,2245.673684210526,0.07362176628010705,0.38062265834076714
1667,58.578947368421055,70.26315789473684,70.26315789473684,35.473684210526315,66.10526315789474,1230.157894736842,1475.5263157894735,368.8815789473684,2460.1499999999996,0.06252230151650312,0.4169745762711864
1668,43.1578947368421,82.84210526315789,82.84210526315789,42.36842105263158,59.68421052631579,906.3157894736842,1739.6842105263156,434.9210526315789,1975.657894736842,0.07371543264942015,0.33485727029438
1669,54.10526315789474,72.47368421052632,72.47368421052632,36.473684210526315,60.68421052631579,1136.2105263157896,1521.9473684210527,380.4868421052632,2312.0447368421055,0.0644892952720785,0.3918719892952721
1670,55.68421052631579,74.57894736842105,74.57894736842105,36.78947368421053,62.0,1169.3684210526314,1566.157894736842,391.5394736842105,2379.465789473684,0.06636262265834077,0.40329928635147183
1671,52.26315789473684,60.421052631578945,60.421052631578945,30.36842105263158,54.578947368421055,1097.5263157894738,1268.842105263158,317.2105263157895,2183.0052631578947,0.05376449598572703,0.3700008920606601
1672,53.73684210526316,72.05263157894737,72.05263157894737,35.421052631578945,66.15789473684211,1128.4736842105262,1513.1052631578948,378.2763157894737,2296.681578947368,0.06411462979482604,0.38926806422836746
1673,56.68421052631579,77.42105263157895,77.42105263157895,39.36842105263158,66.57894736842105,1190.3684210526314,1625.842105263158,406.4605263157895,2430.086842105263,0.06889161462979483,0.411879125780553
1674,52.473684210526315,86.0,86.0,43.21052631578947,62.94736842105263,1101.9473684210527,1806.0,451.5,2324.8105263157895,0.07652542372881356,0.394035682426405
1675,59.1578947368421,66.84210526315789,66.84210526315789,32.526315789473685,73.6842105263158,1242.3157894736842,1403.6842105263156,350.9210526315789,2462.857894736842,0.059478144513826936,0.4174335414808207
1676,48.8421052631579,79.47368421052632,79.47368421052632,40.31578947368421,57.1578947368421,1025.6842105263158,1668.9473684210527,417.2368421052632,2160.9,0.07071810883140053,0.3662542372881356
1677,44.31578947368421,75.63157894736842,75.63157894736842,39.31578947368421,53.473684210526315,930.6315789473684,1588.2631578947369,397.0657894736842,1979.1394736842105,0.06729928635147191,0.33544736842105266
1678,54.89473684210526,69.0,69.0,35.421052631578945,58.8421052631579,1152.7894736842104,1449.0,362.25,2321.9921052631576,0.06139830508474576,0.3935579839429081
1679,54.36842105263158,76.42105263157895,76.42105263157895,38.63157894736842,61.473684210526315,1141.7368421052631,1604.842105263158,401.2105263157895,2342.1631578947367,0.06800178412132026,0.3969768064228367
1680,52.73684210526316,72.89473684210526,72.89473684210526,36.73684210526316,58.10526315789474,1107.4736842105262,1530.7894736842104,382.6973684210526,2265.402631578947,0.06486396074933094,0.38396654772524524
1681,60.05263157894737,68.0,68.0,33.526315789473685,69.78947368421052,1261.1052631578948,1428.0,357.0,2500.878947368421,0.06050847457627118,0.42387778768956286
1682,52.473684210526315,71.10526315789474,71.10526315789474,37.10526315789474,61.10526315789474,1101.9473684210527,1493.2105263157896,373.3026315789474,2246.613157894737,0.06327163247100803,0.3807818911685995
1683,52.21052631578947,86.52631578947368,86.52631578947368,43.78947368421053,59.63157894736842,1096.421052631579,1817.0526315789473,454.2631578947368,2318.1789473684207,0.07699375557537912,0.3929116859946476
1684,49.10526315789474,78.78947368421052,78.78947368421052,40.31578947368421,57.0,1031.2105263157896,1654.5789473684208,413.6447368421052,2166.702631578947,0.07010927743086529,0.36723773416592326
1685,60.10526315789474,76.05263157894737,76.05263157894737,37.0,75.05263157894737,1262.2105263157896,1597.1052631578948,399.2763157894737,2545.034210526316,0.06767395182872435,0.43136173059768074
1686,55.8421052631579,73.6842105263158,73.6842105263158,36.21052631578947,62.8421052631579,1172.6842105263158,1547.3684210526317,386.8421052631579,2380.4052631578948,0.0655664585191793,0.4034585191793042
1687,47.8421052631579,83.78947368421052,83.78947368421052,41.8421052631579,56.578947368421055,1004.6842105263158,1759.5789473684208,439.8947368421052,2147.8578947368424,0.07455842997323817,0.36404371097234617
1688,50.26315789473684,74.84210526315789,74.84210526315789,37.73684210526316,63.578947368421055,1055.5263157894738,1571.6842105263156,392.9210526315789,2187.315789473684,0.06659678858162354,0.3707314897413024
1689,53.94736842105263,81.6842105263158,81.6842105263158,40.68421052631579,69.21052631578948,1132.8947368421052,1715.3684210526317,428.8421052631579,2354.7631578947367,0.07268510258697591,0.3991123996431757
1690,57.31578947368421,75.57894736842105,75.57894736842105,37.473684210526315,64.63157894736842,1203.6315789473686,1587.157894736842,396.7894736842105,2442.963157894737,0.06725245316681534,0.41406155218554863
1691,63.78947368421053,82.57894736842105,82.57894736842105,39.94736842105263,74.15789473684211,1339.578947368421,1734.157894736842,433.5394736842105,2710.823684210526,0.07348126672613738,0.4594616413916146
1692,48.1578947368421,74.36842105263158,74.36842105263158,38.473684210526315,49.526315789473685,1011.3157894736842,1561.7368421052631,390.4342105263158,2109.6710526315787,0.06617528991971454,0.35757136485280994
1693,50.78947368421053,78.73684210526316,78.73684210526316,39.36842105263158,65.21052631578948,1066.578947368421,1653.4736842105265,413.3684210526316,2226.552631578947,0.07006244424620875,0.3773818019625334
1694,57.421052631578945,69.47368421052632,69.47368421052632,32.94736842105263,65.10526315789474,1205.842105263158,1458.9473684210527,364.7368421052632,2414.668421052632,0.06181980374665478,0.40926583407671724
1695,52.94736842105263,72.57894736842105,72.57894736842105,35.10526315789474,56.63157894736842,1111.8947368421052,1524.157894736842,381.0394736842105,2271.2605263157893,0.06458296164139161,0.3849594112399643
1696,47.73684210526316,89.94736842105263,89.94736842105263,45.36842105263158,51.63157894736842,1002.4736842105264,1888.8947368421052,472.2236842105263,2176.428947368421,0.0800379125780553,0.3688862622658341
1697,59.21052631578947,75.36842105263158,75.36842105263158,39.10526315789474,68.57894736842105,1243.421052631579,1582.7368421052631,395.6842105263158,2509.5,0.06706512042818912,0.42533898305084744
1698,57.31578947368421,76.47368421052632,76.47368421052632,38.526315789473685,67.26315789473684,1203.6315789473686,1605.9473684210527,401.4868421052632,2447.66052631579,0.0680486173059768,0.41485771632471014
1699,48.1578947368421,75.89473684210526,75.89473684210526,39.21052631578947,56.05263157894737,1011.3157894736842,1593.7894736842104,398.4473684210526,2117.684210526316,0.06753345227475469,0.35892952720785015
1700,50.31578947368421,75.57894736842105,75.57894736842105,38.73684210526316,56.10526315789474,1056.6315789473686,1587.157894736842,396.7894736842105,2193.063157894737,0.06725245316681534,0.3717056199821588
1701,56.31578947368421,72.57894736842105,72.57894736842105,37.36842105263158,53.68421052631579,1182.6315789473686,1524.157894736842,381.0394736842105,2391.513157894737,0.06458296164139161,0.40534121320249783
1702,52.21052631578947,73.26315789473684,73.26315789473684,36.05263157894737,60.0,1096.421052631579,1538.5263157894735,384.6315789473684,2248.5473684210524,0.06519179304192685,0.3811097234611953
1703,54.89473684210526,76.52631578947368,76.52631578947368,39.31578947368421,62.31578947368421,1152.7894736842104,1607.0526315789473,401.7631578947368,2361.505263157894,0.06809545049063336,0.40025512934879565
1704,50.31578947368421,76.89473684210526,76.89473684210526,39.63157894736842,55.36842105263158,1056.6315789473686,1614.7894736842104,403.6973684210526,2199.971052631579,0.06842328278322926,0.3728764495985727
1705,54.526315789473685,82.05263157894737,82.05263157894737,39.26315789473684,66.36842105263158,1145.0526315789473,1723.1052631578948,430.7763157894737,2377.365789473684,0.07301293487957182,0.402943354148082
1706,52.31578947368421,85.52631578947368,85.52631578947368,42.31578947368421,55.78947368421053,1098.6315789473686,1796.0526315789473,449.0131578947368,2316.686842105263,0.07610392506690454,0.3926587867975022
1707,53.73684210526316,70.0,70.0,36.31578947368421,56.8421052631579,1128.4736842105262,1470.0,367.5,2285.9052631578943,0.06228813559322034,0.3874415700267618
1708,66.6842105263158,77.84210526315789,77.84210526315789,36.68421052631579,79.05263157894737,1400.3684210526317,1634.6842105263156,408.6710526315789,2789.2973684210524,0.06926628010704727,0.47276226583407666
1709,48.1578947368421,88.3157894736842,88.3157894736842,43.0,55.21052631578947,1011.3157894736842,1854.6315789473683,463.6578947368421,2182.894736842105,0.07858608385370205,0.36998215878679747
1710,46.473684210526315,75.84210526315789,75.84210526315789,39.94736842105263,49.473684210526315,975.9473684210526,1592.6842105263156,398.1710526315789,2057.2815789473684,0.06748661909009812,0.3486917930419268
1711,45.473684210526315,77.78947368421052,77.78947368421052,40.05263157894737,49.10526315789474,954.9473684210526,1633.5789473684208,408.3947368421052,2031.8052631578946,0.06921944692239071,0.3443737734165923
1712,56.89473684210526,79.52631578947368,79.52631578947368,38.94736842105263,62.0,1194.7894736842104,1670.0526315789473,417.5131578947368,2448.6552631578943,0.07076494201605708,0.41502631578947363
1713,52.473684210526315,76.21052631578948,76.21052631578948,36.526315789473685,61.578947368421055,1101.9473684210527,1600.4210526315792,400.1052631578948,2273.4157894736845,0.06781445138269403,0.3853247100802855
1714,53.31578947368421,72.21052631578948,72.21052631578948,35.26315789473684,67.57894736842105,1119.6315789473686,1516.4210526315792,379.1052631578948,2282.4789473684214,0.06425512934879572,0.3868608385370206
1715,47.421052631578945,75.0,75.0,38.1578947368421,56.0,995.8421052631578,1575.0,393.75,2086.6815789473685,0.06673728813559322,0.35367484388938447
1716,54.89473684210526,73.89473684210526,73.89473684210526,36.94736842105263,59.526315789473685,1152.7894736842104,1551.7894736842104,387.9473684210526,2347.68947368421,0.06575379125780552,0.3979134701159678
1717,53.78947368421053,63.21052631578947,63.21052631578947,33.78947368421053,60.578947368421055,1129.578947368421,1327.421052631579,331.85526315789474,2252.1394736842103,0.05624665477252453,0.38171855486173056
1718,50.05263157894737,82.0,82.0,42.421052631578945,56.21052631578947,1051.1052631578948,1722.0,430.5,2217.378947368421,0.07296610169491526,0.37582694023193575
1719,54.8421052631579,73.78947368421052,73.78947368421052,36.26315789473684,66.47368421052632,1151.6842105263158,1549.5789473684208,387.3947368421052,2345.257894736842,0.0656601248884924,0.39750133809099014
1720,60.73684210526316,72.26315789473684,72.26315789473684,36.31578947368421,64.63157894736842,1275.4736842105262,1517.5263157894735,379.3815789473684,2547.6868421052627,0.06430196253345227,0.4318113291703835
1721,48.10526315789474,70.57894736842105,70.57894736842105,36.05263157894737,53.526315789473685,1010.2105263157896,1482.157894736842,370.5394736842105,2087.8973684210528,0.06280330062444246,0.3538809099018734
1722,55.63157894736842,84.52631578947368,84.52631578947368,41.05263157894737,66.10526315789474,1168.2631578947369,1775.0526315789473,443.7631578947368,2429.8105263157895,0.07521409455842996,0.41183229259589654
1723,47.31578947368421,79.36842105263158,79.36842105263158,40.05263157894737,58.473684210526315,993.6315789473684,1666.7368421052631,416.6842105263158,2105.857894736842,0.07062444246208742,0.35692506690454945
1724,57.05263157894737,86.57894736842105,86.57894736842105,43.0,60.526315789473685,1198.1052631578948,1818.157894736842,454.5394736842105,2491.3184210526315,0.07704058876003568,0.422257359500446
1725,55.94736842105263,72.89473684210526,72.89473684210526,36.94736842105263,62.73684210526316,1174.8947368421052,1530.7894736842104,382.6973684210526,2380.0184210526313,0.06486396074933094,0.40339295272078496
1726,48.68421052631579,86.21052631578948,86.21052631578948,42.578947368421055,55.36842105263158,1022.3684210526316,1810.4210526315792,452.6052631578948,2190.6315789473683,0.0767127564674398,0.3712934879571811
1727,54.473684210526315,64.57894736842105,64.57894736842105,31.789473684210527,56.26315789473684,1143.9473684210527,1356.157894736842,339.0394736842105,2283.75,0.057464317573595006,0.38707627118644067
1728,54.31578947368421,63.578947368421055,63.578947368421055,31.57894736842105,60.63157894736842,1140.6315789473686,1335.157894736842,333.7894736842105,2272.863157894737,0.05657448706512043,0.3852310437109724
1729,57.21052631578947,72.78947368421052,72.78947368421052,35.89473684210526,69.36842105263158,1201.421052631579,1528.5789473684208,382.1447368421052,2424.5605263157895,0.06477029438001783,0.41094246208742197
1730,51.526315789473685,83.10526315789474,83.10526315789474,43.26315789473684,60.63157894736842,1082.0526315789473,1745.2105263157896,436.3026315789474,2275.7921052631577,0.07394959857270295,0.3857274754683318
1731,50.26315789473684,65.47368421052632,65.47368421052632,33.26315789473684,64.73684210526316,1055.5263157894738,1374.9473684210527,343.7368421052632,2138.131578947369,0.05826048171275647,0.3623951828724354
1732,58.526315789473685,69.47368421052632,69.47368421052632,34.63157894736842,64.0,1229.0526315789473,1458.9473684210527,364.7368421052632,2454.1263157894737,0.06181980374665478,0.4159536128456735
1733,46.0,80.47368421052632,80.47368421052632,40.26315789473684,52.31578947368421,966.0,1689.9473684210527,422.4868421052632,2064.686842105263,0.07160793933987511,0.34994692239072256
1734,51.8421052631579,78.42105263157895,78.42105263157895,40.0,62.8421052631579,1088.6842105263158,1646.842105263158,411.7105263157895,2262.4736842105262,0.06978144513826941,0.3834701159678858
1735,54.78947368421053,73.10526315789474,73.10526315789474,36.89473684210526,62.73684210526316,1150.578947368421,1535.2105263157896,383.8026315789474,2339.786842105263,0.06505129348795718,0.3965740410347903
1736,52.578947368421055,65.6842105263158,65.6842105263158,34.0,58.8421052631579,1104.157894736842,1379.3684210526317,344.8421052631579,2221.9105263157894,0.058447814451382696,0.3765950044603033
1737,48.10526315789474,75.47368421052632,75.47368421052632,37.94736842105263,63.1578947368421,1010.2105263157896,1584.9473684210527,396.2368421052632,2113.5947368421057,0.06715878679750223,0.3582363960749332
1738,56.68421052631579,67.42105263157895,67.42105263157895,32.89473684210526,61.05263157894737,1190.3684210526314,1415.842105263158,353.9605263157895,2377.586842105263,0.05999330954504906,0.40298082069580726
1739,51.473684210526315,76.0,76.0,37.78947368421053,54.421052631578945,1080.9473684210527,1596.0,399.0,2236.6105263157897,0.0676271186440678,0.37908652988403213
1740,53.10526315789474,80.10526315789474,80.10526315789474,39.578947368421055,58.1578947368421,1115.2105263157896,1682.2105263157896,420.5526315789474,2316.41052631579,0.07128010704727922,0.39261195361284573
1741,54.68421052631579,73.05263157894737,73.05263157894737,37.63157894736842,61.0,1148.3684210526314,1534.1052631578948,383.5263157894737,2335.752631578947,0.06500446030330062,0.39589027653880454
1742,47.526315789473685,83.52631578947368,83.52631578947368,42.94736842105263,58.526315789473685,998.0526315789474,1754.0526315789473,438.5131578947368,2135.202631578947,0.07432426404995539,0.3618987511150758
1743,59.21052631578947,71.3157894736842,71.3157894736842,36.89473684210526,67.47368421052632,1243.421052631579,1497.6315789473683,374.4078947368421,2488.2236842105262,0.06345896520963425,0.4217328278322926
1744,49.473684210526315,72.15789473684211,72.15789473684211,35.8421052631579,61.473684210526315,1038.9473684210527,1515.3157894736844,378.8289473684211,2145.039473684211,0.06420829616413917,0.3635660124888493
1745,58.05263157894737,79.42105263157895,79.42105263157895,39.8421052631579,65.10526315789474,1219.1052631578948,1667.842105263158,416.9605263157895,2489.4394736842105,0.07067127564674398,0.42193889384478145
1746,47.94736842105263,72.6842105263158,72.6842105263158,36.68421052631579,61.473684210526315,1006.8947368421052,1526.3684210526317,381.5921052631579,2093.313157894737,0.06467662801070473,0.35479884032114184
1747,49.473684210526315,77.78947368421052,77.78947368421052,39.36842105263158,51.526315789473685,1038.9473684210527,1633.5789473684208,408.3947368421052,2174.605263157895,0.06921944692239071,0.3685771632471008
1748,51.68421052631579,76.21052631578948,76.21052631578948,38.1578947368421,52.526315789473685,1085.3684210526314,1600.4210526315792,400.1052631578948,2245.2315789473682,0.06781445138269403,0.38054772524531666
1749,52.05263157894737,73.57894736842105,73.57894736842105,37.68421052631579,57.26315789473684,1093.1052631578948,1545.157894736842,386.2894736842105,2244.5684210526315,0.06547279214986619,0.38043532560214094
1750,47.78947368421053,79.10526315789474,79.10526315789474,40.526315789473685,54.26315789473684,1003.578947368421,1661.2105263157896,415.3026315789474,2121.386842105263,0.07039027653880464,0.35955709188224794
1751,57.473684210526315,75.84210526315789,75.84210526315789,36.26315789473684,66.73684210526316,1206.9473684210527,1592.6842105263156,398.1710526315789,2449.9815789473682,0.06748661909009812,0.41525111507582513
1752,46.31578947368421,82.84210526315789,82.84210526315789,42.89473684210526,54.94736842105263,972.6315789473684,1739.6842105263156,434.9210526315789,2088.394736842105,0.07371543264942015,0.3539652096342551
1753,55.73684210526316,76.57894736842105,76.57894736842105,36.526315789473685,66.78947368421052,1170.4736842105262,1608.157894736842,402.0394736842105,2391.8447368421052,0.06814228367528992,0.40539741302408566
1754,49.578947368421055,77.84210526315789,77.84210526315789,39.94736842105263,57.421052631578945,1041.157894736842,1634.6842105263156,408.6710526315789,2178.6394736842103,0.06926628010704727,0.3692609277430865
1755,60.0,74.84210526315789,74.84210526315789,36.68421052631579,67.0,1260.0,1571.6842105263156,392.9210526315789,2534.9210526315787,0.06659678858162354,0.42964763603925066
1756,54.78947368421053,81.84210526315789,81.84210526315789,40.94736842105263,63.1578947368421,1150.578947368421,1718.6842105263156,429.6710526315789,2385.6552631578948,0.07282560214094558,0.4043483496877788
1757,49.26315789473684,69.84210526315789,69.84210526315789,36.05263157894737,64.63157894736842,1034.5263157894738,1466.6842105263156,366.6710526315789,2125.3657894736843,0.062147636039250664,0.3602314897413024
1758,46.8421052631579,89.89473684210526,89.89473684210526,45.26315789473684,54.26315789473684,983.6842105263158,1887.7894736842104,471.9473684210526,2144.2105263157896,0.07999107939339875,0.36342551293487957
1759,45.578947368421055,79.10526315789474,79.10526315789474,40.578947368421055,55.526315789473685,957.1578947368422,1661.2105263157896,415.3026315789474,2042.471052631579,0.07039027653880464,0.3461815343443354
1760,52.05263157894737,75.52631578947368,75.52631578947368,38.578947368421055,62.94736842105263,1093.1052631578948,1586.0526315789473,396.5131578947368,2254.7921052631577,0.06720561998215878,0.3821681534344335
1761,56.31578947368421,70.73684210526316,70.73684210526316,35.31578947368421,63.473684210526315,1182.6315789473686,1485.4736842105265,371.3684210526316,2381.842105263158,0.06294380017841214,0.4037020517395183
1762,49.78947368421053,69.57894736842105,69.57894736842105,34.10526315789474,59.68421052631579,1045.578947368421,1461.157894736842,365.2894736842105,2142.7736842105264,0.061913470115967886,0.3631819803746655
1763,51.05263157894737,84.36842105263158,84.36842105263158,42.10526315789474,64.3157894736842,1072.1052631578948,1771.7368421052631,442.9342105263158,2265.5131578947367,0.0750735950044603,0.3839852809991079
1764,52.05263157894737,75.57894736842105,75.57894736842105,36.78947368421053,59.21052631578947,1093.1052631578948,1587.157894736842,396.7894736842105,2255.0684210526315,0.06725245316681534,0.3822149866190901
1765,48.63157894736842,67.47368421052632,67.47368421052632,32.578947368421055,56.10526315789474,1021.2631578947368,1416.9473684210527,354.2368421052632,2090.3842105263157,0.06004014272970563,0.3543024085637823
1766,52.473684210526315,78.84210526315789,78.84210526315789,38.1578947368421,61.8421052631579,1101.9473684210527,1655.6842105263156,413.9210526315789,2287.2315789473682,0.07015611061552185,0.38766636931311327
1767,52.578947368421055,76.15789473684211,76.15789473684211,36.473684210526315,67.52631578947368,1104.157894736842,1599.3157894736844,399.8289473684211,2276.8973684210528,0.06776761819803748,0.3859148082069581
1768,50.21052631578947,65.78947368421052,65.78947368421052,32.21052631578947,57.1578947368421,1054.421052631579,1381.5789473684208,345.3947368421052,2137.9105263157894,0.058541480820695796,0.3623577163247101
1769,48.473684210526315,73.84210526315789,73.84210526315789,36.89473684210526,56.26315789473684,1017.9473684210526,1550.6842105263156,387.6710526315789,2118.181578947368,0.06570695807314897,0.3590138269402319
1770,55.89473684210526,75.89473684210526,75.89473684210526,38.1578947368421,68.21052631578948,1173.7894736842104,1593.7894736842104,398.4473684210526,2393.8894736842103,0.06753345227475469,0.4057439785905441
1771,48.473684210526315,78.05263157894737,78.05263157894737,40.473684210526315,50.10526315789474,1017.9473684210526,1639.1052631578948,409.7763157894737,2140.286842105263,0.06945361284567352,0.36276048171275643
1772,49.78947368421053,65.21052631578948,65.21052631578948,33.10526315789474,54.1578947368421,1045.578947368421,1369.4210526315792,342.3552631578948,2119.8394736842106,0.0580263157894737,0.3592948260481713
1773,46.94736842105263,86.10526315789474,86.10526315789474,43.05263157894737,57.578947368421055,985.8947368421052,1808.2105263157896,452.0526315789474,2128.073684210526,0.07661909009812667,0.36069045495093666
1774,54.63157894736842,80.57894736842105,80.57894736842105,41.10526315789474,66.0,1147.2631578947369,1692.157894736842,423.0394736842105,2373.386842105263,0.07170160570918822,0.40226895628902765
1775,51.10526315789474,69.15789473684211,69.15789473684211,32.63157894736842,60.421052631578945,1073.2105263157896,1452.3157894736844,363.0789473684211,2187.5368421052635,0.06153880463871544,0.37076895628902773
1776,52.0,76.52631578947368,76.52631578947368,37.63157894736842,62.89473684210526,1092.0,1607.0526315789473,401.7631578947368,2258.1631578947367,0.06809545049063336,0.3827395182872435
1777,54.68421052631579,69.94736842105263,69.94736842105263,34.0,62.26315789473684,1148.3684210526314,1468.8947368421052,367.2236842105263,2319.45,0.06224130240856378,0.39312711864406774
1778,49.73684210526316,66.10526315789474,66.10526315789474,33.26315789473684,60.8421052631579,1044.4736842105262,1388.2105263157896,347.0526315789474,2122.657894736842,0.05882247992863515,0.35977252453166814
1779,54.421052631578945,78.78947368421052,78.78947368421052,40.05263157894737,56.89473684210526,1142.842105263158,1654.5789473684208,413.6447368421052,2356.4763157894736,0.07010927743086529,0.39940276538804637
1780,44.8421052631579,78.89473684210526,78.89473684210526,39.63157894736842,50.473684210526315,941.6842105263158,1656.7894736842104,414.1973684210526,2015.0605263157895,0.07020294380017841,0.341535682426405
1781,55.68421052631579,70.94736842105263,70.94736842105263,35.578947368421055,65.10526315789474,1169.3684210526314,1489.8947368421052,372.4736842105263,2360.3999999999996,0.06313113291703835,0.40006779661016945
1782,46.8421052631579,78.0,78.0,40.526315789473685,51.10526315789474,983.6842105263158,1638.0,409.5,2081.7631578947367,0.06940677966101695,0.3528412132024977
1783,62.68421052631579,74.57894736842105,74.57894736842105,34.89473684210526,81.52631578947368,1316.3684210526314,1566.157894736842,391.5394736842105,2629.365789473684,0.06636262265834077,0.4456552185548617
1784,53.0,77.84210526315789,77.84210526315789,38.73684210526316,66.52631578947368,1113.0,1634.6842105263156,408.6710526315789,2300.7710526315786,0.06926628010704727,0.38996119536128454
1785,52.68421052631579,81.3157894736842,81.3157894736842,39.78947368421053,66.26315789473684,1106.3684210526314,1707.6315789473683,426.9078947368421,2307.7342105263156,0.07235727029438001,0.39114139161462974
1786,53.1578947368421,72.3157894736842,72.3157894736842,34.94736842105263,54.73684210526316,1116.3157894736842,1518.6315789473683,379.6578947368421,2277.394736842105,0.06434879571810882,0.38599910793933984
1787,51.21052631578947,73.47368421052632,73.47368421052632,35.89473684210526,66.78947368421052,1075.421052631579,1542.9473684210527,385.7368421052632,2213.9526315789476,0.06537912578055308,0.3752462087421945
1788,46.10526315789474,79.6842105263158,79.6842105263158,40.94736842105263,48.63157894736842,968.2105263157896,1673.3684210526317,418.3421052631579,2064.3,0.07090544157002676,0.34988135593220343
1789,50.68421052631579,61.94736842105263,61.94736842105263,31.31578947368421,56.68421052631579,1064.3684210526314,1300.8947368421052,325.2236842105263,2134.6499999999996,0.05512265834076717,0.3618050847457627
1790,50.78947368421053,73.6842105263158,73.6842105263158,37.21052631578947,64.47368421052632,1066.578947368421,1547.3684210526317,386.8421052631579,2200.0263157894733,0.0655664585191793,0.37288581623550393
1791,53.578947368421055,69.10526315789474,69.10526315789474,33.578947368421055,61.421052631578945,1125.157894736842,1451.2105263157896,362.8026315789474,2275.571052631579,0.06149197145405888,0.38569000892060656
1792,55.94736842105263,77.73684210526316,77.73684210526316,37.26315789473684,71.0,1174.8947368421052,1632.4736842105265,408.1184210526316,2405.4394736842105,0.06917261373773417,0.40770160570918823
1793,48.73684210526316,77.0,77.0,40.0,52.94736842105263,1023.4736842105264,1617.0,404.25,2144.1552631578948,0.06851694915254238,0.3634161462979483
1794,49.10526315789474,72.57894736842105,72.57894736842105,37.8421052631579,58.421052631578945,1031.2105263157896,1524.157894736842,381.0394736842105,2134.0973684210526,0.06458296164139161,0.3617114183764496
1795,59.78947368421053,67.84210526315789,67.84210526315789,33.26315789473684,65.84210526315789,1255.578947368421,1424.6842105263156,356.1710526315789,2490.6552631578943,0.06036797502230151,0.42214495985727024
1796,51.36842105263158,71.78947368421052,71.78947368421052,38.05263157894737,62.94736842105263,1078.7368421052631,1507.5789473684208,376.8947368421052,2210.7473684210527,0.06388046387154325,0.37470294380017843
1797,52.63157894736842,72.42105263157895,72.42105263157895,37.89473684210526,54.421052631578945,1105.2631578947369,1520.842105263158,380.2105263157895,2259.157894736842,0.06444246208742195,0.3829081177520071
1798,48.578947368421055,62.78947368421053,62.78947368421053,31.05263157894737,57.421052631578945,1020.1578947368422,1318.578947368421,329.64473684210526,2063.913157894737,0.055871989295272075,0.34981578947368425
1799,51.63157894736842,87.89473684210526,87.89473684210526,43.78947368421053,56.68421052631579,1084.2631578947369,1845.7894736842104,461.4473684210526,2304.694736842105,0.0782114183764496,0.3906262265834077
1800,41.1578947368421,87.10526315789474,87.10526315789474,45.78947368421053,48.421052631578945,864.3157894736842,1829.2105263157896,457.3026315789474,1926.6394736842103,0.07750892060660125,0.32654906333630684
1801,47.78947368421053,87.47368421052632,87.47368421052632,43.8421052631579,55.89473684210526,1003.578947368421,1836.9473684210527,459.2368421052632,2165.321052631579,0.07783675289919714,0.36700356824264047
1802,48.0,76.63157894736842,76.63157894736842,39.89473684210526,53.73684210526316,1008.0,1609.2631578947369,402.3157894736842,2115.915789473684,0.06818911685994648,0.3586297948260481
1803,58.421052631578945,67.3157894736842,67.3157894736842,33.578947368421055,71.52631578947368,1226.842105263158,1413.6315789473683,353.4078947368421,2439.0394736842104,0.05989964317573595,0.4133965209634255
1804,45.78947368421053,75.84210526315789,75.84210526315789,39.94736842105263,51.78947368421053,961.578947368421,1592.6842105263156,398.1710526315789,2032.8552631578948,0.06748661909009812,0.34455173951828727
1805,46.73684210526316,76.21052631578948,76.21052631578948,38.473684210526315,55.1578947368421,981.4736842105264,1600.4210526315792,400.1052631578948,2068.6105263157897,0.06781445138269403,0.3506119536128457
1806,51.1578947368421,80.05263157894737,80.05263157894737,40.36842105263158,68.10526315789474,1074.3157894736842,1681.1052631578948,420.2763157894737,2246.6131578947366,0.07123327386262267,0.3807818911685994
1807,56.0,72.78947368421052,72.78947368421052,37.26315789473684,59.473684210526315,1176.0,1528.5789473684208,382.1447368421052,2381.3447368421052,0.06477029438001783,0.4036177520071365
1808,44.73684210526316,88.57894736842105,88.57894736842105,43.68421052631579,52.578947368421055,939.4736842105264,1860.157894736842,465.0394736842105,2062.1447368421054,0.07882024977698483,0.34951605709188227
1809,51.473684210526315,74.05263157894737,74.05263157894737,36.21052631578947,67.26315789473684,1080.9473684210527,1555.1052631578948,388.7763157894737,2226.386842105263,0.0658942908117752,0.3773537020517395
1810,56.1578947368421,69.94736842105263,69.94736842105263,35.63157894736842,64.73684210526316,1179.3157894736842,1468.8947368421052,367.2236842105263,2372.0605263157895,0.06224130240856378,0.4020441570026762
1811,46.78947368421053,86.47368421052632,86.47368421052632,44.36842105263158,57.73684210526316,982.578947368421,1815.9473684210527,453.9868421052632,2124.371052631579,0.07694692239072257,0.3600628902765388
1812,55.73684210526316,66.36842105263158,66.36842105263158,33.10526315789474,60.94736842105263,1170.4736842105262,1393.7368421052631,348.4342105263158,2338.23947368421,0.05905664585191793,0.3963117752007136
1813,45.26315789473684,79.52631578947368,79.52631578947368,41.63157894736842,52.36842105263158,950.5263157894736,1670.0526315789473,417.5131578947368,2033.407894736842,0.07076494201605708,0.34464540588760034
1814,51.31578947368421,80.78947368421052,80.78947368421052,40.26315789473684,61.526315789473685,1077.6315789473686,1696.5789473684208,424.1447368421052,2256.1184210526317,0.07188893844781444,0.38239295272078505
1815,57.31578947368421,69.89473684210526,69.89473684210526,34.526315789473685,65.26315789473684,1203.6315789473686,1467.7894736842104,366.9473684210526,2413.121052631579,0.06219446922390722,0.4090035682426405
1816,52.94736842105263,74.6842105263158,74.6842105263158,37.421052631578945,63.421052631578945,1111.8947368421052,1568.3684210526317,392.0921052631579,2282.313157894737,0.06645628902765388,0.3868327386262266
1817,57.421052631578945,76.05263157894737,76.05263157894737,37.26315789473684,74.57894736842105,1205.842105263158,1597.1052631578948,399.2763157894737,2449.2078947368423,0.06767395182872435,0.4151199821587868
1818,38.578947368421055,89.47368421052632,89.47368421052632,46.63157894736842,43.21052631578947,810.1578947368422,1878.9473684210527,469.7368421052632,1847.005263157895,0.0796164139161463,0.31305173951828724
1819,53.1578947368421,80.47368421052632,80.47368421052632,39.63157894736842,63.63157894736842,1116.3157894736842,1689.9473684210527,422.4868421052632,2320.2236842105262,0.07160793933987511,0.39325825156110616
1820,57.05263157894737,82.15789473684211,82.15789473684211,40.36842105263158,68.21052631578948,1198.1052631578948,1725.3157894736844,431.3289473684211,2468.1078947368424,0.07310660124888493,0.4183233719892953
1821,50.05263157894737,80.15789473684211,80.15789473684211,40.8421052631579,58.68421052631579,1051.1052631578948,1683.3157894736844,420.8289473684211,2207.7078947368423,0.07132694023193578,0.3741877787689563
1822,50.526315789473685,70.36842105263158,70.36842105263158,35.421052631578945,61.78947368421053,1061.0526315789473,1477.7368421052631,369.4342105263158,2173.2236842105262,0.06261596788581623,0.36834299732381803
1823,57.0,65.15789473684211,65.15789473684211,33.0,70.3157894736842,1197.0,1368.3157894736844,342.0789473684211,2376.978947368421,0.05797948260481713,0.40287778768956284
1824,53.10526315789474,69.6842105263158,69.6842105263158,33.421052631578945,57.89473684210526,1115.2105263157896,1463.3684210526317,365.8421052631579,2261.7000000000003,0.062007136485281,0.3833389830508475
1825,47.8421052631579,73.94736842105263,73.94736842105263,36.36842105263158,59.0,1004.6842105263158,1552.8947368421052,388.2236842105263,2096.186842105263,0.06580062444246208,0.35528590544157
1826,51.31578947368421,77.36842105263158,77.36842105263158,39.473684210526315,56.36842105263158,1077.6315789473686,1624.7368421052631,406.1842105263158,2238.157894736842,0.06884478144513827,0.3793487957181088
1827,53.89473684210526,77.84210526315789,77.84210526315789,39.94736842105263,55.8421052631579,1131.7894736842104,1634.6842105263156,408.6710526315789,2332.7131578947365,0.06926628010704727,0.3953751115075825
1828,54.63157894736842,73.6842105263158,73.6842105263158,37.78947368421053,61.89473684210526,1147.2631578947369,1547.3684210526317,386.8421052631579,2337.1894736842105,0.0655664585191793,0.39613380909901874
1829,55.526315789473685,82.36842105263158,82.36842105263158,40.31578947368421,63.68421052631579,1166.0526315789473,1729.7368421052631,432.4342105263158,2414.7236842105262,0.07329393398751115,0.40927520071364853
1830,63.73684210526316,79.84210526315789,79.84210526315789,38.8421052631579,76.36842105263158,1338.4736842105262,1676.6842105263156,419.1710526315789,2694.5763157894735,0.07104594112399643,0.45670785013380905
1831,49.8421052631579,78.15789473684211,78.15789473684211,40.0,55.10526315789474,1046.6842105263158,1641.3157894736844,410.3289473684211,2189.692105263158,0.06954727921498663,0.3711342551293488
1832,51.578947368421055,72.3157894736842,72.3157894736842,37.73684210526316,54.78947368421053,1083.157894736842,1518.6315789473683,379.6578947368421,2221.0263157894733,0.06434879571810882,0.37644513826940224
1833,51.68421052631579,79.26315789473684,79.26315789473684,40.21052631578947,59.94736842105263,1085.3684210526314,1664.5263157894735,416.1315789473684,2261.257894736842,0.0705307760927743,0.3832640499553969
1834,54.10526315789474,81.05263157894737,81.05263157894737,39.78947368421053,60.36842105263158,1136.2105263157896,1702.1052631578948,425.5263157894737,2357.084210526316,0.07212310437109724,0.39950579839429085
1835,49.89473684210526,80.78947368421052,80.78947368421052,41.26315789473684,61.31578947368421,1047.7894736842104,1696.5789473684208,424.1447368421052,2205.386842105263,0.07188893844781444,0.3737943800178412
1836,50.0,78.52631578947368,78.52631578947368,38.68421052631579,65.57894736842105,1050.0,1649.0526315789473,412.2631578947368,2197.2631578947367,0.06987511150758251,0.3724174843889384
1837,53.421052631578945,71.26315789473684,71.26315789473684,37.1578947368421,61.89473684210526,1121.842105263158,1496.5263157894735,374.1315789473684,2281.2631578947367,0.0634121320249777,0.3866547725245316
1838,51.73684210526316,76.42105263157895,76.42105263157895,39.89473684210526,55.78947368421053,1086.4736842105262,1604.842105263158,401.2105263157895,2248.2157894736843,0.06800178412132026,0.3810535236396075
1839,44.10526315789474,79.78947368421052,79.78947368421052,41.36842105263158,44.05263157894737,926.2105263157896,1675.5789473684208,418.8947368421052,1993.4526315789474,0.07099910793933986,0.33787332738626225
1840,45.1578947368421,75.15789473684211,75.15789473684211,38.68421052631579,53.05263157894737,948.3157894736842,1578.3157894736844,394.5789473684211,2006.715789473684,0.0668777876895629,0.3401213202497769
1841,55.89473684210526,70.94736842105263,70.94736842105263,35.578947368421055,69.47368421052632,1173.7894736842104,1489.8947368421052,372.4736842105263,2367.915789473684,0.06313113291703835,0.40134165923282783
1842,46.68421052631579,77.52631578947368,77.52631578947368,40.21052631578947,49.0,980.3684210526316,1628.0526315789473,407.0131578947368,2073.6394736842103,0.06898528099910793,0.351464317573595
1843,51.31578947368421,76.6842105263158,76.6842105263158,39.578947368421055,55.73684210526316,1077.6315789473686,1610.3684210526317,402.5921052631579,2234.565789473684,0.06823595004460303,0.37873996431757356
1844,54.63157894736842,75.63157894736842,75.63157894736842,35.89473684210526,66.10526315789474,1147.2631578947369,1588.2631578947369,397.0657894736842,2347.4131578947367,0.06729928635147191,0.3978666369313113
1845,57.36842105263158,81.84210526315789,81.84210526315789,40.526315789473685,66.52631578947368,1204.7368421052631,1718.6842105263156,429.6710526315789,2477.723684210526,0.07282560214094558,0.41995316681534334
1846,48.31578947368421,78.0,78.0,38.78947368421053,57.36842105263158,1014.6315789473684,1638.0,409.5,2134.3736842105263,0.06940677966101695,0.36175825156110614
1847,55.421052631578945,74.63157894736842,74.63157894736842,38.21052631578947,61.78947368421053,1163.842105263158,1567.2631578947369,391.8157894736842,2370.3473684210526,0.06640945584299733,0.4017537912578055
1848,62.1578947368421,72.84210526315789,72.84210526315789,36.10526315789474,71.26315789473684,1305.3157894736842,1529.6842105263156,382.4210526315789,2601.457894736842,0.06481712756467439,0.44092506690454947
1849,53.89473684210526,69.63157894736842,69.63157894736842,33.473684210526315,64.78947368421052,1131.7894736842104,1462.2631578947369,365.5657894736842,2289.607894736842,0.06196030330062444,0.38806913470115967
1850,47.63157894736842,77.94736842105263,77.94736842105263,40.63157894736842,58.421052631578945,1000.2631578947368,1636.8947368421052,409.2236842105263,2109.6710526315787,0.06935994647636039,0.35757136485280994
1851,52.421052631578945,70.21052631578948,70.21052631578948,35.31578947368421,65.84210526315789,1100.842105263158,1474.4210526315792,368.6052631578948,2240.0368421052635,0.06247546833184658,0.3796672613737735
1852,48.473684210526315,86.94736842105263,86.94736842105263,45.94736842105263,50.73684210526316,1017.9473684210526,1825.8947368421052,456.4736842105263,2186.9842105263156,0.07736842105263157,0.3706752899197145
1853,56.78947368421053,76.21052631578948,76.21052631578948,36.0,68.94736842105263,1192.578947368421,1600.4210526315792,400.1052631578948,2427.4894736842107,0.06781445138269403,0.4114388938447815
1854,57.73684210526316,70.36842105263158,70.36842105263158,33.73684210526316,68.73684210526316,1212.4736842105262,1477.7368421052631,369.4342105263158,2430.6394736842103,0.06261596788581623,0.41197279214986615
1855,54.31578947368421,79.84210526315789,79.84210526315789,39.421052631578945,58.421052631578945,1140.6315789473686,1676.6842105263156,419.1710526315789,2358.2447368421053,0.07104594112399643,0.39970249776984834
1856,60.8421052631579,71.05263157894737,71.05263157894737,36.31578947368421,63.526315789473685,1277.6842105263158,1492.1052631578948,373.0263157894737,2545.0894736842106,0.06322479928635147,0.431371097234612
1857,49.63157894736842,73.57894736842105,73.57894736842105,37.1578947368421,62.10526315789474,1042.2631578947369,1545.157894736842,386.2894736842105,2158.136842105263,0.06547279214986619,0.36578590544157
1858,48.94736842105263,81.89473684210526,81.89473684210526,42.73684210526316,57.05263157894737,1027.8947368421052,1719.7894736842104,429.9473684210526,2177.368421052631,0.07287243532560214,0.3690454950936663
1859,47.73684210526316,74.26315789473684,74.26315789473684,38.89473684210526,63.10526315789474,1002.4736842105264,1559.5263157894735,389.8815789473684,2094.0868421052633,0.06608162355040142,0.3549299732381802
1860,53.8421052631579,74.52631578947368,74.52631578947368,36.8421052631579,65.0,1130.6842105263158,1565.0526315789473,391.2631578947368,2313.426315789474,0.0663157894736842,0.3921061552185549
1861,47.73684210526316,80.36842105263158,80.36842105263158,40.73684210526316,52.63157894736842,1002.4736842105264,1687.7368421052631,421.9342105263158,2126.1394736842103,0.071514272970562,0.36036262265834074
1862,51.26315789473684,69.52631578947368,69.52631578947368,34.68421052631579,52.63157894736842,1076.5263157894738,1460.0526315789473,365.0131578947368,2195.107894736842,0.06186663693131132,0.3720521855486173
1863,54.526315789473685,72.3157894736842,72.3157894736842,37.8421052631579,57.421052631578945,1145.0526315789473,1518.6315789473683,379.6578947368421,2326.2473684210527,0.06434879571810882,0.3942792149866191
1864,58.8421052631579,65.26315789473684,65.26315789473684,33.578947368421055,62.1578947368421,1235.6842105263158,1370.5263157894735,342.6315789473684,2443.294736842105,0.05807314897413023,0.41411775200713646
1865,55.05263157894737,71.78947368421052,71.78947368421052,35.94736842105263,59.21052631578947,1156.1052631578948,1507.5789473684208,376.8947368421052,2342.273684210526,0.06388046387154325,0.3969955396966993
1866,45.10526315789474,78.26315789473684,78.26315789473684,39.473684210526315,57.05263157894737,947.2105263157896,1643.5263157894735,410.8815789473684,2021.1394736842105,0.06964094558429973,0.34256601248884927
1867,54.10526315789474,69.0,69.0,33.94736842105263,54.0,1136.2105263157896,1449.0,362.25,2293.807894736842,0.06139830508474576,0.38878099910793934
1868,53.8421052631579,73.47368421052632,73.47368421052632,37.0,61.05263157894737,1130.6842105263158,1542.9473684210527,385.7368421052632,2307.9,0.06537912578055308,0.39116949152542374
1869,53.63157894736842,69.6842105263158,69.6842105263158,36.05263157894737,55.1578947368421,1126.2631578947369,1463.3684210526317,365.8421052631579,2280.4894736842107,0.062007136485281,0.3865236396074933
1870,54.578947368421055,64.10526315789474,64.10526315789474,30.789473684210527,64.89473684210526,1146.157894736842,1346.2105263157896,336.5526315789474,2285.021052631579,0.057042818911686,0.38729170383586087
1871,49.68421052631579,79.73684210526316,79.73684210526316,38.8421052631579,56.421052631578945,1043.3684210526314,1674.4736842105265,418.6184210526316,2192.344736842105,0.07095227475468333,0.37158385370205166
1872,57.26315789473684,65.84210526315789,65.84210526315789,32.89473684210526,64.73684210526316,1202.5263157894738,1382.6842105263156,345.6710526315789,2389.9657894736843,0.05858831400535235,0.40507894736842104
1873,46.10526315789474,84.84210526315789,84.84210526315789,41.1578947368421,58.63157894736842,968.2105263157896,1781.6842105263156,445.4210526315789,2091.378947368421,0.0754950936663693,0.3544710080285459
1874,50.421052631578945,78.94736842105263,78.94736842105263,41.31578947368421,56.73684210526316,1058.842105263158,1657.8947368421052,414.4736842105263,2214.5052631578947,0.07024977698483496,0.37533987511150757
1875,56.0,76.10526315789474,76.10526315789474,38.1578947368421,63.421052631578945,1176.0,1598.2105263157896,399.5526315789474,2398.7526315789473,0.06772078501338091,0.40656824264049957
1876,53.78947368421053,84.63157894736842,84.63157894736842,42.21052631578947,59.8421052631579,1129.578947368421,1777.2631578947369,444.3157894736842,2364.6,0.07530776092774309,0.4007796610169491
1877,56.31578947368421,71.84210526315789,71.84210526315789,36.1578947368421,61.36842105263158,1182.6315789473686,1508.6842105263156,377.1710526315789,2387.6447368421054,0.06392729705619982,0.404685548617306
1878,59.26315789473684,70.05263157894737,70.05263157894737,33.05263157894737,77.21052631578948,1244.5263157894738,1471.1052631578948,367.7763157894737,2483.471052631579,0.0623349687778769,0.4209272970561998
1879,56.63157894736842,69.78947368421052,69.78947368421052,33.578947368421055,58.526315789473685,1189.2631578947369,1465.5789473684208,366.3947368421052,2388.1421052631576,0.0621008028545941,0.4047698483496877
1880,48.526315789473685,74.84210526315789,74.84210526315789,39.36842105263158,58.10526315789474,1019.0526315789474,1571.6842105263156,392.9210526315789,2125.3105263157895,0.06659678858162354,0.36022212310437113
1881,52.68421052631579,81.73684210526316,81.73684210526316,40.26315789473684,57.10526315789474,1106.3684210526314,1716.4736842105265,429.1184210526316,2309.944736842105,0.07273193577163248,0.39151605709188225
1882,49.578947368421055,85.42105263157895,85.42105263157895,43.526315789473685,60.36842105263158,1041.157894736842,1793.842105263158,448.4605263157895,2218.428947368421,0.07601025869759144,0.3760049063336307
1883,54.578947368421055,74.05263157894737,74.05263157894737,38.05263157894737,63.10526315789474,1146.157894736842,1555.1052631578948,388.7763157894737,2337.2447368421053,0.0658942908117752,0.39614317573595004
1884,55.473684210526315,72.36842105263158,72.36842105263158,37.10526315789474,66.3157894736842,1164.9473684210527,1519.7368421052631,379.9342105263158,2360.3447368421052,0.06439562890276539,0.4000584299732382
1885,49.473684210526315,78.57894736842105,78.57894736842105,39.73684210526316,54.10526315789474,1038.9473684210527,1650.157894736842,412.5394736842105,2178.75,0.06992194469223907,0.36927966101694915
1886,46.421052631578945,75.15789473684211,75.15789473684211,37.63157894736842,51.473684210526315,974.8421052631578,1578.3157894736844,394.5789473684211,2051.8105263157895,0.0668777876895629,0.347764495985727
1887,51.526315789473685,79.3157894736842,79.3157894736842,40.63157894736842,57.94736842105263,1082.0526315789473,1665.6315789473683,416.4078947368421,2255.8973684210523,0.07057760927743086,0.3823554861730597
1888,51.8421052631579,75.94736842105263,75.94736842105263,38.94736842105263,51.78947368421053,1088.6842105263158,1594.8947368421052,398.7236842105263,2249.4868421052633,0.06758028545941124,0.3812689562890277
1889,45.26315789473684,88.94736842105263,88.94736842105263,46.10526315789474,51.578947368421055,950.5263157894736,1867.8947368421052,466.9736842105263,2082.8684210526317,0.07914808206958072,0.35302854594112404
1890,50.1578947368421,82.94736842105263,82.94736842105263,42.31578947368421,55.473684210526315,1053.3157894736842,1741.8947368421052,435.4736842105263,2226.1105263157892,0.07380909901873327,0.3773068688670829
1891,47.473684210526315,74.78947368421052,74.78947368421052,38.26315789473684,58.36842105263158,996.9473684210526,1570.5789473684208,392.6447368421052,2087.4552631578945,0.06654995539696698,0.3538059768064228
1892,54.68421052631579,76.0,76.0,37.21052631578947,70.6842105263158,1148.3684210526314,1596.0,399.0,2351.226315789473,0.0676271186440678,0.39851293487957173
1893,58.05263157894737,73.57894736842105,73.57894736842105,35.473684210526315,72.36842105263158,1219.1052631578948,1545.157894736842,386.2894736842105,2458.7684210526313,0.06547279214986619,0.4167404103479036
1894,46.0,79.78947368421052,79.78947368421052,40.73684210526316,57.10526315789474,966.0,1675.5789473684208,418.8947368421052,2061.0947368421052,0.07099910793933986,0.3493380909901873
1895,49.8421052631579,80.05263157894737,80.05263157894737,39.473684210526315,52.63157894736842,1046.6842105263158,1681.1052631578948,420.2763157894737,2199.6394736842103,0.07123327386262267,0.3728202497769848
1896,64.73684210526316,69.10526315789474,69.10526315789474,34.8421052631579,73.3157894736842,1359.4736842105265,1451.2105263157896,362.8026315789474,2673.9078947368425,0.06149197145405888,0.45320472792149874
1897,53.578947368421055,68.84210526315789,68.84210526315789,33.68421052631579,62.63157894736842,1125.157894736842,1445.6842105263156,361.4210526315789,2274.1894736842105,0.06125780553077609,0.3854558429973238
1898,48.21052631578947,78.84210526315789,78.84210526315789,38.21052631578947,53.68421052631579,1012.421052631579,1655.6842105263156,413.9210526315789,2135.036842105263,0.07015611061552185,0.36187065120428186
1899,54.0,73.84210526315789,73.84210526315789,38.05263157894737,66.73684210526316,1134.0,1550.6842105263156,387.6710526315789,2315.471052631579,0.06570695807314897,0.39245272078501336
1900,52.0,78.63157894736842,78.63157894736842,39.526315789473685,60.578947368421055,1092.0,1651.2631578947369,412.8157894736842,2269.2157894736843,0.06996877787689564,0.3846128456735058
1901,51.73684210526316,76.05263157894737,76.05263157894737,37.10526315789474,63.526315789473685,1086.4736842105262,1597.1052631578948,399.2763157894737,2246.2815789473684,0.06767395182872435,0.3807256913470116
1902,52.05263157894737,69.42105263157895,69.42105263157895,32.73684210526316,60.421052631578945,1093.1052631578948,1457.842105263158,364.4605263157895,2222.7394736842107,0.061772970561998215,0.37673550401427297
1903,58.10526315789474,69.21052631578948,69.21052631578948,33.78947368421053,69.6842105263158,1220.2105263157896,1453.4210526315792,363.3552631578948,2437.7131578947374,0.061585637823372,0.4131717216770741
1904,50.21052631578947,69.26315789473684,69.26315789473684,34.473684210526315,62.578947368421055,1054.421052631579,1454.5263157894735,363.6315789473684,2156.1473684210528,0.06163247100802854,0.36544870651204286
1905,49.36842105263158,79.63157894736842,79.63157894736842,39.473684210526315,61.63157894736842,1036.7368421052631,1672.2631578947369,418.0657894736842,2180.5184210526313,0.07085860838537021,0.36957939339875107
1906,55.63157894736842,77.94736842105263,77.94736842105263,39.0,64.94736842105263,1168.2631578947369,1636.8947368421052,409.2236842105263,2395.271052631579,0.06935994647636039,0.40597814451382697
1907,52.421052631578945,82.84210526315789,82.84210526315789,41.89473684210526,60.421052631578945,1100.842105263158,1739.6842105263156,434.9210526315789,2306.3526315789472,0.07371543264942015,0.390907225691347
1908,52.8421052631579,71.63157894736842,71.63157894736842,36.89473684210526,61.78947368421053,1109.6842105263158,1504.2631578947369,376.0657894736842,2262.528947368421,0.0637399643175736,0.3834794826048171
1909,53.26315789473684,73.63157894736842,73.63157894736842,36.63157894736842,63.05263157894737,1118.5263157894738,1546.2631578947369,386.5657894736842,2288.0605263157895,0.06551962533452275,0.387806868867083
1910,47.8421052631579,94.15789473684211,94.15789473684211,48.473684210526315,54.0,1004.6842105263158,1977.3157894736844,494.3289473684211,2202.292105263158,0.08378456735057985,0.37326984834968785
1911,46.10526315789474,80.78947368421052,80.78947368421052,40.89473684210526,56.94736842105263,968.2105263157896,1696.5789473684208,424.1447368421052,2070.1026315789477,0.07188893844781444,0.35086485280999113
1912,58.1578947368421,80.94736842105263,80.94736842105263,40.1578947368421,61.31578947368421,1221.3157894736842,1699.8947368421052,424.9736842105263,2501.210526315789,0.07202943800178412,0.4239339875111507
1913,57.8421052631579,72.52631578947368,72.52631578947368,36.473684210526315,62.0,1214.6842105263158,1523.0526315789473,380.7631578947368,2445.7263157894736,0.06453612845673505,0.41452988403211416
1914,52.94736842105263,74.3157894736842,74.3157894736842,36.63157894736842,62.31578947368421,1111.8947368421052,1560.6315789473683,390.1578947368421,2280.378947368421,0.06612845673505797,0.38650490633363066
1915,49.26315789473684,72.57894736842105,72.57894736842105,37.36842105263158,52.31578947368421,1034.5263157894738,1524.157894736842,381.0394736842105,2139.734210526316,0.06458296164139161,0.3626668153434434
1916,48.10526315789474,74.57894736842105,74.57894736842105,38.10526315789474,56.0,1010.2105263157896,1566.157894736842,391.5394736842105,2108.8973684210528,0.06636262265834077,0.3574402319357717
1917,48.94736842105263,80.63157894736842,80.63157894736842,40.10526315789474,54.73684210526316,1027.8947368421052,1693.2631578947369,423.3157894736842,2170.736842105263,0.07174843889384479,0.367921498661909
1918,59.1578947368421,75.21052631578948,75.21052631578948,36.421052631578945,65.57894736842105,1242.3157894736842,1579.4210526315792,394.8552631578948,2506.792105263158,0.06692462087421945,0.42488001784121326
1919,55.63157894736842,66.84210526315789,66.84210526315789,34.68421052631579,61.578947368421055,1168.2631578947369,1403.6842105263156,350.9210526315789,2336.9684210526316,0.059478144513826936,0.3960963425512935
1920,51.68421052631579,75.89473684210526,75.89473684210526,38.10526315789474,59.73684210526316,1085.3684210526314,1593.7894736842104,398.4473684210526,2243.573684210526,0.06753345227475469,0.38026672613737733
1921,51.63157894736842,80.52631578947368,80.52631578947368,40.526315789473685,55.8421052631579,1084.2631578947369,1691.0526315789473,422.7631578947368,2266.0105263157893,0.07165477252453166,0.3840695807314897
1922,55.8421052631579,70.63157894736842,70.63157894736842,35.05263157894737,64.89473684210526,1172.6842105263158,1483.2631578947369,370.8157894736842,2364.378947368421,0.06285013380909903,0.4007421944692239
1923,56.94736842105263,66.89473684210526,66.89473684210526,32.8421052631579,68.42105263157895,1195.8947368421052,1404.7894736842104,351.1973684210526,2384.2184210526316,0.05952497769848349,0.4041048171275647
1924,54.68421052631579,76.3157894736842,76.3157894736842,38.0,65.3157894736842,1148.3684210526314,1602.6315789473683,400.6578947368421,2352.8842105263157,0.06790811775200713,0.3987939339875111
1925,56.31578947368421,70.15789473684211,70.15789473684211,36.10526315789474,68.3157894736842,1182.6315789473686,1473.3157894736844,368.3289473684211,2378.8026315789475,0.06242863514719001,0.40318688670829617
1926,52.10526315789474,63.26315789473684,63.26315789473684,33.68421052631579,56.68421052631579,1094.2105263157896,1328.5263157894738,332.13157894736844,2192.289473684211,0.056293487957181094,0.3715744870651205
1927,50.526315789473685,71.0,71.0,36.05263157894737,53.36842105263158,1061.0526315789473,1491.0,372.75,2176.5394736842104,0.06317796610169492,0.3689049955396967
1928,55.8421052631579,77.05263157894737,77.05263157894737,38.05263157894737,64.05263157894737,1172.6842105263158,1618.1052631578948,404.5263157894737,2398.0894736842106,0.06856378233719893,0.40645584299732385
1929,46.73684210526316,76.36842105263158,76.36842105263158,37.0,55.578947368421055,981.4736842105264,1603.7368421052631,400.9342105263158,2069.4394736842105,0.06795495093666369,0.35075245316681536
1930,48.473684210526315,74.73684210526316,74.73684210526316,37.05263157894737,60.8421052631579,1017.9473684210526,1569.4736842105265,392.3684210526316,2122.878947368421,0.06650312221231044,0.3598099910793934
1931,54.94736842105263,72.26315789473684,72.26315789473684,35.36842105263158,59.89473684210526,1153.8947368421052,1517.5263157894735,379.3815789473684,2341.0026315789473,0.06430196253345227,0.39678010704727923
1932,47.05263157894737,76.36842105263158,76.36842105263158,38.89473684210526,52.578947368421055,988.1052631578948,1603.7368421052631,400.9342105263158,2080.713157894737,0.06795495093666369,0.3526632471008029
1933,53.36842105263158,73.73684210526316,73.73684210526316,36.421052631578945,62.8421052631579,1120.7368421052631,1548.4736842105265,387.1184210526316,2292.371052631579,0.06561329170383587,0.38853746654772525
1934,50.78947368421053,76.94736842105263,76.94736842105263,39.526315789473685,55.94736842105263,1066.578947368421,1615.8947368421052,403.9736842105263,2217.157894736842,0.06847011596788581,0.3757894736842105
1935,50.578947368421055,79.84210526315789,79.84210526315789,42.05263157894737,53.578947368421055,1062.157894736842,1676.6842105263156,419.1710526315789,2224.83947368421,0.07104594112399643,0.3770914362176627
1936,55.63157894736842,66.73684210526316,66.73684210526316,33.473684210526315,67.42105263157895,1168.2631578947369,1401.4736842105265,350.3684210526316,2336.415789473684,0.059384478144513836,0.3960026761819804
1937,46.68421052631579,75.05263157894737,75.05263157894737,39.26315789473684,51.94736842105263,980.3684210526316,1576.1052631578948,394.0263157894737,2060.6526315789474,0.06678412132024977,0.34926315789473683
1938,52.21052631578947,77.78947368421052,77.78947368421052,39.421052631578945,58.26315789473684,1096.421052631579,1633.5789473684208,408.3947368421052,2272.3105263157895,0.06921944692239071,0.38513737734165926
1939,47.78947368421053,81.89473684210526,81.89473684210526,40.526315789473685,56.8421052631579,1003.578947368421,1719.7894736842104,429.9473684210526,2136.0315789473684,0.07287243532560214,0.3620392506690455
1940,58.26315789473684,73.78947368421052,73.78947368421052,35.94736842105263,70.47368421052632,1223.5263157894738,1549.5789473684208,387.3947368421052,2467.3894736842103,0.0656601248884924,0.4182016057091882
1941,61.0,70.63157894736842,70.63157894736842,36.36842105263158,69.6842105263158,1281.0,1483.2631578947369,370.8157894736842,2548.515789473684,0.06285013380909903,0.4319518287243532
1942,50.1578947368421,78.63157894736842,78.63157894736842,38.1578947368421,54.63157894736842,1053.3157894736842,1651.2631578947369,412.8157894736842,2203.452631578947,0.06996877787689564,0.3734665477252453
1943,47.78947368421053,74.63157894736842,74.63157894736842,38.31578947368421,51.473684210526315,1003.578947368421,1567.2631578947369,391.8157894736842,2097.9,0.06640945584299733,0.3555762711864407
1944,57.421052631578945,64.36842105263158,64.36842105263158,31.63157894736842,72.78947368421052,1205.842105263158,1351.7368421052631,337.9342105263158,2387.8657894736843,0.05727698483496878,0.40472301516503123
1945,53.8421052631579,74.26315789473684,74.26315789473684,37.1578947368421,67.26315789473684,1130.6842105263158,1559.5263157894735,389.8815789473684,2312.0447368421055,0.06608162355040142,0.3918719892952721
1946,43.94736842105263,82.10526315789474,82.10526315789474,42.05263157894737,47.31578947368421,922.8947368421052,1724.2105263157896,431.0526315789474,1999.9736842105262,0.07305976806422837,0.33897859054415697
1947,48.36842105263158,85.36842105263158,85.36842105263158,43.421052631578945,49.1578947368421,1015.7368421052632,1792.7368421052631,448.1842105263158,2174.936842105263,0.07596342551293488,0.36863336306868866
1948,49.8421052631579,84.26315789473684,84.26315789473684,43.8421052631579,51.73684210526316,1046.6842105263158,1769.5263157894735,442.3815789473684,2221.7447368421053,0.07497992863514719,0.37656690454950936
1949,44.473684210526315,85.84210526315789,85.84210526315789,42.68421052631579,48.94736842105263,933.9473684210526,1802.6842105263156,450.6710526315789,2038.3815789473683,0.07638492417484388,0.3454884032114184
1950,47.89473684210526,84.36842105263158,84.36842105263158,42.68421052631579,57.473684210526315,1005.7894736842104,1771.7368421052631,442.9342105263158,2152.7763157894733,0.0750735950044603,0.36487734165923275
1951,52.36842105263158,87.89473684210526,87.89473684210526,44.0,64.26315789473684,1099.7368421052631,1845.7894736842104,461.4473684210526,2331.0,0.0782114183764496,0.39508474576271185
1952,50.21052631578947,68.63157894736842,68.63157894736842,34.8421052631579,55.94736842105263,1054.421052631579,1441.2631578947369,360.3157894736842,2152.8315789473686,0.06107047279214987,0.36488670829616415
1953,60.10526315789474,76.89473684210526,76.89473684210526,37.05263157894737,65.42105263157895,1262.2105263157896,1614.7894736842104,403.6973684210526,2549.455263157895,0.06842328278322926,0.4321110615521856
1954,56.526315789473685,77.3157894736842,77.3157894736842,37.63157894736842,67.10526315789474,1187.0526315789473,1623.6315789473683,405.9078947368421,2423.8973684210523,0.0687979482604817,0.41083006244424614
1955,56.89473684210526,79.21052631578948,79.21052631578948,38.578947368421055,67.94736842105263,1194.7894736842104,1663.4210526315792,415.8552631578948,2446.9973684210527,0.07048394290811776,0.41474531668153436
1956,50.21052631578947,86.57894736842105,86.57894736842105,43.31578947368421,57.526315789473685,1054.421052631579,1818.157894736842,454.5394736842105,2247.055263157895,0.07704058876003568,0.38085682426405
1957,52.26315789473684,72.89473684210526,72.89473684210526,36.05263157894737,67.94736842105263,1097.5263157894738,1530.7894736842104,382.6973684210526,2248.492105263158,0.06486396074933094,0.3811003568242641
1958,50.68421052631579,73.73684210526316,73.73684210526316,36.73684210526316,61.10526315789474,1064.3684210526314,1548.4736842105265,387.1184210526316,2196.544736842105,0.06561329170383587,0.3722957181088314
1959,51.63157894736842,80.36842105263158,80.36842105263158,40.421052631578945,62.8421052631579,1084.2631578947369,1687.7368421052631,421.9342105263158,2265.1815789473685,0.071514272970562,0.38392908117752006
1960,45.68421052631579,79.89473684210526,79.89473684210526,41.10526315789474,50.421052631578945,959.3684210526316,1677.7894736842104,419.4473684210526,2050.3736842105263,0.07109277430865299,0.3475209634255129
1961,54.36842105263158,69.21052631578948,69.21052631578948,33.26315789473684,65.0,1141.7368421052631,1453.4210526315792,363.3552631578948,2304.307894736842,0.061585637823372,0.3905606601248885
1962,55.63157894736842,76.36842105263158,76.36842105263158,37.73684210526316,60.8421052631579,1168.2631578947369,1603.7368421052631,400.9342105263158,2386.9815789473682,0.06795495093666369,0.4045731489741302
1963,57.1578947368421,78.26315789473684,78.26315789473684,37.94736842105263,70.6842105263158,1200.3157894736842,1643.5263157894735,410.8815789473684,2451.4184210526314,0.06964094558429973,0.4154946476360392
1964,47.421052631578945,76.3157894736842,76.3157894736842,35.8421052631579,58.31578947368421,995.8421052631578,1602.6315789473683,400.6578947368421,2093.58947368421,0.06790811775200713,0.3548456735057983
1965,50.421052631578945,65.73684210526316,65.73684210526316,34.21052631578947,56.21052631578947,1058.842105263158,1380.4736842105265,345.1184210526316,2145.15,0.05849464763603926,0.3635847457627119
1966,48.473684210526315,78.21052631578948,78.21052631578948,42.0,52.73684210526316,1017.9473684210526,1642.4210526315792,410.6052631578948,2141.1157894736843,0.06959411239964318,0.36290098126672615
1967,49.36842105263158,80.89473684210526,80.89473684210526,40.473684210526315,56.63157894736842,1036.7368421052631,1698.7894736842104,424.6973684210526,2187.1499999999996,0.07198260481712757,0.37070338983050843
1968,53.05263157894737,84.0,84.0,43.21052631578947,60.0,1114.1052631578948,1764.0,441.0,2334.9789473684214,0.07474576271186441,0.39575914362176634
1969,56.473684210526315,74.21052631578948,74.21052631578948,37.473684210526315,66.94736842105263,1185.9473684210527,1558.4210526315792,389.6052631578948,2405.7157894736843,0.06603479036574487,0.40774843889384477
1970,51.94736842105263,77.05263157894737,77.05263157894737,38.8421052631579,57.63157894736842,1090.8947368421052,1618.1052631578948,404.5263157894737,2259.0473684210524,0.06856378233719893,0.38288938447814447
1971,61.526315789473685,74.6842105263158,74.6842105263158,36.05263157894737,73.26315789473684,1292.0526315789473,1568.3684210526317,392.0921052631579,2588.581578947368,0.06645628902765388,0.4387426404995539
1972,55.578947368421055,73.73684210526316,73.73684210526316,37.10526315789474,60.89473684210526,1167.157894736842,1548.4736842105265,387.1184210526316,2371.286842105263,0.06561329170383587,0.4019130240856378
1973,53.0,65.94736842105263,65.94736842105263,34.8421052631579,63.0,1113.0,1384.8947368421052,346.2236842105263,2238.323684210526,0.058681980374665474,0.37937689562890275
1974,51.63157894736842,77.84210526315789,77.84210526315789,40.31578947368421,57.10526315789474,1084.2631578947369,1634.6842105263156,408.6710526315789,2251.9184210526314,0.06926628010704727,0.3816810883140053
1975,53.526315789473685,81.36842105263158,81.36842105263158,40.10526315789474,53.421052631578945,1124.0526315789473,1708.7368421052631,427.1842105263158,2338.073684210526,0.07240410347903657,0.3962836752899197
1976,55.421052631578945,71.6842105263158,71.6842105263158,37.21052631578947,68.42105263157895,1163.842105263158,1505.3684210526317,376.3421052631579,2354.8736842105263,0.06378679750223015,0.3991311329170384
1977,56.21052631578947,68.94736842105263,68.94736842105263,34.63157894736842,63.78947368421053,1180.421052631579,1447.8947368421052,361.9736842105263,2368.6894736842105,0.0613514719000892,0.4014727921498662
1978,53.526315789473685,68.26315789473684,68.26315789473684,32.68421052631579,60.68421052631579,1124.0526315789473,1433.5263157894735,358.3815789473684,2269.2710526315786,0.06074264049955396,0.3846222123104371
1979,48.1578947368421,84.52631578947368,84.52631578947368,43.78947368421053,53.10526315789474,1011.3157894736842,1775.0526315789473,443.7631578947368,2163.0,0.07521409455842996,0.3666101694915254
1980,52.0,75.21052631578948,75.21052631578948,37.94736842105263,62.0,1092.0,1579.4210526315792,394.8552631578948,2251.2552631578947,0.06692462087421945,0.3815686886708296
1981,51.1578947368421,79.21052631578948,79.21052631578948,38.94736842105263,56.526315789473685,1074.3157894736842,1663.4210526315792,415.8552631578948,2242.192105263158,0.07048394290811776,0.38003256021409454
1982,56.578947368421055,76.0,76.0,37.73684210526316,64.42105263157895,1188.157894736842,1596.0,399.0,2418.8684210526317,0.0676271186440678,0.4099776984834969
1983,55.89473684210526,75.78947368421052,75.78947368421052,37.68421052631579,67.84210526315789,1173.7894736842104,1591.5789473684208,397.8947368421052,2393.336842105263,0.06743978590544156,0.405650312221231
1984,56.94736842105263,79.52631578947368,79.52631578947368,39.0,66.63157894736842,1195.8947368421052,1670.0526315789473,417.5131578947368,2450.5342105263157,0.07076494201605708,0.41534478144513826
1985,57.68421052631579,72.36842105263158,72.36842105263158,36.26315789473684,62.78947368421053,1211.3684210526314,1519.7368421052631,379.9342105263158,2439.2605263157893,0.06439562890276539,0.41343398751115074
1986,62.10526315789474,72.26315789473684,72.26315789473684,33.63157894736842,73.52631578947368,1304.2105263157896,1517.5263157894735,379.3815789473684,2596.5394736842104,0.06430196253345227,0.4400914362176628
1987,50.473684210526315,76.26315789473684,76.26315789473684,39.94736842105263,57.63157894736842,1059.9473684210527,1601.5263157894735,400.3815789473684,2202.292105263158,0.06786128456735058,0.37326984834968785
1988,56.36842105263158,69.6842105263158,69.6842105263158,34.89473684210526,66.15789473684211,1183.7368421052631,1463.3684210526317,365.8421052631579,2378.194736842105,0.062007136485281,0.40308385370205174
1989,47.05263157894737,78.63157894736842,78.63157894736842,39.36842105263158,55.421052631578945,988.1052631578948,1651.2631578947369,412.8157894736842,2092.5947368421052,0.06996877787689564,0.35467707404103477
1990,58.78947368421053,73.3157894736842,73.3157894736842,36.8421052631579,74.42105263157895,1234.578947368421,1539.6315789473683,384.9078947368421,2483.692105263158,0.0652386262265834,0.42096476360392504
1991,53.21052631578947,66.15789473684211,66.15789473684211,33.10526315789474,55.21052631578947,1117.421052631579,1389.3157894736844,347.3289473684211,2246.944736842105,0.05886931311329171,0.38083809099018734
1992,48.21052631578947,76.52631578947368,76.52631578947368,38.31578947368421,59.421052631578945,1012.421052631579,1607.0526315789473,401.7631578947368,2122.878947368421,0.06809545049063336,0.3598099910793934
1993,54.578947368421055,76.15789473684211,76.15789473684211,38.473684210526315,62.0,1146.157894736842,1599.3157894736844,399.8289473684211,2348.297368421053,0.06776761819803748,0.3980165031222124
1994,58.05263157894737,72.05263157894737,72.05263157894737,35.473684210526315,65.6842105263158,1219.1052631578948,1513.1052631578948,378.2763157894737,2450.7552631578947,0.06411462979482604,0.4153822479928635
1995,57.0,67.15789473684211,67.15789473684211,34.89473684210526,61.526315789473685,1197.0,1410.3157894736844,352.5789473684211,2387.478947368421,0.059759143621766285,0.404657448706512
1996,49.473684210526315,82.78947368421052,82.78947368421052,41.68421052631579,55.1578947368421,1038.9473684210527,1738.5789473684208,434.6447368421052,2200.855263157895,0.07366859946476359,0.3730263157894737
1997,50.05263157894737,73.42105263157895,73.42105263157895,36.63157894736842,65.21052631578948,1051.1052631578948,1541.842105263158,385.4605263157895,2172.3394736842106,0.06533229259589653,0.3681931311329171
1998,57.73684210526316,72.89473684210526,72.89473684210526,35.89473684210526,65.63157894736842,1212.4736842105262,1530.7894736842104,382.6973684210526,2443.902631578947,0.06486396074933094,0.41422078501338083
1999,50.578947368421055,82.84210526315789,82.84210526315789,41.421052631578945,57.578947368421055,1062.157894736842,1739.6842105263156,434.9210526315789,2240.58947368421,0.07371543264942015,0.37976092774308645
2000,48.68421052631579,78.73684210526316,78.73684210526316,39.05263157894737,55.421052631578945,1022.3684210526316,1653.4736842105265,413.3684210526316,2151.394736842105,0.07006244424620875,0.36464317573595
2001,57.78947368421053,69.42105263157895,69.42105263157895,35.63157894736842,66.57894736842105,1213.578947368421,1457.842105263158,364.4605263157895,2427.5447368421055,0.061772970561998215,0.4114482604817128
2002,50.421052631578945,80.3157894736842,80.3157894736842,38.8421052631579,63.31578947368421,1058.842105263158,1686.6315789473683,421.6578947368421,2221.6894736842105,0.07146743978590543,0.37655753791257807
2003,52.578947368421055,72.78947368421052,72.78947368421052,37.26315789473684,64.0,1104.157894736842,1528.5789473684208,382.1447368421052,2259.2131578947365,0.06477029438001783,0.3829174843889384
2004,49.10526315789474,77.05263157894737,77.05263157894737,38.73684210526316,50.94736842105263,1031.2105263157896,1618.1052631578948,404.5263157894737,2157.584210526316,0.06856378233719893,0.36569223907225695
2005,50.0,92.3157894736842,92.3157894736842,46.05263157894737,60.21052631578947,1050.0,1938.6315789473683,484.6578947368421,2269.657894736842,0.08214540588760036,0.38468777876895627
2006,52.0,68.26315789473684,68.26315789473684,33.78947368421053,60.31578947368421,1092.0,1433.5263157894735,358.3815789473684,2214.7815789473684,0.06074264049955396,0.37538670829616416
2007,53.05263157894737,77.6842105263158,77.6842105263158,41.1578947368421,61.05263157894737,1114.1052631578948,1631.3684210526317,407.8421052631579,2301.821052631579,0.06912578055307761,0.39013916146297944
2008,63.1578947368421,72.63157894736842,72.63157894736842,35.0,74.63157894736842,1326.3157894736842,1525.2631578947369,381.3157894736842,2636.052631578947,0.06462979482604818,0.44678858162355034
2009,51.78947368421053,75.52631578947368,75.52631578947368,37.578947368421055,61.21052631578947,1087.578947368421,1586.0526315789473,396.5131578947368,2245.3973684210523,0.06720561998215878,0.38057582515611055
2010,54.31578947368421,72.21052631578948,72.21052631578948,35.473684210526315,64.52631578947368,1140.6315789473686,1516.4210526315792,379.1052631578948,2318.178947368421,0.06425512934879572,0.39291168599464765
2011,54.26315789473684,67.6842105263158,67.6842105263158,34.78947368421053,59.526315789473685,1139.5263157894738,1421.3684210526317,355.3421052631579,2292.5368421052635,0.06022747546833185,0.38856556645851925
2012,58.73684210526316,76.89473684210526,76.89473684210526,36.73684210526316,70.05263157894737,1233.4736842105262,1614.7894736842104,403.6973684210526,2500.6026315789472,0.06842328278322926,0.4238309545049063
2013,52.21052631578947,81.57894736842105,81.57894736842105,40.473684210526315,63.94736842105263,1096.421052631579,1713.157894736842,428.2894736842105,2292.2052631578945,0.0725914362176628,0.38850936663693125
2014,44.94736842105263,77.05263157894737,77.05263157894737,39.0,52.36842105263158,943.8947368421052,1618.1052631578948,404.5263157894737,2009.1473684210525,0.06856378233719893,0.3405334522747547
2015,56.63157894736842,71.63157894736842,71.63157894736842,35.68421052631579,66.21052631578948,1189.2631578947369,1504.2631578947369,376.0657894736842,2397.813157894737,0.0637399643175736,0.40640900981266725
2016,52.89473684210526,82.26315789473684,82.26315789473684,41.36842105263158,64.26315789473684,1110.7894736842104,1727.5263157894735,431.8815789473684,2320.2236842105262,0.07320026761819803,0.39325825156110616
2017,54.21052631578947,65.89473684210526,65.89473684210526,33.31578947368421,63.526315789473685,1138.421052631579,1383.7894736842104,345.9473684210526,2281.2631578947367,0.05863514719000892,0.3866547725245316
2018,57.0,82.36842105263158,82.36842105263158,40.21052631578947,67.36842105263158,1197.0,1729.7368421052631,432.4342105263158,2467.3342105263155,0.07329393398751115,0.41819223907225683
2019,47.05263157894737,91.6842105263158,91.6842105263158,46.73684210526316,53.473684210526315,988.1052631578948,1925.3684210526317,481.3421052631579,2161.121052631579,0.08158340767172167,0.36629170383586085
2020,44.89473684210526,88.15789473684211,88.15789473684211,45.31578947368421,57.10526315789474,942.7894736842104,1851.3157894736844,462.8289473684211,2065.571052631579,0.07844558429973239,0.3500967885816235
2021,45.89473684210526,79.73684210526316,79.73684210526316,41.73684210526316,48.94736842105263,963.7894736842104,1674.4736842105265,418.6184210526316,2057.060526315789,0.07095227475468333,0.3486543264942015
2022,44.05263157894737,88.3157894736842,88.3157894736842,46.73684210526316,51.05263157894737,925.1052631578948,1854.6315789473683,463.6578947368421,2036.3368421052633,0.07858608385370205,0.34514183764495987
2023,54.8421052631579,65.3157894736842,65.3157894736842,33.05263157894737,59.10526315789474,1151.6842105263158,1371.6315789473683,342.9078947368421,2300.7710526315786,0.0581199821587868,0.38996119536128454
2024,51.68421052631579,74.89473684210526,74.89473684210526,37.10526315789474,63.26315789473684,1085.3684210526314,1572.7894736842104,393.1973684210526,2238.323684210526,0.0666436217662801,0.37937689562890275
2025,50.26315789473684,73.47368421052632,73.47368421052632,38.05263157894737,54.68421052631579,1055.5263157894738,1542.9473684210527,385.7368421052632,2180.131578947369,0.06537912578055308,0.369513826940232
2026,51.21052631578947,78.3157894736842,78.3157894736842,38.526315789473685,56.21052631578947,1075.421052631579,1644.6315789473683,411.1578947368421,2239.3736842105263,0.06968777876895628,0.37955486173059766
2027,59.473684210526315,74.3157894736842,74.3157894736842,38.31578947368421,72.6842105263158,1248.9473684210527,1560.6315789473683,390.1578947368421,2513.3684210526317,0.06612845673505797,0.4259946476360393
2028,54.8421052631579,74.73684210526316,74.73684210526316,37.73684210526316,64.84210526315789,1151.6842105263158,1569.4736842105265,392.3684210526316,2350.2315789473682,0.06650312221231044,0.3983443354148082
2029,49.78947368421053,74.47368421052632,74.47368421052632,36.73684210526316,58.578947368421055,1045.578947368421,1563.9473684210527,390.9868421052632,2168.471052631579,0.06626895628902765,0.36753746654772523
2030,60.473684210526315,70.36842105263158,70.36842105263158,33.8421052631579,71.89473684210526,1269.9473684210527,1477.7368421052631,369.4342105263158,2528.3447368421052,0.06261596788581623,0.42853300624442464
2031,59.63157894736842,72.21052631578948,72.21052631578948,36.578947368421055,62.21052631578947,1252.2631578947369,1516.4210526315792,379.1052631578948,2507.952631578947,0.06425512934879572,0.4250767172167707
2032,48.578947368421055,81.42105263157895,81.42105263157895,42.63157894736842,54.1578947368421,1020.1578947368422,1709.842105263158,427.4605263157895,2161.7289473684214,0.07245093666369314,0.36639473684210533
2033,54.578947368421055,75.73684210526316,75.73684210526316,38.26315789473684,64.0,1146.157894736842,1590.4736842105265,397.6184210526316,2346.0868421052633,0.06739295272078502,0.39764183764495986
2034,64.57894736842105,73.0,73.0,34.68421052631579,80.15789473684211,1356.157894736842,1533.0,383.25,2688.7184210526316,0.06495762711864407,0.4557149866190901
2035,48.89473684210526,82.10526315789474,82.10526315789474,41.0,55.421052631578945,1026.7894736842104,1724.2105263157896,431.0526315789474,2176.5947368421052,0.07305976806422837,0.368914362176628
2036,53.68421052631579,70.78947368421052,70.78947368421052,36.73684210526316,62.473684210526315,1127.3684210526314,1486.5789473684208,371.6447368421052,2288.1710526315783,0.06299063336306868,0.38782560214094547
2037,58.63157894736842,70.57894736842105,70.57894736842105,35.473684210526315,74.10526315789474,1231.2631578947369,1482.157894736842,370.5394736842105,2463.686842105263,0.06280330062444246,0.41757404103479034
2038,48.31578947368421,75.26315789473684,75.26315789473684,38.8421052631579,51.78947368421053,1014.6315789473684,1580.5263157894735,395.1315789473684,2120.0052631578947,0.066971454058876,0.3593229259589652
2039,42.94736842105263,77.94736842105263,77.94736842105263,40.421052631578945,56.21052631578947,901.8947368421052,1636.8947368421052,409.2236842105263,1942.4447368421052,0.06935994647636039,0.32922792149866187
2040,47.68421052631579,85.42105263157895,85.42105263157895,43.63157894736842,51.73684210526316,1001.3684210526316,1793.842105263158,448.4605263157895,2150.786842105263,0.07601025869759144,0.3645401427297056
2041,56.63157894736842,77.3157894736842,77.3157894736842,39.10526315789474,67.0,1189.2631578947369,1623.6315789473683,405.9078947368421,2427.6552631578948,0.0687979482604817,0.4114669937555754
2042,49.94736842105263,76.89473684210526,76.89473684210526,38.94736842105263,56.21052631578947,1048.8947368421052,1614.7894736842104,403.6973684210526,2186.8184210526315,0.06842328278322926,0.3706471900089206
2043,55.94736842105263,80.21052631578948,80.21052631578948,39.421052631578945,62.36842105263158,1174.8947368421052,1684.4210526315792,421.1052631578948,2418.426315789474,0.07137377341659233,0.40990276538804643
2044,48.10526315789474,92.3157894736842,92.3157894736842,46.36842105263158,53.31578947368421,1010.2105263157896,1938.6315789473683,484.6578947368421,2202.0157894736844,0.08214540588760036,0.37322301516503126
2045,54.89473684210526,72.63157894736842,72.63157894736842,37.36842105263158,67.15789473684211,1152.7894736842104,1525.2631578947369,381.3157894736842,2341.0578947368417,0.06462979482604818,0.39678947368421047
2046,51.26315789473684,80.89473684210526,80.89473684210526,40.63157894736842,58.36842105263158,1076.5263157894738,1698.7894736842104,424.6973684210526,2254.7921052631577,0.07198260481712757,0.3821681534344335
2047,59.68421052631579,80.78947368421052,80.78947368421052,39.63157894736842,72.47368421052632,1253.3684210526314,1696.5789473684208,424.1447368421052,2554.871052631579,0.07188893844781444,0.43302899197145406
2048,46.68421052631579,70.6842105263158,70.6842105263158,36.421052631578945,51.31578947368421,980.3684210526316,1484.3684210526317,371.0921052631579,2037.7184210526316,0.06289696699375558,0.34537600356824266
2049,57.421052631578945,71.47368421052632,71.47368421052632,33.94736842105263,74.0,1205.842105263158,1500.9473684210527,375.2368421052632,2425.168421052632,0.06359946476360392,0.4110454950936664
2050,49.05263157894737,74.05263157894737,74.05263157894737,37.8421052631579,56.05263157894737,1030.1052631578948,1555.1052631578948,388.7763157894737,2139.955263157895,0.0658942908117752,0.36270428189116866
2051,54.526315789473685,79.94736842105263,79.94736842105263,41.36842105263158,65.89473684210526,1145.0526315789473,1678.8947368421052,419.7236842105263,2366.313157894737,0.07113960749330954,0.4010700267618198
2052,52.05263157894737,73.84210526315789,73.84210526315789,37.26315789473684,62.63157894736842,1093.1052631578948,1550.6842105263156,387.6710526315789,2245.95,0.06570695807314897,0.3806694915254237
2053,52.68421052631579,64.10526315789474,64.10526315789474,31.210526315789473,60.421052631578945,1106.3684210526314,1346.2105263157896,336.5526315789474,2217.378947368421,0.057042818911686,0.37582694023193575
2054,58.21052631578947,81.52631578947368,81.52631578947368,39.05263157894737,67.15789473684211,1222.421052631579,1712.0526315789473,428.0131578947368,2506.128947368421,0.07254460303300624,0.42476761819803743
2055,55.473684210526315,76.10526315789474,76.10526315789474,37.526315789473685,58.8421052631579,1164.9473684210527,1598.2105263157896,399.5526315789474,2379.963157894737,0.06772078501338091,0.4033835860838537
2056,59.68421052631579,68.94736842105263,68.94736842105263,30.94736842105263,68.94736842105263,1253.3684210526314,1447.8947368421052,361.9736842105263,2492.7,0.0613514719000892,0.4224915254237288
2057,59.26315789473684,68.3157894736842,68.3157894736842,33.94736842105263,65.15789473684211,1244.5263157894738,1434.6315789473683,358.6578947368421,2474.3526315789472,0.060789473684210525,0.41938180196253344
2058,52.1578947368421,83.57894736842105,83.57894736842105,40.578947368421055,59.10526315789474,1095.3157894736842,1755.157894736842,438.7894736842105,2300.8263157894735,0.07437109723461195,0.38997056199821584
2059,55.94736842105263,73.47368421052632,73.47368421052632,35.89473684210526,63.68421052631579,1174.8947368421052,1542.9473684210527,385.7368421052632,2383.057894736842,0.06537912578055308,0.40390811775200713
2060,45.89473684210526,73.63157894736842,73.63157894736842,37.0,61.578947368421055,963.7894736842104,1546.2631578947369,386.5657894736842,2025.0078947368418,0.06551962533452275,0.343221677074041
2061,44.26315789473684,83.15789473684211,83.15789473684211,42.421052631578945,52.21052631578947,929.5263157894736,1746.3157894736844,436.5789473684211,2016.7736842105262,0.07399643175735951,0.34182604817127565
2062,54.68421052631579,61.36842105263158,61.36842105263158,30.894736842105264,60.473684210526315,1148.3684210526314,1288.7368421052631,322.1842105263158,2274.410526315789,0.05460749330954505,0.38549330954504896
2063,53.78947368421053,66.94736842105263,66.94736842105263,33.0,59.526315789473685,1129.578947368421,1405.8947368421052,351.4736842105263,2271.757894736842,0.05957181088314005,0.3850437109723461
2064,50.26315789473684,70.10526315789474,70.10526315789474,36.10526315789474,57.473684210526315,1055.5263157894738,1472.2105263157896,368.0526315789474,2162.447368421053,0.062381801962533456,0.36651650312221234
2065,53.526315789473685,68.57894736842105,68.57894736842105,33.8421052631579,57.36842105263158,1124.0526315789473,1440.157894736842,360.0394736842105,2270.9289473684207,0.06102363960749331,0.3849032114183764
2066,57.89473684210526,68.57894736842105,68.57894736842105,33.578947368421055,69.10526315789474,1215.7894736842104,1440.157894736842,360.0394736842105,2426.881578947368,0.06102363960749331,0.4113358608385369
2067,50.36842105263158,75.94736842105263,75.94736842105263,39.0,57.89473684210526,1057.7368421052631,1594.8947368421052,398.7236842105263,2196.8763157894737,0.06758028545941124,0.3723519179304193
2068,56.31578947368421,80.26315789473684,80.26315789473684,39.526315789473685,66.6842105263158,1182.6315789473686,1685.5263157894735,421.3815789473684,2431.855263157895,0.07142060660124888,0.4121788581623551
2069,55.73684210526316,74.6842105263158,74.6842105263158,37.63157894736842,66.78947368421052,1170.4736842105262,1568.3684210526317,392.0921052631579,2381.8973684210523,0.06645628902765388,0.4037114183764495
2070,57.73684210526316,67.36842105263158,67.36842105263158,31.842105263157894,66.52631578947368,1212.4736842105262,1414.7368421052631,353.6842105263158,2414.8894736842103,0.059946476360392506,0.4093033006244424
2071,45.63157894736842,79.36842105263158,79.36842105263158,39.10526315789474,51.94736842105263,958.2631578947368,1666.7368421052631,416.6842105263158,2045.7315789473682,0.07062444246208742,0.34673416592328277
2072,50.36842105263158,84.26315789473684,84.26315789473684,41.8421052631579,58.63157894736842,1057.7368421052631,1769.5263157894735,442.3815789473684,2240.5342105263157,0.07497992863514719,0.3797515611061552
2073,54.05263157894737,65.6842105263158,65.6842105263158,34.0,54.473684210526315,1135.1052631578948,1379.3684210526317,344.8421052631579,2274.521052631579,0.058447814451382696,0.3855120428189117
2074,48.8421052631579,73.26315789473684,73.26315789473684,37.63157894736842,56.89473684210526,1025.6842105263158,1538.5263157894735,384.6315789473684,2128.2947368421055,0.06519179304192685,0.36072792149866195
2075,55.05263157894737,75.05263157894737,75.05263157894737,37.421052631578945,62.26315789473684,1156.1052631578948,1576.1052631578948,394.0263157894737,2359.4052631578948,0.06678412132024977,0.3998991971454059
2076,54.10526315789474,76.10526315789474,76.10526315789474,36.8421052631579,62.63157894736842,1136.2105263157896,1598.2105263157896,399.5526315789474,2331.1105263157897,0.06772078501338091,0.3951034790365745
2077,58.0,76.05263157894737,76.05263157894737,38.26315789473684,66.0,1218.0,1597.1052631578948,399.2763157894737,2469.8763157894737,0.06767395182872435,0.41862310437109723
2078,49.578947368421055,82.52631578947368,82.52631578947368,43.0,59.526315789473685,1041.157894736842,1733.0526315789473,433.2631578947368,2203.2315789473682,0.07343443354148081,0.37342908117752005
2079,58.73684210526316,73.36842105263158,73.36842105263158,36.8421052631579,68.0,1233.4736842105262,1540.7368421052631,385.1842105263158,2482.0894736842106,0.06528545941123996,0.42069313113291706
2080,58.473684210526315,73.15789473684211,73.15789473684211,36.31578947368421,66.63157894736842,1227.9473684210527,1536.3157894736844,384.0789473684211,2471.589473684211,0.06509812667261375,0.41891347011596797
2081,55.89473684210526,74.94736842105263,74.94736842105263,35.36842105263158,58.31578947368421,1173.7894736842104,1573.8947368421052,393.4736842105263,2388.915789473684,0.06669045495093666,0.40490098126672613
2082,60.26315789473684,72.52631578947368,72.52631578947368,35.10526315789474,68.73684210526316,1265.5263157894738,1523.0526315789473,380.7631578947368,2532.157894736842,0.06453612845673505,0.4291793041926851
2083,49.63157894736842,72.73684210526316,72.73684210526316,36.10526315789474,57.1578947368421,1042.2631578947369,1527.4736842105265,381.8684210526316,2153.7157894736843,0.06472346119536129,0.3650365744870651
2084,54.421052631578945,69.84210526315789,69.84210526315789,35.78947368421053,59.473684210526315,1142.842105263158,1466.6842105263156,366.6710526315789,2309.5026315789473,0.062147636039250664,0.3914411239964318
2085,51.89473684210526,72.42105263157895,72.42105263157895,35.36842105263158,56.94736842105263,1089.7894736842104,1520.842105263158,380.2105263157895,2232.8526315789472,0.06444246208742195,0.37844959857270294
2086,53.0,69.42105263157895,69.42105263157895,33.526315789473685,62.63157894736842,1113.0,1457.842105263158,364.4605263157895,2256.5605263157895,0.061772970561998215,0.38246788581623553
2087,52.26315789473684,70.3157894736842,70.3157894736842,35.526315789473685,68.05263157894737,1097.5263157894738,1476.6315789473683,369.1578947368421,2234.952631578947,0.06256913470115967,0.37880553077609275
2088,48.63157894736842,82.42105263157895,82.42105263157895,42.10526315789474,59.31578947368421,1021.2631578947368,1730.842105263158,432.7105263157895,2168.857894736842,0.07334076717216771,0.3676030330062444
2089,62.0,69.3157894736842,69.3157894736842,33.68421052631579,73.78947368421052,1302.0,1455.6315789473683,363.9078947368421,2577.307894736842,0.0616793041926851,0.43683184656556645
2090,53.10526315789474,71.73684210526316,71.73684210526316,35.578947368421055,60.89473684210526,1115.2105263157896,1506.4736842105265,376.6184210526316,2272.476315789474,0.06383363068688672,0.3851654772524532
2091,59.421052631578945,70.78947368421052,70.78947368421052,33.05263157894737,69.63157894736842,1247.842105263158,1486.5789473684208,371.6447368421052,2492.976315789474,0.06299063336306868,0.42253835860838546
2092,52.05263157894737,73.10526315789474,73.10526315789474,36.1578947368421,68.21052631578948,1093.1052631578948,1535.2105263157896,383.8026315789474,2242.0815789473686,0.06505129348795718,0.38001382694023195
2093,59.526315789473685,65.78947368421052,65.78947368421052,32.05263157894737,66.26315789473684,1250.0526315789473,1381.5789473684208,345.3947368421052,2470.484210526315,0.058541480820695796,0.41872613737734155
2094,51.421052631578945,79.10526315789474,79.10526315789474,38.421052631578945,58.10526315789474,1079.842105263158,1661.2105263157896,415.3026315789474,2251.0342105263157,0.07039027653880464,0.38153122212310436
2095,53.1578947368421,71.52631578947368,71.52631578947368,35.68421052631579,61.31578947368421,1116.3157894736842,1502.0526315789473,375.5131578947368,2273.25,0.06364629794826047,0.3852966101694915
2096,56.68421052631579,83.15789473684211,83.15789473684211,42.31578947368421,58.421052631578945,1190.3684210526314,1746.3157894736844,436.5789473684211,2460.2052631578945,0.07399643175735951,0.4169839429081177
2097,51.473684210526315,86.21052631578948,86.21052631578948,42.8421052631579,57.578947368421055,1080.9473684210527,1810.4210526315792,452.6052631578948,2290.2157894736843,0.0767127564674398,0.3881721677074041
2098,47.68421052631579,67.94736842105263,67.94736842105263,35.05263157894737,53.78947368421053,1001.3684210526316,1426.8947368421052,356.7236842105263,2059.05,0.060461641391614626,0.34899152542372885
2099,51.36842105263158,83.10526315789474,83.10526315789474,42.473684210526315,53.94736842105263,1078.7368421052631,1745.2105263157896,436.3026315789474,2270.1552631578948,0.07394959857270295,0.3847720785013381
2100,52.36842105263158,74.10526315789474,74.10526315789474,35.26315789473684,67.73684210526316,1099.7368421052631,1556.2105263157896,389.0526315789474,2258.6052631578946,0.06594112399643176,0.382814451382694
2101,52.63157894736842,78.6842105263158,78.6842105263158,39.1578947368421,69.26315789473684,1105.2631578947369,1652.3684210526317,413.0921052631579,2292.039473684211,0.07001561106155219,0.3884812667261374
2102,43.578947368421055,84.47368421052632,84.47368421052632,41.8421052631579,50.0,915.1578947368422,1773.9473684210527,443.4868421052632,1999.255263157895,0.07516726137377341,0.33885682426405
2103,49.26315789473684,78.52631578947368,78.52631578947368,40.0,58.0,1034.5263157894738,1649.0526315789473,412.2631578947368,2170.9578947368423,0.06987511150758251,0.3679589652096343
2104,54.78947368421053,85.94736842105263,85.94736842105263,44.10526315789474,64.10526315789474,1150.578947368421,1804.8947368421052,451.2236842105263,2407.2078947368423,0.076478590544157,0.4080013380909902
2105,62.0,70.6842105263158,70.6842105263158,34.63157894736842,75.6842105263158,1302.0,1484.3684210526317,371.0921052631579,2584.492105263158,0.06289696699375558,0.43804950936663695
2106,51.68421052631579,81.36842105263158,81.36842105263158,41.94736842105263,53.1578947368421,1085.3684210526314,1708.7368421052631,427.1842105263158,2272.310526315789,0.07240410347903657,0.38513737734165915
2107,48.78947368421053,79.3157894736842,79.3157894736842,40.78947368421053,51.10526315789474,1024.578947368421,1665.6315789473683,416.4078947368421,2158.192105263158,0.07057760927743086,0.3657952720785013
2108,45.73684210526316,84.26315789473684,84.26315789473684,44.10526315789474,49.21052631578947,960.4736842105264,1769.5263157894735,442.3815789473684,2075.186842105263,0.07497992863514719,0.3517265834076717
2109,55.578947368421055,72.26315789473684,72.26315789473684,35.8421052631579,64.78947368421052,1167.157894736842,1517.5263157894735,379.3815789473684,2363.5499999999997,0.06430196253345227,0.4006016949152542
2110,50.31578947368421,78.0,78.0,39.1578947368421,49.78947368421053,1056.6315789473686,1638.0,409.5,2205.7736842105264,0.06940677966101695,0.3738599464763604
2111,52.26315789473684,74.89473684210526,74.89473684210526,38.05263157894737,61.578947368421055,1097.5263157894738,1572.7894736842104,393.1973684210526,2258.992105263158,0.0666436217662801,0.3828800178412132
2112,56.8421052631579,71.94736842105263,71.94736842105263,36.31578947368421,69.57894736842105,1193.6842105263158,1510.8947368421052,377.7236842105263,2406.9868421052633,0.06402096342551293,0.40796387154326497
2113,53.10526315789474,77.73684210526316,77.73684210526316,37.8421052631579,58.21052631578947,1115.2105263157896,1632.4736842105265,408.1184210526316,2303.976315789474,0.06917261373773417,0.39050446030330066
2114,55.8421052631579,63.73684210526316,63.73684210526316,31.263157894736842,64.05263157894737,1172.6842105263158,1338.4736842105262,334.61842105263156,2328.1815789473685,0.056714986619090094,0.39460704727921503
2115,46.8421052631579,73.89473684210526,73.89473684210526,37.526315789473685,51.36842105263158,983.6842105263158,1551.7894736842104,387.9473684210526,2060.2105263157896,0.06575379125780552,0.34918822479928635
2116,55.05263157894737,71.73684210526316,71.73684210526316,34.1578947368421,63.68421052631579,1156.1052631578948,1506.4736842105265,376.6184210526316,2341.9973684210527,0.06383363068688672,0.39694870651204284
2117,47.94736842105263,75.57894736842105,75.57894736842105,37.26315789473684,56.89473684210526,1006.8947368421052,1587.157894736842,396.7894736842105,2108.5105263157893,0.06725245316681534,0.35737466547725244
2118,54.26315789473684,72.0,72.0,37.78947368421053,67.94736842105263,1139.5263157894738,1512.0,378.0,2315.194736842105,0.0640677966101695,0.39240588760035683
2119,43.473684210526315,86.05263157894737,86.05263157894737,44.73684210526316,50.8421052631579,912.9473684210526,1807.1052631578948,451.7763157894737,2003.786842105263,0.07657225691347012,0.33962488849241745
2120,49.73684210526316,70.36842105263158,70.36842105263158,36.68421052631579,57.31578947368421,1044.4736842105262,1477.7368421052631,369.4342105263158,2145.0394736842104,0.06261596788581623,0.36356601248884923
2121,52.0,84.6842105263158,84.6842105263158,44.0,56.36842105263158,1092.0,1778.3684210526317,444.5921052631579,2300.992105263158,0.07535459411239964,0.38999866190900984
2122,53.26315789473684,73.78947368421052,73.78947368421052,36.578947368421055,61.78947368421053,1118.5263157894738,1549.5789473684208,387.3947368421052,2288.8894736842103,0.0656601248884924,0.3879473684210526
2123,60.05263157894737,66.78947368421052,66.78947368421052,32.89473684210526,65.57894736842105,1261.1052631578948,1402.5789473684208,350.6447368421052,2494.523684210526,0.05943131132917037,0.422800624442462
2124,53.578947368421055,73.21052631578948,73.21052631578948,36.526315789473685,63.26315789473684,1125.157894736842,1537.4210526315792,384.3552631578948,2297.1236842105263,0.0651449598572703,0.389342997323818
2125,54.421052631578945,75.10526315789474,75.10526315789474,37.1578947368421,62.63157894736842,1142.842105263158,1577.2105263157896,394.3026315789474,2337.1342105263157,0.06683095450490634,0.3961244424620874
2126,47.473684210526315,71.0,71.0,35.8421052631579,59.63157894736842,996.9473684210526,1491.0,372.75,2067.5605263157895,0.06317796610169492,0.3504339875111508
2127,50.89473684210526,64.78947368421052,64.78947368421052,34.05263157894737,52.05263157894737,1068.7894736842104,1360.5789473684208,340.1447368421052,2157.086842105263,0.05765165031222122,0.36560793933987507
2128,50.94736842105263,81.3157894736842,81.3157894736842,42.21052631578947,62.78947368421053,1069.8947368421052,1707.6315789473683,426.9078947368421,2245.728947368421,0.07235727029438001,0.38063202497769844
2129,53.0,76.52631578947368,76.52631578947368,37.26315789473684,56.526315789473685,1113.0,1607.0526315789473,401.7631578947368,2293.8631578947366,0.06809545049063336,0.3887903657448706
2130,52.05263157894737,75.3157894736842,75.3157894736842,39.26315789473684,55.526315789473685,1093.1052631578948,1581.6315789473683,395.4078947368421,2253.686842105263,0.06701828724353255,0.3819808206958073
2131,53.578947368421055,79.78947368421052,79.78947368421052,38.68421052631579,61.31578947368421,1125.157894736842,1675.5789473684208,418.8947368421052,2331.6631578947367,0.07099910793933986,0.3951971454058876
2132,52.31578947368421,65.36842105263158,65.36842105263158,32.36842105263158,54.26315789473684,1098.6315789473686,1372.7368421052631,343.1842105263158,2210.8578947368424,0.058166815343443354,0.3747216770740411
2133,57.473684210526315,68.21052631578948,68.21052631578948,35.36842105263158,65.0,1206.9473684210527,1432.4210526315792,358.1052631578948,2409.9157894736845,0.060695807314897425,0.4084603033006245
2134,54.26315789473684,75.84210526315789,75.84210526315789,38.421052631578945,65.3157894736842,1139.5263157894738,1592.6842105263156,398.1710526315789,2335.3657894736843,0.06748661909009812,0.39582471008028547
2135,54.78947368421053,67.78947368421052,67.78947368421052,34.526315789473685,63.68421052631579,1150.578947368421,1423.5789473684208,355.8947368421052,2311.878947368421,0.06032114183764495,0.3918438893844781
2136,56.0,74.52631578947368,74.52631578947368,37.26315789473684,63.526315789473685,1176.0,1565.0526315789473,391.2631578947368,2390.463157894737,0.0663157894736842,0.40516324710080287
2137,45.26315789473684,77.78947368421052,77.78947368421052,38.68421052631579,48.94736842105263,950.5263157894736,1633.5789473684208,408.3947368421052,2024.2894736842104,0.06921944692239071,0.343099910793934
2138,56.0,71.63157894736842,71.63157894736842,37.36842105263158,64.63157894736842,1176.0,1504.2631578947369,376.0657894736842,2375.2657894736844,0.0637399643175736,0.40258742194469227
2139,45.526315789473685,83.05263157894737,83.05263157894737,43.421052631578945,48.473684210526315,956.0526315789474,1744.1052631578948,436.0263157894737,2061.315789473684,0.0739027653880464,0.34937555753791255
2140,49.68421052631579,77.15789473684211,77.15789473684211,39.26315789473684,54.63157894736842,1043.3684210526314,1620.3157894736844,405.0789473684211,2178.8052631578944,0.06865744870651205,0.3692890276538804
2141,59.73684210526316,77.42105263157895,77.42105263157895,37.63157894736842,78.21052631578948,1254.4736842105262,1625.842105263158,406.4605263157895,2539.065789473684,0.06889161462979483,0.43035013380909903
2142,52.63157894736842,75.89473684210526,75.89473684210526,37.473684210526315,59.578947368421055,1105.2631578947369,1593.7894736842104,398.4473684210526,2277.3947368421054,0.06753345227475469,0.3859991079393399
2143,54.10526315789474,73.0,73.0,36.0,62.89473684210526,1136.2105263157896,1533.0,383.25,2314.807894736842,0.06495762711864407,0.39234032114183764
2144,50.31578947368421,81.89473684210526,81.89473684210526,41.1578947368421,64.0,1056.6315789473686,1719.7894736842104,429.9473684210526,2226.221052631579,0.07287243532560214,0.37732560214094557
2145,50.473684210526315,71.0,71.0,35.26315789473684,57.1578947368421,1059.9473684210527,1491.0,372.75,2174.66052631579,0.06317796610169492,0.3685865298840322
2146,61.21052631578947,72.63157894736842,72.63157894736842,35.473684210526315,67.89473684210526,1285.421052631579,1525.2631578947369,381.3157894736842,2566.5315789473684,0.06462979482604818,0.43500535236396076
2147,54.8421052631579,66.3157894736842,66.3157894736842,32.63157894736842,62.1578947368421,1151.6842105263158,1392.6315789473683,348.1578947368421,2306.0210526315786,0.05900981266726137,0.3908510258697591
2148,55.31578947368421,79.21052631578948,79.21052631578948,41.473684210526315,65.36842105263158,1161.6315789473686,1663.4210526315792,415.8552631578948,2390.628947368421,0.07048394290811776,0.40519134701159676
2149,48.473684210526315,87.6842105263158,87.6842105263158,43.473684210526315,55.63157894736842,1017.9473684210526,1841.3684210526317,460.3421052631579,2190.8526315789472,0.07802408563782337,0.37133095450490633
2150,57.36842105263158,77.15789473684211,77.15789473684211,39.578947368421055,72.05263157894737,1204.7368421052631,1620.3157894736844,405.0789473684211,2453.1315789473683,0.06865744870651205,0.4157850133809099
2151,46.73684210526316,77.84210526315789,77.84210526315789,39.578947368421055,53.26315789473684,981.4736842105264,1634.6842105263156,408.6710526315789,2077.1763157894734,0.06926628010704727,0.35206378233719887
2152,46.78947368421053,83.78947368421052,83.78947368421052,42.31578947368421,55.78947368421053,982.578947368421,1759.5789473684208,439.8947368421052,2110.2789473684206,0.07455842997323817,0.35767439785905436
2153,50.578947368421055,73.0,73.0,36.94736842105263,59.1578947368421,1062.157894736842,1533.0,383.25,2188.9184210526314,0.06495762711864407,0.3710031222123104
2154,47.421052631578945,80.05263157894737,80.05263157894737,41.10526315789474,56.36842105263158,995.8421052631578,1681.1052631578948,420.2763157894737,2113.207894736842,0.07123327386262267,0.3581708296164139
2155,51.78947368421053,62.26315789473684,62.26315789473684,30.63157894736842,60.8421052631579,1087.578947368421,1307.5263157894738,326.88157894736844,2175.765789473684,0.05540365744870652,0.3687738626226583
2156,60.89473684210526,74.3157894736842,74.3157894736842,36.78947368421053,73.84210526315789,1278.7894736842104,1560.6315789473683,390.1578947368421,2564.1,0.06612845673505797,0.434593220338983
2157,51.63157894736842,77.42105263157895,77.42105263157895,38.36842105263158,63.473684210526315,1084.2631578947369,1625.842105263158,406.4605263157895,2249.7078947368423,0.06889161462979483,0.3813064228367529
2158,53.73684210526316,69.78947368421052,69.78947368421052,34.36842105263158,63.1578947368421,1128.4736842105262,1465.5789473684208,366.3947368421052,2284.7999999999997,0.0621008028545941,0.38725423728813557
2159,47.26315789473684,78.63157894736842,78.63157894736842,40.73684210526316,55.578947368421055,992.5263157894736,1651.2631578947369,412.8157894736842,2100.1105263157892,0.06996877787689564,0.3559509366636931
2160,49.73684210526316,71.21052631578948,71.21052631578948,34.05263157894737,53.578947368421055,1044.4736842105262,1495.4210526315792,373.8552631578948,2149.460526315789,0.06336529884032115,0.3643153434433541
2161,60.578947368421055,65.47368421052632,65.47368421052632,30.68421052631579,71.52631578947368,1272.157894736842,1374.9473684210527,343.7368421052632,2506.4052631578948,0.05826048171275647,0.424814451382694
2162,57.73684210526316,76.84210526315789,76.84210526315789,35.63157894736842,63.1578947368421,1212.4736842105262,1613.6842105263156,403.4210526315789,2464.626315789473,0.0683764495985727,0.4177332738626226
2163,44.68421052631579,80.52631578947368,80.52631578947368,41.8421052631579,50.578947368421055,938.3684210526316,1691.0526315789473,422.7631578947368,2017.9894736842105,0.07165477252453166,0.3420321141837645
2164,55.63157894736842,78.6842105263158,78.6842105263158,38.89473684210526,62.1578947368421,1168.2631578947369,1652.3684210526317,413.0921052631579,2399.1394736842103,0.07001561106155219,0.4066338090990187
2165,58.68421052631579,73.89473684210526,73.89473684210526,37.473684210526315,69.47368421052632,1232.3684210526314,1551.7894736842104,387.9473684210526,2482.973684210526,0.06575379125780552,0.4208429973238179
2166,52.0,75.0,75.0,36.1578947368421,61.94736842105263,1092.0,1575.0,393.75,2250.1499999999996,0.06673728813559322,0.38138135593220335
2167,49.78947368421053,70.78947368421052,70.78947368421052,36.526315789473685,63.10526315789474,1045.578947368421,1486.5789473684208,371.6447368421052,2149.128947368421,0.06299063336306868,0.36425914362176626
2168,51.36842105263158,71.42105263157895,71.42105263157895,36.36842105263158,54.421052631578945,1078.7368421052631,1499.842105263158,374.9605263157895,2208.813157894737,0.06355263157894737,0.3743751115075825
2169,54.68421052631579,79.42105263157895,79.42105263157895,38.31578947368421,62.10526315789474,1148.3684210526314,1667.842105263158,416.9605263157895,2369.1868421052627,0.07067127564674398,0.4015570918822479
2170,54.8421052631579,85.78947368421052,85.78947368421052,42.21052631578947,66.89473684210526,1151.6842105263158,1801.5789473684208,450.3947368421052,2408.257894736842,0.07633809099018732,0.4081793041926851
2171,46.8421052631579,78.3157894736842,78.3157894736842,41.26315789473684,57.526315789473685,983.6842105263158,1644.6315789473683,411.1578947368421,2083.421052631579,0.06968777876895628,0.35312221231043717
2172,52.21052631578947,65.42105263157895,65.42105263157895,33.31578947368421,60.26315789473684,1096.421052631579,1373.842105263158,343.4605263157895,2207.3763157894737,0.05821364852809991,0.3741315789473684
2173,59.1578947368421,73.21052631578948,73.21052631578948,35.473684210526315,70.73684210526316,1242.3157894736842,1537.4210526315792,384.3552631578948,2496.292105263158,0.0651449598572703,0.4231003568242641
2174,49.0,75.89473684210526,75.89473684210526,38.473684210526315,53.1578947368421,1029.0,1593.7894736842104,398.4473684210526,2147.7473684210527,0.06753345227475469,0.3640249776984835
2175,51.21052631578947,77.57894736842105,77.57894736842105,39.78947368421053,59.473684210526315,1075.421052631579,1629.157894736842,407.2894736842105,2235.5052631578947,0.0690321141837645,0.3788991971454059
2176,53.0,84.42105263157895,84.42105263157895,41.10526315789474,70.10526315789474,1113.0,1772.842105263158,443.2105263157895,2335.3105263157895,0.07512042818911686,0.3958153434433542
2177,48.78947368421053,80.57894736842105,80.57894736842105,40.78947368421053,56.10526315789474,1024.578947368421,1692.157894736842,423.0394736842105,2164.823684210526,0.07170160570918822,0.3669192685102587
2178,52.94736842105263,72.3157894736842,72.3157894736842,34.73684210526316,56.473684210526315,1111.8947368421052,1518.6315789473683,379.6578947368421,2269.878947368421,0.06434879571810882,0.3847252453166815
2179,52.05263157894737,75.0,75.0,38.8421052631579,65.52631578947368,1093.1052631578948,1575.0,393.75,2252.028947368421,0.06673728813559322,0.38169982158786797
2180,51.26315789473684,80.3157894736842,80.3157894736842,40.1578947368421,69.42105263157895,1076.5263157894738,1686.6315789473683,421.6578947368421,2251.7526315789473,0.07146743978590543,0.38165298840321144
2181,52.36842105263158,85.10526315789474,85.10526315789474,41.05263157894737,65.84210526315789,1099.7368421052631,1787.2105263157896,446.8026315789474,2316.3552631578946,0.0757292595896521,0.3926025869759143
2182,63.26315789473684,66.3157894736842,66.3157894736842,33.21052631578947,73.3157894736842,1328.5263157894738,1392.6315789473683,348.1578947368421,2606.6526315789474,0.05900981266726137,0.4418055307760928
2183,53.05263157894737,69.6842105263158,69.6842105263158,35.26315789473684,59.36842105263158,1114.1052631578948,1463.3684210526317,365.8421052631579,2259.821052631579,0.062007136485281,0.38302051739518284
2184,54.1578947368421,88.94736842105263,88.94736842105263,45.05263157894737,65.47368421052632,1137.3157894736842,1867.8947368421052,466.9736842105263,2400.4105263157894,0.07914808206958072,0.4068492417484389
2185,47.31578947368421,78.10526315789474,78.10526315789474,39.1578947368421,50.89473684210526,993.6315789473684,1640.2105263157896,410.0526315789474,2099.2263157894736,0.06950044603033007,0.35580107047279214
2186,50.10526315789474,80.42105263157895,80.42105263157895,40.1578947368421,64.63157894736842,1052.2105263157896,1688.842105263158,422.2105263157895,2210.9684210526316,0.07156110615521856,0.3747404103479037
2187,52.36842105263158,65.15789473684211,65.15789473684211,33.73684210526316,52.94736842105263,1099.7368421052631,1368.3157894736844,342.0789473684211,2211.6315789473683,0.05797948260481713,0.3748528099910794
2188,44.10526315789474,88.63157894736842,88.63157894736842,45.78947368421053,55.10526315789474,926.2105263157896,1861.2631578947369,465.3157894736842,2039.8736842105263,0.0788670829616414,0.34574130240856377
2189,50.73684210526316,74.15789473684211,74.15789473684211,38.26315789473684,57.578947368421055,1065.4736842105262,1557.3157894736844,389.3289473684211,2200.6342105263157,0.06598795718108832,0.3729888492417484
2190,49.63157894736842,74.63157894736842,74.63157894736842,37.89473684210526,60.578947368421055,1042.2631578947369,1567.2631578947369,391.8157894736842,2163.6631578947367,0.06640945584299733,0.36672256913470114
2191,53.36842105263158,71.94736842105263,71.94736842105263,36.10526315789474,67.3157894736842,1120.7368421052631,1510.8947368421052,377.7236842105263,2282.9763157894736,0.06402096342551293,0.3869451382694023
2192,54.473684210526315,73.57894736842105,73.57894736842105,37.05263157894737,60.526315789473685,1143.9473684210527,1545.157894736842,386.2894736842105,2331.0,0.06547279214986619,0.39508474576271185
2193,49.73684210526316,67.05263157894737,67.05263157894737,33.26315789473684,53.526315789473685,1044.4736842105262,1408.1052631578948,352.0263157894737,2127.6315789473683,0.05966547725245317,0.3606155218554862
2194,46.26315789473684,72.26315789473684,72.26315789473684,36.421052631578945,55.68421052631579,971.5263157894736,1517.5263157894735,379.3815789473684,2030.9763157894736,0.06430196253345227,0.34423327386262265
2195,56.36842105263158,84.26315789473684,84.26315789473684,42.63157894736842,66.94736842105263,1183.7368421052631,1769.5263157894735,442.3815789473684,2454.7342105263156,0.07497992863514719,0.4160566458519179
2196,49.578947368421055,81.3157894736842,81.3157894736842,41.0,56.05263157894737,1041.157894736842,1707.6315789473683,426.9078947368421,2196.8763157894737,0.07235727029438001,0.3723519179304193
2197,51.89473684210526,74.94736842105263,74.94736842105263,36.10526315789474,59.578947368421055,1089.7894736842104,1573.8947368421052,393.4736842105263,2246.115789473684,0.06669045495093666,0.3806975914362176
2198,51.73684210526316,73.57894736842105,73.57894736842105,37.1578947368421,61.8421052631579,1086.4736842105262,1545.157894736842,386.2894736842105,2233.294736842105,0.06547279214986619,0.3785245316681534
2199,52.89473684210526,74.42105263157895,74.42105263157895,37.526315789473685,58.21052631578947,1110.7894736842104,1562.842105263158,390.7105263157895,2279.052631578947,0.0662221231043711,0.38628010704727916
2200,51.578947368421055,76.3157894736842,76.3157894736842,38.78947368421053,64.42105263157895,1083.157894736842,1602.6315789473683,400.6578947368421,2242.0263157894733,0.06790811775200713,0.38000446030330054
2201,55.31578947368421,79.52631578947368,79.52631578947368,40.10526315789474,63.578947368421055,1161.6315789473686,1670.0526315789473,417.5131578947368,2392.286842105263,0.07076494201605708,0.40547234611953614
2202,50.31578947368421,78.78947368421052,78.78947368421052,40.578947368421055,60.31578947368421,1056.6315789473686,1654.5789473684208,413.6447368421052,2209.918421052632,0.07010927743086529,0.37456244424620877
2203,57.21052631578947,76.57894736842105,76.57894736842105,37.89473684210526,66.73684210526316,1201.421052631579,1608.157894736842,402.0394736842105,2444.4552631578945,0.06814228367528992,0.41431445138269396
2204,49.63157894736842,78.47368421052632,78.47368421052632,39.89473684210526,49.78947368421053,1042.2631578947369,1647.9473684210527,411.9868421052632,2183.834210526316,0.06982827832292596,0.37014139161462983
2205,63.26315789473684,69.0,69.0,35.21052631578947,71.94736842105263,1328.5263157894738,1449.0,362.25,2620.7447368421053,0.06139830508474576,0.4441940231935772
2206,55.0,73.26315789473684,73.26315789473684,36.94736842105263,68.52631578947368,1155.0,1538.5263157894735,384.6315789473684,2348.1315789473683,0.06519179304192685,0.3979884032114184
2207,51.63157894736842,70.42105263157895,70.42105263157895,35.10526315789474,60.26315789473684,1084.2631578947369,1478.842105263158,369.7105263157895,2212.9578947368423,0.0626628010704728,0.3750776092774309
2208,49.68421052631579,83.10526315789474,83.10526315789474,42.1578947368421,64.89473684210526,1043.3684210526314,1745.2105263157896,436.3026315789474,2210.0289473684206,0.07394959857270295,0.3745811775200713
2209,48.10526315789474,74.05263157894737,74.05263157894737,37.26315789473684,59.1578947368421,1010.2105263157896,1555.1052631578948,388.7763157894737,2106.134210526316,0.0658942908117752,0.3569719000892061
2210,52.36842105263158,79.15789473684211,79.15789473684211,40.21052631578947,65.3157894736842,1099.7368421052631,1662.3157894736844,415.5789473684211,2285.1315789473683,0.0704371097234612,0.38731043710972346
2211,52.31578947368421,71.94736842105263,71.94736842105263,37.05263157894737,62.68421052631579,1098.6315789473686,1510.8947368421052,377.7236842105263,2245.3973684210528,0.06402096342551293,0.38057582515611066
2212,49.8421052631579,71.57894736842105,71.57894736842105,36.10526315789474,52.31578947368421,1046.6842105263158,1503.157894736842,375.7894736842105,2155.1526315789474,0.06369313113291704,0.3652801070472792
2213,52.8421052631579,81.94736842105263,81.94736842105263,40.421052631578945,62.36842105263158,1109.6842105263158,1720.8947368421052,430.2236842105263,2316.686842105263,0.07291926851025869,0.3926587867975022
2214,53.68421052631579,88.63157894736842,88.63157894736842,42.36842105263158,64.05263157894737,1127.3684210526314,1861.2631578947369,465.3157894736842,2381.8421052631575,0.0788670829616414,0.40370205173951823
2215,62.21052631578947,77.0,77.0,37.10526315789474,71.0,1306.421052631579,1617.0,404.25,2625.165789473684,0.06851694915254238,0.44494335414808206
2216,49.94736842105263,77.15789473684211,77.15789473684211,37.73684210526316,56.473684210526315,1048.8947368421052,1620.3157894736844,405.0789473684211,2188.2,0.06865744870651205,0.37088135593220334
2217,47.0,81.84210526315789,81.84210526315789,41.10526315789474,64.05263157894737,987.0,1718.6842105263156,429.6710526315789,2107.571052631579,0.07282560214094558,0.35721543264942013
2218,49.578947368421055,73.47368421052632,73.47368421052632,37.89473684210526,50.31578947368421,1041.157894736842,1542.9473684210527,385.7368421052632,2155.705263157895,0.06537912578055308,0.3653737734165924
2219,47.63157894736842,90.3157894736842,90.3157894736842,46.10526315789474,54.0,1000.2631578947368,1896.6315789473683,474.1578947368421,2174.6052631578946,0.0803657448706512,0.36857716324710077
2220,60.73684210526316,69.63157894736842,69.63157894736842,33.21052631578947,68.05263157894737,1275.4736842105262,1462.2631578947369,365.5657894736842,2533.8710526315786,0.06196030330062444,0.4294696699375557
2221,58.421052631578945,76.0,76.0,38.473684210526315,68.3157894736842,1226.842105263158,1596.0,399.0,2484.6315789473683,0.0676271186440678,0.42112399643175735
2222,52.68421052631579,75.0,75.0,37.473684210526315,64.78947368421052,1106.3684210526314,1575.0,393.75,2274.5763157894735,0.06673728813559322,0.38552140945584296
2223,55.1578947368421,84.84210526315789,84.84210526315789,41.578947368421055,66.57894736842105,1158.3157894736842,1781.6842105263156,445.4210526315789,2414.5578947368417,0.0754950936663693,0.40924710080285454
2224,48.21052631578947,70.42105263157895,70.42105263157895,34.89473684210526,66.0,1012.421052631579,1478.842105263158,369.7105263157895,2090.8263157894735,0.0626628010704728,0.3543773416592328
2225,55.26315789473684,77.73684210526316,77.73684210526316,39.473684210526315,69.3157894736842,1160.5263157894738,1632.4736842105265,408.1184210526316,2381.013157894737,0.06917261373773417,0.4035615521855487
2226,51.526315789473685,79.10526315789474,79.10526315789474,39.68421052631579,67.15789473684211,1082.0526315789473,1661.2105263157896,415.3026315789474,2254.7921052631577,0.07039027653880464,0.3821681534344335
2227,45.1578947368421,85.36842105263158,85.36842105263158,44.421052631578945,55.36842105263158,948.3157894736842,1792.7368421052631,448.1842105263158,2060.321052631579,0.07596342551293488,0.34920695807314894
2228,49.78947368421053,76.63157894736842,76.63157894736842,38.31578947368421,63.0,1045.578947368421,1609.2631578947369,402.3157894736842,2179.8,0.06818911685994648,0.3694576271186441
2229,49.94736842105263,82.47368421052632,82.47368421052632,42.73684210526316,58.26315789473684,1048.8947368421052,1731.9473684210527,432.9868421052632,2216.107894736842,0.07338760035682426,0.3756115075825156
2230,57.89473684210526,67.84210526315789,67.84210526315789,34.0,71.57894736842105,1215.7894736842104,1424.6842105263156,356.1710526315789,2423.013157894736,0.06036797502230151,0.4106801962533451
2231,47.421052631578945,79.0,79.0,41.36842105263158,57.10526315789474,995.8421052631578,1659.0,414.75,2107.6815789473685,0.07029661016949153,0.3572341659232828
2232,49.68421052631579,81.73684210526316,81.73684210526316,42.05263157894737,55.21052631578947,1043.3684210526314,1716.4736842105265,429.1184210526316,2202.844736842105,0.07273193577163248,0.3733635147190008
2233,47.78947368421053,69.0,69.0,35.0,62.31578947368421,1003.578947368421,1449.0,362.25,2068.3342105263155,0.06139830508474576,0.35056512042818905
2234,59.26315789473684,72.15789473684211,72.15789473684211,36.31578947368421,64.26315789473684,1244.5263157894738,1515.3157894736844,378.8289473684211,2494.5236842105264,0.06420829616413917,0.4228006244424621
2235,55.36842105263158,85.10526315789474,85.10526315789474,41.36842105263158,62.10526315789474,1162.7368421052631,1787.2105263157896,446.8026315789474,2423.4552631578945,0.0757292595896521,0.41075512934879566
2236,49.526315789473685,75.57894736842105,75.57894736842105,36.63157894736842,61.10526315789474,1040.0526315789473,1587.157894736842,396.7894736842105,2164.878947368421,0.06725245316681534,0.36692863514719
2237,56.78947368421053,63.63157894736842,63.63157894736842,31.94736842105263,64.3157894736842,1192.578947368421,1336.2631578947369,334.0657894736842,2361.45,0.05662132024977699,0.40024576271186435
2238,55.578947368421055,74.0,74.0,37.68421052631579,56.73684210526316,1167.157894736842,1554.0,388.5,2372.6684210526314,0.06584745762711865,0.4021471900089206
2239,54.0,66.26315789473684,66.26315789473684,32.31578947368421,61.05263157894737,1134.0,1391.5263157894735,347.8815789473684,2275.6815789473685,0.05896297948260481,0.3857087421944692
2240,53.8421052631579,79.05263157894737,79.05263157894737,40.8421052631579,54.31578947368421,1130.6842105263158,1660.1052631578948,415.0263157894737,2337.1894736842105,0.07034344335414809,0.39613380909901874
2241,54.73684210526316,83.84210526315789,83.84210526315789,42.526315789473685,60.05263157894737,1149.4736842105262,1760.6842105263156,440.1710526315789,2394.2763157894733,0.07460526315789473,0.40580954504906325
2242,58.89473684210526,72.05263157894737,72.05263157894737,36.94736842105263,71.47368421052632,1236.7894736842104,1513.1052631578948,378.2763157894737,2480.8184210526315,0.06411462979482604,0.42047769848349686
2243,53.31578947368421,72.15789473684211,72.15789473684211,36.421052631578945,56.421052631578945,1119.6315789473686,1515.3157894736844,378.8289473684211,2282.2026315789476,0.06420829616413917,0.386814005352364
2244,52.578947368421055,61.578947368421055,61.578947368421055,30.94736842105263,57.8421052631579,1104.157894736842,1293.157894736842,323.2894736842105,2200.357894736842,0.05479482604817128,0.3729420160570919
2245,46.05263157894737,75.26315789473684,75.26315789473684,38.31578947368421,55.63157894736842,967.1052631578948,1580.5263157894735,395.1315789473684,2039.2105263157894,0.066971454058876,0.34562890276538805
2246,54.26315789473684,79.94736842105263,79.94736842105263,39.21052631578947,64.63157894736842,1139.5263157894738,1678.8947368421052,419.7236842105263,2356.918421052632,0.07113960749330954,0.3994776984834969
2247,57.31578947368421,58.10526315789474,58.10526315789474,27.68421052631579,70.0,1203.6315789473686,1220.2105263157896,305.0526315789474,2351.226315789474,0.05170383586083854,0.39851293487957185
2248,55.8421052631579,75.52631578947368,75.52631578947368,38.89473684210526,62.05263157894737,1172.6842105263158,1586.0526315789473,396.5131578947368,2390.0763157894735,0.06720561998215878,0.40509768064228363
2249,51.36842105263158,77.52631578947368,77.52631578947368,38.63157894736842,60.68421052631579,1078.7368421052631,1628.0526315789473,407.0131578947368,2240.865789473684,0.06898528099910793,0.37980776092774304
2250,47.0,79.3157894736842,79.3157894736842,39.73684210526316,54.36842105263158,987.0,1665.6315789473683,416.4078947368421,2094.307894736842,0.07057760927743086,0.35496743978590545
2251,57.8421052631579,78.15789473684211,78.15789473684211,38.05263157894737,68.84210526315789,1214.6842105263158,1641.3157894736844,410.3289473684211,2475.292105263158,0.06954727921498663,0.4195410347903658
2252,51.10526315789474,79.36842105263158,79.36842105263158,39.89473684210526,57.63157894736842,1073.2105263157896,1666.7368421052631,416.6842105263158,2241.142105263158,0.07062444246208742,0.3798545941123997
2253,48.89473684210526,89.94736842105263,89.94736842105263,46.36842105263158,53.36842105263158,1026.7894736842104,1888.8947368421052,472.2236842105263,2217.765789473684,0.0800379125780553,0.37589250669045493
2254,44.68421052631579,81.47368421052632,81.47368421052632,40.73684210526316,50.36842105263158,938.3684210526316,1710.9473684210527,427.7368421052632,2022.9631578947367,0.07249776984834969,0.3428751115075825
2255,51.8421052631579,75.78947368421052,75.78947368421052,38.73684210526316,62.421052631578945,1088.6842105263158,1591.5789473684208,397.8947368421052,2248.657894736842,0.06743978590544156,0.38112845673505796
2256,62.63157894736842,73.84210526315789,73.84210526315789,36.578947368421055,72.3157894736842,1315.2631578947369,1550.6842105263156,387.6710526315789,2623.618421052631,0.06570695807314897,0.44468108831400527
2257,58.73684210526316,70.73684210526316,70.73684210526316,34.578947368421055,66.73684210526316,1233.4736842105262,1485.4736842105265,371.3684210526316,2468.2736842105264,0.06294380017841214,0.4183514719000892
2258,52.31578947368421,77.73684210526316,77.73684210526316,38.94736842105263,57.0,1098.6315789473686,1632.4736842105265,408.1184210526316,2275.792105263158,0.06917261373773417,0.3857274754683319
2259,45.78947368421053,81.10526315789474,81.10526315789474,41.10526315789474,50.473684210526315,961.578947368421,1703.2105263157896,425.8026315789474,2060.4868421052633,0.0721699375557538,0.34923505798394294
2260,53.8421052631579,76.52631578947368,76.52631578947368,37.473684210526315,66.42105263157895,1130.6842105263158,1607.0526315789473,401.7631578947368,2323.926315789474,0.06809545049063336,0.39388581623550406
2261,49.421052631578945,78.15789473684211,78.15789473684211,39.63157894736842,57.05263157894737,1037.842105263158,1641.3157894736844,410.3289473684211,2174.6605263157894,0.06954727921498663,0.3685865298840321
2262,52.526315789473685,73.42105263157895,73.42105263157895,39.21052631578947,59.63157894736842,1103.0526315789473,1541.842105263158,385.4605263157895,2260.6499999999996,0.06533229259589653,0.3831610169491525
2263,58.21052631578947,71.0,71.0,35.526315789473685,59.78947368421053,1222.421052631579,1491.0,372.75,2450.8657894736843,0.06317796610169492,0.41540098126672614
2264,62.05263157894737,73.3157894736842,73.3157894736842,35.578947368421055,73.26315789473684,1303.1052631578948,1539.6315789473683,384.9078947368421,2600.186842105263,0.0652386262265834,0.4407096342551293
2265,52.68421052631579,73.3157894736842,73.3157894736842,35.31578947368421,65.78947368421052,1106.3684210526314,1539.6315789473683,384.9078947368421,2265.7342105263156,0.0652386262265834,0.38402274754683313
2266,47.421052631578945,81.47368421052632,81.47368421052632,39.94736842105263,48.0,995.8421052631578,1710.9473684210527,427.7368421052632,2120.6684210526314,0.07249776984834969,0.3594353256021409
2267,52.1578947368421,73.0,73.0,37.8421052631579,55.578947368421055,1095.3157894736842,1533.0,383.25,2245.286842105263,0.06495762711864407,0.38055709188224796
2268,46.63157894736842,70.42105263157895,70.42105263157895,36.26315789473684,47.578947368421055,979.2631578947368,1478.842105263158,369.7105263157895,2034.4578947368418,0.0626628010704728,0.34482337198929525
2269,53.05263157894737,86.15789473684211,86.15789473684211,42.36842105263158,59.421052631578945,1114.1052631578948,1809.3157894736844,452.3289473684211,2346.307894736842,0.07666592328278324,0.3976793041926851
2270,53.21052631578947,76.78947368421052,76.78947368421052,38.94736842105263,58.526315789473685,1117.421052631579,1612.5789473684208,403.1447368421052,2302.7605263157893,0.06832961641391613,0.39029839429081176
2271,45.94736842105263,77.3157894736842,77.3157894736842,39.63157894736842,54.94736842105263,964.8947368421052,1623.6315789473683,405.9078947368421,2046.228947368421,0.0687979482604817,0.34681846565566454
2272,48.05263157894737,87.36842105263158,87.36842105263158,43.36842105263158,58.94736842105263,1009.1052631578948,1834.7368421052631,458.6842105263158,2174.1631578947367,0.07774308652988403,0.3685022301516503
2273,46.05263157894737,91.10526315789474,91.10526315789474,46.21052631578947,52.10526315789474,967.1052631578948,1913.2105263157896,478.3026315789474,2122.3815789473683,0.08106824264049955,0.3597256913470116
2274,61.78947368421053,73.94736842105263,73.94736842105263,36.78947368421053,68.3157894736842,1297.578947368421,1552.8947368421052,388.2236842105263,2594.107894736842,0.06580062444246208,0.4396793041926851
2275,49.73684210526316,80.05263157894737,80.05263157894737,39.36842105263158,60.0,1044.4736842105262,1681.1052631578948,420.2763157894737,2195.8815789473683,0.07123327386262267,0.37218331846565567
2276,51.526315789473685,68.0,68.0,33.73684210526316,57.10526315789474,1082.0526315789473,1428.0,357.0,2196.48947368421,0.06050847457627118,0.37228635147190003
2277,51.8421052631579,77.26315789473684,77.26315789473684,39.05263157894737,60.421052631578945,1088.6842105263158,1622.5263157894735,405.6315789473684,2256.3947368421054,0.06875111507582515,0.3824397859054416
2278,46.526315789473685,87.94736842105263,87.94736842105263,45.31578947368421,48.94736842105263,977.0526315789474,1846.8947368421052,461.7236842105263,2122.713157894737,0.07825825156110615,0.3597818911685995
2279,60.1578947368421,73.21052631578948,73.21052631578948,34.89473684210526,74.94736842105263,1263.3157894736842,1537.4210526315792,384.3552631578948,2531.992105263158,0.0651449598572703,0.4291512042818912
2280,51.0,92.3157894736842,92.3157894736842,46.21052631578947,65.42105263157895,1071.0,1938.6315789473683,484.6578947368421,2305.3578947368424,0.08214540588760036,0.39073862622658345
2281,52.10526315789474,73.94736842105263,73.94736842105263,36.526315789473685,59.31578947368421,1094.2105263157896,1552.8947368421052,388.2236842105263,2248.381578947369,0.06580062444246208,0.3810816235504015
2282,49.473684210526315,72.0,72.0,38.21052631578947,56.1578947368421,1038.9473684210527,1512.0,378.0,2144.2105263157896,0.0640677966101695,0.36342551293487957
2283,52.05263157894737,73.6842105263158,73.6842105263158,36.473684210526315,62.526315789473685,1093.1052631578948,1547.3684210526317,386.8421052631579,2245.121052631579,0.0655664585191793,0.38052899197145407
2284,56.31578947368421,72.52631578947368,72.52631578947368,35.94736842105263,59.578947368421055,1182.6315789473686,1523.0526315789473,380.7631578947368,2391.2368421052633,0.06453612845673505,0.40529438001784124
2285,53.21052631578947,83.84210526315789,83.84210526315789,42.526315789473685,61.73684210526316,1117.421052631579,1760.6842105263156,440.1710526315789,2339.786842105263,0.07460526315789473,0.3965740410347903
2286,56.78947368421053,79.57894736842105,79.57894736842105,39.1578947368421,64.10526315789474,1192.578947368421,1671.157894736842,417.7894736842105,2445.173684210526,0.07081177520071365,0.41443621766280103
2287,56.8421052631579,74.94736842105263,74.94736842105263,34.421052631578945,66.6842105263158,1193.6842105263158,1573.8947368421052,393.4736842105263,2422.7368421052633,0.06669045495093666,0.4106333630686887
2288,52.473684210526315,76.10526315789474,76.10526315789474,37.8421052631579,62.68421052631579,1101.9473684210527,1598.2105263157896,399.5526315789474,2272.863157894737,0.06772078501338091,0.3852310437109724
2289,52.36842105263158,79.0,79.0,41.526315789473685,68.6842105263158,1099.7368421052631,1659.0,414.75,2284.3026315789475,0.07029661016949153,0.3871699375557538
2290,55.10526315789474,73.73684210526316,73.73684210526316,36.1578947368421,70.21052631578948,1157.2105263157896,1548.4736842105265,387.1184210526316,2354.3763157894737,0.06561329170383587,0.39904683318465656
2291,46.1578947368421,75.05263157894737,75.05263157894737,37.78947368421053,53.21052631578947,969.3157894736842,1576.1052631578948,394.0263157894737,2041.8631578947368,0.06678412132024977,0.346078501338091
2292,58.1578947368421,75.84210526315789,75.84210526315789,36.10526315789474,66.3157894736842,1221.3157894736842,1592.6842105263156,398.1710526315789,2474.4078947368416,0.06748661909009812,0.4193911685994647
2293,50.68421052631579,73.63157894736842,73.63157894736842,38.21052631578947,55.8421052631579,1064.3684210526314,1546.2631578947369,386.5657894736842,2195.9921052631576,0.06551962533452275,0.3722020517395182
2294,53.10526315789474,84.84210526315789,84.84210526315789,43.26315789473684,66.78947368421052,1115.2105263157896,1781.6842105263156,445.4210526315789,2341.278947368421,0.0754950936663693,0.39682694023193577
2295,54.68421052631579,82.21052631578948,82.21052631578948,39.63157894736842,68.0,1148.3684210526314,1726.4210526315792,431.6052631578948,2383.831578947368,0.0731534344335415,0.40403925066904545
2296,48.94736842105263,74.47368421052632,74.47368421052632,36.68421052631579,58.8421052631579,1027.8947368421052,1563.9473684210527,390.9868421052632,2138.407894736842,0.06626895628902765,0.36244201605709186
2297,45.473684210526315,82.73684210526316,82.73684210526316,43.63157894736842,55.78947368421053,954.9473684210526,1737.4736842105265,434.3684210526316,2057.778947368421,0.07362176628010705,0.34877609277430865
2298,55.36842105263158,81.26315789473684,81.26315789473684,40.31578947368421,64.89473684210526,1162.7368421052631,1706.5263157894735,426.6315789473684,2403.2842105263157,0.07231043710972346,0.40733630686886707
2299,50.78947368421053,76.78947368421052,76.78947368421052,36.36842105263158,52.1578947368421,1066.578947368421,1612.5789473684208,403.1447368421052,2216.328947368421,0.06832961641391613,0.37564897413024084
2300,67.89473684210526,69.36842105263158,69.36842105263158,34.26315789473684,76.6842105263158,1425.7894736842104,1456.7368421052631,364.1842105263158,2788.0263157894733,0.06172613737734166,0.4725468331846565
2301,57.78947368421053,67.36842105263158,67.36842105263158,32.526315789473685,63.26315789473684,1213.578947368421,1414.7368421052631,353.6842105263158,2416.7684210526318,0.059946476360392506,0.4096217662801071
2302,47.473684210526315,81.15789473684211,81.15789473684211,41.26315789473684,55.578947368421055,996.9473684210526,1704.3157894736844,426.0789473684211,2120.8894736842103,0.07221677074041036,0.35947279214986616
2303,55.8421052631579,70.52631578947368,70.52631578947368,35.578947368421055,66.36842105263158,1172.6842105263158,1481.0526315789473,370.2631578947368,2363.8263157894735,0.0627564674397859,0.40064852809991075
2304,48.526315789473685,72.15789473684211,72.15789473684211,35.78947368421053,62.73684210526316,1019.0526315789474,1515.3157894736844,378.8289473684211,2111.2184210526316,0.06420829616413917,0.35783363068688673
2305,53.473684210526315,65.05263157894737,65.05263157894737,31.210526315789473,63.94736842105263,1122.9473684210527,1366.1052631578948,341.5263157894737,2250.536842105263,0.05788581623550402,0.38144692239072253
2306,53.68421052631579,77.57894736842105,77.57894736842105,38.63157894736842,57.89473684210526,1127.3684210526314,1629.157894736842,407.2894736842105,2323.8157894736837,0.0690321141837645,0.3938670829616413
2307,61.0,65.57894736842105,65.57894736842105,31.526315789473685,67.26315789473684,1281.0,1377.157894736842,344.2894736842105,2521.98947368421,0.05835414808206958,0.42745584299732375
2308,54.578947368421055,84.15789473684211,84.15789473684211,42.63157894736842,62.473684210526315,1146.157894736842,1767.3157894736844,441.8289473684211,2390.297368421053,0.07488626226583409,0.405135147190009
2309,53.63157894736842,76.42105263157895,76.42105263157895,38.526315789473685,63.21052631578947,1126.2631578947369,1604.842105263158,401.2105263157895,2315.857894736842,0.06800178412132026,0.39251828724353255
2310,48.473684210526315,74.36842105263158,74.36842105263158,37.526315789473685,59.21052631578947,1017.9473684210526,1561.7368421052631,390.4342105263158,2120.944736842105,0.06617528991971454,0.3594821587867975
2311,59.473684210526315,70.21052631578948,70.21052631578948,34.26315789473684,69.84210526315789,1248.9473684210527,1474.4210526315792,368.6052631578948,2491.815789473684,0.06247546833184658,0.42234165923282785
2312,56.73684210526316,73.63157894736842,73.63157894736842,36.36842105263158,59.94736842105263,1191.4736842105262,1546.2631578947369,386.5657894736842,2412.071052631579,0.06551962533452275,0.40882560214094554
2313,61.0,74.57894736842105,74.57894736842105,37.26315789473684,69.21052631578948,1281.0,1566.157894736842,391.5394736842105,2569.23947368421,0.06636262265834077,0.43546431757359494
2314,55.0,73.0,73.0,35.21052631578947,61.8421052631579,1155.0,1533.0,383.25,2346.75,0.06495762711864407,0.3977542372881356
2315,58.31578947368421,83.26315789473684,83.26315789473684,39.94736842105263,74.52631578947368,1224.6315789473686,1748.5263157894735,437.1315789473684,2519.0052631578947,0.07409009812667261,0.426950044603033
2316,56.526315789473685,75.94736842105263,75.94736842105263,38.31578947368421,66.05263157894737,1187.0526315789473,1594.8947368421052,398.7236842105263,2416.7131578947365,0.06758028545941124,0.4096123996431757
2317,45.94736842105263,80.0,80.0,40.73684210526316,51.10526315789474,964.8947368421052,1680.0,420.0,2060.321052631579,0.0711864406779661,0.34920695807314894
2318,48.05263157894737,86.0,86.0,43.526315789473685,53.78947368421053,1009.1052631578948,1806.0,451.5,2166.9789473684214,0.07652542372881356,0.3672845673505799
2319,48.05263157894737,73.05263157894737,73.05263157894737,36.578947368421055,55.78947368421053,1009.1052631578948,1534.1052631578948,383.5263157894737,2099.0052631578947,0.06500446030330062,0.3557636039250669
2320,52.63157894736842,78.26315789473684,78.26315789473684,40.578947368421055,57.421052631578945,1105.2631578947369,1643.5263157894735,410.8815789473684,2289.8289473684213,0.06964094558429973,0.38810660124888496
2321,54.78947368421053,67.26315789473684,67.26315789473684,33.73684210526316,64.10526315789474,1150.578947368421,1412.5263157894735,353.1315789473684,2309.1157894736843,0.059852809991079385,0.3913755575379126
2322,49.36842105263158,82.05263157894737,82.05263157894737,40.0,63.94736842105263,1036.7368421052631,1723.1052631578948,430.7763157894737,2193.228947368421,0.07301293487957182,0.3717337198929527
2323,47.63157894736842,82.42105263157895,82.42105263157895,40.63157894736842,55.526315789473685,1000.2631578947368,1730.842105263158,432.7105263157895,2133.157894736842,0.07334076717216771,0.3615521855486173
2324,52.1578947368421,75.05263157894737,75.05263157894737,38.68421052631579,58.421052631578945,1095.3157894736842,1576.1052631578948,394.0263157894737,2256.063157894737,0.06678412132024977,0.3823835860838537
2325,53.68421052631579,75.6842105263158,75.6842105263158,36.73684210526316,57.26315789473684,1127.3684210526314,1589.3684210526317,397.3421052631579,2313.868421052631,0.06734611953612846,0.3921810883140053
2326,45.73684210526316,72.84210526315789,72.84210526315789,36.8421052631579,55.73684210526316,960.4736842105264,1529.6842105263156,382.4210526315789,2015.2263157894738,0.06481712756467439,0.341563782337199
2327,54.10526315789474,81.73684210526316,81.73684210526316,41.1578947368421,63.31578947368421,1136.2105263157896,1716.4736842105265,429.1184210526316,2360.676315789474,0.07273193577163248,0.4001146297948261
2328,54.578947368421055,83.73684210526316,83.73684210526316,41.421052631578945,62.63157894736842,1146.157894736842,1758.4736842105265,439.6184210526316,2388.0868421052633,0.07451159678858163,0.40476048171275647
2329,56.89473684210526,76.42105263157895,76.42105263157895,38.8421052631579,66.47368421052632,1194.7894736842104,1604.842105263158,401.2105263157895,2432.3526315789472,0.06800178412132026,0.41226315789473683
2330,49.94736842105263,85.47368421052632,85.47368421052632,42.94736842105263,59.1578947368421,1048.8947368421052,1794.9473684210527,448.7368421052632,2231.857894736842,0.07605709188224799,0.37828099910793933
2331,47.78947368421053,67.0,67.0,34.21052631578947,56.73684210526316,1003.578947368421,1407.0,351.75,2057.8342105263155,0.05961864406779661,0.3487854594112399
2332,61.89473684210526,70.36842105263158,70.36842105263158,33.421052631578945,71.26315789473684,1299.7894736842104,1477.7368421052631,369.4342105263158,2579.0763157894735,0.06261596788581623,0.43713157894736837
2333,46.473684210526315,76.10526315789474,76.10526315789474,38.421052631578945,53.78947368421053,975.9473684210526,1598.2105263157896,399.5526315789474,2058.6631578947367,0.06772078501338091,0.3489259589652096
2334,46.8421052631579,81.63157894736842,81.63157894736842,42.1578947368421,62.36842105263158,983.6842105263158,1714.2631578947369,428.5657894736842,2100.8289473684213,0.07263826940231936,0.3560727029438002
2335,53.94736842105263,77.6842105263158,77.6842105263158,39.73684210526316,65.47368421052632,1132.8947368421052,1631.3684210526317,407.8421052631579,2333.7631578947367,0.06912578055307761,0.3955530776092774
2336,54.421052631578945,73.63157894736842,73.63157894736842,36.94736842105263,61.526315789473685,1142.842105263158,1546.2631578947369,386.5657894736842,2329.3973684210528,0.06551962533452275,0.3948131132917039
2337,49.473684210526315,69.78947368421052,69.78947368421052,34.31578947368421,62.63157894736842,1038.9473684210527,1465.5789473684208,366.3947368421052,2132.605263157895,0.0621008028545941,0.3614585191793042
2338,44.578947368421055,81.10526315789474,81.10526315789474,42.10526315789474,59.10526315789474,936.1578947368422,1703.2105263157896,425.8026315789474,2017.271052631579,0.0721699375557538,0.3419103479036575
2339,48.421052631578945,74.94736842105263,74.94736842105263,37.21052631578947,64.52631578947368,1016.8421052631578,1573.8947368421052,393.4736842105263,2122.1052631578946,0.06669045495093666,0.359678858162355
2340,59.473684210526315,70.3157894736842,70.3157894736842,34.78947368421053,66.26315789473684,1248.9473684210527,1476.6315789473683,369.1578947368421,2492.3684210526317,0.06256913470115967,0.422435325602141
2341,51.31578947368421,77.6842105263158,77.6842105263158,38.36842105263158,58.63157894736842,1077.6315789473686,1631.3684210526317,407.8421052631579,2239.815789473684,0.06912578055307761,0.37962979482604814
2342,54.1578947368421,71.47368421052632,71.47368421052632,35.10526315789474,64.26315789473684,1137.3157894736842,1500.9473684210527,375.2368421052632,2308.673684210526,0.06359946476360392,0.39130062444246205
2343,59.473684210526315,67.6842105263158,67.6842105263158,32.0,68.78947368421052,1248.9473684210527,1421.3684210526317,355.3421052631579,2478.5526315789475,0.06022747546833185,0.4200936663693131
2344,49.89473684210526,80.6842105263158,80.6842105263158,40.05263157894737,61.63157894736842,1047.7894736842104,1694.3684210526317,423.5921052631579,2204.8342105263155,0.07179527207850134,0.373700713648528
2345,57.10526315789474,70.0,70.0,34.473684210526315,64.42105263157895,1199.2105263157896,1470.0,367.5,2406.1578947368425,0.06228813559322034,0.40782337198929536
2346,55.421052631578945,86.15789473684211,86.15789473684211,42.0,64.6842105263158,1163.842105263158,1809.3157894736844,452.3289473684211,2430.8605263157897,0.07666592328278324,0.41201025869759145
2347,53.73684210526316,68.36842105263158,68.36842105263158,33.73684210526316,58.10526315789474,1128.4736842105262,1435.7368421052631,358.9342105263158,2277.33947368421,0.06083630686886708,0.3859897413024085
2348,51.73684210526316,76.57894736842105,76.57894736842105,38.0,62.1578947368421,1086.4736842105262,1608.157894736842,402.0394736842105,2249.044736842105,0.06814228367528992,0.38119402319357715
2349,53.578947368421055,70.6842105263158,70.6842105263158,36.21052631578947,63.36842105263158,1125.157894736842,1484.3684210526317,371.0921052631579,2283.8605263157897,0.06289696699375558,0.3870950044603033
2350,53.63157894736842,77.94736842105263,77.94736842105263,37.8421052631579,58.1578947368421,1126.2631578947369,1636.8947368421052,409.2236842105263,2323.871052631579,0.06935994647636039,0.3938764495985727
2351,52.89473684210526,77.47368421052632,77.47368421052632,38.05263157894737,62.68421052631579,1110.7894736842104,1626.9473684210527,406.7368421052632,2295.078947368421,0.06893844781445138,0.3889964317573595
2352,50.0,71.05263157894737,71.05263157894737,34.473684210526315,60.578947368421055,1050.0,1492.1052631578948,373.0263157894737,2158.0263157894738,0.06322479928635147,0.36576717216770743
2353,55.89473684210526,80.26315789473684,80.26315789473684,38.73684210526316,60.63157894736842,1173.7894736842104,1685.5263157894735,421.3815789473684,2416.823684210526,0.07142060660124888,0.40963113291703834
2354,48.05263157894737,76.78947368421052,76.78947368421052,39.05263157894737,56.0,1009.1052631578948,1612.5789473684208,403.1447368421052,2118.6236842105263,0.06832961641391613,0.3590887600356824
2355,53.36842105263158,78.26315789473684,78.26315789473684,38.526315789473685,64.78947368421052,1120.7368421052631,1643.5263157894735,410.8815789473684,2316.1342105263157,0.06964094558429973,0.3925651204281891
2356,55.10526315789474,60.421052631578945,60.421052631578945,29.789473684210527,58.0,1157.2105263157896,1268.842105263158,317.2105263157895,2284.4684210526316,0.05376449598572703,0.38719803746654774
2357,54.10526315789474,76.52631578947368,76.52631578947368,38.578947368421055,59.89473684210526,1136.2105263157896,1607.0526315789473,401.7631578947368,2333.321052631579,0.06809545049063336,0.3954781445138269
2358,55.36842105263158,74.63157894736842,74.63157894736842,38.0,65.73684210526316,1162.7368421052631,1567.2631578947369,391.8157894736842,2368.4684210526316,0.06640945584299733,0.40143532560214096
2359,51.78947368421053,82.73684210526316,82.73684210526316,41.0,59.31578947368421,1087.578947368421,1737.4736842105265,434.3684210526316,2283.2526315789473,0.07362176628010705,0.3869919714540589
2360,52.473684210526315,76.0,76.0,37.421052631578945,63.1578947368421,1101.9473684210527,1596.0,399.0,2272.3105263157895,0.0676271186440678,0.38513737734165926
2361,61.78947368421053,74.15789473684211,74.15789473684211,35.21052631578947,71.10526315789474,1297.578947368421,1557.3157894736844,389.3289473684211,2595.213157894737,0.06598795718108832,0.43986663693131134
2362,60.1578947368421,75.89473684210526,75.89473684210526,37.63157894736842,72.42105263157895,1263.3157894736842,1593.7894736842104,398.4473684210526,2546.0842105263155,0.06753345227475469,0.43153969669937553
2363,50.94736842105263,79.78947368421052,79.78947368421052,40.1578947368421,62.94736842105263,1069.8947368421052,1675.5789473684208,418.8947368421052,2237.715789473684,0.07099910793933986,0.3792738626226583
2364,56.10526315789474,74.21052631578948,74.21052631578948,37.63157894736842,69.63157894736842,1178.2105263157896,1558.4210526315792,389.6052631578948,2392.563157894737,0.06603479036574487,0.4055191793041927
2365,47.26315789473684,81.94736842105263,81.94736842105263,42.421052631578945,58.473684210526315,992.5263157894736,1720.8947368421052,430.2236842105263,2117.5184210526313,0.07291926851025869,0.35890142729705615
2366,54.21052631578947,81.52631578947368,81.52631578947368,40.94736842105263,62.10526315789474,1138.421052631579,1712.0526315789473,428.0131578947368,2363.328947368421,0.07254460303300624,0.400564228367529
2367,56.63157894736842,74.26315789473684,74.26315789473684,36.68421052631579,74.10526315789474,1189.2631578947369,1559.5263157894735,389.8815789473684,2411.628947368421,0.06608162355040142,0.40875066904549506
2368,53.8421052631579,59.1578947368421,59.1578947368421,28.736842105263158,55.421052631578945,1130.6842105263158,1242.3157894736842,310.57894736842104,2232.742105263158,0.05264049955396967,0.37843086529884035
2369,56.421052631578945,72.73684210526316,72.73684210526316,36.0,64.63157894736842,1184.842105263158,1527.4736842105265,381.8684210526316,2396.1,0.06472346119536129,0.4061186440677966
2370,52.578947368421055,76.10526315789474,76.10526315789474,38.421052631578945,59.473684210526315,1104.157894736842,1598.2105263157896,399.5526315789474,2276.621052631579,0.06772078501338091,0.3858679750223015
2371,52.526315789473685,72.6842105263158,72.6842105263158,37.63157894736842,59.8421052631579,1103.0526315789473,1526.3684210526317,381.5921052631579,2256.781578947368,0.06467662801070473,0.38250535236396066
2372,47.31578947368421,81.21052631578948,81.21052631578948,43.21052631578947,52.68421052631579,993.6315789473684,1705.4210526315792,426.3552631578948,2115.528947368421,0.07226360392506692,0.358564228367529
2373,56.1578947368421,87.94736842105263,87.94736842105263,42.63157894736842,65.15789473684211,1179.3157894736842,1846.8947368421052,461.7236842105263,2466.5605263157895,0.07825825156110615,0.4180611061552186
2374,43.526315789473685,83.84210526315789,83.84210526315789,43.21052631578947,46.63157894736842,914.0526315789474,1760.6842105263156,440.1710526315789,1994.0605263157895,0.07460526315789473,0.33797636039250667
2375,52.26315789473684,76.26315789473684,76.26315789473684,37.89473684210526,62.73684210526316,1097.5263157894738,1601.5263157894735,400.3815789473684,2266.176315789474,0.06786128456735058,0.3840976806422837
2376,51.473684210526315,77.0,77.0,39.05263157894737,63.21052631578947,1080.9473684210527,1617.0,404.25,2241.8605263157897,0.06851694915254238,0.3799763603925067
2377,50.68421052631579,74.52631578947368,74.52631578947368,36.63157894736842,60.78947368421053,1064.3684210526314,1565.0526315789473,391.2631578947368,2200.68947368421,0.0663157894736842,0.37299821587867965
2378,52.31578947368421,70.6842105263158,70.6842105263158,35.0,57.26315789473684,1098.6315789473686,1484.3684210526317,371.0921052631579,2238.7657894736844,0.06289696699375558,0.3794518287243533
2379,54.94736842105263,83.10526315789474,83.10526315789474,41.1578947368421,64.94736842105263,1153.8947368421052,1745.2105263157896,436.3026315789474,2397.923684210526,0.07394959857270295,0.40642774308652985
2380,54.421052631578945,73.0,73.0,36.526315789473685,54.73684210526316,1142.842105263158,1533.0,383.25,2326.081578947368,0.06495762711864407,0.3942511150758251
2381,54.68421052631579,74.3157894736842,74.3157894736842,38.0,60.1578947368421,1148.3684210526314,1560.6315789473683,390.1578947368421,2342.3842105263157,0.06612845673505797,0.39701427297056197
2382,51.05263157894737,94.63157894736842,94.63157894736842,47.10526315789474,61.21052631578947,1072.1052631578948,1987.2631578947369,496.8157894736842,2319.3947368421054,0.08420606601248885,0.3931177520071365
2383,55.63157894736842,65.0,65.0,32.05263157894737,63.94736842105263,1168.2631578947369,1365.0,341.25,2327.297368421053,0.057838983050847455,0.39445718108831407
2384,56.63157894736842,71.36842105263158,71.36842105263158,36.578947368421055,66.21052631578948,1189.2631578947369,1498.7368421052631,374.6842105263158,2396.4315789473685,0.06350579839429081,0.4061748438893845
2385,55.578947368421055,75.05263157894737,75.05263157894737,36.78947368421053,68.94736842105263,1167.157894736842,1576.1052631578948,394.0263157894737,2378.194736842105,0.06678412132024977,0.40308385370205174
2386,56.31578947368421,80.15789473684211,80.15789473684211,42.05263157894737,59.05263157894737,1182.6315789473686,1683.3157894736844,420.8289473684211,2431.3026315789475,0.07132694023193578,0.4120851917930419
2387,53.421052631578945,78.89473684210526,78.89473684210526,40.21052631578947,64.42105263157895,1121.842105263158,1656.7894736842104,414.1973684210526,2321.328947368421,0.07020294380017841,0.39344558429973236
2388,49.1578947368421,74.78947368421052,74.78947368421052,37.526315789473685,56.10526315789474,1032.3157894736842,1570.5789473684208,392.6447368421052,2147.581578947368,0.06654995539696698,0.3639968777876895
2389,53.8421052631579,91.21052631578948,91.21052631578948,44.526315789473685,63.0,1130.6842105263158,1915.4210526315792,478.8552631578948,2401.0184210526318,0.08116190900981268,0.4069522747546834
2390,51.94736842105263,72.89473684210526,72.89473684210526,37.1578947368421,57.421052631578945,1090.8947368421052,1530.7894736842104,382.6973684210526,2237.2184210526316,0.06486396074933094,0.37918956289027655
2391,48.73684210526316,79.6842105263158,79.6842105263158,40.421052631578945,54.578947368421055,1023.4736842105264,1673.3684210526317,418.3421052631579,2158.2473684210527,0.07090544157002676,0.3658046387154327
2392,53.8421052631579,72.10526315789474,72.10526315789474,35.05263157894737,64.3157894736842,1130.6842105263158,1514.2105263157896,378.5526315789474,2300.7157894736843,0.06416146297948261,0.38995182872435324
2393,57.36842105263158,71.78947368421052,71.78947368421052,34.94736842105263,71.36842105263158,1204.7368421052631,1507.5789473684208,376.8947368421052,2424.9473684210525,0.06388046387154325,0.4110080285459411
2394,55.94736842105263,73.6842105263158,73.6842105263158,34.94736842105263,66.94736842105263,1174.8947368421052,1547.3684210526317,386.8421052631579,2384.1631578947367,0.0655664585191793,0.40409545049063333
2395,45.78947368421053,72.89473684210526,72.89473684210526,37.8421052631579,49.26315789473684,961.578947368421,1530.7894736842104,382.6973684210526,2017.3815789473683,0.06486396074933094,0.3419290811775201
2396,49.89473684210526,78.26315789473684,78.26315789473684,41.0,53.526315789473685,1047.7894736842104,1643.5263157894735,410.8815789473684,2192.123684210526,0.06964094558429973,0.3715463871543264
2397,46.63157894736842,72.21052631578948,72.21052631578948,37.10526315789474,55.1578947368421,979.2631578947368,1516.4210526315792,379.1052631578948,2043.8526315789472,0.06425512934879572,0.3464157002676182
2398,51.73684210526316,70.26315789473684,70.26315789473684,33.578947368421055,53.89473684210526,1086.4736842105262,1475.5263157894735,368.8815789473684,2215.886842105263,0.06252230151650312,0.37557404103479036
2399,56.1578947368421,76.15789473684211,76.15789473684211,38.73684210526316,59.94736842105263,1179.3157894736842,1599.3157894736844,399.8289473684211,2404.665789473684,0.06776761819803748,0.40757047279214986
2400,51.36842105263158,76.36842105263158,76.36842105263158,37.26315789473684,55.31578947368421,1078.7368421052631,1603.7368421052631,400.9342105263158,2234.786842105263,0.06795495093666369,0.3787774308652988
2401,50.8421052631579,75.47368421052632,75.47368421052632,38.63157894736842,55.26315789473684,1067.6842105263158,1584.9473684210527,396.2368421052632,2211.3,0.06715878679750223,0.37479661016949156
2402,53.10526315789474,78.15789473684211,78.15789473684211,37.1578947368421,59.05263157894737,1115.2105263157896,1641.3157894736844,410.3289473684211,2306.1868421052636,0.06954727921498663,0.39087912578055317
2403,56.473684210526315,72.3157894736842,72.3157894736842,36.578947368421055,62.8421052631579,1185.9473684210527,1518.6315789473683,379.6578947368421,2395.7684210526313,0.06434879571810882,0.4060624442462087
2404,46.0,74.42105263157895,74.42105263157895,38.26315789473684,49.36842105263158,966.0,1562.842105263158,390.7105263157895,2032.9105263157894,0.0662221231043711,0.34456110615521857
2405,47.94736842105263,77.57894736842105,77.57894736842105,40.578947368421055,49.8421052631579,1006.8947368421052,1629.157894736842,407.2894736842105,2119.0105263157893,0.0690321141837645,0.3591543264942016
2406,52.63157894736842,70.78947368421052,70.78947368421052,34.36842105263158,62.10526315789474,1105.2631578947369,1486.5789473684208,371.6447368421052,2250.592105263158,0.06299063336306868,0.3814562890276539
2407,54.68421052631579,72.84210526315789,72.84210526315789,34.68421052631579,60.421052631578945,1148.3684210526314,1529.6842105263156,382.4210526315789,2334.6473684210523,0.06481712756467439,0.39570294380017834
2408,47.26315789473684,74.26315789473684,74.26315789473684,38.1578947368421,49.21052631578947,992.5263157894736,1559.5263157894735,389.8815789473684,2077.1763157894734,0.06608162355040142,0.35206378233719887
2409,56.21052631578947,75.89473684210526,75.89473684210526,37.94736842105263,67.15789473684211,1180.421052631579,1593.7894736842104,398.4473684210526,2405.1631578947367,0.06753345227475469,0.40765477252453164
2410,53.0,76.36842105263158,76.36842105263158,40.0,57.21052631578947,1113.0,1603.7368421052631,400.9342105263158,2293.0342105263157,0.06795495093666369,0.38864986619090097
2411,51.94736842105263,84.6842105263158,84.6842105263158,43.05263157894737,62.526315789473685,1090.8947368421052,1778.3684210526317,444.5921052631579,2299.113157894737,0.07535459411239964,0.38968019625334527
2412,56.05263157894737,81.05263157894737,81.05263157894737,41.1578947368421,61.0,1177.1052631578948,1702.1052631578948,425.5263157894737,2426.6052631578946,0.07212310437109724,0.4112890276538804
2413,51.63157894736842,74.10526315789474,74.10526315789474,37.05263157894737,58.94736842105263,1084.2631578947369,1556.2105263157896,389.0526315789474,2232.3,0.06594112399643176,0.37835593220338987
2414,56.8421052631579,80.89473684210526,80.89473684210526,38.78947368421053,65.52631578947368,1193.6842105263158,1698.7894736842104,424.6973684210526,2453.9605263157896,0.07198260481712757,0.4159255129348796
2415,47.89473684210526,78.05263157894737,78.05263157894737,41.421052631578945,58.1578947368421,1005.7894736842104,1639.1052631578948,409.7763157894737,2119.618421052631,0.06945361284567352,0.35925735950044596
2416,44.73684210526316,77.10526315789474,77.10526315789474,39.05263157894737,47.68421052631579,939.4736842105264,1619.2105263157896,404.8026315789474,2001.907894736842,0.06861061552185549,0.3393064228367529
2417,58.421052631578945,77.89473684210526,77.89473684210526,37.526315789473685,67.47368421052632,1226.842105263158,1635.7894736842104,408.9473684210526,2494.578947368421,0.06931311329170384,0.4228099910793934
2418,54.1578947368421,69.26315789473684,69.26315789473684,34.78947368421053,62.1578947368421,1137.3157894736842,1454.5263157894735,363.6315789473684,2297.0684210526315,0.06163247100802854,0.3893336306868867
2419,55.10526315789474,69.57894736842105,69.57894736842105,35.0,67.21052631578948,1157.2105263157896,1461.157894736842,365.2894736842105,2332.547368421053,0.061913470115967886,0.39534701159678864
2420,55.05263157894737,80.10526315789474,80.10526315789474,39.21052631578947,61.63157894736842,1156.1052631578948,1682.2105263157896,420.5526315789474,2385.9315789473685,0.07128010704727922,0.40439518287243537
2421,53.10526315789474,80.42105263157895,80.42105263157895,42.10526315789474,62.05263157894737,1115.2105263157896,1688.842105263158,422.2105263157895,2318.068421052632,0.07156110615521856,0.39289295272078506
2422,46.78947368421053,85.42105263157895,85.42105263157895,43.89473684210526,48.1578947368421,982.578947368421,1793.842105263158,448.4605263157895,2118.8447368421052,0.07601025869759144,0.35912622658340765
2423,50.26315789473684,73.42105263157895,73.42105263157895,36.21052631578947,56.473684210526315,1055.5263157894738,1541.842105263158,385.4605263157895,2179.855263157895,0.06533229259589653,0.3694669937555754
2424,58.21052631578947,68.10526315789474,68.10526315789474,33.73684210526316,66.10526315789474,1222.421052631579,1430.2105263157896,357.5526315789474,2435.668421052632,0.060602140945584304,0.41282515611061554
2425,50.21052631578947,78.47368421052632,78.47368421052632,39.578947368421055,56.10526315789474,1054.421052631579,1647.9473684210527,411.9868421052632,2204.5026315789473,0.06982827832292596,0.37364451382694025
2426,56.94736842105263,68.63157894736842,68.63157894736842,34.0,69.15789473684211,1195.8947368421052,1441.2631578947369,360.3157894736842,2393.3368421052633,0.06107047279214987,0.40565031222123105
2427,55.36842105263158,70.15789473684211,70.15789473684211,36.578947368421055,62.578947368421055,1162.7368421052631,1473.3157894736844,368.3289473684211,2344.9815789473682,0.06242863514719001,0.3974545049063336
2428,51.473684210526315,71.21052631578948,71.21052631578948,36.10526315789474,64.57894736842105,1080.9473684210527,1495.4210526315792,373.8552631578948,2211.4657894736843,0.06336529884032115,0.37482471008028545
2429,54.473684210526315,76.63157894736842,76.63157894736842,38.63157894736842,60.1578947368421,1143.9473684210527,1609.2631578947369,402.3157894736842,2347.0263157894738,0.06818911685994648,0.3978010704727922
2430,50.1578947368421,81.84210526315789,81.84210526315789,40.94736842105263,58.0,1053.3157894736842,1718.6842105263156,429.6710526315789,2220.3078947368417,0.07282560214094558,0.3763233719892952
2431,50.63157894736842,70.89473684210526,70.89473684210526,35.421052631578945,58.473684210526315,1063.2631578947369,1488.7894736842104,372.1973684210526,2179.7447368421053,0.06308429973238179,0.36944826048171275
2432,51.21052631578947,76.84210526315789,76.84210526315789,37.473684210526315,58.89473684210526,1075.421052631579,1613.6842105263156,403.4210526315789,2231.636842105263,0.0683764495985727,0.3782435325602141
2433,57.8421052631579,73.15789473684211,73.15789473684211,35.1578947368421,71.26315789473684,1214.6842105263158,1536.3157894736844,384.0789473684211,2449.042105263158,0.06509812667261375,0.4150918822479929
2434,44.10526315789474,74.0,74.0,38.10526315789474,53.94736842105263,926.2105263157896,1554.0,388.5,1963.0578947368422,0.06584745762711865,0.33272167707404104
2435,56.26315789473684,73.21052631578948,73.21052631578948,37.0,66.73684210526316,1181.5263157894738,1537.4210526315792,384.3552631578948,2392.95,0.0651449598572703,0.4055847457627118
2436,50.8421052631579,75.26315789473684,75.26315789473684,37.473684210526315,61.73684210526316,1067.6842105263158,1580.5263157894735,395.1315789473684,2210.194736842105,0.066971454058876,0.3746092774308653
2437,49.526315789473685,76.21052631578948,76.21052631578948,38.0,62.0,1040.0526315789473,1600.4210526315792,400.1052631578948,2168.194736842105,0.06781445138269403,0.3674906333630687
2438,56.526315789473685,77.05263157894737,77.05263157894737,38.421052631578945,60.73684210526316,1187.0526315789473,1618.1052631578948,404.5263157894737,2422.515789473684,0.06856378233719893,0.4105958965209634
2439,44.73684210526316,80.21052631578948,80.21052631578948,41.31578947368421,54.63157894736842,939.4736842105264,1684.4210526315792,421.1052631578948,2018.2105263157896,0.07137377341659233,0.34206958073148974
2440,52.10526315789474,85.36842105263158,85.36842105263158,41.73684210526316,63.26315789473684,1094.2105263157896,1792.7368421052631,448.1842105263158,2308.342105263158,0.07596342551293488,0.3912444246208742
2441,51.578947368421055,83.26315789473684,83.26315789473684,41.526315789473685,55.473684210526315,1083.157894736842,1748.5263157894735,437.1315789473684,2278.5,0.07409009812667261,0.3861864406779661
2442,61.31578947368421,73.52631578947368,73.52631578947368,35.89473684210526,77.6842105263158,1287.6315789473686,1544.0526315789473,386.0131578947368,2574.9868421052633,0.06542595896520963,0.4364384478144514
2443,46.36842105263158,86.89473684210526,86.89473684210526,43.26315789473684,53.89473684210526,973.7368421052632,1824.7894736842104,456.1973684210526,2111.55,0.07732158786797502,0.3578898305084746
2444,56.78947368421053,67.89473684210526,67.89473684210526,33.26315789473684,65.10526315789474,1192.578947368421,1425.7894736842104,356.4473684210526,2383.831578947368,0.06041480820695807,0.40403925066904545
2445,60.73684210526316,80.15789473684211,80.15789473684211,37.473684210526315,68.57894736842105,1275.4736842105262,1683.3157894736844,420.8289473684211,2589.1342105263157,0.07132694023193578,0.43883630686886704
2446,60.68421052631579,77.47368421052632,77.47368421052632,38.68421052631579,71.94736842105263,1274.3684210526314,1626.9473684210527,406.7368421052632,2573.1631578947367,0.06893844781445138,0.4361293487957181
2447,51.8421052631579,71.52631578947368,71.52631578947368,34.31578947368421,64.63157894736842,1088.6842105263158,1502.0526315789473,375.5131578947368,2226.2763157894738,0.06364629794826047,0.3773349687778769
2448,49.05263157894737,65.52631578947368,65.52631578947368,31.68421052631579,57.36842105263158,1030.1052631578948,1376.0526315789473,344.0131578947368,2095.192105263158,0.05830731489741302,0.3551173059768064
2449,50.63157894736842,69.0,69.0,36.05263157894737,57.05263157894737,1063.2631578947369,1449.0,362.25,2169.797368421053,0.06139830508474576,0.36776226583407673
2450,48.63157894736842,69.42105263157895,69.42105263157895,35.10526315789474,59.05263157894737,1021.2631578947368,1457.842105263158,364.4605263157895,2100.607894736842,0.061772970561998215,0.3560352363960749
2451,49.1578947368421,82.52631578947368,82.52631578947368,41.68421052631579,56.78947368421053,1032.3157894736842,1733.0526315789473,433.2631578947368,2188.2,0.07343443354148081,0.37088135593220334
2452,46.94736842105263,68.15789473684211,68.15789473684211,35.526315789473685,53.73684210526316,985.8947368421052,1431.3157894736844,357.8289473684211,2033.85,0.06064897413024086,0.3447203389830508
2453,54.36842105263158,78.10526315789474,78.10526315789474,38.73684210526316,61.1578947368421,1141.7368421052631,1640.2105263157896,410.0526315789474,2351.0052631578947,0.06950044603033007,0.39847546833184655
2454,53.1578947368421,81.26315789473684,81.26315789473684,40.31578947368421,60.68421052631579,1116.3157894736842,1706.5263157894735,426.6315789473684,2324.3684210526317,0.07231043710972346,0.39396074933095454
2455,50.21052631578947,75.15789473684211,75.15789473684211,38.36842105263158,54.68421052631579,1054.421052631579,1578.3157894736844,394.5789473684211,2187.0947368421052,0.0668777876895629,0.37069402319357714
2456,47.21052631578947,79.57894736842105,79.57894736842105,40.21052631578947,54.421052631578945,991.421052631579,1671.157894736842,417.7894736842105,2103.205263157895,0.07081177520071365,0.3564754683318466
2457,52.1578947368421,75.57894736842105,75.57894736842105,37.36842105263158,61.421052631578945,1095.3157894736842,1587.157894736842,396.7894736842105,2258.8263157894735,0.06725245316681534,0.3828519179304192
2458,57.78947368421053,72.0,72.0,35.78947368421053,69.05263157894737,1213.578947368421,1512.0,378.0,2441.084210526316,0.0640677966101695,0.41374308652988406
2459,49.578947368421055,83.26315789473684,83.26315789473684,41.89473684210526,61.73684210526316,1041.157894736842,1748.5263157894735,437.1315789473684,2207.1,0.07409009812667261,0.37408474576271183
2460,47.73684210526316,84.6842105263158,84.6842105263158,41.89473684210526,59.78947368421053,1002.4736842105264,1778.3684210526317,444.5921052631579,2148.797368421053,0.07535459411239964,0.3642029438001784
2461,55.8421052631579,73.57894736842105,73.57894736842105,36.05263157894737,70.21052631578948,1172.6842105263158,1545.157894736842,386.2894736842105,2379.8526315789472,0.06547279214986619,0.40336485280999107
2462,49.31578947368421,82.42105263157895,82.42105263157895,41.63157894736842,51.31578947368421,1035.6315789473686,1730.842105263158,432.7105263157895,2193.2842105263157,0.07334076717216771,0.371743086529884
2463,49.94736842105263,69.36842105263158,69.36842105263158,36.05263157894737,60.31578947368421,1048.8947368421052,1456.7368421052631,364.1842105263158,2147.3052631578944,0.06172613737734166,0.36395004460303293
2464,51.578947368421055,69.78947368421052,69.78947368421052,34.68421052631579,56.526315789473685,1083.157894736842,1465.5789473684208,366.3947368421052,2207.7631578947367,0.0621008028545941,0.37419714540588755
2465,55.26315789473684,70.3157894736842,70.3157894736842,36.21052631578947,64.15789473684211,1160.5263157894738,1476.6315789473683,369.1578947368421,2342.0526315789475,0.06256913470115967,0.39695807314897413
2466,55.421052631578945,70.15789473684211,70.15789473684211,36.36842105263158,62.78947368421053,1163.842105263158,1473.3157894736844,368.3289473684211,2346.8605263157897,0.06242863514719001,0.39777297056199823
2467,52.526315789473685,79.57894736842105,79.57894736842105,40.526315789473685,64.73684210526316,1103.0526315789473,1671.157894736842,417.7894736842105,2292.978947368421,0.07081177520071365,0.3886404995539696
2468,47.63157894736842,73.52631578947368,73.52631578947368,38.421052631578945,59.94736842105263,1000.2631578947368,1544.0526315789473,386.0131578947368,2086.460526315789,0.06542595896520963,0.3536373773416592
2469,51.1578947368421,66.6842105263158,66.6842105263158,32.94736842105263,57.31578947368421,1074.3157894736842,1400.3684210526317,350.0921052631579,2176.428947368421,0.05933764495985727,0.3688862622658341
2470,55.10526315789474,75.6842105263158,75.6842105263158,39.73684210526316,61.473684210526315,1157.2105263157896,1589.3684210526317,397.3421052631579,2364.6000000000004,0.06734611953612846,0.40077966101694923
2471,47.68421052631579,81.21052631578948,81.21052631578948,41.8421052631579,50.63157894736842,1001.3684210526316,1705.4210526315792,426.3552631578948,2128.6815789473685,0.07226360392506692,0.3607934879571811
2472,55.578947368421055,62.31578947368421,62.31578947368421,30.526315789473685,62.21052631578947,1167.157894736842,1308.6315789473686,327.15789473684214,2311.3263157894735,0.055450490633363075,0.391750223015165
2473,50.94736842105263,84.78947368421052,84.78947368421052,42.05263157894737,59.10526315789474,1069.8947368421052,1780.5789473684208,445.1447368421052,2263.965789473684,0.07544826048171274,0.38372301516503116
2474,52.89473684210526,76.3157894736842,76.3157894736842,39.526315789473685,54.8421052631579,1110.7894736842104,1602.6315789473683,400.6578947368421,2289.0,0.06790811775200713,0.38796610169491524
2475,54.68421052631579,70.52631578947368,70.52631578947368,35.31578947368421,60.0,1148.3684210526314,1481.0526315789473,370.2631578947368,2322.48947368421,0.0627564674397859,0.39364228367528986
2476,50.473684210526315,77.0,77.0,39.31578947368421,56.421052631578945,1059.9473684210527,1617.0,404.25,2206.16052631579,0.06851694915254238,0.37392551293487963
2477,54.1578947368421,70.89473684210526,70.89473684210526,34.78947368421053,63.526315789473685,1137.3157894736842,1488.7894736842104,372.1973684210526,2305.6342105263157,0.06308429973238179,0.39078545941123993
2478,48.94736842105263,74.52631578947368,74.52631578947368,36.8421052631579,60.473684210526315,1027.8947368421052,1565.0526315789473,391.2631578947368,2138.6842105263154,0.0663157894736842,0.36248884924174835
2479,50.473684210526315,79.3157894736842,79.3157894736842,39.89473684210526,60.94736842105263,1059.9473684210527,1665.6315789473683,416.4078947368421,2218.3184210526315,0.07057760927743086,0.37598617305976806
2480,53.68421052631579,65.57894736842105,65.57894736842105,30.842105263157894,60.36842105263158,1127.3684210526314,1377.157894736842,344.2894736842105,2260.8157894736837,0.05835414808206958,0.3831891168599464
2481,54.94736842105263,86.36842105263158,86.36842105263158,42.8421052631579,66.52631578947368,1153.8947368421052,1813.7368421052631,453.4342105263158,2415.0552631578944,0.07685325602140945,0.4093314005352363
2482,46.63157894736842,82.42105263157895,82.42105263157895,42.0,49.26315789473684,979.2631578947368,1730.842105263158,432.7105263157895,2097.457894736842,0.07334076717216771,0.35550133809099016
2483,55.73684210526316,70.0,70.0,33.421052631578945,58.73684210526316,1170.4736842105262,1470.0,367.5,2357.305263157895,0.06228813559322034,0.3995432649420161
2484,52.0,74.78947368421052,74.78947368421052,38.31578947368421,60.21052631578947,1092.0,1570.5789473684208,392.6447368421052,2249.044736842105,0.06654995539696698,0.38119402319357715
2485,53.0,77.47368421052632,77.47368421052632,38.05263157894737,59.8421052631579,1113.0,1626.9473684210527,406.7368421052632,2298.8368421052633,0.06893844781445138,0.3896333630686887
2486,53.68421052631579,67.63157894736842,67.63157894736842,33.8421052631579,60.73684210526316,1127.3684210526314,1420.2631578947369,355.0657894736842,2271.5921052631575,0.06018064228367529,0.38501561106155213
2487,49.89473684210526,76.21052631578948,76.21052631578948,40.8421052631579,52.05263157894737,1047.7894736842104,1600.4210526315792,400.1052631578948,2181.347368421052,0.06781445138269403,0.3697198929527207
2488,63.10526315789474,66.42105263157895,66.42105263157895,33.63157894736842,72.26315789473684,1325.2105263157896,1394.842105263158,348.7105263157895,2601.568421052632,0.05910347903657449,0.44094380017841217
2489,56.10526315789474,72.73684210526316,72.73684210526316,35.578947368421055,65.57894736842105,1178.2105263157896,1527.4736842105265,381.8684210526316,2384.826315789474,0.06472346119536129,0.40420785013380917
2490,47.68421052631579,76.63157894736842,76.63157894736842,39.578947368421055,51.578947368421055,1001.3684210526316,1609.2631578947369,402.3157894736842,2104.642105263158,0.06818911685994648,0.3567190008920607
2491,48.10526315789474,82.57894736842105,82.57894736842105,41.36842105263158,56.526315789473685,1010.2105263157896,1734.157894736842,433.5394736842105,2150.8973684210528,0.07348126672613738,0.3645588760035683
2492,54.68421052631579,74.21052631578948,74.21052631578948,37.68421052631579,68.3157894736842,1148.3684210526314,1558.4210526315792,389.6052631578948,2341.831578947368,0.06603479036574487,0.39692060660124884
2493,50.421052631578945,84.47368421052632,84.47368421052632,43.578947368421055,58.421052631578945,1058.842105263158,1773.9473684210527,443.4868421052632,2243.5184210526318,0.07516726137377341,0.38025735950044603
2494,47.1578947368421,78.63157894736842,78.63157894736842,38.578947368421055,57.94736842105263,990.3157894736842,1651.2631578947369,412.8157894736842,2096.3526315789472,0.06996877787689564,0.35531400535236396
2495,53.36842105263158,82.47368421052632,82.47368421052632,42.63157894736842,62.26315789473684,1120.7368421052631,1731.9473684210527,432.9868421052632,2338.2394736842107,0.07338760035682426,0.3963117752007137
2496,51.21052631578947,78.6842105263158,78.6842105263158,38.78947368421053,63.21052631578947,1075.421052631579,1652.3684210526317,413.0921052631579,2241.307894736842,0.07001561106155219,0.3798826940231936
2497,51.526315789473685,83.73684210526316,83.73684210526316,41.1578947368421,64.15789473684211,1082.0526315789473,1758.4736842105265,439.6184210526316,2279.107894736842,0.07451159678858163,0.3862894736842105
2498,54.0,82.21052631578948,82.21052631578948,41.10526315789474,61.31578947368421,1134.0,1726.4210526315792,431.6052631578948,2359.4052631578948,0.0731534344335415,0.3998991971454059
2499,57.1578947368421,60.73684210526316,60.73684210526316,29.63157894736842,62.31578947368421,1200.3157894736842,1275.4736842105262,318.86842105263156,2359.4052631578948,0.054045495093666365,0.3998991971454059
2500,56.0,77.3157894736842,77.3157894736842,36.8421052631579,63.36842105263158,1176.0,1623.6315789473683,405.9078947368421,2405.1078947368424,0.0687979482604817,0.4076454058876004
2501,53.8421052631579,87.3157894736842,87.3157894736842,43.05263157894737,57.78947368421053,1130.6842105263158,1833.6315789473683,458.4078947368421,2380.571052631579,0.07769625334522746,0.4034866190900981
2502,49.26315789473684,76.10526315789474,76.10526315789474,38.421052631578945,58.73684210526316,1034.5263157894738,1598.2105263157896,399.5526315789474,2158.2473684210527,0.06772078501338091,0.3658046387154327
2503,43.526315789473685,78.42105263157895,78.42105263157895,41.05263157894737,47.21052631578947,914.0526315789474,1646.842105263158,411.7105263157895,1965.6,0.06978144513826941,0.33315254237288133
2504,51.8421052631579,71.89473684210526,71.89473684210526,35.473684210526315,57.578947368421055,1088.6842105263158,1509.7894736842104,377.4473684210526,2228.2105263157896,0.06397413024085637,0.3776628010704728
2505,56.0,69.47368421052632,69.47368421052632,35.473684210526315,62.526315789473685,1176.0,1458.9473684210527,364.7368421052632,2363.936842105263,0.06181980374665478,0.4006672613737734
2506,47.10526315789474,77.10526315789474,77.10526315789474,39.94736842105263,55.473684210526315,989.2105263157896,1619.2105263157896,404.8026315789474,2086.4605263157896,0.06861061552185549,0.35363737734165923
2507,50.473684210526315,83.52631578947368,83.52631578947368,43.526315789473685,58.73684210526316,1059.9473684210527,1754.0526315789473,438.5131578947368,2240.4236842105265,0.07432426404995539,0.3797328278322926
2508,54.10526315789474,76.89473684210526,76.89473684210526,40.1578947368421,58.21052631578947,1136.2105263157896,1614.7894736842104,403.6973684210526,2335.2552631578947,0.06842328278322926,0.3958059768064228
2509,54.21052631578947,75.15789473684211,75.15789473684211,38.31578947368421,64.6842105263158,1138.421052631579,1578.3157894736844,394.5789473684211,2329.8947368421054,0.0668777876895629,0.39489741302408565
2510,45.0,79.15789473684211,79.15789473684211,41.26315789473684,51.63157894736842,945.0,1662.3157894736844,415.5789473684211,2022.078947368421,0.0704371097234612,0.3427252453166815
2511,58.36842105263158,66.52631578947368,66.52631578947368,32.68421052631579,71.0,1225.7368421052631,1397.0526315789473,349.2631578947368,2433.015789473684,0.059197145405887594,0.41237555753791255
2512,45.578947368421055,81.89473684210526,81.89473684210526,41.1578947368421,48.68421052631579,957.1578947368422,1719.7894736842104,429.9473684210526,2057.1157894736843,0.07287243532560214,0.34866369313113293
2513,62.63157894736842,73.42105263157895,73.42105263157895,35.31578947368421,74.0,1315.2631578947369,1541.842105263158,385.4605263157895,2621.407894736842,0.06533229259589653,0.44430642283675287
2514,53.63157894736842,65.36842105263158,65.36842105263158,33.89473684210526,62.68421052631579,1126.2631578947369,1372.7368421052631,343.1842105263158,2257.831578947368,0.058166815343443354,0.3826833184656556
2515,49.526315789473685,74.42105263157895,74.42105263157895,37.10526315789474,53.78947368421053,1040.0526315789473,1562.842105263158,390.7105263157895,2158.7999999999997,0.0662221231043711,0.3658983050847457
2516,51.10526315789474,78.21052631578948,78.21052631578948,40.578947368421055,57.1578947368421,1073.2105263157896,1642.4210526315792,410.6052631578948,2235.063157894737,0.06959411239964318,0.3788242640499554
2517,47.63157894736842,78.84210526315789,78.84210526315789,37.94736842105263,61.10526315789474,1000.2631578947368,1655.6842105263156,413.9210526315789,2114.368421052631,0.07015611061552185,0.3583675289919714
2518,50.1578947368421,83.0,83.0,42.526315789473685,57.68421052631579,1053.3157894736842,1743.0,435.75,2226.386842105263,0.07385593220338983,0.3773537020517395
2519,51.05263157894737,83.26315789473684,83.26315789473684,43.05263157894737,53.421052631578945,1072.1052631578948,1748.5263157894735,437.1315789473684,2259.7105263157896,0.07409009812667261,0.38300178412132024
2520,50.473684210526315,69.84210526315789,69.84210526315789,35.68421052631579,63.526315789473685,1059.9473684210527,1466.6842105263156,366.6710526315789,2168.5815789473686,0.062147636039250664,0.3675561998215879
2521,47.94736842105263,82.36842105263158,82.36842105263158,40.31578947368421,63.73684210526316,1006.8947368421052,1729.7368421052631,432.4342105263158,2144.1552631578948,0.07329393398751115,0.3634161462979483
2522,50.26315789473684,72.15789473684211,72.15789473684211,36.94736842105263,50.94736842105263,1055.5263157894738,1515.3157894736844,378.8289473684211,2173.2236842105267,0.06420829616413917,0.3683429973238181
2523,49.78947368421053,76.05263157894737,76.05263157894737,40.0,57.421052631578945,1045.578947368421,1597.1052631578948,399.2763157894737,2176.7605263157893,0.06767395182872435,0.36894246208742193
2524,55.0,69.78947368421052,69.78947368421052,35.1578947368421,63.63157894736842,1155.0,1465.5789473684208,366.3947368421052,2329.894736842105,0.0621008028545941,0.3948974130240856
2525,53.63157894736842,80.36842105263158,80.36842105263158,38.78947368421053,62.63157894736842,1126.2631578947369,1687.7368421052631,421.9342105263158,2336.581578947368,0.071514272970562,0.39603077609277426
2526,60.0,71.52631578947368,71.52631578947368,35.05263157894737,67.15789473684211,1260.0,1502.0526315789473,375.5131578947368,2517.5131578947367,0.06364629794826047,0.42669714540588755
2527,48.0,68.6842105263158,68.6842105263158,34.1578947368421,54.1578947368421,1008.0,1442.3684210526317,360.5921052631579,2074.192105263158,0.061117305976806424,0.3515579839429081
2528,46.10526315789474,74.89473684210526,74.89473684210526,38.473684210526315,59.78947368421053,968.2105263157896,1572.7894736842104,393.1973684210526,2039.1552631578948,0.0666436217662801,0.34561953612845675
2529,58.21052631578947,71.52631578947368,71.52631578947368,34.73684210526316,64.47368421052632,1222.421052631579,1502.0526315789473,375.5131578947368,2453.628947368421,0.06364629794826047,0.41586931311329167
2530,57.63157894736842,70.47368421052632,70.47368421052632,33.63157894736842,71.47368421052632,1210.2631578947369,1479.9473684210527,369.9868421052632,2427.434210526316,0.06270963425512935,0.41142952720785014
2531,46.473684210526315,80.73684210526316,80.73684210526316,40.473684210526315,58.421052631578945,975.9473684210526,1695.4736842105265,423.8684210526316,2082.978947368421,0.0718421052631579,0.3530472792149866
2532,48.526315789473685,82.94736842105263,82.94736842105263,41.68421052631579,59.26315789473684,1019.0526315789474,1741.8947368421052,435.4736842105263,2167.863157894737,0.07380909901873327,0.36743443354148086
2533,49.31578947368421,83.52631578947368,83.52631578947368,42.421052631578945,56.526315789473685,1035.6315789473686,1754.0526315789473,438.5131578947368,2199.0868421052633,0.07432426404995539,0.37272658340767173
2534,48.421052631578945,71.73684210526316,71.73684210526316,36.21052631578947,57.21052631578947,1016.8421052631578,1506.4736842105265,376.6184210526316,2105.25,0.06383363068688672,0.3568220338983051
2535,54.05263157894737,89.05263157894737,89.05263157894737,44.31578947368421,68.05263157894737,1135.1052631578948,1870.1052631578948,467.5263157894737,2397.205263157895,0.07924174843889385,0.4063059768064229
2536,56.526315789473685,74.47368421052632,74.47368421052632,36.0,71.36842105263158,1187.0526315789473,1563.9473684210527,390.9868421052632,2408.9763157894736,0.06626895628902765,0.4083010704727921
2537,49.10526315789474,75.52631578947368,75.52631578947368,37.68421052631579,63.10526315789474,1031.2105263157896,1586.0526315789473,396.5131578947368,2149.571052631579,0.06720561998215878,0.36433407671721674
2538,51.10526315789474,76.26315789473684,76.26315789473684,39.26315789473684,60.0,1073.2105263157896,1601.5263157894735,400.3815789473684,2224.8394736842106,0.06786128456735058,0.37709143621766283
2539,49.578947368421055,70.10526315789474,70.10526315789474,35.26315789473684,55.94736842105263,1041.157894736842,1472.2105263157896,368.0526315789474,2138.021052631579,0.062381801962533456,0.36237644959857274
2540,51.89473684210526,68.57894736842105,68.57894736842105,34.73684210526316,60.73684210526316,1089.7894736842104,1440.157894736842,360.0394736842105,2212.681578947368,0.06102363960749331,0.37503077609277424
2541,51.78947368421053,78.26315789473684,78.26315789473684,39.31578947368421,60.10526315789474,1087.578947368421,1643.5263157894735,410.8815789473684,2259.765789473684,0.06964094558429973,0.38301115075825154
2542,54.05263157894737,70.42105263157895,70.42105263157895,35.63157894736842,56.89473684210526,1135.1052631578948,1478.842105263158,369.7105263157895,2299.3894736842108,0.0626628010704728,0.3897270294380018
2543,56.94736842105263,71.05263157894737,71.05263157894737,34.89473684210526,71.52631578947368,1195.8947368421052,1492.1052631578948,373.0263157894737,2406.0473684210524,0.06322479928635147,0.4078046387154326
2544,51.31578947368421,72.84210526315789,72.84210526315789,37.0,59.578947368421055,1077.6315789473686,1529.6842105263156,382.4210526315789,2214.3947368421054,0.06481712756467439,0.375321141837645
2545,53.36842105263158,72.21052631578948,72.21052631578948,35.10526315789474,63.526315789473685,1120.7368421052631,1516.4210526315792,379.1052631578948,2284.3578947368424,0.06425512934879572,0.38717930419268515
2546,53.89473684210526,77.63157894736842,77.63157894736842,37.73684210526316,61.63157894736842,1131.7894736842104,1630.2631578947369,407.5657894736842,2331.607894736842,0.06907894736842106,0.3951877787689563
2547,51.21052631578947,71.36842105263158,71.36842105263158,37.0,60.26315789473684,1075.421052631579,1498.7368421052631,374.6842105263158,2202.9,0.06350579839429081,0.3733728813559322
2548,51.63157894736842,69.6842105263158,69.6842105263158,34.421052631578945,58.421052631578945,1084.2631578947369,1463.3684210526317,365.8421052631579,2209.0894736842106,0.062007136485281,0.3744219446922391
2549,50.1578947368421,83.0,83.0,41.63157894736842,55.36842105263158,1053.3157894736842,1743.0,435.75,2226.386842105263,0.07385593220338983,0.3773537020517395
2550,46.578947368421055,79.21052631578948,79.21052631578948,40.94736842105263,52.526315789473685,978.1578947368422,1663.4210526315792,415.8552631578948,2078.7236842105267,0.07048394290811776,0.3523260481712757
2551,57.31578947368421,75.3157894736842,75.3157894736842,36.526315789473685,65.52631578947368,1203.6315789473686,1581.6315789473683,395.4078947368421,2441.5815789473686,0.06701828724353255,0.41382738626226584
2552,47.10526315789474,76.52631578947368,76.52631578947368,37.473684210526315,56.73684210526316,989.2105263157896,1607.0526315789473,401.7631578947368,2083.421052631579,0.06809545049063336,0.35312221231043717
2553,46.8421052631579,87.10526315789474,87.10526315789474,45.63157894736842,57.68421052631579,983.6842105263158,1829.2105263157896,457.3026315789474,2129.565789473684,0.07750892060660125,0.36094335414808204
2554,47.526315789473685,68.84210526315789,68.84210526315789,35.8421052631579,51.73684210526316,998.0526315789474,1445.6842105263156,361.4210526315789,2058.1105263157892,0.06125780553077609,0.3488322925958965
2555,53.10526315789474,81.10526315789474,81.10526315789474,41.421052631578945,64.10526315789474,1115.2105263157896,1703.2105263157896,425.8026315789474,2321.66052631579,0.0721699375557538,0.3935017841213203
2556,55.36842105263158,76.78947368421052,76.78947368421052,39.10526315789474,63.94736842105263,1162.7368421052631,1612.5789473684208,403.1447368421052,2379.7973684210524,0.06832961641391613,0.4033554861730597
2557,54.473684210526315,76.10526315789474,76.10526315789474,37.578947368421055,65.47368421052632,1143.9473684210527,1598.2105263157896,399.5526315789474,2344.263157894737,0.06772078501338091,0.39733273862622664
2558,51.8421052631579,74.84210526315789,74.84210526315789,36.63157894736842,59.63157894736842,1088.6842105263158,1571.6842105263156,392.9210526315789,2243.684210526316,0.06659678858162354,0.38028545941124
2559,51.36842105263158,69.36842105263158,69.36842105263158,37.1578947368421,67.78947368421052,1078.7368421052631,1456.7368421052631,364.1842105263158,2198.036842105263,0.06172613737734166,0.37254861730597677
2560,43.89473684210526,82.94736842105263,82.94736842105263,43.94736842105263,51.73684210526316,921.7894736842104,1741.8947368421052,435.4736842105263,2002.515789473684,0.07380909901873327,0.3394094558429973
2561,50.10526315789474,62.26315789473684,62.26315789473684,31.31578947368421,57.10526315789474,1052.2105263157896,1307.5263157894738,326.88157894736844,2115.6394736842108,0.05540365744870652,0.35858296164139164
2562,53.473684210526315,79.15789473684211,79.15789473684211,38.473684210526315,58.26315789473684,1122.9473684210527,1662.3157894736844,415.5789473684211,2324.5894736842106,0.0704371097234612,0.3939982158786798
2563,47.94736842105263,74.63157894736842,74.63157894736842,40.10526315789474,54.68421052631579,1006.8947368421052,1567.2631578947369,391.8157894736842,2103.536842105263,0.06640945584299733,0.3565316681534344
2564,48.63157894736842,77.47368421052632,77.47368421052632,40.31578947368421,52.26315789473684,1021.2631578947368,1626.9473684210527,406.7368421052632,2142.8842105263157,0.06893844781445138,0.3632007136485281
2565,59.05263157894737,64.26315789473684,64.26315789473684,33.10526315789474,64.47368421052632,1240.1052631578948,1349.5263157894735,337.3815789473684,2445.5605263157895,0.05718331846565566,0.41450178412132027
2566,48.421052631578945,73.84210526315789,73.84210526315789,36.21052631578947,51.526315789473685,1016.8421052631578,1550.6842105263156,387.6710526315789,2116.302631578947,0.06570695807314897,0.3586953612845673
2567,62.10526315789474,77.3157894736842,77.3157894736842,35.63157894736842,76.15789473684211,1304.2105263157896,1623.6315789473683,405.9078947368421,2623.065789473684,0.0687979482604817,0.44458742194469225
2568,51.78947368421053,74.36842105263158,74.36842105263158,38.0,58.21052631578947,1087.578947368421,1561.7368421052631,390.4342105263158,2239.3184210526315,0.06617528991971454,0.37954549509366636
2569,59.0,68.0,68.0,32.526315789473685,65.21052631578948,1239.0,1428.0,357.0,2463.2999999999997,0.06050847457627118,0.41750847457627116
2570,51.94736842105263,74.3157894736842,74.3157894736842,35.68421052631579,61.473684210526315,1090.8947368421052,1560.6315789473683,390.1578947368421,2244.678947368421,0.06612845673505797,0.3804540588760036
2571,44.36842105263158,77.05263157894737,77.05263157894737,37.1578947368421,48.526315789473685,931.7368421052632,1618.1052631578948,404.5263157894737,1988.4789473684211,0.06856378233719893,0.33703033006244426
2572,45.63157894736842,80.47368421052632,80.47368421052632,41.0,50.94736842105263,958.2631578947368,1689.9473684210527,422.4868421052632,2051.5342105263157,0.07160793933987511,0.34771766280107047
2573,49.26315789473684,76.21052631578948,76.21052631578948,37.89473684210526,63.31578947368421,1034.5263157894738,1600.4210526315792,400.1052631578948,2158.8,0.06781445138269403,0.3658983050847458
2574,54.63157894736842,74.63157894736842,74.63157894736842,37.578947368421055,63.36842105263158,1147.2631578947369,1567.2631578947369,391.8157894736842,2342.1631578947367,0.06640945584299733,0.3969768064228367
2575,55.1578947368421,79.63157894736842,79.63157894736842,38.89473684210526,60.73684210526316,1158.3157894736842,1672.2631578947369,418.0657894736842,2387.202631578947,0.07085860838537021,0.40461061552185545
2576,46.78947368421053,77.6842105263158,77.6842105263158,41.10526315789474,47.78947368421053,982.578947368421,1631.3684210526317,407.8421052631579,2078.2263157894736,0.06912578055307761,0.35224174843889383
2577,45.1578947368421,78.6842105263158,78.6842105263158,39.421052631578945,49.26315789473684,948.3157894736842,1652.3684210526317,413.0921052631579,2025.228947368421,0.07001561106155219,0.34325914362176624
2578,57.68421052631579,75.10526315789474,75.10526315789474,38.473684210526315,61.526315789473685,1211.3684210526314,1577.2105263157896,394.3026315789474,2453.628947368421,0.06683095450490634,0.41586931311329167
2579,49.78947368421053,80.0,80.0,42.68421052631579,52.21052631578947,1045.578947368421,1680.0,420.0,2197.484210526316,0.0711864406779661,0.37245495093666375
2580,50.78947368421053,64.26315789473684,64.26315789473684,30.789473684210527,57.578947368421055,1066.578947368421,1349.5263157894735,337.3815789473684,2150.565789473684,0.05718331846565566,0.36450267618198035
2581,47.10526315789474,81.15789473684211,81.15789473684211,43.31578947368421,53.31578947368421,989.2105263157896,1704.3157894736844,426.0789473684211,2107.7368421052633,0.07221677074041036,0.3572435325602141
2582,56.473684210526315,74.47368421052632,74.47368421052632,35.68421052631579,67.57894736842105,1185.9473684210527,1563.9473684210527,390.9868421052632,2407.0973684210526,0.06626895628902765,0.40798260481712756
2583,48.0,68.10526315789474,68.10526315789474,35.94736842105263,55.526315789473685,1008.0,1430.2105263157896,357.5526315789474,2071.1526315789474,0.060602140945584304,0.351042818911686
2584,54.94736842105263,76.26315789473684,76.26315789473684,38.89473684210526,57.05263157894737,1153.8947368421052,1601.5263157894735,400.3815789473684,2362.0026315789473,0.06786128456735058,0.40033942908117753
2585,50.68421052631579,78.47368421052632,78.47368421052632,39.36842105263158,60.31578947368421,1064.3684210526314,1647.9473684210527,411.9868421052632,2221.4131578947367,0.06982827832292596,0.3765107047279215
2586,48.578947368421055,79.0,79.0,40.421052631578945,51.78947368421053,1020.1578947368422,1659.0,414.75,2149.0184210526318,0.07029661016949153,0.36424041034790366
2587,46.0,84.57894736842105,84.57894736842105,43.36842105263158,47.26315789473684,966.0,1776.157894736842,444.0394736842105,2086.2394736842107,0.07526092774308653,0.353599910793934
2588,55.473684210526315,80.78947368421052,80.78947368421052,41.526315789473685,59.10526315789474,1164.9473684210527,1696.5789473684208,424.1447368421052,2404.555263157895,0.07188893844781444,0.40755173951828727
2589,65.52631578947368,74.3157894736842,74.3157894736842,34.0,75.6842105263158,1376.0526315789473,1560.6315789473683,390.1578947368421,2729.4473684210525,0.06612845673505797,0.4626181980374665
2590,45.1578947368421,90.52631578947368,90.52631578947368,45.31578947368421,56.63157894736842,948.3157894736842,1901.0526315789473,475.2631578947368,2087.3999999999996,0.08055307760927742,0.3537966101694915
2591,54.8421052631579,75.15789473684211,75.15789473684211,36.78947368421053,65.47368421052632,1151.6842105263158,1578.3157894736844,394.5789473684211,2352.442105263158,0.0668777876895629,0.39871900089206064
2592,53.26315789473684,79.63157894736842,79.63157894736842,39.89473684210526,54.68421052631579,1118.5263157894738,1672.2631578947369,418.0657894736842,2319.5605263157895,0.07085860838537021,0.39314585191793044
2593,58.0,83.3157894736842,83.3157894736842,40.89473684210526,69.73684210526316,1218.0,1749.6315789473683,437.4078947368421,2508.007894736842,0.07413693131132916,0.42508608385370206
2594,48.73684210526316,78.6842105263158,78.6842105263158,39.10526315789474,50.36842105263158,1023.4736842105264,1652.3684210526317,413.0921052631579,2152.9973684210527,0.07001561106155219,0.3649148082069581
2595,58.10526315789474,67.94736842105263,67.94736842105263,32.89473684210526,64.57894736842105,1220.2105263157896,1426.8947368421052,356.7236842105263,2431.0815789473686,0.060461641391614626,0.4120477252453167
2596,53.73684210526316,71.84210526315789,71.84210526315789,36.10526315789474,59.21052631578947,1128.4736842105262,1508.6842105263156,377.1710526315789,2295.5763157894735,0.06392729705619982,0.38908073148974126
2597,47.8421052631579,79.6842105263158,79.6842105263158,42.21052631578947,53.94736842105263,1004.6842105263158,1673.3684210526317,418.3421052631579,2126.305263157895,0.07090544157002676,0.36039072256913474
2598,48.68421052631579,74.26315789473684,74.26315789473684,37.526315789473685,55.89473684210526,1022.3684210526316,1559.5263157894735,389.8815789473684,2127.907894736842,0.06608162355040142,0.3606623550401427
2599,57.78947368421053,70.52631578947368,70.52631578947368,33.78947368421053,71.63157894736842,1213.578947368421,1481.0526315789473,370.2631578947368,2433.3473684210526,0.0627564674397859,0.41243175735950044
2600,44.68421052631579,81.78947368421052,81.78947368421052,41.10526315789474,52.421052631578945,938.3684210526316,1717.5789473684208,429.3947368421052,2024.6210526315788,0.07277876895628901,0.3431561106155218
2601,46.0,86.0,86.0,43.578947368421055,48.26315789473684,966.0,1806.0,451.5,2093.7,0.07652542372881356,0.35486440677966097
2602,52.68421052631579,80.89473684210526,80.89473684210526,39.21052631578947,62.473684210526315,1106.3684210526314,1698.7894736842104,424.6973684210526,2305.523684210526,0.07198260481712757,0.3907667261373773
2603,46.421052631578945,74.05263157894737,74.05263157894737,39.10526315789474,47.421052631578945,974.8421052631578,1555.1052631578948,388.7763157894737,2046.007894736842,0.0658942908117752,0.3467809991079393
2604,58.10526315789474,64.3157894736842,64.3157894736842,30.63157894736842,67.84210526315789,1220.2105263157896,1350.6315789473683,337.6578947368421,2412.0157894736844,0.057230151650312214,0.4088162355040143
2605,55.36842105263158,77.6842105263158,77.6842105263158,38.78947368421053,60.73684210526316,1162.7368421052631,1631.3684210526317,407.8421052631579,2384.4947368421053,0.06912578055307761,0.4041516503122212
2606,44.36842105263158,86.78947368421052,86.78947368421052,44.36842105263158,57.68421052631579,931.7368421052632,1822.5789473684208,455.6447368421052,2039.5973684210526,0.0772279214986619,0.34569446922390723
2607,56.0,79.78947368421052,79.78947368421052,39.26315789473684,66.78947368421052,1176.0,1675.5789473684208,418.8947368421052,2418.0947368421052,0.07099910793933986,0.40984656556645854
2608,50.526315789473685,76.0,76.0,39.26315789473684,51.473684210526315,1061.0526315789473,1596.0,399.0,2202.7894736842104,0.0676271186440678,0.37335414808206957
2609,47.73684210526316,82.63157894736842,82.63157894736842,39.68421052631579,55.05263157894737,1002.4736842105264,1735.2631578947369,433.8157894736842,2138.021052631579,0.07352809991079394,0.36237644959857274
2610,49.78947368421053,82.36842105263158,82.36842105263158,39.526315789473685,55.578947368421055,1045.578947368421,1729.7368421052631,432.4342105263158,2209.9184210526314,0.07329393398751115,0.3745624442462087
2611,50.36842105263158,76.57894736842105,76.57894736842105,38.578947368421055,51.26315789473684,1057.7368421052631,1608.157894736842,402.0394736842105,2200.192105263158,0.06814228367528992,0.37291391614629793
2612,46.68421052631579,73.42105263157895,73.42105263157895,37.10526315789474,59.421052631578945,980.3684210526316,1541.842105263158,385.4605263157895,2052.0868421052633,0.06533229259589653,0.3478113291703836
2613,55.421052631578945,74.73684210526316,74.73684210526316,36.421052631578945,70.73684210526316,1163.842105263158,1569.4736842105265,392.3684210526316,2370.9,0.06650312221231044,0.40184745762711865
2614,57.36842105263158,81.21052631578948,81.21052631578948,39.94736842105263,73.21052631578948,1204.7368421052631,1705.4210526315792,426.3552631578948,2474.4078947368416,0.07226360392506692,0.4193911685994647
2615,48.26315789473684,79.36842105263158,79.36842105263158,39.473684210526315,54.89473684210526,1013.5263157894736,1666.7368421052631,416.6842105263158,2139.6789473684207,0.07062444246208742,0.362657448706512
2616,57.421052631578945,67.84210526315789,67.84210526315789,35.526315789473685,57.10526315789474,1205.842105263158,1424.6842105263156,356.1710526315789,2406.1026315789472,0.06036797502230151,0.40781400535236395
2617,57.0,77.3157894736842,77.3157894736842,39.473684210526315,65.78947368421052,1197.0,1623.6315789473683,405.9078947368421,2440.807894736842,0.0687979482604817,0.41369625334522747
2618,56.73684210526316,77.52631578947368,77.52631578947368,39.36842105263158,58.26315789473684,1191.4736842105262,1628.0526315789473,407.0131578947368,2432.5184210526313,0.06898528099910793,0.4122912578055307
2619,47.526315789473685,78.26315789473684,78.26315789473684,40.526315789473685,52.94736842105263,998.0526315789474,1643.5263157894735,410.8815789473684,2107.571052631579,0.06964094558429973,0.35721543264942013
2620,57.0,75.36842105263158,75.36842105263158,37.36842105263158,66.3157894736842,1197.0,1582.7368421052631,395.6842105263158,2430.5842105263155,0.06706512042818912,0.4119634255129348
2621,55.89473684210526,75.6842105263158,75.6842105263158,36.73684210526316,58.78947368421053,1173.7894736842104,1589.3684210526317,397.3421052631579,2392.7842105263153,0.06734611953612846,0.40555664585191786
2622,51.36842105263158,72.73684210526316,72.73684210526316,36.473684210526315,62.1578947368421,1078.7368421052631,1527.4736842105265,381.8684210526316,2215.721052631579,0.06472346119536129,0.3755459411239964
2623,48.26315789473684,86.47368421052632,86.47368421052632,42.8421052631579,60.36842105263158,1013.5263157894736,1815.9473684210527,453.9868421052632,2176.9815789473682,0.07694692239072257,0.36897992863514717
2624,46.36842105263158,83.52631578947368,83.52631578947368,43.0,59.89473684210526,973.7368421052632,1754.0526315789473,438.5131578947368,2093.8657894736843,0.07432426404995539,0.35489250669045497
2625,51.473684210526315,72.6842105263158,72.6842105263158,38.26315789473684,60.10526315789474,1080.9473684210527,1526.3684210526317,381.5921052631579,2219.202631578947,0.06467662801070473,0.376136039250669
2626,51.89473684210526,76.26315789473684,76.26315789473684,39.21052631578947,61.89473684210526,1089.7894736842104,1601.5263157894735,400.3815789473684,2253.023684210526,0.06786128456735058,0.3818684210526315
2627,52.31578947368421,78.94736842105263,78.94736842105263,39.68421052631579,61.578947368421055,1098.6315789473686,1657.8947368421052,414.4736842105263,2282.1473684210528,0.07024977698483496,0.3868046387154327
2628,53.05263157894737,81.15789473684211,81.15789473684211,39.63157894736842,65.47368421052632,1114.1052631578948,1704.3157894736844,426.0789473684211,2320.057894736842,0.07221677074041036,0.3932301516503122
2629,47.36842105263158,78.3157894736842,78.3157894736842,39.89473684210526,54.78947368421053,994.7368421052632,1644.6315789473683,411.1578947368421,2102.2105263157896,0.06968777876895628,0.35630686886708296
2630,46.63157894736842,73.52631578947368,73.52631578947368,36.63157894736842,53.05263157894737,979.2631578947368,1544.0526315789473,386.0131578947368,2050.7605263157893,0.06542595896520963,0.3475865298840321
2631,54.78947368421053,74.94736842105263,74.94736842105263,37.73684210526316,65.63157894736842,1150.578947368421,1573.8947368421052,393.4736842105263,2349.4578947368423,0.06669045495093666,0.39821320249776987
2632,52.73684210526316,75.47368421052632,75.47368421052632,38.10526315789474,63.421052631578945,1107.4736842105262,1584.9473684210527,396.2368421052632,2278.942105263158,0.06715878679750223,0.38626137377341657
2633,46.36842105263158,77.6842105263158,77.6842105263158,40.421052631578945,49.473684210526315,973.7368421052632,1631.3684210526317,407.8421052631579,2063.194736842105,0.06912578055307761,0.3496940231935771
2634,54.63157894736842,84.42105263157895,84.42105263157895,43.26315789473684,60.473684210526315,1147.2631578947369,1772.842105263158,443.2105263157895,2393.557894736842,0.07512042818911686,0.4056877787689563
2635,53.73684210526316,69.0,69.0,35.10526315789474,60.36842105263158,1128.4736842105262,1449.0,362.25,2280.6552631578943,0.06139830508474576,0.3865517395182872
2636,48.63157894736842,83.15789473684211,83.15789473684211,42.578947368421055,56.8421052631579,1021.2631578947368,1746.3157894736844,436.5789473684211,2172.7263157894736,0.07399643175735951,0.3682586975914362
2637,57.10526315789474,81.42105263157895,81.42105263157895,40.473684210526315,62.94736842105263,1199.2105263157896,1709.842105263158,427.4605263157895,2466.1184210526317,0.07245093666369314,0.4179861730597681
2638,53.0,77.05263157894737,77.05263157894737,37.73684210526316,60.63157894736842,1113.0,1618.1052631578948,404.5263157894737,2296.6263157894737,0.06856378233719893,0.3892586975914362
2639,53.421052631578945,81.73684210526316,81.73684210526316,41.578947368421055,66.10526315789474,1121.842105263158,1716.4736842105265,429.1184210526316,2336.25,0.07273193577163248,0.39597457627118643
2640,48.578947368421055,75.73684210526316,75.73684210526316,39.31578947368421,49.36842105263158,1020.1578947368422,1590.4736842105265,397.6184210526316,2131.8868421052634,0.06739295272078502,0.3613367528991972
2641,50.8421052631579,79.84210526315789,79.84210526315789,40.31578947368421,56.10526315789474,1067.6842105263158,1676.6842105263156,419.1710526315789,2234.2342105263156,0.07104594112399643,0.3786837644959857
2642,59.73684210526316,73.36842105263158,73.36842105263158,35.1578947368421,73.57894736842105,1254.4736842105262,1540.7368421052631,385.1842105263158,2517.7894736842104,0.06528545941123996,0.42674397859054414
2643,52.1578947368421,74.42105263157895,74.42105263157895,38.36842105263158,58.21052631578947,1095.3157894736842,1562.842105263158,390.7105263157895,2252.7473684210527,0.0662221231043711,0.38182158786797504
2644,49.8421052631579,70.57894736842105,70.57894736842105,34.31578947368421,56.578947368421055,1046.6842105263158,1482.157894736842,370.5394736842105,2149.9026315789474,0.06280330062444246,0.3643902765388046
2645,48.1578947368421,64.78947368421052,64.78947368421052,34.21052631578947,57.421052631578945,1011.3157894736842,1360.5789473684208,340.1447368421052,2059.3815789473683,0.05765165031222122,0.3490477252453167
2646,43.8421052631579,98.05263157894737,98.05263157894737,50.578947368421055,51.26315789473684,920.6842105263158,2059.1052631578946,514.7763157894736,2079.9394736842105,0.08725022301516502,0.3525321141837645
2647,55.63157894736842,66.36842105263158,66.36842105263158,33.78947368421053,65.47368421052632,1168.2631578947369,1393.7368421052631,348.4342105263158,2334.4815789473682,0.05905664585191793,0.39567484388938445
2648,46.8421052631579,81.21052631578948,81.21052631578948,39.94736842105263,53.73684210526316,983.6842105263158,1705.4210526315792,426.3552631578948,2098.6184210526317,0.07226360392506692,0.35569803746654777
2649,66.0,76.10526315789474,76.10526315789474,36.473684210526315,78.52631578947368,1386.0,1598.2105263157896,399.5526315789474,2755.7526315789473,0.06772078501338091,0.46707671721677074
2650,56.94736842105263,79.0,79.0,39.36842105263158,71.63157894736842,1195.8947368421052,1659.0,414.75,2447.7710526315786,0.07029661016949153,0.41487644959857267
2651,58.421052631578945,74.6842105263158,74.6842105263158,36.31578947368421,63.36842105263158,1226.842105263158,1568.3684210526317,392.0921052631579,2477.7236842105262,0.06645628902765388,0.41995316681534345
2652,48.63157894736842,70.36842105263158,70.36842105263158,37.10526315789474,47.10526315789474,1021.2631578947368,1477.7368421052631,369.4342105263158,2105.581578947368,0.06261596788581623,0.3568782337198929
2653,64.63157894736842,67.73684210526316,67.73684210526316,32.421052631578945,74.6842105263158,1357.2631578947369,1422.4736842105265,355.6184210526316,2662.9657894736843,0.06027430865298841,0.45135013380909905
2654,52.78947368421053,81.0,81.0,40.73684210526316,60.31578947368421,1108.578947368421,1701.0,425.25,2309.8342105263155,0.07207627118644068,0.39149732381801955
2655,55.473684210526315,73.78947368421052,73.78947368421052,37.21052631578947,63.78947368421053,1164.9473684210527,1549.5789473684208,387.3947368421052,2367.805263157895,0.0656601248884924,0.40132292595896524
2656,46.63157894736842,77.84210526315789,77.84210526315789,40.21052631578947,54.63157894736842,979.2631578947368,1634.6842105263156,408.6710526315789,2073.4184210526314,0.06926628010704727,0.35142685102586974
2657,53.526315789473685,73.21052631578948,73.21052631578948,37.421052631578945,60.421052631578945,1124.0526315789473,1537.4210526315792,384.3552631578948,2295.2447368421053,0.0651449598572703,0.38902453166815343
2658,57.0,82.94736842105263,82.94736842105263,40.421052631578945,68.84210526315789,1197.0,1741.8947368421052,435.4736842105263,2470.3736842105263,0.07380909901873327,0.41870740410347906
2659,54.473684210526315,80.10526315789474,80.10526315789474,40.421052631578945,57.63157894736842,1143.9473684210527,1682.2105263157896,420.5526315789474,2365.263157894737,0.07128010704727922,0.40089206066012495
2660,45.421052631578945,74.3157894736842,74.3157894736842,38.0,52.05263157894737,953.8421052631578,1560.6315789473683,390.1578947368421,2011.6894736842103,0.06612845673505797,0.34096431757359497
2661,46.36842105263158,87.15789473684211,87.15789473684211,45.73684210526316,43.63157894736842,973.7368421052632,1830.3157894736844,457.5789473684211,2112.9315789473685,0.07755575379125781,0.35812399643175735
2662,43.63157894736842,82.73684210526316,82.73684210526316,42.78947368421053,50.0,916.2631578947368,1737.4736842105265,434.3684210526316,1992.0157894736842,0.07362176628010705,0.33762979482604816
2663,59.578947368421055,82.26315789473684,82.26315789473684,40.31578947368421,60.8421052631579,1251.157894736842,1727.5263157894735,431.8815789473684,2558.85,0.07320026761819803,0.43370338983050843
2664,52.36842105263158,79.78947368421052,79.78947368421052,40.68421052631579,68.15789473684211,1099.7368421052631,1675.5789473684208,418.8947368421052,2288.4473684210525,0.07099910793933986,0.3878724353256021
2665,55.26315789473684,71.57894736842105,71.57894736842105,35.0,65.10526315789474,1160.5263157894738,1503.157894736842,375.7894736842105,2348.684210526316,0.06369313113291704,0.3980820695807315
2666,51.63157894736842,75.26315789473684,75.26315789473684,37.89473684210526,65.36842105263158,1084.2631578947369,1580.5263157894735,395.1315789473684,2238.378947368421,0.066971454058876,0.37938626226583405
2667,51.26315789473684,82.05263157894737,82.05263157894737,43.05263157894737,55.05263157894737,1076.5263157894738,1723.1052631578948,430.7763157894737,2260.871052631579,0.07301293487957182,0.3831984834968778
2668,53.578947368421055,65.21052631578948,65.21052631578948,33.8421052631579,57.36842105263158,1125.157894736842,1369.4210526315792,342.3552631578948,2255.1236842105263,0.0580263157894737,0.3822243532560214
2669,49.473684210526315,84.21052631578948,84.21052631578948,42.31578947368421,49.473684210526315,1038.9473684210527,1768.4210526315792,442.1052631578948,2208.315789473684,0.07493309545049065,0.3742908117752007
2670,56.26315789473684,85.94736842105263,85.94736842105263,44.36842105263158,55.78947368421053,1181.5263157894738,1804.8947368421052,451.2236842105263,2459.8184210526315,0.076478590544157,0.41691837644959856
2671,47.36842105263158,77.42105263157895,77.42105263157895,39.31578947368421,54.73684210526316,994.7368421052632,1625.842105263158,406.4605263157895,2097.513157894737,0.06889161462979483,0.35551070472792157
2672,52.36842105263158,70.10526315789474,70.10526315789474,36.31578947368421,60.68421052631579,1099.7368421052631,1472.2105263157896,368.0526315789474,2237.6052631578946,0.062381801962533456,0.3792551293487957
2673,48.68421052631579,78.15789473684211,78.15789473684211,40.10526315789474,55.0,1022.3684210526316,1641.3157894736844,410.3289473684211,2148.3552631578946,0.06954727921498663,0.3641280107047279
2674,51.421052631578945,82.26315789473684,82.26315789473684,42.8421052631579,50.8421052631579,1079.842105263158,1727.5263157894735,431.8815789473684,2267.613157894737,0.07320026761819803,0.3843412132024978
2675,52.63157894736842,74.42105263157895,74.42105263157895,37.05263157894737,59.68421052631579,1105.2631578947369,1562.842105263158,390.7105263157895,2269.657894736842,0.0662221231043711,0.38468777876895627
2676,51.78947368421053,71.0,71.0,35.10526315789474,58.526315789473685,1087.578947368421,1491.0,372.75,2221.6342105263157,0.06317796610169492,0.3765481712756467
2677,50.73684210526316,80.47368421052632,80.47368421052632,39.526315789473685,55.421052631578945,1065.4736842105262,1689.9473684210527,422.4868421052632,2233.7921052631577,0.07160793933987511,0.3786088314005352
2678,46.68421052631579,69.05263157894737,69.05263157894737,34.63157894736842,59.63157894736842,980.3684210526316,1450.1052631578948,362.5263157894737,2029.1526315789474,0.06144513826940232,0.3439241748438894
2679,52.73684210526316,86.21052631578948,86.21052631578948,43.526315789473685,61.578947368421055,1107.4736842105262,1810.4210526315792,452.6052631578948,2335.3105263157895,0.0767127564674398,0.3958153434433542
2680,50.473684210526315,77.15789473684211,77.15789473684211,39.05263157894737,53.89473684210526,1059.9473684210527,1620.3157894736844,405.0789473684211,2206.9894736842107,0.06865744870651205,0.37406601248884924
2681,52.89473684210526,77.15789473684211,77.15789473684211,39.31578947368421,63.05263157894737,1110.7894736842104,1620.3157894736844,405.0789473684211,2293.4210526315787,0.06865744870651205,0.3887154326494201
2682,59.68421052631579,79.47368421052632,79.47368421052632,39.1578947368421,68.3157894736842,1253.3684210526314,1668.9473684210527,417.2368421052632,2547.963157894737,0.07071810883140053,0.43185816235504015
2683,60.68421052631579,64.84210526315789,64.84210526315789,31.36842105263158,67.6842105263158,1274.3684210526314,1361.6842105263156,340.4210526315789,2506.847368421052,0.05769848349687778,0.42488938447814445
2684,66.3157894736842,76.36842105263158,76.36842105263158,36.1578947368421,82.78947368421052,1392.6315789473683,1603.7368421052631,400.9342105263158,2768.407894736842,0.06795495093666369,0.46922167707404105
2685,52.63157894736842,77.84210526315789,77.84210526315789,40.473684210526315,53.31578947368421,1105.2631578947369,1634.6842105263156,408.6710526315789,2287.6184210526317,0.06926628010704727,0.3877319357716325
2686,50.78947368421053,70.78947368421052,70.78947368421052,34.05263157894737,58.78947368421053,1066.578947368421,1486.5789473684208,371.6447368421052,2184.828947368421,0.06299063336306868,0.3703099910793934
2687,53.8421052631579,83.52631578947368,83.52631578947368,42.94736842105263,60.73684210526316,1130.6842105263158,1754.0526315789473,438.5131578947368,2360.676315789474,0.07432426404995539,0.4001146297948261
2688,50.73684210526316,82.78947368421052,82.78947368421052,41.0,59.578947368421055,1065.4736842105262,1738.5789473684208,434.6447368421052,2245.95,0.07366859946476359,0.3806694915254237
2689,58.31578947368421,74.78947368421052,74.78947368421052,38.21052631578947,64.52631578947368,1224.6315789473686,1570.5789473684208,392.6447368421052,2474.5184210526313,0.06654995539696698,0.41940990187332733
2690,48.94736842105263,85.94736842105263,85.94736842105263,43.94736842105263,52.31578947368421,1027.8947368421052,1804.8947368421052,451.2236842105263,2198.644736842105,0.076478590544157,0.3726516503122212
2691,51.26315789473684,81.63157894736842,81.63157894736842,40.473684210526315,53.31578947368421,1076.5263157894738,1714.2631578947369,428.5657894736842,2258.6605263157894,0.07263826940231936,0.38282381801962534
2692,50.73684210526316,84.52631578947368,84.52631578947368,42.63157894736842,59.63157894736842,1065.4736842105262,1775.0526315789473,443.7631578947368,2255.0684210526315,0.07521409455842996,0.3822149866190901
2693,50.89473684210526,71.21052631578948,71.21052631578948,37.94736842105263,51.10526315789474,1068.7894736842104,1495.4210526315792,373.8552631578948,2190.7973684210524,0.06336529884032115,0.371321587867975
2694,49.421052631578945,81.10526315789474,81.10526315789474,39.31578947368421,54.78947368421053,1037.842105263158,1703.2105263157896,425.8026315789474,2190.1342105263157,0.0721699375557538,0.37120918822479926
2695,50.26315789473684,75.73684210526316,75.73684210526316,37.8421052631579,58.21052631578947,1055.5263157894738,1590.4736842105265,397.6184210526316,2192.013157894737,0.06739295272078502,0.37152765388046394
2696,49.10526315789474,66.0,66.0,32.94736842105263,55.421052631578945,1031.2105263157896,1386.0,346.5,2099.557894736842,0.05872881355932203,0.35585727029438
2697,51.73684210526316,68.84210526315789,68.84210526315789,36.473684210526315,59.526315789473685,1086.4736842105262,1445.6842105263156,361.4210526315789,2208.4263157894734,0.06125780553077609,0.3743095450490633
2698,55.10526315789474,69.0,69.0,35.26315789473684,66.63157894736842,1157.2105263157896,1449.0,362.25,2329.507894736842,0.06139830508474576,0.3948318465655664
2699,52.10526315789474,76.63157894736842,76.63157894736842,39.10526315789474,57.21052631578947,1094.2105263157896,1609.2631578947369,402.3157894736842,2262.4736842105267,0.06818911685994648,0.3834701159678859
2700,56.8421052631579,76.78947368421052,76.78947368421052,38.26315789473684,59.78947368421053,1193.6842105263158,1612.5789473684208,403.1447368421052,2432.407894736842,0.06832961641391613,0.4122725245316681
2701,51.73684210526316,80.57894736842105,80.57894736842105,41.578947368421055,59.05263157894737,1086.4736842105262,1692.157894736842,423.0394736842105,2270.044736842105,0.07170160570918822,0.38475334522747545
2702,45.526315789473685,85.36842105263158,85.36842105263158,42.526315789473685,46.473684210526315,956.0526315789474,1792.7368421052631,448.1842105263158,2073.4736842105262,0.07596342551293488,0.35143621766280103
2703,57.26315789473684,69.10526315789474,69.10526315789474,34.36842105263158,56.05263157894737,1202.5263157894738,1451.2105263157896,362.8026315789474,2407.0973684210526,0.06149197145405888,0.40798260481712756
2704,46.89473684210526,80.47368421052632,80.47368421052632,40.26315789473684,51.421052631578945,984.7894736842104,1689.9473684210527,422.4868421052632,2096.628947368421,0.07160793933987511,0.3553608385370205
2705,53.94736842105263,71.78947368421052,71.78947368421052,36.26315789473684,60.473684210526315,1132.8947368421052,1507.5789473684208,376.8947368421052,2302.815789473684,0.06388046387154325,0.39030776092774305
2706,43.526315789473685,80.36842105263158,80.36842105263158,40.421052631578945,49.31578947368421,914.0526315789474,1687.7368421052631,421.9342105263158,1975.8236842105264,0.071514272970562,0.33488537020517395
2707,52.473684210526315,73.10526315789474,73.10526315789474,36.1578947368421,60.63157894736842,1101.9473684210527,1535.2105263157896,383.8026315789474,2257.113157894737,0.06505129348795718,0.38256155218554866
2708,47.473684210526315,79.52631578947368,79.52631578947368,39.8421052631579,53.89473684210526,996.9473684210526,1670.0526315789473,417.5131578947368,2112.323684210526,0.07076494201605708,0.35802096342551293
2709,50.63157894736842,76.57894736842105,76.57894736842105,38.94736842105263,60.94736842105263,1063.2631578947369,1608.157894736842,402.0394736842105,2209.5868421052633,0.06814228367528992,0.3745062444246209
2710,51.63157894736842,83.52631578947368,83.52631578947368,42.578947368421055,64.15789473684211,1084.2631578947369,1754.0526315789473,438.5131578947368,2281.7605263157893,0.07432426404995539,0.38673907225691345
2711,53.31578947368421,67.26315789473684,67.26315789473684,33.578947368421055,56.36842105263158,1119.6315789473686,1412.5263157894735,353.1315789473684,2256.505263157895,0.059852809991079385,0.38245851917930423
2712,51.31578947368421,66.94736842105263,66.94736842105263,34.578947368421055,53.421052631578945,1077.6315789473686,1405.8947368421052,351.4736842105263,2183.447368421053,0.05957181088314005,0.37007582515611065
2713,51.421052631578945,76.89473684210526,76.89473684210526,39.0,60.68421052631579,1079.842105263158,1614.7894736842104,403.6973684210526,2239.428947368421,0.06842328278322926,0.379564228367529
2714,57.78947368421053,81.57894736842105,81.57894736842105,39.0,69.05263157894737,1213.578947368421,1713.157894736842,428.2894736842105,2491.3736842105263,0.0725914362176628,0.42226672613737737
2715,47.31578947368421,77.42105263157895,77.42105263157895,38.89473684210526,56.10526315789474,993.6315789473684,1625.842105263158,406.4605263157895,2095.6342105263157,0.06889161462979483,0.3551922390722569
2716,57.526315789473685,72.05263157894737,72.05263157894737,36.89473684210526,67.63157894736842,1208.0526315789473,1513.1052631578948,378.2763157894737,2431.9657894736843,0.06411462979482604,0.41219759143621765
2717,55.63157894736842,81.78947368421052,81.78947368421052,39.421052631578945,63.578947368421055,1168.2631578947369,1717.5789473684208,429.3947368421052,2415.442105263158,0.07277876895628901,0.40939696699375555
2718,53.473684210526315,79.47368421052632,79.47368421052632,39.473684210526315,57.78947368421053,1122.9473684210527,1668.9473684210527,417.2368421052632,2326.2473684210527,0.07071810883140053,0.3942792149866191
2719,60.0,75.3157894736842,75.3157894736842,37.36842105263158,67.05263157894737,1260.0,1581.6315789473683,395.4078947368421,2537.407894736842,0.06701828724353255,0.43006913470115965
2720,49.89473684210526,77.3157894736842,77.3157894736842,39.0,57.10526315789474,1047.7894736842104,1623.6315789473683,405.9078947368421,2187.1499999999996,0.0687979482604817,0.37070338983050843
2721,51.68421052631579,75.47368421052632,75.47368421052632,38.578947368421055,60.1578947368421,1085.3684210526314,1584.9473684210527,396.2368421052632,2241.3631578947366,0.06715878679750223,0.3798920606601248
2722,49.1578947368421,74.10526315789474,74.10526315789474,37.8421052631579,50.26315789473684,1032.3157894736842,1556.2105263157896,389.0526315789474,2143.98947368421,0.06594112399643176,0.3633880463871543
2723,58.26315789473684,76.36842105263158,76.36842105263158,37.78947368421053,64.10526315789474,1223.5263157894738,1603.7368421052631,400.9342105263158,2480.928947368421,0.06795495093666369,0.4204964317573595
2724,56.78947368421053,77.89473684210526,77.89473684210526,39.73684210526316,68.6842105263158,1192.578947368421,1635.7894736842104,408.9473684210526,2436.331578947368,0.06931311329170384,0.4129375557537912
2725,54.68421052631579,69.94736842105263,69.94736842105263,35.36842105263158,64.10526315789474,1148.3684210526314,1468.8947368421052,367.2236842105263,2319.45,0.06224130240856378,0.39312711864406774
2726,48.05263157894737,82.15789473684211,82.15789473684211,42.8421052631579,51.578947368421055,1009.1052631578948,1725.3157894736844,431.3289473684211,2146.807894736842,0.07310660124888493,0.3638657448706512
2727,57.10526315789474,78.3157894736842,78.3157894736842,38.36842105263158,69.84210526315789,1199.2105263157896,1644.6315789473683,411.1578947368421,2449.815789473684,0.06968777876895628,0.41522301516503124
2728,49.578947368421055,78.63157894736842,78.63157894736842,38.473684210526315,57.68421052631579,1041.157894736842,1651.2631578947369,412.8157894736842,2182.7842105263157,0.06996877787689564,0.3699634255129349
2729,53.36842105263158,73.3157894736842,73.3157894736842,37.31578947368421,64.26315789473684,1120.7368421052631,1539.6315789473683,384.9078947368421,2290.1605263157894,0.0652386262265834,0.3881628010704728
2730,48.94736842105263,78.6842105263158,78.6842105263158,38.68421052631579,58.73684210526316,1027.8947368421052,1652.3684210526317,413.0921052631579,2160.5131578947367,0.07001561106155219,0.36618867082961637
2731,57.578947368421055,64.15789473684211,64.15789473684211,32.0,63.473684210526315,1209.157894736842,1347.3157894736844,336.8289473684211,2392.3973684210528,0.05708965209634256,0.4054910793933988
2732,61.36842105263158,81.26315789473684,81.26315789473684,39.68421052631579,71.15789473684211,1288.7368421052631,1706.5263157894735,426.6315789473684,2617.4842105263156,0.07231043710972346,0.44364139161462973
2733,49.8421052631579,74.42105263157895,74.42105263157895,37.26315789473684,62.21052631578947,1046.6842105263158,1562.842105263158,390.7105263157895,2170.073684210526,0.0662221231043711,0.36780909901873327
2734,47.05263157894737,73.84210526315789,73.84210526315789,39.421052631578945,57.36842105263158,988.1052631578948,1550.6842105263156,387.6710526315789,2067.45,0.06570695807314897,0.3504152542372881
2735,46.0,81.57894736842105,81.57894736842105,43.473684210526315,54.68421052631579,966.0,1713.157894736842,428.2894736842105,2070.4894736842107,0.0725914362176628,0.35093041926851026
2736,49.10526315789474,76.36842105263158,76.36842105263158,39.21052631578947,56.78947368421053,1031.2105263157896,1603.7368421052631,400.9342105263158,2153.992105263158,0.06795495093666369,0.3650834076717217
2737,51.26315789473684,66.21052631578948,66.21052631578948,32.94736842105263,60.421052631578945,1076.5263157894738,1390.4210526315792,347.6052631578948,2177.7,0.05891614629794827,0.3691016949152542
2738,44.05263157894737,85.89473684210526,85.89473684210526,44.94736842105263,50.36842105263158,925.1052631578948,1803.7894736842104,450.9473684210526,2023.6263157894737,0.07643175735950045,0.34298751115075826
2739,48.63157894736842,79.57894736842105,79.57894736842105,41.36842105263158,51.26315789473684,1021.2631578947368,1671.157894736842,417.7894736842105,2153.936842105263,0.07081177520071365,0.36507404103479035
2740,50.73684210526316,81.6842105263158,81.6842105263158,42.1578947368421,57.36842105263158,1065.4736842105262,1715.3684210526317,428.8421052631579,2240.1473684210523,0.07268510258697591,0.37968599464763597
2741,54.473684210526315,70.10526315789474,70.10526315789474,35.68421052631579,62.63157894736842,1143.9473684210527,1472.2105263157896,368.0526315789474,2312.763157894737,0.062381801962533456,0.3919937555753792
2742,58.68421052631579,80.63157894736842,80.63157894736842,38.10526315789474,70.47368421052632,1232.3684210526314,1693.2631578947369,423.3157894736842,2518.3421052631575,0.07174843889384479,0.4268376449598572
2743,47.1578947368421,76.94736842105263,76.94736842105263,40.36842105263158,50.578947368421055,990.3157894736842,1615.8947368421052,403.9736842105263,2087.5105263157893,0.06847011596788581,0.35381534344335414
2744,65.63157894736842,74.84210526315789,74.84210526315789,35.526315789473685,80.73684210526316,1378.2631578947369,1571.6842105263156,392.9210526315789,2735.9684210526316,0.06659678858162354,0.4637234611953613
2745,45.36842105263158,80.84210526315789,80.84210526315789,43.26315789473684,53.473684210526315,952.7368421052632,1697.6842105263156,424.4210526315789,2044.0736842105264,0.071935771632471,0.34645316681534344
2746,46.473684210526315,80.21052631578948,80.21052631578948,39.1578947368421,49.63157894736842,975.9473684210526,1684.4210526315792,421.1052631578948,2080.2157894736843,0.07137377341659233,0.35257894736842105
2747,48.578947368421055,74.73684210526316,74.73684210526316,36.05263157894737,51.63157894736842,1020.1578947368422,1569.4736842105265,392.3684210526316,2126.6368421052634,0.06650312221231044,0.3604469223907226
2748,50.94736842105263,84.47368421052632,84.47368421052632,41.31578947368421,63.26315789473684,1069.8947368421052,1773.9473684210527,443.4868421052632,2262.307894736842,0.07516726137377341,0.3834420160570919
2749,51.421052631578945,68.3157894736842,68.3157894736842,34.73684210526316,56.68421052631579,1079.842105263158,1434.6315789473683,358.6578947368421,2194.3894736842103,0.060789473684210525,0.3719304192685102
2750,54.68421052631579,73.0,73.0,36.8421052631579,59.94736842105263,1148.3684210526314,1533.0,383.25,2335.476315789473,0.06495762711864407,0.395843443354148
2751,50.421052631578945,80.57894736842105,80.57894736842105,40.473684210526315,59.8421052631579,1058.842105263158,1692.157894736842,423.0394736842105,2223.071052631579,0.07170160570918822,0.3767917038358608
2752,50.473684210526315,80.78947368421052,80.78947368421052,41.78947368421053,49.94736842105263,1059.9473684210527,1696.5789473684208,424.1447368421052,2226.055263157895,0.07188893844781444,0.3772975022301517
2753,53.63157894736842,66.89473684210526,66.89473684210526,32.05263157894737,60.578947368421055,1126.2631578947369,1404.7894736842104,351.1973684210526,2265.8447368421052,0.05952497769848349,0.3840414808206958
2754,55.78947368421053,70.78947368421052,70.78947368421052,33.10526315789474,63.78947368421053,1171.578947368421,1486.5789473684208,371.6447368421052,2363.328947368421,0.06299063336306868,0.400564228367529
2755,49.421052631578945,77.05263157894737,77.05263157894737,37.68421052631579,55.73684210526316,1037.842105263158,1618.1052631578948,404.5263157894737,2168.857894736842,0.06856378233719893,0.3676030330062444
2756,55.05263157894737,78.89473684210526,78.89473684210526,40.10526315789474,63.78947368421053,1156.1052631578948,1656.7894736842104,414.1973684210526,2379.5763157894735,0.07020294380017841,0.4033180196253345
2757,49.1578947368421,77.36842105263158,77.36842105263158,39.31578947368421,57.31578947368421,1032.3157894736842,1624.7368421052631,406.1842105263158,2161.1210526315786,0.06884478144513827,0.3662917038358608
2758,55.21052631578947,65.94736842105263,65.94736842105263,31.526315789473685,62.10526315789474,1159.421052631579,1384.8947368421052,346.2236842105263,2317.2394736842107,0.058681980374665474,0.3927524531668154
2759,51.578947368421055,65.73684210526316,65.73684210526316,32.36842105263158,60.94736842105263,1083.157894736842,1380.4736842105265,345.1184210526316,2186.486842105263,0.05849464763603926,0.3705909901873327
2760,48.05263157894737,80.6842105263158,80.6842105263158,40.1578947368421,51.473684210526315,1009.1052631578948,1694.3684210526317,423.5921052631579,2139.071052631579,0.07179527207850134,0.3625544157002676
2761,46.526315789473685,80.84210526315789,80.84210526315789,40.21052631578947,62.21052631578947,977.0526315789474,1697.6842105263156,424.4210526315789,2085.4105263157894,0.071935771632471,0.3534594112399643
2762,44.26315789473684,86.52631578947368,86.52631578947368,43.26315789473684,55.05263157894737,929.5263157894736,1817.0526315789473,454.2631578947368,2034.457894736842,0.07699375557537912,0.34482337198929525
2763,50.89473684210526,75.21052631578948,75.21052631578948,38.26315789473684,58.473684210526315,1068.7894736842104,1579.4210526315792,394.8552631578948,2211.7973684210524,0.06692462087421945,0.3748809099018733
2764,49.8421052631579,82.89473684210526,82.89473684210526,43.421052631578945,62.94736842105263,1046.6842105263158,1740.7894736842104,435.1973684210526,2214.5605263157895,0.07376226583407672,0.3753492417484389
2765,49.10526315789474,80.3157894736842,80.3157894736842,40.10526315789474,52.26315789473684,1031.2105263157896,1686.6315789473683,421.6578947368421,2174.7157894736843,0.07146743978590543,0.3685958965209634
2766,55.78947368421053,65.52631578947368,65.52631578947368,31.42105263157895,61.89473684210526,1171.578947368421,1376.0526315789473,344.0131578947368,2335.6973684210525,0.05830731489741302,0.3958809099018733
2767,52.89473684210526,76.36842105263158,76.36842105263158,36.68421052631579,62.73684210526316,1110.7894736842104,1603.7368421052631,400.9342105263158,2289.2763157894733,0.06795495093666369,0.3880129348795717
2768,58.0,76.36842105263158,76.36842105263158,37.89473684210526,66.10526315789474,1218.0,1603.7368421052631,400.9342105263158,2471.5342105263157,0.06795495093666369,0.41890410347903656
2769,41.73684210526316,87.10526315789474,87.10526315789474,45.73684210526316,44.421052631578945,876.4736842105264,1829.2105263157896,457.3026315789474,1947.3078947368422,0.07750892060660125,0.3300521855486173
2770,56.89473684210526,80.6842105263158,80.6842105263158,38.89473684210526,65.94736842105263,1194.7894736842104,1694.3684210526317,423.5921052631579,2454.7342105263156,0.07179527207850134,0.4160566458519179
2771,41.36842105263158,88.0,88.0,46.73684210526316,45.526315789473685,868.7368421052632,1848.0,462.0,1938.8526315789475,0.07830508474576271,0.3286190900981267
2772,52.89473684210526,66.84210526315789,66.84210526315789,33.21052631578947,56.89473684210526,1110.7894736842104,1403.6842105263156,350.9210526315789,2239.2631578947367,0.059478144513826936,0.379536128456735
2773,47.26315789473684,86.10526315789474,86.10526315789474,43.89473684210526,54.94736842105263,992.5263157894736,1808.2105263157896,452.0526315789474,2139.3473684210526,0.07661909009812667,0.3626012488849242
2774,51.0,82.15789473684211,82.15789473684211,41.0,61.78947368421053,1071.0,1725.3157894736844,431.3289473684211,2252.028947368421,0.07310660124888493,0.38169982158786797
2775,45.21052631578947,84.47368421052632,84.47368421052632,43.68421052631579,52.36842105263158,949.421052631579,1773.9473684210527,443.4868421052632,2057.5026315789473,0.07516726137377341,0.34872925958965206
2776,54.73684210526316,77.94736842105263,77.94736842105263,39.05263157894737,63.78947368421053,1149.4736842105262,1636.8947368421052,409.2236842105263,2363.328947368421,0.06935994647636039,0.400564228367529
2777,50.1578947368421,72.89473684210526,72.89473684210526,36.31578947368421,62.21052631578947,1053.3157894736842,1530.7894736842104,382.6973684210526,2173.3342105263155,0.06486396074933094,0.36836173059768057
2778,53.36842105263158,72.73684210526316,72.73684210526316,36.473684210526315,58.05263157894737,1120.7368421052631,1527.4736842105265,381.8684210526316,2287.121052631579,0.06472346119536129,0.3876476360392507
2779,48.89473684210526,80.3157894736842,80.3157894736842,40.0,50.0,1026.7894736842104,1686.6315789473683,421.6578947368421,2167.2,0.07146743978590543,0.36732203389830503
2780,49.8421052631579,76.3157894736842,76.3157894736842,36.73684210526316,59.8421052631579,1046.6842105263158,1602.6315789473683,400.6578947368421,2180.0210526315786,0.06790811775200713,0.36949509366636923
2781,55.8421052631579,83.21052631578948,83.21052631578948,42.31578947368421,61.473684210526315,1172.6842105263158,1747.4210526315792,436.8552631578948,2430.418421052632,0.07404326494201607,0.41193532560214097
2782,49.1578947368421,68.47368421052632,68.47368421052632,34.578947368421055,54.05263157894737,1032.3157894736842,1437.9473684210527,359.4868421052632,2114.423684210526,0.0609299732381802,0.35837689562890274
2783,49.421052631578945,78.63157894736842,78.63157894736842,38.578947368421055,60.473684210526315,1037.842105263158,1651.2631578947369,412.8157894736842,2177.1473684210528,0.06996877787689564,0.36900802854594117
2784,55.31578947368421,82.26315789473684,82.26315789473684,41.578947368421055,66.94736842105263,1161.6315789473686,1727.5263157894735,431.8815789473684,2406.6552631578948,0.07320026761819803,0.4079076717216771
2785,51.89473684210526,79.15789473684211,79.15789473684211,40.21052631578947,56.63157894736842,1089.7894736842104,1662.3157894736844,415.5789473684211,2268.221052631579,0.0704371097234612,0.3844442462087422
2786,49.68421052631579,74.6842105263158,74.6842105263158,37.421052631578945,60.1578947368421,1043.3684210526314,1568.3684210526317,392.0921052631579,2165.8184210526315,0.06645628902765388,0.3670878679750223
2787,52.73684210526316,72.0,72.0,34.31578947368421,63.68421052631579,1107.4736842105262,1512.0,378.0,2260.7052631578945,0.0640677966101695,0.3831703835860838
2788,49.68421052631579,83.36842105263158,83.36842105263158,42.10526315789474,55.68421052631579,1043.3684210526314,1750.7368421052631,437.6842105263158,2211.410526315789,0.07418376449598572,0.37481534344335404
2789,52.94736842105263,68.3157894736842,68.3157894736842,32.8421052631579,64.15789473684211,1111.8947368421052,1434.6315789473683,358.6578947368421,2248.878947368421,0.060789473684210525,0.3811659232827832
2790,49.36842105263158,81.89473684210526,81.89473684210526,41.473684210526315,55.526315789473685,1036.7368421052631,1719.7894736842104,429.9473684210526,2192.3999999999996,0.07287243532560214,0.371593220338983
2791,51.31578947368421,77.36842105263158,77.36842105263158,39.36842105263158,53.94736842105263,1077.6315789473686,1624.7368421052631,406.1842105263158,2238.157894736842,0.06884478144513827,0.3793487957181088
2792,51.21052631578947,87.36842105263158,87.36842105263158,43.73684210526316,59.94736842105263,1075.421052631579,1834.7368421052631,458.6842105263158,2286.9,0.07774308652988403,0.38761016949152544
2793,57.21052631578947,69.42105263157895,69.42105263157895,33.21052631578947,69.0,1201.421052631579,1457.842105263158,364.4605263157895,2406.8763157894737,0.061772970561998215,0.4079451382694023
2794,46.1578947368421,80.3157894736842,80.3157894736842,42.578947368421055,52.63157894736842,969.3157894736842,1686.6315789473683,421.6578947368421,2069.4947368421053,0.07146743978590543,0.35076181980374666
2795,51.421052631578945,71.84210526315789,71.84210526315789,35.68421052631579,58.05263157894737,1079.842105263158,1508.6842105263156,377.1710526315789,2212.9026315789474,0.06392729705619982,0.37506824264049954
2796,60.421052631578945,74.26315789473684,74.26315789473684,35.63157894736842,71.3157894736842,1268.842105263158,1559.5263157894735,389.8815789473684,2546.9131578947367,0.06608162355040142,0.4316801962533452
2797,51.73684210526316,79.63157894736842,79.63157894736842,39.94736842105263,64.05263157894737,1086.4736842105262,1672.2631578947369,418.0657894736842,2265.071052631579,0.07085860838537021,0.3839103479036574
2798,50.89473684210526,80.57894736842105,80.57894736842105,39.78947368421053,60.63157894736842,1068.7894736842104,1692.157894736842,423.0394736842105,2239.9815789473682,0.07170160570918822,0.3796578947368421
2799,49.36842105263158,82.84210526315789,82.84210526315789,42.1578947368421,58.526315789473685,1036.7368421052631,1739.6842105263156,434.9210526315789,2197.373684210526,0.07371543264942015,0.372436217662801
2800,62.36842105263158,74.94736842105263,74.94736842105263,36.26315789473684,78.0,1309.7368421052631,1573.8947368421052,393.4736842105263,2620.0263157894733,0.06669045495093666,0.4440722569134701
2801,48.578947368421055,72.3157894736842,72.3157894736842,36.0,52.10526315789474,1020.1578947368422,1518.6315789473683,379.6578947368421,2113.926315789474,0.06434879571810882,0.358292595896521
2802,57.421052631578945,82.78947368421052,82.78947368421052,40.10526315789474,66.15789473684211,1205.842105263158,1738.5789473684208,434.6447368421052,2484.5763157894735,0.07366859946476359,0.421114629794826
2803,48.26315789473684,79.0,79.0,38.578947368421055,56.89473684210526,1013.5263157894736,1659.0,414.75,2137.7447368421053,0.07029661016949153,0.36232961641391614
2804,52.63157894736842,76.10526315789474,76.10526315789474,37.1578947368421,59.36842105263158,1105.2631578947369,1598.2105263157896,399.5526315789474,2278.5,0.06772078501338091,0.3861864406779661
2805,58.05263157894737,67.0,67.0,32.94736842105263,67.6842105263158,1219.1052631578948,1407.0,351.75,2424.228947368421,0.05961864406779661,0.4108862622658341
2806,47.421052631578945,86.47368421052632,86.47368421052632,44.578947368421055,55.73684210526316,995.8421052631578,1815.9473684210527,453.9868421052632,2146.9184210526314,0.07694692239072257,0.3638844781445138
2807,47.89473684210526,76.26315789473684,76.26315789473684,37.8421052631579,55.0,1005.7894736842104,1601.5263157894735,400.3815789473684,2110.2236842105262,0.06786128456735058,0.3576650312221231
2808,51.05263157894737,76.84210526315789,76.84210526315789,37.578947368421055,61.68421052631579,1072.1052631578948,1613.6842105263156,403.4210526315789,2226.0,0.0683764495985727,0.37728813559322033
2809,48.26315789473684,81.57894736842105,81.57894736842105,41.63157894736842,61.05263157894737,1013.5263157894736,1713.157894736842,428.2894736842105,2151.2842105263157,0.0725914362176628,0.3646244424620874
2810,62.78947368421053,80.05263157894737,80.05263157894737,38.578947368421055,70.6842105263158,1318.578947368421,1681.1052631578948,420.2763157894737,2661.8605263157897,0.07123327386262267,0.45116280107047285
2811,45.8421052631579,85.36842105263158,85.36842105263158,44.31578947368421,54.31578947368421,962.6842105263158,1792.7368421052631,448.1842105263158,2084.7473684210527,0.07596342551293488,0.3533470115967886
2812,51.94736842105263,76.42105263157895,76.42105263157895,38.63157894736842,59.31578947368421,1090.8947368421052,1604.842105263158,401.2105263157895,2255.7315789473682,0.06800178412132026,0.3823273862622658
2813,51.31578947368421,68.6842105263158,68.6842105263158,34.8421052631579,64.10526315789474,1077.6315789473686,1442.3684210526317,360.5921052631579,2192.565789473684,0.061117305976806424,0.37162132024977695
2814,53.94736842105263,69.10526315789474,69.10526315789474,35.73684210526316,60.63157894736842,1132.8947368421052,1451.2105263157896,362.8026315789474,2288.7236842105262,0.06149197145405888,0.3879192685102587
2815,51.68421052631579,88.15789473684211,88.15789473684211,43.78947368421053,63.10526315789474,1085.3684210526314,1851.3157894736844,462.8289473684211,2307.9552631578945,0.07844558429973239,0.391178858162355
2816,58.21052631578947,70.15789473684211,70.15789473684211,33.526315789473685,68.63157894736842,1222.421052631579,1473.3157894736844,368.3289473684211,2446.4447368421056,0.06242863514719001,0.4146516503122213
2817,50.10526315789474,78.05263157894737,78.05263157894737,41.0,55.10526315789474,1052.2105263157896,1639.1052631578948,409.7763157894737,2198.5342105263157,0.06945361284567352,0.3726329170383586
2818,50.05263157894737,69.3157894736842,69.3157894736842,34.8421052631579,63.68421052631579,1051.1052631578948,1455.6315789473683,363.9078947368421,2150.786842105263,0.0616793041926851,0.3645401427297056
2819,47.05263157894737,84.10526315789474,84.10526315789474,43.473684210526315,57.73684210526316,988.1052631578948,1766.2105263157896,441.5526315789474,2121.3315789473686,0.07483942908117752,0.3595477252453167
2820,62.8421052631579,77.42105263157895,77.42105263157895,37.68421052631579,76.36842105263158,1319.6842105263158,1625.842105263158,406.4605263157895,2649.9236842105265,0.06889161462979483,0.44913960749330956
2821,54.78947368421053,77.78947368421052,77.78947368421052,38.73684210526316,59.578947368421055,1150.578947368421,1633.5789473684208,408.3947368421052,2364.378947368421,0.06921944692239071,0.4007421944692239
2822,45.89473684210526,94.47368421052632,94.47368421052632,47.1578947368421,53.21052631578947,963.7894736842104,1983.9473684210527,495.9868421052632,2134.4289473684207,0.08406556645851919,0.36176761819803743
2823,57.68421052631579,71.3157894736842,71.3157894736842,36.21052631578947,69.42105263157895,1211.3684210526314,1497.6315789473683,374.4078947368421,2433.7342105263156,0.06345896520963425,0.41249732381801957
2824,53.73684210526316,79.63157894736842,79.63157894736842,40.10526315789474,61.0,1128.4736842105262,1672.2631578947369,418.0657894736842,2336.471052631579,0.07085860838537021,0.39601204281891167
2825,52.26315789473684,66.94736842105263,66.94736842105263,33.78947368421053,52.26315789473684,1097.5263157894738,1405.8947368421052,351.4736842105263,2217.2684210526318,0.05957181088314005,0.37580820695807315
2826,54.10526315789474,72.26315789473684,72.26315789473684,36.0,67.63157894736842,1136.2105263157896,1517.5263157894735,379.3815789473684,2310.9394736842105,0.06430196253345227,0.39168465655664586
2827,52.421052631578945,66.89473684210526,66.89473684210526,32.78947368421053,64.63157894736842,1100.842105263158,1404.7894736842104,351.1973684210526,2222.628947368421,0.05952497769848349,0.3767167707404103
2828,54.36842105263158,73.63157894736842,73.63157894736842,36.36842105263158,60.78947368421053,1141.7368421052631,1546.2631578947369,386.5657894736842,2327.5184210526313,0.06551962533452275,0.3944946476360392
2829,50.421052631578945,91.89473684210526,91.89473684210526,45.36842105263158,56.526315789473685,1058.842105263158,1929.7894736842104,482.4473684210526,2282.478947368421,0.0817707404103479,0.38686083853702047
2830,50.63157894736842,68.6842105263158,68.6842105263158,32.68421052631579,57.473684210526315,1063.2631578947369,1442.3684210526317,360.5921052631579,2168.1394736842103,0.061117305976806424,0.36748126672613735
2831,58.26315789473684,79.0,79.0,37.63157894736842,71.3157894736842,1223.5263157894738,1659.0,414.75,2494.7447368421053,0.07029661016949153,0.4228380909901873
2832,52.78947368421053,75.52631578947368,75.52631578947368,37.526315789473685,64.15789473684211,1108.578947368421,1586.0526315789473,396.5131578947368,2281.0973684210526,0.06720561998215878,0.38662667261373773
2833,51.89473684210526,79.57894736842105,79.57894736842105,39.578947368421055,62.26315789473684,1089.7894736842104,1671.157894736842,417.7894736842105,2270.431578947368,0.07081177520071365,0.3848189116859946
2834,50.578947368421055,82.78947368421052,82.78947368421052,42.0,60.1578947368421,1062.157894736842,1738.5789473684208,434.6447368421052,2240.313157894737,0.07366859946476359,0.37971409455842997
2835,56.68421052631579,74.05263157894737,74.05263157894737,37.526315789473685,63.78947368421053,1190.3684210526314,1555.1052631578948,388.7763157894737,2412.402631578947,0.0658942908117752,0.4088818019625334
2836,59.78947368421053,79.42105263157895,79.42105263157895,38.89473684210526,70.63157894736842,1255.578947368421,1667.842105263158,416.9605263157895,2551.444736842105,0.07067127564674398,0.43244826048171275
2837,54.63157894736842,65.36842105263158,65.36842105263158,31.94736842105263,62.63157894736842,1147.2631578947369,1372.7368421052631,343.1842105263158,2293.5315789473684,0.058166815343443354,0.3887341659232828
2838,47.68421052631579,74.89473684210526,74.89473684210526,38.0,58.421052631578945,1001.3684210526316,1572.7894736842104,393.1973684210526,2095.5236842105264,0.0666436217662801,0.3551735057983943
2839,54.63157894736842,74.6842105263158,74.6842105263158,37.578947368421055,60.421052631578945,1147.2631578947369,1568.3684210526317,392.0921052631579,2342.4394736842105,0.06645628902765388,0.3970236396074933
2840,48.31578947368421,82.42105263157895,82.42105263157895,42.421052631578945,59.73684210526316,1014.6315789473684,1730.842105263158,432.7105263157895,2157.584210526316,0.07334076717216771,0.36569223907225695
2841,55.05263157894737,78.05263157894737,78.05263157894737,37.473684210526315,65.57894736842105,1156.1052631578948,1639.1052631578948,409.7763157894737,2375.1552631578948,0.06945361284567352,0.4025686886708296
2842,55.473684210526315,81.3157894736842,81.3157894736842,39.8421052631579,69.15789473684211,1164.9473684210527,1707.6315789473683,426.9078947368421,2407.3184210526315,0.07235727029438001,0.4080200713648528
2843,57.421052631578945,73.05263157894737,73.05263157894737,37.21052631578947,67.3157894736842,1205.842105263158,1534.1052631578948,383.5263157894737,2433.4578947368423,0.06500446030330062,0.4124504906333631
2844,47.473684210526315,75.94736842105263,75.94736842105263,38.473684210526315,60.10526315789474,996.9473684210526,1594.8947368421052,398.7236842105263,2093.5342105263157,0.06758028545941124,0.3548363068688671
2845,49.63157894736842,68.78947368421052,68.78947368421052,35.1578947368421,54.473684210526315,1042.2631578947369,1444.5789473684208,361.1447368421052,2132.992105263158,0.061210972346119524,0.3615240856378234
2846,53.78947368421053,76.89473684210526,76.89473684210526,36.473684210526315,64.57894736842105,1129.578947368421,1614.7894736842104,403.6973684210526,2323.9815789473682,0.06842328278322926,0.3938951828724353
2847,47.26315789473684,76.63157894736842,76.63157894736842,39.36842105263158,50.473684210526315,992.5263157894736,1609.2631578947369,402.3157894736842,2089.6105263157892,0.06818911685994648,0.35417127564674394
2848,58.526315789473685,71.6842105263158,71.6842105263158,35.89473684210526,70.73684210526316,1229.0526315789473,1505.3684210526317,376.3421052631579,2465.7315789473682,0.06378679750223015,0.41792060660124886
2849,55.68421052631579,71.36842105263158,71.36842105263158,36.73684210526316,62.94736842105263,1169.3684210526314,1498.7368421052631,374.6842105263158,2362.6105263157892,0.06350579839429081,0.4004424620874219
2850,53.21052631578947,80.84210526315789,80.84210526315789,41.05263157894737,65.73684210526316,1117.421052631579,1697.6842105263156,424.4210526315789,2324.036842105263,0.071935771632471,0.3939045495093666
2851,48.473684210526315,76.42105263157895,76.42105263157895,38.05263157894737,61.526315789473685,1017.9473684210526,1604.842105263158,401.2105263157895,2131.721052631579,0.06800178412132026,0.3613086529884032
2852,58.36842105263158,72.47368421052632,72.47368421052632,36.36842105263158,72.10526315789474,1225.7368421052631,1521.9473684210527,380.4868421052632,2464.2394736842107,0.0644892952720785,0.4176677074041035
2853,54.1578947368421,74.05263157894737,74.05263157894737,38.89473684210526,55.78947368421053,1137.3157894736842,1555.1052631578948,388.7763157894737,2322.2131578947365,0.0658942908117752,0.3935954504906333
2854,48.94736842105263,77.47368421052632,77.47368421052632,39.1578947368421,50.473684210526315,1027.8947368421052,1626.9473684210527,406.7368421052632,2154.157894736842,0.06893844781445138,0.3651115075825156
2855,49.21052631578947,79.57894736842105,79.57894736842105,40.05263157894737,58.10526315789474,1033.421052631579,1671.157894736842,417.7894736842105,2174.6052631578946,0.07081177520071365,0.36857716324710077
2856,49.473684210526315,79.78947368421052,79.78947368421052,41.63157894736842,53.421052631578945,1038.9473684210527,1675.5789473684208,418.8947368421052,2185.105263157895,0.07099910793933986,0.37035682426405
2857,52.0,81.42105263157895,81.42105263157895,41.10526315789474,57.10526315789474,1092.0,1709.842105263158,427.4605263157895,2283.8605263157892,0.07245093666369314,0.38709500446030326
2858,50.26315789473684,70.0,70.0,35.473684210526315,56.526315789473685,1055.5263157894738,1470.0,367.5,2161.8947368421054,0.06228813559322034,0.3664228367528992
2859,51.36842105263158,72.0,72.0,35.36842105263158,59.26315789473684,1078.7368421052631,1512.0,378.0,2211.8526315789472,0.0640677966101695,0.37489027653880463
2860,47.94736842105263,76.47368421052632,76.47368421052632,38.63157894736842,60.36842105263158,1006.8947368421052,1605.9473684210527,401.4868421052632,2113.2078947368423,0.0680486173059768,0.35817082961641394
2861,50.05263157894737,66.10526315789474,66.10526315789474,34.31578947368421,56.78947368421053,1051.1052631578948,1388.2105263157896,347.0526315789474,2133.9315789473685,0.05882247992863515,0.36168331846565566
2862,56.21052631578947,56.21052631578947,56.21052631578947,30.736842105263158,58.89473684210526,1180.421052631579,1180.421052631579,295.10526315789474,2301.821052631579,0.0500178412132025,0.39013916146297944
2863,53.0,78.05263157894737,78.05263157894737,39.473684210526315,65.3157894736842,1113.0,1639.1052631578948,409.7763157894737,2301.8763157894737,0.06945361284567352,0.3901485280999108
2864,55.36842105263158,77.42105263157895,77.42105263157895,38.10526315789474,54.73684210526316,1162.7368421052631,1625.842105263158,406.4605263157895,2383.1131578947366,0.06889161462979483,0.4039174843889384
2865,43.36842105263158,83.0,83.0,42.8421052631579,47.31578947368421,910.7368421052632,1743.0,435.75,1984.0026315789476,0.07385593220338983,0.33627163247100805
2866,59.73684210526316,76.42105263157895,76.42105263157895,38.421052631578945,62.68421052631579,1254.4736842105262,1604.842105263158,401.2105263157895,2533.815789473684,0.06800178412132026,0.42946030330062446
2867,58.63157894736842,67.36842105263158,67.36842105263158,33.68421052631579,67.26315789473684,1231.2631578947369,1414.7368421052631,353.6842105263158,2446.8315789473686,0.059946476360392506,0.4147172167707404
2868,49.526315789473685,81.36842105263158,81.36842105263158,39.473684210526315,56.421052631578945,1040.0526315789473,1708.7368421052631,427.1842105263158,2195.273684210526,0.07240410347903657,0.3720802854594112
2869,49.73684210526316,81.47368421052632,81.47368421052632,40.36842105263158,59.21052631578947,1044.4736842105262,1710.9473684210527,427.7368421052632,2203.342105263158,0.07249776984834969,0.3734478144513827
2870,58.26315789473684,73.84210526315789,73.84210526315789,36.63157894736842,65.26315789473684,1223.5263157894738,1550.6842105263156,387.6710526315789,2467.665789473684,0.06570695807314897,0.4182484388938448
2871,50.1578947368421,71.15789473684211,71.15789473684211,34.78947368421053,62.36842105263158,1053.3157894736842,1494.3157894736844,373.5789473684211,2164.2157894736843,0.0633184656556646,0.36681623550401427
2872,46.421052631578945,74.73684210526316,74.73684210526316,38.1578947368421,56.36842105263158,974.8421052631578,1569.4736842105265,392.3684210526316,2049.6,0.06650312221231044,0.34738983050847455
2873,59.0,71.3157894736842,71.3157894736842,37.73684210526316,68.47368421052632,1239.0,1497.6315789473683,374.4078947368421,2480.707894736842,0.06345896520963425,0.4204589652096342
2874,59.68421052631579,71.47368421052632,71.47368421052632,35.68421052631579,77.6842105263158,1253.3684210526314,1500.9473684210527,375.2368421052632,2505.963157894737,0.06359946476360392,0.42473951828724354
2875,50.10526315789474,69.78947368421052,69.78947368421052,33.73684210526316,58.73684210526316,1052.2105263157896,1465.5789473684208,366.3947368421052,2155.1526315789474,0.0621008028545941,0.3652801070472792
2876,54.0,72.05263157894737,72.05263157894737,35.05263157894737,68.47368421052632,1134.0,1513.1052631578948,378.2763157894737,2306.0763157894735,0.06411462979482604,0.3908603925066904
2877,59.26315789473684,68.84210526315789,68.84210526315789,35.36842105263158,63.36842105263158,1244.5263157894738,1445.6842105263156,361.4210526315789,2477.115789473684,0.06125780553077609,0.41985013380909897
2878,47.36842105263158,73.42105263157895,73.42105263157895,37.89473684210526,52.36842105263158,994.7368421052632,1541.842105263158,385.4605263157895,2076.513157894737,0.06533229259589653,0.35195138269402326
2879,48.05263157894737,82.42105263157895,82.42105263157895,42.473684210526315,54.10526315789474,1009.1052631578948,1730.842105263158,432.7105263157895,2148.1894736842105,0.07334076717216771,0.364099910793934
2880,59.21052631578947,80.57894736842105,80.57894736842105,38.36842105263158,68.10526315789474,1243.421052631579,1692.157894736842,423.0394736842105,2536.8552631578946,0.07170160570918822,0.4299754683318465
2881,52.8421052631579,86.3157894736842,86.3157894736842,43.578947368421055,64.52631578947368,1109.6842105263158,1812.6315789473683,453.1578947368421,2339.621052631579,0.07680642283675289,0.39654594112399644
2882,48.31578947368421,77.42105263157895,77.42105263157895,39.31578947368421,49.89473684210526,1014.6315789473684,1625.842105263158,406.4605263157895,2131.334210526316,0.06889161462979483,0.36124308652988407
2883,56.68421052631579,79.73684210526316,79.73684210526316,40.05263157894737,61.473684210526315,1190.3684210526314,1674.4736842105265,418.6184210526316,2442.244736842105,0.07095227475468333,0.4139397859054415
2884,48.89473684210526,80.05263157894737,80.05263157894737,40.89473684210526,58.10526315789474,1026.7894736842104,1681.1052631578948,420.2763157894737,2165.8184210526315,0.07123327386262267,0.3670878679750223
2885,50.31578947368421,77.63157894736842,77.63157894736842,37.78947368421053,59.473684210526315,1056.6315789473686,1630.2631578947369,407.5657894736842,2203.8394736842106,0.06907894736842106,0.37353211418376453
2886,50.10526315789474,69.05263157894737,69.05263157894737,34.0,60.68421052631579,1052.2105263157896,1450.1052631578948,362.5263157894737,2151.2842105263157,0.06144513826940232,0.3646244424620874
2887,53.526315789473685,76.84210526315789,76.84210526315789,37.94736842105263,60.473684210526315,1124.0526315789473,1613.6842105263156,403.4210526315789,2314.310526315789,0.0683764495985727,0.39225602140945576
2888,51.36842105263158,62.421052631578945,62.421052631578945,32.36842105263158,56.05263157894737,1078.7368421052631,1310.842105263158,327.7105263157895,2161.563157894737,0.05554415700267618,0.36636663693131133
2889,58.05263157894737,80.26315789473684,80.26315789473684,39.78947368421053,66.6842105263158,1219.1052631578948,1685.5263157894735,421.3815789473684,2493.8605263157892,0.07142060660124888,0.4226882247992863
2890,45.89473684210526,69.73684210526316,69.73684210526316,35.8421052631579,47.89473684210526,963.7894736842104,1464.4736842105265,366.1184210526316,2004.5605263157893,0.062053969669937564,0.3397560214094558
2891,47.1578947368421,77.47368421052632,77.47368421052632,40.36842105263158,51.21052631578947,990.3157894736842,1626.9473684210527,406.7368421052632,2090.2736842105264,0.06893844781445138,0.3542836752899197
2892,56.05263157894737,71.21052631578948,71.21052631578948,36.21052631578947,59.21052631578947,1177.1052631578948,1495.4210526315792,373.8552631578948,2374.934210526316,0.06336529884032115,0.4025312221231044
2893,48.10526315789474,82.94736842105263,82.94736842105263,42.05263157894737,55.21052631578947,1010.2105263157896,1741.8947368421052,435.4736842105263,2152.8315789473686,0.07380909901873327,0.36488670829616415
2894,62.94736842105263,73.36842105263158,73.36842105263158,35.526315789473685,73.0,1321.8947368421052,1540.7368421052631,385.1842105263158,2632.4052631578948,0.06528545941123996,0.44617038358608385
2895,50.526315789473685,72.84210526315789,72.84210526315789,38.526315789473685,54.1578947368421,1061.0526315789473,1529.6842105263156,382.4210526315789,2186.210526315789,0.06481712756467439,0.3705441570026761
2896,45.68421052631579,79.84210526315789,79.84210526315789,41.36842105263158,52.68421052631579,959.3684210526316,1676.6842105263156,419.1710526315789,2050.0973684210526,0.07104594112399643,0.3474741302408564
2897,48.94736842105263,80.47368421052632,80.47368421052632,39.63157894736842,51.89473684210526,1027.8947368421052,1689.9473684210527,422.4868421052632,2169.907894736842,0.07160793933987511,0.3677809991079393
2898,55.05263157894737,70.6842105263158,70.6842105263158,35.473684210526315,64.21052631578948,1156.1052631578948,1484.3684210526317,371.0921052631579,2336.471052631579,0.06289696699375558,0.39601204281891167
2899,48.526315789473685,68.0,68.0,35.10526315789474,55.36842105263158,1019.0526315789474,1428.0,357.0,2089.3894736842103,0.06050847457627118,0.3541338090990187
2900,53.78947368421053,76.52631578947368,76.52631578947368,39.1578947368421,65.84210526315789,1129.578947368421,1607.0526315789473,401.7631578947368,2322.0473684210524,0.06809545049063336,0.3935673505798394
2901,55.21052631578947,75.26315789473684,75.26315789473684,36.73684210526316,61.89473684210526,1159.421052631579,1580.5263157894735,395.1315789473684,2366.1473684210528,0.066971454058876,0.4010419268510259
2902,48.10526315789474,73.78947368421052,73.78947368421052,39.578947368421055,48.578947368421055,1010.2105263157896,1549.5789473684208,387.3947368421052,2104.7526315789473,0.0656601248884924,0.3567377341659233
2903,49.1578947368421,78.10526315789474,78.10526315789474,41.31578947368421,49.78947368421053,1032.3157894736842,1640.2105263157896,410.0526315789474,2164.98947368421,0.06950044603033007,0.3669473684210526
2904,51.473684210526315,73.3157894736842,73.3157894736842,36.78947368421053,56.578947368421055,1080.9473684210527,1539.6315789473683,384.9078947368421,2222.5184210526313,0.0652386262265834,0.3766980374665477
2905,64.36842105263158,81.36842105263158,81.36842105263158,38.26315789473684,79.52631578947368,1351.7368421052631,1708.7368421052631,427.1842105263158,2725.136842105263,0.07240410347903657,0.46188760035682425
2906,57.36842105263158,69.0,69.0,33.89473684210526,69.73684210526316,1204.7368421052631,1449.0,362.25,2410.302631578947,0.06139830508474576,0.40852586975914357
2907,46.10526315789474,79.0,79.0,39.63157894736842,51.8421052631579,968.2105263157896,1659.0,414.75,2060.7078947368423,0.07029661016949153,0.3492725245316682
2908,49.1578947368421,67.89473684210526,67.89473684210526,35.8421052631579,56.36842105263158,1032.3157894736842,1425.7894736842104,356.4473684210526,2111.3842105263157,0.06041480820695807,0.3578617305976806
2909,53.10526315789474,70.84210526315789,70.84210526315789,36.10526315789474,66.36842105263158,1115.2105263157896,1487.6842105263156,371.9210526315789,2267.778947368421,0.06303746654772524,0.3843693131132917
2910,53.578947368421055,83.0,83.0,39.89473684210526,65.94736842105263,1125.157894736842,1743.0,435.75,2348.5184210526313,0.07385593220338983,0.3980539696699375
2911,50.10526315789474,80.15789473684211,80.15789473684211,40.31578947368421,50.26315789473684,1052.2105263157896,1683.3157894736844,420.8289473684211,2209.5868421052633,0.07132694023193578,0.3745062444246209
2912,52.1578947368421,63.526315789473685,63.526315789473685,30.736842105263158,61.31578947368421,1095.3157894736842,1334.0526315789473,333.5131578947368,2195.5499999999997,0.056527653880463866,0.3721271186440678
2913,43.473684210526315,74.3157894736842,74.3157894736842,37.26315789473684,49.94736842105263,912.9473684210526,1560.6315789473683,390.1578947368421,1942.1684210526314,0.06612845673505797,0.32918108831400533
2914,54.89473684210526,64.73684210526316,64.73684210526316,33.05263157894737,61.68421052631579,1152.7894736842104,1359.4736842105265,339.8684210526316,2299.6105263157892,0.057604817127564684,0.389764495985727
2915,52.68421052631579,76.36842105263158,76.36842105263158,38.73684210526316,56.421052631578945,1106.3684210526314,1603.7368421052631,400.9342105263158,2281.7605263157893,0.06795495093666369,0.38673907225691345
2916,60.421052631578945,69.3157894736842,69.3157894736842,34.89473684210526,70.10526315789474,1268.842105263158,1455.6315789473683,363.9078947368421,2520.9394736842105,0.0616793041926851,0.4272778768956289
2917,54.473684210526315,68.73684210526316,68.73684210526316,34.10526315789474,64.36842105263158,1143.9473684210527,1443.4736842105265,360.8684210526316,2305.5789473684213,0.06116413916146299,0.3907760927743087
2918,52.421052631578945,73.3157894736842,73.3157894736842,35.68421052631579,63.8421052631579,1100.842105263158,1539.6315789473683,384.9078947368421,2256.3394736842106,0.0652386262265834,0.3824304192685103
2919,61.26315789473684,79.42105263157895,79.42105263157895,39.63157894736842,72.47368421052632,1286.5263157894738,1667.842105263158,416.9605263157895,2604.055263157895,0.07067127564674398,0.44136529884032116
2920,51.0,77.57894736842105,77.57894736842105,38.89473684210526,57.421052631578945,1071.0,1629.157894736842,407.2894736842105,2227.9894736842107,0.0690321141837645,0.37762533452274755
2921,44.89473684210526,80.15789473684211,80.15789473684211,40.36842105263158,57.0,942.7894736842104,1683.3157894736844,420.8289473684211,2023.5710526315786,0.07132694023193578,0.34297814451382685
2922,47.78947368421053,80.57894736842105,80.57894736842105,41.05263157894737,55.0,1003.578947368421,1692.157894736842,423.0394736842105,2129.1236842105263,0.07170160570918822,0.36086842105263156
2923,50.21052631578947,67.57894736842105,67.57894736842105,35.0,50.78947368421053,1054.421052631579,1419.157894736842,354.7894736842105,2147.305263157895,0.060133809099018734,0.36395004460303304
2924,48.8421052631579,75.26315789473684,75.26315789473684,39.578947368421055,46.578947368421055,1025.6842105263158,1580.5263157894735,395.1315789473684,2138.7947368421055,0.066971454058876,0.3625075825156111
2925,48.473684210526315,76.05263157894737,76.05263157894737,36.8421052631579,59.63157894736842,1017.9473684210526,1597.1052631578948,399.2763157894737,2129.786842105263,0.06767395182872435,0.3609808206958073
2926,48.73684210526316,78.0,78.0,39.1578947368421,57.89473684210526,1023.4736842105264,1638.0,409.5,2149.4052631578948,0.06940677966101695,0.36430597680642285
2927,52.94736842105263,80.42105263157895,80.42105263157895,40.0,60.31578947368421,1111.8947368421052,1688.842105263158,422.2105263157895,2312.431578947368,0.07156110615521856,0.3919375557537912
2928,48.36842105263158,69.84210526315789,69.84210526315789,36.05263157894737,46.578947368421055,1015.7368421052632,1466.6842105263156,366.6710526315789,2093.4236842105265,0.062147636039250664,0.3548175735950045
2929,48.526315789473685,78.42105263157895,78.42105263157895,39.31578947368421,54.8421052631579,1019.0526315789474,1646.842105263158,411.7105263157895,2144.1,0.06978144513826941,0.3634067796610169
2930,44.578947368421055,76.3157894736842,76.3157894736842,38.1578947368421,48.05263157894737,936.1578947368422,1602.6315789473683,400.6578947368421,1992.1263157894737,0.06790811775200713,0.3376485280999108
2931,50.94736842105263,76.73684210526316,76.73684210526316,38.0,60.68421052631579,1069.8947368421052,1611.4736842105265,402.8684210526316,2221.6894736842105,0.0682827832292596,0.37655753791257807
2932,53.36842105263158,64.73684210526316,64.73684210526316,32.578947368421055,57.421052631578945,1120.7368421052631,1359.4736842105265,339.8684210526316,2245.121052631579,0.057604817127564684,0.38052899197145407
2933,45.94736842105263,76.21052631578948,76.21052631578948,40.73684210526316,53.63157894736842,964.8947368421052,1600.4210526315792,400.1052631578948,2040.4263157894736,0.06781445138269403,0.3458349687778769
2934,57.94736842105263,85.6842105263158,85.6842105263158,42.1578947368421,68.05263157894737,1216.8947368421052,1799.3684210526317,449.8421052631579,2518.563157894737,0.07624442462087422,0.4268751115075825
2935,55.05263157894737,72.84210526315789,72.84210526315789,35.31578947368421,65.42105263157895,1156.1052631578948,1529.6842105263156,382.4210526315789,2347.7999999999997,0.06481712756467439,0.3979322033898305
2936,56.21052631578947,72.89473684210526,72.89473684210526,37.421052631578945,61.26315789473684,1180.421052631579,1530.7894736842104,382.6973684210526,2389.4131578947367,0.06486396074933094,0.4049852809991079
2937,56.94736842105263,69.94736842105263,69.94736842105263,34.31578947368421,64.26315789473684,1195.8947368421052,1468.8947368421052,367.2236842105263,2400.2447368421053,0.06224130240856378,0.40682114183764495
2938,55.421052631578945,80.36842105263158,80.36842105263158,41.0,63.31578947368421,1163.842105263158,1687.7368421052631,421.9342105263158,2400.4657894736843,0.071514272970562,0.4068586083853702
2939,53.73684210526316,80.10526315789474,80.10526315789474,37.8421052631579,61.73684210526316,1128.4736842105262,1682.2105263157896,420.5526315789474,2338.957894736842,0.07128010704727922,0.39643354148082066
2940,59.421052631578945,69.84210526315789,69.84210526315789,34.63157894736842,68.15789473684211,1247.842105263158,1466.6842105263156,366.6710526315789,2488.0026315789473,0.062147636039250664,0.42169536128456736
2941,52.94736842105263,73.36842105263158,73.36842105263158,36.473684210526315,59.10526315789474,1111.8947368421052,1540.7368421052631,385.1842105263158,2275.4052631578943,0.06528545941123996,0.3856619090098126
2942,52.8421052631579,71.84210526315789,71.84210526315789,36.526315789473685,64.3157894736842,1109.6842105263158,1508.6842105263156,377.1710526315789,2263.6342105263157,0.06392729705619982,0.3836668153434433
2943,53.26315789473684,80.47368421052632,80.47368421052632,40.31578947368421,64.94736842105263,1118.5263157894738,1689.9473684210527,422.4868421052632,2323.9815789473687,0.07160793933987511,0.39389518287243536
2944,53.78947368421053,79.36842105263158,79.36842105263158,40.10526315789474,65.94736842105263,1129.578947368421,1666.7368421052631,416.6842105263158,2336.9684210526316,0.07062444246208742,0.3960963425512935
2945,49.63157894736842,75.36842105263158,75.36842105263158,38.578947368421055,56.31578947368421,1042.2631578947369,1582.7368421052631,395.6842105263158,2167.5315789473684,0.06706512042818912,0.367378233719893
2946,52.526315789473685,71.36842105263158,71.36842105263158,37.473684210526315,59.10526315789474,1103.0526315789473,1498.7368421052631,374.6842105263158,2249.873684210526,0.06350579839429081,0.38133452274754676
2947,55.26315789473684,75.05263157894737,75.05263157894737,37.8421052631579,64.15789473684211,1160.5263157894738,1576.1052631578948,394.0263157894737,2366.921052631579,0.06678412132024977,0.4011730597680643
2948,52.36842105263158,73.63157894736842,73.63157894736842,36.21052631578947,62.26315789473684,1099.7368421052631,1546.2631578947369,386.5657894736842,2256.1184210526317,0.06551962533452275,0.38239295272078505
2949,54.473684210526315,76.89473684210526,76.89473684210526,38.0,60.78947368421053,1143.9473684210527,1614.7894736842104,403.6973684210526,2348.407894736842,0.06842328278322926,0.3980352363960749
2950,52.36842105263158,76.21052631578948,76.21052631578948,37.05263157894737,68.52631578947368,1099.7368421052631,1600.4210526315792,400.1052631578948,2269.657894736842,0.06781445138269403,0.38468777876895627
2951,47.68421052631579,75.42105263157895,75.42105263157895,37.36842105263158,49.31578947368421,1001.3684210526316,1583.842105263158,395.9605263157895,2098.286842105263,0.06711195361284568,0.3556418376449598
2952,48.578947368421055,79.3157894736842,79.3157894736842,40.36842105263158,57.21052631578947,1020.1578947368422,1665.6315789473683,416.4078947368421,2150.676315789474,0.07057760927743086,0.36452140945584305
2953,43.63157894736842,84.94736842105263,84.94736842105263,44.526315789473685,45.473684210526315,916.2631578947368,1783.8947368421052,445.9736842105263,2003.6210526315788,0.07558876003568242,0.3395967885816235
2954,53.578947368421055,75.52631578947368,75.52631578947368,36.89473684210526,69.21052631578948,1125.157894736842,1586.0526315789473,396.5131578947368,2309.2815789473684,0.06720561998215878,0.39140365744870653
2955,65.21052631578948,71.57894736842105,71.57894736842105,36.1578947368421,74.78947368421052,1369.4210526315792,1503.157894736842,375.7894736842105,2703.805263157895,0.06369313113291704,0.4582720785013381
2956,53.421052631578945,74.3157894736842,74.3157894736842,38.8421052631579,57.05263157894737,1121.842105263158,1560.6315789473683,390.1578947368421,2297.2894736842104,0.06612845673505797,0.38937109723461194
2957,57.78947368421053,70.42105263157895,70.42105263157895,34.10526315789474,70.89473684210526,1213.578947368421,1478.842105263158,369.7105263157895,2432.7947368421055,0.0626628010704728,0.41233809099018737
2958,53.73684210526316,68.42105263157895,68.42105263157895,36.31578947368421,61.578947368421055,1128.4736842105262,1436.842105263158,359.2105263157895,2277.615789473684,0.06088314005352364,0.3860365744870651
2959,49.10526315789474,67.42105263157895,67.42105263157895,34.94736842105263,57.31578947368421,1031.2105263157896,1415.842105263158,353.9605263157895,2107.0184210526318,0.05999330954504906,0.35712176628010706
2960,53.0,68.73684210526316,68.73684210526316,33.94736842105263,62.526315789473685,1113.0,1443.4736842105265,360.8684210526316,2252.9684210526316,0.06116413916146299,0.3818590544157003
2961,56.1578947368421,68.63157894736842,68.63157894736842,35.05263157894737,61.31578947368421,1179.3157894736842,1441.2631578947369,360.3157894736842,2365.1526315789474,0.06107047279214987,0.4008733273862623
2962,52.578947368421055,71.47368421052632,71.47368421052632,35.0,63.05263157894737,1104.157894736842,1500.9473684210527,375.2368421052632,2252.305263157895,0.06359946476360392,0.38174665477252456
2963,54.421052631578945,71.3157894736842,71.3157894736842,34.21052631578947,67.0,1142.842105263158,1497.6315789473683,374.4078947368421,2317.2394736842107,0.06345896520963425,0.3927524531668154
2964,52.89473684210526,74.52631578947368,74.52631578947368,38.421052631578945,57.578947368421055,1110.7894736842104,1565.0526315789473,391.2631578947368,2279.6052631578946,0.0663157894736842,0.3863737734165923
2965,63.89473684210526,70.10526315789474,70.10526315789474,34.8421052631579,72.0,1341.7894736842104,1472.2105263157896,368.0526315789474,2649.0947368421052,0.062381801962533456,0.4489991079393399
2966,59.1578947368421,75.42105263157895,75.42105263157895,38.473684210526315,68.57894736842105,1242.3157894736842,1583.842105263158,395.9605263157895,2507.8973684210528,0.06711195361284568,0.42506735057983946
2967,53.94736842105263,67.10526315789474,67.10526315789474,34.78947368421053,55.73684210526316,1132.8947368421052,1409.2105263157896,352.3026315789474,2278.2236842105262,0.05971231043710973,0.38613960749330956
2968,54.63157894736842,84.73684210526316,84.73684210526316,42.26315789473684,67.63157894736842,1147.2631578947369,1779.4736842105265,444.8684210526316,2395.2157894736843,0.0754014272970562,0.4059687778768956
2969,55.63157894736842,72.78947368421052,72.78947368421052,36.526315789473685,64.63157894736842,1168.2631578947369,1528.5789473684208,382.1447368421052,2368.192105263158,0.06477029438001783,0.40138849241748437
2970,53.68421052631579,81.63157894736842,81.63157894736842,42.63157894736842,55.05263157894737,1127.3684210526314,1714.2631578947369,428.5657894736842,2345.0921052631575,0.07263826940231936,0.3974732381801962
2971,53.0,77.42105263157895,77.42105263157895,39.526315789473685,65.52631578947368,1113.0,1625.842105263158,406.4605263157895,2298.5605263157895,0.06889161462979483,0.38958652988403214
2972,54.89473684210526,75.84210526315789,75.84210526315789,38.26315789473684,61.578947368421055,1152.7894736842104,1592.6842105263156,398.1710526315789,2357.9131578947363,0.06748661909009812,0.3996462979482604
2973,57.94736842105263,67.21052631578948,67.21052631578948,34.0,71.0,1216.8947368421052,1411.4210526315792,352.8552631578948,2421.5763157894735,0.05980597680642285,0.4104366636931311
2974,58.1578947368421,74.0,74.0,36.63157894736842,66.52631578947368,1221.3157894736842,1554.0,388.5,2464.736842105263,0.06584745762711865,0.41775200713648525
2975,54.0,82.52631578947368,82.52631578947368,41.1578947368421,62.73684210526316,1134.0,1733.0526315789473,433.2631578947368,2361.063157894737,0.07343443354148081,0.4001801962533452
2976,52.526315789473685,82.0,82.0,41.21052631578947,62.21052631578947,1103.0526315789473,1722.0,430.5,2305.6894736842105,0.07296610169491526,0.3907948260481713
2977,51.31578947368421,75.73684210526316,75.73684210526316,37.94736842105263,60.73684210526316,1077.6315789473686,1590.4736842105265,397.6184210526316,2229.592105263158,0.06739295272078502,0.3778969669937556
2978,55.8421052631579,80.26315789473684,80.26315789473684,39.1578947368421,64.6842105263158,1172.6842105263158,1685.5263157894735,421.3815789473684,2414.944736842105,0.07142060660124888,0.4093126672613738
2979,50.68421052631579,75.84210526315789,75.84210526315789,38.578947368421055,60.05263157894737,1064.3684210526314,1592.6842105263156,398.1710526315789,2207.597368421052,0.06748661909009812,0.37416904549509356
2980,50.26315789473684,75.3157894736842,75.3157894736842,37.10526315789474,54.78947368421053,1055.5263157894738,1581.6315789473683,395.4078947368421,2189.8026315789475,0.06701828724353255,0.3711529884032114
2981,59.526315789473685,72.3157894736842,72.3157894736842,35.10526315789474,72.42105263157895,1250.0526315789473,1518.6315789473683,379.6578947368421,2504.747368421052,0.06434879571810882,0.4245334522747546
2982,52.78947368421053,79.63157894736842,79.63157894736842,40.421052631578945,55.0,1108.578947368421,1672.2631578947369,418.0657894736842,2302.65,0.07085860838537021,0.39027966101694916
2983,53.63157894736842,70.0,70.0,33.578947368421055,68.05263157894737,1126.2631578947369,1470.0,367.5,2282.1473684210523,0.06228813559322034,0.3868046387154326
2984,49.26315789473684,76.21052631578948,76.21052631578948,40.10526315789474,59.8421052631579,1034.5263157894738,1600.4210526315792,400.1052631578948,2158.8,0.06781445138269403,0.3658983050847458
2985,50.68421052631579,79.6842105263158,79.6842105263158,39.78947368421053,64.84210526315789,1064.3684210526314,1673.3684210526317,418.3421052631579,2227.7684210526313,0.07090544157002676,0.37758786797502225
2986,47.578947368421055,75.47368421052632,75.47368421052632,37.21052631578947,53.68421052631579,999.1578947368422,1584.9473684210527,396.2368421052632,2094.805263157895,0.06715878679750223,0.3550517395182873
2987,47.94736842105263,79.05263157894737,79.05263157894737,40.578947368421055,54.36842105263158,1006.8947368421052,1660.1052631578948,415.0263157894737,2126.7473684210527,0.07034344335414809,0.3604656556645852
2988,48.526315789473685,78.6842105263158,78.6842105263158,40.26315789473684,58.421052631578945,1019.0526315789474,1652.3684210526317,413.0921052631579,2145.4815789473687,0.07001561106155219,0.36364094558429977
2989,56.1578947368421,82.42105263157895,82.42105263157895,41.31578947368421,68.21052631578948,1179.3157894736842,1730.842105263158,432.7105263157895,2437.5473684210524,0.07334076717216771,0.41314362176628006
2990,50.73684210526316,82.63157894736842,82.63157894736842,41.31578947368421,66.26315789473684,1065.4736842105262,1735.2631578947369,433.8157894736842,2245.121052631579,0.07352809991079394,0.38052899197145407
2991,54.26315789473684,84.36842105263158,84.36842105263158,42.526315789473685,58.36842105263158,1139.5263157894738,1771.7368421052631,442.9342105263158,2380.128947368421,0.0750735950044603,0.4034116859946476
2992,48.05263157894737,79.21052631578948,79.21052631578948,41.578947368421055,53.1578947368421,1009.1052631578948,1663.4210526315792,415.8552631578948,2131.334210526316,0.07048394290811776,0.36124308652988407
2993,49.526315789473685,80.36842105263158,80.36842105263158,41.05263157894737,50.94736842105263,1040.0526315789473,1687.7368421052631,421.9342105263158,2190.023684210526,0.071514272970562,0.3711904549509366
2994,47.94736842105263,79.21052631578948,79.21052631578948,40.36842105263158,53.78947368421053,1006.8947368421052,1663.4210526315792,415.8552631578948,2127.5763157894735,0.07048394290811776,0.3606061552185548
2995,50.73684210526316,69.89473684210526,69.89473684210526,36.31578947368421,58.26315789473684,1065.4736842105262,1467.7894736842104,366.9473684210526,2178.2526315789473,0.06219446922390722,0.36919536128456737
2996,50.10526315789474,74.10526315789474,74.10526315789474,38.0,58.89473684210526,1052.2105263157896,1556.2105263157896,389.0526315789474,2177.8105263157895,0.06594112399643176,0.3691204281891169
2997,52.36842105263158,81.05263157894737,81.05263157894737,39.68421052631579,57.94736842105263,1099.7368421052631,1702.1052631578948,425.5263157894737,2295.078947368421,0.07212310437109724,0.3889964317573595
2998,48.36842105263158,83.26315789473684,83.26315789473684,42.89473684210526,58.26315789473684,1015.7368421052632,1748.5263157894735,437.1315789473684,2163.884210526316,0.07409009812667261,0.36676003568242643
2999,60.10526315789474,78.89473684210526,78.89473684210526,40.1578947368421,69.21052631578948,1262.2105263157896,1656.7894736842104,414.1973684210526,2559.955263157895,0.07020294380017841,0.43389072256913475
3000,57.05263157894737,80.42105263157895,80.42105263157895,39.21052631578947,63.78947368421053,1198.1052631578948,1688.842105263158,422.2105263157895,2458.9894736842107,0.07156110615521856,0.41677787689562895
3001,59.05263157894737,72.89473684210526,72.89473684210526,36.26315789473684,68.52631578947368,1240.1052631578948,1530.7894736842104,382.6973684210526,2490.8763157894737,0.06486396074933094,0.42218242640499554
3002,55.89473684210526,75.05263157894737,75.05263157894737,36.578947368421055,67.89473684210526,1173.7894736842104,1576.1052631578948,394.0263157894737,2389.468421052631,0.06678412132024977,0.40499464763603915
3003,49.421052631578945,82.05263157894737,82.05263157894737,41.94736842105263,55.63157894736842,1037.842105263158,1723.1052631578948,430.7763157894737,2195.107894736842,0.07301293487957182,0.3720521855486173
3004,47.473684210526315,71.78947368421052,71.78947368421052,36.26315789473684,56.68421052631579,996.9473684210526,1507.5789473684208,376.8947368421052,2071.7052631578945,0.06388046387154325,0.35113648528099906
3005,54.421052631578945,72.73684210526316,72.73684210526316,35.73684210526316,65.26315789473684,1142.842105263158,1527.4736842105265,381.8684210526316,2324.7,0.06472346119536129,0.3940169491525423
3006,49.10526315789474,75.57894736842105,75.57894736842105,36.21052631578947,59.89473684210526,1031.2105263157896,1587.157894736842,396.7894736842105,2149.8473684210526,0.06725245316681534,0.36438090990187333
3007,48.73684210526316,84.6842105263158,84.6842105263158,43.421052631578945,53.94736842105263,1023.4736842105264,1778.3684210526317,444.5921052631579,2184.4973684210527,0.07535459411239964,0.37025379125780555
3008,57.421052631578945,70.26315789473684,70.26315789473684,36.0,63.8421052631579,1205.842105263158,1475.5263157894735,368.8815789473684,2418.813157894737,0.06252230151650312,0.40996833184656556
3009,45.63157894736842,83.10526315789474,83.10526315789474,43.21052631578947,59.473684210526315,958.2631578947368,1745.2105263157896,436.3026315789474,2065.35,0.07394959857270295,0.3500593220338983
3010,53.26315789473684,66.6842105263158,66.6842105263158,32.421052631578945,62.526315789473685,1118.5263157894738,1400.3684210526317,350.0921052631579,2251.5868421052633,0.05933764495985727,0.3816248884924175
3011,55.78947368421053,79.42105263157895,79.42105263157895,38.26315789473684,71.57894736842105,1171.578947368421,1667.842105263158,416.9605263157895,2408.644736842105,0.07067127564674398,0.40824487065120424
3012,57.26315789473684,70.47368421052632,70.47368421052632,33.473684210526315,64.21052631578948,1202.5263157894738,1479.9473684210527,369.9868421052632,2414.2815789473684,0.06270963425512935,0.40920026761819805
3013,51.473684210526315,83.05263157894737,83.05263157894737,41.1578947368421,57.94736842105263,1080.9473684210527,1744.1052631578948,436.0263157894737,2273.636842105263,0.0739027653880464,0.3853621766280107
3014,53.05263157894737,71.78947368421052,71.78947368421052,36.31578947368421,55.1578947368421,1114.1052631578948,1507.5789473684208,376.8947368421052,2270.8736842105263,0.06388046387154325,0.3848938447814451
3015,48.89473684210526,67.10526315789474,67.10526315789474,35.89473684210526,57.21052631578947,1026.7894736842104,1409.2105263157896,352.3026315789474,2097.8447368421052,0.05971231043710973,0.35556690454950934
3016,51.21052631578947,72.63157894736842,72.63157894736842,37.21052631578947,60.73684210526316,1075.421052631579,1525.2631578947369,381.3157894736842,2209.5315789473684,0.06462979482604818,0.3744968777876896
3017,51.10526315789474,86.05263157894737,86.05263157894737,43.8421052631579,66.42105263157895,1073.2105263157896,1807.1052631578948,451.7763157894737,2276.234210526316,0.07657225691347012,0.3858024085637824
3018,47.94736842105263,68.63157894736842,68.63157894736842,35.05263157894737,48.1578947368421,1006.8947368421052,1441.2631578947369,360.3157894736842,2072.036842105263,0.06107047279214987,0.35119268510258694
3019,48.89473684210526,62.78947368421053,62.78947368421053,30.68421052631579,56.31578947368421,1026.7894736842104,1318.578947368421,329.64473684210526,2075.186842105263,0.055871989295272075,0.3517265834076717
3020,45.421052631578945,85.42105263157895,85.42105263157895,44.473684210526315,52.421052631578945,953.8421052631578,1793.842105263158,448.4605263157895,2069.9921052631576,0.07601025869759144,0.3508461195361284
3021,49.36842105263158,76.89473684210526,76.89473684210526,39.0,57.89473684210526,1036.7368421052631,1614.7894736842104,403.6973684210526,2166.1499999999996,0.06842328278322926,0.36714406779661013
3022,52.89473684210526,80.84210526315789,80.84210526315789,40.73684210526316,63.578947368421055,1110.7894736842104,1697.6842105263156,424.4210526315789,2312.7631578947367,0.071935771632471,0.3919937555753791
3023,47.68421052631579,69.3157894736842,69.3157894736842,33.68421052631579,56.21052631578947,1001.3684210526316,1455.6315789473683,363.9078947368421,2066.234210526316,0.0616793041926851,0.35020918822479935
3024,50.36842105263158,80.89473684210526,80.89473684210526,40.89473684210526,53.36842105263158,1057.7368421052631,1698.7894736842104,424.6973684210526,2222.85,0.07198260481712757,0.37675423728813556
3025,49.21052631578947,69.3157894736842,69.3157894736842,35.473684210526315,56.8421052631579,1033.421052631579,1455.6315789473683,363.9078947368421,2120.7236842105262,0.0616793041926851,0.35944469223907227
3026,48.94736842105263,81.42105263157895,81.42105263157895,41.578947368421055,60.421052631578945,1027.8947368421052,1709.842105263158,427.4605263157895,2174.8815789473683,0.07245093666369314,0.36862399643175736
3027,51.89473684210526,73.26315789473684,73.26315789473684,36.8421052631579,62.10526315789474,1089.7894736842104,1538.5263157894735,384.6315789473684,2237.273684210526,0.06519179304192685,0.3791989295272078
3028,45.36842105263158,81.10526315789474,81.10526315789474,42.36842105263158,49.526315789473685,952.7368421052632,1703.2105263157896,425.8026315789474,2045.455263157895,0.0721699375557538,0.3466873327386263
3029,53.05263157894737,67.89473684210526,67.89473684210526,33.8421052631579,64.63157894736842,1114.1052631578948,1425.7894736842104,356.4473684210526,2250.426315789474,0.06041480820695807,0.38142818911686
3030,48.578947368421055,85.15789473684211,85.15789473684211,41.578947368421055,50.10526315789474,1020.1578947368422,1788.3157894736844,447.0789473684211,2181.347368421053,0.07577609277430866,0.36971989295272084
3031,50.21052631578947,83.47368421052632,83.47368421052632,42.21052631578947,57.26315789473684,1054.421052631579,1752.9473684210527,438.2368421052632,2230.7526315789473,0.07427743086529884,0.37809366636931313
3032,56.68421052631579,78.05263157894737,78.05263157894737,39.10526315789474,70.10526315789474,1190.3684210526314,1639.1052631578948,409.7763157894737,2433.402631578947,0.06945361284567352,0.4124411239964317
3033,55.0,73.21052631578948,73.21052631578948,35.63157894736842,64.52631578947368,1155.0,1537.4210526315792,384.3552631578948,2347.855263157895,0.0651449598572703,0.3979415700267619
3034,60.63157894736842,73.15789473684211,73.15789473684211,35.8421052631579,74.26315789473684,1273.2631578947369,1536.3157894736844,384.0789473684211,2548.626315789474,0.06509812667261375,0.43197056199821593
3035,51.78947368421053,64.42105263157895,64.42105263157895,32.10526315789474,60.78947368421053,1087.578947368421,1352.842105263158,338.2105263157895,2187.0947368421052,0.057323818019625335,0.37069402319357714
3036,60.26315789473684,82.42105263157895,82.42105263157895,41.26315789473684,65.84210526315789,1265.5263157894738,1730.842105263158,432.7105263157895,2584.105263157895,0.07334076717216771,0.4379839429081178
3037,53.10526315789474,71.84210526315789,71.84210526315789,36.421052631578945,60.26315789473684,1115.2105263157896,1508.6842105263156,377.1710526315789,2273.028947368421,0.06392729705619982,0.3852591436217663
3038,61.05263157894737,64.36842105263158,64.36842105263158,30.57894736842105,70.36842105263158,1282.1052631578948,1351.7368421052631,337.9342105263158,2517.513157894737,0.05727698483496878,0.42669714540588766
3039,46.63157894736842,77.78947368421052,77.78947368421052,38.68421052631579,56.73684210526316,979.2631578947368,1633.5789473684208,408.3947368421052,2073.1421052631576,0.06921944692239071,0.35138001784121314
3040,49.31578947368421,66.73684210526316,66.73684210526316,33.0,59.36842105263158,1035.6315789473686,1401.4736842105265,350.3684210526316,2110.942105263158,0.059384478144513836,0.35778679750223014
3041,52.578947368421055,71.57894736842105,71.57894736842105,36.1578947368421,59.578947368421055,1104.157894736842,1503.157894736842,375.7894736842105,2252.857894736842,0.06369313113291704,0.38184032114183764
3042,50.1578947368421,66.57894736842105,66.57894736842105,33.68421052631579,55.0,1053.3157894736842,1398.157894736842,349.5394736842105,2140.1763157894734,0.05924397859054416,0.3627417484388938
3043,58.526315789473685,78.47368421052632,78.47368421052632,37.21052631578947,76.94736842105263,1229.0526315789473,1647.9473684210527,411.9868421052632,2501.3763157894737,0.06982827832292596,0.4239620874219447
3044,53.21052631578947,76.94736842105263,76.94736842105263,38.8421052631579,63.526315789473685,1117.421052631579,1615.8947368421052,403.9736842105263,2303.5894736842106,0.06847011596788581,0.3904388938447815
3045,55.63157894736842,80.52631578947368,80.52631578947368,39.578947368421055,61.578947368421055,1168.2631578947369,1691.0526315789473,422.7631578947368,2408.8105263157895,0.07165477252453166,0.40827297056199824
3046,48.63157894736842,70.89473684210526,70.89473684210526,35.36842105263158,55.94736842105263,1021.2631578947368,1488.7894736842104,372.1973684210526,2108.3447368421052,0.06308429973238179,0.3573465655664585
3047,58.0,65.36842105263158,65.36842105263158,31.736842105263158,64.73684210526316,1218.0,1372.7368421052631,343.1842105263158,2413.7842105263157,0.058166815343443354,0.4091159678858162
3048,52.10526315789474,85.26315789473684,85.26315789473684,42.89473684210526,66.78947368421052,1094.2105263157896,1790.5263157894735,447.6315789473684,2307.789473684211,0.07586975914362176,0.39115075825156115
3049,55.421052631578945,76.42105263157895,76.42105263157895,37.526315789473685,66.94736842105263,1163.842105263158,1604.842105263158,401.2105263157895,2379.742105263158,0.06800178412132026,0.4033461195361285
3050,50.10526315789474,83.78947368421052,83.78947368421052,41.94736842105263,58.578947368421055,1052.2105263157896,1759.5789473684208,439.8947368421052,2228.6526315789474,0.07455842997323817,0.37773773416592327
3051,55.05263157894737,85.94736842105263,85.94736842105263,41.26315789473684,68.42105263157895,1156.1052631578948,1804.8947368421052,451.2236842105263,2416.6026315789472,0.076478590544157,0.4095936663693131
3052,51.10526315789474,80.84210526315789,80.84210526315789,42.31578947368421,56.73684210526316,1073.2105263157896,1697.6842105263156,424.4210526315789,2248.878947368421,0.071935771632471,0.3811659232827832
3053,50.473684210526315,73.52631578947368,73.52631578947368,35.63157894736842,56.0,1059.9473684210527,1544.0526315789473,386.0131578947368,2187.9236842105265,0.06542595896520963,0.37083452274754686
3054,57.36842105263158,81.6842105263158,81.6842105263158,39.73684210526316,60.89473684210526,1204.7368421052631,1715.3684210526317,428.8421052631579,2476.894736842105,0.07268510258697591,0.41981266726137373
3055,53.0,80.89473684210526,80.89473684210526,41.0,53.31578947368421,1113.0,1698.7894736842104,424.6973684210526,2316.7973684210524,0.07198260481712757,0.3926775200713648
3056,56.421052631578945,86.73684210526316,86.73684210526316,43.89473684210526,63.1578947368421,1184.842105263158,1821.4736842105265,455.3684210526316,2469.6,0.07718108831400536,0.41857627118644064
3057,44.05263157894737,88.36842105263158,88.36842105263158,44.94736842105263,52.21052631578947,925.1052631578948,1855.7368421052631,463.9342105263158,2036.613157894737,0.0786329170383586,0.34518867082961646
3058,55.1578947368421,76.73684210526316,76.73684210526316,37.0,66.57894736842105,1158.3157894736842,1611.4736842105265,402.8684210526316,2372.0052631578947,0.0682827832292596,0.40203479036574485
3059,54.8421052631579,68.10526315789474,68.10526315789474,34.94736842105263,65.84210526315789,1151.6842105263158,1430.2105263157896,357.5526315789474,2315.415789473684,0.060602140945584304,0.39244335414808207
3060,46.526315789473685,79.52631578947368,79.52631578947368,40.94736842105263,58.1578947368421,977.0526315789474,1670.0526315789473,417.5131578947368,2078.5026315789473,0.07076494201605708,0.35228858162355037
3061,51.63157894736842,78.42105263157895,78.42105263157895,40.10526315789474,56.421052631578945,1084.2631578947369,1646.842105263158,411.7105263157895,2254.9578947368423,0.06978144513826941,0.3821962533452275
3062,55.21052631578947,71.26315789473684,71.26315789473684,35.31578947368421,65.73684210526316,1159.421052631579,1496.5263157894735,374.1315789473684,2345.1473684210528,0.0634121320249777,0.3974826048171276
3063,66.6842105263158,69.26315789473684,69.26315789473684,33.578947368421055,78.15789473684211,1400.3684210526317,1454.5263157894735,363.6315789473684,2744.257894736842,0.06163247100802854,0.465128456735058
3064,45.0,83.3157894736842,83.3157894736842,41.1578947368421,51.68421052631579,945.0,1749.6315789473683,437.4078947368421,2043.907894736842,0.07413693131132916,0.3464250669045495
3065,53.31578947368421,81.15789473684211,81.15789473684211,39.78947368421053,65.94736842105263,1119.6315789473686,1704.3157894736844,426.0789473684211,2329.4526315789476,0.07221677074041036,0.3948224799286352
3066,52.10526315789474,83.3157894736842,83.3157894736842,41.94736842105263,63.21052631578947,1094.2105263157896,1749.6315789473683,437.4078947368421,2297.565789473684,0.07413693131132916,0.3894179304192685
3067,50.73684210526316,66.21052631578948,66.21052631578948,33.78947368421053,59.05263157894737,1065.4736842105262,1390.4210526315792,347.6052631578948,2158.9105263157894,0.05891614629794827,0.3659170383586084
3068,55.73684210526316,79.84210526315789,79.84210526315789,41.0,67.21052631578948,1170.4736842105262,1676.6842105263156,419.1710526315789,2408.9763157894736,0.07104594112399643,0.4083010704727921
3069,58.36842105263158,70.26315789473684,70.26315789473684,35.36842105263158,68.3157894736842,1225.7368421052631,1475.5263157894735,368.8815789473684,2452.6342105263157,0.06252230151650312,0.41570071364852806
3070,50.05263157894737,65.89473684210526,65.89473684210526,33.63157894736842,61.0,1051.1052631578948,1383.7894736842104,345.9473684210526,2132.8263157894735,0.05863514719000892,0.3614959857270294
3071,49.73684210526316,73.15789473684211,73.15789473684211,36.26315789473684,59.0,1044.4736842105262,1536.3157894736844,384.0789473684211,2159.684210526316,0.06509812667261375,0.36604817127564676
3072,56.473684210526315,73.36842105263158,73.36842105263158,36.05263157894737,68.26315789473684,1185.9473684210527,1540.7368421052631,385.1842105263158,2401.294736842105,0.06528545941123996,0.40699910793933985
3073,46.473684210526315,72.15789473684211,72.15789473684211,37.73684210526316,49.89473684210526,975.9473684210526,1515.3157894736844,378.8289473684211,2037.9394736842105,0.06420829616413917,0.3454134701159679
3074,56.8421052631579,66.10526315789474,66.10526315789474,32.0,65.42105263157895,1193.6842105263158,1388.2105263157896,347.0526315789474,2376.315789473684,0.05882247992863515,0.4027653880463872
3075,57.21052631578947,65.0,65.0,33.578947368421055,61.36842105263158,1201.421052631579,1365.0,341.25,2383.665789473684,0.057838983050847455,0.40401115075825156
3076,53.31578947368421,76.05263157894737,76.05263157894737,38.473684210526315,60.63157894736842,1119.6315789473686,1597.1052631578948,399.2763157894737,2302.65,0.06767395182872435,0.39027966101694916
3077,54.63157894736842,82.73684210526316,82.73684210526316,41.78947368421053,68.94736842105263,1147.2631578947369,1737.4736842105265,434.3684210526316,2384.7157894736843,0.07362176628010705,0.40418911685994646
3078,47.89473684210526,69.84210526315789,69.84210526315789,34.526315789473685,53.26315789473684,1005.7894736842104,1466.6842105263156,366.6710526315789,2076.5131578947367,0.062147636039250664,0.35195138269402315
3079,52.63157894736842,83.05263157894737,83.05263157894737,41.36842105263158,57.68421052631579,1105.2631578947369,1744.1052631578948,436.0263157894737,2314.9736842105262,0.0739027653880464,0.3923684210526316
3080,53.94736842105263,80.6842105263158,80.6842105263158,41.10526315789474,64.57894736842105,1132.8947368421052,1694.3684210526317,423.5921052631579,2349.5131578947367,0.07179527207850134,0.3982225691347011
3081,58.94736842105263,71.26315789473684,71.26315789473684,36.05263157894737,71.6842105263158,1237.8947368421052,1496.5263157894735,374.1315789473684,2478.552631578947,0.0634121320249777,0.42009366636931306
3082,49.31578947368421,68.10526315789474,68.10526315789474,34.36842105263158,57.94736842105263,1035.6315789473686,1430.2105263157896,357.5526315789474,2118.1263157894737,0.060602140945584304,0.35900446030330063
3083,49.73684210526316,74.84210526315789,74.84210526315789,36.0,61.89473684210526,1044.4736842105262,1571.6842105263156,392.9210526315789,2168.5263157894733,0.06659678858162354,0.3675468331846565
3084,59.0,74.3157894736842,74.3157894736842,36.31578947368421,63.8421052631579,1239.0,1560.6315789473683,390.1578947368421,2496.457894736842,0.06612845673505797,0.42312845673505795
3085,56.68421052631579,74.73684210526316,74.73684210526316,35.8421052631579,66.36842105263158,1190.3684210526314,1569.4736842105265,392.3684210526316,2415.994736842105,0.06650312221231044,0.4094906333630686
3086,56.0,68.10526315789474,68.10526315789474,33.1578947368421,67.26315789473684,1176.0,1430.2105263157896,357.5526315789474,2356.7526315789473,0.060602140945584304,0.39944959857270296
3087,54.1578947368421,68.10526315789474,68.10526315789474,30.05263157894737,61.73684210526316,1137.3157894736842,1430.2105263157896,357.5526315789474,2290.98947368421,0.060602140945584304,0.3883033006244424
3088,58.0,73.84210526315789,73.84210526315789,37.0,65.36842105263158,1218.0,1550.6842105263156,387.6710526315789,2458.2710526315786,0.06570695807314897,0.4166561106155218
3089,49.68421052631579,77.94736842105263,77.94736842105263,39.05263157894737,55.10526315789474,1043.3684210526314,1636.8947368421052,409.2236842105263,2182.95,0.06935994647636039,0.36999152542372876
3090,56.94736842105263,65.3157894736842,65.3157894736842,31.31578947368421,68.26315789473684,1195.8947368421052,1371.6315789473683,342.9078947368421,2375.928947368421,0.0581199821587868,0.402699821587868
3091,53.1578947368421,73.3157894736842,73.3157894736842,37.73684210526316,55.63157894736842,1116.3157894736842,1539.6315789473683,384.9078947368421,2282.644736842105,0.0652386262265834,0.3868889384478144
3092,56.36842105263158,71.52631578947368,71.52631578947368,36.10526315789474,67.10526315789474,1183.7368421052631,1502.0526315789473,375.5131578947368,2387.865789473684,0.06364629794826047,0.4047230151650312
3093,57.31578947368421,72.21052631578948,72.21052631578948,36.31578947368421,67.57894736842105,1203.6315789473686,1516.4210526315792,379.1052631578948,2425.2789473684215,0.06425512934879572,0.4110642283675291
3094,53.63157894736842,77.15789473684211,77.15789473684211,38.0,70.63157894736842,1126.2631578947369,1620.3157894736844,405.0789473684211,2319.7263157894736,0.06865744870651205,0.39317395182872433
3095,54.78947368421053,70.21052631578948,70.21052631578948,35.578947368421055,64.15789473684211,1150.578947368421,1474.4210526315792,368.6052631578948,2324.5894736842106,0.06247546833184658,0.3939982158786798
3096,50.05263157894737,88.15789473684211,88.15789473684211,44.89473684210526,65.57894736842105,1051.1052631578948,1851.3157894736844,462.8289473684211,2249.7078947368423,0.07844558429973239,0.3813064228367529
3097,51.0,75.15789473684211,75.15789473684211,38.1578947368421,67.10526315789474,1071.0,1578.3157894736844,394.5789473684211,2215.278947368421,0.0668777876895629,0.37547100802854594
3098,58.21052631578947,79.42105263157895,79.42105263157895,40.0,63.1578947368421,1222.421052631579,1667.842105263158,416.9605263157895,2495.076315789474,0.07067127564674398,0.42289429081177526
3099,54.526315789473685,72.21052631578948,72.21052631578948,33.94736842105263,60.78947368421053,1145.0526315789473,1516.4210526315792,379.1052631578948,2325.694736842105,0.06425512934879572,0.394185548617306
3100,50.63157894736842,80.63157894736842,80.63157894736842,40.05263157894737,55.36842105263158,1063.2631578947369,1693.2631578947369,423.3157894736842,2230.863157894737,0.07174843889384479,0.3781123996431758
3101,59.31578947368421,83.89473684210526,83.89473684210526,41.05263157894737,71.6842105263158,1245.6315789473686,1761.7894736842104,440.4473684210526,2558.021052631579,0.0746520963425513,0.4335628902765388
3102,51.1578947368421,81.21052631578948,81.21052631578948,40.1578947368421,56.94736842105263,1074.3157894736842,1705.4210526315792,426.3552631578948,2252.692105263158,0.07226360392506692,0.3818122212310437
3103,55.8421052631579,70.52631578947368,70.52631578947368,34.21052631578947,74.52631578947368,1172.6842105263158,1481.0526315789473,370.2631578947368,2363.8263157894735,0.0627564674397859,0.40064852809991075
3104,54.526315789473685,86.84210526315789,86.84210526315789,42.21052631578947,66.63157894736842,1145.0526315789473,1823.6842105263156,455.9210526315789,2402.5105263157893,0.07727475468331846,0.4072051739518287
3105,55.94736842105263,70.78947368421052,70.78947368421052,34.36842105263158,63.73684210526316,1174.8947368421052,1486.5789473684208,371.6447368421052,2368.965789473684,0.06299063336306868,0.4015196253345227
3106,52.0,74.94736842105263,74.94736842105263,36.10526315789474,65.21052631578948,1092.0,1573.8947368421052,393.4736842105263,2249.8736842105263,0.06669045495093666,0.3813345227475468
3107,54.8421052631579,76.05263157894737,76.05263157894737,36.526315789473685,66.84210526315789,1151.6842105263158,1597.1052631578948,399.2763157894737,2357.1394736842103,0.06767395182872435,0.3995151650312221
3108,48.63157894736842,80.57894736842105,80.57894736842105,40.78947368421053,62.0,1021.2631578947368,1692.157894736842,423.0394736842105,2159.186842105263,0.07170160570918822,0.36596387154326493
3109,44.1578947368421,82.36842105263158,82.36842105263158,43.26315789473684,52.473684210526315,927.3157894736842,1729.7368421052631,432.4342105263158,2008.8710526315788,0.07329393398751115,0.3404866190900981
3110,61.05263157894737,74.26315789473684,74.26315789473684,36.89473684210526,67.52631578947368,1282.1052631578948,1559.5263157894735,389.8815789473684,2569.4605263157896,0.06608162355040142,0.4355017841213203
3111,52.26315789473684,75.89473684210526,75.89473684210526,38.8421052631579,58.8421052631579,1097.5263157894738,1593.7894736842104,398.4473684210526,2264.242105263158,0.06753345227475469,0.3837698483496878
3112,53.21052631578947,73.26315789473684,73.26315789473684,36.63157894736842,63.94736842105263,1117.421052631579,1538.5263157894735,384.6315789473684,2284.2473684210527,0.06519179304192685,0.3871605709188225
3113,53.89473684210526,74.47368421052632,74.47368421052632,36.63157894736842,55.36842105263158,1131.7894736842104,1563.9473684210527,390.9868421052632,2315.028947368421,0.06626895628902765,0.3923777876895629
3114,52.68421052631579,83.84210526315789,83.84210526315789,41.05263157894737,65.47368421052632,1106.3684210526314,1760.6842105263156,440.1710526315789,2320.997368421052,0.07460526315789473,0.3933893844781444
3115,62.473684210526315,74.57894736842105,74.57894736842105,35.05263157894737,72.36842105263158,1311.9473684210527,1566.157894736842,391.5394736842105,2621.85,0.06636262265834077,0.44438135593220335
3116,48.10526315789474,85.36842105263158,85.36842105263158,43.421052631578945,56.21052631578947,1010.2105263157896,1792.7368421052631,448.1842105263158,2165.542105263158,0.07596342551293488,0.3670410347903658
3117,53.526315789473685,77.15789473684211,77.15789473684211,37.94736842105263,60.526315789473685,1124.0526315789473,1620.3157894736844,405.0789473684211,2315.9684210526316,0.06865744870651205,0.3925370205173952
3118,60.26315789473684,73.42105263157895,73.42105263157895,35.31578947368421,66.3157894736842,1265.5263157894738,1541.842105263158,385.4605263157895,2536.855263157895,0.06533229259589653,0.42997546833184663
3119,49.26315789473684,71.63157894736842,71.63157894736842,35.73684210526316,55.26315789473684,1034.5263157894738,1504.2631578947369,376.0657894736842,2134.76052631579,0.0637399643175736,0.3618238180196254
3120,52.94736842105263,78.15789473684211,78.15789473684211,39.26315789473684,56.94736842105263,1111.8947368421052,1641.3157894736844,410.3289473684211,2300.5499999999997,0.06954727921498663,0.3899237288135593
3121,51.421052631578945,76.89473684210526,76.89473684210526,37.94736842105263,60.0,1079.842105263158,1614.7894736842104,403.6973684210526,2239.428947368421,0.06842328278322926,0.379564228367529
3122,55.21052631578947,73.47368421052632,73.47368421052632,35.31578947368421,57.63157894736842,1159.421052631579,1542.9473684210527,385.7368421052632,2356.7526315789473,0.06537912578055308,0.39944959857270296
3123,56.73684210526316,67.73684210526316,67.73684210526316,34.78947368421053,65.42105263157895,1191.4736842105262,1422.4736842105265,355.6184210526316,2381.1236842105263,0.06027430865298841,0.40358028545941127
3124,47.68421052631579,85.73684210526316,85.73684210526316,43.73684210526316,54.63157894736842,1001.3684210526316,1800.4736842105265,450.1184210526316,2152.444736842105,0.07629125780553078,0.36482114183764497
3125,49.31578947368421,78.42105263157895,78.42105263157895,38.1578947368421,59.05263157894737,1035.6315789473686,1646.842105263158,411.7105263157895,2172.2842105263157,0.06978144513826941,0.3681837644959857
3126,42.05263157894737,93.57894736842105,93.57894736842105,47.578947368421055,50.0,883.1052631578948,1965.157894736842,491.2894736842105,1992.5684210526315,0.08326940231935771,0.3377234611953613
3127,50.68421052631579,75.10526315789474,75.10526315789474,38.31578947368421,53.8421052631579,1064.3684210526314,1577.2105263157896,394.3026315789474,2203.728947368421,0.06683095450490634,0.3735133809099018
3128,58.36842105263158,65.26315789473684,65.26315789473684,32.63157894736842,69.0,1225.7368421052631,1370.5263157894735,342.6315789473684,2426.3842105263157,0.05807314897413023,0.4112515611061552
3129,48.526315789473685,78.3157894736842,78.3157894736842,39.63157894736842,54.63157894736842,1019.0526315789474,1644.6315789473683,411.1578947368421,2143.547368421053,0.06968777876895628,0.36331311329170385
3130,46.05263157894737,79.89473684210526,79.89473684210526,42.73684210526316,51.421052631578945,967.1052631578948,1677.7894736842104,419.4473684210526,2063.5263157894738,0.07109277430865299,0.34975022301516506
3131,49.26315789473684,73.15789473684211,73.15789473684211,37.8421052631579,51.1578947368421,1034.5263157894738,1536.3157894736844,384.0789473684211,2142.7736842105264,0.06509812667261375,0.3631819803746655
3132,53.8421052631579,78.36842105263158,78.36842105263158,39.578947368421055,60.31578947368421,1130.6842105263158,1645.7368421052631,411.4342105263158,2333.5973684210526,0.06973461195361284,0.3955249776984835
3133,61.578947368421055,74.6842105263158,74.6842105263158,35.578947368421055,74.05263157894737,1293.157894736842,1568.3684210526317,392.0921052631579,2590.4605263157896,0.06645628902765388,0.4390611061552186
3134,51.63157894736842,78.0,78.0,37.78947368421053,64.84210526315789,1084.2631578947369,1638.0,409.5,2252.7473684210527,0.06940677966101695,0.38182158786797504
3135,56.78947368421053,83.21052631578948,83.21052631578948,41.94736842105263,69.10526315789474,1192.578947368421,1747.4210526315792,436.8552631578948,2464.2394736842107,0.07404326494201607,0.4176677074041035
3136,50.05263157894737,78.42105263157895,78.42105263157895,38.10526315789474,61.78947368421053,1051.1052631578948,1646.842105263158,411.7105263157895,2198.5894736842106,0.06978144513826941,0.37264228367528995
3137,57.10526315789474,81.84210526315789,81.84210526315789,41.1578947368421,70.73684210526316,1199.2105263157896,1718.6842105263156,429.6710526315789,2468.3289473684213,0.07282560214094558,0.41836083853702055
3138,49.89473684210526,76.0,76.0,38.78947368421053,55.94736842105263,1047.7894736842104,1596.0,399.0,2180.2421052631576,0.0676271186440678,0.3695325602140945
3139,56.05263157894737,67.05263157894737,67.05263157894737,33.0,63.578947368421055,1177.1052631578948,1408.1052631578948,352.0263157894737,2353.1052631578946,0.05966547725245317,0.39883140053523636
3140,58.68421052631579,69.57894736842105,69.57894736842105,33.0,74.94736842105263,1232.3684210526314,1461.157894736842,365.2894736842105,2460.3157894736837,0.061913470115967886,0.4170026761819803
3141,50.94736842105263,77.84210526315789,77.84210526315789,39.26315789473684,58.73684210526316,1069.8947368421052,1634.6842105263156,408.6710526315789,2227.4921052631576,0.06926628010704727,0.3775410347903657
3142,54.63157894736842,68.6842105263158,68.6842105263158,35.1578947368421,54.94736842105263,1147.2631578947369,1442.3684210526317,360.5921052631579,2310.9394736842105,0.061117305976806424,0.39168465655664586
3143,54.526315789473685,74.52631578947368,74.52631578947368,37.1578947368421,64.21052631578948,1145.0526315789473,1565.0526315789473,391.2631578947368,2337.8526315789472,0.0663157894736842,0.39624620874219446
3144,54.0,84.89473684210526,84.89473684210526,42.526315789473685,70.0,1134.0,1782.7894736842104,445.6973684210526,2373.4973684210527,0.07554192685102587,0.4022876895628903
3145,50.36842105263158,74.15789473684211,74.15789473684211,36.78947368421053,55.421052631578945,1057.7368421052631,1557.3157894736844,389.3289473684211,2187.4815789473682,0.06598795718108832,0.3707595896520963
3146,48.89473684210526,82.57894736842105,82.57894736842105,41.68421052631579,62.473684210526315,1026.7894736842104,1734.157894736842,433.5394736842105,2179.081578947368,0.07348126672613738,0.369335860838537
3147,44.68421052631579,78.10526315789474,78.10526315789474,37.94736842105263,57.63157894736842,938.3684210526316,1640.2105263157896,410.0526315789474,2005.278947368421,0.06950044603033007,0.3398777876895629
3148,49.1578947368421,77.42105263157895,77.42105263157895,38.73684210526316,59.63157894736842,1032.3157894736842,1625.842105263158,406.4605263157895,2161.3973684210523,0.06889161462979483,0.36633853702051733
3149,46.0,79.89473684210526,79.89473684210526,40.10526315789474,49.21052631578947,966.0,1677.7894736842104,419.4473684210526,2061.6473684210528,0.07109277430865299,0.3494317573595005
3150,55.73684210526316,78.10526315789474,78.10526315789474,39.10526315789474,63.578947368421055,1170.4736842105262,1640.2105263157896,410.0526315789474,2399.857894736842,0.06950044603033007,0.40675557537912577
3151,45.473684210526315,77.10526315789474,77.10526315789474,38.10526315789474,65.47368421052632,954.9473684210526,1619.2105263157896,404.8026315789474,2028.213157894737,0.06861061552185549,0.3437649420160571
3152,53.89473684210526,68.84210526315789,68.84210526315789,33.89473684210526,62.36842105263158,1131.7894736842104,1445.6842105263156,361.4210526315789,2285.4631578947365,0.06125780553077609,0.3873666369313113
3153,44.05263157894737,86.94736842105263,86.94736842105263,43.89473684210526,54.89473684210526,925.1052631578948,1825.8947368421052,456.4736842105263,2029.1526315789474,0.07736842105263157,0.3439241748438894
3154,52.94736842105263,69.15789473684211,69.15789473684211,34.26315789473684,66.89473684210526,1111.8947368421052,1452.3157894736844,363.0789473684211,2253.2999999999997,0.06153880463871544,0.3819152542372881
3155,46.10526315789474,80.78947368421052,80.78947368421052,41.31578947368421,58.26315789473684,968.2105263157896,1696.5789473684208,424.1447368421052,2070.1026315789477,0.07188893844781444,0.35086485280999113
3156,49.89473684210526,84.15789473684211,84.15789473684211,40.78947368421053,56.94736842105263,1047.7894736842104,1767.3157894736844,441.8289473684211,2223.071052631579,0.07488626226583409,0.3767917038358608
3157,50.421052631578945,72.84210526315789,72.84210526315789,38.1578947368421,56.1578947368421,1058.842105263158,1529.6842105263156,382.4210526315789,2182.452631578947,0.06481712756467439,0.369907225691347
3158,52.526315789473685,75.84210526315789,75.84210526315789,38.36842105263158,57.1578947368421,1103.0526315789473,1592.6842105263156,398.1710526315789,2273.3605263157892,0.06748661909009812,0.3853153434433541
3159,51.94736842105263,69.3157894736842,69.3157894736842,35.68421052631579,61.21052631578947,1090.8947368421052,1455.6315789473683,363.9078947368421,2218.428947368421,0.0616793041926851,0.3760049063336307
3160,45.421052631578945,74.57894736842105,74.57894736842105,38.578947368421055,54.31578947368421,953.8421052631578,1566.157894736842,391.5394736842105,2013.0710526315788,0.06636262265834077,0.34119848349687776
3161,50.421052631578945,81.21052631578948,81.21052631578948,40.36842105263158,59.05263157894737,1058.842105263158,1705.4210526315792,426.3552631578948,2226.386842105263,0.07226360392506692,0.3773537020517395
3162,58.1578947368421,81.10526315789474,81.10526315789474,40.68421052631579,60.89473684210526,1221.3157894736842,1703.2105263157896,425.8026315789474,2502.0394736842104,0.0721699375557538,0.4240744870651204
3163,45.73684210526316,76.15789473684211,76.15789473684211,38.526315789473685,50.26315789473684,960.4736842105264,1599.3157894736844,399.8289473684211,2032.6342105263159,0.06776761819803748,0.34451427297056203
3164,59.0,67.21052631578948,67.21052631578948,32.26315789473684,67.0,1239.0,1411.4210526315792,352.8552631578948,2459.1552631578943,0.05980597680642285,0.4168059768064228
3165,54.94736842105263,84.36842105263158,84.36842105263158,41.0,69.89473684210526,1153.8947368421052,1771.7368421052631,442.9342105263158,2404.5552631578944,0.0750735950044603,0.40755173951828716
3166,51.31578947368421,81.21052631578948,81.21052631578948,41.26315789473684,54.421052631578945,1077.6315789473686,1705.4210526315792,426.3552631578948,2258.3289473684213,0.07226360392506692,0.3827676181980375
3167,45.78947368421053,73.47368421052632,73.47368421052632,37.31578947368421,56.21052631578947,961.578947368421,1542.9473684210527,385.7368421052632,2020.421052631579,0.06537912578055308,0.3424442462087422
3168,51.73684210526316,74.89473684210526,74.89473684210526,36.68421052631579,59.73684210526316,1086.4736842105262,1572.7894736842104,393.1973684210526,2240.202631578947,0.0666436217662801,0.3796953612845673
3169,53.05263157894737,74.73684210526316,74.73684210526316,39.421052631578945,56.78947368421053,1114.1052631578948,1569.4736842105265,392.3684210526316,2286.3473684210526,0.06650312221231044,0.3875165031222123
3170,53.78947368421053,77.63157894736842,77.63157894736842,37.68421052631579,63.26315789473684,1129.578947368421,1630.2631578947369,407.5657894736842,2327.85,0.06907894736842106,0.3945508474576271
3171,52.89473684210526,79.0,79.0,38.26315789473684,66.26315789473684,1110.7894736842104,1659.0,414.75,2303.0921052631575,0.07029661016949153,0.3903545941123996
3172,50.73684210526316,82.10526315789474,82.10526315789474,40.63157894736842,60.1578947368421,1065.4736842105262,1724.2105263157896,431.0526315789474,2242.357894736842,0.07305976806422837,0.3800606601248885
3173,62.421052631578945,76.47368421052632,76.47368421052632,37.421052631578945,69.84210526315789,1310.842105263158,1605.9473684210527,401.4868421052632,2629.918421052632,0.0680486173059768,0.4457488849241749
3174,51.05263157894737,68.47368421052632,68.47368421052632,33.78947368421053,56.78947368421053,1072.1052631578948,1437.9473684210527,359.4868421052632,2182.065789473684,0.0609299732381802,0.3698416592328278
3175,51.578947368421055,81.36842105263158,81.36842105263158,40.8421052631579,62.21052631578947,1083.157894736842,1708.7368421052631,427.1842105263158,2268.552631578947,0.07240410347903657,0.38450044603033
3176,49.10526315789474,81.57894736842105,81.57894736842105,41.1578947368421,58.1578947368421,1031.2105263157896,1713.157894736842,428.2894736842105,2181.3473684210526,0.0725914362176628,0.3697198929527208
3177,45.36842105263158,82.47368421052632,82.47368421052632,43.05263157894737,50.36842105263158,952.7368421052632,1731.9473684210527,432.9868421052632,2052.6394736842108,0.07338760035682426,0.3479049955396967
3178,56.94736842105263,66.84210526315789,66.84210526315789,33.526315789473685,63.0,1195.8947368421052,1403.6842105263156,350.9210526315789,2383.942105263158,0.059478144513826936,0.4040579839429081
3179,53.0,70.05263157894737,70.05263157894737,35.63157894736842,55.21052631578947,1113.0,1471.1052631578948,367.7763157894737,2259.8763157894737,0.0623349687778769,0.3830298840321142
3180,51.8421052631579,68.78947368421052,68.78947368421052,36.1578947368421,62.73684210526316,1088.6842105263158,1444.5789473684208,361.1447368421052,2211.907894736842,0.061210972346119524,0.37489964317573593
3181,52.73684210526316,74.63157894736842,74.63157894736842,38.89473684210526,58.31578947368421,1107.4736842105262,1567.2631578947369,391.8157894736842,2274.5210526315786,0.06640945584299733,0.38551204281891166
3182,47.89473684210526,79.6842105263158,79.6842105263158,40.578947368421055,53.63157894736842,1005.7894736842104,1673.3684210526317,418.3421052631579,2128.184210526316,0.07090544157002676,0.3607091882247993
3183,59.1578947368421,80.47368421052632,80.47368421052632,38.526315789473685,68.05263157894737,1242.3157894736842,1689.9473684210527,422.4868421052632,2534.4236842105265,0.07160793933987511,0.4295633363068689
3184,53.0,78.6842105263158,78.6842105263158,39.26315789473684,57.8421052631579,1113.0,1652.3684210526317,413.0921052631579,2305.192105263158,0.07001561106155219,0.39071052631578945
3185,51.578947368421055,73.94736842105263,73.94736842105263,38.0,57.05263157894737,1083.157894736842,1552.8947368421052,388.2236842105263,2229.592105263158,0.06580062444246208,0.3778969669937556
3186,54.94736842105263,71.57894736842105,71.57894736842105,36.578947368421055,56.89473684210526,1153.8947368421052,1503.157894736842,375.7894736842105,2337.4105263157894,0.06369313113291704,0.396171275646744
3187,58.31578947368421,74.73684210526316,74.73684210526316,35.63157894736842,64.52631578947368,1224.6315789473686,1569.4736842105265,392.3684210526316,2474.242105263158,0.06650312221231044,0.41936306868867085
3188,55.473684210526315,75.57894736842105,75.57894736842105,38.26315789473684,62.10526315789474,1164.9473684210527,1587.157894736842,396.7894736842105,2377.2000000000003,0.06725245316681534,0.4029152542372882
3189,56.8421052631579,79.21052631578948,79.21052631578948,40.21052631578947,65.78947368421052,1193.6842105263158,1663.4210526315792,415.8552631578948,2445.1184210526317,0.07048394290811776,0.4144268510258698
3190,60.526315789473685,72.3157894736842,72.3157894736842,34.526315789473685,66.73684210526316,1271.0526315789473,1518.6315789473683,379.6578947368421,2540.4473684210525,0.06434879571810882,0.43058429973238177
3191,49.10526315789474,73.94736842105263,73.94736842105263,37.21052631578947,58.68421052631579,1031.2105263157896,1552.8947368421052,388.2236842105263,2141.2815789473684,0.06580062444246208,0.3629290811775201
3192,55.05263157894737,72.36842105263158,72.36842105263158,35.89473684210526,59.0,1156.1052631578948,1519.7368421052631,379.9342105263158,2345.313157894737,0.06439562890276539,0.3975107047279215
3193,60.8421052631579,65.10526315789474,65.10526315789474,31.842105263157894,72.15789473684211,1277.6842105263158,1367.2105263157896,341.8026315789474,2513.8657894736843,0.057932649420160576,0.42607894736842106
3194,49.1578947368421,84.73684210526316,84.73684210526316,42.578947368421055,58.1578947368421,1032.3157894736842,1779.4736842105265,444.8684210526316,2199.8052631578944,0.0754014272970562,0.3728483496877787
3195,48.73684210526316,70.15789473684211,70.15789473684211,35.68421052631579,58.68421052631579,1023.4736842105264,1473.3157894736844,368.3289473684211,2108.234210526316,0.06242863514719001,0.35732783229259596
3196,50.73684210526316,69.21052631578948,69.21052631578948,34.68421052631579,52.473684210526315,1065.4736842105262,1453.4210526315792,363.3552631578948,2174.6605263157894,0.061585637823372,0.3685865298840321
3197,54.10526315789474,78.10526315789474,78.10526315789474,41.10526315789474,62.578947368421055,1136.2105263157896,1640.2105263157896,410.0526315789474,2341.6105263157897,0.06950044603033007,0.39688314005352365
3198,48.421052631578945,72.26315789473684,72.26315789473684,35.526315789473685,52.473684210526315,1016.8421052631578,1517.5263157894735,379.3815789473684,2108.0131578947367,0.06430196253345227,0.3572903657448706
3199,48.8421052631579,84.26315789473684,84.26315789473684,43.26315789473684,58.26315789473684,1025.6842105263158,1769.5263157894735,442.3815789473684,2186.0447368421055,0.07497992863514719,0.3705160570918823
3200,45.94736842105263,78.0,78.0,40.05263157894737,58.78947368421053,964.8947368421052,1638.0,409.5,2049.821052631579,0.06940677966101695,0.3474272970561998
3201,50.94736842105263,79.63157894736842,79.63157894736842,40.31578947368421,58.63157894736842,1069.8947368421052,1672.2631578947369,418.0657894736842,2236.886842105263,0.07085860838537021,0.37913336306868867
3202,56.68421052631579,73.63157894736842,73.63157894736842,37.21052631578947,72.57894736842105,1190.3684210526314,1546.2631578947369,386.5657894736842,2410.192105263158,0.06551962533452275,0.408507136485281
3203,51.578947368421055,77.84210526315789,77.84210526315789,38.473684210526315,62.31578947368421,1083.157894736842,1634.6842105263156,408.6710526315789,2250.0394736842104,0.06926628010704727,0.38136262265834076
3204,55.31578947368421,76.47368421052632,76.47368421052632,37.78947368421053,59.73684210526316,1161.6315789473686,1605.9473684210527,401.4868421052632,2376.26052631579,0.0680486173059768,0.4027560214094559
3205,47.94736842105263,79.3157894736842,79.3157894736842,41.473684210526315,54.26315789473684,1006.8947368421052,1665.6315789473683,416.4078947368421,2128.128947368421,0.07057760927743086,0.36069982158786795
3206,57.36842105263158,81.10526315789474,81.10526315789474,41.05263157894737,65.3157894736842,1204.7368421052631,1703.2105263157896,425.8026315789474,2473.8552631578946,0.0721699375557538,0.4192975022301516
3207,51.0,70.84210526315789,70.84210526315789,33.36842105263158,63.94736842105263,1071.0,1487.6842105263156,371.9210526315789,2192.621052631579,0.06303746654772524,0.3716306868867083
3208,49.21052631578947,73.0,73.0,38.63157894736842,54.10526315789474,1033.421052631579,1533.0,383.25,2140.065789473684,0.06495762711864407,0.3627230151650312
3209,56.8421052631579,76.10526315789474,76.10526315789474,37.21052631578947,67.15789473684211,1193.6842105263158,1598.2105263157896,399.5526315789474,2428.815789473684,0.06772078501338091,0.41166369313113294
3210,56.94736842105263,70.63157894736842,70.63157894736842,35.473684210526315,64.3157894736842,1195.8947368421052,1483.2631578947369,370.8157894736842,2403.8368421052633,0.06285013380909903,0.4074299732381802
3211,54.10526315789474,82.52631578947368,82.52631578947368,41.1578947368421,65.42105263157895,1136.2105263157896,1733.0526315789473,433.2631578947368,2364.821052631579,0.07343443354148081,0.40081712756467436
3212,50.473684210526315,74.73684210526316,74.73684210526316,38.473684210526315,56.68421052631579,1059.9473684210527,1569.4736842105265,392.3684210526316,2194.278947368421,0.06650312221231044,0.37191168599464763
3213,46.73684210526316,81.3157894736842,81.3157894736842,42.421052631578945,49.8421052631579,981.4736842105264,1707.6315789473683,426.9078947368421,2095.4131578947367,0.07235727029438001,0.35515477252453165
3214,54.1578947368421,77.57894736842105,77.57894736842105,39.73684210526316,64.63157894736842,1137.3157894736842,1629.157894736842,407.2894736842105,2340.7263157894736,0.0690321141837645,0.39673327386262264
3215,64.94736842105263,69.05263157894737,69.05263157894737,34.26315789473684,75.26315789473684,1363.8947368421052,1450.1052631578948,362.5263157894737,2681.1473684210528,0.06144513826940232,0.4544317573595005
3216,53.36842105263158,71.52631578947368,71.52631578947368,36.78947368421053,60.94736842105263,1120.7368421052631,1502.0526315789473,375.5131578947368,2280.765789473684,0.06364629794826047,0.38657047279214984
3217,49.26315789473684,74.47368421052632,74.47368421052632,37.0,55.473684210526315,1034.5263157894738,1563.9473684210527,390.9868421052632,2149.6815789473685,0.06626895628902765,0.3643528099910794
3218,50.05263157894737,82.89473684210526,82.89473684210526,42.10526315789474,58.526315789473685,1051.1052631578948,1740.7894736842104,435.1973684210526,2222.0763157894735,0.07376226583407672,0.3766231043710972
3219,61.63157894736842,63.578947368421055,63.578947368421055,30.36842105263158,74.05263157894737,1294.2631578947369,1335.157894736842,333.7894736842105,2534.036842105263,0.05657448706512043,0.4294977698483497
3220,46.94736842105263,85.26315789473684,85.26315789473684,44.21052631578947,56.10526315789474,985.8947368421052,1790.5263157894735,447.6315789473684,2123.6526315789474,0.07586975914362176,0.35994112399643174
3221,56.8421052631579,62.63157894736842,62.63157894736842,29.736842105263158,68.10526315789474,1193.6842105263158,1315.2631578947369,328.8157894736842,2358.0789473684213,0.05573148974130241,0.39967439785905445
3222,49.63157894736842,70.10526315789474,70.10526315789474,37.26315789473684,54.26315789473684,1042.2631578947369,1472.2105263157896,368.0526315789474,2139.9,0.062381801962533456,0.3626949152542373
3223,50.89473684210526,63.68421052631579,63.68421052631579,31.31578947368421,53.31578947368421,1068.7894736842104,1337.3684210526314,334.34210526315786,2151.2842105263153,0.05666815343443354,0.36462444246208736
3224,48.526315789473685,77.3157894736842,77.3157894736842,38.78947368421053,57.73684210526316,1019.0526315789474,1623.6315789473683,405.9078947368421,2138.297368421053,0.0687979482604817,0.3624232827832293
3225,50.31578947368421,83.94736842105263,83.94736842105263,42.78947368421053,62.10526315789474,1056.6315789473686,1762.8947368421052,440.7236842105263,2236.9973684210527,0.07469892952720784,0.3791520963425513
3226,50.21052631578947,76.52631578947368,76.52631578947368,39.26315789473684,68.15789473684211,1054.421052631579,1607.0526315789473,401.7631578947368,2194.278947368421,0.06809545049063336,0.37191168599464763
3227,55.421052631578945,71.94736842105263,71.94736842105263,36.78947368421053,66.15789473684211,1163.842105263158,1510.8947368421052,377.7236842105263,2356.2552631578947,0.06402096342551293,0.3993652988403211
3228,48.94736842105263,75.10526315789474,75.10526315789474,37.68421052631579,54.36842105263158,1027.8947368421052,1577.2105263157896,394.3026315789474,2141.7236842105262,0.06683095450490634,0.3630040142729706
3229,54.0,73.05263157894737,73.05263157894737,34.10526315789474,62.526315789473685,1134.0,1534.1052631578948,383.5263157894737,2311.3263157894735,0.06500446030330062,0.391750223015165
3230,51.421052631578945,76.57894736842105,76.57894736842105,39.36842105263158,60.63157894736842,1079.842105263158,1608.157894736842,402.0394736842105,2237.771052631579,0.06814228367528992,0.3792832292595897
3231,53.94736842105263,71.3157894736842,71.3157894736842,35.26315789473684,60.10526315789474,1132.8947368421052,1497.6315789473683,374.4078947368421,2300.328947368421,0.06345896520963425,0.38988626226583406
3232,47.78947368421053,81.05263157894737,81.05263157894737,40.578947368421055,55.26315789473684,1003.578947368421,1702.1052631578948,425.5263157894737,2131.6105263157892,0.07212310437109724,0.36128991971454055
3233,48.73684210526316,74.47368421052632,74.47368421052632,39.36842105263158,53.578947368421055,1023.4736842105264,1563.9473684210527,390.9868421052632,2130.892105263158,0.06626895628902765,0.3611681534344336
3234,44.578947368421055,81.52631578947368,81.52631578947368,42.94736842105263,47.473684210526315,936.1578947368422,1712.0526315789473,428.0131578947368,2019.4815789473685,0.07254460303300624,0.3422850133809099
3235,49.73684210526316,72.3157894736842,72.3157894736842,34.21052631578947,57.0,1044.4736842105262,1518.6315789473683,379.6578947368421,2155.2631578947367,0.06434879571810882,0.3652988403211418
3236,55.26315789473684,76.26315789473684,76.26315789473684,36.473684210526315,70.05263157894737,1160.5263157894738,1601.5263157894735,400.3815789473684,2373.2763157894738,0.06786128456735058,0.40225022301516505
3237,53.473684210526315,74.36842105263158,74.36842105263158,36.89473684210526,59.89473684210526,1122.9473684210527,1561.7368421052631,390.4342105263158,2299.444736842105,0.06617528991971454,0.3897363960749331
3238,53.94736842105263,76.6842105263158,76.6842105263158,38.421052631578945,61.26315789473684,1132.8947368421052,1610.3684210526317,402.5921052631579,2328.5131578947367,0.06823595004460303,0.3946632471008028
3239,51.94736842105263,83.42105263157895,83.42105263157895,41.526315789473685,57.578947368421055,1090.8947368421052,1751.842105263158,437.9605263157895,2292.4815789473682,0.07423059768064229,0.38855619982158784
3240,50.26315789473684,70.36842105263158,70.36842105263158,36.78947368421053,53.26315789473684,1055.5263157894738,1477.7368421052631,369.4342105263158,2163.8289473684213,0.06261596788581623,0.36675066904549514
3241,47.26315789473684,76.47368421052632,76.47368421052632,39.31578947368421,53.526315789473685,992.5263157894736,1605.9473684210527,401.4868421052632,2088.7815789473684,0.0680486173059768,0.35403077609277434
3242,52.78947368421053,72.73684210526316,72.73684210526316,36.31578947368421,64.52631578947368,1108.578947368421,1527.4736842105265,381.8684210526316,2266.452631578947,0.06472346119536129,0.3841445138269402
3243,47.89473684210526,81.3157894736842,81.3157894736842,41.31578947368421,56.78947368421053,1005.7894736842104,1707.6315789473683,426.9078947368421,2136.75,0.07235727029438001,0.36216101694915254
3244,54.0,83.36842105263158,83.36842105263158,41.05263157894737,67.0,1134.0,1750.7368421052631,437.6842105263158,2365.4842105263156,0.07418376449598572,0.4009295272078501
3245,56.421052631578945,79.73684210526316,79.73684210526316,38.31578947368421,70.47368421052632,1184.842105263158,1674.4736842105265,418.6184210526316,2432.85,0.07095227475468333,0.4123474576271186
3246,48.1578947368421,74.94736842105263,74.94736842105263,37.21052631578947,49.26315789473684,1011.3157894736842,1573.8947368421052,393.4736842105263,2112.7105263157896,0.06669045495093666,0.3580865298840321
3247,59.31578947368421,67.15789473684211,67.15789473684211,34.1578947368421,71.73684210526316,1245.6315789473686,1410.3157894736844,352.5789473684211,2470.152631578948,0.059759143621766285,0.4186699375557539
3248,48.526315789473685,73.63157894736842,73.63157894736842,39.0,53.36842105263158,1019.0526315789474,1546.2631578947369,386.5657894736842,2118.955263157895,0.06551962533452275,0.35914495985727035
3249,62.473684210526315,66.78947368421052,66.78947368421052,31.210526315789473,65.42105263157895,1311.9473684210527,1402.5789473684208,350.6447368421052,2580.9552631578945,0.05943131132917037,0.43745004460303294
3250,49.421052631578945,67.36842105263158,67.36842105263158,34.26315789473684,56.578947368421055,1037.842105263158,1414.7368421052631,353.6842105263158,2118.015789473684,0.059946476360392506,0.358985727029438
3251,56.73684210526316,81.63157894736842,81.63157894736842,40.526315789473685,66.84210526315789,1191.4736842105262,1714.2631578947369,428.5657894736842,2454.071052631579,0.07263826940231936,0.41594424620874215
3252,47.36842105263158,78.15789473684211,78.15789473684211,38.78947368421053,55.94736842105263,994.7368421052632,1641.3157894736844,410.3289473684211,2101.381578947369,0.06954727921498663,0.35616636931311335
3253,47.1578947368421,72.63157894736842,72.63157894736842,36.0,52.421052631578945,990.3157894736842,1525.2631578947369,381.3157894736842,2064.8526315789472,0.06462979482604818,0.3499750223015165
3254,48.31578947368421,82.10526315789474,82.10526315789474,41.36842105263158,55.73684210526316,1014.6315789473684,1724.2105263157896,431.0526315789474,2155.926315789474,0.07305976806422837,0.3654112399643176
3255,46.31578947368421,72.36842105263158,72.36842105263158,35.26315789473684,49.10526315789474,972.6315789473684,1519.7368421052631,379.9342105263158,2033.407894736842,0.06439562890276539,0.34464540588760034
3256,56.36842105263158,67.26315789473684,67.26315789473684,33.73684210526316,62.05263157894737,1183.7368421052631,1412.5263157894735,353.1315789473684,2365.4842105263156,0.059852809991079385,0.4009295272078501
3257,47.526315789473685,67.84210526315789,67.84210526315789,34.31578947368421,52.68421052631579,998.0526315789474,1424.6842105263156,356.1710526315789,2052.8605263157892,0.06036797502230151,0.3479424620874219
3258,57.473684210526315,77.42105263157895,77.42105263157895,39.26315789473684,65.05263157894737,1206.9473684210527,1625.842105263158,406.4605263157895,2458.271052631579,0.06889161462979483,0.4166561106155219
3259,52.68421052631579,72.6842105263158,72.6842105263158,35.94736842105263,64.57894736842105,1106.3684210526314,1526.3684210526317,381.5921052631579,2262.4184210526314,0.06467662801070473,0.3834607493309545
3260,58.26315789473684,84.57894736842105,84.57894736842105,41.10526315789474,70.26315789473684,1223.5263157894738,1776.157894736842,444.0394736842105,2524.0342105263157,0.07526092774308653,0.4278024085637823
3261,65.52631578947368,71.10526315789474,71.10526315789474,34.578947368421055,73.05263157894737,1376.0526315789473,1493.2105263157896,373.3026315789474,2712.592105263158,0.06327163247100803,0.4597613737734166
3262,55.0,64.15789473684211,64.15789473684211,32.526315789473685,60.05263157894737,1155.0,1347.3157894736844,336.8289473684211,2300.3289473684213,0.05708965209634256,0.3898862622658341
3263,52.421052631578945,73.3157894736842,73.3157894736842,37.63157894736842,63.78947368421053,1100.842105263158,1539.6315789473683,384.9078947368421,2256.3394736842106,0.0652386262265834,0.3824304192685103
3264,50.89473684210526,83.05263157894737,83.05263157894737,39.26315789473684,57.05263157894737,1068.7894736842104,1744.1052631578948,436.0263157894737,2252.968421052631,0.0739027653880464,0.38185905441570017
3265,50.94736842105263,68.05263157894737,68.05263157894737,34.473684210526315,53.26315789473684,1069.8947368421052,1429.1052631578948,357.2763157894737,2176.0973684210526,0.06055530776092775,0.3688300624442462
3266,51.8421052631579,83.47368421052632,83.47368421052632,41.73684210526316,57.21052631578947,1088.6842105263158,1752.9473684210527,438.2368421052632,2289.0,0.07427743086529884,0.38796610169491524
3267,44.94736842105263,92.94736842105263,92.94736842105263,48.63157894736842,55.63157894736842,943.8947368421052,1951.8947368421052,487.9736842105263,2092.5947368421052,0.08270740410347903,0.35467707404103477
3268,54.421052631578945,76.84210526315789,76.84210526315789,38.26315789473684,66.63157894736842,1142.842105263158,1613.6842105263156,403.4210526315789,2346.2526315789473,0.0683764495985727,0.3976699375557538
3269,51.1578947368421,80.42105263157895,80.42105263157895,40.78947368421053,61.36842105263158,1074.3157894736842,1688.842105263158,422.2105263157895,2248.5473684210524,0.07156110615521856,0.3811097234611953
3270,52.73684210526316,73.05263157894737,73.05263157894737,35.63157894736842,65.52631578947368,1107.4736842105262,1534.1052631578948,383.5263157894737,2266.2315789473682,0.06500446030330062,0.38410704727921496
3271,49.21052631578947,77.52631578947368,77.52631578947368,38.10526315789474,53.31578947368421,1033.421052631579,1628.0526315789473,407.0131578947368,2163.828947368421,0.06898528099910793,0.366750669045495
3272,45.473684210526315,86.36842105263158,86.36842105263158,43.89473684210526,54.94736842105263,954.9473684210526,1813.7368421052631,453.4342105263158,2076.8447368421052,0.07685325602140945,0.35200758251561104
3273,58.26315789473684,72.57894736842105,72.57894736842105,34.78947368421053,63.36842105263158,1223.5263157894738,1524.157894736842,381.0394736842105,2461.0342105263157,0.06458296164139161,0.4171244424620874
3274,46.1578947368421,82.3157894736842,82.3157894736842,43.21052631578947,48.89473684210526,969.3157894736842,1728.6315789473683,432.1578947368421,2079.9947368421053,0.07324710080285458,0.3525414808206958
3275,55.05263157894737,72.78947368421052,72.78947368421052,36.26315789473684,69.36842105263158,1156.1052631578948,1528.5789473684208,382.1447368421052,2347.523684210526,0.06477029438001783,0.3978853702051739
3276,58.10526315789474,74.15789473684211,74.15789473684211,36.8421052631579,64.3157894736842,1220.2105263157896,1557.3157894736844,389.3289473684211,2463.6868421052636,0.06598795718108832,0.41757404103479046
3277,44.26315789473684,86.10526315789474,86.10526315789474,43.421052631578945,50.10526315789474,929.5263157894736,1808.2105263157896,452.0526315789474,2032.2473684210527,0.07661909009812667,0.34444870651204285
3278,44.36842105263158,82.63157894736842,82.63157894736842,40.63157894736842,55.473684210526315,931.7368421052632,1735.2631578947369,433.8157894736842,2017.7684210526315,0.07352809991079394,0.34199464763603926
3279,49.10526315789474,76.15789473684211,76.15789473684211,38.68421052631579,58.63157894736842,1031.2105263157896,1599.3157894736844,399.8289473684211,2152.8868421052634,0.06776761819803748,0.3648960749330955
3280,53.36842105263158,65.84210526315789,65.84210526315789,33.73684210526316,58.63157894736842,1120.7368421052631,1382.6842105263156,345.6710526315789,2250.923684210526,0.05858831400535235,0.3815124888492417
3281,57.26315789473684,77.6842105263158,77.6842105263158,38.473684210526315,67.63157894736842,1202.5263157894738,1631.3684210526317,407.8421052631579,2452.136842105263,0.06912578055307761,0.4156164139161463
3282,45.94736842105263,89.21052631578948,89.21052631578948,44.36842105263158,53.578947368421055,964.8947368421052,1873.4210526315792,468.3552631578948,2108.676315789474,0.07938224799286353,0.35740276538804644
3283,55.421052631578945,79.57894736842105,79.57894736842105,39.63157894736842,61.63157894736842,1163.842105263158,1671.157894736842,417.7894736842105,2396.321052631579,0.07081177520071365,0.4061561106155218
3284,57.73684210526316,66.63157894736842,66.63157894736842,32.10526315789474,60.473684210526315,1212.4736842105262,1399.2631578947369,349.8157894736842,2411.0210526315786,0.059290811775200715,0.40864763603925064
3285,61.21052631578947,62.36842105263158,62.36842105263158,31.36842105263158,65.26315789473684,1285.421052631579,1309.7368421052631,327.4342105263158,2512.65,0.055497323818019625,0.4258728813559322
3286,46.68421052631579,86.63157894736842,86.63157894736842,43.421052631578945,51.05263157894737,980.3684210526316,1819.2631578947369,454.8157894736842,2121.442105263158,0.07708742194469224,0.3595664585191793
3287,53.526315789473685,65.84210526315789,65.84210526315789,32.68421052631579,67.78947368421052,1124.0526315789473,1382.6842105263156,345.6710526315789,2256.560526315789,0.05858831400535235,0.3824678858162354
3288,44.473684210526315,84.0,84.0,43.31578947368421,49.10526315789474,933.9473684210526,1764.0,441.0,2028.7105263157894,0.07474576271186441,0.3438492417484389
3289,53.73684210526316,83.36842105263158,83.36842105263158,40.68421052631579,70.26315789473684,1128.4736842105262,1750.7368421052631,437.6842105263158,2356.08947368421,0.07418376449598572,0.3993371989295271
3290,53.36842105263158,86.26315789473684,86.26315789473684,42.89473684210526,63.78947368421053,1120.7368421052631,1811.5263157894735,452.8815789473684,2358.1342105263157,0.07675958965209634,0.3996837644959857
3291,48.578947368421055,70.57894736842105,70.57894736842105,37.05263157894737,60.526315789473685,1020.1578947368422,1482.157894736842,370.5394736842105,2104.807894736842,0.06280330062444246,0.3567471008028546
3292,53.0,72.10526315789474,72.10526315789474,35.36842105263158,60.10526315789474,1113.0,1514.2105263157896,378.5526315789474,2270.6526315789474,0.06416146297948261,0.3848563782337199
3293,55.421052631578945,89.84210526315789,89.84210526315789,43.21052631578947,69.57894736842105,1163.842105263158,1886.6842105263156,471.6710526315789,2450.202631578947,0.07994424620874219,0.41528858162355037
3294,55.05263157894737,82.36842105263158,82.36842105263158,42.1578947368421,66.3157894736842,1156.1052631578948,1729.7368421052631,432.4342105263158,2397.813157894737,0.07329393398751115,0.40640900981266725
3295,52.63157894736842,75.36842105263158,75.36842105263158,38.26315789473684,66.89473684210526,1105.2631578947369,1582.7368421052631,395.6842105263158,2274.6315789473683,0.06706512042818912,0.3855307760927743
3296,58.26315789473684,68.78947368421052,68.78947368421052,34.473684210526315,60.21052631578947,1223.5263157894738,1444.5789473684208,361.1447368421052,2441.1394736842103,0.061210972346119524,0.4137524531668153
3297,48.68421052631579,73.6842105263158,73.6842105263158,37.526315789473685,54.78947368421053,1022.3684210526316,1547.3684210526317,386.8421052631579,2124.8684210526317,0.0655664585191793,0.36014719000892065
3298,55.526315789473685,81.47368421052632,81.47368421052632,41.10526315789474,63.05263157894737,1166.0526315789473,1710.9473684210527,427.7368421052632,2410.0263157894738,0.07249776984834969,0.4084790365744871
3299,60.73684210526316,79.26315789473684,79.26315789473684,39.89473684210526,65.36842105263158,1275.4736842105262,1664.5263157894735,416.1315789473684,2584.4368421052627,0.0705307760927743,0.43804014272970554
3300,54.73684210526316,71.15789473684211,71.15789473684211,35.526315789473685,57.10526315789474,1149.4736842105262,1494.3157894736844,373.5789473684211,2327.684210526316,0.0633184656556646,0.3945227475468332
3301,47.31578947368421,89.84210526315789,89.84210526315789,45.26315789473684,52.36842105263158,993.6315789473684,1886.6842105263156,471.6710526315789,2160.8447368421052,0.07994424620874219,0.36624487065120426
3302,52.89473684210526,72.3157894736842,72.3157894736842,37.10526315789474,58.78947368421053,1110.7894736842104,1518.6315789473683,379.6578947368421,2268.0,0.06434879571810882,0.38440677966101694
3303,58.68421052631579,74.15789473684211,74.15789473684211,36.36842105263158,57.73684210526316,1232.3684210526314,1557.3157894736844,389.3289473684211,2484.3552631578946,0.06598795718108832,0.42107716324710076
3304,55.0,73.47368421052632,73.47368421052632,35.26315789473684,62.68421052631579,1155.0,1542.9473684210527,385.7368421052632,2349.2368421052633,0.06537912578055308,0.39817573595004463
3305,53.26315789473684,79.10526315789474,79.10526315789474,39.68421052631579,65.21052631578948,1118.5263157894738,1661.2105263157896,415.3026315789474,2316.797368421053,0.07039027653880464,0.3926775200713649
3306,49.0,73.15789473684211,73.15789473684211,35.526315789473685,58.78947368421053,1029.0,1536.3157894736844,384.0789473684211,2133.378947368421,0.06509812667261375,0.36158965209634253
3307,47.578947368421055,73.78947368421052,73.78947368421052,37.421052631578945,55.78947368421053,999.1578947368422,1549.5789473684208,387.3947368421052,2085.963157894737,0.0656601248884924,0.35355307760927746
3308,45.78947368421053,85.26315789473684,85.26315789473684,42.21052631578947,52.526315789473685,961.578947368421,1790.5263157894735,447.6315789473684,2082.315789473684,0.07586975914362176,0.35293487957181086
3309,48.31578947368421,73.21052631578948,73.21052631578948,36.8421052631579,55.21052631578947,1014.6315789473684,1537.4210526315792,384.3552631578948,2109.2289473684214,0.0651449598572703,0.35749643175735957
3310,59.0,77.47368421052632,77.47368421052632,38.31578947368421,73.94736842105263,1239.0,1626.9473684210527,406.7368421052632,2513.036842105263,0.06893844781445138,0.4259384478144514
3311,52.578947368421055,80.15789473684211,80.15789473684211,40.26315789473684,59.421052631578945,1104.157894736842,1683.3157894736844,420.8289473684211,2297.8973684210528,0.07132694023193578,0.3894741302408564
3312,49.8421052631579,80.52631578947368,80.52631578947368,40.36842105263158,61.68421052631579,1046.6842105263158,1691.0526315789473,422.7631578947368,2202.1263157894737,0.07165477252453166,0.37324174843889385
3313,56.10526315789474,62.10526315789474,62.10526315789474,30.842105263157894,71.05263157894737,1178.2105263157896,1304.2105263157896,326.0526315789474,2329.01052631579,0.05526315789473685,0.3947475468331847
3314,49.421052631578945,83.78947368421052,83.78947368421052,44.26315789473684,58.94736842105263,1037.842105263158,1759.5789473684208,439.8947368421052,2204.2263157894736,0.07455842997323817,0.37359768064228366
3315,55.68421052631579,77.6842105263158,77.6842105263158,38.78947368421053,64.3157894736842,1169.3684210526314,1631.3684210526317,407.8421052631579,2395.7684210526313,0.06912578055307761,0.4060624442462087
3316,52.26315789473684,77.73684210526316,77.73684210526316,39.94736842105263,61.89473684210526,1097.5263157894738,1632.4736842105265,408.1184210526316,2273.9131578947367,0.06917261373773417,0.38540900981266724
3317,55.578947368421055,73.47368421052632,73.47368421052632,36.78947368421053,63.1578947368421,1167.157894736842,1542.9473684210527,385.7368421052632,2369.9052631578948,0.06537912578055308,0.40167885816235505
3318,56.63157894736842,80.21052631578948,80.21052631578948,40.1578947368421,70.10526315789474,1189.2631578947369,1684.4210526315792,421.1052631578948,2442.8526315789477,0.07137377341659233,0.41404281891168604
3319,52.0,82.84210526315789,82.84210526315789,42.26315789473684,66.26315789473684,1092.0,1739.6842105263156,434.9210526315789,2291.321052631579,0.07371543264942015,0.3883595004460303
3320,44.63157894736842,88.10526315789474,88.10526315789474,44.78947368421053,48.26315789473684,937.2631578947368,1850.2105263157896,462.5526315789474,2055.8999999999996,0.07839875111507583,0.34845762711864403
3321,51.68421052631579,83.26315789473684,83.26315789473684,41.94736842105263,61.421052631578945,1085.3684210526314,1748.5263157894735,437.1315789473684,2282.257894736842,0.07409009812667261,0.38682337198929523
3322,58.0,74.73684210526316,74.73684210526316,34.94736842105263,64.94736842105263,1218.0,1569.4736842105265,392.3684210526316,2462.9684210526316,0.06650312221231044,0.41745227475468333
3323,55.21052631578947,71.26315789473684,71.26315789473684,35.526315789473685,64.52631578947368,1159.421052631579,1496.5263157894735,374.1315789473684,2345.1473684210528,0.0634121320249777,0.3974826048171276
3324,55.473684210526315,71.21052631578948,71.21052631578948,35.63157894736842,66.3157894736842,1164.9473684210527,1495.4210526315792,373.8552631578948,2354.2657894736844,0.06336529884032115,0.39902809991079397
3325,49.36842105263158,83.36842105263158,83.36842105263158,42.31578947368421,57.63157894736842,1036.7368421052631,1750.7368421052631,437.6842105263158,2200.136842105263,0.07418376449598572,0.37290454950936663
3326,47.0,79.36842105263158,79.36842105263158,41.8421052631579,53.0,987.0,1666.7368421052631,416.6842105263158,2094.5842105263155,0.07062444246208742,0.35501427297056193
3327,52.526315789473685,73.36842105263158,73.36842105263158,35.73684210526316,59.31578947368421,1103.0526315789473,1540.7368421052631,385.1842105263158,2260.373684210526,0.06528545941123996,0.3831141837644959
3328,51.26315789473684,80.47368421052632,80.47368421052632,41.78947368421053,60.31578947368421,1076.5263157894738,1689.9473684210527,422.4868421052632,2252.5815789473686,0.07160793933987511,0.3817934879571811
3329,57.68421052631579,79.10526315789474,79.10526315789474,39.05263157894737,67.3157894736842,1211.3684210526314,1661.2105263157896,415.3026315789474,2474.628947368421,0.07039027653880464,0.41942863514719
3330,43.0,87.36842105263158,87.36842105263158,44.73684210526316,53.526315789473685,903.0,1834.7368421052631,458.6842105263158,1993.7842105263157,0.07774308652988403,0.33792952720785013
3331,44.68421052631579,84.36842105263158,84.36842105263158,42.78947368421053,54.89473684210526,938.3684210526316,1771.7368421052631,442.9342105263158,2038.1605263157894,0.0750735950044603,0.34545093666369314
3332,54.73684210526316,72.94736842105263,72.94736842105263,35.94736842105263,66.89473684210526,1149.4736842105262,1531.8947368421052,382.9736842105263,2337.078947368421,0.0649107939339875,0.3961150758251561
3333,54.21052631578947,63.78947368421053,63.78947368421053,30.894736842105264,63.31578947368421,1138.421052631579,1339.578947368421,334.89473684210526,2270.2105263157896,0.05676181980374666,0.3847814451382694
3334,54.94736842105263,64.36842105263158,64.36842105263158,32.421052631578945,59.63157894736842,1153.8947368421052,1351.7368421052631,337.9342105263158,2299.5552631578944,0.05727698483496878,0.38975512934879564
3335,57.26315789473684,68.94736842105263,68.94736842105263,35.63157894736842,66.47368421052632,1202.5263157894738,1447.8947368421052,361.9736842105263,2406.2684210526318,0.0613514719000892,0.40784210526315795
3336,49.05263157894737,83.6842105263158,83.6842105263158,43.421052631578945,62.21052631578947,1030.1052631578948,1757.3684210526317,439.3421052631579,2190.521052631579,0.07446476360392507,0.3712747546833185
3337,51.0,78.21052631578948,78.21052631578948,40.8421052631579,56.94736842105263,1071.0,1642.4210526315792,410.6052631578948,2231.305263157895,0.06959411239964318,0.37818733273862626
3338,61.63157894736842,66.26315789473684,66.26315789473684,33.36842105263158,68.57894736842105,1294.2631578947369,1391.5263157894735,347.8815789473684,2548.128947368421,0.05896297948260481,0.43188626226583404
3339,59.31578947368421,81.3157894736842,81.3157894736842,39.36842105263158,69.21052631578948,1245.6315789473686,1707.6315789473683,426.9078947368421,2544.4815789473687,0.07235727029438001,0.43126806422836755
3340,56.31578947368421,76.73684210526316,76.73684210526316,37.0,69.36842105263158,1182.6315789473686,1611.4736842105265,402.8684210526316,2413.342105263158,0.0682827832292596,0.40904103479036574
3341,52.26315789473684,77.05263157894737,77.05263157894737,39.26315789473684,63.578947368421055,1097.5263157894738,1618.1052631578948,404.5263157894737,2270.321052631579,0.06856378233719893,0.384800178412132
3342,49.1578947368421,79.21052631578948,79.21052631578948,42.21052631578947,60.36842105263158,1032.3157894736842,1663.4210526315792,415.8552631578948,2170.7921052631577,0.07048394290811776,0.3679308652988403
3343,55.526315789473685,79.78947368421052,79.78947368421052,39.05263157894737,64.94736842105263,1166.0526315789473,1675.5789473684208,418.8947368421052,2401.184210526316,0.07099910793933986,0.40698037466547726
3344,51.78947368421053,80.05263157894737,80.05263157894737,40.63157894736842,57.94736842105263,1087.578947368421,1681.1052631578948,420.2763157894737,2269.1605263157894,0.07123327386262267,0.3846034790365745
3345,56.78947368421053,75.0,75.0,38.63157894736842,58.94736842105263,1192.578947368421,1575.0,393.75,2421.1342105263157,0.06673728813559322,0.4103617305976806
3346,59.0,74.26315789473684,74.26315789473684,37.78947368421053,67.05263157894737,1239.0,1559.5263157894735,389.8815789473684,2496.181578947368,0.06608162355040142,0.42308162355040135
3347,51.36842105263158,77.89473684210526,77.89473684210526,39.473684210526315,55.578947368421055,1078.7368421052631,1635.7894736842104,408.9473684210526,2242.7999999999997,0.06931311329170384,0.38013559322033896
3348,55.31578947368421,70.36842105263158,70.36842105263158,33.94736842105263,61.36842105263158,1161.6315789473686,1477.7368421052631,369.4342105263158,2344.2078947368423,0.06261596788581623,0.3973233719892953
3349,55.8421052631579,74.42105263157895,74.42105263157895,35.78947368421053,60.36842105263158,1172.6842105263158,1562.842105263158,390.7105263157895,2384.2736842105264,0.0662221231043711,0.404114183764496
3350,61.36842105263158,69.73684210526316,69.73684210526316,35.89473684210526,62.73684210526316,1288.7368421052631,1464.4736842105265,366.1184210526316,2556.971052631579,0.062053969669937564,0.43338492417484387
3351,48.05263157894737,66.47368421052632,66.47368421052632,33.73684210526316,50.26315789473684,1009.1052631578948,1395.9473684210527,348.9868421052632,2064.4657894736843,0.059150312221231044,0.3499094558429973
3352,43.63157894736842,81.10526315789474,81.10526315789474,40.8421052631579,51.10526315789474,916.2631578947368,1703.2105263157896,425.8026315789474,1983.4499999999998,0.0721699375557538,0.33617796610169487
3353,52.89473684210526,68.42105263157895,68.42105263157895,34.473684210526315,63.94736842105263,1110.7894736842104,1436.842105263158,359.2105263157895,2247.552631578947,0.06088314005352364,0.3809411239964317
3354,53.0,79.26315789473684,79.26315789473684,40.36842105263158,59.21052631578947,1113.0,1664.5263157894735,416.1315789473684,2308.2315789473682,0.0705307760927743,0.3912256913470116
3355,53.36842105263158,75.26315789473684,75.26315789473684,38.73684210526316,59.10526315789474,1120.7368421052631,1580.5263157894735,395.1315789473684,2300.3842105263157,0.066971454058876,0.38989562890276536
3356,51.73684210526316,75.0,75.0,37.73684210526316,60.26315789473684,1086.4736842105262,1575.0,393.75,2240.7552631578947,0.06673728813559322,0.37978902765388045
3357,53.21052631578947,73.21052631578948,73.21052631578948,37.21052631578947,60.1578947368421,1117.421052631579,1537.4210526315792,384.3552631578948,2283.971052631579,0.0651449598572703,0.3871137377341659
3358,48.26315789473684,81.42105263157895,81.42105263157895,40.473684210526315,53.94736842105263,1013.5263157894736,1709.842105263158,427.4605263157895,2150.4552631578945,0.07245093666369314,0.3644839429081177
3359,56.10526315789474,71.94736842105263,71.94736842105263,36.10526315789474,61.421052631578945,1178.2105263157896,1510.8947368421052,377.7236842105263,2380.6815789473685,0.06402096342551293,0.4035053523639608
3360,45.526315789473685,79.0,79.0,40.78947368421053,52.68421052631579,956.0526315789474,1659.0,414.75,2040.0394736842106,0.07029661016949153,0.3457694023193577
3361,47.578947368421055,64.94736842105263,64.94736842105263,32.526315789473685,56.78947368421053,999.1578947368422,1363.8947368421052,340.9736842105263,2039.542105263158,0.0577921498661909,0.34568510258697593
3362,58.89473684210526,76.05263157894737,76.05263157894737,36.73684210526316,79.05263157894737,1236.7894736842104,1597.1052631578948,399.2763157894737,2501.8184210526315,0.06767395182872435,0.42403702051739517
3363,57.31578947368421,75.0,75.0,36.05263157894737,66.57894736842105,1203.6315789473686,1575.0,393.75,2439.9236842105265,0.06673728813559322,0.4135463871543265
3364,48.36842105263158,84.10526315789474,84.10526315789474,41.94736842105263,56.21052631578947,1015.7368421052632,1766.2105263157896,441.5526315789474,2168.305263157895,0.07483942908117752,0.36750936663693134
3365,52.578947368421055,71.89473684210526,71.89473684210526,37.578947368421055,59.21052631578947,1104.157894736842,1509.7894736842104,377.4473684210526,2254.515789473684,0.06397413024085637,0.38212132024977696
3366,55.05263157894737,76.57894736842105,76.57894736842105,39.05263157894737,62.36842105263158,1156.1052631578948,1608.157894736842,402.0394736842105,2367.4184210526314,0.06814228367528992,0.401257359500446
3367,61.68421052631579,73.21052631578948,73.21052631578948,34.578947368421055,67.47368421052632,1295.3684210526314,1537.4210526315792,384.3552631578948,2586.481578947368,0.0651449598572703,0.43838670829616405
3368,55.526315789473685,78.05263157894737,78.05263157894737,39.31578947368421,68.21052631578948,1166.0526315789473,1639.1052631578948,409.7763157894737,2392.065789473684,0.06945361284567352,0.4054348795718109
3369,46.94736842105263,72.3157894736842,72.3157894736842,35.05263157894737,53.94736842105263,985.8947368421052,1518.6315789473683,379.6578947368421,2055.678947368421,0.06434879571810882,0.34842016057091885
3370,45.36842105263158,64.0,64.0,31.789473684210527,54.73684210526316,952.7368421052632,1344.0,336.0,1955.6526315789474,0.05694915254237288,0.3314665477252453
3371,54.89473684210526,69.42105263157895,69.42105263157895,34.63157894736842,59.8421052631579,1152.7894736842104,1457.842105263158,364.4605263157895,2324.202631578947,0.061772970561998215,0.39393264942016054
3372,52.36842105263158,78.0,78.0,40.73684210526316,62.1578947368421,1099.7368421052631,1638.0,409.5,2279.0526315789475,0.06940677966101695,0.3862801070472792
3373,49.578947368421055,74.94736842105263,74.94736842105263,37.31578947368421,61.73684210526316,1041.157894736842,1573.8947368421052,393.4736842105263,2163.442105263158,0.06669045495093666,0.3666851025869759
3374,46.1578947368421,73.57894736842105,73.57894736842105,38.31578947368421,51.421052631578945,969.3157894736842,1545.157894736842,386.2894736842105,2034.1263157894737,0.06547279214986619,0.3447671721677074
3375,50.68421052631579,70.05263157894737,70.05263157894737,35.31578947368421,57.421052631578945,1064.3684210526314,1471.1052631578948,367.7763157894737,2177.202631578947,0.0623349687778769,0.3690173951828724
3376,52.578947368421055,76.21052631578948,76.21052631578948,37.89473684210526,56.10526315789474,1104.157894736842,1600.4210526315792,400.1052631578948,2277.1736842105265,0.06781445138269403,0.38596164139161465
3377,56.31578947368421,73.36842105263158,73.36842105263158,36.26315789473684,63.421052631578945,1182.6315789473686,1540.7368421052631,385.1842105263158,2395.657894736842,0.06528545941123996,0.4060437109723461
3378,52.1578947368421,67.78947368421052,67.78947368421052,34.10526315789474,58.94736842105263,1095.3157894736842,1423.5789473684208,355.8947368421052,2217.9315789473685,0.06032114183764495,0.3759206066012489
3379,51.421052631578945,78.84210526315789,78.84210526315789,40.78947368421053,62.89473684210526,1079.842105263158,1655.6842105263156,413.9210526315789,2249.6526315789474,0.07015611061552185,0.38129705619982157
3380,51.94736842105263,77.36842105263158,77.36842105263158,36.73684210526316,59.21052631578947,1090.8947368421052,1624.7368421052631,406.1842105263158,2260.7052631578945,0.06884478144513827,0.3831703835860838
3381,48.68421052631579,66.52631578947368,66.52631578947368,34.63157894736842,53.10526315789474,1022.3684210526316,1397.0526315789473,349.2631578947368,2087.2894736842104,0.059197145405887594,0.3537778768956289
3382,57.21052631578947,80.89473684210526,80.89473684210526,41.63157894736842,61.94736842105263,1201.421052631579,1698.7894736842104,424.6973684210526,2467.1131578947366,0.07198260481712757,0.4181547725245316
3383,49.26315789473684,70.10526315789474,70.10526315789474,36.89473684210526,52.0,1034.5263157894738,1472.2105263157896,368.0526315789474,2126.7473684210527,0.062381801962533456,0.3604656556645852
3384,51.94736842105263,79.78947368421052,79.78947368421052,40.0,61.89473684210526,1090.8947368421052,1675.5789473684208,418.8947368421052,2273.415789473684,0.07099910793933986,0.38532471008028546
3385,58.73684210526316,73.47368421052632,73.47368421052632,37.1578947368421,67.21052631578948,1233.4736842105262,1542.9473684210527,385.7368421052632,2482.642105263158,0.06537912578055308,0.4207867975022302
3386,51.526315789473685,77.6842105263158,77.6842105263158,37.78947368421053,59.21052631578947,1082.0526315789473,1631.3684210526317,407.8421052631579,2247.331578947368,0.06912578055307761,0.38090365744870647
3387,50.73684210526316,73.84210526315789,73.84210526315789,37.73684210526316,63.473684210526315,1065.4736842105262,1550.6842105263156,387.6710526315789,2198.9763157894736,0.06570695807314897,0.3727078501338091
3388,59.578947368421055,81.36842105263158,81.36842105263158,39.63157894736842,68.42105263157895,1251.157894736842,1708.7368421052631,427.1842105263158,2554.1526315789474,0.07240410347903657,0.43290722569134704
3389,51.578947368421055,79.52631578947368,79.52631578947368,40.36842105263158,56.578947368421055,1083.157894736842,1670.0526315789473,417.5131578947368,2258.8815789473683,0.07076494201605708,0.3828612845673506
3390,48.78947368421053,74.10526315789474,74.10526315789474,36.10526315789474,62.94736842105263,1024.578947368421,1556.2105263157896,389.0526315789474,2130.8368421052633,0.06594112399643176,0.36115878679750224
3391,51.1578947368421,76.10526315789474,76.10526315789474,38.05263157894737,51.473684210526315,1074.3157894736842,1598.2105263157896,399.5526315789474,2225.8894736842103,0.06772078501338091,0.3772694023193577
3392,46.21052631578947,77.89473684210526,77.89473684210526,37.05263157894737,62.73684210526316,970.421052631579,1635.7894736842104,408.9473684210526,2058.6631578947367,0.06931311329170384,0.3489259589652096
3393,51.31578947368421,74.21052631578948,74.21052631578948,38.63157894736842,58.68421052631579,1077.6315789473686,1558.4210526315792,389.6052631578948,2221.5789473684213,0.06603479036574487,0.3765388046387155
3394,59.63157894736842,67.36842105263158,67.36842105263158,32.63157894736842,67.3157894736842,1252.2631578947369,1414.7368421052631,353.6842105263158,2482.5315789473684,0.059946476360392506,0.42076806422836754
3395,55.10526315789474,78.89473684210526,78.89473684210526,38.526315789473685,61.10526315789474,1157.2105263157896,1656.7894736842104,414.1973684210526,2381.455263157895,0.07020294380017841,0.40363648528099916
3396,50.31578947368421,72.78947368421052,72.78947368421052,36.89473684210526,56.05263157894737,1056.6315789473686,1528.5789473684208,382.1447368421052,2178.418421052632,0.06477029438001783,0.3692234611953613
3397,55.526315789473685,73.42105263157895,73.42105263157895,36.05263157894737,69.26315789473684,1166.0526315789473,1541.842105263158,385.4605263157895,2367.75,0.06533229259589653,0.4013135593220339
3398,47.05263157894737,85.0,85.0,43.05263157894737,58.1578947368421,988.1052631578948,1785.0,446.25,2126.028947368421,0.07563559322033898,0.36034388938447814
3399,51.78947368421053,76.36842105263158,76.36842105263158,37.89473684210526,55.1578947368421,1087.578947368421,1603.7368421052631,400.9342105263158,2249.8184210526315,0.06795495093666369,0.3813251561106155
3400,54.578947368421055,75.05263157894737,75.05263157894737,40.21052631578947,60.578947368421055,1146.157894736842,1576.1052631578948,394.0263157894737,2342.4947368421053,0.06678412132024977,0.3970330062444246
3401,51.526315789473685,73.36842105263158,73.36842105263158,37.8421052631579,56.63157894736842,1082.0526315789473,1540.7368421052631,385.1842105263158,2224.673684210526,0.06528545941123996,0.37706333630686883
3402,49.26315789473684,86.57894736842105,86.57894736842105,43.473684210526315,60.63157894736842,1034.5263157894738,1818.157894736842,454.5394736842105,2213.234210526316,0.07704058876003568,0.3751244424620875
3403,46.05263157894737,84.3157894736842,84.3157894736842,44.578947368421055,54.36842105263158,967.1052631578948,1770.6315789473683,442.6578947368421,2086.7368421052633,0.07502676181980374,0.3536842105263158
3404,50.05263157894737,70.94736842105263,70.94736842105263,35.89473684210526,60.05263157894737,1051.1052631578948,1489.8947368421052,372.4736842105263,2159.3526315789472,0.06313113291703835,0.3659919714540589
3405,48.36842105263158,74.21052631578948,74.21052631578948,39.05263157894737,49.578947368421055,1015.7368421052632,1558.4210526315792,389.6052631578948,2116.3578947368424,0.06603479036574487,0.3587047279214987
3406,49.578947368421055,69.6842105263158,69.6842105263158,34.8421052631579,59.8421052631579,1041.157894736842,1463.3684210526317,365.8421052631579,2135.8105263157895,0.062007136485281,0.3620017841213203
3407,48.8421052631579,77.6842105263158,77.6842105263158,39.73684210526316,59.526315789473685,1025.6842105263158,1631.3684210526317,407.8421052631579,2151.5052631578947,0.06912578055307761,0.36466190900981266
3408,50.78947368421053,72.36842105263158,72.36842105263158,38.73684210526316,48.21052631578947,1066.578947368421,1519.7368421052631,379.9342105263158,2193.118421052631,0.06439562890276539,0.37171498661909
3409,47.10526315789474,68.47368421052632,68.47368421052632,36.68421052631579,57.526315789473685,989.2105263157896,1437.9473684210527,359.4868421052632,2041.1447368421054,0.0609299732381802,0.34595673505798397
3410,58.94736842105263,79.36842105263158,79.36842105263158,37.94736842105263,71.94736842105263,1237.8947368421052,1666.7368421052631,416.6842105263158,2521.1052631578946,0.07062444246208742,0.4273059768064228
3411,51.63157894736842,73.52631578947368,73.52631578947368,35.578947368421055,62.05263157894737,1084.2631578947369,1544.0526315789473,386.0131578947368,2229.2605263157893,0.06542595896520963,0.3778407671721677
3412,48.10526315789474,68.3157894736842,68.3157894736842,34.421052631578945,52.473684210526315,1010.2105263157896,1434.6315789473683,358.6578947368421,2076.0157894736844,0.060789473684210525,0.35186708296164143
3413,46.578947368421055,81.94736842105263,81.94736842105263,41.526315789473685,45.26315789473684,978.1578947368422,1720.8947368421052,430.2236842105263,2093.092105263158,0.07291926851025869,0.3547613737734166
3414,54.94736842105263,84.42105263157895,84.42105263157895,42.68421052631579,63.89473684210526,1153.8947368421052,1772.842105263158,443.2105263157895,2404.831578947368,0.07512042818911686,0.40759857270294375
3415,53.36842105263158,84.05263157894737,84.05263157894737,41.0,65.6842105263158,1120.7368421052631,1765.1052631578948,441.2763157894737,2346.528947368421,0.07479259589652097,0.39771677074041034
3416,55.05263157894737,73.26315789473684,73.26315789473684,35.21052631578947,68.26315789473684,1156.1052631578948,1538.5263157894735,384.6315789473684,2350.0105263157893,0.06519179304192685,0.39830686886708294
3417,46.473684210526315,79.73684210526316,79.73684210526316,40.63157894736842,53.26315789473684,975.9473684210526,1674.4736842105265,418.6184210526316,2077.728947368421,0.07095227475468333,0.352157448706512
3418,52.10526315789474,72.84210526315789,72.84210526315789,37.26315789473684,57.1578947368421,1094.2105263157896,1529.6842105263156,382.4210526315789,2242.5789473684213,0.06481712756467439,0.3800981266726138
3419,53.94736842105263,71.3157894736842,71.3157894736842,35.89473684210526,61.578947368421055,1132.8947368421052,1497.6315789473683,374.4078947368421,2300.328947368421,0.06345896520963425,0.38988626226583406
3420,60.0,71.94736842105263,71.94736842105263,36.473684210526315,72.6842105263158,1260.0,1510.8947368421052,377.7236842105263,2519.7236842105262,0.06402096342551293,0.42707181088314006
3421,52.68421052631579,85.21052631578948,85.21052631578948,42.68421052631579,64.57894736842105,1106.3684210526314,1789.4210526315792,447.3552631578948,2328.1815789473685,0.07582292595896523,0.39460704727921503
3422,47.78947368421053,72.6842105263158,72.6842105263158,36.89473684210526,55.26315789473684,1003.578947368421,1526.3684210526317,381.5921052631579,2087.676315789474,0.06467662801070473,0.35384344335414813
3423,51.10526315789474,73.36842105263158,73.36842105263158,36.578947368421055,51.421052631578945,1073.2105263157896,1540.7368421052631,385.1842105263158,2209.642105263158,0.06528545941123996,0.37451561106155223
3424,49.0,65.6842105263158,65.6842105263158,33.8421052631579,55.10526315789474,1029.0,1379.3684210526317,344.8421052631579,2094.1421052631576,0.058447814451382696,0.35493933987511145
3425,48.26315789473684,82.42105263157895,82.42105263157895,41.89473684210526,54.1578947368421,1013.5263157894736,1730.842105263158,432.7105263157895,2155.7052631578945,0.07334076717216771,0.3653737734165923
3426,54.68421052631579,75.6842105263158,75.6842105263158,37.473684210526315,62.21052631578947,1148.3684210526314,1589.3684210526317,397.3421052631579,2349.5684210526315,0.06734611953612846,0.39823193577163246
3427,56.05263157894737,73.57894736842105,73.57894736842105,37.526315789473685,61.0,1177.1052631578948,1545.157894736842,386.2894736842105,2387.3684210526317,0.06547279214986619,0.40463871543264945
3428,54.1578947368421,77.47368421052632,77.47368421052632,38.1578947368421,65.05263157894737,1137.3157894736842,1626.9473684210527,406.7368421052632,2340.173684210526,0.06893844781445138,0.3966396074933095
3429,52.421052631578945,84.89473684210526,84.89473684210526,42.78947368421053,58.78947368421053,1100.842105263158,1782.7894736842104,445.6973684210526,2317.128947368421,0.07554192685102587,0.3927337198929527
3430,54.473684210526315,76.3157894736842,76.3157894736842,36.26315789473684,61.36842105263158,1143.9473684210527,1602.6315789473683,400.6578947368421,2345.3684210526317,0.06790811775200713,0.39752007136485284
3431,51.89473684210526,85.52631578947368,85.52631578947368,44.05263157894737,63.0,1089.7894736842104,1796.0526315789473,449.0131578947368,2301.6552631578943,0.07610392506690454,0.3901110615521855
3432,57.26315789473684,70.36842105263158,70.36842105263158,34.526315789473685,69.84210526315789,1202.5263157894738,1477.7368421052631,369.4342105263158,2413.728947368421,0.06261596788581623,0.40910660124888487
3433,53.0,71.3157894736842,71.3157894736842,36.89473684210526,56.0,1113.0,1497.6315789473683,374.4078947368421,2266.507894736842,0.06345896520963425,0.3841538804638715
3434,47.78947368421053,84.52631578947368,84.52631578947368,42.0,50.421052631578945,1003.578947368421,1775.0526315789473,443.7631578947368,2149.8473684210526,0.07521409455842996,0.36438090990187333
3435,53.578947368421055,62.10526315789474,62.10526315789474,31.842105263157894,56.63157894736842,1125.157894736842,1304.2105263157896,326.0526315789474,2238.821052631579,0.05526315789473685,0.37946119536128453
3436,46.578947368421055,74.94736842105263,74.94736842105263,38.8421052631579,52.78947368421053,978.1578947368422,1573.8947368421052,393.4736842105263,2056.342105263158,0.06669045495093666,0.34853256021409457
3437,65.57894736842105,74.84210526315789,74.84210526315789,36.31578947368421,80.3157894736842,1377.157894736842,1571.6842105263156,392.9210526315789,2734.08947368421,0.06659678858162354,0.4634049955396966
3438,49.8421052631579,80.15789473684211,80.15789473684211,39.578947368421055,60.578947368421055,1046.6842105263158,1683.3157894736844,420.8289473684211,2200.192105263158,0.07132694023193578,0.37291391614629793
3439,45.05263157894737,73.84210526315789,73.84210526315789,39.36842105263158,54.8421052631579,946.1052631578948,1550.6842105263156,387.6710526315789,1996.0500000000002,0.06570695807314897,0.33831355932203394
3440,51.1578947368421,77.63157894736842,77.63157894736842,38.94736842105263,61.26315789473684,1074.3157894736842,1630.2631578947369,407.5657894736842,2233.9026315789474,0.06907894736842106,0.37862756467439784
3441,48.63157894736842,76.47368421052632,76.47368421052632,39.473684210526315,49.73684210526316,1021.2631578947368,1605.9473684210527,401.4868421052632,2137.6342105263157,0.0680486173059768,0.3623108831400535
3442,54.0,73.94736842105263,73.94736842105263,37.68421052631579,59.526315789473685,1134.0,1552.8947368421052,388.2236842105263,2316.0236842105264,0.06580062444246208,0.3925463871543265
3443,51.578947368421055,82.0,82.0,40.1578947368421,57.94736842105263,1083.157894736842,1722.0,430.5,2271.8684210526317,0.07296610169491526,0.3850624442462088
3444,50.21052631578947,79.57894736842105,79.57894736842105,40.31578947368421,63.68421052631579,1054.421052631579,1671.157894736842,417.7894736842105,2210.305263157895,0.07081177520071365,0.37462801070472795
3445,49.473684210526315,74.6842105263158,74.6842105263158,36.73684210526316,61.8421052631579,1038.9473684210527,1568.3684210526317,392.0921052631579,2158.3026315789475,0.06645628902765388,0.36581400535236397
3446,57.8421052631579,80.0,80.0,39.89473684210526,69.26315789473684,1214.6842105263158,1680.0,420.0,2484.963157894737,0.0711864406779661,0.42118019625334524
3447,57.26315789473684,79.52631578947368,79.52631578947368,40.21052631578947,63.89473684210526,1202.5263157894738,1670.0526315789473,417.5131578947368,2461.807894736842,0.07076494201605708,0.4172555753791258
3448,50.73684210526316,71.89473684210526,71.89473684210526,37.21052631578947,58.26315789473684,1065.4736842105262,1509.7894736842104,377.4473684210526,2188.7526315789473,0.06397413024085637,0.3709750223015165
3449,46.31578947368421,76.26315789473684,76.26315789473684,38.526315789473685,53.94736842105263,972.6315789473684,1601.5263157894735,400.3815789473684,2053.8552631578946,0.06786128456735058,0.3481110615521855
3450,53.1578947368421,81.36842105263158,81.36842105263158,41.0,54.94736842105263,1116.3157894736842,1708.7368421052631,427.1842105263158,2324.9210526315787,0.07240410347903657,0.39405441570026756
3451,53.0,85.36842105263158,85.36842105263158,43.578947368421055,62.36842105263158,1113.0,1792.7368421052631,448.1842105263158,2340.2842105263157,0.07596342551293488,0.39665834076717216
3452,45.526315789473685,78.15789473684211,78.15789473684211,39.31578947368421,56.473684210526315,956.0526315789474,1641.3157894736844,410.3289473684211,2035.6184210526317,0.06954727921498663,0.34502007136485285
3453,50.473684210526315,75.94736842105263,75.94736842105263,38.05263157894737,56.26315789473684,1059.9473684210527,1594.8947368421052,398.7236842105263,2200.634210526316,0.06758028545941124,0.37298884924174847
3454,54.21052631578947,71.89473684210526,71.89473684210526,35.36842105263158,56.473684210526315,1138.421052631579,1509.7894736842104,377.4473684210526,2312.7631578947367,0.06397413024085637,0.3919937555753791
3455,53.31578947368421,72.84210526315789,72.84210526315789,35.421052631578945,67.3157894736842,1119.6315789473686,1529.6842105263156,382.4210526315789,2285.7947368421055,0.06481712756467439,0.38742283675289924
3456,58.05263157894737,63.421052631578945,63.421052631578945,29.63157894736842,61.73684210526316,1219.1052631578948,1331.842105263158,332.9605263157895,2405.4394736842105,0.05643398751115076,0.40770160570918823
3457,47.1578947368421,83.94736842105263,83.94736842105263,41.8421052631579,61.05263157894737,990.3157894736842,1762.8947368421052,440.7236842105263,2124.2605263157893,0.07469892952720784,0.36004415700267617
3458,54.8421052631579,72.21052631578948,72.21052631578948,36.578947368421055,64.36842105263158,1151.6842105263158,1516.4210526315792,379.1052631578948,2336.9684210526316,0.06425512934879572,0.3960963425512935
3459,50.78947368421053,77.10526315789474,77.10526315789474,39.26315789473684,61.78947368421053,1066.578947368421,1619.2105263157896,404.8026315789474,2217.986842105263,0.06861061552185549,0.37592997323818017
3460,59.8421052631579,71.21052631578948,71.21052631578948,35.78947368421053,75.26315789473684,1256.6842105263158,1495.4210526315792,373.8552631578948,2510.218421052632,0.06336529884032115,0.42546074933095457
3461,63.578947368421055,74.21052631578948,74.21052631578948,36.05263157894737,73.94736842105263,1335.157894736842,1558.4210526315792,389.6052631578948,2659.3736842105263,0.06603479036574487,0.4507413024085638
3462,50.10526315789474,80.6842105263158,80.6842105263158,37.73684210526316,63.78947368421053,1052.2105263157896,1694.3684210526317,423.5921052631579,2212.3500000000004,0.07179527207850134,0.3749745762711865
3463,50.63157894736842,86.57894736842105,86.57894736842105,42.578947368421055,56.1578947368421,1063.2631578947369,1818.157894736842,454.5394736842105,2262.0868421052633,0.07704058876003568,0.38340454950936664
3464,50.8421052631579,73.42105263157895,73.42105263157895,39.473684210526315,59.26315789473684,1067.6842105263158,1541.842105263158,385.4605263157895,2200.5236842105264,0.06533229259589653,0.3729701159678858
3465,50.68421052631579,87.47368421052632,87.47368421052632,43.473684210526315,61.78947368421053,1064.3684210526314,1836.9473684210527,459.2368421052632,2268.6631578947367,0.07783675289919714,0.38451917930419266
3466,52.526315789473685,77.26315789473684,77.26315789473684,36.68421052631579,64.0,1103.0526315789473,1622.5263157894735,405.6315789473684,2280.821052631579,0.06875111507582515,0.38657983942908114
3467,50.89473684210526,89.6842105263158,89.6842105263158,44.78947368421053,59.89473684210526,1068.7894736842104,1883.3684210526317,470.8421052631579,2287.7842105263153,0.07980374665477252,0.38776003568242634
3468,60.10526315789474,63.31578947368421,63.31578947368421,32.68421052631579,65.6842105263158,1262.2105263157896,1329.6315789473686,332.40789473684214,2478.1657894736845,0.05634032114183765,0.420028099910794
3469,55.05263157894737,65.36842105263158,65.36842105263158,31.473684210526315,61.78947368421053,1156.1052631578948,1372.7368421052631,343.1842105263158,2308.563157894737,0.058166815343443354,0.39128189116859946
3470,53.421052631578945,69.0,69.0,33.10526315789474,59.8421052631579,1121.842105263158,1449.0,362.25,2269.3815789473683,0.06139830508474576,0.38464094558429973
3471,55.36842105263158,74.84210526315789,74.84210526315789,37.421052631578945,60.1578947368421,1162.7368421052631,1571.6842105263156,392.9210526315789,2369.573684210526,0.06659678858162354,0.40162265834076716
3472,54.10526315789474,80.6842105263158,80.6842105263158,40.26315789473684,68.57894736842105,1136.2105263157896,1694.3684210526317,423.5921052631579,2355.15,0.07179527207850134,0.3991779661016949
3473,50.0,70.0,70.0,35.26315789473684,63.421052631578945,1050.0,1470.0,367.5,2152.5,0.06228813559322034,0.36483050847457626
3474,50.421052631578945,71.36842105263158,71.36842105263158,34.8421052631579,64.94736842105263,1058.842105263158,1498.7368421052631,374.6842105263158,2174.7157894736843,0.06350579839429081,0.3685958965209634
3475,58.526315789473685,75.78947368421052,75.78947368421052,37.421052631578945,69.3157894736842,1229.0526315789473,1591.5789473684208,397.8947368421052,2487.2842105263153,0.06743978590544156,0.42157359500446023
3476,56.8421052631579,71.73684210526316,71.73684210526316,37.578947368421055,61.421052631578945,1193.6842105263158,1506.4736842105265,376.6184210526316,2405.8815789473683,0.06383363068688672,0.4077765388046387
3477,64.63157894736842,68.3157894736842,68.3157894736842,35.578947368421055,69.94736842105263,1357.2631578947369,1434.6315789473683,358.6578947368421,2666.0052631578947,0.060789473684210525,0.4518652988403211
3478,51.36842105263158,82.42105263157895,82.42105263157895,41.68421052631579,60.36842105263158,1078.7368421052631,1730.842105263158,432.7105263157895,2266.563157894737,0.07334076717216771,0.38416324710080285
3479,47.73684210526316,75.94736842105263,75.94736842105263,38.31578947368421,53.63157894736842,1002.4736842105264,1594.8947368421052,398.7236842105263,2102.928947368421,0.06758028545941124,0.35642863514719003
3480,51.1578947368421,76.89473684210526,76.89473684210526,38.31578947368421,60.10526315789474,1074.3157894736842,1614.7894736842104,403.6973684210526,2230.0342105263157,0.06842328278322926,0.37797190008920606
3481,53.1578947368421,81.0,81.0,40.0,61.1578947368421,1116.3157894736842,1701.0,425.25,2322.9868421052633,0.07207627118644068,0.39372658340767175
3482,49.78947368421053,68.05263157894737,68.05263157894737,32.63157894736842,58.73684210526316,1045.578947368421,1429.1052631578948,357.2763157894737,2134.7605263157893,0.06055530776092775,0.3618238180196253
3483,53.421052631578945,85.05263157894737,85.05263157894737,41.21052631578947,62.578947368421055,1121.842105263158,1786.1052631578948,446.5263157894737,2353.657894736842,0.07568242640499555,0.3989250669045495
3484,51.63157894736842,75.36842105263158,75.36842105263158,36.94736842105263,56.10526315789474,1084.2631578947369,1582.7368421052631,395.6842105263158,2238.9315789473685,0.06706512042818912,0.3794799286351472
3485,53.8421052631579,73.63157894736842,73.63157894736842,36.63157894736842,58.05263157894737,1130.6842105263158,1546.2631578947369,386.5657894736842,2308.7289473684214,0.06551962533452275,0.39130999107939346
3486,43.10526315789474,84.84210526315789,84.84210526315789,45.10526315789474,51.526315789473685,905.2105263157896,1781.6842105263156,445.4210526315789,1984.2789473684213,0.0754950936663693,0.33631846565566464
3487,51.63157894736842,83.89473684210526,83.89473684210526,42.63157894736842,56.05263157894737,1084.2631578947369,1761.7894736842104,440.4473684210526,2283.694736842105,0.0746520963425513,0.38706690454950937
3488,47.1578947368421,76.47368421052632,76.47368421052632,40.10526315789474,51.0,990.3157894736842,1605.9473684210527,401.4868421052632,2085.0236842105264,0.0680486173059768,0.35339384478144514
3489,50.10526315789474,77.42105263157895,77.42105263157895,39.78947368421053,57.94736842105263,1052.2105263157896,1625.842105263158,406.4605263157895,2195.2184210526316,0.06889161462979483,0.37207091882247995
3490,51.526315789473685,88.26315789473684,88.26315789473684,44.421052631578945,57.0,1082.0526315789473,1853.5263157894735,463.3815789473684,2302.8710526315786,0.07853925066904549,0.39031712756467435
3491,51.1578947368421,70.15789473684211,70.15789473684211,37.21052631578947,53.421052631578945,1074.3157894736842,1473.3157894736844,368.3289473684211,2194.665789473684,0.06242863514719001,0.3719772524531668
3492,51.21052631578947,71.47368421052632,71.47368421052632,35.578947368421055,59.31578947368421,1075.421052631579,1500.9473684210527,375.2368421052632,2203.4526315789476,0.06359946476360392,0.37346654772524535
3493,54.21052631578947,87.57894736842105,87.57894736842105,43.89473684210526,62.94736842105263,1138.421052631579,1839.157894736842,459.7894736842105,2395.1052631578946,0.07793041926851026,0.40595004460303297
3494,55.36842105263158,76.3157894736842,76.3157894736842,36.10526315789474,61.31578947368421,1162.7368421052631,1602.6315789473683,400.6578947368421,2377.3105263157895,0.06790811775200713,0.4029339875111508
3495,49.68421052631579,77.26315789473684,77.26315789473684,39.8421052631579,57.94736842105263,1043.3684210526314,1622.5263157894735,405.6315789473684,2179.357894736842,0.06875111507582515,0.36938269402319357
3496,66.47368421052632,73.05263157894737,73.05263157894737,34.63157894736842,84.0,1395.9473684210527,1534.1052631578948,383.5263157894737,2756.6368421052634,0.06500446030330062,0.46722658340767176
3497,57.78947368421053,78.0,78.0,38.26315789473684,72.15789473684211,1213.578947368421,1638.0,409.5,2472.584210526316,0.06940677966101695,0.4190820695807315
3498,56.21052631578947,70.63157894736842,70.63157894736842,34.8421052631579,57.94736842105263,1180.421052631579,1483.2631578947369,370.8157894736842,2377.5315789473684,0.06285013380909903,0.402971454058876
3499,47.10526315789474,82.21052631578948,82.21052631578948,43.526315789473685,55.21052631578947,989.2105263157896,1726.4210526315792,431.6052631578948,2113.263157894737,0.0731534344335415,0.3581801962533453
3500,60.1578947368421,74.21052631578948,74.21052631578948,35.31578947368421,65.73684210526316,1263.3157894736842,1558.4210526315792,389.6052631578948,2537.242105263158,0.06603479036574487,0.43004103479036576
3501,57.89473684210526,75.0,75.0,35.05263157894737,73.3157894736842,1215.7894736842104,1575.0,393.75,2460.5921052631575,0.06673728813559322,0.4170495093666369
3502,54.63157894736842,78.94736842105263,78.94736842105263,40.526315789473685,64.47368421052632,1147.2631578947369,1657.8947368421052,414.4736842105263,2364.821052631579,0.07024977698483496,0.40081712756467436
3503,55.421052631578945,74.10526315789474,74.10526315789474,36.1578947368421,66.3157894736842,1163.842105263158,1556.2105263157896,389.0526315789474,2367.584210526316,0.06594112399643176,0.40128545941124
3504,46.8421052631579,79.84210526315789,79.84210526315789,38.94736842105263,54.73684210526316,983.6842105263158,1676.6842105263156,419.1710526315789,2091.434210526316,0.07104594112399643,0.35448037466547727
3505,57.31578947368421,81.36842105263158,81.36842105263158,41.0,59.78947368421053,1203.6315789473686,1708.7368421052631,427.1842105263158,2473.3578947368424,0.07240410347903657,0.4192132024977699
3506,50.78947368421053,77.57894736842105,77.57894736842105,38.421052631578945,62.78947368421053,1066.578947368421,1629.157894736842,407.2894736842105,2220.4736842105262,0.0690321141837645,0.3763514719000892
3507,49.63157894736842,86.57894736842105,86.57894736842105,43.63157894736842,55.21052631578947,1042.2631578947369,1818.157894736842,454.5394736842105,2226.386842105263,0.07704058876003568,0.3773537020517395
3508,66.6842105263158,76.78947368421052,76.78947368421052,38.31578947368421,77.10526315789474,1400.3684210526317,1612.5789473684208,403.1447368421052,2783.7710526315786,0.06832961641391613,0.47182560214094554
3509,52.421052631578945,76.89473684210526,76.89473684210526,38.78947368421053,58.421052631578945,1100.842105263158,1614.7894736842104,403.6973684210526,2275.128947368421,0.06842328278322926,0.3856150758251561
3510,52.0,73.84210526315789,73.84210526315789,36.421052631578945,69.15789473684211,1092.0,1550.6842105263156,387.6710526315789,2244.071052631579,0.06570695807314897,0.3803510258697591
3511,55.31578947368421,83.10526315789474,83.10526315789474,41.578947368421055,65.47368421052632,1161.6315789473686,1745.2105263157896,436.3026315789474,2411.076315789474,0.07394959857270295,0.40865700267618205
3512,47.26315789473684,85.42105263157895,85.42105263157895,42.421052631578945,49.578947368421055,992.5263157894736,1793.842105263158,448.4605263157895,2135.7552631578947,0.07601025869759144,0.36199241748438893
3513,47.63157894736842,75.0,75.0,36.73684210526316,60.73684210526316,1000.2631578947368,1575.0,393.75,2094.1973684210525,0.06673728813559322,0.3549487065120428
3514,46.73684210526316,80.10526315789474,80.10526315789474,41.8421052631579,51.94736842105263,981.4736842105264,1682.2105263157896,420.5526315789474,2089.057894736842,0.07128010704727922,0.35407760927743087
3515,55.578947368421055,71.26315789473684,71.26315789473684,35.1578947368421,71.63157894736842,1167.157894736842,1496.5263157894735,374.1315789473684,2358.2999999999997,0.0634121320249777,0.39971186440677964
3516,57.36842105263158,78.36842105263158,78.36842105263158,39.73684210526316,64.3157894736842,1204.7368421052631,1645.7368421052631,411.4342105263158,2459.486842105263,0.06973461195361284,0.41686217662801067
3517,55.73684210526316,73.52631578947368,73.52631578947368,38.21052631578947,61.89473684210526,1170.4736842105262,1544.0526315789473,386.0131578947368,2375.8184210526315,0.06542595896520963,0.40268108831400534
3518,47.94736842105263,79.15789473684211,79.15789473684211,39.10526315789474,60.473684210526315,1006.8947368421052,1662.3157894736844,415.5789473684211,2127.3,0.0704371097234612,0.36055932203389834
3519,55.31578947368421,63.68421052631579,63.68421052631579,30.894736842105264,69.57894736842105,1161.6315789473686,1337.3684210526314,334.34210526315786,2309.1157894736843,0.05666815343443354,0.3913755575379126
3520,50.31578947368421,77.47368421052632,77.47368421052632,38.89473684210526,57.1578947368421,1056.6315789473686,1626.9473684210527,406.7368421052632,2203.01052631579,0.06893844781445138,0.37339161462979487
3521,55.578947368421055,76.6842105263158,76.6842105263158,36.73684210526316,61.0,1167.157894736842,1610.3684210526317,402.5921052631579,2386.7605263157893,0.06823595004460303,0.404535682426405
3522,61.578947368421055,64.0,64.0,31.63157894736842,64.0,1293.157894736842,1344.0,336.0,2534.3684210526317,0.05694915254237288,0.4295539696699376
3523,58.473684210526315,64.57894736842105,64.57894736842105,33.31578947368421,63.63157894736842,1227.9473684210527,1356.157894736842,339.0394736842105,2426.55,0.057464317573595006,0.4112796610169492
3524,50.526315789473685,79.6842105263158,79.6842105263158,40.473684210526315,54.89473684210526,1061.0526315789473,1673.3684210526317,418.3421052631579,2222.1315789473683,0.07090544157002676,0.37663247100802855
3525,56.31578947368421,76.57894736842105,76.57894736842105,35.94736842105263,73.21052631578948,1182.6315789473686,1608.157894736842,402.0394736842105,2412.513157894737,0.06814228367528992,0.40890053523639613
3526,58.8421052631579,75.78947368421052,75.78947368421052,37.8421052631579,68.36842105263158,1235.6842105263158,1591.5789473684208,397.8947368421052,2498.557894736842,0.06743978590544156,0.4234843889384478
3527,56.36842105263158,76.63157894736842,76.63157894736842,37.8421052631579,63.26315789473684,1183.7368421052631,1609.2631578947369,402.3157894736842,2414.6684210526314,0.06818911685994648,0.4092658340767172
3528,53.10526315789474,71.94736842105263,71.94736842105263,34.8421052631579,62.578947368421055,1115.2105263157896,1510.8947368421052,377.7236842105263,2273.5815789473686,0.06402096342551293,0.3853528099910794
3529,46.1578947368421,86.89473684210526,86.89473684210526,45.26315789473684,51.578947368421055,969.3157894736842,1824.7894736842104,456.1973684210526,2104.0342105263157,0.07732158786797502,0.35661596788581623
3530,55.63157894736842,81.89473684210526,81.89473684210526,39.78947368421053,67.57894736842105,1168.2631578947369,1719.7894736842104,429.9473684210526,2415.9947368421053,0.07287243532560214,0.4094906333630687
3531,55.526315789473685,81.05263157894737,81.05263157894737,40.89473684210526,60.21052631578947,1166.0526315789473,1702.1052631578948,425.5263157894737,2407.815789473684,0.07212310437109724,0.40810437109723463
3532,49.578947368421055,61.578947368421055,61.578947368421055,30.63157894736842,55.1578947368421,1041.157894736842,1293.157894736842,323.2894736842105,2093.257894736842,0.05479482604817128,0.3547894736842105
3533,57.05263157894737,70.3157894736842,70.3157894736842,33.94736842105263,64.94736842105263,1198.1052631578948,1476.6315789473683,369.1578947368421,2405.936842105263,0.06256913470115967,0.40778590544157
3534,46.78947368421053,78.6842105263158,78.6842105263158,37.1578947368421,52.526315789473685,982.578947368421,1652.3684210526317,413.0921052631579,2083.4763157894736,0.07001561106155219,0.3531315789473684
3535,52.526315789473685,77.57894736842105,77.57894736842105,37.78947368421053,59.8421052631579,1103.0526315789473,1629.157894736842,407.2894736842105,2282.478947368421,0.0690321141837645,0.38686083853702047
3536,57.89473684210526,70.36842105263158,70.36842105263158,35.10526315789474,61.73684210526316,1215.7894736842104,1477.7368421052631,369.4342105263158,2436.2763157894733,0.06261596788581623,0.41292818911685986
3537,53.31578947368421,64.0,64.0,32.31578947368421,53.78947368421053,1119.6315789473686,1344.0,336.0,2239.3736842105263,0.05694915254237288,0.37955486173059766
3538,49.578947368421055,81.21052631578948,81.21052631578948,42.31578947368421,60.63157894736842,1041.157894736842,1705.4210526315792,426.3552631578948,2196.323684210526,0.07226360392506692,0.37225825156110615
3539,51.10526315789474,80.10526315789474,80.10526315789474,39.73684210526316,62.578947368421055,1073.2105263157896,1682.2105263157896,420.5526315789474,2245.01052631579,0.07128010704727922,0.3805102586975915
3540,48.94736842105263,72.05263157894737,72.05263157894737,34.8421052631579,62.73684210526316,1027.8947368421052,1513.1052631578948,378.2763157894737,2125.6973684210525,0.06411462979482604,0.36028768956289026
3541,52.421052631578945,79.84210526315789,79.84210526315789,40.473684210526315,58.89473684210526,1100.842105263158,1676.6842105263156,419.1710526315789,2290.6026315789472,0.07104594112399643,0.3882377341659233
3542,56.21052631578947,68.10526315789474,68.10526315789474,32.473684210526315,65.42105263157895,1180.421052631579,1430.2105263157896,357.5526315789474,2364.2684210526318,0.060602140945584304,0.40072346119536134
3543,55.10526315789474,84.05263157894737,84.05263157894737,42.526315789473685,66.52631578947368,1157.2105263157896,1765.1052631578948,441.2763157894737,2408.5342105263157,0.07479259589652097,0.40822613737734165
3544,54.8421052631579,82.36842105263158,82.36842105263158,40.78947368421053,61.63157894736842,1151.6842105263158,1729.7368421052631,432.4342105263158,2390.2973684210524,0.07329393398751115,0.40513514719000887
3545,51.526315789473685,73.21052631578948,73.21052631578948,36.578947368421055,57.73684210526316,1082.0526315789473,1537.4210526315792,384.3552631578948,2223.844736842105,0.0651449598572703,0.3769228367528991
3546,50.94736842105263,86.36842105263158,86.36842105263158,43.473684210526315,60.421052631578945,1069.8947368421052,1813.7368421052631,453.4342105263158,2272.2552631578947,0.07685325602140945,0.3851280107047279
3547,58.05263157894737,71.0,71.0,34.36842105263158,70.05263157894737,1219.1052631578948,1491.0,372.75,2445.228947368421,0.06317796610169492,0.4144455842997324
3548,47.526315789473685,79.6842105263158,79.6842105263158,39.526315789473685,63.21052631578947,998.0526315789474,1673.3684210526317,418.3421052631579,2115.0315789473684,0.07090544157002676,0.3584799286351472
3549,51.473684210526315,67.52631578947368,67.52631578947368,33.1578947368421,61.63157894736842,1080.9473684210527,1418.0526315789473,354.5131578947368,2192.1236842105263,0.06008697591436217,0.3715463871543265
3550,49.89473684210526,69.47368421052632,69.47368421052632,36.10526315789474,52.05263157894737,1047.7894736842104,1458.9473684210527,364.7368421052632,2145.978947368421,0.06181980374665478,0.3637252453166815
3551,58.78947368421053,78.36842105263158,78.36842105263158,37.21052631578947,72.21052631578948,1234.578947368421,1645.7368421052631,411.4342105263158,2510.2184210526316,0.06973461195361284,0.4254607493309545
3552,48.78947368421053,66.42105263157895,66.42105263157895,32.36842105263158,56.78947368421053,1024.578947368421,1394.842105263158,348.7105263157895,2090.4947368421053,0.05910347903657449,0.35432114183764496
3553,54.0,88.78947368421052,88.78947368421052,45.26315789473684,60.421052631578945,1134.0,1864.5789473684208,466.1447368421052,2393.944736842105,0.07900758251561105,0.40575334522747547
3554,60.8421052631579,79.57894736842105,79.57894736842105,39.0,75.05263157894737,1277.6842105263158,1671.157894736842,417.7894736842105,2589.8526315789472,0.07081177520071365,0.4389580731489741
3555,52.8421052631579,78.78947368421052,78.78947368421052,39.78947368421053,58.578947368421055,1109.6842105263158,1654.5789473684208,413.6447368421052,2300.1078947368424,0.07010927743086529,0.3898487957181089
3556,50.36842105263158,80.94736842105263,80.94736842105263,39.73684210526316,61.05263157894737,1057.7368421052631,1699.8947368421052,424.9736842105263,2223.1263157894737,0.07202943800178412,0.37680107047279215
3557,52.36842105263158,72.89473684210526,72.89473684210526,36.526315789473685,58.473684210526315,1099.7368421052631,1530.7894736842104,382.6973684210526,2252.25,0.06486396074933094,0.3817372881355932
3558,55.36842105263158,68.42105263157895,68.42105263157895,34.10526315789474,67.78947368421052,1162.7368421052631,1436.842105263158,359.2105263157895,2335.8631578947366,0.06088314005352364,0.3959090098126672
3559,56.31578947368421,72.73684210526316,72.73684210526316,34.421052631578945,70.3157894736842,1182.6315789473686,1527.4736842105265,381.8684210526316,2392.342105263158,0.06472346119536129,0.40548171275646744
3560,60.10526315789474,72.6842105263158,72.6842105263158,36.68421052631579,69.3157894736842,1262.2105263157896,1526.3684210526317,381.5921052631579,2527.3500000000004,0.06467662801070473,0.4283644067796611
3561,50.8421052631579,82.57894736842105,82.57894736842105,40.73684210526316,60.10526315789474,1067.6842105263158,1734.157894736842,433.5394736842105,2248.6026315789472,0.07348126672613738,0.38111909009812667
3562,42.8421052631579,79.05263157894737,79.05263157894737,40.78947368421053,58.578947368421055,899.6842105263158,1660.1052631578948,415.0263157894737,1944.4894736842107,0.07034344335414809,0.32957448706512044
3563,52.8421052631579,77.6842105263158,77.6842105263158,39.421052631578945,67.94736842105263,1109.6842105263158,1631.3684210526317,407.8421052631579,2294.305263157895,0.06912578055307761,0.38886529884032117
3564,51.578947368421055,78.89473684210526,78.89473684210526,40.05263157894737,51.68421052631579,1083.157894736842,1656.7894736842104,414.1973684210526,2255.565789473684,0.07020294380017841,0.38229928635147187
3565,58.05263157894737,72.52631578947368,72.52631578947368,35.421052631578945,72.10526315789474,1219.1052631578948,1523.0526315789473,380.7631578947368,2453.2421052631576,0.06453612845673505,0.4158037466547725
3566,55.05263157894737,80.57894736842105,80.57894736842105,38.68421052631579,65.57894736842105,1156.1052631578948,1692.157894736842,423.0394736842105,2388.4184210526314,0.07170160570918822,0.4048166815343443
3567,50.94736842105263,75.47368421052632,75.47368421052632,38.89473684210526,64.47368421052632,1069.8947368421052,1584.9473684210527,396.2368421052632,2215.057894736842,0.06715878679750223,0.3754335414808207
3568,49.578947368421055,77.42105263157895,77.42105263157895,39.89473684210526,54.63157894736842,1041.157894736842,1625.842105263158,406.4605263157895,2176.428947368421,0.06889161462979483,0.3688862622658341
3569,51.73684210526316,72.6842105263158,72.6842105263158,36.89473684210526,58.1578947368421,1086.4736842105262,1526.3684210526317,381.5921052631579,2228.5973684210526,0.06467662801070473,0.37772836752899197
3570,55.68421052631579,77.15789473684211,77.15789473684211,36.8421052631579,63.68421052631579,1169.3684210526314,1620.3157894736844,405.0789473684211,2393.0052631578947,0.06865744870651205,0.40559411239964316
3571,55.68421052631579,74.47368421052632,74.47368421052632,37.526315789473685,62.26315789473684,1169.3684210526314,1563.9473684210527,390.9868421052632,2378.9131578947367,0.06626895628902765,0.40320561998215876
3572,55.8421052631579,67.42105263157895,67.42105263157895,33.73684210526316,67.21052631578948,1172.6842105263158,1415.842105263158,353.9605263157895,2347.5236842105264,0.05999330954504906,0.39788537020517395
3573,52.10526315789474,66.52631578947368,66.52631578947368,34.10526315789474,65.84210526315789,1094.2105263157896,1397.0526315789473,349.2631578947368,2209.421052631579,0.059197145405887594,0.374478144513827
3574,56.10526315789474,79.42105263157895,79.42105263157895,38.1578947368421,63.05263157894737,1178.2105263157896,1667.842105263158,416.9605263157895,2419.918421052632,0.07067127564674398,0.4101556645851918
3575,53.526315789473685,80.84210526315789,80.84210526315789,40.36842105263158,60.526315789473685,1124.0526315789473,1697.6842105263156,424.4210526315789,2335.310526315789,0.071935771632471,0.39581534344335406
3576,52.94736842105263,61.526315789473685,61.526315789473685,29.894736842105264,59.21052631578947,1111.8947368421052,1292.0526315789473,323.0131578947368,2213.2342105263156,0.05474799286351471,0.37512444246208737
3577,49.63157894736842,71.6842105263158,71.6842105263158,36.10526315789474,56.526315789473685,1042.2631578947369,1505.3684210526317,376.3421052631579,2148.1894736842105,0.06378679750223015,0.364099910793934
3578,51.73684210526316,83.73684210526316,83.73684210526316,43.578947368421055,63.63157894736842,1086.4736842105262,1758.4736842105265,439.6184210526316,2286.6236842105263,0.07451159678858163,0.38756333630686884
3579,57.421052631578945,62.36842105263158,62.36842105263158,30.789473684210527,64.78947368421052,1205.842105263158,1309.7368421052631,327.4342105263158,2377.3657894736843,0.055497323818019625,0.4029433541480821
3580,50.78947368421053,79.26315789473684,79.26315789473684,38.421052631578945,60.05263157894737,1066.578947368421,1664.5263157894735,416.1315789473684,2229.315789473684,0.0705307760927743,0.377850133809099
3581,59.31578947368421,67.63157894736842,67.63157894736842,32.526315789473685,71.0,1245.6315789473686,1420.2631578947369,355.0657894736842,2472.6394736842108,0.06018064228367529,0.4190914362176628
3582,50.31578947368421,80.78947368421052,80.78947368421052,40.36842105263158,59.68421052631579,1056.6315789473686,1696.5789473684208,424.1447368421052,2220.418421052632,0.07188893844781444,0.3763421052631579
3583,53.89473684210526,71.57894736842105,71.57894736842105,36.78947368421053,62.473684210526315,1131.7894736842104,1503.157894736842,375.7894736842105,2299.831578947368,0.06369313113291704,0.38980196253345223
3584,57.78947368421053,68.78947368421052,68.78947368421052,34.26315789473684,72.05263157894737,1213.578947368421,1444.5789473684208,361.1447368421052,2424.2289473684214,0.061210972346119524,0.41088626226583413
3585,46.94736842105263,75.89473684210526,75.89473684210526,37.8421052631579,58.473684210526315,985.8947368421052,1593.7894736842104,398.4473684210526,2074.4684210526316,0.06753345227475469,0.3516048171275647
3586,48.21052631578947,78.73684210526316,78.73684210526316,40.05263157894737,52.473684210526315,1012.421052631579,1653.4736842105265,413.3684210526316,2134.4842105263156,0.07006244424620875,0.36177698483496873
3587,50.578947368421055,77.10526315789474,77.10526315789474,39.473684210526315,62.473684210526315,1062.157894736842,1619.2105263157896,404.8026315789474,2210.471052631579,0.06861061552185549,0.37465611061552184
3588,46.63157894736842,77.47368421052632,77.47368421052632,38.89473684210526,49.421052631578945,979.2631578947368,1626.9473684210527,406.7368421052632,2071.4842105263156,0.06893844781445138,0.3510990187332738
3589,50.94736842105263,78.21052631578948,78.21052631578948,40.05263157894737,59.8421052631579,1069.8947368421052,1642.4210526315792,410.6052631578948,2229.426315789474,0.06959411239964318,0.3778688670829617
3590,50.05263157894737,74.42105263157895,74.42105263157895,37.73684210526316,62.94736842105263,1051.1052631578948,1562.842105263158,390.7105263157895,2177.5894736842106,0.0662221231043711,0.36908296164139165
3591,52.26315789473684,74.84210526315789,74.84210526315789,38.578947368421055,61.0,1097.5263157894738,1571.6842105263156,392.9210526315789,2258.7157894736843,0.06659678858162354,0.38283318465655664
3592,48.78947368421053,78.05263157894737,78.05263157894737,38.31578947368421,56.26315789473684,1024.578947368421,1639.1052631578948,409.7763157894737,2151.5605263157895,0.06945361284567352,0.364671275646744
3593,46.36842105263158,72.47368421052632,72.47368421052632,36.578947368421055,49.89473684210526,973.7368421052632,1521.9473684210527,380.4868421052632,2035.8394736842106,0.0644892952720785,0.34505753791257804
3594,47.89473684210526,86.84210526315789,86.84210526315789,45.473684210526315,58.31578947368421,1005.7894736842104,1823.6842105263156,455.9210526315789,2165.7631578947367,0.07727475468331846,0.36707850133809095
3595,49.1578947368421,75.94736842105263,75.94736842105263,37.68421052631579,60.31578947368421,1032.3157894736842,1594.8947368421052,398.7236842105263,2153.6605263157894,0.06758028545941124,0.3650272078501338
3596,53.0,76.10526315789474,76.10526315789474,38.421052631578945,67.3157894736842,1113.0,1598.2105263157896,399.5526315789474,2291.6526315789474,0.06772078501338091,0.3884157002676182
3597,53.26315789473684,80.89473684210526,80.89473684210526,40.78947368421053,55.31578947368421,1118.5263157894738,1698.7894736842104,424.6973684210526,2326.192105263158,0.07198260481712757,0.39426984834968776
3598,55.31578947368421,72.52631578947368,72.52631578947368,37.1578947368421,63.1578947368421,1161.6315789473686,1523.0526315789473,380.7631578947368,2355.536842105263,0.06453612845673505,0.39924353256021405
3599,50.0,69.36842105263158,69.36842105263158,34.526315789473685,57.63157894736842,1050.0,1456.7368421052631,364.1842105263158,2149.184210526316,0.06172613737734166,0.3642685102586976
3600,50.36842105263158,75.73684210526316,75.73684210526316,38.1578947368421,59.473684210526315,1057.7368421052631,1590.4736842105265,397.6184210526316,2195.7710526315786,0.06739295272078502,0.37216458519179296
3601,52.63157894736842,75.3157894736842,75.3157894736842,36.73684210526316,62.0,1105.2631578947369,1581.6315789473683,395.4078947368421,2274.355263157895,0.06701828724353255,0.3854839429081178
3602,54.26315789473684,74.57894736842105,74.57894736842105,37.1578947368421,65.36842105263158,1139.5263157894738,1566.157894736842,391.5394736842105,2328.734210526316,0.06636262265834077,0.39470071364852816
3603,54.73684210526316,67.89473684210526,67.89473684210526,33.94736842105263,62.89473684210526,1149.4736842105262,1425.7894736842104,356.4473684210526,2310.552631578947,0.06041480820695807,0.3916190900981266
3604,46.94736842105263,74.73684210526316,74.73684210526316,38.26315789473684,52.31578947368421,985.8947368421052,1569.4736842105265,392.3684210526316,2068.3894736842103,0.06650312221231044,0.3505744870651204
3605,50.526315789473685,89.26315789473684,89.26315789473684,44.10526315789474,60.68421052631579,1061.0526315789473,1874.5263157894735,468.6315789473684,2272.4210526315787,0.07942908117752007,0.3851561106155218
3606,51.421052631578945,74.57894736842105,74.57894736842105,38.10526315789474,54.31578947368421,1079.842105263158,1566.157894736842,391.5394736842105,2227.271052631579,0.06636262265834077,0.37750356824264053
3607,50.31578947368421,67.3157894736842,67.3157894736842,33.68421052631579,54.36842105263158,1056.6315789473686,1413.6315789473683,353.4078947368421,2149.6815789473685,0.05989964317573595,0.3643528099910794
3608,49.10526315789474,84.89473684210526,84.89473684210526,43.05263157894737,52.0,1031.2105263157896,1782.7894736842104,445.6973684210526,2198.7552631578947,0.07554192685102587,0.37267038358608384
3609,51.78947368421053,74.05263157894737,74.05263157894737,36.526315789473685,63.89473684210526,1087.578947368421,1555.1052631578948,388.7763157894737,2237.6605263157894,0.0658942908117752,0.37926449598572703
3610,53.578947368421055,75.26315789473684,75.26315789473684,37.21052631578947,61.94736842105263,1125.157894736842,1580.5263157894735,395.1315789473684,2307.9,0.066971454058876,0.39116949152542374
3611,53.1578947368421,74.21052631578948,74.21052631578948,37.31578947368421,60.05263157894737,1116.3157894736842,1558.4210526315792,389.6052631578948,2287.342105263158,0.06603479036574487,0.3876851025869759
3612,52.421052631578945,75.26315789473684,75.26315789473684,37.8421052631579,65.05263157894737,1100.842105263158,1580.5263157894735,395.1315789473684,2266.563157894737,0.066971454058876,0.38416324710080285
3613,50.89473684210526,73.73684210526316,73.73684210526316,37.10526315789474,58.73684210526316,1068.7894736842104,1548.4736842105265,387.1184210526316,2204.060526315789,0.06561329170383587,0.37356958073148966
3614,52.526315789473685,84.42105263157895,84.42105263157895,42.63157894736842,60.63157894736842,1103.0526315789473,1772.842105263158,443.2105263157895,2318.3999999999996,0.07512042818911686,0.39294915254237284
3615,60.21052631578947,68.57894736842105,68.57894736842105,33.26315789473684,64.47368421052632,1264.421052631579,1440.157894736842,360.0394736842105,2509.5552631578944,0.06102363960749331,0.42534834968777874
3616,55.68421052631579,77.36842105263158,77.36842105263158,38.473684210526315,63.421052631578945,1169.3684210526314,1624.7368421052631,406.1842105263158,2394.1105263157892,0.06884478144513827,0.40578144513826936
3617,52.94736842105263,64.73684210526316,64.73684210526316,33.94736842105263,58.36842105263158,1111.8947368421052,1359.4736842105265,339.8684210526316,2230.08947368421,0.057604817127564684,0.3779812667261373
3618,55.78947368421053,76.36842105263158,76.36842105263158,38.89473684210526,63.05263157894737,1171.578947368421,1603.7368421052631,400.9342105263158,2392.618421052631,0.06795495093666369,0.4055285459411239
3619,53.63157894736842,74.6842105263158,74.6842105263158,36.78947368421053,68.15789473684211,1126.2631578947369,1568.3684210526317,392.0921052631579,2306.7394736842107,0.06645628902765388,0.39097279214986624
3620,59.68421052631579,83.0,83.0,41.78947368421053,78.63157894736842,1253.3684210526314,1743.0,435.75,2566.4763157894736,0.07385593220338983,0.4349959857270294
3621,47.578947368421055,77.94736842105263,77.94736842105263,38.68421052631579,61.21052631578947,999.1578947368422,1636.8947368421052,409.2236842105263,2107.792105263158,0.06935994647636039,0.3572528991971455
3622,48.473684210526315,77.0,77.0,39.26315789473684,53.89473684210526,1017.9473684210526,1617.0,404.25,2134.7605263157893,0.06851694915254238,0.3618238180196253
3623,52.68421052631579,75.47368421052632,75.47368421052632,38.78947368421053,60.578947368421055,1106.3684210526314,1584.9473684210527,396.2368421052632,2277.063157894737,0.06715878679750223,0.385942908117752
3624,50.526315789473685,76.10526315789474,76.10526315789474,38.1578947368421,57.31578947368421,1061.0526315789473,1598.2105263157896,399.5526315789474,2203.342105263158,0.06772078501338091,0.3734478144513827
3625,57.10526315789474,71.42105263157895,71.42105263157895,35.578947368421055,64.3157894736842,1199.2105263157896,1499.842105263158,374.9605263157895,2413.6184210526317,0.06355263157894737,0.40908786797502233
3626,55.578947368421055,78.94736842105263,78.94736842105263,37.26315789473684,64.73684210526316,1167.157894736842,1657.8947368421052,414.4736842105263,2398.6421052631576,0.07024977698483496,0.40654950936663686
3627,50.21052631578947,72.42105263157895,72.42105263157895,37.26315789473684,55.36842105263158,1054.421052631579,1520.842105263158,380.2105263157895,2172.7263157894736,0.06444246208742195,0.3682586975914362
3628,45.78947368421053,83.52631578947368,83.52631578947368,42.68421052631579,53.473684210526315,961.578947368421,1754.0526315789473,438.5131578947368,2073.1973684210525,0.07432426404995539,0.3513893844781445
3629,59.73684210526316,81.15789473684211,81.15789473684211,39.473684210526315,71.52631578947368,1254.4736842105262,1704.3157894736844,426.0789473684211,2558.684210526316,0.07221677074041036,0.43367528991971455
3630,54.26315789473684,73.0,73.0,35.78947368421053,61.31578947368421,1139.5263157894738,1533.0,383.25,2320.444736842105,0.06495762711864407,0.3932957181088314
3631,54.31578947368421,74.21052631578948,74.21052631578948,36.94736842105263,63.0,1140.6315789473686,1558.4210526315792,389.6052631578948,2328.678947368421,0.06603479036574487,0.3946913470115968
3632,59.578947368421055,82.84210526315789,82.84210526315789,40.94736842105263,77.78947368421052,1251.157894736842,1739.6842105263156,434.9210526315789,2561.8894736842103,0.07371543264942015,0.43421855486173055
3633,48.94736842105263,68.05263157894737,68.05263157894737,34.68421052631579,53.73684210526316,1027.8947368421052,1429.1052631578948,357.2763157894737,2104.6973684210525,0.06055530776092775,0.35672836752899195
3634,51.68421052631579,83.84210526315789,83.84210526315789,41.26315789473684,61.68421052631579,1085.3684210526314,1760.6842105263156,440.1710526315789,2285.2973684210524,0.07460526315789473,0.38733853702051735
3635,52.94736842105263,80.0,80.0,40.0,56.21052631578947,1111.8947368421052,1680.0,420.0,2310.2210526315785,0.0711864406779661,0.39156289027653873
3636,45.578947368421055,92.15789473684211,92.15789473684211,46.8421052631579,50.21052631578947,957.1578947368422,1935.3157894736844,483.8289473684211,2110.9973684210527,0.0820049063336307,0.3577961641391615
3637,49.05263157894737,73.47368421052632,73.47368421052632,37.21052631578947,54.8421052631579,1030.1052631578948,1542.9473684210527,385.7368421052632,2136.9157894736845,0.06537912578055308,0.36218911685994654
3638,50.10526315789474,79.26315789473684,79.26315789473684,38.421052631578945,62.36842105263158,1052.2105263157896,1664.5263157894735,416.1315789473684,2204.8894736842108,0.0705307760927743,0.37371008028545943
3639,49.68421052631579,70.10526315789474,70.10526315789474,36.526315789473685,53.578947368421055,1043.3684210526314,1472.2105263157896,368.0526315789474,2141.7789473684206,0.062381801962533456,0.3630133809099018
3640,51.05263157894737,70.78947368421052,70.78947368421052,36.0,55.73684210526316,1072.1052631578948,1486.5789473684208,371.6447368421052,2194.2236842105262,0.06299063336306868,0.37190231935771634
3641,52.63157894736842,84.89473684210526,84.89473684210526,43.26315789473684,55.8421052631579,1105.2631578947369,1782.7894736842104,445.6973684210526,2324.6447368421054,0.07554192685102587,0.3940075825156111
3642,49.36842105263158,69.26315789473684,69.26315789473684,35.05263157894737,56.78947368421053,1036.7368421052631,1454.5263157894735,363.6315789473684,2126.0842105263155,0.06163247100802854,0.3603532560214094
3643,50.473684210526315,82.0,82.0,41.10526315789474,60.421052631578945,1059.9473684210527,1722.0,430.5,2232.41052631579,0.07296610169491526,0.3783746654772525
3644,57.0,63.421052631578945,63.421052631578945,32.10526315789474,59.526315789473685,1197.0,1331.842105263158,332.9605263157895,2367.8605263157892,0.05643398751115076,0.4013322925958965
3645,51.10526315789474,81.84210526315789,81.84210526315789,41.36842105263158,53.26315789473684,1073.2105263157896,1718.6842105263156,429.6710526315789,2254.128947368421,0.07282560214094558,0.3820557537912578
3646,47.73684210526316,78.26315789473684,78.26315789473684,39.473684210526315,52.63157894736842,1002.4736842105264,1643.5263157894735,410.8815789473684,2115.0868421052633,0.06964094558429973,0.3584892952720785
3647,50.68421052631579,79.89473684210526,79.89473684210526,39.526315789473685,52.8421052631579,1064.3684210526314,1677.7894736842104,419.4473684210526,2228.873684210526,0.07109277430865299,0.37777520071364845
3648,52.89473684210526,71.57894736842105,71.57894736842105,34.10526315789474,60.473684210526315,1110.7894736842104,1503.157894736842,375.7894736842105,2264.1315789473683,0.06369313113291704,0.38375111507582516
3649,46.8421052631579,71.84210526315789,71.84210526315789,37.68421052631579,52.10526315789474,983.6842105263158,1508.6842105263156,377.1710526315789,2049.434210526316,0.06392729705619982,0.34736173059768066
3650,55.526315789473685,66.21052631578948,66.21052631578948,31.57894736842105,66.84210526315789,1166.0526315789473,1390.4210526315792,347.6052631578948,2329.894736842105,0.05891614629794827,0.3948974130240856
3651,56.1578947368421,75.89473684210526,75.89473684210526,37.578947368421055,66.42105263157895,1179.3157894736842,1593.7894736842104,398.4473684210526,2403.2842105263157,0.06753345227475469,0.40733630686886707
3652,54.21052631578947,70.63157894736842,70.63157894736842,36.1578947368421,67.36842105263158,1138.421052631579,1483.2631578947369,370.8157894736842,2306.1315789473683,0.06285013380909903,0.39086975914362176
3653,42.421052631578945,83.10526315789474,83.10526315789474,43.94736842105263,52.21052631578947,890.8421052631578,1745.2105263157896,436.3026315789474,1950.7342105263156,0.07394959857270295,0.33063291703835856
3654,48.421052631578945,73.3157894736842,73.3157894736842,36.63157894736842,55.0,1016.8421052631578,1539.6315789473683,384.9078947368421,2113.5394736842104,0.0652386262265834,0.3582270294380018
3655,48.21052631578947,76.84210526315789,76.84210526315789,38.1578947368421,58.26315789473684,1012.421052631579,1613.6842105263156,403.4210526315789,2124.536842105263,0.0683764495985727,0.3600909901873327
3656,59.0,68.73684210526316,68.73684210526316,33.73684210526316,67.94736842105263,1239.0,1443.4736842105265,360.8684210526316,2467.1684210526314,0.06116413916146299,0.41816413916146294
3657,52.26315789473684,60.8421052631579,60.8421052631579,29.31578947368421,66.47368421052632,1097.5263157894738,1277.6842105263158,319.42105263157896,2185.2157894736843,0.054139161462979486,0.37037555753791257
3658,60.1578947368421,75.36842105263158,75.36842105263158,37.63157894736842,68.47368421052632,1263.3157894736842,1582.7368421052631,395.6842105263158,2543.321052631579,0.06706512042818912,0.43107136485280995
3659,53.05263157894737,75.10526315789474,75.10526315789474,37.578947368421055,67.73684210526316,1114.1052631578948,1577.2105263157896,394.3026315789474,2288.2815789473684,0.06683095450490634,0.38784433541480823
3660,51.526315789473685,69.10526315789474,69.10526315789474,36.421052631578945,59.473684210526315,1082.0526315789473,1451.2105263157896,362.8026315789474,2202.2921052631577,0.06149197145405888,0.37326984834968774
3661,48.73684210526316,75.89473684210526,75.89473684210526,37.526315789473685,53.8421052631579,1023.4736842105264,1593.7894736842104,398.4473684210526,2138.3526315789472,0.06753345227475469,0.36243264942016057
3662,51.31578947368421,84.57894736842105,84.57894736842105,41.78947368421053,65.15789473684211,1077.6315789473686,1776.157894736842,444.0394736842105,2276.013157894737,0.07526092774308653,0.38576494201605716
3663,59.578947368421055,78.57894736842105,78.57894736842105,38.68421052631579,71.47368421052632,1251.157894736842,1650.157894736842,412.5394736842105,2539.507894736842,0.06992194469223907,0.4304250669045495
3664,56.78947368421053,73.05263157894737,73.05263157894737,36.0,65.94736842105263,1192.578947368421,1534.1052631578948,383.5263157894737,2410.9105263157894,0.06500446030330062,0.40862890276538805
3665,46.21052631578947,79.0,79.0,39.473684210526315,54.473684210526315,970.421052631579,1659.0,414.75,2064.4657894736843,0.07029661016949153,0.3499094558429973
3666,52.05263157894737,80.52631578947368,80.52631578947368,38.21052631578947,59.421052631578945,1093.1052631578948,1691.0526315789473,422.7631578947368,2281.0421052631577,0.07165477252453166,0.3866173059768064
3667,52.421052631578945,77.10526315789474,77.10526315789474,39.526315789473685,58.73684210526316,1100.842105263158,1619.2105263157896,404.8026315789474,2276.234210526316,0.06861061552185549,0.3858024085637824
3668,48.94736842105263,73.42105263157895,73.42105263157895,37.63157894736842,55.578947368421055,1027.8947368421052,1541.842105263158,385.4605263157895,2132.8815789473683,0.06533229259589653,0.36150535236396075
3669,58.63157894736842,73.73684210526316,73.73684210526316,36.36842105263158,66.94736842105263,1231.2631578947369,1548.4736842105265,387.1184210526316,2480.2657894736844,0.06561329170383587,0.4203840321141838
3670,49.21052631578947,78.26315789473684,78.26315789473684,37.578947368421055,65.26315789473684,1033.421052631579,1643.5263157894735,410.8815789473684,2167.6973684210525,0.06964094558429973,0.36740633363068687
3671,48.526315789473685,91.63157894736842,91.63157894736842,45.36842105263158,54.94736842105263,1019.0526315789474,1924.2631578947369,481.0657894736842,2213.455263157895,0.08153657448706512,0.3751619090098127
3672,49.1578947368421,78.52631578947368,78.52631578947368,38.89473684210526,55.0,1032.3157894736842,1649.0526315789473,412.2631578947368,2167.2,0.06987511150758251,0.36732203389830503
3673,57.73684210526316,64.57894736842105,64.57894736842105,31.63157894736842,59.36842105263158,1212.4736842105262,1356.157894736842,339.0394736842105,2400.244736842105,0.057464317573595006,0.4068211418376449
3674,55.05263157894737,74.84210526315789,74.84210526315789,37.0,59.05263157894737,1156.1052631578948,1571.6842105263156,392.9210526315789,2358.2999999999997,0.06659678858162354,0.39971186440677964
3675,54.78947368421053,77.6842105263158,77.6842105263158,37.89473684210526,63.1578947368421,1150.578947368421,1631.3684210526317,407.8421052631579,2363.8263157894735,0.06912578055307761,0.40064852809991075
3676,61.36842105263158,73.73684210526316,73.73684210526316,35.73684210526316,74.73684210526316,1288.7368421052631,1548.4736842105265,387.1184210526316,2577.971052631579,0.06561329170383587,0.43694424620874217
3677,62.94736842105263,74.3157894736842,74.3157894736842,36.94736842105263,77.78947368421052,1321.8947368421052,1560.6315789473683,390.1578947368421,2637.378947368421,0.06612845673505797,0.44701338090990184
3678,57.68421052631579,70.10526315789474,70.10526315789474,33.473684210526315,66.26315789473684,1211.3684210526314,1472.2105263157896,368.0526315789474,2427.378947368421,0.062381801962533456,0.4114201605709188
3679,53.73684210526316,81.47368421052632,81.47368421052632,40.26315789473684,55.73684210526316,1128.4736842105262,1710.9473684210527,427.7368421052632,2346.1421052631576,0.07249776984834969,0.3976512042818911
3680,50.36842105263158,79.6842105263158,79.6842105263158,40.421052631578945,60.36842105263158,1057.7368421052631,1673.3684210526317,418.3421052631579,2216.4947368421053,0.07090544157002676,0.3756770740410348
3681,53.578947368421055,79.3157894736842,79.3157894736842,41.05263157894737,65.47368421052632,1125.157894736842,1665.6315789473683,416.4078947368421,2329.176315789474,0.07057760927743086,0.39477564674397864
3682,48.05263157894737,82.89473684210526,82.89473684210526,41.78947368421053,53.05263157894737,1009.1052631578948,1740.7894736842104,435.1973684210526,2150.676315789474,0.07376226583407672,0.36452140945584305
3683,53.94736842105263,69.89473684210526,69.89473684210526,34.89473684210526,61.0,1132.8947368421052,1467.7894736842104,366.9473684210526,2292.868421052631,0.06219446922390722,0.388621766280107
3684,53.36842105263158,80.73684210526316,80.73684210526316,39.36842105263158,58.31578947368421,1120.7368421052631,1695.4736842105265,423.8684210526316,2329.121052631579,0.0718421052631579,0.3947662801070473
3685,54.473684210526315,67.42105263157895,67.42105263157895,35.05263157894737,62.78947368421053,1143.9473684210527,1415.842105263158,353.9605263157895,2298.671052631579,0.05999330954504906,0.3896052631578948
3686,62.0,72.42105263157895,72.42105263157895,35.89473684210526,72.78947368421052,1302.0,1520.842105263158,380.2105263157895,2593.6105263157897,0.06444246208742195,0.43959500446030336
3687,55.05263157894737,80.10526315789474,80.10526315789474,40.94736842105263,62.78947368421053,1156.1052631578948,1682.2105263157896,420.5526315789474,2385.9315789473685,0.07128010704727922,0.40439518287243537
3688,55.26315789473684,73.84210526315789,73.84210526315789,37.05263157894737,62.78947368421053,1160.5263157894738,1550.6842105263156,387.6710526315789,2360.565789473684,0.06570695807314897,0.4000958965209634
3689,52.78947368421053,68.84210526315789,68.84210526315789,33.68421052631579,62.26315789473684,1108.578947368421,1445.6842105263156,361.4210526315789,2246.0052631578947,0.06125780553077609,0.380678858162355
3690,55.36842105263158,76.78947368421052,76.78947368421052,39.21052631578947,66.36842105263158,1162.7368421052631,1612.5789473684208,403.1447368421052,2379.7973684210524,0.06832961641391613,0.4033554861730597
3691,53.10526315789474,75.94736842105263,75.94736842105263,37.05263157894737,56.94736842105263,1115.2105263157896,1594.8947368421052,398.7236842105263,2294.5815789473686,0.06758028545941124,0.3889121320249777
3692,61.578947368421055,65.94736842105263,65.94736842105263,33.10526315789474,68.6842105263158,1293.157894736842,1384.8947368421052,346.2236842105263,2544.592105263158,0.058681980374665474,0.43128679750223015
3693,53.0,71.15789473684211,71.15789473684211,35.1578947368421,55.78947368421053,1113.0,1494.3157894736844,373.5789473684211,2265.678947368421,0.0633184656556646,0.3840133809099019
3694,54.21052631578947,83.52631578947368,83.52631578947368,41.73684210526316,67.84210526315789,1138.421052631579,1754.0526315789473,438.5131578947368,2373.828947368421,0.07432426404995539,0.4023438893844781
3695,51.421052631578945,75.26315789473684,75.26315789473684,38.1578947368421,60.0,1079.842105263158,1580.5263157894735,395.1315789473684,2230.863157894737,0.066971454058876,0.3781123996431758
3696,53.526315789473685,73.36842105263158,73.36842105263158,38.421052631578945,63.26315789473684,1124.0526315789473,1540.7368421052631,385.1842105263158,2296.073684210526,0.06528545941123996,0.3891650312221231
3697,47.10526315789474,72.94736842105263,72.94736842105263,37.1578947368421,59.526315789473685,989.2105263157896,1531.8947368421052,382.9736842105263,2064.631578947369,0.0649107939339875,0.3499375557537913
3698,55.89473684210526,73.21052631578948,73.21052631578948,36.78947368421053,65.52631578947368,1173.7894736842104,1537.4210526315792,384.3552631578948,2379.7973684210524,0.0651449598572703,0.4033554861730597
3699,52.94736842105263,70.26315789473684,70.26315789473684,36.36842105263158,63.578947368421055,1111.8947368421052,1475.5263157894735,368.8815789473684,2259.1026315789472,0.06252230151650312,0.3828987511150758
3700,48.94736842105263,73.3157894736842,73.3157894736842,36.21052631578947,56.05263157894737,1027.8947368421052,1539.6315789473683,384.9078947368421,2132.328947368421,0.0652386262265834,0.36141168599464757
3701,57.10526315789474,69.47368421052632,69.47368421052632,34.526315789473685,64.10526315789474,1199.2105263157896,1458.9473684210527,364.7368421052632,2403.3947368421054,0.06181980374665478,0.4073550401427297
3702,50.89473684210526,81.0,81.0,39.63157894736842,63.10526315789474,1068.7894736842104,1701.0,425.25,2242.192105263158,0.07207627118644068,0.38003256021409454
3703,55.73684210526316,67.84210526315789,67.84210526315789,34.421052631578945,57.31578947368421,1170.4736842105262,1424.6842105263156,356.1710526315789,2345.9763157894736,0.06036797502230151,0.3976231043710972
3704,52.78947368421053,72.47368421052632,72.47368421052632,37.0,59.1578947368421,1108.578947368421,1521.9473684210527,380.4868421052632,2265.071052631579,0.0644892952720785,0.3839103479036574
3705,58.578947368421055,84.89473684210526,84.89473684210526,43.63157894736842,78.78947368421052,1230.157894736842,1782.7894736842104,445.6973684210526,2536.965789473684,0.07554192685102587,0.4299942016057091
3706,50.473684210526315,76.57894736842105,76.57894736842105,39.05263157894737,59.21052631578947,1059.9473684210527,1608.157894736842,402.0394736842105,2203.9500000000003,0.06814228367528992,0.3735508474576272
3707,56.10526315789474,77.3157894736842,77.3157894736842,39.73684210526316,62.73684210526316,1178.2105263157896,1623.6315789473683,405.9078947368421,2408.8657894736843,0.0687979482604817,0.40828233719892953
3708,48.8421052631579,81.73684210526316,81.73684210526316,40.26315789473684,54.31578947368421,1025.6842105263158,1716.4736842105265,429.1184210526316,2172.7815789473684,0.07273193577163248,0.36826806422836755
3709,48.473684210526315,79.52631578947368,79.52631578947368,38.31578947368421,57.10526315789474,1017.9473684210526,1670.0526315789473,417.5131578947368,2148.023684210526,0.07076494201605708,0.36407181088314
3710,52.78947368421053,70.94736842105263,70.94736842105263,36.1578947368421,67.6842105263158,1108.578947368421,1489.8947368421052,372.4736842105263,2257.057894736842,0.06313113291703835,0.3825521855486173
3711,54.8421052631579,70.57894736842105,70.57894736842105,34.1578947368421,61.73684210526316,1151.6842105263158,1482.157894736842,370.5394736842105,2328.4026315789474,0.06280330062444246,0.39464451382694027
3712,50.73684210526316,68.73684210526316,68.73684210526316,34.31578947368421,56.526315789473685,1065.4736842105262,1443.4736842105265,360.8684210526316,2172.173684210526,0.06116413916146299,0.3681650312221231
3713,52.0,73.3157894736842,73.3157894736842,36.1578947368421,64.6842105263158,1092.0,1539.6315789473683,384.9078947368421,2241.307894736842,0.0652386262265834,0.3798826940231936
3714,51.526315789473685,79.3157894736842,79.3157894736842,38.526315789473685,59.36842105263158,1082.0526315789473,1665.6315789473683,416.4078947368421,2255.8973684210523,0.07057760927743086,0.3823554861730597
3715,55.63157894736842,81.57894736842105,81.57894736842105,40.31578947368421,64.26315789473684,1168.2631578947369,1713.157894736842,428.2894736842105,2414.3368421052633,0.0725914362176628,0.40920963425512935
3716,53.68421052631579,73.15789473684211,73.15789473684211,36.36842105263158,57.421052631578945,1127.3684210526314,1536.3157894736844,384.0789473684211,2300.6052631578946,0.06509812667261375,0.3899330954504906
3717,54.10526315789474,69.63157894736842,69.63157894736842,34.8421052631579,64.94736842105263,1136.2105263157896,1462.2631578947369,365.5657894736842,2297.1236842105263,0.06196030330062444,0.389342997323818
3718,43.68421052631579,81.57894736842105,81.57894736842105,41.05263157894737,53.1578947368421,917.3684210526316,1713.157894736842,428.2894736842105,1987.8157894736842,0.0725914362176628,0.3369179304192685
3719,55.05263157894737,71.26315789473684,71.26315789473684,35.26315789473684,56.31578947368421,1156.1052631578948,1496.5263157894735,374.1315789473684,2339.5105263157893,0.0634121320249777,0.3965272078501338
3720,53.68421052631579,81.15789473684211,81.15789473684211,41.21052631578947,65.36842105263158,1127.3684210526314,1704.3157894736844,426.0789473684211,2342.6052631578946,0.07221677074041036,0.3970517395182872
3721,55.89473684210526,66.21052631578948,66.21052631578948,34.05263157894737,62.31578947368421,1173.7894736842104,1390.4210526315792,347.6052631578948,2343.0473684210524,0.05891614629794827,0.3971266726137377
3722,55.73684210526316,74.57894736842105,74.57894736842105,37.0,67.94736842105263,1170.4736842105262,1566.157894736842,391.5394736842105,2381.3447368421052,0.06636262265834077,0.4036177520071365
3723,49.78947368421053,79.3157894736842,79.3157894736842,38.8421052631579,56.05263157894737,1045.578947368421,1665.6315789473683,416.4078947368421,2193.8921052631576,0.07057760927743086,0.3718461195361284
3724,46.8421052631579,84.15789473684211,84.15789473684211,43.473684210526315,55.89473684210526,983.6842105263158,1767.3157894736844,441.8289473684211,2114.092105263158,0.07488626226583409,0.3583206958073149
3725,50.89473684210526,78.05263157894737,78.05263157894737,39.36842105263158,53.10526315789474,1068.7894736842104,1639.1052631578948,409.7763157894737,2226.718421052631,0.06945361284567352,0.3774099018733273
3726,59.21052631578947,74.21052631578948,74.21052631578948,36.68421052631579,69.47368421052632,1243.421052631579,1558.4210526315792,389.6052631578948,2503.421052631579,0.06603479036574487,0.42430865298840326
3727,42.94736842105263,82.57894736842105,82.57894736842105,42.73684210526316,52.89473684210526,901.8947368421052,1734.157894736842,433.5394736842105,1966.7605263157893,0.07348126672613738,0.3333492417484389
3728,52.31578947368421,61.05263157894737,61.05263157894737,30.68421052631579,65.94736842105263,1098.6315789473686,1282.1052631578948,320.5263157894737,2188.2000000000003,0.054326494201605714,0.37088135593220345
3729,54.421052631578945,82.6842105263158,82.6842105263158,41.526315789473685,57.78947368421053,1142.842105263158,1736.3684210526317,434.0921052631579,2376.9236842105265,0.07357493309545049,0.4028684210526316
3730,53.05263157894737,74.6842105263158,74.6842105263158,37.73684210526316,57.26315789473684,1114.1052631578948,1568.3684210526317,392.0921052631579,2286.071052631579,0.06645628902765388,0.3874696699375557
3731,48.78947368421053,78.42105263157895,78.42105263157895,38.05263157894737,56.68421052631579,1024.578947368421,1646.842105263158,411.7105263157895,2153.4947368421053,0.06978144513826941,0.3649991079393399
3732,50.31578947368421,75.15789473684211,75.15789473684211,39.421052631578945,55.26315789473684,1056.6315789473686,1578.3157894736844,394.5789473684211,2190.8526315789477,0.0668777876895629,0.3713309545049064
3733,55.73684210526316,78.89473684210526,78.89473684210526,40.78947368421053,64.73684210526316,1170.4736842105262,1656.7894736842104,414.1973684210526,2404.0026315789473,0.07020294380017841,0.40745807314897414
3734,54.21052631578947,65.94736842105263,65.94736842105263,33.473684210526315,62.68421052631579,1138.421052631579,1384.8947368421052,346.2236842105263,2281.5394736842104,0.058681980374665474,0.3867016057091882
3735,61.473684210526315,75.0,75.0,37.78947368421053,72.3157894736842,1290.9473684210527,1575.0,393.75,2588.3605263157897,0.06673728813559322,0.4387051739518288
3736,49.78947368421053,74.0,74.0,35.73684210526316,50.68421052631579,1045.578947368421,1554.0,388.5,2165.984210526316,0.06584745762711865,0.3671159678858163
3737,44.78947368421053,74.26315789473684,74.26315789473684,37.473684210526315,45.26315789473684,940.578947368421,1559.5263157894735,389.8815789473684,1988.8657894736841,0.06608162355040142,0.3370958965209634
3738,48.05263157894737,74.10526315789474,74.10526315789474,38.78947368421053,53.578947368421055,1009.1052631578948,1556.2105263157896,389.0526315789474,2104.5315789473684,0.06594112399643176,0.35670026761819806
3739,53.73684210526316,71.36842105263158,71.36842105263158,34.578947368421055,65.78947368421052,1128.4736842105262,1498.7368421052631,374.6842105263158,2293.08947368421,0.06350579839429081,0.3886592328278322
3740,51.421052631578945,82.73684210526316,82.73684210526316,42.63157894736842,55.63157894736842,1079.842105263158,1737.4736842105265,434.3684210526316,2270.1,0.07362176628010705,0.38476271186440675
3741,46.0,78.47368421052632,78.47368421052632,40.473684210526315,48.05263157894737,966.0,1647.9473684210527,411.9868421052632,2054.186842105263,0.06982827832292596,0.3481672613737734
3742,54.63157894736842,76.15789473684211,76.15789473684211,37.421052631578945,68.47368421052632,1147.2631578947369,1599.3157894736844,399.8289473684211,2350.176315789474,0.06776761819803748,0.39833496877787694
3743,57.36842105263158,75.10526315789474,75.10526315789474,37.68421052631579,74.94736842105263,1204.7368421052631,1577.2105263157896,394.3026315789474,2442.3552631578946,0.06683095450490634,0.41395851917930415
3744,48.21052631578947,73.89473684210526,73.89473684210526,38.0,54.10526315789474,1012.421052631579,1551.7894736842104,387.9473684210526,2109.063157894737,0.06575379125780552,0.35746833184656557
3745,60.0,73.84210526315789,73.84210526315789,35.578947368421055,73.63157894736842,1260.0,1550.6842105263156,387.6710526315789,2529.6710526315787,0.06570695807314897,0.4287578055307761
3746,47.78947368421053,74.6842105263158,74.6842105263158,37.526315789473685,54.473684210526315,1003.578947368421,1568.3684210526317,392.0921052631579,2098.176315789474,0.06645628902765388,0.3556231043710973
3747,53.78947368421053,71.0,71.0,34.0,63.0,1129.578947368421,1491.0,372.75,2293.0342105263157,0.06317796610169492,0.38864986619090097
3748,48.0,74.52631578947368,74.52631578947368,38.8421052631579,54.73684210526316,1008.0,1565.0526315789473,391.2631578947368,2104.8631578947366,0.0663157894736842,0.35675646743978584
3749,48.526315789473685,75.73684210526316,75.73684210526316,38.31578947368421,58.421052631578945,1019.0526315789474,1590.4736842105265,397.6184210526316,2130.007894736842,0.06739295272078502,0.3610182872435325
3750,48.10526315789474,80.57894736842105,80.57894736842105,38.73684210526316,60.36842105263158,1010.2105263157896,1692.157894736842,423.0394736842105,2140.3973684210528,0.07170160570918822,0.36277921498661914
3751,54.10526315789474,82.52631578947368,82.52631578947368,42.26315789473684,63.63157894736842,1136.2105263157896,1733.0526315789473,433.2631578947368,2364.821052631579,0.07343443354148081,0.40081712756467436
3752,51.31578947368421,80.42105263157895,80.42105263157895,40.05263157894737,55.73684210526316,1077.6315789473686,1688.842105263158,422.2105263157895,2254.184210526316,0.07156110615521856,0.38206512042818913
3753,55.526315789473685,70.42105263157895,70.42105263157895,34.94736842105263,64.10526315789474,1166.0526315789473,1478.842105263158,369.7105263157895,2352.0,0.0626628010704728,0.39864406779661016
3754,45.73684210526316,86.84210526315789,86.84210526315789,46.578947368421055,47.31578947368421,960.4736842105264,1823.6842105263156,455.9210526315789,2088.7263157894736,0.07727475468331846,0.354021409455843
3755,54.31578947368421,74.6842105263158,74.6842105263158,37.94736842105263,61.526315789473685,1140.6315789473686,1568.3684210526317,392.0921052631579,2331.1657894736845,0.06645628902765388,0.39511284567350585
3756,61.10526315789474,66.3157894736842,66.3157894736842,31.789473684210527,75.42105263157895,1283.2105263157896,1392.6315789473683,348.1578947368421,2529.6157894736843,0.05900981266726137,0.4287484388938448
3757,50.578947368421055,62.10526315789474,62.10526315789474,29.36842105263158,59.0,1062.157894736842,1304.2105263157896,326.0526315789474,2131.721052631579,0.05526315789473685,0.3613086529884032
3758,52.578947368421055,75.84210526315789,75.84210526315789,38.8421052631579,56.21052631578947,1104.157894736842,1592.6842105263156,398.1710526315789,2275.23947368421,0.06748661909009812,0.3856338090990187
3759,44.68421052631579,79.73684210526316,79.73684210526316,39.473684210526315,53.26315789473684,938.3684210526316,1674.4736842105265,418.6184210526316,2013.8447368421052,0.07095227475468333,0.3413296164139161
3760,57.26315789473684,63.73684210526316,63.73684210526316,31.63157894736842,69.63157894736842,1202.5263157894738,1338.4736842105262,334.61842105263156,2378.9131578947367,0.056714986619090094,0.40320561998215876
3761,46.421052631578945,71.52631578947368,71.52631578947368,36.05263157894737,49.1578947368421,974.8421052631578,1502.0526315789473,375.5131578947368,2032.744736842105,0.06364629794826047,0.3445330062444246
3762,56.1578947368421,76.73684210526316,76.73684210526316,37.68421052631579,67.78947368421052,1179.3157894736842,1611.4736842105265,402.8684210526316,2407.7052631578945,0.0682827832292596,0.4080856378233719
3763,54.473684210526315,81.10526315789474,81.10526315789474,40.578947368421055,59.94736842105263,1143.9473684210527,1703.2105263157896,425.8026315789474,2370.513157894737,0.0721699375557538,0.4017818911685995
3764,53.31578947368421,84.47368421052632,84.47368421052632,43.68421052631579,62.05263157894737,1119.6315789473686,1773.9473684210527,443.4868421052632,2346.8605263157897,0.07516726137377341,0.39777297056199823
3765,48.578947368421055,87.10526315789474,87.10526315789474,43.78947368421053,54.473684210526315,1020.1578947368422,1829.2105263157896,457.3026315789474,2191.5710526315793,0.07750892060660125,0.37145272078501346
3766,52.473684210526315,77.73684210526316,77.73684210526316,39.05263157894737,63.21052631578947,1101.9473684210527,1632.4736842105265,408.1184210526316,2281.428947368421,0.06917261373773417,0.3866828724353256
3767,58.94736842105263,75.89473684210526,75.89473684210526,38.10526315789474,76.84210526315789,1237.8947368421052,1593.7894736842104,398.4473684210526,2502.868421052631,0.06753345227475469,0.42421498661909
3768,48.8421052631579,68.73684210526316,68.73684210526316,36.89473684210526,59.78947368421053,1025.6842105263158,1443.4736842105265,360.8684210526316,2104.5315789473684,0.06116413916146299,0.35670026761819806
3769,53.8421052631579,63.1578947368421,63.1578947368421,32.05263157894737,64.26315789473684,1130.6842105263158,1326.3157894736842,331.57894736842104,2253.742105263158,0.056199821587867974,0.38199018733273865
3770,51.31578947368421,76.10526315789474,76.10526315789474,39.578947368421055,61.05263157894737,1077.6315789473686,1598.2105263157896,399.5526315789474,2231.5263157894738,0.06772078501338091,0.3782247992863515
3771,53.10526315789474,82.10526315789474,82.10526315789474,39.578947368421055,57.526315789473685,1115.2105263157896,1724.2105263157896,431.0526315789474,2326.91052631579,0.07305976806422837,0.3943916146297949
3772,51.526315789473685,84.89473684210526,84.89473684210526,43.78947368421053,63.94736842105263,1082.0526315789473,1782.7894736842104,445.6973684210526,2285.1868421052627,0.07554192685102587,0.3873198037466547
3773,55.526315789473685,78.21052631578948,78.21052631578948,39.526315789473685,57.578947368421055,1166.0526315789473,1642.4210526315792,410.6052631578948,2392.894736842105,0.06959411239964318,0.4055753791257805
3774,49.26315789473684,74.6842105263158,74.6842105263158,38.31578947368421,50.26315789473684,1034.5263157894738,1568.3684210526317,392.0921052631579,2150.7868421052635,0.06645628902765388,0.3645401427297057
3775,47.21052631578947,77.0,77.0,38.68421052631579,59.63157894736842,991.421052631579,1617.0,404.25,2089.6657894736845,0.06851694915254238,0.35418064228367535
3776,51.78947368421053,80.57894736842105,80.57894736842105,39.36842105263158,62.05263157894737,1087.578947368421,1692.157894736842,423.0394736842105,2271.923684210526,0.07170160570918822,0.38507181088314
3777,53.73684210526316,70.73684210526316,70.73684210526316,35.36842105263158,61.68421052631579,1128.4736842105262,1485.4736842105265,371.3684210526316,2289.773684210526,0.06294380017841214,0.38809723461195356
3778,55.89473684210526,73.6842105263158,73.6842105263158,35.473684210526315,72.89473684210526,1173.7894736842104,1547.3684210526317,386.8421052631579,2382.2842105263153,0.0655664585191793,0.4037769848349687
3779,47.473684210526315,72.15789473684211,72.15789473684211,35.8421052631579,56.21052631578947,996.9473684210526,1515.3157894736844,378.8289473684211,2073.6394736842103,0.06420829616413917,0.351464317573595
3780,47.8421052631579,75.94736842105263,75.94736842105263,39.10526315789474,59.421052631578945,1004.6842105263158,1594.8947368421052,398.7236842105263,2106.686842105263,0.06758028545941124,0.35706556645851917
3781,58.26315789473684,73.63157894736842,73.63157894736842,35.94736842105263,71.89473684210526,1223.5263157894738,1546.2631578947369,386.5657894736842,2466.5605263157895,0.06551962533452275,0.4180611061552186
3782,51.78947368421053,82.89473684210526,82.89473684210526,41.36842105263158,65.26315789473684,1087.578947368421,1740.7894736842104,435.1973684210526,2284.081578947368,0.07376226583407672,0.3871324710080285
3783,48.73684210526316,88.10526315789474,88.10526315789474,44.473684210526315,56.578947368421055,1023.4736842105264,1850.2105263157896,462.5526315789474,2202.4578947368423,0.07839875111507583,0.37329794826048174
3784,54.8421052631579,76.57894736842105,76.57894736842105,38.31578947368421,71.6842105263158,1151.6842105263158,1608.157894736842,402.0394736842105,2359.9026315789474,0.06814228367528992,0.3999834968777877
3785,57.1578947368421,74.89473684210526,74.89473684210526,37.26315789473684,61.473684210526315,1200.3157894736842,1572.7894736842104,393.1973684210526,2433.7342105263156,0.0666436217662801,0.41249732381801957
3786,52.05263157894737,78.42105263157895,78.42105263157895,37.89473684210526,59.26315789473684,1093.1052631578948,1646.842105263158,411.7105263157895,2269.9894736842107,0.06978144513826941,0.38474397859054416
3787,58.05263157894737,75.57894736842105,75.57894736842105,36.05263157894737,73.47368421052632,1219.1052631578948,1587.157894736842,396.7894736842105,2469.2684210526313,0.06725245316681534,0.41852007136485275
3788,57.68421052631579,64.84210526315789,64.84210526315789,31.63157894736842,64.3157894736842,1211.3684210526314,1361.6842105263156,340.4210526315789,2399.747368421052,0.05769848349687778,0.40673684210526306
3789,55.1578947368421,83.84210526315789,83.84210526315789,41.421052631578945,66.3157894736842,1158.3157894736842,1760.6842105263156,440.1710526315789,2409.3078947368417,0.07460526315789473,0.40835727029437996
3790,54.89473684210526,77.84210526315789,77.84210526315789,39.0,63.21052631578947,1152.7894736842104,1634.6842105263156,408.6710526315789,2368.4131578947363,0.06926628010704727,0.40142595896520955
3791,52.0,76.73684210526316,76.73684210526316,38.73684210526316,59.68421052631579,1092.0,1611.4736842105265,402.8684210526316,2259.2684210526313,0.0682827832292596,0.3829268510258697
3792,50.36842105263158,74.10526315789474,74.10526315789474,38.473684210526315,55.0,1057.7368421052631,1556.2105263157896,389.0526315789474,2187.2052631578945,0.06594112399643176,0.37071275646743973
3793,51.526315789473685,76.10526315789474,76.10526315789474,37.94736842105263,62.63157894736842,1082.0526315789473,1598.2105263157896,399.5526315789474,2239.0421052631577,0.06772078501338091,0.37949866190900977
3794,55.473684210526315,83.10526315789474,83.10526315789474,41.26315789473684,67.89473684210526,1164.9473684210527,1745.2105263157896,436.3026315789474,2416.713157894737,0.07394959857270295,0.40961239964317575
3795,59.526315789473685,84.15789473684211,84.15789473684211,40.578947368421055,73.57894736842105,1250.0526315789473,1767.3157894736844,441.8289473684211,2566.9184210526314,0.07488626226583409,0.4350709188224799
3796,53.89473684210526,77.89473684210526,77.89473684210526,39.73684210526316,67.47368421052632,1131.7894736842104,1635.7894736842104,408.9473684210526,2332.98947368421,0.06931311329170384,0.395421944692239
3797,49.10526315789474,77.42105263157895,77.42105263157895,37.1578947368421,57.94736842105263,1031.2105263157896,1625.842105263158,406.4605263157895,2159.5184210526318,0.06889161462979483,0.3660200713648528
3798,52.10526315789474,70.84210526315789,70.84210526315789,36.1578947368421,58.36842105263158,1094.2105263157896,1487.6842105263156,371.9210526315789,2232.0789473684213,0.06303746654772524,0.3783184656556646
3799,52.26315789473684,78.52631578947368,78.52631578947368,38.68421052631579,57.63157894736842,1097.5263157894738,1649.0526315789473,412.2631578947368,2278.057894736842,0.06987511150758251,0.3861115075825156
3800,57.63157894736842,65.05263157894737,65.05263157894737,33.63157894736842,57.473684210526315,1210.2631578947369,1366.1052631578948,341.5263157894737,2398.9736842105262,0.05788581623550402,0.4066057091882248
3801,49.36842105263158,70.21052631578948,70.21052631578948,35.578947368421055,56.526315789473685,1036.7368421052631,1474.4210526315792,368.6052631578948,2131.057894736842,0.06247546833184658,0.3611962533452275
3802,47.1578947368421,72.57894736842105,72.57894736842105,37.8421052631579,51.68421052631579,990.3157894736842,1524.157894736842,381.0394736842105,2064.5763157894735,0.06458296164139161,0.3499281891168599
3803,43.31578947368421,78.6842105263158,78.6842105263158,38.526315789473685,55.0,909.6315789473684,1652.3684210526317,413.0921052631579,1959.4657894736843,0.07001561106155219,0.3321128456735058
3804,50.10526315789474,78.63157894736842,78.63157894736842,38.578947368421055,58.1578947368421,1052.2105263157896,1651.2631578947369,412.8157894736842,2201.5736842105266,0.06996877787689564,0.3731480820695808
3805,47.1578947368421,76.15789473684211,76.15789473684211,37.421052631578945,51.89473684210526,990.3157894736842,1599.3157894736844,399.8289473684211,2083.3657894736843,0.06776761819803748,0.3531128456735058
3806,50.473684210526315,76.3157894736842,76.3157894736842,37.89473684210526,65.6842105263158,1059.9473684210527,1602.6315789473683,400.6578947368421,2202.5684210526315,0.06790811775200713,0.37331668153434433
3807,51.89473684210526,80.10526315789474,80.10526315789474,39.473684210526315,60.0,1089.7894736842104,1682.2105263157896,420.5526315789474,2273.194736842105,0.07128010704727922,0.3852872435325602
3808,43.578947368421055,88.26315789473684,88.26315789473684,44.63157894736842,56.89473684210526,915.1578947368422,1853.5263157894735,463.3815789473684,2019.15,0.07853925066904549,0.34222881355932205
3809,56.36842105263158,80.94736842105263,80.94736842105263,38.89473684210526,68.0,1183.7368421052631,1699.8947368421052,424.9736842105263,2437.3263157894735,0.07202943800178412,0.4131061552185548
3810,50.89473684210526,77.84210526315789,77.84210526315789,39.10526315789474,64.21052631578948,1068.7894736842104,1634.6842105263156,408.6710526315789,2225.6131578947366,0.06926628010704727,0.3772225691347011
3811,50.31578947368421,71.94736842105263,71.94736842105263,36.526315789473685,54.26315789473684,1056.6315789473686,1510.8947368421052,377.7236842105263,2173.9973684210527,0.06402096342551293,0.3684741302408564
3812,48.36842105263158,72.15789473684211,72.15789473684211,35.78947368421053,58.578947368421055,1015.7368421052632,1515.3157894736844,378.8289473684211,2105.5815789473686,0.06420829616413917,0.35687823371989297
3813,51.78947368421053,70.3157894736842,70.3157894736842,35.78947368421053,54.10526315789474,1087.578947368421,1476.6315789473683,369.1578947368421,2218.0421052631577,0.06256913470115967,0.37593933987511147
3814,51.0,76.78947368421052,76.78947368421052,37.73684210526316,62.78947368421053,1071.0,1612.5789473684208,403.1447368421052,2223.8447368421052,0.06832961641391613,0.37692283675289917
3815,58.578947368421055,77.63157894736842,77.63157894736842,39.8421052631579,67.15789473684211,1230.157894736842,1630.2631578947369,407.5657894736842,2498.8342105263155,0.06907894736842106,0.42353122212310435
3816,56.05263157894737,76.15789473684211,76.15789473684211,37.94736842105263,66.47368421052632,1177.1052631578948,1599.3157894736844,399.8289473684211,2400.907894736842,0.06776761819803748,0.40693354148082067
3817,52.63157894736842,77.63157894736842,77.63157894736842,38.21052631578947,60.63157894736842,1105.2631578947369,1630.2631578947369,407.5657894736842,2286.513157894737,0.06907894736842106,0.3875446030330063
3818,57.36842105263158,80.3157894736842,80.3157894736842,39.21052631578947,68.57894736842105,1204.7368421052631,1686.6315789473683,421.6578947368421,2469.710526315789,0.07146743978590543,0.41859500446030323
3819,58.1578947368421,75.94736842105263,75.94736842105263,37.21052631578947,63.578947368421055,1221.3157894736842,1594.8947368421052,398.7236842105263,2474.960526315789,0.06758028545941124,0.4194848349687778
3820,52.0,73.57894736842105,73.57894736842105,34.8421052631579,53.63157894736842,1092.0,1545.157894736842,386.2894736842105,2242.6894736842105,0.06547279214986619,0.38011685994647637
3821,48.8421052631579,79.63157894736842,79.63157894736842,40.8421052631579,62.26315789473684,1025.6842105263158,1672.2631578947369,418.0657894736842,2161.7289473684214,0.07085860838537021,0.36639473684210533
3822,46.78947368421053,82.10526315789474,82.10526315789474,41.89473684210526,56.473684210526315,982.578947368421,1724.2105263157896,431.0526315789474,2101.436842105263,0.07305976806422837,0.3561757359500446
3823,47.31578947368421,72.10526315789474,72.10526315789474,35.05263157894737,54.0,993.6315789473684,1514.2105263157896,378.5526315789474,2067.7263157894736,0.06416146297948261,0.3504620874219447
3824,59.473684210526315,75.3157894736842,75.3157894736842,36.78947368421053,67.3157894736842,1248.9473684210527,1581.6315789473683,395.4078947368421,2518.6184210526317,0.06701828724353255,0.42688447814451386
3825,56.421052631578945,70.05263157894737,70.05263157894737,33.8421052631579,70.63157894736842,1184.842105263158,1471.1052631578948,367.7763157894737,2382.007894736842,0.0623349687778769,0.4037301516503122
3826,60.94736842105263,74.73684210526316,74.73684210526316,37.10526315789474,72.05263157894737,1279.8947368421052,1569.4736842105265,392.3684210526316,2568.1894736842105,0.06650312221231044,0.4352863514719001
3827,56.21052631578947,73.3157894736842,73.3157894736842,35.63157894736842,66.89473684210526,1180.421052631579,1539.6315789473683,384.9078947368421,2391.6236842105263,0.0652386262265834,0.4053599464763604
3828,51.68421052631579,86.36842105263158,86.36842105263158,43.10526315789474,62.526315789473685,1085.3684210526314,1813.7368421052631,453.4342105263158,2298.560526315789,0.07685325602140945,0.38958652988403203
3829,56.78947368421053,80.57894736842105,80.57894736842105,40.94736842105263,61.21052631578947,1192.578947368421,1692.157894736842,423.0394736842105,2450.423684210526,0.07170160570918822,0.4153260481712756
3830,53.21052631578947,73.26315789473684,73.26315789473684,37.1578947368421,60.526315789473685,1117.421052631579,1538.5263157894735,384.6315789473684,2284.2473684210527,0.06519179304192685,0.3871605709188225
3831,47.94736842105263,86.15789473684211,86.15789473684211,43.421052631578945,54.1578947368421,1006.8947368421052,1809.3157894736844,452.3289473684211,2164.05,0.07666592328278324,0.3667881355932204
3832,58.31578947368421,77.0,77.0,38.1578947368421,70.52631578947368,1224.6315789473686,1617.0,404.25,2486.1236842105263,0.06851694915254238,0.4213768956289028
3833,53.73684210526316,70.6842105263158,70.6842105263158,36.473684210526315,52.63157894736842,1128.4736842105262,1484.3684210526317,371.0921052631579,2289.4973684210527,0.06289696699375558,0.3880504014272971
3834,53.94736842105263,70.78947368421052,70.78947368421052,35.10526315789474,63.473684210526315,1132.8947368421052,1486.5789473684208,371.6447368421052,2297.565789473684,0.06299063336306868,0.3894179304192685
3835,53.73684210526316,66.78947368421052,66.78947368421052,32.73684210526316,57.8421052631579,1128.4736842105262,1402.5789473684208,350.6447368421052,2269.0499999999997,0.05943131132917037,0.38458474576271184
3836,46.31578947368421,85.6842105263158,85.6842105263158,43.73684210526316,61.0,972.6315789473684,1799.3684210526317,449.8421052631579,2103.315789473684,0.07624442462087422,0.35649420160570916
3837,56.473684210526315,68.89473684210526,68.89473684210526,33.21052631578947,67.6842105263158,1185.9473684210527,1446.7894736842104,361.6973684210526,2377.807894736842,0.061304638715432645,0.40301828724353256
3838,54.578947368421055,75.84210526315789,75.84210526315789,37.73684210526316,60.10526315789474,1146.157894736842,1592.6842105263156,398.1710526315789,2346.6394736842103,0.06748661909009812,0.39773550401427293
3839,53.26315789473684,79.6842105263158,79.6842105263158,40.94736842105263,58.1578947368421,1118.5263157894738,1673.3684210526317,418.3421052631579,2319.8368421052633,0.07090544157002676,0.393192685102587
3840,54.73684210526316,74.57894736842105,74.57894736842105,38.10526315789474,63.421052631578945,1149.4736842105262,1566.157894736842,391.5394736842105,2345.644736842105,0.06636262265834077,0.3975669045495093
3841,48.473684210526315,81.3157894736842,81.3157894736842,40.473684210526315,53.8421052631579,1017.9473684210526,1707.6315789473683,426.9078947368421,2157.4184210526314,0.07235727029438001,0.36566413916146295
3842,57.473684210526315,79.26315789473684,79.26315789473684,40.21052631578947,66.05263157894737,1206.9473684210527,1664.5263157894735,416.1315789473684,2467.942105263158,0.0705307760927743,0.4182952720785013
3843,59.1578947368421,74.10526315789474,74.10526315789474,37.421052631578945,72.78947368421052,1242.3157894736842,1556.2105263157896,389.0526315789474,2500.9894736842107,0.06594112399643176,0.42389652096342556
3844,52.05263157894737,81.05263157894737,81.05263157894737,41.26315789473684,61.26315789473684,1093.1052631578948,1702.1052631578948,425.5263157894737,2283.805263157895,0.07212310437109724,0.387085637823372
3845,54.21052631578947,76.57894736842105,76.57894736842105,39.05263157894737,62.26315789473684,1138.421052631579,1608.157894736842,402.0394736842105,2337.3552631578946,0.06814228367528992,0.39616190900981263
3846,52.36842105263158,75.94736842105263,75.94736842105263,37.36842105263158,61.26315789473684,1099.7368421052631,1594.8947368421052,398.7236842105263,2268.2763157894738,0.06758028545941124,0.38445361284567353
3847,48.73684210526316,87.26315789473684,87.26315789473684,44.21052631578947,63.473684210526315,1023.4736842105264,1832.5263157894735,458.1315789473684,2198.036842105263,0.07764942016057091,0.37254861730597677
3848,54.36842105263158,73.26315789473684,73.26315789473684,36.94736842105263,72.3157894736842,1141.7368421052631,1538.5263157894735,384.6315789473684,2325.5842105263155,0.06519179304192685,0.3941668153434433
3849,54.78947368421053,76.73684210526316,76.73684210526316,40.0,53.8421052631579,1150.578947368421,1611.4736842105265,402.8684210526316,2358.8526315789472,0.0682827832292596,0.39980553077609277
3850,47.526315789473685,68.0,68.0,34.1578947368421,54.526315789473685,998.0526315789474,1428.0,357.0,2053.6894736842105,0.06050847457627118,0.34808296164139163
3851,50.94736842105263,80.57894736842105,80.57894736842105,40.05263157894737,62.63157894736842,1069.8947368421052,1692.157894736842,423.0394736842105,2241.8605263157892,0.07170160570918822,0.37997636039250665
3852,54.0,74.21052631578948,74.21052631578948,37.36842105263158,62.1578947368421,1134.0,1558.4210526315792,389.6052631578948,2317.4052631578948,0.06603479036574487,0.3927805530776093
3853,55.94736842105263,76.47368421052632,76.47368421052632,36.526315789473685,63.473684210526315,1174.8947368421052,1605.9473684210527,401.4868421052632,2398.807894736842,0.0680486173059768,0.40657760927743086
3854,57.10526315789474,79.52631578947368,79.52631578947368,39.89473684210526,67.73684210526316,1199.2105263157896,1670.0526315789473,417.5131578947368,2456.171052631579,0.07076494201605708,0.41630017841213207
3855,55.526315789473685,82.21052631578948,82.21052631578948,42.31578947368421,59.36842105263158,1166.0526315789473,1726.4210526315792,431.6052631578948,2413.894736842105,0.0731534344335415,0.4091347011596788
3856,52.21052631578947,64.52631578947368,64.52631578947368,31.473684210526315,54.526315789473685,1096.421052631579,1355.0526315789473,338.7631578947368,2202.6789473684207,0.05741748438893844,0.3733354148082069
3857,52.78947368421053,92.3157894736842,92.3157894736842,46.05263157894737,59.94736842105263,1108.578947368421,1938.6315789473683,484.6578947368421,2369.242105263158,0.08214540588760036,0.4015664585191793
3858,42.68421052631579,70.73684210526316,70.73684210526316,36.26315789473684,51.526315789473685,896.3684210526316,1485.4736842105265,371.3684210526316,1895.1947368421054,0.06294380017841214,0.32121944692239074
3859,47.78947368421053,69.89473684210526,69.89473684210526,35.473684210526315,59.26315789473684,1003.578947368421,1467.7894736842104,366.9473684210526,2073.0315789473684,0.06219446922390722,0.35136128456735055
3860,58.36842105263158,76.21052631578948,76.21052631578948,38.473684210526315,64.78947368421052,1225.7368421052631,1600.4210526315792,400.1052631578948,2483.8578947368424,0.06781445138269403,0.42099286351471904
3861,58.26315789473684,69.94736842105263,69.94736842105263,34.26315789473684,65.94736842105263,1223.5263157894738,1468.8947368421052,367.2236842105263,2447.2184210526316,0.06224130240856378,0.4147827832292596
3862,47.473684210526315,69.78947368421052,69.78947368421052,36.31578947368421,58.1578947368421,996.9473684210526,1465.5789473684208,366.3947368421052,2061.2052631578945,0.0621008028545941,0.3493568242640499
3863,54.21052631578947,71.10526315789474,71.10526315789474,38.0,57.578947368421055,1138.421052631579,1493.2105263157896,373.3026315789474,2308.6184210526317,0.06327163247100803,0.3912912578055308
3864,47.05263157894737,81.89473684210526,81.89473684210526,40.8421052631579,59.1578947368421,988.1052631578948,1719.7894736842104,429.9473684210526,2109.7263157894736,0.07287243532560214,0.3575807314897413
3865,48.63157894736842,73.47368421052632,73.47368421052632,37.05263157894737,58.421052631578945,1021.2631578947368,1542.9473684210527,385.7368421052632,2121.8842105263157,0.06537912578055308,0.35964139161462977
3866,49.73684210526316,83.0,83.0,40.26315789473684,58.1578947368421,1044.4736842105262,1743.0,435.75,2211.3552631578946,0.07385593220338983,0.3748059768064228
3867,62.0,81.21052631578948,81.21052631578948,38.421052631578945,70.0,1302.0,1705.4210526315792,426.3552631578948,2639.7552631578947,0.07226360392506692,0.44741614629794824
3868,47.473684210526315,81.84210526315789,81.84210526315789,41.89473684210526,56.63157894736842,996.9473684210526,1718.6842105263156,429.6710526315789,2124.4815789473682,0.07282560214094558,0.3600816235504014
3869,47.68421052631579,75.78947368421052,75.78947368421052,37.89473684210526,54.36842105263158,1001.3684210526316,1591.5789473684208,397.8947368421052,2100.221052631579,0.06743978590544156,0.35596966993755574
3870,56.63157894736842,73.57894736842105,73.57894736842105,34.26315789473684,68.15789473684211,1189.2631578947369,1545.157894736842,386.2894736842105,2408.036842105263,0.06547279214986619,0.40814183764495987
3871,54.26315789473684,75.0,75.0,38.0,65.6842105263158,1139.5263157894738,1575.0,393.75,2330.944736842105,0.06673728813559322,0.39507537912578056
3872,50.36842105263158,67.57894736842105,67.57894736842105,34.421052631578945,53.73684210526316,1057.7368421052631,1419.157894736842,354.7894736842105,2152.942105263158,0.060133809099018734,0.36490544157002675
3873,46.63157894736842,84.0,84.0,43.36842105263158,53.31578947368421,979.2631578947368,1764.0,441.0,2105.7473684210527,0.07474576271186441,0.3569063336306869
3874,50.36842105263158,66.63157894736842,66.63157894736842,31.263157894736842,56.31578947368421,1057.7368421052631,1399.2631578947369,349.8157894736842,2147.9684210526316,0.059290811775200715,0.36406244424620876
3875,53.526315789473685,76.26315789473684,76.26315789473684,36.31578947368421,63.473684210526315,1124.0526315789473,1601.5263157894735,400.3815789473684,2311.2710526315786,0.06786128456735058,0.3917408563782337
3876,47.21052631578947,73.05263157894737,73.05263157894737,35.94736842105263,57.05263157894737,991.421052631579,1534.1052631578948,383.5263157894737,2068.942105263158,0.06500446030330062,0.3506681534344335
3877,53.8421052631579,71.94736842105263,71.94736842105263,34.578947368421055,63.94736842105263,1130.6842105263158,1510.8947368421052,377.7236842105263,2299.8868421052634,0.06402096342551293,0.38981132917038364
3878,50.78947368421053,69.3157894736842,69.3157894736842,35.73684210526316,55.1578947368421,1066.578947368421,1455.6315789473683,363.9078947368421,2177.0921052631575,0.0616793041926851,0.36899866190900976
3879,53.73684210526316,76.63157894736842,76.63157894736842,37.578947368421055,62.73684210526316,1128.4736842105262,1609.2631578947369,402.3157894736842,2320.721052631579,0.06818911685994648,0.39334255129348794
3880,54.05263157894737,65.84210526315789,65.84210526315789,31.263157894736842,65.84210526315789,1135.1052631578948,1382.6842105263156,345.6710526315789,2275.35,0.05858831400535235,0.3856525423728813
3881,54.63157894736842,76.57894736842105,76.57894736842105,37.526315789473685,66.0,1147.2631578947369,1608.157894736842,402.0394736842105,2352.386842105263,0.06814228367528992,0.39870963425512934
3882,55.63157894736842,74.0,74.0,37.21052631578947,65.78947368421052,1168.2631578947369,1554.0,388.5,2374.547368421053,0.06584745762711865,0.40246565566458525
3883,53.31578947368421,72.57894736842105,72.57894736842105,36.31578947368421,55.68421052631579,1119.6315789473686,1524.157894736842,381.0394736842105,2284.413157894737,0.06458296164139161,0.3871886708296165
3884,47.21052631578947,71.94736842105263,71.94736842105263,37.05263157894737,57.05263157894737,991.421052631579,1510.8947368421052,377.7236842105263,2063.1394736842108,0.06402096342551293,0.3496846565566459
3885,54.473684210526315,76.36842105263158,76.36842105263158,39.21052631578947,62.0,1143.9473684210527,1603.7368421052631,400.9342105263158,2345.6447368421054,0.06795495093666369,0.3975669045495094
3886,54.473684210526315,73.36842105263158,73.36842105263158,35.89473684210526,63.31578947368421,1143.9473684210527,1540.7368421052631,385.1842105263158,2329.8947368421054,0.06528545941123996,0.39489741302408565
3887,51.21052631578947,73.52631578947368,73.52631578947368,37.10526315789474,63.05263157894737,1075.421052631579,1544.0526315789473,386.0131578947368,2214.228947368421,0.06542595896520963,0.375293041926851
3888,53.0,72.73684210526316,72.73684210526316,35.26315789473684,65.26315789473684,1113.0,1527.4736842105265,381.8684210526316,2273.9684210526316,0.06472346119536129,0.3854183764495986
3889,47.68421052631579,85.42105263157895,85.42105263157895,43.473684210526315,56.578947368421055,1001.3684210526316,1793.842105263158,448.4605263157895,2150.786842105263,0.07601025869759144,0.3645401427297056
3890,48.21052631578947,71.3157894736842,71.3157894736842,37.68421052631579,53.526315789473685,1012.421052631579,1497.6315789473683,374.4078947368421,2095.523684210526,0.06345896520963425,0.35517350579839424
3891,49.10526315789474,68.0,68.0,34.526315789473685,56.26315789473684,1031.2105263157896,1428.0,357.0,2110.057894736842,0.06050847457627118,0.3576369313113292
3892,51.8421052631579,82.63157894736842,82.63157894736842,39.94736842105263,60.526315789473685,1088.6842105263158,1735.2631578947369,433.8157894736842,2284.5789473684213,0.07352809991079394,0.3872167707404104
3893,55.89473684210526,62.73684210526316,62.73684210526316,30.63157894736842,62.421052631578945,1173.7894736842104,1317.4736842105262,329.36842105263156,2324.810526315789,0.05582515611061552,0.3940356824264049
3894,44.8421052631579,76.21052631578948,76.21052631578948,39.473684210526315,53.421052631578945,941.6842105263158,1600.4210526315792,400.1052631578948,2000.9684210526316,0.06781445138269403,0.33914719000892063
3895,66.42105263157895,78.26315789473684,78.26315789473684,36.68421052631579,75.10526315789474,1394.842105263158,1643.5263157894735,410.8815789473684,2782.1131578947366,0.06964094558429973,0.4715446030330062
3896,54.36842105263158,73.6842105263158,73.6842105263158,36.31578947368421,61.526315789473685,1141.7368421052631,1547.3684210526317,386.8421052631579,2327.794736842105,0.0655664585191793,0.3945414808206958
3897,57.05263157894737,66.26315789473684,66.26315789473684,34.78947368421053,60.10526315789474,1198.1052631578948,1391.5263157894735,347.8815789473684,2384.6605263157894,0.05896297948260481,0.40417975022301517
3898,51.89473684210526,78.94736842105263,78.94736842105263,40.31578947368421,58.05263157894737,1089.7894736842104,1657.8947368421052,414.4736842105263,2267.115789473684,0.07024977698483496,0.3842569134701159
3899,48.10526315789474,74.73684210526316,74.73684210526316,37.26315789473684,53.26315789473684,1010.2105263157896,1569.4736842105265,392.3684210526316,2109.726315789474,0.06650312221231044,0.35758073148974134
3900,45.421052631578945,78.21052631578948,78.21052631578948,40.8421052631579,53.63157894736842,953.8421052631578,1642.4210526315792,410.6052631578948,2032.136842105263,0.06959411239964318,0.34442997323818014
3901,47.36842105263158,87.21052631578948,87.21052631578948,43.73684210526316,56.0,994.7368421052632,1831.4210526315792,457.8552631578948,2148.9078947368425,0.07760258697591438,0.36422167707404113
3902,45.1578947368421,78.63157894736842,78.63157894736842,41.05263157894737,59.68421052631579,948.3157894736842,1651.2631578947369,412.8157894736842,2024.9526315789471,0.06996877787689564,0.3432123104371097
3903,67.47368421052632,73.63157894736842,73.63157894736842,34.78947368421053,76.42105263157895,1416.9473684210527,1546.2631578947369,386.5657894736842,2795.3763157894737,0.06551962533452275,0.47379259589652095
3904,56.526315789473685,79.42105263157895,79.42105263157895,38.68421052631579,68.57894736842105,1187.0526315789473,1667.842105263158,416.9605263157895,2434.95,0.07067127564674398,0.41270338983050847
3905,56.05263157894737,73.42105263157895,73.42105263157895,37.21052631578947,63.0,1177.1052631578948,1541.842105263158,385.4605263157895,2386.5394736842104,0.06533229259589653,0.40449821587867973
3906,48.578947368421055,80.78947368421052,80.78947368421052,41.05263157894737,59.0,1020.1578947368422,1696.5789473684208,424.1447368421052,2158.413157894737,0.07188893844781444,0.3658327386262266
3907,55.578947368421055,75.36842105263158,75.36842105263158,36.89473684210526,57.78947368421053,1167.157894736842,1582.7368421052631,395.6842105263158,2379.8526315789472,0.06706512042818912,0.40336485280999107
3908,60.473684210526315,65.42105263157895,65.42105263157895,32.73684210526316,71.6842105263158,1269.9473684210527,1373.842105263158,343.4605263157895,2502.371052631579,0.05821364852809991,0.4241306868867083
3909,55.73684210526316,73.05263157894737,73.05263157894737,37.73684210526316,60.05263157894737,1170.4736842105262,1534.1052631578948,383.5263157894737,2373.331578947368,0.06500446030330062,0.4022595896520963
3910,59.0,81.21052631578948,81.21052631578948,40.68421052631579,73.78947368421052,1239.0,1705.4210526315792,426.3552631578948,2532.6552631578943,0.07226360392506692,0.42926360392506685
3911,52.21052631578947,72.63157894736842,72.63157894736842,36.526315789473685,50.26315789473684,1096.421052631579,1525.2631578947369,381.3157894736842,2245.2315789473682,0.06462979482604818,0.38054772524531666
3912,53.578947368421055,76.63157894736842,76.63157894736842,37.1578947368421,55.36842105263158,1125.157894736842,1609.2631578947369,402.3157894736842,2315.084210526316,0.06818911685994648,0.39238715432649424
3913,54.0,81.15789473684211,81.15789473684211,40.05263157894737,67.73684210526316,1134.0,1704.3157894736844,426.0789473684211,2353.878947368421,0.07221677074041036,0.3989625334522747
3914,42.8421052631579,85.0,85.0,43.473684210526315,53.0,899.6842105263158,1785.0,446.25,1975.713157894737,0.07563559322033898,0.33486663693131136
3915,49.10526315789474,80.84210526315789,80.84210526315789,40.89473684210526,56.0,1031.2105263157896,1697.6842105263156,424.4210526315789,2177.478947368421,0.071935771632471,0.36906422836752895
3916,50.94736842105263,69.94736842105263,69.94736842105263,34.63157894736842,61.73684210526316,1069.8947368421052,1468.8947368421052,367.2236842105263,2186.044736842105,0.06224130240856378,0.37051605709188223
3917,53.73684210526316,71.0,71.0,34.421052631578945,66.52631578947368,1128.4736842105262,1491.0,372.75,2291.1552631578943,0.06317796610169492,0.38833140053523635
3918,51.526315789473685,74.63157894736842,74.63157894736842,37.21052631578947,59.31578947368421,1082.0526315789473,1567.2631578947369,391.8157894736842,2231.3052631578944,0.06640945584299733,0.37818733273862615
3919,51.578947368421055,72.36842105263158,72.36842105263158,36.36842105263158,54.473684210526315,1083.157894736842,1519.7368421052631,379.9342105263158,2221.302631578947,0.06439562890276539,0.3764919714540588
3920,45.578947368421055,83.84210526315789,83.84210526315789,42.8421052631579,54.0,957.1578947368422,1760.6842105263156,440.1710526315789,2067.3394736842106,0.07460526315789473,0.35039652096342555
3921,55.94736842105263,65.6842105263158,65.6842105263158,33.26315789473684,73.10526315789474,1174.8947368421052,1379.3684210526317,344.8421052631579,2342.1631578947367,0.058447814451382696,0.3969768064228367
3922,49.1578947368421,78.52631578947368,78.52631578947368,39.473684210526315,55.1578947368421,1032.3157894736842,1649.0526315789473,412.2631578947368,2167.2,0.06987511150758251,0.36732203389830503
3923,47.78947368421053,78.63157894736842,78.63157894736842,41.68421052631579,47.73684210526316,1003.578947368421,1651.2631578947369,412.8157894736842,2118.9,0.06996877787689564,0.359135593220339
3924,52.36842105263158,65.47368421052632,65.47368421052632,32.21052631578947,53.526315789473685,1099.7368421052631,1374.9473684210527,343.7368421052632,2213.2894736842104,0.05826048171275647,0.3751338090990187
3925,49.526315789473685,80.05263157894737,80.05263157894737,39.68421052631579,53.68421052631579,1040.0526315789473,1681.1052631578948,420.2763157894737,2188.365789473684,0.07123327386262267,0.3709094558429973
3926,50.21052631578947,80.10526315789474,80.10526315789474,39.526315789473685,60.89473684210526,1054.421052631579,1682.2105263157896,420.5526315789474,2213.0684210526315,0.07128010704727922,0.3750963425512935
3927,45.05263157894737,84.10526315789474,84.10526315789474,43.73684210526316,54.94736842105263,946.1052631578948,1766.2105263157896,441.5526315789474,2049.9315789473685,0.07483942908117752,0.34744603033006244
3928,55.78947368421053,71.57894736842105,71.57894736842105,36.10526315789474,62.10526315789474,1171.578947368421,1503.157894736842,375.7894736842105,2367.4736842105262,0.06369313113291704,0.40126672613737735
3929,49.421052631578945,67.57894736842105,67.57894736842105,33.1578947368421,59.78947368421053,1037.842105263158,1419.157894736842,354.7894736842105,2119.121052631579,0.060133809099018734,0.35917305976806424
3930,50.10526315789474,78.94736842105263,78.94736842105263,40.0,55.36842105263158,1052.2105263157896,1657.8947368421052,414.4736842105263,2203.2315789473687,0.07024977698483496,0.3734290811775201
3931,48.63157894736842,84.6842105263158,84.6842105263158,44.05263157894737,57.78947368421053,1021.2631578947368,1778.3684210526317,444.5921052631579,2180.7394736842107,0.07535459411239964,0.36961685994647636
3932,49.94736842105263,76.73684210526316,76.73684210526316,38.94736842105263,53.31578947368421,1048.8947368421052,1611.4736842105265,402.8684210526316,2185.98947368421,0.0682827832292596,0.3705066904549509
3933,50.8421052631579,82.0,82.0,41.21052631578947,64.73684210526316,1067.6842105263158,1722.0,430.5,2245.563157894737,0.07296610169491526,0.38060392506690455
3934,51.10526315789474,77.89473684210526,77.89473684210526,40.10526315789474,58.21052631578947,1073.2105263157896,1635.7894736842104,408.9473684210526,2233.4052631578948,0.06931311329170384,0.37854326494201607
3935,50.421052631578945,74.57894736842105,74.57894736842105,36.526315789473685,62.473684210526315,1058.842105263158,1566.157894736842,391.5394736842105,2191.571052631579,0.06636262265834077,0.37145272078501335
3936,57.05263157894737,81.0,81.0,39.05263157894737,64.84210526315789,1198.1052631578948,1701.0,425.25,2462.028947368421,0.07207627118644068,0.417293041926851
3937,54.578947368421055,82.94736842105263,82.94736842105263,41.0,65.26315789473684,1146.157894736842,1741.8947368421052,435.4736842105263,2383.942105263158,0.07380909901873327,0.4040579839429081
3938,46.36842105263158,81.05263157894737,81.05263157894737,41.10526315789474,54.73684210526316,973.7368421052632,1702.1052631578948,425.5263157894737,2080.878947368421,0.07212310437109724,0.35269134701159677
3939,50.1578947368421,85.57894736842105,85.57894736842105,42.36842105263158,58.10526315789474,1053.3157894736842,1797.157894736842,449.2894736842105,2239.9263157894734,0.0761507582515611,0.37964852809991073
3940,51.526315789473685,68.73684210526316,68.73684210526316,32.78947368421053,57.78947368421053,1082.0526315789473,1443.4736842105265,360.8684210526316,2200.357894736842,0.06116413916146299,0.3729420160570919
3941,52.526315789473685,72.94736842105263,72.94736842105263,36.0,60.10526315789474,1103.0526315789473,1531.8947368421052,382.9736842105263,2258.1631578947367,0.0649107939339875,0.3827395182872435
3942,46.0,80.21052631578948,80.21052631578948,41.31578947368421,49.89473684210526,966.0,1684.4210526315792,421.1052631578948,2063.305263157895,0.07137377341659233,0.3497127564674398
3943,55.68421052631579,66.63157894736842,66.63157894736842,32.31578947368421,64.36842105263158,1169.3684210526314,1399.2631578947369,349.8157894736842,2337.7421052631576,0.059290811775200715,0.3962274754683318
3944,54.578947368421055,77.21052631578948,77.21052631578948,38.8421052631579,60.63157894736842,1146.157894736842,1621.4210526315792,405.3552631578948,2353.823684210526,0.0687042818911686,0.39895316681534343
3945,55.8421052631579,70.05263157894737,70.05263157894737,33.526315789473685,69.94736842105263,1172.6842105263158,1471.1052631578948,367.7763157894737,2361.3394736842106,0.0623349687778769,0.4002270294380018
3946,56.78947368421053,80.89473684210526,80.89473684210526,39.36842105263158,68.21052631578948,1192.578947368421,1698.7894736842104,424.6973684210526,2452.081578947368,0.07198260481712757,0.41560704727921494
3947,52.8421052631579,87.63157894736842,87.63157894736842,43.473684210526315,64.15789473684211,1109.6842105263158,1840.2631578947369,460.0657894736842,2346.528947368421,0.07797725245316682,0.39771677074041034
3948,50.578947368421055,75.05263157894737,75.05263157894737,38.63157894736842,57.1578947368421,1062.157894736842,1576.1052631578948,394.0263157894737,2199.694736842105,0.06678412132024977,0.37282961641391615
3949,50.8421052631579,84.21052631578948,84.21052631578948,40.0,54.421052631578945,1067.6842105263158,1768.4210526315792,442.1052631578948,2257.168421052632,0.07493309545049065,0.38257091882247996
3950,45.31578947368421,69.0,69.0,34.63157894736842,53.473684210526315,951.6315789473684,1449.0,362.25,1980.0236842105262,0.06139830508474576,0.33559723461195357
3951,52.21052631578947,83.10526315789474,83.10526315789474,41.94736842105263,64.89473684210526,1096.421052631579,1745.2105263157896,436.3026315789474,2300.2184210526316,0.07394959857270295,0.38986752899197147
3952,47.0,73.94736842105263,73.94736842105263,38.21052631578947,54.1578947368421,987.0,1552.8947368421052,388.2236842105263,2066.1236842105263,0.06580062444246208,0.35019045495093665
3953,46.8421052631579,83.73684210526316,83.73684210526316,42.8421052631579,54.89473684210526,983.6842105263158,1758.4736842105265,439.6184210526316,2111.8815789473683,0.07451159678858163,0.35794603033006245
3954,49.26315789473684,71.89473684210526,71.89473684210526,38.578947368421055,51.26315789473684,1034.5263157894738,1509.7894736842104,377.4473684210526,2136.142105263158,0.06397413024085637,0.36205798394290817
3955,50.0,72.57894736842105,72.57894736842105,36.578947368421055,58.94736842105263,1050.0,1524.157894736842,381.0394736842105,2166.0394736842104,0.06458296164139161,0.36712533452274754
3956,50.21052631578947,75.89473684210526,75.89473684210526,39.526315789473685,56.63157894736842,1054.421052631579,1593.7894736842104,398.4473684210526,2190.963157894737,0.06753345227475469,0.371349687778769
3957,52.63157894736842,80.26315789473684,80.26315789473684,40.10526315789474,64.36842105263158,1105.2631578947369,1685.5263157894735,421.3815789473684,2300.3289473684213,0.07142060660124888,0.3898862622658341
3958,48.36842105263158,82.63157894736842,82.63157894736842,42.31578947368421,64.94736842105263,1015.7368421052632,1735.2631578947369,433.8157894736842,2160.568421052632,0.07352809991079394,0.3661980374665478
3959,45.21052631578947,82.94736842105263,82.94736842105263,42.05263157894737,53.31578947368421,949.421052631579,1741.8947368421052,435.4736842105263,2049.4894736842107,0.07380909901873327,0.34737109723461196
3960,54.21052631578947,78.63157894736842,78.63157894736842,38.8421052631579,63.89473684210526,1138.421052631579,1651.2631578947369,412.8157894736842,2348.1315789473683,0.06996877787689564,0.3979884032114184
3961,55.473684210526315,88.10526315789474,88.10526315789474,45.526315789473685,64.21052631578948,1164.9473684210527,1850.2105263157896,462.5526315789474,2442.963157894737,0.07839875111507583,0.41406155218554863
3962,50.31578947368421,83.84210526315789,83.84210526315789,41.8421052631579,57.94736842105263,1056.6315789473686,1760.6842105263156,440.1710526315789,2236.444736842105,0.07460526315789473,0.3790584299732382
3963,52.526315789473685,76.3157894736842,76.3157894736842,39.78947368421053,65.26315789473684,1103.0526315789473,1602.6315789473683,400.6578947368421,2275.847368421052,0.06790811775200713,0.38573684210526304
3964,45.63157894736842,72.63157894736842,72.63157894736842,35.578947368421055,62.63157894736842,958.2631578947368,1525.2631578947369,381.3157894736842,2010.3631578947366,0.06462979482604818,0.34073951828724347
3965,51.94736842105263,68.94736842105263,68.94736842105263,35.0,62.526315789473685,1090.8947368421052,1447.8947368421052,361.9736842105263,2216.4947368421053,0.0613514719000892,0.3756770740410348
3966,56.578947368421055,68.73684210526316,68.73684210526316,35.21052631578947,57.578947368421055,1188.157894736842,1443.4736842105265,360.8684210526316,2380.736842105263,0.06116413916146299,0.40351471900089203
3967,58.526315789473685,73.78947368421052,73.78947368421052,36.473684210526315,64.94736842105263,1229.0526315789473,1549.5789473684208,387.3947368421052,2476.7842105263153,0.0656601248884924,0.4197939339875111
3968,57.578947368421055,76.47368421052632,76.47368421052632,36.94736842105263,68.94736842105263,1209.157894736842,1605.9473684210527,401.4868421052632,2457.055263157895,0.0680486173059768,0.41645004460303303
3969,57.473684210526315,68.84210526315789,68.84210526315789,36.0,64.10526315789474,1206.9473684210527,1445.6842105263156,361.4210526315789,2413.2315789473682,0.06125780553077609,0.4090223015165031
3970,66.3157894736842,65.6842105263158,65.6842105263158,30.57894736842105,76.47368421052632,1392.6315789473683,1379.3684210526317,344.8421052631579,2712.315789473684,0.058447814451382696,0.45971454058876005
3971,54.10526315789474,77.94736842105263,77.94736842105263,38.73684210526316,64.26315789473684,1136.2105263157896,1636.8947368421052,409.2236842105263,2340.7815789473684,0.06935994647636039,0.396742640499554
3972,48.26315789473684,74.78947368421052,74.78947368421052,37.78947368421053,53.05263157894737,1013.5263157894736,1570.5789473684208,392.6447368421052,2115.6394736842103,0.06654995539696698,0.3585829616413916
3973,51.8421052631579,67.3157894736842,67.3157894736842,33.63157894736842,55.421052631578945,1088.6842105263158,1413.6315789473683,353.4078947368421,2204.171052631579,0.05989964317573595,0.3735883140053524
3974,57.68421052631579,72.47368421052632,72.47368421052632,34.73684210526316,61.526315789473685,1211.3684210526314,1521.9473684210527,380.4868421052632,2439.813157894737,0.0644892952720785,0.41352765388046386
3975,52.26315789473684,78.47368421052632,78.47368421052632,40.0,63.63157894736842,1097.5263157894738,1647.9473684210527,411.9868421052632,2277.7815789473684,0.06982827832292596,0.3860646743978591
3976,50.473684210526315,64.42105263157895,64.42105263157895,33.21052631578947,51.63157894736842,1059.9473684210527,1352.842105263158,338.2105263157895,2140.121052631579,0.057323818019625335,0.36273238180196254
3977,50.526315789473685,71.89473684210526,71.89473684210526,35.63157894736842,61.26315789473684,1061.0526315789473,1509.7894736842104,377.4473684210526,2181.236842105263,0.06397413024085637,0.36970115967885814
3978,47.526315789473685,86.89473684210526,86.89473684210526,44.89473684210526,65.10526315789474,998.0526315789474,1824.7894736842104,456.1973684210526,2152.886842105263,0.07732158786797502,0.36489607493309545
3979,49.526315789473685,67.3157894736842,67.3157894736842,34.78947368421053,58.73684210526316,1040.0526315789473,1413.6315789473683,353.4078947368421,2121.4973684210527,0.05989964317573595,0.35957582515611064
3980,51.73684210526316,75.15789473684211,75.15789473684211,37.473684210526315,65.21052631578948,1086.4736842105262,1578.3157894736844,394.5789473684211,2241.584210526316,0.0668777876895629,0.37992952720785017
3981,54.78947368421053,71.57894736842105,71.57894736842105,36.05263157894737,62.26315789473684,1150.578947368421,1503.157894736842,375.7894736842105,2331.7736842105264,0.06369313113291704,0.3952158786797502
3982,60.73684210526316,69.36842105263158,69.36842105263158,34.89473684210526,75.94736842105263,1275.4736842105262,1456.7368421052631,364.1842105263158,2532.48947368421,0.06172613737734166,0.4292355040142729
3983,47.73684210526316,85.15789473684211,85.15789473684211,42.78947368421053,52.31578947368421,1002.4736842105264,1788.3157894736844,447.0789473684211,2151.2842105263157,0.07577609277430866,0.3646244424620874
3984,48.10526315789474,70.3157894736842,70.3157894736842,36.05263157894737,54.26315789473684,1010.2105263157896,1476.6315789473683,369.1578947368421,2086.5157894736844,0.06256913470115967,0.3536467439785906
3985,48.526315789473685,71.36842105263158,71.36842105263158,36.36842105263158,57.89473684210526,1019.0526315789474,1498.7368421052631,374.6842105263158,2107.073684210526,0.06350579839429081,0.35713113291703835
3986,48.31578947368421,84.10526315789474,84.10526315789474,41.89473684210526,59.31578947368421,1014.6315789473684,1766.2105263157896,441.5526315789474,2166.426315789474,0.07483942908117752,0.3671909009812668
3987,55.63157894736842,69.94736842105263,69.94736842105263,36.0,60.578947368421055,1168.2631578947369,1468.8947368421052,367.2236842105263,2353.271052631579,0.06224130240856378,0.39885950044603036
3988,54.10526315789474,81.63157894736842,81.63157894736842,41.526315789473685,61.8421052631579,1136.2105263157896,1714.2631578947369,428.5657894736842,2360.1236842105263,0.07263826940231936,0.40002096342551297
3989,52.526315789473685,74.0,74.0,36.78947368421053,65.3157894736842,1103.0526315789473,1554.0,388.5,2263.6894736842105,0.06584745762711865,0.3836761819803747
3990,44.89473684210526,80.36842105263158,80.36842105263158,41.05263157894737,51.21052631578947,942.7894736842104,1687.7368421052631,421.9342105263158,2024.6763157894734,0.071514272970562,0.3431654772524531
3991,53.0,93.6842105263158,93.6842105263158,45.8421052631579,58.05263157894737,1113.0,1967.3684210526317,491.8421052631579,2383.942105263158,0.08336306868867083,0.4040579839429081
3992,51.21052631578947,70.89473684210526,70.89473684210526,37.473684210526315,57.05263157894737,1075.421052631579,1488.7894736842104,372.1973684210526,2200.4131578947367,0.06308429973238179,0.37295138269402317
3993,55.578947368421055,61.10526315789474,61.10526315789474,31.05263157894737,67.52631578947368,1167.157894736842,1283.2105263157896,320.8026315789474,2304.971052631579,0.05437332738626227,0.3906730597680642
3994,59.10526315789474,74.6842105263158,74.6842105263158,37.421052631578945,70.21052631578948,1241.2105263157896,1568.3684210526317,392.0921052631579,2502.15,0.06645628902765388,0.42409322033898306
3995,51.68421052631579,76.42105263157895,76.42105263157895,38.578947368421055,64.21052631578948,1085.3684210526314,1604.842105263158,401.2105263157895,2246.336842105263,0.06800178412132026,0.38073505798394286
3996,48.73684210526316,78.84210526315789,78.84210526315789,38.26315789473684,55.68421052631579,1023.4736842105264,1655.6842105263156,413.9210526315789,2153.8263157894735,0.07015611061552185,0.3650553077609277
3997,57.10526315789474,72.3157894736842,72.3157894736842,37.05263157894737,67.73684210526316,1199.2105263157896,1518.6315789473683,379.6578947368421,2418.315789473684,0.06434879571810882,0.4098840321141838
3998,48.63157894736842,84.47368421052632,84.47368421052632,42.0,57.8421052631579,1021.2631578947368,1773.9473684210527,443.4868421052632,2179.6342105263157,0.07516726137377341,0.3694295272078501
3999,56.526315789473685,79.89473684210526,79.89473684210526,39.578947368421055,61.10526315789474,1187.0526315789473,1677.7894736842104,419.4473684210526,2437.4368421052627,0.07109277430865299,0.4131248884924174
4000,50.94736842105263,89.42105263157895,89.42105263157895,45.1578947368421,55.05263157894737,1069.8947368421052,1877.842105263158,469.4605263157895,2288.2815789473684,0.07956958073148974,0.38784433541480823
